path,bytes,class,action,reason
scratchpad/__pycache__/rollout_search.cpython-313.pyc,44039,DELETE,delete,old-pipeline dir __pycache__/
scratchpad/_an.py,1698,KEEP,keep,root instrument/config/report
scratchpad/_an2.py,3538,KEEP,keep,root instrument/config/report
scratchpad/_bb_74.md,6261,DELETE,delete,loose _* scratch (owner list)
scratchpad/_cal.sh,267,DELETE,delete,loose _* scratch (owner list)
scratchpad/_cm_prop.txt,683,DELETE,delete,loose _* scratch (owner list)
scratchpad/_cmp.py,729,KEEP,keep,root instrument/config/report
scratchpad/_commitmsg_L58a.txt,413,DELETE,delete,loose _* scratch (owner list)
scratchpad/_commitmsg_L58b.txt,1150,DELETE,delete,loose _* scratch (owner list)
scratchpad/_commitmsg_L59a.txt,1920,DELETE,delete,loose _* scratch (owner list)
scratchpad/_commitmsg_L59b.txt,281,DELETE,delete,loose _* scratch (owner list)
scratchpad/_commitmsg_rev2.txt,507,DELETE,delete,loose _* scratch (owner list)
scratchpad/_commitmsg_rev3.txt,270,DELETE,delete,loose _* scratch (owner list)
scratchpad/_drills_045.sh,561,DELETE,delete,loose _* scratch (owner list)
scratchpad/_drills_acc_icebow.sh,602,DELETE,delete,loose _* scratch (owner list)
scratchpad/_drills_after045_hogeq.txt,400,DELETE,delete,loose _* scratch (owner list)
scratchpad/_drills_after045_icebow.txt,588,DELETE,delete,loose _* scratch (owner list)
scratchpad/_drills_after065_hogeq.txt,0,DELETE,delete,loose _* scratch (owner list)
scratchpad/_drills_after065_icebow.txt,0,DELETE,delete,loose _* scratch (owner list)
scratchpad/_drills_before2_hogeq.txt,327,DELETE,delete,loose _* scratch (owner list)
scratchpad/_drills_before_hogeq.txt,0,DELETE,delete,loose _* scratch (owner list)
scratchpad/_drills_before_icebow.txt,772,DELETE,delete,loose _* scratch (owner list)
scratchpad/_drills_hogeq.sh,520,DELETE,delete,loose _* scratch (owner list)
scratchpad/_drills_wave.sh,644,DELETE,delete,loose _* scratch (owner list)
scratchpad/_h_wave.sh,1182,DELETE,delete,loose _* scratch (owner list)
scratchpad/_h_wave2.sh,999,DELETE,delete,loose _* scratch (owner list)
scratchpad/_handoff_5cs28.md,4109,DELETE,delete,loose _* scratch (owner list)
scratchpad/_hogeq_policy.pt,1935929,KEEP,keep,checkpoint: never delete weights
scratchpad/_ledger_add.md,16395,DELETE,delete,loose _* scratch (owner list)
scratchpad/_ledger_add2.md,17591,DELETE,delete,loose _* scratch (owner list)
scratchpad/_mine_half.md,32625,DELETE,delete,loose _* scratch (owner list)
scratchpad/_orig_half.md,30923,DELETE,delete,loose _* scratch (owner list)
scratchpad/_patch2.py,10708,KEEP,keep,root instrument/config/report
scratchpad/_radius_s7.md,13076,DELETE,delete,loose _* scratch (owner list)
scratchpad/_rs_policy.pt,1936305,KEEP,keep,checkpoint: never delete weights
scratchpad/_rs_prepatch.py,19349,KEEP,keep,root instrument/config/report
scratchpad/_serial.out,12,DELETE,delete,loose _* scratch (owner list)
scratchpad/_serial.sh,789,DELETE,delete,loose _* scratch (owner list)
scratchpad/_skill_26.md,1348,DELETE,delete,loose _* scratch (owner list)
scratchpad/_statsweep.txt,14297,DELETE,delete,loose _* scratch (owner list)
scratchpad/_suite_hogeq.txt,2652,DELETE,delete,loose _* scratch (owner list)
scratchpad/_suite_hogeq2.txt,2652,DELETE,delete,loose _* scratch (owner list)
scratchpad/_suite_icebow.txt,2652,DELETE,delete,loose _* scratch (owner list)
scratchpad/_suite_icebow2.txt,2652,DELETE,delete,loose _* scratch (owner list)
scratchpad/_sx_wave1.out,11,DELETE,delete,loose _* scratch (owner list)
scratchpad/_sx_wave1.sh,905,DELETE,delete,loose _* scratch (owner list)
scratchpad/_sx_wave2.out,11,DELETE,delete,loose _* scratch (owner list)
scratchpad/_sx_wave2.sh,996,DELETE,delete,loose _* scratch (owner list)
scratchpad/_sx_wave3.out,11,DELETE,delete,loose _* scratch (owner list)
scratchpad/_sx_wave3.sh,709,DELETE,delete,loose _* scratch (owner list)
scratchpad/_sx_wave4.out,11,DELETE,delete,loose _* scratch (owner list)
scratchpad/_sx_wave4.sh,756,DELETE,delete,loose _* scratch (owner list)
scratchpad/_v_wave1.sh,377,DELETE,delete,loose _* scratch (owner list)
scratchpad/_v_wave2.sh,327,DELETE,delete,loose _* scratch (owner list)
scratchpad/_v_wave3.sh,334,DELETE,delete,loose _* scratch (owner list)
scratchpad/_v_wave4.sh,503,DELETE,delete,loose _* scratch (owner list)
scratchpad/_v_wave5.sh,328,DELETE,delete,loose _* scratch (owner list)
scratchpad/_wait.sh,316,DELETE,delete,loose _* scratch (owner list)
scratchpad/_wave1.out,98,DELETE,delete,loose _* scratch (owner list)
scratchpad/_wave1.sh,608,DELETE,delete,loose _* scratch (owner list)
scratchpad/_wave2.out,98,DELETE,delete,loose _* scratch (owner list)
scratchpad/_wave2.sh,755,DELETE,delete,loose _* scratch (owner list)
scratchpad/_wave3a.out,58,DELETE,delete,loose _* scratch (owner list)
scratchpad/_wave3a.sh,545,DELETE,delete,loose _* scratch (owner list)
scratchpad/_wave4.out,49,DELETE,delete,loose _* scratch (owner list)
scratchpad/_wave4.sh,529,DELETE,delete,loose _* scratch (owner list)
scratchpad/_wave5.out,40,DELETE,delete,loose _* scratch (owner list)
scratchpad/_wave5.sh,430,DELETE,delete,loose _* scratch (owner list)
scratchpad/_wave6.out,5,DELETE,delete,loose _* scratch (owner list)
scratchpad/ab/c0.0_s41.log,158700,DELETE,delete,ab/ old A/B or sweep bulk (its .pt kept)
scratchpad/ab/c0.0_s41.pt,1935785,KEEP,keep,checkpoint: never delete weights
scratchpad/ab/c0.0_s42.log,152551,DELETE,delete,ab/ old A/B or sweep bulk (its .pt kept)
scratchpad/ab/c0.0_s42.pt,1935785,KEEP,keep,checkpoint: never delete weights
scratchpad/ab/c0.0_s43.log,153983,DELETE,delete,ab/ old A/B or sweep bulk (its .pt kept)
scratchpad/ab/c0.0_s43.pt,1935785,KEEP,keep,checkpoint: never delete weights
scratchpad/ab/c0.5_s41.log,155713,DELETE,delete,ab/ old A/B or sweep bulk (its .pt kept)
scratchpad/ab/c0.5_s41.pt,1935785,KEEP,keep,checkpoint: never delete weights
scratchpad/ab/c0.5_s42.log,160146,DELETE,delete,ab/ old A/B or sweep bulk (its .pt kept)
scratchpad/ab/c0.5_s42.pt,1935785,KEEP,keep,checkpoint: never delete weights
scratchpad/ab/c0.5_s43.log,149047,DELETE,delete,ab/ old A/B or sweep bulk (its .pt kept)
scratchpad/ab/c0.5_s43.pt,1935785,KEEP,keep,checkpoint: never delete weights
scratchpad/ab/c2.0_s41.log,152286,DELETE,delete,ab/ old A/B or sweep bulk (its .pt kept)
scratchpad/ab/c2.0_s41.pt,1935785,KEEP,keep,checkpoint: never delete weights
scratchpad/ab/c2.0_s42.log,152409,DELETE,delete,ab/ old A/B or sweep bulk (its .pt kept)
scratchpad/ab/c2.0_s42.pt,1935785,KEEP,keep,checkpoint: never delete weights
scratchpad/ab/c2.0_s43.log,157469,DELETE,delete,ab/ old A/B or sweep bulk (its .pt kept)
scratchpad/ab/c2.0_s43.pt,1935785,KEEP,keep,checkpoint: never delete weights
scratchpad/ab/eval_c0.0_s41.log,335,DELETE,delete,ab/ old A/B or sweep bulk (its .pt kept)
scratchpad/ab/eval_c0.0_s42.log,335,DELETE,delete,ab/ old A/B or sweep bulk (its .pt kept)
scratchpad/ab/eval_c0.0_s43.log,334,DELETE,delete,ab/ old A/B or sweep bulk (its .pt kept)
scratchpad/ab/eval_c0.5_s41.log,334,DELETE,delete,ab/ old A/B or sweep bulk (its .pt kept)
scratchpad/ab/eval_c0.5_s42.log,335,DELETE,delete,ab/ old A/B or sweep bulk (its .pt kept)
scratchpad/ab/eval_c0.5_s43.log,334,DELETE,delete,ab/ old A/B or sweep bulk (its .pt kept)
scratchpad/ab/eval_c2.0_s41.log,335,DELETE,delete,ab/ old A/B or sweep bulk (its .pt kept)
scratchpad/ab/eval_c2.0_s42.log,335,DELETE,delete,ab/ old A/B or sweep bulk (its .pt kept)
scratchpad/ab/eval_c2.0_s43.log,334,DELETE,delete,ab/ old A/B or sweep bulk (its .pt kept)
scratchpad/ab2/c0.0_s41.log,156492,DELETE,delete,ab2/ old A/B or sweep bulk (its .pt kept)
scratchpad/ab2/c0.0_s41.pt,1935785,KEEP,keep,checkpoint: never delete weights
scratchpad/ab2/c0.0_s42.log,149266,DELETE,delete,ab2/ old A/B or sweep bulk (its .pt kept)
scratchpad/ab2/c0.0_s42.pt,1935785,KEEP,keep,checkpoint: never delete weights
scratchpad/ab2/c0.0_s43.log,147681,DELETE,delete,ab2/ old A/B or sweep bulk (its .pt kept)
scratchpad/ab2/c0.0_s43.pt,1935785,KEEP,keep,checkpoint: never delete weights
scratchpad/ab2/c0.5_s41.log,153148,DELETE,delete,ab2/ old A/B or sweep bulk (its .pt kept)
scratchpad/ab2/c0.5_s41.pt,1935785,KEEP,keep,checkpoint: never delete weights
scratchpad/ab2/c0.5_s42.log,145374,DELETE,delete,ab2/ old A/B or sweep bulk (its .pt kept)
scratchpad/ab2/c0.5_s42.pt,1935785,KEEP,keep,checkpoint: never delete weights
scratchpad/ab2/c0.5_s43.log,154235,DELETE,delete,ab2/ old A/B or sweep bulk (its .pt kept)
scratchpad/ab2/c0.5_s43.pt,1935785,KEEP,keep,checkpoint: never delete weights
scratchpad/ab2/c2.0_s41.log,152793,DELETE,delete,ab2/ old A/B or sweep bulk (its .pt kept)
scratchpad/ab2/c2.0_s41.pt,1935785,KEEP,keep,checkpoint: never delete weights
scratchpad/ab2/c2.0_s42.log,154902,DELETE,delete,ab2/ old A/B or sweep bulk (its .pt kept)
scratchpad/ab2/c2.0_s42.pt,1935785,KEEP,keep,checkpoint: never delete weights
scratchpad/ab2/c2.0_s43.log,153699,DELETE,delete,ab2/ old A/B or sweep bulk (its .pt kept)
scratchpad/ab2/c2.0_s43.pt,1935785,KEEP,keep,checkpoint: never delete weights
scratchpad/ab2/eval_c0.0_s41.log,335,DELETE,delete,ab2/ old A/B or sweep bulk (its .pt kept)
scratchpad/ab2/eval_c0.0_s42.log,386,DELETE,delete,ab2/ old A/B or sweep bulk (its .pt kept)
scratchpad/ab2/eval_c0.0_s43.log,387,DELETE,delete,ab2/ old A/B or sweep bulk (its .pt kept)
scratchpad/ab2/eval_c0.5_s41.log,336,DELETE,delete,ab2/ old A/B or sweep bulk (its .pt kept)
scratchpad/ab2/eval_c0.5_s42.log,336,DELETE,delete,ab2/ old A/B or sweep bulk (its .pt kept)
scratchpad/ab2/eval_c0.5_s43.log,335,DELETE,delete,ab2/ old A/B or sweep bulk (its .pt kept)
scratchpad/ab2/eval_c2.0_s41.log,385,DELETE,delete,ab2/ old A/B or sweep bulk (its .pt kept)
scratchpad/ab2/eval_c2.0_s42.log,335,DELETE,delete,ab2/ old A/B or sweep bulk (its .pt kept)
scratchpad/ab2/eval_c2.0_s43.log,337,DELETE,delete,ab2/ old A/B or sweep bulk (its .pt kept)
scratchpad/acc2_hogeq_045.txt,303,DELETE,delete,root loop bulk (L1-L61 result/log/corpus)
scratchpad/acc2_icebow_045.txt,301,DELETE,delete,root loop bulk (L1-L61 result/log/corpus)
scratchpad/acc3_hogeq_045.txt,302,DELETE,delete,root loop bulk (L1-L61 result/log/corpus)
scratchpad/acc3_icebow_045.txt,300,DELETE,delete,root loop bulk (L1-L61 result/log/corpus)
scratchpad/acc_icebow_045.txt,348,DELETE,delete,root loop bulk (L1-L61 result/log/corpus)
scratchpad/acc_icebow_off.txt,348,DELETE,delete,root loop bulk (L1-L61 result/log/corpus)
scratchpad/adv/a_s41.log,30256,DELETE,delete,adv/ old A/B or sweep bulk (its .pt kept)
scratchpad/adv/a_s41.pt,1934263,KEEP,keep,checkpoint: never delete weights
scratchpad/adv/a_s42.log,29886,DELETE,delete,adv/ old A/B or sweep bulk (its .pt kept)
scratchpad/adv/a_s42.pt,1934263,KEEP,keep,checkpoint: never delete weights
scratchpad/adv/a_s43.log,7486,DELETE,delete,adv/ old A/B or sweep bulk (its .pt kept)
scratchpad/adv/a_s43.pt,1934263,KEEP,keep,checkpoint: never delete weights
scratchpad/adv/aff_s41.log,37753,DELETE,delete,adv/ old A/B or sweep bulk (its .pt kept)
scratchpad/adv/aff_s41.pt,1935171,KEEP,keep,checkpoint: never delete weights
scratchpad/adv/aff_s42.log,36016,DELETE,delete,adv/ old A/B or sweep bulk (its .pt kept)
scratchpad/adv/aff_s42.pt,1935171,KEEP,keep,checkpoint: never delete weights
scratchpad/adv/aff_s43.log,35191,DELETE,delete,adv/ old A/B or sweep bulk (its .pt kept)
scratchpad/adv/aff_s43.pt,1935171,KEEP,keep,checkpoint: never delete weights
scratchpad/adv/bvg_s41.log,47564,DELETE,delete,adv/ old A/B or sweep bulk (its .pt kept)
scratchpad/adv/bvg_s41.pt,1935171,KEEP,keep,checkpoint: never delete weights
scratchpad/adv/bvg_s42.log,49719,DELETE,delete,adv/ old A/B or sweep bulk (its .pt kept)
scratchpad/adv/bvg_s42.pt,1935171,KEEP,keep,checkpoint: never delete weights
scratchpad/adv/bvg_s43.log,52088,DELETE,delete,adv/ old A/B or sweep bulk (its .pt kept)
scratchpad/adv/bvg_s43.pt,1935171,KEEP,keep,checkpoint: never delete weights
scratchpad/adv/smoke.pt,1934263,KEEP,keep,checkpoint: never delete weights
scratchpad/adv/tr2_s41.log,20524,DELETE,delete,adv/ old A/B or sweep bulk (its .pt kept)
scratchpad/adv/tr2_s41.pt,1935171,KEEP,keep,checkpoint: never delete weights
scratchpad/adv/tr2_s42.log,20417,DELETE,delete,adv/ old A/B or sweep bulk (its .pt kept)
scratchpad/adv/tr2_s42.pt,1935171,KEEP,keep,checkpoint: never delete weights
scratchpad/adv/tr2_s43.log,20615,DELETE,delete,adv/ old A/B or sweep bulk (its .pt kept)
scratchpad/adv/tr2_s43.pt,1935171,KEEP,keep,checkpoint: never delete weights
scratchpad/adv/trained_s41.log,13395,DELETE,delete,adv/ old A/B or sweep bulk (its .pt kept)
scratchpad/adv/trained_s42.log,12978,DELETE,delete,adv/ old A/B or sweep bulk (its .pt kept)
scratchpad/adv/trained_s43.log,13520,DELETE,delete,adv/ old A/B or sweep bulk (its .pt kept)
scratchpad/agreement.log,811,DELETE,delete,root loop bulk (L1-L61 result/log/corpus)
scratchpad/bb/audio.wav,17380494,DELETE,delete,bb/ old A/B or sweep bulk (its .pt kept)
scratchpad/bb/frames/f001.png,173085,DELETE,delete,bb/ old A/B or sweep bulk (its .pt kept)
scratchpad/bb/frames/f002.png,195654,DELETE,delete,bb/ old A/B or sweep bulk (its .pt kept)
scratchpad/bb/frames/f003.png,219872,DELETE,delete,bb/ old A/B or sweep bulk (its .pt kept)
scratchpad/bb/frames/f004.png,202674,DELETE,delete,bb/ old A/B or sweep bulk (its .pt kept)
scratchpad/bb/frames/f005.png,192005,DELETE,delete,bb/ old A/B or sweep bulk (its .pt kept)
scratchpad/bb/frames/f006.png,41323,DELETE,delete,bb/ old A/B or sweep bulk (its .pt kept)
scratchpad/bb/frames/f007.png,207738,DELETE,delete,bb/ old A/B or sweep bulk (its .pt kept)
scratchpad/bb/frames/f008.png,217177,DELETE,delete,bb/ old A/B or sweep bulk (its .pt kept)
scratchpad/bb/frames/f009.png,210615,DELETE,delete,bb/ old A/B or sweep bulk (its .pt kept)
scratchpad/bb/frames/f010.png,258625,DELETE,delete,bb/ old A/B or sweep bulk (its .pt kept)
scratchpad/bb/frames/f011.png,42835,DELETE,delete,bb/ old A/B or sweep bulk (its .pt kept)
scratchpad/bb/frames/f012.png,214269,DELETE,delete,bb/ old A/B or sweep bulk (its .pt kept)
scratchpad/bb/frames/f013.png,205384,DELETE,delete,bb/ old A/B or sweep bulk (its .pt kept)
scratchpad/bb/frames/f014.png,211664,DELETE,delete,bb/ old A/B or sweep bulk (its .pt kept)
scratchpad/bb/frames/f015.png,272500,DELETE,delete,bb/ old A/B or sweep bulk (its .pt kept)
scratchpad/bb/frames/f016.png,279662,DELETE,delete,bb/ old A/B or sweep bulk (its .pt kept)
scratchpad/bb/frames/f017.png,269101,DELETE,delete,bb/ old A/B or sweep bulk (its .pt kept)
scratchpad/bb/frames/f018.png,264011,DELETE,delete,bb/ old A/B or sweep bulk (its .pt kept)
scratchpad/bb/frames/f019.png,247195,DELETE,delete,bb/ old A/B or sweep bulk (its .pt kept)
scratchpad/bb/frames/f020.png,227818,DELETE,delete,bb/ old A/B or sweep bulk (its .pt kept)
scratchpad/bb/frames/f021.png,254064,DELETE,delete,bb/ old A/B or sweep bulk (its .pt kept)
scratchpad/bb/frames/f022.png,255788,DELETE,delete,bb/ old A/B or sweep bulk (its .pt kept)
scratchpad/bb/frames/f023.png,287197,DELETE,delete,bb/ old A/B or sweep bulk (its .pt kept)
scratchpad/bb/frames/f024.png,255117,DELETE,delete,bb/ old A/B or sweep bulk (its .pt kept)
scratchpad/bb/frames/f025.png,267681,DELETE,delete,bb/ old A/B or sweep bulk (its .pt kept)
scratchpad/bb/frames/f026.png,287332,DELETE,delete,bb/ old A/B or sweep bulk (its .pt kept)
scratchpad/bb/frames/f027.png,273629,DELETE,delete,bb/ old A/B or sweep bulk (its .pt kept)
scratchpad/bb/frames/f028.png,192077,DELETE,delete,bb/ old A/B or sweep bulk (its .pt kept)
scratchpad/bb/frames/f029.png,240234,DELETE,delete,bb/ old A/B or sweep bulk (its .pt kept)
scratchpad/bb/frames/f030.png,264271,DELETE,delete,bb/ old A/B or sweep bulk (its .pt kept)
scratchpad/bb/frames/f031.png,293590,DELETE,delete,bb/ old A/B or sweep bulk (its .pt kept)
scratchpad/bb/frames/f032.png,212701,DELETE,delete,bb/ old A/B or sweep bulk (its .pt kept)
scratchpad/bb/frames/f033.png,205508,DELETE,delete,bb/ old A/B or sweep bulk (its .pt kept)
scratchpad/bb/frames/f034.png,208461,DELETE,delete,bb/ old A/B or sweep bulk (its .pt kept)
scratchpad/bb/frames/f035.png,266160,DELETE,delete,bb/ old A/B or sweep bulk (its .pt kept)
scratchpad/bb/frames/f036.png,278163,DELETE,delete,bb/ old A/B or sweep bulk (its .pt kept)
scratchpad/bb/frames/f037.png,283705,DELETE,delete,bb/ old A/B or sweep bulk (its .pt kept)
scratchpad/bb/frames/f038.png,214320,DELETE,delete,bb/ old A/B or sweep bulk (its .pt kept)
scratchpad/bb/frames/f039.png,265927,DELETE,delete,bb/ old A/B or sweep bulk (its .pt kept)
scratchpad/bb/frames/f040.png,258806,DELETE,delete,bb/ old A/B or sweep bulk (its .pt kept)
scratchpad/bb/frames/f041.png,214346,DELETE,delete,bb/ old A/B or sweep bulk (its .pt kept)
scratchpad/bb/frames/f042.png,216591,DELETE,delete,bb/ old A/B or sweep bulk (its .pt kept)
scratchpad/bb/frames/f043.png,263200,DELETE,delete,bb/ old A/B or sweep bulk (its .pt kept)
scratchpad/bb/frames/f044.png,260766,DELETE,delete,bb/ old A/B or sweep bulk (its .pt kept)
scratchpad/bb/frames/f045.png,267194,DELETE,delete,bb/ old A/B or sweep bulk (its .pt kept)
scratchpad/bb/frames/f046.png,261297,DELETE,delete,bb/ old A/B or sweep bulk (its .pt kept)
scratchpad/bb/frames/f047.png,274262,DELETE,delete,bb/ old A/B or sweep bulk (its .pt kept)
scratchpad/bb/frames/f048.png,303371,DELETE,delete,bb/ old A/B or sweep bulk (its .pt kept)
scratchpad/bb/frames/f049.png,268697,DELETE,delete,bb/ old A/B or sweep bulk (its .pt kept)
scratchpad/bb/frames/f050.png,276778,DELETE,delete,bb/ old A/B or sweep bulk (its .pt kept)
scratchpad/bb/frames/f051.png,265747,DELETE,delete,bb/ old A/B or sweep bulk (its .pt kept)
scratchpad/bb/frames/f052.png,199864,DELETE,delete,bb/ old A/B or sweep bulk (its .pt kept)
scratchpad/bb/frames/f053.png,243415,DELETE,delete,bb/ old A/B or sweep bulk (its .pt kept)
scratchpad/bb/frames/f054.png,241998,DELETE,delete,bb/ old A/B or sweep bulk (its .pt kept)
scratchpad/bb/frames/f055.png,235571,DELETE,delete,bb/ old A/B or sweep bulk (its .pt kept)
scratchpad/bb/frames/f056.png,254811,DELETE,delete,bb/ old A/B or sweep bulk (its .pt kept)
scratchpad/bb/frames/f057.png,217780,DELETE,delete,bb/ old A/B or sweep bulk (its .pt kept)
scratchpad/bb/frames/f058.png,249186,DELETE,delete,bb/ old A/B or sweep bulk (its .pt kept)
scratchpad/bb/frames/f059.png,278653,DELETE,delete,bb/ old A/B or sweep bulk (its .pt kept)
scratchpad/bb/frames/f060.png,275463,DELETE,delete,bb/ old A/B or sweep bulk (its .pt kept)
scratchpad/bb/frames/f061.png,281947,DELETE,delete,bb/ old A/B or sweep bulk (its .pt kept)
scratchpad/bb/frames/f062.png,284453,DELETE,delete,bb/ old A/B or sweep bulk (its .pt kept)
scratchpad/bb/frames/f063.png,170965,DELETE,delete,bb/ old A/B or sweep bulk (its .pt kept)
scratchpad/bb/frames/f064.png,210897,DELETE,delete,bb/ old A/B or sweep bulk (its .pt kept)
scratchpad/bb/frames/f065.png,270879,DELETE,delete,bb/ old A/B or sweep bulk (its .pt kept)
scratchpad/bb/frames/f066.png,235859,DELETE,delete,bb/ old A/B or sweep bulk (its .pt kept)
scratchpad/bb/frames/f067.png,258745,DELETE,delete,bb/ old A/B or sweep bulk (its .pt kept)
scratchpad/bb/frames/f068.png,251785,DELETE,delete,bb/ old A/B or sweep bulk (its .pt kept)
scratchpad/bb/frames/f069.png,248997,DELETE,delete,bb/ old A/B or sweep bulk (its .pt kept)
scratchpad/bb/frames/f070.png,236432,DELETE,delete,bb/ old A/B or sweep bulk (its .pt kept)
scratchpad/bb/frames/f071.png,247376,DELETE,delete,bb/ old A/B or sweep bulk (its .pt kept)
scratchpad/bb/frames/f072.png,264909,DELETE,delete,bb/ old A/B or sweep bulk (its .pt kept)
scratchpad/bb/frames/f073.png,260386,DELETE,delete,bb/ old A/B or sweep bulk (its .pt kept)
scratchpad/bb/frames/f074.png,257354,DELETE,delete,bb/ old A/B or sweep bulk (its .pt kept)
scratchpad/bb/frames/f075.png,232770,DELETE,delete,bb/ old A/B or sweep bulk (its .pt kept)
scratchpad/bb/frames/f076.png,245281,DELETE,delete,bb/ old A/B or sweep bulk (its .pt kept)
scratchpad/bb/frames/f077.png,238958,DELETE,delete,bb/ old A/B or sweep bulk (its .pt kept)
scratchpad/bb/frames/f078.png,47980,DELETE,delete,bb/ old A/B or sweep bulk (its .pt kept)
scratchpad/bb/frames/f079.png,49599,DELETE,delete,bb/ old A/B or sweep bulk (its .pt kept)
scratchpad/bb/frames/f080.png,73263,DELETE,delete,bb/ old A/B or sweep bulk (its .pt kept)
scratchpad/bb/frames/f081.png,269465,DELETE,delete,bb/ old A/B or sweep bulk (its .pt kept)
scratchpad/bb/frames/f082.png,252569,DELETE,delete,bb/ old A/B or sweep bulk (its .pt kept)
scratchpad/bb/frames/f083.png,269488,DELETE,delete,bb/ old A/B or sweep bulk (its .pt kept)
scratchpad/bb/frames/f084.png,205735,DELETE,delete,bb/ old A/B or sweep bulk (its .pt kept)
scratchpad/bb/frames/f085.png,279465,DELETE,delete,bb/ old A/B or sweep bulk (its .pt kept)
scratchpad/bb/frames/f086.png,251306,DELETE,delete,bb/ old A/B or sweep bulk (its .pt kept)
scratchpad/bb/frames/f087.png,209070,DELETE,delete,bb/ old A/B or sweep bulk (its .pt kept)
scratchpad/bb/frames/f088.png,292398,DELETE,delete,bb/ old A/B or sweep bulk (its .pt kept)
scratchpad/bb/frames/f089.png,295520,DELETE,delete,bb/ old A/B or sweep bulk (its .pt kept)
scratchpad/bb/frames/f090.png,302890,DELETE,delete,bb/ old A/B or sweep bulk (its .pt kept)
scratchpad/bb/frames/f091.png,292955,DELETE,delete,bb/ old A/B or sweep bulk (its .pt kept)
scratchpad/bb/frames/f092.png,264711,DELETE,delete,bb/ old A/B or sweep bulk (its .pt kept)
scratchpad/bb/frames/f093.png,276013,DELETE,delete,bb/ old A/B or sweep bulk (its .pt kept)
scratchpad/bb/frames/f094.png,272394,DELETE,delete,bb/ old A/B or sweep bulk (its .pt kept)
scratchpad/bb/frames/f095.png,289809,DELETE,delete,bb/ old A/B or sweep bulk (its .pt kept)
scratchpad/bb/frames/f096.png,280883,DELETE,delete,bb/ old A/B or sweep bulk (its .pt kept)
scratchpad/bb/frames/f097.png,287632,DELETE,delete,bb/ old A/B or sweep bulk (its .pt kept)
scratchpad/bb/frames/f098.png,228897,DELETE,delete,bb/ old A/B or sweep bulk (its .pt kept)
scratchpad/bb/frames/f099.png,213246,DELETE,delete,bb/ old A/B or sweep bulk (its .pt kept)
scratchpad/bb/frames/f100.png,222702,DELETE,delete,bb/ old A/B or sweep bulk (its .pt kept)
scratchpad/bb/frames/f101.png,284278,DELETE,delete,bb/ old A/B or sweep bulk (its .pt kept)
scratchpad/bb/frames/f102.png,265688,DELETE,delete,bb/ old A/B or sweep bulk (its .pt kept)
scratchpad/bb/frames/f103.png,289724,DELETE,delete,bb/ old A/B or sweep bulk (its .pt kept)
scratchpad/bb/frames/f104.png,278238,DELETE,delete,bb/ old A/B or sweep bulk (its .pt kept)
scratchpad/bb/frames/f105.png,302163,DELETE,delete,bb/ old A/B or sweep bulk (its .pt kept)
scratchpad/bb/frames/f106.png,289733,DELETE,delete,bb/ old A/B or sweep bulk (its .pt kept)
scratchpad/bb/frames/f107.png,214576,DELETE,delete,bb/ old A/B or sweep bulk (its .pt kept)
scratchpad/bb/frames/f108.png,206136,DELETE,delete,bb/ old A/B or sweep bulk (its .pt kept)
scratchpad/bb/frames/f109.png,212903,DELETE,delete,bb/ old A/B or sweep bulk (its .pt kept)
scratchpad/bb/frames/f110.png,269366,DELETE,delete,bb/ old A/B or sweep bulk (its .pt kept)
scratchpad/bb/frames/f111.png,265253,DELETE,delete,bb/ old A/B or sweep bulk (its .pt kept)
scratchpad/bb/frames/f112.png,257123,DELETE,delete,bb/ old A/B or sweep bulk (its .pt kept)
scratchpad/bb/frames/f113.png,231071,DELETE,delete,bb/ old A/B or sweep bulk (its .pt kept)
scratchpad/bb/frames/f114.png,228074,DELETE,delete,bb/ old A/B or sweep bulk (its .pt kept)
scratchpad/bb/frames/f115.png,263594,DELETE,delete,bb/ old A/B or sweep bulk (its .pt kept)
scratchpad/bb/frames/f116.png,230235,DELETE,delete,bb/ old A/B or sweep bulk (its .pt kept)
scratchpad/bb/frames/f117.png,261817,DELETE,delete,bb/ old A/B or sweep bulk (its .pt kept)
scratchpad/bb/frames/f118.png,134519,DELETE,delete,bb/ old A/B or sweep bulk (its .pt kept)
scratchpad/bb/frames/f119.png,240392,DELETE,delete,bb/ old A/B or sweep bulk (its .pt kept)
scratchpad/bb/frames/f120.png,288807,DELETE,delete,bb/ old A/B or sweep bulk (its .pt kept)
scratchpad/bb/frames/f121.png,202854,DELETE,delete,bb/ old A/B or sweep bulk (its .pt kept)
scratchpad/bb/frames/f122.png,196848,DELETE,delete,bb/ old A/B or sweep bulk (its .pt kept)
scratchpad/bb/frames/f123.png,253521,DELETE,delete,bb/ old A/B or sweep bulk (its .pt kept)
scratchpad/bb/frames/f124.png,252870,DELETE,delete,bb/ old A/B or sweep bulk (its .pt kept)
scratchpad/bb/frames/f125.png,216967,DELETE,delete,bb/ old A/B or sweep bulk (its .pt kept)
scratchpad/bb/frames/f126.png,266087,DELETE,delete,bb/ old A/B or sweep bulk (its .pt kept)
scratchpad/bb/frames/f127.png,283527,DELETE,delete,bb/ old A/B or sweep bulk (its .pt kept)
scratchpad/bb/frames/f128.png,288353,DELETE,delete,bb/ old A/B or sweep bulk (its .pt kept)
scratchpad/bb/frames/f129.png,273381,DELETE,delete,bb/ old A/B or sweep bulk (its .pt kept)
scratchpad/bb/frames/f130.png,299598,DELETE,delete,bb/ old A/B or sweep bulk (its .pt kept)
scratchpad/bb/frames/f131.png,28819,DELETE,delete,bb/ old A/B or sweep bulk (its .pt kept)
scratchpad/bb/frames/f132.png,36379,DELETE,delete,bb/ old A/B or sweep bulk (its .pt kept)
scratchpad/bb/frames/f133.png,46410,DELETE,delete,bb/ old A/B or sweep bulk (its .pt kept)
scratchpad/bb/frames/f134.png,46019,DELETE,delete,bb/ old A/B or sweep bulk (its .pt kept)
scratchpad/bb/frames/f135.png,45600,DELETE,delete,bb/ old A/B or sweep bulk (its .pt kept)
scratchpad/bb/frames/f136.png,46238,DELETE,delete,bb/ old A/B or sweep bulk (its .pt kept)
scratchpad/bb/sheet00.png,3383465,DELETE,delete,bb/ old A/B or sweep bulk (its .pt kept)
scratchpad/bb/sheet01.png,4415309,DELETE,delete,bb/ old A/B or sweep bulk (its .pt kept)
scratchpad/bb/sheet02.png,4443328,DELETE,delete,bb/ old A/B or sweep bulk (its .pt kept)
scratchpad/bb/sheet03.png,4514343,DELETE,delete,bb/ old A/B or sweep bulk (its .pt kept)
scratchpad/bb/sheet04.png,4464403,DELETE,delete,bb/ old A/B or sweep bulk (its .pt kept)
scratchpad/bb/sheet05.png,4411383,DELETE,delete,bb/ old A/B or sweep bulk (its .pt kept)
scratchpad/bb/sheet06.png,3571541,DELETE,delete,bb/ old A/B or sweep bulk (its .pt kept)
scratchpad/bb/sheet07.png,4780467,DELETE,delete,bb/ old A/B or sweep bulk (its .pt kept)
scratchpad/bb/sheet08.png,4559129,DELETE,delete,bb/ old A/B or sweep bulk (its .pt kept)
scratchpad/bb/sheet09.png,4266161,DELETE,delete,bb/ old A/B or sweep bulk (its .pt kept)
scratchpad/bb/sheet10.png,3843014,DELETE,delete,bb/ old A/B or sweep bulk (its .pt kept)
scratchpad/bb/sheet11.png,256527,DELETE,delete,bb/ old A/B or sweep bulk (its .pt kept)
scratchpad/bb/stt.ps1,955,KEEP,keep,bb/ config/instrument kept with its .pt
scratchpad/bb/transcript.txt,9511,DELETE,delete,bb/ old A/B or sweep bulk (its .pt kept)
scratchpad/c1.pt,1933957,KEEP,keep,checkpoint: never delete weights
scratchpad/c2.pt,1933957,KEEP,keep,checkpoint: never delete weights
scratchpad/ceiling/base.json,18904,DELETE,delete,old-pipeline dir ceiling/
scratchpad/ceiling/base.log,253,DELETE,delete,old-pipeline dir ceiling/
scratchpad/ceiling/clean.json,17975,DELETE,delete,old-pipeline dir ceiling/
scratchpad/ceiling/clean.log,273,DELETE,delete,old-pipeline dir ceiling/
scratchpad/ceiling/live_new.json,19957,DELETE,delete,old-pipeline dir ceiling/
scratchpad/ceiling/live_new.log,288,DELETE,delete,old-pipeline dir ceiling/
scratchpad/ceiling/live_old.json,19270,DELETE,delete,old-pipeline dir ceiling/
scratchpad/ceiling/live_old.log,287,DELETE,delete,old-pipeline dir ceiling/
scratchpad/ceiling/posonly.json,20680,DELETE,delete,old-pipeline dir ceiling/
scratchpad/ceiling/posonly.log,282,DELETE,delete,old-pipeline dir ceiling/
scratchpad/cellcenter_probe.py,4682,KEEP,keep,root instrument/config/report
scratchpad/cellmode_probe.py,3356,KEEP,keep,root instrument/config/report
scratchpad/cfg_distill.yaml,193705,KEEP,keep,root instrument/config/report
scratchpad/cfg_search.yaml,194637,KEEP,keep,root instrument/config/report
scratchpad/cfgtest.pt,1935171,KEEP,keep,checkpoint: never delete weights
scratchpad/cfgtest2.pt,1935785,KEEP,keep,checkpoint: never delete weights
scratchpad/ckpt_eval_snap.pt,1936013,KEEP,keep,checkpoint: never delete weights
scratchpad/close_out_numbers.json,1947,DELETE,delete,root loop bulk (L1-L61 result/log/corpus)
scratchpad/dc_shard1.log,3766,DELETE,delete,root loop bulk (L1-L61 result/log/corpus)
scratchpad/dc_shard1.npz,2456337,DELETE,delete,root loop bulk (L1-L61 result/log/corpus)
scratchpad/dc_shard2.log,3767,DELETE,delete,root loop bulk (L1-L61 result/log/corpus)
scratchpad/dc_shard2.npz,2414775,DELETE,delete,root loop bulk (L1-L61 result/log/corpus)
scratchpad/dc_shard3.log,3755,DELETE,delete,root loop bulk (L1-L61 result/log/corpus)
scratchpad/dc_shard3.npz,2191999,DELETE,delete,root loop bulk (L1-L61 result/log/corpus)
scratchpad/dc_shard4.log,3766,DELETE,delete,root loop bulk (L1-L61 result/log/corpus)
scratchpad/dc_shard4.npz,2346312,DELETE,delete,root loop bulk (L1-L61 result/log/corpus)
scratchpad/dc_shard5.log,3764,DELETE,delete,root loop bulk (L1-L61 result/log/corpus)
scratchpad/dc_shard5.npz,2202708,DELETE,delete,root loop bulk (L1-L61 result/log/corpus)
scratchpad/distill_corpus.npz,1754401,DELETE,delete,root loop bulk (L1-L61 result/log/corpus)
scratchpad/distill_corpus_big.npz,13325620,DELETE,delete,root loop bulk (L1-L61 result/log/corpus)
scratchpad/distill_corpus_WRONGDECK.npz,1754426,DELETE,delete,root loop bulk (L1-L61 result/log/corpus)
scratchpad/distill_label.log,3137,DELETE,delete,root loop bulk (L1-L61 result/log/corpus)
scratchpad/distill_student.json,3289,DELETE,delete,root loop bulk (L1-L61 result/log/corpus)
scratchpad/distill_student.log,2176,DELETE,delete,root loop bulk (L1-L61 result/log/corpus)
scratchpad/drills_now.log,1985,DELETE,delete,root loop bulk (L1-L61 result/log/corpus)
scratchpad/env_16.log,9499,DELETE,delete,root loop bulk (L1-L61 result/log/corpus)
scratchpad/env_16.pt,1934301,KEEP,keep,checkpoint: never delete weights
scratchpad/env_192.log,1798,DELETE,delete,root loop bulk (L1-L61 result/log/corpus)
scratchpad/env_64.log,6582,DELETE,delete,root loop bulk (L1-L61 result/log/corpus)
scratchpad/env_64.pt,1934301,KEEP,keep,checkpoint: never delete weights
scratchpad/final_suite_hogeq.txt,3262,DELETE,delete,root loop bulk (L1-L61 result/log/corpus)
scratchpad/final_suite_icebow.txt,3263,DELETE,delete,root loop bulk (L1-L61 result/log/corpus)
scratchpad/gate_probe_now.log,1418,DELETE,delete,root loop bulk (L1-L61 result/log/corpus)
scratchpad/gauntlet/ext/_ps51_test.ps1,177,KEEP,keep,ext loose script/record
scratchpad/gauntlet/ext/_t_err.txt,12,DELETE,delete,service/probe log
scratchpad/gauntlet/ext/_t_out.txt,43,DELETE,delete,service/probe log
scratchpad/gauntlet/ext/batch/aggregate.json,913,DELETE,delete,old-pipeline dir gauntlet/ext/batch/
scratchpad/gauntlet/ext/batch/replay_000YLY0JCPGL.json,59603,DELETE,delete,old-pipeline dir gauntlet/ext/batch/
scratchpad/gauntlet/ext/batch/replay_000YLY0PYYQY.json,19279,DELETE,delete,old-pipeline dir gauntlet/ext/batch/
scratchpad/gauntlet/ext/batch/replay_000YLY2UCC8C.json,20626,DELETE,delete,old-pipeline dir gauntlet/ext/batch/
scratchpad/gauntlet/ext/batch/replay_000YLY2ULYLR.json,54747,DELETE,delete,old-pipeline dir gauntlet/ext/batch/
scratchpad/gauntlet/ext/batch/replay_000YLY2UVGRL.json,28731,DELETE,delete,old-pipeline dir gauntlet/ext/batch/
scratchpad/gauntlet/ext/batch/replay_000YLY2VQ92P.json,27973,DELETE,delete,old-pipeline dir gauntlet/ext/batch/
scratchpad/gauntlet/ext/batch/replay_002YLLLP2YRR.json,36195,DELETE,delete,old-pipeline dir gauntlet/ext/batch/
scratchpad/gauntlet/ext/batch/replay_002YLLLP9JUR.json,45993,DELETE,delete,old-pipeline dir gauntlet/ext/batch/
scratchpad/gauntlet/ext/batch/replay_00GYPYP0PCLR.json,55694,DELETE,delete,old-pipeline dir gauntlet/ext/batch/
scratchpad/gauntlet/ext/batch/replay_00GYPYPRQCY8.json,34750,DELETE,delete,old-pipeline dir gauntlet/ext/batch/
scratchpad/gauntlet/ext/batch/replay_00GYPYPYUQQY.json,42024,DELETE,delete,old-pipeline dir gauntlet/ext/batch/
scratchpad/gauntlet/ext/batch/replay_00JYPQQ8UCVL.json,49221,DELETE,delete,old-pipeline dir gauntlet/ext/batch/
scratchpad/gauntlet/ext/batch/replay_00JYPQQ9V8UY.json,50835,DELETE,delete,old-pipeline dir gauntlet/ext/batch/
scratchpad/gauntlet/ext/batch/replay_00JYPQYYV0JV.json,47675,DELETE,delete,old-pipeline dir gauntlet/ext/batch/
scratchpad/gauntlet/ext/batch/replay_00LYPLCUGYJ2.json,64416,DELETE,delete,old-pipeline dir gauntlet/ext/batch/
scratchpad/gauntlet/ext/batch/replay_00LYPLCV08L9.json,52110,DELETE,delete,old-pipeline dir gauntlet/ext/batch/
scratchpad/gauntlet/ext/batch/replay_00LYPLCV92L0.json,39648,DELETE,delete,old-pipeline dir gauntlet/ext/batch/
scratchpad/gauntlet/ext/batch/replay_00LYPLCVPJR9.json,28926,DELETE,delete,old-pipeline dir gauntlet/ext/batch/
scratchpad/gauntlet/ext/batch/replay_00LYPLCVQRVY.json,61414,DELETE,delete,old-pipeline dir gauntlet/ext/batch/
scratchpad/gauntlet/ext/batch/replay_00LYPLCVRCCV.json,47910,DELETE,delete,old-pipeline dir gauntlet/ext/batch/
scratchpad/gauntlet/ext/batch/replay_00LYPLJLC80L.json,45986,DELETE,delete,old-pipeline dir gauntlet/ext/batch/
scratchpad/gauntlet/ext/batch/replay_00LYPLJLQ80J.json,55313,DELETE,delete,old-pipeline dir gauntlet/ext/batch/
scratchpad/gauntlet/ext/batch/replay_00LYPLJLRJ00.json,29127,DELETE,delete,old-pipeline dir gauntlet/ext/batch/
scratchpad/gauntlet/ext/batch/replay_00LYPLJLYQCR.json,25805,DELETE,delete,old-pipeline dir gauntlet/ext/batch/
scratchpad/gauntlet/ext/batch/replay_00LYPLR0C8GJ.json,67147,DELETE,delete,old-pipeline dir gauntlet/ext/batch/
scratchpad/gauntlet/ext/batch/replay_00LYPLR200VU.json,54103,DELETE,delete,old-pipeline dir gauntlet/ext/batch/
scratchpad/gauntlet/ext/batch/replay_00LYPLR222YQ.json,10213,DELETE,delete,old-pipeline dir gauntlet/ext/batch/
scratchpad/gauntlet/ext/batch/replay_00LYPLU8C8JP.json,15520,DELETE,delete,old-pipeline dir gauntlet/ext/batch/
scratchpad/gauntlet/ext/batch/replay_00LYPLU8VV0C.json,56081,DELETE,delete,old-pipeline dir gauntlet/ext/batch/
scratchpad/gauntlet/ext/batch/replay_00LYPLU8YQVQ.json,40273,DELETE,delete,old-pipeline dir gauntlet/ext/batch/
scratchpad/gauntlet/ext/batch/replay_00LYPQ28JL8Q.json,66719,DELETE,delete,old-pipeline dir gauntlet/ext/batch/
scratchpad/gauntlet/ext/batch/replay_00LYPQ28PU22.json,28644,DELETE,delete,old-pipeline dir gauntlet/ext/batch/
scratchpad/gauntlet/ext/batch/replay_00LYPQ2909YG.json,36121,DELETE,delete,old-pipeline dir gauntlet/ext/batch/
scratchpad/gauntlet/ext/batch/replay_00LYPQ8LGYP2.json,55967,DELETE,delete,old-pipeline dir gauntlet/ext/batch/
scratchpad/gauntlet/ext/batch/replay_00UYPL92ULUL.json,62091,DELETE,delete,old-pipeline dir gauntlet/ext/batch/
scratchpad/gauntlet/ext/batch/replay_00UYPL99P28R.json,65346,DELETE,delete,old-pipeline dir gauntlet/ext/batch/
scratchpad/gauntlet/ext/batch/replay_00UYPL99PV2P.json,12175,DELETE,delete,old-pipeline dir gauntlet/ext/batch/
scratchpad/gauntlet/ext/batch/replay_00UYPL99UQCG.json,61009,DELETE,delete,old-pipeline dir gauntlet/ext/batch/
scratchpad/gauntlet/ext/batch/replay_00UYPL9P0VQL.json,40952,DELETE,delete,old-pipeline dir gauntlet/ext/batch/
scratchpad/gauntlet/ext/batch/replay_00UYPLL0RLRQ.json,47338,DELETE,delete,old-pipeline dir gauntlet/ext/batch/
scratchpad/gauntlet/ext/batch/replay_00UYPLLCLCJQ.json,52390,DELETE,delete,old-pipeline dir gauntlet/ext/batch/
scratchpad/gauntlet/ext/batch/replay_00UYPLLGUP02.json,57197,DELETE,delete,old-pipeline dir gauntlet/ext/batch/
scratchpad/gauntlet/ext/batch/replay_00UYPLLGYCQ2.json,42368,DELETE,delete,old-pipeline dir gauntlet/ext/batch/
scratchpad/gauntlet/ext/batch/replay_00UYPLLR2JVJ.json,56010,DELETE,delete,old-pipeline dir gauntlet/ext/batch/
scratchpad/gauntlet/ext/batch/replay_00UYPLLU0C0L.json,55845,DELETE,delete,old-pipeline dir gauntlet/ext/batch/
scratchpad/gauntlet/ext/batch/replay_00UYPLLU8LYV.json,42275,DELETE,delete,old-pipeline dir gauntlet/ext/batch/
scratchpad/gauntlet/ext/batch/replay_00UYPLLURY2U.json,25370,DELETE,delete,old-pipeline dir gauntlet/ext/batch/
scratchpad/gauntlet/ext/batch/replay_00VYPLPJGYLY.json,54747,DELETE,delete,old-pipeline dir gauntlet/ext/batch/
scratchpad/gauntlet/ext/batch/replay_00VYPLPJLC88.json,51509,DELETE,delete,old-pipeline dir gauntlet/ext/batch/
scratchpad/gauntlet/ext/batch/replay_00VYPLPJRYRY.json,33788,DELETE,delete,old-pipeline dir gauntlet/ext/batch/
scratchpad/gauntlet/ext/batch/replay_020YPYL2LVU9.json,45070,DELETE,delete,old-pipeline dir gauntlet/ext/batch/
scratchpad/gauntlet/ext/batch/replay_020YPYL80RJY.json,44937,DELETE,delete,old-pipeline dir gauntlet/ext/batch/
scratchpad/gauntlet/ext/batch/replay_020YPYL89Y8Y.json,52644,DELETE,delete,old-pipeline dir gauntlet/ext/batch/
scratchpad/gauntlet/ext/batch/replay_020YPYL9CYUL.json,45099,DELETE,delete,old-pipeline dir gauntlet/ext/batch/
scratchpad/gauntlet/ext/batch/replay_020YPYL9R08C.json,13470,DELETE,delete,old-pipeline dir gauntlet/ext/batch/
scratchpad/gauntlet/ext/batch/replay_020YPYL9VC0C.json,39066,DELETE,delete,old-pipeline dir gauntlet/ext/batch/
scratchpad/gauntlet/ext/batch/replay_020YPYLLQUV0.json,30217,DELETE,delete,old-pipeline dir gauntlet/ext/batch/
scratchpad/gauntlet/ext/batch/replay_020YPYLP8YR0.json,51194,DELETE,delete,old-pipeline dir gauntlet/ext/batch/
scratchpad/gauntlet/ext/batch/replay_020YPYLPPCPQ.json,44277,DELETE,delete,old-pipeline dir gauntlet/ext/batch/
scratchpad/gauntlet/ext/batch/replay_020YPYLY29LP.json,50468,DELETE,delete,old-pipeline dir gauntlet/ext/batch/
scratchpad/gauntlet/ext/batch/replay_020YPYP8J9PV.json,64393,DELETE,delete,old-pipeline dir gauntlet/ext/batch/
scratchpad/gauntlet/ext/batch/replay_020YPYQ0RRY0.json,22915,DELETE,delete,old-pipeline dir gauntlet/ext/batch/
scratchpad/gauntlet/ext/batch/replay_020YPYQ22GY2.json,42187,DELETE,delete,old-pipeline dir gauntlet/ext/batch/
scratchpad/gauntlet/ext/batch/replay_020YPYYQG22L.json,5960,DELETE,delete,old-pipeline dir gauntlet/ext/batch/
scratchpad/gauntlet/ext/batch/replay_020YPYYQQ8V8.json,32020,DELETE,delete,old-pipeline dir gauntlet/ext/batch/
scratchpad/gauntlet/ext/batch/replay_020YPYYR8Q0P.json,38231,DELETE,delete,old-pipeline dir gauntlet/ext/batch/
scratchpad/gauntlet/ext/batch/replay_020YPYYVJR0V.json,29297,DELETE,delete,old-pipeline dir gauntlet/ext/batch/
scratchpad/gauntlet/ext/batch/replay_022YYL8R2GG0.json,23625,DELETE,delete,old-pipeline dir gauntlet/ext/batch/
scratchpad/gauntlet/ext/batch/replay_022YYL8YCYC8.json,58493,DELETE,delete,old-pipeline dir gauntlet/ext/batch/
scratchpad/gauntlet/ext/batch/replay_022YYLUUPYYV.json,56739,DELETE,delete,old-pipeline dir gauntlet/ext/batch/
scratchpad/gauntlet/ext/batch/replay_022YYLV98PVR.json,27723,DELETE,delete,old-pipeline dir gauntlet/ext/batch/
scratchpad/gauntlet/ext/batch/replay_022YYLV9QLQJ.json,32538,DELETE,delete,old-pipeline dir gauntlet/ext/batch/
scratchpad/gauntlet/ext/batch/replay_022YYLV9V90G.json,54871,DELETE,delete,old-pipeline dir gauntlet/ext/batch/
scratchpad/gauntlet/ext/batch/replay_022YYLV9YVJL.json,58702,DELETE,delete,old-pipeline dir gauntlet/ext/batch/
scratchpad/gauntlet/ext/batch/replay_022YYQ0RPYY2.json,51348,DELETE,delete,old-pipeline dir gauntlet/ext/batch/
scratchpad/gauntlet/ext/batch/replay_022YYQ22298V.json,24883,DELETE,delete,old-pipeline dir gauntlet/ext/batch/
scratchpad/gauntlet/ext/batch/replay_022YYQ2G0LPV.json,31068,DELETE,delete,old-pipeline dir gauntlet/ext/batch/
scratchpad/gauntlet/ext/batch/replay_022YYQ2QJRPV.json,23964,DELETE,delete,old-pipeline dir gauntlet/ext/batch/
scratchpad/gauntlet/ext/batch/replay_022YYQ92909Q.json,50938,DELETE,delete,old-pipeline dir gauntlet/ext/batch/
scratchpad/gauntlet/ext/batch/replay_022YYQL2QLUV.json,31717,DELETE,delete,old-pipeline dir gauntlet/ext/batch/
scratchpad/gauntlet/ext/batch/replay_022YYQL828PQ.json,36857,DELETE,delete,old-pipeline dir gauntlet/ext/batch/
scratchpad/gauntlet/ext/batch/replay_022YYQYV2C2J.json,36337,DELETE,delete,old-pipeline dir gauntlet/ext/batch/
scratchpad/gauntlet/ext/batch/replay_022YYQYV9Y2R.json,62789,DELETE,delete,old-pipeline dir gauntlet/ext/batch/
scratchpad/gauntlet/ext/batch/replay_022YYYUC8VUJ.json,60454,DELETE,delete,old-pipeline dir gauntlet/ext/batch/
scratchpad/gauntlet/ext/batch/replay_022YYYUCQR2V.json,41593,DELETE,delete,old-pipeline dir gauntlet/ext/batch/
scratchpad/gauntlet/ext/batch/replay_022YYYUCR9VJ.json,37168,DELETE,delete,old-pipeline dir gauntlet/ext/batch/
scratchpad/gauntlet/ext/batch/replay_022YYYUCVPR9.json,63410,DELETE,delete,old-pipeline dir gauntlet/ext/batch/
scratchpad/gauntlet/ext/batch/replay_022YYYUU9LPG.json,31316,DELETE,delete,old-pipeline dir gauntlet/ext/batch/
scratchpad/gauntlet/ext/batch/replay_022YYYUUQGGJ.json,34376,DELETE,delete,old-pipeline dir gauntlet/ext/batch/
scratchpad/gauntlet/ext/batch/replay_022YYYUVGPUU.json,49041,DELETE,delete,old-pipeline dir gauntlet/ext/batch/
scratchpad/gauntlet/ext/batch/replay_022YYYVURLCJ.json,52921,DELETE,delete,old-pipeline dir gauntlet/ext/batch/
scratchpad/gauntlet/ext/batch/replay_02GY9GJCR9P0.json,52722,DELETE,delete,old-pipeline dir gauntlet/ext/batch/
scratchpad/gauntlet/ext/batch/replay_02GY9GJGYJUV.json,41769,DELETE,delete,old-pipeline dir gauntlet/ext/batch/
scratchpad/gauntlet/ext/batch/replay_02GY9GJJLR9Q.json,29199,DELETE,delete,old-pipeline dir gauntlet/ext/batch/
scratchpad/gauntlet/ext/batch/replay_02GY9GJQU0UR.json,60517,DELETE,delete,old-pipeline dir gauntlet/ext/batch/
scratchpad/gauntlet/ext/batch/replay_02GY9GJRPQ89.json,52444,DELETE,delete,old-pipeline dir gauntlet/ext/batch/
scratchpad/gauntlet/ext/batch/replay_02GY9GJRQG2Q.json,6943,DELETE,delete,old-pipeline dir gauntlet/ext/batch/
scratchpad/gauntlet/ext/batch/replay_02GY9GJURY8G.json,35125,DELETE,delete,old-pipeline dir gauntlet/ext/batch/
scratchpad/gauntlet/ext/batch/replay_02GY9GJV00GV.json,49294,DELETE,delete,old-pipeline dir gauntlet/ext/batch/
scratchpad/gauntlet/ext/batch/replay_02GY9GJV8CVG.json,58051,DELETE,delete,old-pipeline dir gauntlet/ext/batch/
scratchpad/gauntlet/ext/batch/replay_02GY9GJVQGCQ.json,68400,DELETE,delete,old-pipeline dir gauntlet/ext/batch/
scratchpad/gauntlet/ext/batch/replay_02GY9GJVUP00.json,28088,DELETE,delete,old-pipeline dir gauntlet/ext/batch/
scratchpad/gauntlet/ext/batch/replay_02GY9GR902G8.json,36142,DELETE,delete,old-pipeline dir gauntlet/ext/batch/
scratchpad/gauntlet/ext/batch/replay_02JY9G00V9CJ.json,28822,DELETE,delete,old-pipeline dir gauntlet/ext/batch/
scratchpad/gauntlet/ext/batch/replay_02JY9G020C2U.json,19178,DELETE,delete,old-pipeline dir gauntlet/ext/batch/
scratchpad/gauntlet/ext/batch/replay_02JY9G02LR0U.json,54683,DELETE,delete,old-pipeline dir gauntlet/ext/batch/
scratchpad/gauntlet/ext/batch/replay_02JY9G02UJL2.json,29013,DELETE,delete,old-pipeline dir gauntlet/ext/batch/
scratchpad/gauntlet/ext/batch/replay_02JY9G082QC2.json,53222,DELETE,delete,old-pipeline dir gauntlet/ext/batch/
scratchpad/gauntlet/ext/batch/replay_02JY9G08C0JV.json,51031,DELETE,delete,old-pipeline dir gauntlet/ext/batch/
scratchpad/gauntlet/ext/batch/replay_02JY9G08YCQG.json,31636,DELETE,delete,old-pipeline dir gauntlet/ext/batch/
scratchpad/gauntlet/ext/batch/replay_02JY9G090029.json,55563,DELETE,delete,old-pipeline dir gauntlet/ext/batch/
scratchpad/gauntlet/ext/batch/replay_02JY9G8LJPJV.json,56343,DELETE,delete,old-pipeline dir gauntlet/ext/batch/
scratchpad/gauntlet/ext/batch/replay_02JY9G99CGPC.json,29189,DELETE,delete,old-pipeline dir gauntlet/ext/batch/
scratchpad/gauntlet/ext/batch/replay_02JY9G99LY0L.json,52557,DELETE,delete,old-pipeline dir gauntlet/ext/batch/
scratchpad/gauntlet/ext/batch/replay_02JY9G99RPRU.json,56301,DELETE,delete,old-pipeline dir gauntlet/ext/batch/
scratchpad/gauntlet/ext/batch/replay_02JY9G9PP92L.json,60579,DELETE,delete,old-pipeline dir gauntlet/ext/batch/
scratchpad/gauntlet/ext/batch/replay_02JY9GL00Q0C.json,54134,DELETE,delete,old-pipeline dir gauntlet/ext/batch/
scratchpad/gauntlet/ext/batch/replay_02JY9GL09YJJ.json,55171,DELETE,delete,old-pipeline dir gauntlet/ext/batch/
scratchpad/gauntlet/ext/batch/replay_02JY9GL22CYR.json,54081,DELETE,delete,old-pipeline dir gauntlet/ext/batch/
scratchpad/gauntlet/ext/batch/replay_02JY9GL9VP9C.json,25133,DELETE,delete,old-pipeline dir gauntlet/ext/batch/
scratchpad/gauntlet/ext/batch/replay_02JY9GL9Y90C.json,54888,DELETE,delete,old-pipeline dir gauntlet/ext/batch/
scratchpad/gauntlet/ext/batch/replay_02JY9GPPVPPG.json,11385,DELETE,delete,old-pipeline dir gauntlet/ext/batch/
scratchpad/gauntlet/ext/batch/replay_02JY9GQY2VCU.json,54764,DELETE,delete,old-pipeline dir gauntlet/ext/batch/
scratchpad/gauntlet/ext/batch/replay_02JY9GQYCPCQ.json,44431,DELETE,delete,old-pipeline dir gauntlet/ext/batch/
scratchpad/gauntlet/ext/batch/replay_02JY9GQYLVLV.json,63854,DELETE,delete,old-pipeline dir gauntlet/ext/batch/
scratchpad/gauntlet/ext/batch/replay_02JY9GYLJC9Y.json,62159,DELETE,delete,old-pipeline dir gauntlet/ext/batch/
scratchpad/gauntlet/ext/batch/replay_02JY9GYQ0Q9G.json,43525,DELETE,delete,old-pipeline dir gauntlet/ext/batch/
scratchpad/gauntlet/ext/batch/replay_02JY9GYQ89QY.json,8280,DELETE,delete,old-pipeline dir gauntlet/ext/batch/
scratchpad/gauntlet/ext/batch/replay_02LY9LJV20Q9.json,44932,DELETE,delete,old-pipeline dir gauntlet/ext/batch/
scratchpad/gauntlet/ext/batch/replay_02LY9LJV8Q0C.json,51930,DELETE,delete,old-pipeline dir gauntlet/ext/batch/
scratchpad/gauntlet/ext/batch/replay_02QY9Q8VCCYQ.json,50544,DELETE,delete,old-pipeline dir gauntlet/ext/batch/
scratchpad/gauntlet/ext/batch/replay_02QY9Q8VGVGQ.json,64270,DELETE,delete,old-pipeline dir gauntlet/ext/batch/
scratchpad/gauntlet/ext/batch/replay_02QY9Q900RQL.json,57035,DELETE,delete,old-pipeline dir gauntlet/ext/batch/
scratchpad/gauntlet/ext/batch/replay_02QY9Q90JPCL.json,52229,DELETE,delete,old-pipeline dir gauntlet/ext/batch/
scratchpad/gauntlet/ext/batch/replay_02QY9Q90QQ9V.json,55814,DELETE,delete,old-pipeline dir gauntlet/ext/batch/
scratchpad/gauntlet/ext/batch/replay_02QY9Q90VQ02.json,27349,DELETE,delete,old-pipeline dir gauntlet/ext/batch/
scratchpad/gauntlet/ext/batch/replay_02QY9Q928Y8C.json,40139,DELETE,delete,old-pipeline dir gauntlet/ext/batch/
scratchpad/gauntlet/ext/batch/replay_02QY9Q92CGV0.json,12760,DELETE,delete,old-pipeline dir gauntlet/ext/batch/
scratchpad/gauntlet/ext/batch/replay_02QY9Q92QPGC.json,31923,DELETE,delete,old-pipeline dir gauntlet/ext/batch/
scratchpad/gauntlet/ext/batch/replay_02QY9Q980YV0.json,47172,DELETE,delete,old-pipeline dir gauntlet/ext/batch/
scratchpad/gauntlet/ext/batch/replay_02QY9Q98C0J8.json,54383,DELETE,delete,old-pipeline dir gauntlet/ext/batch/
scratchpad/gauntlet/ext/batch/replay_02QY9Q9L9CLL.json,61194,DELETE,delete,old-pipeline dir gauntlet/ext/batch/
scratchpad/gauntlet/ext/batch/replay_02QY9Q9LCCQQ.json,35984,DELETE,delete,old-pipeline dir gauntlet/ext/batch/
scratchpad/gauntlet/ext/batch/replay_02QY9Q9P0CRP.json,29504,DELETE,delete,old-pipeline dir gauntlet/ext/batch/
scratchpad/gauntlet/ext/batch/replay_02QY9Q9PCGCP.json,26443,DELETE,delete,old-pipeline dir gauntlet/ext/batch/
scratchpad/gauntlet/ext/batch/replay_02QY9Q9PY29C.json,43826,DELETE,delete,old-pipeline dir gauntlet/ext/batch/
scratchpad/gauntlet/ext/batch/replay_02QY9Q9YY089.json,46560,DELETE,delete,old-pipeline dir gauntlet/ext/batch/
scratchpad/gauntlet/ext/batch/replay_082Y8Q0CRU92.json,57003,DELETE,delete,old-pipeline dir gauntlet/ext/batch/
scratchpad/gauntlet/ext/batch/replay_088Y88LLCJRY.json,68652,DELETE,delete,old-pipeline dir gauntlet/ext/batch/
scratchpad/gauntlet/ext/batch/replay_088Y88LQYJ00.json,12500,DELETE,delete,old-pipeline dir gauntlet/ext/batch/
scratchpad/gauntlet/ext/batch/replay_08CPVR8P2JPV.json,68185,DELETE,delete,old-pipeline dir gauntlet/ext/batch/
scratchpad/gauntlet/ext/batch/replay_08CPVRQ9JCLR.json,27659,DELETE,delete,old-pipeline dir gauntlet/ext/batch/
scratchpad/gauntlet/ext/batch/replay_08CPVRQ9RQUY.json,15660,DELETE,delete,old-pipeline dir gauntlet/ext/batch/
scratchpad/gauntlet/ext/batch/replay_08CPVRQPJLPG.json,59878,DELETE,delete,old-pipeline dir gauntlet/ext/batch/
scratchpad/gauntlet/ext/batch/replay_08CPVRRCJY0J.json,11816,DELETE,delete,old-pipeline dir gauntlet/ext/batch/
scratchpad/gauntlet/ext/batch/replay_08CPVRRCV922.json,35453,DELETE,delete,old-pipeline dir gauntlet/ext/batch/
scratchpad/gauntlet/ext/batch/replay_08CPVRRJ9C2L.json,64141,DELETE,delete,old-pipeline dir gauntlet/ext/batch/
scratchpad/gauntlet/ext/batch/replay_08CPVRRR8PYC.json,27807,DELETE,delete,old-pipeline dir gauntlet/ext/batch/
scratchpad/gauntlet/ext/batch/replay_08CPVRRRC0P8.json,25037,DELETE,delete,old-pipeline dir gauntlet/ext/batch/
scratchpad/gauntlet/ext/batch/replay_08CPVRRU8VCQ.json,34008,DELETE,delete,old-pipeline dir gauntlet/ext/batch/
scratchpad/gauntlet/ext/batch/replay_08CPVRRUR90G.json,24257,DELETE,delete,old-pipeline dir gauntlet/ext/batch/
scratchpad/gauntlet/ext/batch/replay_08CPVRRUYG00.json,43937,DELETE,delete,old-pipeline dir gauntlet/ext/batch/
scratchpad/gauntlet/ext/batch/replay_08LY80VC29RV.json,36144,DELETE,delete,old-pipeline dir gauntlet/ext/batch/
scratchpad/gauntlet/ext/batch/replay_08PY88PC88QV.json,65297,DELETE,delete,old-pipeline dir gauntlet/ext/batch/
scratchpad/gauntlet/ext/batch/replay_08PY88PCQ9C2.json,35949,DELETE,delete,old-pipeline dir gauntlet/ext/batch/
scratchpad/gauntlet/ext/batch/replay_08PY88PCV0JQ.json,48430,DELETE,delete,old-pipeline dir gauntlet/ext/batch/
scratchpad/gauntlet/ext/batch/replay_08PY88PJYJUR.json,56396,DELETE,delete,old-pipeline dir gauntlet/ext/batch/
scratchpad/gauntlet/ext/batch/replay_08PY88PQV2YV.json,31502,DELETE,delete,old-pipeline dir gauntlet/ext/batch/
scratchpad/gauntlet/ext/batch/replay_08PY88PR0LJY.json,54843,DELETE,delete,old-pipeline dir gauntlet/ext/batch/
scratchpad/gauntlet/ext/batch/replay_08PY88PRLJCQ.json,51591,DELETE,delete,old-pipeline dir gauntlet/ext/batch/
scratchpad/gauntlet/ext/batch/replay_08PY88PRRPY2.json,51176,DELETE,delete,old-pipeline dir gauntlet/ext/batch/
scratchpad/gauntlet/ext/batch/replay_08PY88PUQVCU.json,51959,DELETE,delete,old-pipeline dir gauntlet/ext/batch/
scratchpad/gauntlet/ext/batch/replay_08PY88PUY9YP.json,22254,DELETE,delete,old-pipeline dir gauntlet/ext/batch/
scratchpad/gauntlet/ext/batch/replay_08QPVCPC2VCU.json,57624,DELETE,delete,old-pipeline dir gauntlet/ext/batch/
scratchpad/gauntlet/ext/batch/replay_08QPVCPC9QQU.json,31785,DELETE,delete,old-pipeline dir gauntlet/ext/batch/
scratchpad/gauntlet/ext/batch/replay_08QPVCPCG8L9.json,33645,DELETE,delete,old-pipeline dir gauntlet/ext/batch/
scratchpad/gauntlet/ext/batch/replay_08QPVCPCVGVJ.json,26579,DELETE,delete,old-pipeline dir gauntlet/ext/batch/
scratchpad/gauntlet/ext/batch/replay_08QPVCPCYU2U.json,50282,DELETE,delete,old-pipeline dir gauntlet/ext/batch/
scratchpad/gauntlet/ext/batch/replay_08QPVCPU28C0.json,29512,DELETE,delete,old-pipeline dir gauntlet/ext/batch/
scratchpad/gauntlet/ext/batch/replay_08QPVCPULY0V.json,62838,DELETE,delete,old-pipeline dir gauntlet/ext/batch/
scratchpad/gauntlet/ext/batch/replay_08YY892LJCG9.json,24016,DELETE,delete,old-pipeline dir gauntlet/ext/batch/
scratchpad/gauntlet/ext/batch/replay_08YY892P8Q98.json,57866,DELETE,delete,old-pipeline dir gauntlet/ext/batch/
scratchpad/gauntlet/ext/batch/replay_08YY892V8QUU.json,34903,DELETE,delete,old-pipeline dir gauntlet/ext/batch/
scratchpad/gauntlet/ext/batch/replay_08YY89822YRQ.json,54002,DELETE,delete,old-pipeline dir gauntlet/ext/batch/
scratchpad/gauntlet/ext/batch/replay_08YY8988C0QC.json,17603,DELETE,delete,old-pipeline dir gauntlet/ext/batch/
scratchpad/gauntlet/ext/batch/replay_08YY8988V9JL.json,50837,DELETE,delete,old-pipeline dir gauntlet/ext/batch/
scratchpad/gauntlet/ext/batch/replay_08YY8989P8J2.json,51135,DELETE,delete,old-pipeline dir gauntlet/ext/batch/
scratchpad/gauntlet/ext/batch/replay_08YY898L28JL.json,54905,DELETE,delete,old-pipeline dir gauntlet/ext/batch/
scratchpad/gauntlet/ext/batch/replay_08YY898L9JLC.json,22384,DELETE,delete,old-pipeline dir gauntlet/ext/batch/
scratchpad/gauntlet/ext/batch/replay_08YY898LQL9V.json,58748,DELETE,delete,old-pipeline dir gauntlet/ext/batch/
scratchpad/gauntlet/ext/batch/replay_08YY898LU88C.json,53148,DELETE,delete,old-pipeline dir gauntlet/ext/batch/
scratchpad/gauntlet/ext/batch/replay_08YY898LY8G8.json,32665,DELETE,delete,old-pipeline dir gauntlet/ext/batch/
scratchpad/gauntlet/ext/batch/replay_08YY898PPLJ9.json,67952,DELETE,delete,old-pipeline dir gauntlet/ext/batch/
scratchpad/gauntlet/ext/batch/replay_08YY898Q09RY.json,49109,DELETE,delete,old-pipeline dir gauntlet/ext/batch/
scratchpad/gauntlet/ext/batch/replay_08YY898QYRPP.json,28865,DELETE,delete,old-pipeline dir gauntlet/ext/batch/
scratchpad/gauntlet/ext/batch/replay_08YY898YJ8LY.json,30385,DELETE,delete,old-pipeline dir gauntlet/ext/batch/
scratchpad/gauntlet/ext/batch/replay_092PPVPCRCPC.json,60434,DELETE,delete,old-pipeline dir gauntlet/ext/batch/
scratchpad/gauntlet/ext/batch/replay_092PPVPCU9LL.json,33190,DELETE,delete,old-pipeline dir gauntlet/ext/batch/
scratchpad/gauntlet/ext/batch/replay_092PPVPU00LV.json,31431,DELETE,delete,old-pipeline dir gauntlet/ext/batch/
scratchpad/gauntlet/ext/batch/replay_092PPVPUY8PG.json,43945,DELETE,delete,old-pipeline dir gauntlet/ext/batch/
scratchpad/gauntlet/ext/batch/replay_092PPVPV8PRJ.json,32787,DELETE,delete,old-pipeline dir gauntlet/ext/batch/
scratchpad/gauntlet/ext/batch/replay_092PPVPVRCYP.json,66802,DELETE,delete,old-pipeline dir gauntlet/ext/batch/
scratchpad/gauntlet/ext/batch/replay_092PPVPVULCU.json,59467,DELETE,delete,old-pipeline dir gauntlet/ext/batch/
scratchpad/gauntlet/ext/batch/replay_092PPVY0J0J8.json,55321,DELETE,delete,old-pipeline dir gauntlet/ext/batch/
scratchpad/gauntlet/ext/batch/replay_092PPVY0Q0CR.json,56003,DELETE,delete,old-pipeline dir gauntlet/ext/batch/
scratchpad/gauntlet/ext/batch/replay_092PPVY29Q2V.json,47899,DELETE,delete,old-pipeline dir gauntlet/ext/batch/
scratchpad/gauntlet/ext/batch/replay_092PPVY2CGG8.json,33521,DELETE,delete,old-pipeline dir gauntlet/ext/batch/
scratchpad/gauntlet/ext/batch/replay_092PPVY2RCUL.json,25895,DELETE,delete,old-pipeline dir gauntlet/ext/batch/
scratchpad/gauntlet/ext/batch/replay_092PPVY8298U.json,39301,DELETE,delete,old-pipeline dir gauntlet/ext/batch/
scratchpad/gauntlet/ext/batch/replay_092PPVY899LL.json,42076,DELETE,delete,old-pipeline dir gauntlet/ext/batch/
scratchpad/gauntlet/ext/batch/replay_092PPVY8PV90.json,26346,DELETE,delete,old-pipeline dir gauntlet/ext/batch/
scratchpad/gauntlet/ext/batch/summary.jsonl,231344,DELETE,delete,old-pipeline dir gauntlet/ext/batch/
scratchpad/gauntlet/ext/batch_run.err,0,DELETE,delete,service/probe log
scratchpad/gauntlet/ext/batch_run.log,37510,DELETE,delete,service/probe log
scratchpad/gauntlet/ext/batch_v2/aggregate.json,458,KEEP,keep,kept directory gauntlet/ext/batch_v2/
scratchpad/gauntlet/ext/batch_v2/replay_000YLY0JCPGL.json,495487,KEEP,keep,kept directory gauntlet/ext/batch_v2/
scratchpad/gauntlet/ext/batch_v2/replay_000YLY0PYYQY.json,168342,KEEP,keep,kept directory gauntlet/ext/batch_v2/
scratchpad/gauntlet/ext/batch_v2/replay_000YLY2UCC8C.json,195596,KEEP,keep,kept directory gauntlet/ext/batch_v2/
scratchpad/gauntlet/ext/batch_v2/replay_000YLY2ULYLR.json,452545,KEEP,keep,kept directory gauntlet/ext/batch_v2/
scratchpad/gauntlet/ext/batch_v2/replay_000YLY2UVGRL.json,239958,KEEP,keep,kept directory gauntlet/ext/batch_v2/
scratchpad/gauntlet/ext/batch_v2/replay_000YLY2VQ92P.json,304734,KEEP,keep,kept directory gauntlet/ext/batch_v2/
scratchpad/gauntlet/ext/batch_v2/replay_002YLLLP2YRR.json,292721,KEEP,keep,kept directory gauntlet/ext/batch_v2/
scratchpad/gauntlet/ext/batch_v2/replay_002YLLLP9JUR.json,377024,KEEP,keep,kept directory gauntlet/ext/batch_v2/
scratchpad/gauntlet/ext/batch_v2/replay_00GYPYP0PCLR.json,505596,KEEP,keep,kept directory gauntlet/ext/batch_v2/
scratchpad/gauntlet/ext/batch_v2/replay_00GYPYPRQCY8.json,299108,KEEP,keep,kept directory gauntlet/ext/batch_v2/
scratchpad/gauntlet/ext/batch_v2/replay_00GYPYPYUQQY.json,361727,KEEP,keep,kept directory gauntlet/ext/batch_v2/
scratchpad/gauntlet/ext/batch_v2/replay_00JYPQQ8UCVL.json,415008,KEEP,keep,kept directory gauntlet/ext/batch_v2/
scratchpad/gauntlet/ext/batch_v2/replay_00JYPQQ9V8UY.json,423225,KEEP,keep,kept directory gauntlet/ext/batch_v2/
scratchpad/gauntlet/ext/batch_v2/replay_00JYPQYYV0JV.json,419086,KEEP,keep,kept directory gauntlet/ext/batch_v2/
scratchpad/gauntlet/ext/batch_v2/replay_00LYPLCUGYJ2.json,506727,KEEP,keep,kept directory gauntlet/ext/batch_v2/
scratchpad/gauntlet/ext/batch_v2/replay_00LYPLCV08L9.json,416996,KEEP,keep,kept directory gauntlet/ext/batch_v2/
scratchpad/gauntlet/ext/batch_v2/replay_00LYPLCV92L0.json,343476,KEEP,keep,kept directory gauntlet/ext/batch_v2/
scratchpad/gauntlet/ext/batch_v2/replay_00LYPLCVPJR9.json,258450,KEEP,keep,kept directory gauntlet/ext/batch_v2/
scratchpad/gauntlet/ext/batch_v2/replay_00LYPLCVQRVY.json,498887,KEEP,keep,kept directory gauntlet/ext/batch_v2/
scratchpad/gauntlet/ext/batch_v2/replay_00LYPLCVRCCV.json,357196,KEEP,keep,kept directory gauntlet/ext/batch_v2/
scratchpad/gauntlet/ext/batch_v2/replay_00LYPLJLC80L.json,364195,KEEP,keep,kept directory gauntlet/ext/batch_v2/
scratchpad/gauntlet/ext/batch_v2/replay_00LYPLJLQ80J.json,478268,KEEP,keep,kept directory gauntlet/ext/batch_v2/
scratchpad/gauntlet/ext/batch_v2/replay_00LYPLJLRJ00.json,256696,KEEP,keep,kept directory gauntlet/ext/batch_v2/
scratchpad/gauntlet/ext/batch_v2/replay_00LYPLJLYQCR.json,219916,KEEP,keep,kept directory gauntlet/ext/batch_v2/
scratchpad/gauntlet/ext/batch_v2/replay_00LYPLR0C8GJ.json,494117,KEEP,keep,kept directory gauntlet/ext/batch_v2/
scratchpad/gauntlet/ext/batch_v2/replay_00LYPLR200VU.json,449922,KEEP,keep,kept directory gauntlet/ext/batch_v2/
scratchpad/gauntlet/ext/batch_v2/replay_00LYPLR222YQ.json,109899,KEEP,keep,kept directory gauntlet/ext/batch_v2/
scratchpad/gauntlet/ext/batch_v2/replay_00LYPLU8C8JP.json,148068,KEEP,keep,kept directory gauntlet/ext/batch_v2/
scratchpad/gauntlet/ext/batch_v2/replay_00LYPLU8VV0C.json,481615,KEEP,keep,kept directory gauntlet/ext/batch_v2/
scratchpad/gauntlet/ext/batch_v2/replay_00LYPLU8YQVQ.json,336363,KEEP,keep,kept directory gauntlet/ext/batch_v2/
scratchpad/gauntlet/ext/batch_v2/replay_00LYPQ28JL8Q.json,479326,KEEP,keep,kept directory gauntlet/ext/batch_v2/
scratchpad/gauntlet/ext/batch_v2/replay_00LYPQ28PU22.json,254748,KEEP,keep,kept directory gauntlet/ext/batch_v2/
scratchpad/gauntlet/ext/batch_v2/replay_00LYPQ2909YG.json,290547,KEEP,keep,kept directory gauntlet/ext/batch_v2/
scratchpad/gauntlet/ext/batch_v2/replay_00LYPQ8LGYP2.json,454986,KEEP,keep,kept directory gauntlet/ext/batch_v2/
scratchpad/gauntlet/ext/batch_v2/replay_00UYPL92ULUL.json,529499,KEEP,keep,kept directory gauntlet/ext/batch_v2/
scratchpad/gauntlet/ext/batch_v2/replay_00UYPL99P28R.json,472641,KEEP,keep,kept directory gauntlet/ext/batch_v2/
scratchpad/gauntlet/ext/batch_v2/replay_00UYPL99PV2P.json,114083,KEEP,keep,kept directory gauntlet/ext/batch_v2/
scratchpad/gauntlet/ext/batch_v2/replay_00UYPL99UQCG.json,496600,KEEP,keep,kept directory gauntlet/ext/batch_v2/
scratchpad/gauntlet/ext/batch_v2/replay_00UYPL9P0VQL.json,343414,KEEP,keep,kept directory gauntlet/ext/batch_v2/
scratchpad/gauntlet/ext/batch_v2/replay_00UYPLL0RLRQ.json,418830,KEEP,keep,kept directory gauntlet/ext/batch_v2/
scratchpad/gauntlet/ext/batch_v2/replay_00UYPLLCLCJQ.json,461188,KEEP,keep,kept directory gauntlet/ext/batch_v2/
scratchpad/gauntlet/ext/batch_v2/replay_00UYPLLGUP02.json,466373,KEEP,keep,kept directory gauntlet/ext/batch_v2/
scratchpad/gauntlet/ext/batch_v2/replay_00UYPLLGYCQ2.json,383912,KEEP,keep,kept directory gauntlet/ext/batch_v2/
scratchpad/gauntlet/ext/batch_v2/replay_00UYPLLR2JVJ.json,447050,KEEP,keep,kept directory gauntlet/ext/batch_v2/
scratchpad/gauntlet/ext/batch_v2/replay_00UYPLLU0C0L.json,512467,KEEP,keep,kept directory gauntlet/ext/batch_v2/
scratchpad/gauntlet/ext/batch_v2/replay_00UYPLLU8LYV.json,376009,KEEP,keep,kept directory gauntlet/ext/batch_v2/
scratchpad/gauntlet/ext/batch_v2/replay_00UYPLLURY2U.json,220823,KEEP,keep,kept directory gauntlet/ext/batch_v2/
scratchpad/gauntlet/ext/batch_v2/replay_00VYPLPJGYLY.json,497816,KEEP,keep,kept directory gauntlet/ext/batch_v2/
scratchpad/gauntlet/ext/batch_v2/replay_00VYPLPJLC88.json,427441,KEEP,keep,kept directory gauntlet/ext/batch_v2/
scratchpad/gauntlet/ext/batch_v2/replay_00VYPLPJRYRY.json,284709,KEEP,keep,kept directory gauntlet/ext/batch_v2/
scratchpad/gauntlet/ext/batch_v2/replay_020YPYL2LVU9.json,379736,KEEP,keep,kept directory gauntlet/ext/batch_v2/
scratchpad/gauntlet/ext/batch_v2/replay_020YPYL80RJY.json,408879,KEEP,keep,kept directory gauntlet/ext/batch_v2/
scratchpad/gauntlet/ext/batch_v2/replay_020YPYL89Y8Y.json,450630,KEEP,keep,kept directory gauntlet/ext/batch_v2/
scratchpad/gauntlet/ext/batch_v2/replay_020YPYL9CYUL.json,388302,KEEP,keep,kept directory gauntlet/ext/batch_v2/
scratchpad/gauntlet/ext/batch_v2/replay_020YPYL9R08C.json,175497,KEEP,keep,kept directory gauntlet/ext/batch_v2/
scratchpad/gauntlet/ext/batch_v2/replay_020YPYL9VC0C.json,328641,KEEP,keep,kept directory gauntlet/ext/batch_v2/
scratchpad/gauntlet/ext/batch_v2/replay_020YPYLLQUV0.json,267790,KEEP,keep,kept directory gauntlet/ext/batch_v2/
scratchpad/gauntlet/ext/batch_v2/replay_020YPYLP8YR0.json,432988,KEEP,keep,kept directory gauntlet/ext/batch_v2/
scratchpad/gauntlet/ext/batch_v2/replay_020YPYLPPCPQ.json,348519,KEEP,keep,kept directory gauntlet/ext/batch_v2/
scratchpad/gauntlet/ext/batch_v2/replay_020YPYLY29LP.json,412090,KEEP,keep,kept directory gauntlet/ext/batch_v2/
scratchpad/gauntlet/ext/batch_v2/replay_020YPYP8J9PV.json,489950,KEEP,keep,kept directory gauntlet/ext/batch_v2/
scratchpad/gauntlet/ext/batch_v2/replay_020YPYQ0RRY0.json,227927,KEEP,keep,kept directory gauntlet/ext/batch_v2/
scratchpad/gauntlet/ext/batch_v2/replay_020YPYQ22GY2.json,364580,KEEP,keep,kept directory gauntlet/ext/batch_v2/
scratchpad/gauntlet/ext/batch_v2/replay_020YPYYQG22L.json,116172,KEEP,keep,kept directory gauntlet/ext/batch_v2/
scratchpad/gauntlet/ext/batch_v2/replay_020YPYYQQ8V8.json,289600,KEEP,keep,kept directory gauntlet/ext/batch_v2/
scratchpad/gauntlet/ext/batch_v2/replay_020YPYYR8Q0P.json,319822,KEEP,keep,kept directory gauntlet/ext/batch_v2/
scratchpad/gauntlet/ext/batch_v2/replay_020YPYYVJR0V.json,271991,KEEP,keep,kept directory gauntlet/ext/batch_v2/
scratchpad/gauntlet/ext/batch_v2/replay_022YYL8R2GG0.json,220079,KEEP,keep,kept directory gauntlet/ext/batch_v2/
scratchpad/gauntlet/ext/batch_v2/replay_022YYL8YCYC8.json,484751,KEEP,keep,kept directory gauntlet/ext/batch_v2/
scratchpad/gauntlet/ext/batch_v2/replay_022YYLUUPYYV.json,467946,KEEP,keep,kept directory gauntlet/ext/batch_v2/
scratchpad/gauntlet/ext/batch_v2/replay_022YYLV98PVR.json,236439,KEEP,keep,kept directory gauntlet/ext/batch_v2/
scratchpad/gauntlet/ext/batch_v2/replay_022YYLV9QLQJ.json,328641,KEEP,keep,kept directory gauntlet/ext/batch_v2/
scratchpad/gauntlet/ext/batch_v2/replay_022YYLV9V90G.json,454417,KEEP,keep,kept directory gauntlet/ext/batch_v2/
scratchpad/gauntlet/ext/batch_v2/replay_022YYLV9YVJL.json,462591,KEEP,keep,kept directory gauntlet/ext/batch_v2/
scratchpad/gauntlet/ext/batch_v2/replay_022YYQ0RPYY2.json,433167,KEEP,keep,kept directory gauntlet/ext/batch_v2/
scratchpad/gauntlet/ext/batch_v2/replay_022YYQ22298V.json,217813,KEEP,keep,kept directory gauntlet/ext/batch_v2/
scratchpad/gauntlet/ext/batch_v2/replay_022YYQ2G0LPV.json,287323,KEEP,keep,kept directory gauntlet/ext/batch_v2/
scratchpad/gauntlet/ext/batch_v2/replay_022YYQ2QJRPV.json,214143,KEEP,keep,kept directory gauntlet/ext/batch_v2/
scratchpad/gauntlet/ext/batch_v2/replay_022YYQ92909Q.json,481648,KEEP,keep,kept directory gauntlet/ext/batch_v2/
scratchpad/gauntlet/ext/batch_v2/replay_022YYQL2QLUV.json,257320,KEEP,keep,kept directory gauntlet/ext/batch_v2/
scratchpad/gauntlet/ext/batch_v2/replay_022YYQL828PQ.json,306692,KEEP,keep,kept directory gauntlet/ext/batch_v2/
scratchpad/gauntlet/ext/batch_v2/replay_022YYQYV2C2J.json,322391,KEEP,keep,kept directory gauntlet/ext/batch_v2/
scratchpad/gauntlet/ext/batch_v2/replay_022YYQYV9Y2R.json,484598,KEEP,keep,kept directory gauntlet/ext/batch_v2/
scratchpad/gauntlet/ext/batch_v2/replay_022YYYUC8VUJ.json,507299,KEEP,keep,kept directory gauntlet/ext/batch_v2/
scratchpad/gauntlet/ext/batch_v2/replay_022YYYUCQR2V.json,362994,KEEP,keep,kept directory gauntlet/ext/batch_v2/
scratchpad/gauntlet/ext/batch_v2/replay_022YYYUCR9VJ.json,350847,KEEP,keep,kept directory gauntlet/ext/batch_v2/
scratchpad/gauntlet/ext/batch_v2/replay_022YYYUCVPR9.json,475742,KEEP,keep,kept directory gauntlet/ext/batch_v2/
scratchpad/gauntlet/ext/batch_v2/replay_022YYYUU9LPG.json,249281,KEEP,keep,kept directory gauntlet/ext/batch_v2/
scratchpad/gauntlet/ext/batch_v2/replay_022YYYUUQGGJ.json,318528,KEEP,keep,kept directory gauntlet/ext/batch_v2/
scratchpad/gauntlet/ext/batch_v2/replay_022YYYUVGPUU.json,394568,KEEP,keep,kept directory gauntlet/ext/batch_v2/
scratchpad/gauntlet/ext/batch_v2/replay_022YYYVURLCJ.json,445372,KEEP,keep,kept directory gauntlet/ext/batch_v2/
scratchpad/gauntlet/ext/batch_v2/replay_02GY9GJCR9P0.json,470554,KEEP,keep,kept directory gauntlet/ext/batch_v2/
scratchpad/gauntlet/ext/batch_v2/replay_02GY9GJGYJUV.json,389766,KEEP,keep,kept directory gauntlet/ext/batch_v2/
scratchpad/gauntlet/ext/batch_v2/replay_02GY9GJJLR9Q.json,252774,KEEP,keep,kept directory gauntlet/ext/batch_v2/
scratchpad/gauntlet/ext/batch_v2/replay_02GY9GJQU0UR.json,455089,KEEP,keep,kept directory gauntlet/ext/batch_v2/
scratchpad/gauntlet/ext/batch_v2/replay_02GY9GJRPQ89.json,496250,KEEP,keep,kept directory gauntlet/ext/batch_v2/
scratchpad/gauntlet/ext/batch_v2/replay_02GY9GJRQG2Q.json,53705,KEEP,keep,kept directory gauntlet/ext/batch_v2/
scratchpad/gauntlet/ext/batch_v2/replay_02GY9GJURY8G.json,298921,KEEP,keep,kept directory gauntlet/ext/batch_v2/
scratchpad/gauntlet/ext/batch_v2/replay_02GY9GJV00GV.json,386922,KEEP,keep,kept directory gauntlet/ext/batch_v2/
scratchpad/gauntlet/ext/batch_v2/replay_02GY9GJV8CVG.json,439005,KEEP,keep,kept directory gauntlet/ext/batch_v2/
scratchpad/gauntlet/ext/batch_v2/replay_02GY9GJVQGCQ.json,506626,KEEP,keep,kept directory gauntlet/ext/batch_v2/
scratchpad/gauntlet/ext/batch_v2/replay_02GY9GJVUP00.json,246167,KEEP,keep,kept directory gauntlet/ext/batch_v2/
scratchpad/gauntlet/ext/batch_v2/replay_02GY9GR902G8.json,317481,KEEP,keep,kept directory gauntlet/ext/batch_v2/
scratchpad/gauntlet/ext/batch_v2/replay_02JY9G00V9CJ.json,242889,KEEP,keep,kept directory gauntlet/ext/batch_v2/
scratchpad/gauntlet/ext/batch_v2/replay_02JY9G020C2U.json,179557,KEEP,keep,kept directory gauntlet/ext/batch_v2/
scratchpad/gauntlet/ext/batch_v2/replay_02JY9G02LR0U.json,472735,KEEP,keep,kept directory gauntlet/ext/batch_v2/
scratchpad/gauntlet/ext/batch_v2/replay_02JY9G02UJL2.json,274618,KEEP,keep,kept directory gauntlet/ext/batch_v2/
scratchpad/gauntlet/ext/batch_v2/replay_02JY9G082QC2.json,437015,KEEP,keep,kept directory gauntlet/ext/batch_v2/
scratchpad/gauntlet/ext/batch_v2/replay_02JY9G08C0JV.json,436534,KEEP,keep,kept directory gauntlet/ext/batch_v2/
scratchpad/gauntlet/ext/batch_v2/replay_02JY9G08YCQG.json,261779,KEEP,keep,kept directory gauntlet/ext/batch_v2/
scratchpad/gauntlet/ext/batch_v2/replay_02JY9G090029.json,465338,KEEP,keep,kept directory gauntlet/ext/batch_v2/
scratchpad/gauntlet/ext/batch_v2/replay_02JY9G8LJPJV.json,448005,KEEP,keep,kept directory gauntlet/ext/batch_v2/
scratchpad/gauntlet/ext/batch_v2/replay_02JY9G99CGPC.json,269539,KEEP,keep,kept directory gauntlet/ext/batch_v2/
scratchpad/gauntlet/ext/batch_v2/replay_02JY9G99LY0L.json,426850,KEEP,keep,kept directory gauntlet/ext/batch_v2/
scratchpad/gauntlet/ext/batch_v2/replay_02JY9G99RPRU.json,518075,KEEP,keep,kept directory gauntlet/ext/batch_v2/
scratchpad/gauntlet/ext/batch_v2/replay_02JY9G9PP92L.json,492033,KEEP,keep,kept directory gauntlet/ext/batch_v2/
scratchpad/gauntlet/ext/batch_v2/replay_02JY9GL00Q0C.json,522140,KEEP,keep,kept directory gauntlet/ext/batch_v2/
scratchpad/gauntlet/ext/batch_v2/replay_02JY9GL09YJJ.json,446263,KEEP,keep,kept directory gauntlet/ext/batch_v2/
scratchpad/gauntlet/ext/batch_v2/replay_02JY9GL22CYR.json,434372,KEEP,keep,kept directory gauntlet/ext/batch_v2/
scratchpad/gauntlet/ext/batch_v2/replay_02JY9GL9VP9C.json,224934,KEEP,keep,kept directory gauntlet/ext/batch_v2/
scratchpad/gauntlet/ext/batch_v2/replay_02JY9GL9Y90C.json,447948,KEEP,keep,kept directory gauntlet/ext/batch_v2/
scratchpad/gauntlet/ext/batch_v2/replay_02JY9GPPVPPG.json,113722,KEEP,keep,kept directory gauntlet/ext/batch_v2/
scratchpad/gauntlet/ext/batch_v2/replay_02JY9GQY2VCU.json,483143,KEEP,keep,kept directory gauntlet/ext/batch_v2/
scratchpad/gauntlet/ext/batch_v2/replay_02JY9GQYCPCQ.json,400319,KEEP,keep,kept directory gauntlet/ext/batch_v2/
scratchpad/gauntlet/ext/batch_v2/replay_02JY9GQYLVLV.json,481372,KEEP,keep,kept directory gauntlet/ext/batch_v2/
scratchpad/gauntlet/ext/batch_v2/replay_02JY9GYLJC9Y.json,483068,KEEP,keep,kept directory gauntlet/ext/batch_v2/
scratchpad/gauntlet/ext/batch_v2/replay_02JY9GYQ0Q9G.json,353521,KEEP,keep,kept directory gauntlet/ext/batch_v2/
scratchpad/gauntlet/ext/batch_v2/replay_02JY9GYQ89QY.json,131212,KEEP,keep,kept directory gauntlet/ext/batch_v2/
scratchpad/gauntlet/ext/batch_v2/replay_02LY9LJV20Q9.json,392494,KEEP,keep,kept directory gauntlet/ext/batch_v2/
scratchpad/gauntlet/ext/batch_v2/replay_02LY9LJV8Q0C.json,411233,KEEP,keep,kept directory gauntlet/ext/batch_v2/
scratchpad/gauntlet/ext/batch_v2/replay_02QY9Q8VCCYQ.json,417855,KEEP,keep,kept directory gauntlet/ext/batch_v2/
scratchpad/gauntlet/ext/batch_v2/replay_02QY9Q8VGVGQ.json,485644,KEEP,keep,kept directory gauntlet/ext/batch_v2/
scratchpad/gauntlet/ext/batch_v2/replay_02QY9Q900RQL.json,468825,KEEP,keep,kept directory gauntlet/ext/batch_v2/
scratchpad/gauntlet/ext/batch_v2/replay_02QY9Q90JPCL.json,448243,KEEP,keep,kept directory gauntlet/ext/batch_v2/
scratchpad/gauntlet/ext/batch_v2/replay_02QY9Q90QQ9V.json,473125,KEEP,keep,kept directory gauntlet/ext/batch_v2/
scratchpad/gauntlet/ext/batch_v2/replay_02QY9Q90VQ02.json,280668,KEEP,keep,kept directory gauntlet/ext/batch_v2/
scratchpad/gauntlet/ext/batch_v2/replay_02QY9Q928Y8C.json,331803,KEEP,keep,kept directory gauntlet/ext/batch_v2/
scratchpad/gauntlet/ext/batch_v2/replay_02QY9Q92CGV0.json,113628,KEEP,keep,kept directory gauntlet/ext/batch_v2/
scratchpad/gauntlet/ext/batch_v2/replay_02QY9Q92QPGC.json,271602,KEEP,keep,kept directory gauntlet/ext/batch_v2/
scratchpad/gauntlet/ext/batch_v2/replay_02QY9Q980YV0.json,427207,KEEP,keep,kept directory gauntlet/ext/batch_v2/
scratchpad/gauntlet/ext/batch_v2/replay_02QY9Q98C0J8.json,433479,KEEP,keep,kept directory gauntlet/ext/batch_v2/
scratchpad/gauntlet/ext/batch_v2/replay_02QY9Q9L9CLL.json,526411,KEEP,keep,kept directory gauntlet/ext/batch_v2/
scratchpad/gauntlet/ext/batch_v2/replay_02QY9Q9LCCQQ.json,331099,KEEP,keep,kept directory gauntlet/ext/batch_v2/
scratchpad/gauntlet/ext/batch_v2/replay_02QY9Q9P0CRP.json,302524,KEEP,keep,kept directory gauntlet/ext/batch_v2/
scratchpad/gauntlet/ext/batch_v2/replay_02QY9Q9PCGCP.json,241997,KEEP,keep,kept directory gauntlet/ext/batch_v2/
scratchpad/gauntlet/ext/batch_v2/replay_02QY9Q9PY29C.json,368129,KEEP,keep,kept directory gauntlet/ext/batch_v2/
scratchpad/gauntlet/ext/batch_v2/replay_02QY9Q9YY089.json,405038,KEEP,keep,kept directory gauntlet/ext/batch_v2/
scratchpad/gauntlet/ext/batch_v2/replay_082Y8Q0CRU92.json,452376,KEEP,keep,kept directory gauntlet/ext/batch_v2/
scratchpad/gauntlet/ext/batch_v2/replay_088Y88LLCJRY.json,510259,KEEP,keep,kept directory gauntlet/ext/batch_v2/
scratchpad/gauntlet/ext/batch_v2/replay_088Y88LQYJ00.json,131140,KEEP,keep,kept directory gauntlet/ext/batch_v2/
scratchpad/gauntlet/ext/batch_v2/replay_08CPVR8P2JPV.json,491140,KEEP,keep,kept directory gauntlet/ext/batch_v2/
scratchpad/gauntlet/ext/batch_v2/replay_08CPVRQ9JCLR.json,307432,KEEP,keep,kept directory gauntlet/ext/batch_v2/
scratchpad/gauntlet/ext/batch_v2/replay_08CPVRQ9RQUY.json,153459,KEEP,keep,kept directory gauntlet/ext/batch_v2/
scratchpad/gauntlet/ext/batch_v2/replay_08CPVRQPJLPG.json,512661,KEEP,keep,kept directory gauntlet/ext/batch_v2/
scratchpad/gauntlet/ext/batch_v2/replay_08CPVRRCJY0J.json,116072,KEEP,keep,kept directory gauntlet/ext/batch_v2/
scratchpad/gauntlet/ext/batch_v2/replay_08CPVRRCV922.json,311317,KEEP,keep,kept directory gauntlet/ext/batch_v2/
scratchpad/gauntlet/ext/batch_v2/replay_08CPVRRJ9C2L.json,475708,KEEP,keep,kept directory gauntlet/ext/batch_v2/
scratchpad/gauntlet/ext/batch_v2/replay_08CPVRRR8PYC.json,238819,KEEP,keep,kept directory gauntlet/ext/batch_v2/
scratchpad/gauntlet/ext/batch_v2/replay_08CPVRRRC0P8.json,219101,KEEP,keep,kept directory gauntlet/ext/batch_v2/
scratchpad/gauntlet/ext/batch_v2/replay_08CPVRRU8VCQ.json,349613,KEEP,keep,kept directory gauntlet/ext/batch_v2/
scratchpad/gauntlet/ext/batch_v2/replay_08CPVRRUR90G.json,296206,KEEP,keep,kept directory gauntlet/ext/batch_v2/
scratchpad/gauntlet/ext/batch_v2/replay_08CPVRRUYG00.json,356963,KEEP,keep,kept directory gauntlet/ext/batch_v2/
scratchpad/gauntlet/ext/batch_v2/replay_08LY80VC29RV.json,275876,KEEP,keep,kept directory gauntlet/ext/batch_v2/
scratchpad/gauntlet/ext/batch_v2/replay_08PY88PC88QV.json,484853,KEEP,keep,kept directory gauntlet/ext/batch_v2/
scratchpad/gauntlet/ext/batch_v2/replay_08PY88PCQ9C2.json,351023,KEEP,keep,kept directory gauntlet/ext/batch_v2/
scratchpad/gauntlet/ext/batch_v2/replay_08PY88PCV0JQ.json,405496,KEEP,keep,kept directory gauntlet/ext/batch_v2/
scratchpad/gauntlet/ext/batch_v2/replay_08PY88PJYJUR.json,464611,KEEP,keep,kept directory gauntlet/ext/batch_v2/
scratchpad/gauntlet/ext/batch_v2/replay_08PY88PQV2YV.json,274961,KEEP,keep,kept directory gauntlet/ext/batch_v2/
scratchpad/gauntlet/ext/batch_v2/replay_08PY88PR0LJY.json,426790,KEEP,keep,kept directory gauntlet/ext/batch_v2/
scratchpad/gauntlet/ext/batch_v2/replay_08PY88PRLJCQ.json,441346,KEEP,keep,kept directory gauntlet/ext/batch_v2/
scratchpad/gauntlet/ext/batch_v2/replay_08PY88PRRPY2.json,449326,KEEP,keep,kept directory gauntlet/ext/batch_v2/
scratchpad/gauntlet/ext/batch_v2/replay_08PY88PUQVCU.json,482418,KEEP,keep,kept directory gauntlet/ext/batch_v2/
scratchpad/gauntlet/ext/batch_v2/replay_08PY88PUY9YP.json,194632,KEEP,keep,kept directory gauntlet/ext/batch_v2/
scratchpad/gauntlet/ext/batch_v2/replay_08QPVCPC2VCU.json,458246,KEEP,keep,kept directory gauntlet/ext/batch_v2/
scratchpad/gauntlet/ext/batch_v2/replay_08QPVCPC9QQU.json,263843,KEEP,keep,kept directory gauntlet/ext/batch_v2/
scratchpad/gauntlet/ext/batch_v2/replay_08QPVCPCG8L9.json,307114,KEEP,keep,kept directory gauntlet/ext/batch_v2/
scratchpad/gauntlet/ext/batch_v2/replay_08QPVCPCVGVJ.json,225771,KEEP,keep,kept directory gauntlet/ext/batch_v2/
scratchpad/gauntlet/ext/batch_v2/replay_08QPVCPCYU2U.json,476128,KEEP,keep,kept directory gauntlet/ext/batch_v2/
scratchpad/gauntlet/ext/batch_v2/replay_08QPVCPU28C0.json,241872,KEEP,keep,kept directory gauntlet/ext/batch_v2/
scratchpad/gauntlet/ext/batch_v2/replay_08QPVCPULY0V.json,473430,KEEP,keep,kept directory gauntlet/ext/batch_v2/
scratchpad/gauntlet/ext/batch_v2/replay_08YY892LJCG9.json,224467,KEEP,keep,kept directory gauntlet/ext/batch_v2/
scratchpad/gauntlet/ext/batch_v2/replay_08YY892P8Q98.json,514886,KEEP,keep,kept directory gauntlet/ext/batch_v2/
scratchpad/gauntlet/ext/batch_v2/replay_08YY892V8QUU.json,303167,KEEP,keep,kept directory gauntlet/ext/batch_v2/
scratchpad/gauntlet/ext/batch_v2/replay_08YY89822YRQ.json,475960,KEEP,keep,kept directory gauntlet/ext/batch_v2/
scratchpad/gauntlet/ext/batch_v2/replay_08YY8988C0QC.json,167433,KEEP,keep,kept directory gauntlet/ext/batch_v2/
scratchpad/gauntlet/ext/batch_v2/replay_08YY8988V9JL.json,398765,KEEP,keep,kept directory gauntlet/ext/batch_v2/
scratchpad/gauntlet/ext/batch_v2/replay_08YY8989P8J2.json,437308,KEEP,keep,kept directory gauntlet/ext/batch_v2/
scratchpad/gauntlet/ext/batch_v2/replay_08YY898L28JL.json,449965,KEEP,keep,kept directory gauntlet/ext/batch_v2/
scratchpad/gauntlet/ext/batch_v2/replay_08YY898L9JLC.json,212394,KEEP,keep,kept directory gauntlet/ext/batch_v2/
scratchpad/gauntlet/ext/batch_v2/replay_08YY898LQL9V.json,466452,KEEP,keep,kept directory gauntlet/ext/batch_v2/
scratchpad/gauntlet/ext/batch_v2/replay_08YY898LU88C.json,416206,KEEP,keep,kept directory gauntlet/ext/batch_v2/
scratchpad/gauntlet/ext/batch_v2/replay_08YY898LY8G8.json,320559,KEEP,keep,kept directory gauntlet/ext/batch_v2/
scratchpad/gauntlet/ext/batch_v2/replay_08YY898PPLJ9.json,513417,KEEP,keep,kept directory gauntlet/ext/batch_v2/
scratchpad/gauntlet/ext/batch_v2/replay_08YY898Q09RY.json,403125,KEEP,keep,kept directory gauntlet/ext/batch_v2/
scratchpad/gauntlet/ext/batch_v2/replay_08YY898QYRPP.json,270205,KEEP,keep,kept directory gauntlet/ext/batch_v2/
scratchpad/gauntlet/ext/batch_v2/replay_08YY898YJ8LY.json,261043,KEEP,keep,kept directory gauntlet/ext/batch_v2/
scratchpad/gauntlet/ext/batch_v2/replay_092PPVPCRCPC.json,491317,KEEP,keep,kept directory gauntlet/ext/batch_v2/
scratchpad/gauntlet/ext/batch_v2/replay_092PPVPCU9LL.json,285271,KEEP,keep,kept directory gauntlet/ext/batch_v2/
scratchpad/gauntlet/ext/batch_v2/replay_092PPVPU00LV.json,277810,KEEP,keep,kept directory gauntlet/ext/batch_v2/
scratchpad/gauntlet/ext/batch_v2/replay_092PPVPUY8PG.json,363273,KEEP,keep,kept directory gauntlet/ext/batch_v2/
scratchpad/gauntlet/ext/batch_v2/replay_092PPVPV8PRJ.json,257437,KEEP,keep,kept directory gauntlet/ext/batch_v2/
scratchpad/gauntlet/ext/batch_v2/replay_092PPVPVRCYP.json,493520,KEEP,keep,kept directory gauntlet/ext/batch_v2/
scratchpad/gauntlet/ext/batch_v2/replay_092PPVPVULCU.json,479430,KEEP,keep,kept directory gauntlet/ext/batch_v2/
scratchpad/gauntlet/ext/batch_v2/replay_092PPVY0J0J8.json,483960,KEEP,keep,kept directory gauntlet/ext/batch_v2/
scratchpad/gauntlet/ext/batch_v2/replay_092PPVY0Q0CR.json,447375,KEEP,keep,kept directory gauntlet/ext/batch_v2/
scratchpad/gauntlet/ext/batch_v2/replay_092PPVY29Q2V.json,408113,KEEP,keep,kept directory gauntlet/ext/batch_v2/
scratchpad/gauntlet/ext/batch_v2/replay_092PPVY2CGG8.json,278547,KEEP,keep,kept directory gauntlet/ext/batch_v2/
scratchpad/gauntlet/ext/batch_v2/replay_092PPVY2RCUL.json,239901,KEEP,keep,kept directory gauntlet/ext/batch_v2/
scratchpad/gauntlet/ext/batch_v2/replay_092PPVY8298U.json,345718,KEEP,keep,kept directory gauntlet/ext/batch_v2/
scratchpad/gauntlet/ext/batch_v2/replay_092PPVY899LL.json,336088,KEEP,keep,kept directory gauntlet/ext/batch_v2/
scratchpad/gauntlet/ext/batch_v2/replay_092PPVY8PV90.json,247026,KEEP,keep,kept directory gauntlet/ext/batch_v2/
scratchpad/gauntlet/ext/batch_v2/summary.jsonl,82853,KEEP,keep,kept directory gauntlet/ext/batch_v2/
scratchpad/gauntlet/ext/corpus_v3/hogeq/aggregate.json,936,KEEP,keep,kept directory gauntlet/ext/corpus_v3/
scratchpad/gauntlet/ext/corpus_v3/hogeq/grade.json,744,KEEP,keep,kept directory gauntlet/ext/corpus_v3/
scratchpad/gauntlet/ext/corpus_v3/hogeq/replay_000YLYQCJ992.json,296353,KEEP,keep,kept directory gauntlet/ext/corpus_v3/
scratchpad/gauntlet/ext/corpus_v3/hogeq/replay_000YLYQU8PC8.json,551108,KEEP,keep,kept directory gauntlet/ext/corpus_v3/
scratchpad/gauntlet/ext/corpus_v3/hogeq/replay_008YLL020J90.json,526928,KEEP,keep,kept directory gauntlet/ext/corpus_v3/
scratchpad/gauntlet/ext/corpus_v3/hogeq/replay_009YLG08C0RJ.json,534085,KEEP,keep,kept directory gauntlet/ext/corpus_v3/
scratchpad/gauntlet/ext/corpus_v3/hogeq/replay_009YLG0C9080.json,323697,KEEP,keep,kept directory gauntlet/ext/corpus_v3/
scratchpad/gauntlet/ext/corpus_v3/hogeq/replay_009YLG0G8UYJ.json,257403,KEEP,keep,kept directory gauntlet/ext/corpus_v3/
scratchpad/gauntlet/ext/corpus_v3/hogeq/replay_009YLLRV9J8Y.json,283908,KEEP,keep,kept directory gauntlet/ext/corpus_v3/
scratchpad/gauntlet/ext/corpus_v3/hogeq/replay_009YLLVCVR08.json,194166,KEEP,keep,kept directory gauntlet/ext/corpus_v3/
scratchpad/gauntlet/ext/corpus_v3/hogeq/replay_009YLLVJ8C9C.json,467800,KEEP,keep,kept directory gauntlet/ext/corpus_v3/
scratchpad/gauntlet/ext/corpus_v3/hogeq/replay_009YLPVYGG0Q.json,272781,KEEP,keep,kept directory gauntlet/ext/corpus_v3/
scratchpad/gauntlet/ext/corpus_v3/hogeq/replay_009YLQ8G0VGL.json,298929,KEEP,keep,kept directory gauntlet/ext/corpus_v3/
scratchpad/gauntlet/ext/corpus_v3/hogeq/replay_009YLQ8QPRC8.json,317797,KEEP,keep,kept directory gauntlet/ext/corpus_v3/
scratchpad/gauntlet/ext/corpus_v3/hogeq/replay_009YLQ8RRCJ0.json,296132,KEEP,keep,kept directory gauntlet/ext/corpus_v3/
scratchpad/gauntlet/ext/corpus_v3/hogeq/replay_009YLQCGQC92.json,479336,KEEP,keep,kept directory gauntlet/ext/corpus_v3/
scratchpad/gauntlet/ext/corpus_v3/hogeq/replay_009YLQCLVYP0.json,241405,KEEP,keep,kept directory gauntlet/ext/corpus_v3/
scratchpad/gauntlet/ext/corpus_v3/hogeq/replay_009YLQCQ0C29.json,347874,KEEP,keep,kept directory gauntlet/ext/corpus_v3/
scratchpad/gauntlet/ext/corpus_v3/hogeq/replay_009YLQJ92L92.json,483569,KEEP,keep,kept directory gauntlet/ext/corpus_v3/
scratchpad/gauntlet/ext/corpus_v3/hogeq/replay_009YLQJ99UJU.json,523960,KEEP,keep,kept directory gauntlet/ext/corpus_v3/
scratchpad/gauntlet/ext/corpus_v3/hogeq/replay_009YLQJ9J9R0.json,526487,KEEP,keep,kept directory gauntlet/ext/corpus_v3/
scratchpad/gauntlet/ext/corpus_v3/hogeq/replay_009YLQLGR9UG.json,256055,KEEP,keep,kept directory gauntlet/ext/corpus_v3/
scratchpad/gauntlet/ext/corpus_v3/hogeq/replay_009YLQLLRVRJ.json,431938,KEEP,keep,kept directory gauntlet/ext/corpus_v3/
scratchpad/gauntlet/ext/corpus_v3/hogeq/replay_00CYPL2UCQ9P.json,250854,KEEP,keep,kept directory gauntlet/ext/corpus_v3/
scratchpad/gauntlet/ext/corpus_v3/hogeq/replay_00CYPL8PU2CV.json,198716,KEEP,keep,kept directory gauntlet/ext/corpus_v3/
scratchpad/gauntlet/ext/corpus_v3/hogeq/replay_00CYPL9V2U92.json,326166,KEEP,keep,kept directory gauntlet/ext/corpus_v3/
scratchpad/gauntlet/ext/corpus_v3/hogeq/replay_00CYPLJ22VV0.json,301527,KEEP,keep,kept directory gauntlet/ext/corpus_v3/
scratchpad/gauntlet/ext/corpus_v3/hogeq/replay_00CYPLJ2L8GV.json,248849,KEEP,keep,kept directory gauntlet/ext/corpus_v3/
scratchpad/gauntlet/ext/corpus_v3/hogeq/replay_00CYPLPCCGV0.json,245148,KEEP,keep,kept directory gauntlet/ext/corpus_v3/
scratchpad/gauntlet/ext/corpus_v3/hogeq/replay_00CYPLPJGC2R.json,436121,KEEP,keep,kept directory gauntlet/ext/corpus_v3/
scratchpad/gauntlet/ext/corpus_v3/hogeq/replay_00CYPLQ8VG9J.json,332281,KEEP,keep,kept directory gauntlet/ext/corpus_v3/
scratchpad/gauntlet/ext/corpus_v3/hogeq/replay_00CYPLQ9Q2VC.json,348925,KEEP,keep,kept directory gauntlet/ext/corpus_v3/
scratchpad/gauntlet/ext/corpus_v3/hogeq/replay_00CYPLYRPGC0.json,259628,KEEP,keep,kept directory gauntlet/ext/corpus_v3/
scratchpad/gauntlet/ext/corpus_v3/hogeq/replay_00CYPYUCVGQ0.json,111764,KEEP,keep,kept directory gauntlet/ext/corpus_v3/
scratchpad/gauntlet/ext/corpus_v3/hogeq/replay_00CYPYUPJ928.json,237890,KEEP,keep,kept directory gauntlet/ext/corpus_v3/
scratchpad/gauntlet/ext/corpus_v3/hogeq/replay_00CYPYUU2G9P.json,309205,KEEP,keep,kept directory gauntlet/ext/corpus_v3/
scratchpad/gauntlet/ext/corpus_v3/hogeq/replay_00JYPQC8QUQU.json,543434,KEEP,keep,kept directory gauntlet/ext/corpus_v3/
scratchpad/gauntlet/ext/corpus_v3/hogeq/replay_00JYPQC9PG0R.json,449131,KEEP,keep,kept directory gauntlet/ext/corpus_v3/
scratchpad/gauntlet/ext/corpus_v3/hogeq/replay_00JYPQCY8R2C.json,429594,KEEP,keep,kept directory gauntlet/ext/corpus_v3/
scratchpad/gauntlet/ext/corpus_v3/hogeq/replay_00JYPQCYG8UJ.json,233184,KEEP,keep,kept directory gauntlet/ext/corpus_v3/
scratchpad/gauntlet/ext/corpus_v3/hogeq/replay_00JYPQCYLP8L.json,402031,KEEP,keep,kept directory gauntlet/ext/corpus_v3/
scratchpad/gauntlet/ext/corpus_v3/hogeq/replay_00JYPQJGJ82J.json,420130,KEEP,keep,kept directory gauntlet/ext/corpus_v3/
scratchpad/gauntlet/ext/corpus_v3/hogeq/replay_00JYPQJGURUC.json,472083,KEEP,keep,kept directory gauntlet/ext/corpus_v3/
scratchpad/gauntlet/ext/corpus_v3/hogeq/replay_00JYPQRVCVLU.json,280950,KEEP,keep,kept directory gauntlet/ext/corpus_v3/
scratchpad/gauntlet/ext/corpus_v3/hogeq/replay_00JYPQULQYGU.json,254990,KEEP,keep,kept directory gauntlet/ext/corpus_v3/
scratchpad/gauntlet/ext/corpus_v3/hogeq/replay_00JYPQVCLYYG.json,508187,KEEP,keep,kept directory gauntlet/ext/corpus_v3/
scratchpad/gauntlet/ext/corpus_v3/hogeq/replay_00JYPQVJ0P0Q.json,337741,KEEP,keep,kept directory gauntlet/ext/corpus_v3/
scratchpad/gauntlet/ext/corpus_v3/hogeq/replay_00JYPQVPYQ02.json,514973,KEEP,keep,kept directory gauntlet/ext/corpus_v3/
scratchpad/gauntlet/ext/corpus_v3/hogeq/replay_00JYPQVQPPY0.json,252922,KEEP,keep,kept directory gauntlet/ext/corpus_v3/
scratchpad/gauntlet/ext/corpus_v3/hogeq/replay_00JYPQVR8LY8.json,283321,KEEP,keep,kept directory gauntlet/ext/corpus_v3/
scratchpad/gauntlet/ext/corpus_v3/hogeq/replay_00PYLYQC2QY8.json,315031,KEEP,keep,kept directory gauntlet/ext/corpus_v3/
scratchpad/gauntlet/ext/corpus_v3/hogeq/replay_00PYLYQC9VRY.json,334614,KEEP,keep,kept directory gauntlet/ext/corpus_v3/
scratchpad/gauntlet/ext/corpus_v3/hogeq/replay_00PYLYQCGLC2.json,454079,KEEP,keep,kept directory gauntlet/ext/corpus_v3/
scratchpad/gauntlet/ext/corpus_v3/hogeq/replay_00PYLYQCLURQ.json,178998,KEEP,keep,kept directory gauntlet/ext/corpus_v3/
scratchpad/gauntlet/ext/corpus_v3/hogeq/replay_00PYLYQCUCLG.json,418530,KEEP,keep,kept directory gauntlet/ext/corpus_v3/
scratchpad/gauntlet/ext/corpus_v3/hogeq/replay_00PYLYQCYUQC.json,290858,KEEP,keep,kept directory gauntlet/ext/corpus_v3/
scratchpad/gauntlet/ext/corpus_v3/hogeq/replay_00PYLYQJJV2L.json,245367,KEEP,keep,kept directory gauntlet/ext/corpus_v3/
scratchpad/gauntlet/ext/corpus_v3/hogeq/replay_00PYLYQJQV8U.json,242712,KEEP,keep,kept directory gauntlet/ext/corpus_v3/
scratchpad/gauntlet/ext/corpus_v3/hogeq/replay_00PYLYQJVGRJ.json,244351,KEEP,keep,kept directory gauntlet/ext/corpus_v3/
scratchpad/gauntlet/ext/corpus_v3/hogeq/replay_00PYLYQU2Y2C.json,233503,KEEP,keep,kept directory gauntlet/ext/corpus_v3/
scratchpad/gauntlet/ext/corpus_v3/hogeq/replay_00PYLYUPGRLY.json,253554,KEEP,keep,kept directory gauntlet/ext/corpus_v3/
scratchpad/gauntlet/ext/corpus_v3/hogeq/replay_00PYLYUPPPVJ.json,264423,KEEP,keep,kept directory gauntlet/ext/corpus_v3/
scratchpad/gauntlet/ext/corpus_v3/hogeq/replay_00PYLYUPULGV.json,233943,KEEP,keep,kept directory gauntlet/ext/corpus_v3/
scratchpad/gauntlet/ext/corpus_v3/hogeq/replay_00QYPLUY8GRR.json,316604,KEEP,keep,kept directory gauntlet/ext/corpus_v3/
scratchpad/gauntlet/ext/corpus_v3/hogeq/replay_00QYPLUYPQ0G.json,251437,KEEP,keep,kept directory gauntlet/ext/corpus_v3/
scratchpad/gauntlet/ext/corpus_v3/hogeq/replay_00QYPQ028L80.json,283899,KEEP,keep,kept directory gauntlet/ext/corpus_v3/
scratchpad/gauntlet/ext/corpus_v3/hogeq/replay_00QYPQ02C9LP.json,317073,KEEP,keep,kept directory gauntlet/ext/corpus_v3/
scratchpad/gauntlet/ext/corpus_v3/hogeq/replay_00QYPQ02LV8C.json,553944,KEEP,keep,kept directory gauntlet/ext/corpus_v3/
scratchpad/gauntlet/ext/corpus_v3/hogeq/replay_00QYPQ02PGU2.json,392216,KEEP,keep,kept directory gauntlet/ext/corpus_v3/
scratchpad/gauntlet/ext/corpus_v3/hogeq/replay_00UYPL28CPLL.json,256047,KEEP,keep,kept directory gauntlet/ext/corpus_v3/
scratchpad/gauntlet/ext/corpus_v3/hogeq/replay_00UYPL292PUV.json,506163,KEEP,keep,kept directory gauntlet/ext/corpus_v3/
scratchpad/gauntlet/ext/corpus_v3/hogeq/replay_00UYPLGJGL8U.json,451006,KEEP,keep,kept directory gauntlet/ext/corpus_v3/
scratchpad/gauntlet/ext/corpus_v3/hogeq/replay_00UYPLLJ99G2.json,321446,KEEP,keep,kept directory gauntlet/ext/corpus_v3/
scratchpad/gauntlet/ext/corpus_v3/hogeq/replay_00UYPPVGYPL8.json,458548,KEEP,keep,kept directory gauntlet/ext/corpus_v3/
scratchpad/gauntlet/ext/corpus_v3/hogeq/replay_00UYPYYQR92G.json,322386,KEEP,keep,kept directory gauntlet/ext/corpus_v3/
scratchpad/gauntlet/ext/corpus_v3/hogeq/replay_00YYP92C2VR9.json,220718,KEEP,keep,kept directory gauntlet/ext/corpus_v3/
scratchpad/gauntlet/ext/corpus_v3/hogeq/replay_00YYP92JUC90.json,265940,KEEP,keep,kept directory gauntlet/ext/corpus_v3/
scratchpad/gauntlet/ext/corpus_v3/hogeq/replay_00YYP92JVUCR.json,232617,KEEP,keep,kept directory gauntlet/ext/corpus_v3/
scratchpad/gauntlet/ext/corpus_v3/hogeq/replay_00YYP92QUPPR.json,250493,KEEP,keep,kept directory gauntlet/ext/corpus_v3/
scratchpad/gauntlet/ext/corpus_v3/hogeq/replay_00YYP92YUPQV.json,336941,KEEP,keep,kept directory gauntlet/ext/corpus_v3/
scratchpad/gauntlet/ext/corpus_v3/hogeq/replay_00YYP99CVPC9.json,389274,KEEP,keep,kept directory gauntlet/ext/corpus_v3/
scratchpad/gauntlet/ext/corpus_v3/hogeq/replay_00YYP9GPU00C.json,214414,KEEP,keep,kept directory gauntlet/ext/corpus_v3/
scratchpad/gauntlet/ext/corpus_v3/hogeq/replay_00YYPPLLJVU0.json,102130,KEEP,keep,kept directory gauntlet/ext/corpus_v3/
scratchpad/gauntlet/ext/corpus_v3/hogeq/replay_00YYPPLQYL99.json,220281,KEEP,keep,kept directory gauntlet/ext/corpus_v3/
scratchpad/gauntlet/ext/corpus_v3/hogeq/replay_00YYPPRG2J9V.json,205820,KEEP,keep,kept directory gauntlet/ext/corpus_v3/
scratchpad/gauntlet/ext/corpus_v3/hogeq/replay_00YYPPU8PYC9.json,243480,KEEP,keep,kept directory gauntlet/ext/corpus_v3/
scratchpad/gauntlet/ext/corpus_v3/hogeq/replay_00YYPPUU9JPQ.json,322242,KEEP,keep,kept directory gauntlet/ext/corpus_v3/
scratchpad/gauntlet/ext/corpus_v3/hogeq/replay_00YYPY0VLP9Y.json,425217,KEEP,keep,kept directory gauntlet/ext/corpus_v3/
scratchpad/gauntlet/ext/corpus_v3/hogeq/replay_00YYPYGGLPV9.json,230636,KEEP,keep,kept directory gauntlet/ext/corpus_v3/
scratchpad/gauntlet/ext/corpus_v3/hogeq/replay_00YYPYGGPRP8.json,247888,KEEP,keep,kept directory gauntlet/ext/corpus_v3/
scratchpad/gauntlet/ext/corpus_v3/hogeq/replay_00YYPYGJ8L8U.json,228634,KEEP,keep,kept directory gauntlet/ext/corpus_v3/
scratchpad/gauntlet/ext/corpus_v3/hogeq/replay_00YYPYGRCC89.json,233116,KEEP,keep,kept directory gauntlet/ext/corpus_v3/
scratchpad/gauntlet/ext/corpus_v3/hogeq/replay_00YYPYLCC922.json,243785,KEEP,keep,kept directory gauntlet/ext/corpus_v3/
scratchpad/gauntlet/ext/corpus_v3/hogeq/replay_00YYPYLUQVCC.json,506343,KEEP,keep,kept directory gauntlet/ext/corpus_v3/
scratchpad/gauntlet/ext/corpus_v3/hogeq/replay_00YYPYPPQ2YV.json,467222,KEEP,keep,kept directory gauntlet/ext/corpus_v3/
scratchpad/gauntlet/ext/corpus_v3/hogeq/replay_00YYPYQG0RUV.json,180931,KEEP,keep,kept directory gauntlet/ext/corpus_v3/
scratchpad/gauntlet/ext/corpus_v3/hogeq/replay_00YYPYQG88JY.json,397898,KEEP,keep,kept directory gauntlet/ext/corpus_v3/
scratchpad/gauntlet/ext/corpus_v3/hogeq/replay_00YYPYQQLRVG.json,253175,KEEP,keep,kept directory gauntlet/ext/corpus_v3/
scratchpad/gauntlet/ext/corpus_v3/hogeq/replay_00YYPYQQQCUU.json,287548,KEEP,keep,kept directory gauntlet/ext/corpus_v3/
scratchpad/gauntlet/ext/corpus_v3/hogeq/replay_020YPYC9V9JQ.json,245704,KEEP,keep,kept directory gauntlet/ext/corpus_v3/
scratchpad/gauntlet/ext/corpus_v3/hogeq/replay_020YPYJJ9LLR.json,320016,KEEP,keep,kept directory gauntlet/ext/corpus_v3/
scratchpad/gauntlet/ext/corpus_v3/hogeq/replay_020YPYJVC8QY.json,520654,KEEP,keep,kept directory gauntlet/ext/corpus_v3/
scratchpad/gauntlet/ext/corpus_v3/hogeq/replay_02GY9GJUR2CC.json,343691,KEEP,keep,kept directory gauntlet/ext/corpus_v3/
scratchpad/gauntlet/ext/corpus_v3/hogeq/replay_02GY9GJUV2JQ.json,415413,KEEP,keep,kept directory gauntlet/ext/corpus_v3/
scratchpad/gauntlet/ext/corpus_v3/hogeq/replay_02GY9GJVJV0C.json,257419,KEEP,keep,kept directory gauntlet/ext/corpus_v3/
scratchpad/gauntlet/ext/corpus_v3/hogeq/replay_02JY9G9CLRV8.json,392269,KEEP,keep,kept directory gauntlet/ext/corpus_v3/
scratchpad/gauntlet/ext/corpus_v3/hogeq/replay_02LY9Q9P890U.json,364334,KEEP,keep,kept directory gauntlet/ext/corpus_v3/
scratchpad/gauntlet/ext/corpus_v3/hogeq/replay_02LY9Q9YQJYJ.json,396709,KEEP,keep,kept directory gauntlet/ext/corpus_v3/
scratchpad/gauntlet/ext/corpus_v3/hogeq/replay_02LY9Q9YYLRL.json,207711,KEEP,keep,kept directory gauntlet/ext/corpus_v3/
scratchpad/gauntlet/ext/corpus_v3/hogeq/replay_02QY9Q2J822Q.json,238623,KEEP,keep,kept directory gauntlet/ext/corpus_v3/
scratchpad/gauntlet/ext/corpus_v3/hogeq/replay_02QY9Q2JPGU2.json,296522,KEEP,keep,kept directory gauntlet/ext/corpus_v3/
scratchpad/gauntlet/ext/corpus_v3/hogeq/replay_02QY9QQ9JVPU.json,289662,KEEP,keep,kept directory gauntlet/ext/corpus_v3/
scratchpad/gauntlet/ext/corpus_v3/hogeq/replay_02QY9QQ9RLCJ.json,262645,KEEP,keep,kept directory gauntlet/ext/corpus_v3/
scratchpad/gauntlet/ext/corpus_v3/hogeq/replay_02RY9GQC0RVL.json,244325,KEEP,keep,kept directory gauntlet/ext/corpus_v3/
scratchpad/gauntlet/ext/corpus_v3/hogeq/replay_02RY9GQC2JC9.json,236806,KEEP,keep,kept directory gauntlet/ext/corpus_v3/
scratchpad/gauntlet/ext/corpus_v3/hogeq/replay_02RY9GQC8ULR.json,292034,KEEP,keep,kept directory gauntlet/ext/corpus_v3/
scratchpad/gauntlet/ext/corpus_v3/hogeq/replay_02RY9GQCJCJV.json,241624,KEEP,keep,kept directory gauntlet/ext/corpus_v3/
scratchpad/gauntlet/ext/corpus_v3/hogeq/replay_02RY9GQJ2P9V.json,208021,KEEP,keep,kept directory gauntlet/ext/corpus_v3/
scratchpad/gauntlet/ext/corpus_v3/hogeq/replay_02RY9GQJ82QP.json,216671,KEEP,keep,kept directory gauntlet/ext/corpus_v3/
scratchpad/gauntlet/ext/corpus_v3/hogeq/replay_02RY9GQJC8GJ.json,511506,KEEP,keep,kept directory gauntlet/ext/corpus_v3/
scratchpad/gauntlet/ext/corpus_v3/hogeq/replay_02RY9GQJG0C2.json,457365,KEEP,keep,kept directory gauntlet/ext/corpus_v3/
scratchpad/gauntlet/ext/corpus_v3/hogeq/replay_02RY9GQJLYCY.json,263873,KEEP,keep,kept directory gauntlet/ext/corpus_v3/
scratchpad/gauntlet/ext/corpus_v3/hogeq/replay_02RY9GQJRR92.json,539125,KEEP,keep,kept directory gauntlet/ext/corpus_v3/
scratchpad/gauntlet/ext/corpus_v3/hogeq/replay_02RY9GQJVJP8.json,249198,KEEP,keep,kept directory gauntlet/ext/corpus_v3/
scratchpad/gauntlet/ext/corpus_v3/hogeq/replay_02RY9GQJYPU8.json,268121,KEEP,keep,kept directory gauntlet/ext/corpus_v3/
scratchpad/gauntlet/ext/corpus_v3/hogeq/replay_02RY9GQRQRR9.json,322224,KEEP,keep,kept directory gauntlet/ext/corpus_v3/
scratchpad/gauntlet/ext/corpus_v3/hogeq/replay_02RY9GQRYQPG.json,301197,KEEP,keep,kept directory gauntlet/ext/corpus_v3/
scratchpad/gauntlet/ext/corpus_v3/hogeq/replay_02RY9GQU0Y0Y.json,290383,KEEP,keep,kept directory gauntlet/ext/corpus_v3/
scratchpad/gauntlet/ext/corpus_v3/hogeq/replay_02RY9GQU9V2J.json,335146,KEEP,keep,kept directory gauntlet/ext/corpus_v3/
scratchpad/gauntlet/ext/corpus_v3/hogeq/replay_02RY9GQUQRPJ.json,311006,KEEP,keep,kept directory gauntlet/ext/corpus_v3/
scratchpad/gauntlet/ext/corpus_v3/hogeq/replay_02RY9GQURUGP.json,232633,KEEP,keep,kept directory gauntlet/ext/corpus_v3/
scratchpad/gauntlet/ext/corpus_v3/hogeq/replay_02RY9GQV8PCQ.json,232928,KEEP,keep,kept directory gauntlet/ext/corpus_v3/
scratchpad/gauntlet/ext/corpus_v3/hogeq/replay_02RY9GQVP09R.json,251841,KEEP,keep,kept directory gauntlet/ext/corpus_v3/
scratchpad/gauntlet/ext/corpus_v3/hogeq/replay_02VY8LJ0LQ0P.json,166854,KEEP,keep,kept directory gauntlet/ext/corpus_v3/
scratchpad/gauntlet/ext/corpus_v3/hogeq/replay_02VY8LRJ0CL2.json,411072,KEEP,keep,kept directory gauntlet/ext/corpus_v3/
scratchpad/gauntlet/ext/corpus_v3/hogeq/replay_02VY8LRJ2QCP.json,337806,KEEP,keep,kept directory gauntlet/ext/corpus_v3/
scratchpad/gauntlet/ext/corpus_v3/hogeq/replay_02VY8LRRY8CR.json,289676,KEEP,keep,kept directory gauntlet/ext/corpus_v3/
scratchpad/gauntlet/ext/corpus_v3/hogeq/replay_02VY8LV8VPU9.json,307192,KEEP,keep,kept directory gauntlet/ext/corpus_v3/
scratchpad/gauntlet/ext/corpus_v3/hogeq/replay_02VY8LVYJYUJ.json,463054,KEEP,keep,kept directory gauntlet/ext/corpus_v3/
scratchpad/gauntlet/ext/corpus_v3/hogeq/replay_02VY8Q2J8CLY.json,117531,KEEP,keep,kept directory gauntlet/ext/corpus_v3/
scratchpad/gauntlet/ext/corpus_v3/hogeq/replay_02VY8Q2RU8QR.json,419527,KEEP,keep,kept directory gauntlet/ext/corpus_v3/
scratchpad/gauntlet/ext/corpus_v3/hogeq/replay_02VY8Q2V0VQ8.json,86172,KEEP,keep,kept directory gauntlet/ext/corpus_v3/
scratchpad/gauntlet/ext/corpus_v3/hogeq/replay_02VY8Q2V8RUV.json,504922,KEEP,keep,kept directory gauntlet/ext/corpus_v3/
scratchpad/gauntlet/ext/corpus_v3/hogeq/replay_02VY8Q2VL80J.json,464718,KEEP,keep,kept directory gauntlet/ext/corpus_v3/
scratchpad/gauntlet/ext/corpus_v3/hogeq/replay_02VY8Q2VQGRL.json,200900,KEEP,keep,kept directory gauntlet/ext/corpus_v3/
scratchpad/gauntlet/ext/corpus_v3/hogeq/replay_02VY8Q8JQQ0Y.json,236837,KEEP,keep,kept directory gauntlet/ext/corpus_v3/
scratchpad/gauntlet/ext/corpus_v3/hogeq/replay_02VY8Q8L009J.json,196178,KEEP,keep,kept directory gauntlet/ext/corpus_v3/
scratchpad/gauntlet/ext/corpus_v3/hogeq/replay_02VY8Q8LJVG9.json,446820,KEEP,keep,kept directory gauntlet/ext/corpus_v3/
scratchpad/gauntlet/ext/corpus_v3/hogeq/replay_02VY8Q8LUY2G.json,222551,KEEP,keep,kept directory gauntlet/ext/corpus_v3/
scratchpad/gauntlet/ext/corpus_v3/hogeq/replay_02VY8Q8PUYLU.json,311688,KEEP,keep,kept directory gauntlet/ext/corpus_v3/
scratchpad/gauntlet/ext/corpus_v3/hogeq/replay_02VY8Q8YUU2J.json,237882,KEEP,keep,kept directory gauntlet/ext/corpus_v3/
scratchpad/gauntlet/ext/corpus_v3/hogeq/replay_02VY8QP8LCL8.json,256511,KEEP,keep,kept directory gauntlet/ext/corpus_v3/
scratchpad/gauntlet/ext/corpus_v3/hogeq/replay_02VY8QPPC9PL.json,210807,KEEP,keep,kept directory gauntlet/ext/corpus_v3/
scratchpad/gauntlet/ext/corpus_v3/hogeq/replay_02VY8QPPCUYU.json,172579,KEEP,keep,kept directory gauntlet/ext/corpus_v3/
scratchpad/gauntlet/ext/corpus_v3/hogeq/replay_02VY8QPPJP8U.json,290113,KEEP,keep,kept directory gauntlet/ext/corpus_v3/
scratchpad/gauntlet/ext/corpus_v3/hogeq/replay_02VY8QPY0C8Q.json,327635,KEEP,keep,kept directory gauntlet/ext/corpus_v3/
scratchpad/gauntlet/ext/corpus_v3/hogeq/replay_02VY8QPY9JLC.json,139560,KEEP,keep,kept directory gauntlet/ext/corpus_v3/
scratchpad/gauntlet/ext/corpus_v3/hogeq/replay_080Y8Q29G9GC.json,412387,KEEP,keep,kept directory gauntlet/ext/corpus_v3/
scratchpad/gauntlet/ext/corpus_v3/hogeq/replay_080Y8Q2LGLP9.json,166864,KEEP,keep,kept directory gauntlet/ext/corpus_v3/
scratchpad/gauntlet/ext/corpus_v3/hogeq/replay_080Y8Q2LL908.json,236666,KEEP,keep,kept directory gauntlet/ext/corpus_v3/
scratchpad/gauntlet/ext/corpus_v3/hogeq/replay_080Y8Q2LQGCQ.json,466850,KEEP,keep,kept directory gauntlet/ext/corpus_v3/
scratchpad/gauntlet/ext/corpus_v3/hogeq/replay_080Y8Q2LR99R.json,184133,KEEP,keep,kept directory gauntlet/ext/corpus_v3/
scratchpad/gauntlet/ext/corpus_v3/hogeq/replay_080Y8Q2LY9U8.json,474654,KEEP,keep,kept directory gauntlet/ext/corpus_v3/
scratchpad/gauntlet/ext/corpus_v3/hogeq/replay_080Y8Q2PCCJ9.json,420748,KEEP,keep,kept directory gauntlet/ext/corpus_v3/
scratchpad/gauntlet/ext/corpus_v3/hogeq/replay_080Y8Q2PLRCQ.json,409927,KEEP,keep,kept directory gauntlet/ext/corpus_v3/
scratchpad/gauntlet/ext/corpus_v3/hogeq/replay_080Y8Q2Q0YP0.json,237789,KEEP,keep,kept directory gauntlet/ext/corpus_v3/
scratchpad/gauntlet/ext/corpus_v3/hogeq/replay_080Y8Q2Y98J0.json,278455,KEEP,keep,kept directory gauntlet/ext/corpus_v3/
scratchpad/gauntlet/ext/corpus_v3/hogeq/replay_080Y8Q2YRQ9L.json,428475,KEEP,keep,kept directory gauntlet/ext/corpus_v3/
scratchpad/gauntlet/ext/corpus_v3/hogeq/replay_080Y8Q8Q2RLC.json,250473,KEEP,keep,kept directory gauntlet/ext/corpus_v3/
scratchpad/gauntlet/ext/corpus_v3/hogeq/replay_080Y8Q8QYUGC.json,228322,KEEP,keep,kept directory gauntlet/ext/corpus_v3/
scratchpad/gauntlet/ext/corpus_v3/hogeq/replay_082Y8QG8U2G2.json,255300,KEEP,keep,kept directory gauntlet/ext/corpus_v3/
scratchpad/gauntlet/ext/corpus_v3/hogeq/replay_082Y8QGPGGGU.json,244765,KEEP,keep,kept directory gauntlet/ext/corpus_v3/
scratchpad/gauntlet/ext/corpus_v3/hogeq/replay_082Y8QGU0GV9.json,474591,KEEP,keep,kept directory gauntlet/ext/corpus_v3/
scratchpad/gauntlet/ext/corpus_v3/hogeq/replay_082Y8QGYG08Y.json,41595,KEEP,keep,kept directory gauntlet/ext/corpus_v3/
scratchpad/gauntlet/ext/corpus_v3/hogeq/replay_082Y8QGYUV08.json,248947,KEEP,keep,kept directory gauntlet/ext/corpus_v3/
scratchpad/gauntlet/ext/corpus_v3/hogeq/replay_082Y8QJG02PV.json,239236,KEEP,keep,kept directory gauntlet/ext/corpus_v3/
scratchpad/gauntlet/ext/corpus_v3/hogeq/replay_082Y8QQ2U980.json,483206,KEEP,keep,kept directory gauntlet/ext/corpus_v3/
scratchpad/gauntlet/ext/corpus_v3/hogeq/replay_082Y8QQ8Q2JC.json,467423,KEEP,keep,kept directory gauntlet/ext/corpus_v3/
scratchpad/gauntlet/ext/corpus_v3/hogeq/replay_082Y8QRJQJJR.json,444898,KEEP,keep,kept directory gauntlet/ext/corpus_v3/
scratchpad/gauntlet/ext/corpus_v3/hogeq/replay_082Y8QRY8G9L.json,593239,KEEP,keep,kept directory gauntlet/ext/corpus_v3/
scratchpad/gauntlet/ext/corpus_v3/hogeq/replay_08GPVRPURP0L.json,287726,KEEP,keep,kept directory gauntlet/ext/corpus_v3/
scratchpad/gauntlet/ext/corpus_v3/hogeq/replay_08GPVRPUUCVR.json,465204,KEEP,keep,kept directory gauntlet/ext/corpus_v3/
scratchpad/gauntlet/ext/corpus_v3/hogeq/replay_08GPVRPV09YV.json,239222,KEEP,keep,kept directory gauntlet/ext/corpus_v3/
scratchpad/gauntlet/ext/corpus_v3/hogeq/replay_08GPVRPVQCRP.json,324838,KEEP,keep,kept directory gauntlet/ext/corpus_v3/
scratchpad/gauntlet/ext/corpus_v3/hogeq/replay_08GPVRY0GU9J.json,315037,KEEP,keep,kept directory gauntlet/ext/corpus_v3/
scratchpad/gauntlet/ext/corpus_v3/hogeq/replay_08LY80V8QGRC.json,244456,KEEP,keep,kept directory gauntlet/ext/corpus_v3/
scratchpad/gauntlet/ext/corpus_v3/hogeq/replay_08LY80V8YG2U.json,236115,KEEP,keep,kept directory gauntlet/ext/corpus_v3/
scratchpad/gauntlet/ext/corpus_v3/hogeq/replay_08LY822G80Y2.json,232661,KEEP,keep,kept directory gauntlet/ext/corpus_v3/
scratchpad/gauntlet/ext/corpus_v3/hogeq/replay_08LY829YGV9R.json,308186,KEEP,keep,kept directory gauntlet/ext/corpus_v3/
scratchpad/gauntlet/ext/corpus_v3/hogeq/replay_08LY829YUGGL.json,94352,KEEP,keep,kept directory gauntlet/ext/corpus_v3/
scratchpad/gauntlet/ext/corpus_v3/hogeq/replay_08LY82JJ2LC0.json,237821,KEEP,keep,kept directory gauntlet/ext/corpus_v3/
scratchpad/gauntlet/ext/corpus_v3/hogeq/replay_08LY82JRLYVY.json,394664,KEEP,keep,kept directory gauntlet/ext/corpus_v3/
scratchpad/gauntlet/ext/corpus_v3/hogeq/replay_08LY82PJJ8V2.json,358125,KEEP,keep,kept directory gauntlet/ext/corpus_v3/
scratchpad/gauntlet/ext/corpus_v3/hogeq/replay_08LY82Q0G0PQ.json,166761,KEEP,keep,kept directory gauntlet/ext/corpus_v3/
scratchpad/gauntlet/ext/corpus_v3/hogeq/replay_08LY82Q2V8UP.json,337156,KEEP,keep,kept directory gauntlet/ext/corpus_v3/
scratchpad/gauntlet/ext/corpus_v3/hogeq/replay_08LY82Q8JR08.json,235078,KEEP,keep,kept directory gauntlet/ext/corpus_v3/
scratchpad/gauntlet/ext/corpus_v3/hogeq/replay_08LY82Q8PJL8.json,522230,KEEP,keep,kept directory gauntlet/ext/corpus_v3/
scratchpad/gauntlet/ext/corpus_v3/hogeq/replay_08LY82Q8URL9.json,316921,KEEP,keep,kept directory gauntlet/ext/corpus_v3/
scratchpad/gauntlet/ext/corpus_v3/hogeq/replay_08LY82Q90YUV.json,233303,KEEP,keep,kept directory gauntlet/ext/corpus_v3/
scratchpad/gauntlet/ext/corpus_v3/hogeq/replay_08LY82Q999RJ.json,241519,KEEP,keep,kept directory gauntlet/ext/corpus_v3/
scratchpad/gauntlet/ext/corpus_v3/hogeq/replay_08LY82Q9C9QQ.json,178512,KEEP,keep,kept directory gauntlet/ext/corpus_v3/
scratchpad/gauntlet/ext/corpus_v3/hogeq/replay_08LY82Q9PL09.json,162098,KEEP,keep,kept directory gauntlet/ext/corpus_v3/
scratchpad/gauntlet/ext/corpus_v3/hogeq/replay_08LY82Q9RUL8.json,304051,KEEP,keep,kept directory gauntlet/ext/corpus_v3/
scratchpad/gauntlet/ext/corpus_v3/hogeq/replay_08LY82QP90JC.json,240231,KEEP,keep,kept directory gauntlet/ext/corpus_v3/
scratchpad/gauntlet/ext/corpus_v3/hogeq/replay_08LY82QPYYYG.json,271572,KEEP,keep,kept directory gauntlet/ext/corpus_v3/
scratchpad/gauntlet/ext/corpus_v3/hogeq/replay_08LY82QYLJ9C.json,328004,KEEP,keep,kept directory gauntlet/ext/corpus_v3/
scratchpad/gauntlet/ext/corpus_v3/hogeq/replay_08LY82QYY09U.json,533675,KEEP,keep,kept directory gauntlet/ext/corpus_v3/
scratchpad/gauntlet/ext/corpus_v3/hogeq/replay_08YY88V9UCRR.json,226250,KEEP,keep,kept directory gauntlet/ext/corpus_v3/
scratchpad/gauntlet/ext/corpus_v3/hogeq/replay_08YY88VPG0YV.json,460349,KEEP,keep,kept directory gauntlet/ext/corpus_v3/
scratchpad/gauntlet/ext/corpus_v3/hogeq/replay_08YY88VPYJ0L.json,468537,KEEP,keep,kept directory gauntlet/ext/corpus_v3/
scratchpad/gauntlet/ext/corpus_v3/hogeq/replay_09C9JUCVR0VY.json,223740,KEEP,keep,kept directory gauntlet/ext/corpus_v3/
scratchpad/gauntlet/ext/corpus_v3/hogeq/replay_09C9JV0RY98Q.json,308774,KEEP,keep,kept directory gauntlet/ext/corpus_v3/
scratchpad/gauntlet/ext/corpus_v3/hogeq/replay_09J9JV80V800.json,227115,KEEP,keep,kept directory gauntlet/ext/corpus_v3/
scratchpad/gauntlet/ext/corpus_v3/hogeq/replay_09J9JV89RYUG.json,247147,KEEP,keep,kept directory gauntlet/ext/corpus_v3/
scratchpad/gauntlet/ext/corpus_v3/hogeq/replay_09J9JV89VVJY.json,489342,KEEP,keep,kept directory gauntlet/ext/corpus_v3/
scratchpad/gauntlet/ext/corpus_v3/hogeq/replay_09J9JV8P0U0Y.json,238625,KEEP,keep,kept directory gauntlet/ext/corpus_v3/
scratchpad/gauntlet/ext/corpus_v3/hogeq/replay_09J9JV9U8LJU.json,526180,KEEP,keep,kept directory gauntlet/ext/corpus_v3/
scratchpad/gauntlet/ext/corpus_v3/hogeq/replay_09J9JVLP8V0Q.json,304935,KEEP,keep,kept directory gauntlet/ext/corpus_v3/
scratchpad/gauntlet/ext/corpus_v3/hogeq/replay_09J9JVLQ8YRR.json,458446,KEEP,keep,kept directory gauntlet/ext/corpus_v3/
scratchpad/gauntlet/ext/corpus_v3/hogeq/replay_09J9JVYJCVRV.json,313537,KEEP,keep,kept directory gauntlet/ext/corpus_v3/
scratchpad/gauntlet/ext/corpus_v3/hogeq/replay_09J9JVYJG8PV.json,295695,KEEP,keep,kept directory gauntlet/ext/corpus_v3/
scratchpad/gauntlet/ext/corpus_v3/hogeq/replay_09J9JVYJLRL9.json,266552,KEEP,keep,kept directory gauntlet/ext/corpus_v3/
scratchpad/gauntlet/ext/corpus_v3/hogeq/replay_09J9JVYJVYVG.json,310987,KEEP,keep,kept directory gauntlet/ext/corpus_v3/
scratchpad/gauntlet/ext/corpus_v3/hogeq/replay_09LP9CY2QG0C.json,298176,KEEP,keep,kept directory gauntlet/ext/corpus_v3/
scratchpad/gauntlet/ext/corpus_v3/hogeq/replay_09R9JC0P2GV8.json,72768,KEEP,keep,kept directory gauntlet/ext/corpus_v3/
scratchpad/gauntlet/ext/corpus_v3/hogeq/replay_09R9JC0PGJ8Y.json,283906,KEEP,keep,kept directory gauntlet/ext/corpus_v3/
scratchpad/gauntlet/ext/corpus_v3/hogeq/replay_09R9JC9UPVQR.json,245411,KEEP,keep,kept directory gauntlet/ext/corpus_v3/
scratchpad/gauntlet/ext/corpus_v3/hogeq/replay_09R9JCC8PRRL.json,233512,KEEP,keep,kept directory gauntlet/ext/corpus_v3/
scratchpad/gauntlet/ext/corpus_v3/hogeq/replay_09R9JCC8Q0P9.json,330663,KEEP,keep,kept directory gauntlet/ext/corpus_v3/
scratchpad/gauntlet/ext/corpus_v3/hogeq/replay_09R9JCC8RCUV.json,437745,KEEP,keep,kept directory gauntlet/ext/corpus_v3/
scratchpad/gauntlet/ext/corpus_v3/hogeq/replay_09R9JCC8UPQJ.json,468590,KEEP,keep,kept directory gauntlet/ext/corpus_v3/
scratchpad/gauntlet/ext/corpus_v3/hogeq/replay_09R9JCR0CY9U.json,366091,KEEP,keep,kept directory gauntlet/ext/corpus_v3/
scratchpad/gauntlet/ext/corpus_v3/hogeq/replay_09R9JCR0Q8Y8.json,294096,KEEP,keep,kept directory gauntlet/ext/corpus_v3/
scratchpad/gauntlet/ext/corpus_v3/hogeq/replay_09R9JCR2GY22.json,265129,KEEP,keep,kept directory gauntlet/ext/corpus_v3/
scratchpad/gauntlet/ext/corpus_v3/hogeq/replay_09R9JCR2RJJU.json,247881,KEEP,keep,kept directory gauntlet/ext/corpus_v3/
scratchpad/gauntlet/ext/corpus_v3/hogeq/replay_09R9JCVJ8RG2.json,345436,KEEP,keep,kept directory gauntlet/ext/corpus_v3/
scratchpad/gauntlet/ext/corpus_v3/hogeq/replay_09R9JCVRVQUV.json,250343,KEEP,keep,kept directory gauntlet/ext/corpus_v3/
scratchpad/gauntlet/ext/corpus_v3/hogeq/replay_09R9JCVYJ9YU.json,436236,KEEP,keep,kept directory gauntlet/ext/corpus_v3/
scratchpad/gauntlet/ext/corpus_v3/hogeq/replay_09R9JCVYUQCU.json,283756,KEEP,keep,kept directory gauntlet/ext/corpus_v3/
scratchpad/gauntlet/ext/corpus_v3/hogeq/replay_09R9JCVYVGU2.json,349323,KEEP,keep,kept directory gauntlet/ext/corpus_v3/
scratchpad/gauntlet/ext/corpus_v3/hogeq/replay_09R9JCYCRYJP.json,235685,KEEP,keep,kept directory gauntlet/ext/corpus_v3/
scratchpad/gauntlet/ext/corpus_v3/hogeq/replay_09R9JCYQV0L9.json,244471,KEEP,keep,kept directory gauntlet/ext/corpus_v3/
scratchpad/gauntlet/ext/corpus_v3/hogeq/replay_09R9JCYVCRRR.json,89431,KEEP,keep,kept directory gauntlet/ext/corpus_v3/
scratchpad/gauntlet/ext/corpus_v3/hogeq/summary.jsonl,252323,KEEP,keep,kept directory gauntlet/ext/corpus_v3/
scratchpad/gauntlet/ext/corpus_v3/hogeq_run.err,0,KEEP,keep,kept directory gauntlet/ext/corpus_v3/
scratchpad/gauntlet/ext/corpus_v3/hogeq_run.log,42720,KEEP,keep,kept directory gauntlet/ext/corpus_v3/
scratchpad/gauntlet/ext/corpus_v3/icebow/aggregate.json,995,KEEP,keep,kept directory gauntlet/ext/corpus_v3/
scratchpad/gauntlet/ext/corpus_v3/icebow/grade.json,939,KEEP,keep,kept directory gauntlet/ext/corpus_v3/
scratchpad/gauntlet/ext/corpus_v3/icebow/replay_000YLY0JCPGL.json,495485,KEEP,keep,kept directory gauntlet/ext/corpus_v3/
scratchpad/gauntlet/ext/corpus_v3/icebow/replay_000YLY0PYYQY.json,168339,KEEP,keep,kept directory gauntlet/ext/corpus_v3/
scratchpad/gauntlet/ext/corpus_v3/icebow/replay_000YLY2UCC8C.json,195593,KEEP,keep,kept directory gauntlet/ext/corpus_v3/
scratchpad/gauntlet/ext/corpus_v3/icebow/replay_000YLY2UGCGC.json,352765,KEEP,keep,kept directory gauntlet/ext/corpus_v3/
scratchpad/gauntlet/ext/corpus_v3/icebow/replay_000YLY2ULYLR.json,452542,KEEP,keep,kept directory gauntlet/ext/corpus_v3/
scratchpad/gauntlet/ext/corpus_v3/icebow/replay_000YLY2UVGRL.json,239955,KEEP,keep,kept directory gauntlet/ext/corpus_v3/
scratchpad/gauntlet/ext/corpus_v3/icebow/replay_000YLY2VQ92P.json,304732,KEEP,keep,kept directory gauntlet/ext/corpus_v3/
scratchpad/gauntlet/ext/corpus_v3/icebow/replay_002YLLLP2YRR.json,292718,KEEP,keep,kept directory gauntlet/ext/corpus_v3/
scratchpad/gauntlet/ext/corpus_v3/icebow/replay_002YLLLP9JUR.json,377022,KEEP,keep,kept directory gauntlet/ext/corpus_v3/
scratchpad/gauntlet/ext/corpus_v3/icebow/replay_00CYPL2VPYJV.json,317609,KEEP,keep,kept directory gauntlet/ext/corpus_v3/
scratchpad/gauntlet/ext/corpus_v3/icebow/replay_00CYPL2VU8J8.json,444953,KEEP,keep,kept directory gauntlet/ext/corpus_v3/
scratchpad/gauntlet/ext/corpus_v3/icebow/replay_00CYPL800QU9.json,409584,KEEP,keep,kept directory gauntlet/ext/corpus_v3/
scratchpad/gauntlet/ext/corpus_v3/icebow/replay_00GYP9UGJYLQ.json,241459,KEEP,keep,kept directory gauntlet/ext/corpus_v3/
scratchpad/gauntlet/ext/corpus_v3/icebow/replay_00GYP9VC09QR.json,245241,KEEP,keep,kept directory gauntlet/ext/corpus_v3/
scratchpad/gauntlet/ext/corpus_v3/icebow/replay_00GYP9VCRCCL.json,430878,KEEP,keep,kept directory gauntlet/ext/corpus_v3/
scratchpad/gauntlet/ext/corpus_v3/icebow/replay_00GYP9VVJGRY.json,285889,KEEP,keep,kept directory gauntlet/ext/corpus_v3/
scratchpad/gauntlet/ext/corpus_v3/icebow/replay_00GYP9VVV9PR.json,394890,KEEP,keep,kept directory gauntlet/ext/corpus_v3/
scratchpad/gauntlet/ext/corpus_v3/icebow/replay_00GYPPUUY9YR.json,304875,KEEP,keep,kept directory gauntlet/ext/corpus_v3/
scratchpad/gauntlet/ext/corpus_v3/icebow/replay_00GYPYCGR2QR.json,236619,KEEP,keep,kept directory gauntlet/ext/corpus_v3/
scratchpad/gauntlet/ext/corpus_v3/icebow/replay_00GYPYCQRVPC.json,401487,KEEP,keep,kept directory gauntlet/ext/corpus_v3/
scratchpad/gauntlet/ext/corpus_v3/icebow/replay_00GYPYP0PCLR.json,505595,KEEP,keep,kept directory gauntlet/ext/corpus_v3/
scratchpad/gauntlet/ext/corpus_v3/icebow/replay_00GYPYPRQCY8.json,299106,KEEP,keep,kept directory gauntlet/ext/corpus_v3/
scratchpad/gauntlet/ext/corpus_v3/icebow/replay_00GYPYPYUQQY.json,361725,KEEP,keep,kept directory gauntlet/ext/corpus_v3/
scratchpad/gauntlet/ext/corpus_v3/icebow/replay_00JYPG0PQCUR.json,411453,KEEP,keep,kept directory gauntlet/ext/corpus_v3/
scratchpad/gauntlet/ext/corpus_v3/icebow/replay_00JYPG9P0UUJ.json,183129,KEEP,keep,kept directory gauntlet/ext/corpus_v3/
scratchpad/gauntlet/ext/corpus_v3/icebow/replay_00JYPGYG0CL0.json,437671,KEEP,keep,kept directory gauntlet/ext/corpus_v3/
scratchpad/gauntlet/ext/corpus_v3/icebow/replay_00JYPGYGYYUQ.json,331715,KEEP,keep,kept directory gauntlet/ext/corpus_v3/
scratchpad/gauntlet/ext/corpus_v3/icebow/replay_00JYPGYLRP88.json,480165,KEEP,keep,kept directory gauntlet/ext/corpus_v3/
scratchpad/gauntlet/ext/corpus_v3/icebow/replay_00JYPGYLU9CP.json,468975,KEEP,keep,kept directory gauntlet/ext/corpus_v3/
scratchpad/gauntlet/ext/corpus_v3/icebow/replay_00JYPGYPP80R.json,456788,KEEP,keep,kept directory gauntlet/ext/corpus_v3/
scratchpad/gauntlet/ext/corpus_v3/icebow/replay_00JYPGYPUYUV.json,320187,KEEP,keep,kept directory gauntlet/ext/corpus_v3/
scratchpad/gauntlet/ext/corpus_v3/icebow/replay_00JYPGYQ8LGC.json,289573,KEEP,keep,kept directory gauntlet/ext/corpus_v3/
scratchpad/gauntlet/ext/corpus_v3/icebow/replay_00JYPGYQG2LP.json,237211,KEEP,keep,kept directory gauntlet/ext/corpus_v3/
scratchpad/gauntlet/ext/corpus_v3/icebow/replay_00JYPGYQRRGQ.json,513321,KEEP,keep,kept directory gauntlet/ext/corpus_v3/
scratchpad/gauntlet/ext/corpus_v3/icebow/replay_00JYPGYQV9V8.json,435776,KEEP,keep,kept directory gauntlet/ext/corpus_v3/
scratchpad/gauntlet/ext/corpus_v3/icebow/replay_00JYPGYRU2UJ.json,476235,KEEP,keep,kept directory gauntlet/ext/corpus_v3/
scratchpad/gauntlet/ext/corpus_v3/icebow/replay_00JYPGYY88GY.json,333837,KEEP,keep,kept directory gauntlet/ext/corpus_v3/
scratchpad/gauntlet/ext/corpus_v3/icebow/replay_00JYPGYYCUYR.json,246909,KEEP,keep,kept directory gauntlet/ext/corpus_v3/
scratchpad/gauntlet/ext/corpus_v3/icebow/replay_00JYPGYYJYUG.json,443362,KEEP,keep,kept directory gauntlet/ext/corpus_v3/
scratchpad/gauntlet/ext/corpus_v3/icebow/replay_00JYPQQ8UCVL.json,415005,KEEP,keep,kept directory gauntlet/ext/corpus_v3/
scratchpad/gauntlet/ext/corpus_v3/icebow/replay_00JYPQQ9V8UY.json,423223,KEEP,keep,kept directory gauntlet/ext/corpus_v3/
scratchpad/gauntlet/ext/corpus_v3/icebow/replay_00JYPQYYV0JV.json,419084,KEEP,keep,kept directory gauntlet/ext/corpus_v3/
scratchpad/gauntlet/ext/corpus_v3/icebow/replay_00LYPLCUGYJ2.json,506725,KEEP,keep,kept directory gauntlet/ext/corpus_v3/
scratchpad/gauntlet/ext/corpus_v3/icebow/replay_00LYPLCV08L9.json,416994,KEEP,keep,kept directory gauntlet/ext/corpus_v3/
scratchpad/gauntlet/ext/corpus_v3/icebow/replay_00LYPLCV92L0.json,343474,KEEP,keep,kept directory gauntlet/ext/corpus_v3/
scratchpad/gauntlet/ext/corpus_v3/icebow/replay_00LYPLCVPJR9.json,258447,KEEP,keep,kept directory gauntlet/ext/corpus_v3/
scratchpad/gauntlet/ext/corpus_v3/icebow/replay_00LYPLCVQRVY.json,498885,KEEP,keep,kept directory gauntlet/ext/corpus_v3/
scratchpad/gauntlet/ext/corpus_v3/icebow/replay_00LYPLCVRCCV.json,357194,KEEP,keep,kept directory gauntlet/ext/corpus_v3/
scratchpad/gauntlet/ext/corpus_v3/icebow/replay_00LYPLJLC80L.json,364193,KEEP,keep,kept directory gauntlet/ext/corpus_v3/
scratchpad/gauntlet/ext/corpus_v3/icebow/replay_00LYPLJLQ80J.json,478266,KEEP,keep,kept directory gauntlet/ext/corpus_v3/
scratchpad/gauntlet/ext/corpus_v3/icebow/replay_00LYPLJLRJ00.json,256693,KEEP,keep,kept directory gauntlet/ext/corpus_v3/
scratchpad/gauntlet/ext/corpus_v3/icebow/replay_00LYPLJLYQCR.json,219913,KEEP,keep,kept directory gauntlet/ext/corpus_v3/
scratchpad/gauntlet/ext/corpus_v3/icebow/replay_00LYPLR0C8GJ.json,494115,KEEP,keep,kept directory gauntlet/ext/corpus_v3/
scratchpad/gauntlet/ext/corpus_v3/icebow/replay_00LYPLR200VU.json,449920,KEEP,keep,kept directory gauntlet/ext/corpus_v3/
scratchpad/gauntlet/ext/corpus_v3/icebow/replay_00LYPLR222YQ.json,109896,KEEP,keep,kept directory gauntlet/ext/corpus_v3/
scratchpad/gauntlet/ext/corpus_v3/icebow/replay_00LYPLU8C8JP.json,148065,KEEP,keep,kept directory gauntlet/ext/corpus_v3/
scratchpad/gauntlet/ext/corpus_v3/icebow/replay_00LYPLU8VV0C.json,481613,KEEP,keep,kept directory gauntlet/ext/corpus_v3/
scratchpad/gauntlet/ext/corpus_v3/icebow/replay_00LYPLU8YQVQ.json,336360,KEEP,keep,kept directory gauntlet/ext/corpus_v3/
scratchpad/gauntlet/ext/corpus_v3/icebow/replay_00LYPQ28JL8Q.json,479324,KEEP,keep,kept directory gauntlet/ext/corpus_v3/
scratchpad/gauntlet/ext/corpus_v3/icebow/replay_00LYPQ28PU22.json,254745,KEEP,keep,kept directory gauntlet/ext/corpus_v3/
scratchpad/gauntlet/ext/corpus_v3/icebow/replay_00LYPQ2909YG.json,290544,KEEP,keep,kept directory gauntlet/ext/corpus_v3/
scratchpad/gauntlet/ext/corpus_v3/icebow/replay_00LYPQ8LGYP2.json,454983,KEEP,keep,kept directory gauntlet/ext/corpus_v3/
scratchpad/gauntlet/ext/corpus_v3/icebow/replay_00LYPQUC9P20.json,279077,KEEP,keep,kept directory gauntlet/ext/corpus_v3/
scratchpad/gauntlet/ext/corpus_v3/icebow/replay_00LYPQUJGUVV.json,249810,KEEP,keep,kept directory gauntlet/ext/corpus_v3/
scratchpad/gauntlet/ext/corpus_v3/icebow/replay_00LYPQVC0GGY.json,433285,KEEP,keep,kept directory gauntlet/ext/corpus_v3/
scratchpad/gauntlet/ext/corpus_v3/icebow/replay_00LYPQVCQP88.json,421514,KEEP,keep,kept directory gauntlet/ext/corpus_v3/
scratchpad/gauntlet/ext/corpus_v3/icebow/replay_00PYLL2CYJGL.json,279840,KEEP,keep,kept directory gauntlet/ext/corpus_v3/
scratchpad/gauntlet/ext/corpus_v3/icebow/replay_00PYLL2JQJR9.json,88521,KEEP,keep,kept directory gauntlet/ext/corpus_v3/
scratchpad/gauntlet/ext/corpus_v3/icebow/replay_00PYLL9YUJY9.json,259610,KEEP,keep,kept directory gauntlet/ext/corpus_v3/
scratchpad/gauntlet/ext/corpus_v3/icebow/replay_00PYLLJPQ0G0.json,177291,KEEP,keep,kept directory gauntlet/ext/corpus_v3/
scratchpad/gauntlet/ext/corpus_v3/icebow/replay_00PYLLJPYJ0Q.json,356913,KEEP,keep,kept directory gauntlet/ext/corpus_v3/
scratchpad/gauntlet/ext/corpus_v3/icebow/replay_00QYPG2G92PQ.json,253213,KEEP,keep,kept directory gauntlet/ext/corpus_v3/
scratchpad/gauntlet/ext/corpus_v3/icebow/replay_00QYPQ9VPCVC.json,506690,KEEP,keep,kept directory gauntlet/ext/corpus_v3/
scratchpad/gauntlet/ext/corpus_v3/icebow/replay_00QYPQ9VQGU8.json,466292,KEEP,keep,kept directory gauntlet/ext/corpus_v3/
scratchpad/gauntlet/ext/corpus_v3/icebow/replay_00QYPQ9VRQQ8.json,289774,KEEP,keep,kept directory gauntlet/ext/corpus_v3/
scratchpad/gauntlet/ext/corpus_v3/icebow/replay_00QYPQJVCV20.json,428284,KEEP,keep,kept directory gauntlet/ext/corpus_v3/
scratchpad/gauntlet/ext/corpus_v3/icebow/replay_00QYPQJVL2QG.json,438373,KEEP,keep,kept directory gauntlet/ext/corpus_v3/
scratchpad/gauntlet/ext/corpus_v3/icebow/replay_00QYPQLC9CQY.json,500222,KEEP,keep,kept directory gauntlet/ext/corpus_v3/
scratchpad/gauntlet/ext/corpus_v3/icebow/replay_00QYPQP0802Q.json,378306,KEEP,keep,kept directory gauntlet/ext/corpus_v3/
scratchpad/gauntlet/ext/corpus_v3/icebow/replay_00QYPQR0C02V.json,202183,KEEP,keep,kept directory gauntlet/ext/corpus_v3/
scratchpad/gauntlet/ext/corpus_v3/icebow/replay_00QYPQR222RP.json,188814,KEEP,keep,kept directory gauntlet/ext/corpus_v3/
scratchpad/gauntlet/ext/corpus_v3/icebow/replay_00QYPQUPV9QC.json,265070,KEEP,keep,kept directory gauntlet/ext/corpus_v3/
scratchpad/gauntlet/ext/corpus_v3/icebow/replay_00UYPL92ULUL.json,529497,KEEP,keep,kept directory gauntlet/ext/corpus_v3/
scratchpad/gauntlet/ext/corpus_v3/icebow/replay_00UYPL99P28R.json,472640,KEEP,keep,kept directory gauntlet/ext/corpus_v3/
scratchpad/gauntlet/ext/corpus_v3/icebow/replay_00UYPL99PV2P.json,114079,KEEP,keep,kept directory gauntlet/ext/corpus_v3/
scratchpad/gauntlet/ext/corpus_v3/icebow/replay_00UYPL99UQCG.json,496598,KEEP,keep,kept directory gauntlet/ext/corpus_v3/
scratchpad/gauntlet/ext/corpus_v3/icebow/replay_00UYPL9P0VQL.json,343411,KEEP,keep,kept directory gauntlet/ext/corpus_v3/
scratchpad/gauntlet/ext/corpus_v3/icebow/replay_00UYPLL0RLRQ.json,418828,KEEP,keep,kept directory gauntlet/ext/corpus_v3/
scratchpad/gauntlet/ext/corpus_v3/icebow/replay_00UYPLLCLCJQ.json,461186,KEEP,keep,kept directory gauntlet/ext/corpus_v3/
scratchpad/gauntlet/ext/corpus_v3/icebow/replay_00UYPLLGUP02.json,466371,KEEP,keep,kept directory gauntlet/ext/corpus_v3/
scratchpad/gauntlet/ext/corpus_v3/icebow/replay_00UYPLLGYCQ2.json,383910,KEEP,keep,kept directory gauntlet/ext/corpus_v3/
scratchpad/gauntlet/ext/corpus_v3/icebow/replay_00UYPLLJ9P0R.json,442082,KEEP,keep,kept directory gauntlet/ext/corpus_v3/
scratchpad/gauntlet/ext/corpus_v3/icebow/replay_00UYPLLR2JVJ.json,447048,KEEP,keep,kept directory gauntlet/ext/corpus_v3/
scratchpad/gauntlet/ext/corpus_v3/icebow/replay_00UYPLLU0C0L.json,512465,KEEP,keep,kept directory gauntlet/ext/corpus_v3/
scratchpad/gauntlet/ext/corpus_v3/icebow/replay_00UYPLLU8LYV.json,376007,KEEP,keep,kept directory gauntlet/ext/corpus_v3/
scratchpad/gauntlet/ext/corpus_v3/icebow/replay_00UYPLLURY2U.json,220820,KEEP,keep,kept directory gauntlet/ext/corpus_v3/
scratchpad/gauntlet/ext/corpus_v3/icebow/replay_00VYPLPJGYLY.json,497814,KEEP,keep,kept directory gauntlet/ext/corpus_v3/
scratchpad/gauntlet/ext/corpus_v3/icebow/replay_00VYPLPJLC88.json,427439,KEEP,keep,kept directory gauntlet/ext/corpus_v3/
scratchpad/gauntlet/ext/corpus_v3/icebow/replay_00VYPLPJRYRY.json,284706,KEEP,keep,kept directory gauntlet/ext/corpus_v3/
scratchpad/gauntlet/ext/corpus_v3/icebow/replay_00VYPQ8LLRP2.json,371463,KEEP,keep,kept directory gauntlet/ext/corpus_v3/
scratchpad/gauntlet/ext/corpus_v3/icebow/replay_00VYPQ8LYLJQ.json,272481,KEEP,keep,kept directory gauntlet/ext/corpus_v3/
scratchpad/gauntlet/ext/corpus_v3/icebow/replay_00VYPQL2JVRQ.json,321251,KEEP,keep,kept directory gauntlet/ext/corpus_v3/
scratchpad/gauntlet/ext/corpus_v3/icebow/replay_00VYPQLPVVYU.json,272401,KEEP,keep,kept directory gauntlet/ext/corpus_v3/
scratchpad/gauntlet/ext/corpus_v3/icebow/replay_00VYPQLRGUYL.json,474499,KEEP,keep,kept directory gauntlet/ext/corpus_v3/
scratchpad/gauntlet/ext/corpus_v3/icebow/replay_00VYPQLRU8U0.json,464509,KEEP,keep,kept directory gauntlet/ext/corpus_v3/
scratchpad/gauntlet/ext/corpus_v3/icebow/replay_00VYPQYC2UV9.json,380830,KEEP,keep,kept directory gauntlet/ext/corpus_v3/
scratchpad/gauntlet/ext/corpus_v3/icebow/replay_00VYPQYCLC8P.json,422823,KEEP,keep,kept directory gauntlet/ext/corpus_v3/
scratchpad/gauntlet/ext/corpus_v3/icebow/replay_00VYPQYJJJVQ.json,436604,KEEP,keep,kept directory gauntlet/ext/corpus_v3/
scratchpad/gauntlet/ext/corpus_v3/icebow/replay_00VYPQYJPUR2.json,478594,KEEP,keep,kept directory gauntlet/ext/corpus_v3/
scratchpad/gauntlet/ext/corpus_v3/icebow/replay_00VYPQYJVPJQ.json,485719,KEEP,keep,kept directory gauntlet/ext/corpus_v3/
scratchpad/gauntlet/ext/corpus_v3/icebow/replay_00VYPQYLLL2L.json,426696,KEEP,keep,kept directory gauntlet/ext/corpus_v3/
scratchpad/gauntlet/ext/corpus_v3/icebow/replay_00VYPQYLP2L9.json,485595,KEEP,keep,kept directory gauntlet/ext/corpus_v3/
scratchpad/gauntlet/ext/corpus_v3/icebow/replay_00VYPQYQ0LU0.json,328020,KEEP,keep,kept directory gauntlet/ext/corpus_v3/
scratchpad/gauntlet/ext/corpus_v3/icebow/replay_00VYPQYQR0R0.json,249880,KEEP,keep,kept directory gauntlet/ext/corpus_v3/
scratchpad/gauntlet/ext/corpus_v3/icebow/replay_00VYPQYU90CG.json,264086,KEEP,keep,kept directory gauntlet/ext/corpus_v3/
scratchpad/gauntlet/ext/corpus_v3/icebow/replay_00VYPQYUR99R.json,436562,KEEP,keep,kept directory gauntlet/ext/corpus_v3/
scratchpad/gauntlet/ext/corpus_v3/icebow/replay_00VYPQYY2R0J.json,407399,KEEP,keep,kept directory gauntlet/ext/corpus_v3/
scratchpad/gauntlet/ext/corpus_v3/icebow/replay_00VYPQYYJGL0.json,308401,KEEP,keep,kept directory gauntlet/ext/corpus_v3/
scratchpad/gauntlet/ext/corpus_v3/icebow/replay_00VYPQYYPLG2.json,472189,KEEP,keep,kept directory gauntlet/ext/corpus_v3/
scratchpad/gauntlet/ext/corpus_v3/icebow/replay_00VYPQYYV8C0.json,222800,KEEP,keep,kept directory gauntlet/ext/corpus_v3/
scratchpad/gauntlet/ext/corpus_v3/icebow/replay_00VYPQYYVLV8.json,328058,KEEP,keep,kept directory gauntlet/ext/corpus_v3/
scratchpad/gauntlet/ext/corpus_v3/icebow/replay_00YPU9U2JUPY.json,212540,KEEP,keep,kept directory gauntlet/ext/corpus_v3/
scratchpad/gauntlet/ext/corpus_v3/icebow/replay_00YYP9GQCJGG.json,507516,KEEP,keep,kept directory gauntlet/ext/corpus_v3/
scratchpad/gauntlet/ext/corpus_v3/icebow/replay_00YYP9GQRQ02.json,358248,KEEP,keep,kept directory gauntlet/ext/corpus_v3/
scratchpad/gauntlet/ext/corpus_v3/icebow/replay_00YYP9R9VQYV.json,449917,KEEP,keep,kept directory gauntlet/ext/corpus_v3/
scratchpad/gauntlet/ext/corpus_v3/icebow/replay_00YYP9RP2QUQ.json,283779,KEEP,keep,kept directory gauntlet/ext/corpus_v3/
scratchpad/gauntlet/ext/corpus_v3/icebow/replay_00YYPLLVRJUC.json,381233,KEEP,keep,kept directory gauntlet/ext/corpus_v3/
scratchpad/gauntlet/ext/corpus_v3/icebow/replay_020YPYL2LVU9.json,379734,KEEP,keep,kept directory gauntlet/ext/corpus_v3/
scratchpad/gauntlet/ext/corpus_v3/icebow/replay_020YPYL80RJY.json,408877,KEEP,keep,kept directory gauntlet/ext/corpus_v3/
scratchpad/gauntlet/ext/corpus_v3/icebow/replay_020YPYL89Y8Y.json,450628,KEEP,keep,kept directory gauntlet/ext/corpus_v3/
scratchpad/gauntlet/ext/corpus_v3/icebow/replay_020YPYL9CYUL.json,388300,KEEP,keep,kept directory gauntlet/ext/corpus_v3/
scratchpad/gauntlet/ext/corpus_v3/icebow/replay_020YPYL9R08C.json,175494,KEEP,keep,kept directory gauntlet/ext/corpus_v3/
scratchpad/gauntlet/ext/corpus_v3/icebow/replay_020YPYL9VC0C.json,328639,KEEP,keep,kept directory gauntlet/ext/corpus_v3/
scratchpad/gauntlet/ext/corpus_v3/icebow/replay_020YPYLLQUV0.json,267787,KEEP,keep,kept directory gauntlet/ext/corpus_v3/
scratchpad/gauntlet/ext/corpus_v3/icebow/replay_020YPYLP8YR0.json,432986,KEEP,keep,kept directory gauntlet/ext/corpus_v3/
scratchpad/gauntlet/ext/corpus_v3/icebow/replay_020YPYLPPCPQ.json,348517,KEEP,keep,kept directory gauntlet/ext/corpus_v3/
scratchpad/gauntlet/ext/corpus_v3/icebow/replay_020YPYLY29LP.json,412088,KEEP,keep,kept directory gauntlet/ext/corpus_v3/
scratchpad/gauntlet/ext/corpus_v3/icebow/replay_020YPYP8J9PV.json,489948,KEEP,keep,kept directory gauntlet/ext/corpus_v3/
scratchpad/gauntlet/ext/corpus_v3/icebow/replay_020YPYQ0RRY0.json,227924,KEEP,keep,kept directory gauntlet/ext/corpus_v3/
scratchpad/gauntlet/ext/corpus_v3/icebow/replay_020YPYQ22GY2.json,364578,KEEP,keep,kept directory gauntlet/ext/corpus_v3/
scratchpad/gauntlet/ext/corpus_v3/icebow/replay_020YPYYQG22L.json,116169,KEEP,keep,kept directory gauntlet/ext/corpus_v3/
scratchpad/gauntlet/ext/corpus_v3/icebow/replay_020YPYYQQ8V8.json,289598,KEEP,keep,kept directory gauntlet/ext/corpus_v3/
scratchpad/gauntlet/ext/corpus_v3/icebow/replay_020YPYYR8Q0P.json,319821,KEEP,keep,kept directory gauntlet/ext/corpus_v3/
scratchpad/gauntlet/ext/corpus_v3/icebow/replay_020YPYYVJR0V.json,271988,KEEP,keep,kept directory gauntlet/ext/corpus_v3/
scratchpad/gauntlet/ext/corpus_v3/icebow/replay_022YYGG82LP0.json,231788,KEEP,keep,kept directory gauntlet/ext/corpus_v3/
scratchpad/gauntlet/ext/corpus_v3/icebow/replay_022YYL8R2GG0.json,220076,KEEP,keep,kept directory gauntlet/ext/corpus_v3/
scratchpad/gauntlet/ext/corpus_v3/icebow/replay_022YYL8YCYC8.json,484749,KEEP,keep,kept directory gauntlet/ext/corpus_v3/
scratchpad/gauntlet/ext/corpus_v3/icebow/replay_022YYLUUPYYV.json,467944,KEEP,keep,kept directory gauntlet/ext/corpus_v3/
scratchpad/gauntlet/ext/corpus_v3/icebow/replay_022YYLV98PVR.json,236437,KEEP,keep,kept directory gauntlet/ext/corpus_v3/
scratchpad/gauntlet/ext/corpus_v3/icebow/replay_022YYLV9QLQJ.json,328638,KEEP,keep,kept directory gauntlet/ext/corpus_v3/
scratchpad/gauntlet/ext/corpus_v3/icebow/replay_022YYLV9V90G.json,454415,KEEP,keep,kept directory gauntlet/ext/corpus_v3/
scratchpad/gauntlet/ext/corpus_v3/icebow/replay_022YYLV9YVJL.json,462589,KEEP,keep,kept directory gauntlet/ext/corpus_v3/
scratchpad/gauntlet/ext/corpus_v3/icebow/replay_022YYQ0RPYY2.json,433165,KEEP,keep,kept directory gauntlet/ext/corpus_v3/
scratchpad/gauntlet/ext/corpus_v3/icebow/replay_022YYQ22298V.json,217810,KEEP,keep,kept directory gauntlet/ext/corpus_v3/
scratchpad/gauntlet/ext/corpus_v3/icebow/replay_022YYQ2G0LPV.json,287320,KEEP,keep,kept directory gauntlet/ext/corpus_v3/
scratchpad/gauntlet/ext/corpus_v3/icebow/replay_022YYQ2QJRPV.json,214140,KEEP,keep,kept directory gauntlet/ext/corpus_v3/
scratchpad/gauntlet/ext/corpus_v3/icebow/replay_022YYQ92909Q.json,481646,KEEP,keep,kept directory gauntlet/ext/corpus_v3/
scratchpad/gauntlet/ext/corpus_v3/icebow/replay_022YYQL2QLUV.json,257317,KEEP,keep,kept directory gauntlet/ext/corpus_v3/
scratchpad/gauntlet/ext/corpus_v3/icebow/replay_022YYQL828PQ.json,306690,KEEP,keep,kept directory gauntlet/ext/corpus_v3/
scratchpad/gauntlet/ext/corpus_v3/icebow/replay_022YYQYV2C2J.json,322389,KEEP,keep,kept directory gauntlet/ext/corpus_v3/
scratchpad/gauntlet/ext/corpus_v3/icebow/replay_022YYQYV9Y2R.json,484596,KEEP,keep,kept directory gauntlet/ext/corpus_v3/
scratchpad/gauntlet/ext/corpus_v3/icebow/replay_022YYYUC8VUJ.json,507297,KEEP,keep,kept directory gauntlet/ext/corpus_v3/
scratchpad/gauntlet/ext/corpus_v3/icebow/replay_022YYYUCQR2V.json,362992,KEEP,keep,kept directory gauntlet/ext/corpus_v3/
scratchpad/gauntlet/ext/corpus_v3/icebow/replay_022YYYUCR9VJ.json,350845,KEEP,keep,kept directory gauntlet/ext/corpus_v3/
scratchpad/gauntlet/ext/corpus_v3/icebow/replay_022YYYUCVPR9.json,475740,KEEP,keep,kept directory gauntlet/ext/corpus_v3/
scratchpad/gauntlet/ext/corpus_v3/icebow/replay_022YYYUU9LPG.json,249278,KEEP,keep,kept directory gauntlet/ext/corpus_v3/
scratchpad/gauntlet/ext/corpus_v3/icebow/replay_022YYYUUQGGJ.json,318526,KEEP,keep,kept directory gauntlet/ext/corpus_v3/
scratchpad/gauntlet/ext/corpus_v3/icebow/replay_022YYYUVGPUU.json,394566,KEEP,keep,kept directory gauntlet/ext/corpus_v3/
scratchpad/gauntlet/ext/corpus_v3/icebow/replay_022YYYVURLCJ.json,445369,KEEP,keep,kept directory gauntlet/ext/corpus_v3/
scratchpad/gauntlet/ext/corpus_v3/icebow/replay_029YPU8902QP.json,179302,KEEP,keep,kept directory gauntlet/ext/corpus_v3/
scratchpad/gauntlet/ext/corpus_v3/icebow/replay_029YPU92PCCV.json,461240,KEEP,keep,kept directory gauntlet/ext/corpus_v3/
scratchpad/gauntlet/ext/corpus_v3/icebow/replay_029YPU9PVU09.json,96108,KEEP,keep,kept directory gauntlet/ext/corpus_v3/
scratchpad/gauntlet/ext/corpus_v3/icebow/replay_029YPU9RVVJL.json,296292,KEEP,keep,kept directory gauntlet/ext/corpus_v3/
scratchpad/gauntlet/ext/corpus_v3/icebow/replay_029YPUPJ0Q00.json,209893,KEEP,keep,kept directory gauntlet/ext/corpus_v3/
scratchpad/gauntlet/ext/corpus_v3/icebow/replay_029YPUPJ80RC.json,238037,KEEP,keep,kept directory gauntlet/ext/corpus_v3/
scratchpad/gauntlet/ext/corpus_v3/icebow/replay_029YPUPJGJGY.json,176921,KEEP,keep,kept directory gauntlet/ext/corpus_v3/
scratchpad/gauntlet/ext/corpus_v3/icebow/replay_029YPUPJYJR9.json,205318,KEEP,keep,kept directory gauntlet/ext/corpus_v3/
scratchpad/gauntlet/ext/corpus_v3/icebow/replay_029YPUPRCPP0.json,327207,KEEP,keep,kept directory gauntlet/ext/corpus_v3/
scratchpad/gauntlet/ext/corpus_v3/icebow/replay_029YPUPRUYQ0.json,218855,KEEP,keep,kept directory gauntlet/ext/corpus_v3/
scratchpad/gauntlet/ext/corpus_v3/icebow/replay_029YPUY02RLL.json,425452,KEEP,keep,kept directory gauntlet/ext/corpus_v3/
scratchpad/gauntlet/ext/corpus_v3/icebow/replay_02GY9GJCR9P0.json,470552,KEEP,keep,kept directory gauntlet/ext/corpus_v3/
scratchpad/gauntlet/ext/corpus_v3/icebow/replay_02GY9GJGYJUV.json,389763,KEEP,keep,kept directory gauntlet/ext/corpus_v3/
scratchpad/gauntlet/ext/corpus_v3/icebow/replay_02GY9GJJLR9Q.json,252771,KEEP,keep,kept directory gauntlet/ext/corpus_v3/
scratchpad/gauntlet/ext/corpus_v3/icebow/replay_02GY9GJQU0UR.json,455087,KEEP,keep,kept directory gauntlet/ext/corpus_v3/
scratchpad/gauntlet/ext/corpus_v3/icebow/replay_02GY9GJRPQ89.json,496248,KEEP,keep,kept directory gauntlet/ext/corpus_v3/
scratchpad/gauntlet/ext/corpus_v3/icebow/replay_02GY9GJRQG2Q.json,53702,KEEP,keep,kept directory gauntlet/ext/corpus_v3/
scratchpad/gauntlet/ext/corpus_v3/icebow/replay_02GY9GJURY8G.json,298917,KEEP,keep,kept directory gauntlet/ext/corpus_v3/
scratchpad/gauntlet/ext/corpus_v3/icebow/replay_02GY9GJV00GV.json,386921,KEEP,keep,kept directory gauntlet/ext/corpus_v3/
scratchpad/gauntlet/ext/corpus_v3/icebow/replay_02GY9GJV8CVG.json,439003,KEEP,keep,kept directory gauntlet/ext/corpus_v3/
scratchpad/gauntlet/ext/corpus_v3/icebow/replay_02GY9GJVQGCQ.json,506624,KEEP,keep,kept directory gauntlet/ext/corpus_v3/
scratchpad/gauntlet/ext/corpus_v3/icebow/replay_02GY9GJVUP00.json,246164,KEEP,keep,kept directory gauntlet/ext/corpus_v3/
scratchpad/gauntlet/ext/corpus_v3/icebow/replay_02GY9GR902G8.json,317477,KEEP,keep,kept directory gauntlet/ext/corpus_v3/
scratchpad/gauntlet/ext/corpus_v3/icebow/replay_02GY9GY2LJ82.json,495114,KEEP,keep,kept directory gauntlet/ext/corpus_v3/
scratchpad/gauntlet/ext/corpus_v3/icebow/replay_02GY9GY2PRPG.json,519518,KEEP,keep,kept directory gauntlet/ext/corpus_v3/
scratchpad/gauntlet/ext/corpus_v3/icebow/replay_02GY9R000JPR.json,436716,KEEP,keep,kept directory gauntlet/ext/corpus_v3/
scratchpad/gauntlet/ext/corpus_v3/icebow/replay_02GY9R002Q9Y.json,75622,KEEP,keep,kept directory gauntlet/ext/corpus_v3/
scratchpad/gauntlet/ext/corpus_v3/icebow/replay_02GY9R00Q82Q.json,327759,KEEP,keep,kept directory gauntlet/ext/corpus_v3/
scratchpad/gauntlet/ext/corpus_v3/icebow/replay_02GY9R08PQ8R.json,482915,KEEP,keep,kept directory gauntlet/ext/corpus_v3/
scratchpad/gauntlet/ext/corpus_v3/icebow/replay_02GY9R09LU8J.json,218546,KEEP,keep,kept directory gauntlet/ext/corpus_v3/
scratchpad/gauntlet/ext/corpus_v3/icebow/replay_02GY9R09YGVG.json,432539,KEEP,keep,kept directory gauntlet/ext/corpus_v3/
scratchpad/gauntlet/ext/corpus_v3/icebow/replay_02GY9RG0GLCL.json,255606,KEEP,keep,kept directory gauntlet/ext/corpus_v3/
scratchpad/gauntlet/ext/corpus_v3/icebow/replay_02GY9RG0VJ0J.json,479215,KEEP,keep,kept directory gauntlet/ext/corpus_v3/
scratchpad/gauntlet/ext/corpus_v3/icebow/replay_02GY9RG220PU.json,291647,KEEP,keep,kept directory gauntlet/ext/corpus_v3/
scratchpad/gauntlet/ext/corpus_v3/icebow/replay_02GY9RG28CU9.json,324035,KEEP,keep,kept directory gauntlet/ext/corpus_v3/
scratchpad/gauntlet/ext/corpus_v3/icebow/replay_02GY9RQC0R20.json,387914,KEEP,keep,kept directory gauntlet/ext/corpus_v3/
scratchpad/gauntlet/ext/corpus_v3/icebow/replay_02GY9RQCCR0C.json,316687,KEEP,keep,kept directory gauntlet/ext/corpus_v3/
scratchpad/gauntlet/ext/corpus_v3/icebow/replay_02GY9RQJJ9RR.json,174728,KEEP,keep,kept directory gauntlet/ext/corpus_v3/
scratchpad/gauntlet/ext/corpus_v3/icebow/replay_02GY9RQJUQ9V.json,480770,KEEP,keep,kept directory gauntlet/ext/corpus_v3/
scratchpad/gauntlet/ext/corpus_v3/icebow/replay_02GY9RQJY8U9.json,460380,KEEP,keep,kept directory gauntlet/ext/corpus_v3/
scratchpad/gauntlet/ext/corpus_v3/icebow/replay_02GY9RQR8V8P.json,290165,KEEP,keep,kept directory gauntlet/ext/corpus_v3/
scratchpad/gauntlet/ext/corpus_v3/icebow/replay_02GY9RQRGRCQ.json,465846,KEEP,keep,kept directory gauntlet/ext/corpus_v3/
scratchpad/gauntlet/ext/corpus_v3/icebow/replay_02GY9RQUPYU8.json,348701,KEEP,keep,kept directory gauntlet/ext/corpus_v3/
scratchpad/gauntlet/ext/corpus_v3/icebow/replay_02JY9G00V9CJ.json,242887,KEEP,keep,kept directory gauntlet/ext/corpus_v3/
scratchpad/gauntlet/ext/corpus_v3/icebow/replay_02JY9G020C2U.json,179554,KEEP,keep,kept directory gauntlet/ext/corpus_v3/
scratchpad/gauntlet/ext/corpus_v3/icebow/replay_02JY9G02LR0U.json,472733,KEEP,keep,kept directory gauntlet/ext/corpus_v3/
scratchpad/gauntlet/ext/corpus_v3/icebow/replay_02JY9G02UJL2.json,274615,KEEP,keep,kept directory gauntlet/ext/corpus_v3/
scratchpad/gauntlet/ext/corpus_v3/icebow/replay_02JY9G082QC2.json,437013,KEEP,keep,kept directory gauntlet/ext/corpus_v3/
scratchpad/gauntlet/ext/corpus_v3/icebow/replay_02JY9G08C0JV.json,436532,KEEP,keep,kept directory gauntlet/ext/corpus_v3/
scratchpad/gauntlet/ext/corpus_v3/icebow/replay_02JY9G08YCQG.json,261777,KEEP,keep,kept directory gauntlet/ext/corpus_v3/
scratchpad/gauntlet/ext/corpus_v3/icebow/replay_02JY9G090029.json,465336,KEEP,keep,kept directory gauntlet/ext/corpus_v3/
scratchpad/gauntlet/ext/corpus_v3/icebow/replay_02JY9G8LJPJV.json,448003,KEEP,keep,kept directory gauntlet/ext/corpus_v3/
scratchpad/gauntlet/ext/corpus_v3/icebow/replay_02JY9G99CGPC.json,269537,KEEP,keep,kept directory gauntlet/ext/corpus_v3/
scratchpad/gauntlet/ext/corpus_v3/icebow/replay_02JY9G99LY0L.json,426848,KEEP,keep,kept directory gauntlet/ext/corpus_v3/
scratchpad/gauntlet/ext/corpus_v3/icebow/replay_02JY9G99RPRU.json,518073,KEEP,keep,kept directory gauntlet/ext/corpus_v3/
scratchpad/gauntlet/ext/corpus_v3/icebow/replay_02JY9G9PP92L.json,492032,KEEP,keep,kept directory gauntlet/ext/corpus_v3/
scratchpad/gauntlet/ext/corpus_v3/icebow/replay_02JY9GL00Q0C.json,522138,KEEP,keep,kept directory gauntlet/ext/corpus_v3/
scratchpad/gauntlet/ext/corpus_v3/icebow/replay_02JY9GL09YJJ.json,446261,KEEP,keep,kept directory gauntlet/ext/corpus_v3/
scratchpad/gauntlet/ext/corpus_v3/icebow/replay_02JY9GL22CYR.json,434370,KEEP,keep,kept directory gauntlet/ext/corpus_v3/
scratchpad/gauntlet/ext/corpus_v3/icebow/replay_02JY9GL9VP9C.json,224931,KEEP,keep,kept directory gauntlet/ext/corpus_v3/
scratchpad/gauntlet/ext/corpus_v3/icebow/replay_02JY9GL9Y90C.json,447947,KEEP,keep,kept directory gauntlet/ext/corpus_v3/
scratchpad/gauntlet/ext/corpus_v3/icebow/replay_02JY9GPPVPPG.json,113719,KEEP,keep,kept directory gauntlet/ext/corpus_v3/
scratchpad/gauntlet/ext/corpus_v3/icebow/replay_02JY9GQY2VCU.json,483141,KEEP,keep,kept directory gauntlet/ext/corpus_v3/
scratchpad/gauntlet/ext/corpus_v3/icebow/replay_02JY9GQYCPCQ.json,400316,KEEP,keep,kept directory gauntlet/ext/corpus_v3/
scratchpad/gauntlet/ext/corpus_v3/icebow/replay_02JY9GQYLVLV.json,481370,KEEP,keep,kept directory gauntlet/ext/corpus_v3/
scratchpad/gauntlet/ext/corpus_v3/icebow/replay_02JY9GYLJC9Y.json,483066,KEEP,keep,kept directory gauntlet/ext/corpus_v3/
scratchpad/gauntlet/ext/corpus_v3/icebow/replay_02JY9GYQ0Q9G.json,353519,KEEP,keep,kept directory gauntlet/ext/corpus_v3/
scratchpad/gauntlet/ext/corpus_v3/icebow/replay_02JY9GYQ89QY.json,131210,KEEP,keep,kept directory gauntlet/ext/corpus_v3/
scratchpad/gauntlet/ext/corpus_v3/icebow/replay_02JY9RG2YU9Q.json,308129,KEEP,keep,kept directory gauntlet/ext/corpus_v3/
scratchpad/gauntlet/ext/corpus_v3/icebow/replay_02LY9LJV20Q9.json,392492,KEEP,keep,kept directory gauntlet/ext/corpus_v3/
scratchpad/gauntlet/ext/corpus_v3/icebow/replay_02LY9LJV8Q0C.json,411231,KEEP,keep,kept directory gauntlet/ext/corpus_v3/
scratchpad/gauntlet/ext/corpus_v3/icebow/replay_02PYPULJRUJU.json,430049,KEEP,keep,kept directory gauntlet/ext/corpus_v3/
scratchpad/gauntlet/ext/corpus_v3/icebow/replay_02PYPULRQRYG.json,521325,KEEP,keep,kept directory gauntlet/ext/corpus_v3/
scratchpad/gauntlet/ext/corpus_v3/icebow/replay_02PYPULRV008.json,486576,KEEP,keep,kept directory gauntlet/ext/corpus_v3/
scratchpad/gauntlet/ext/corpus_v3/icebow/replay_02PYPULRYPQP.json,441429,KEEP,keep,kept directory gauntlet/ext/corpus_v3/
scratchpad/gauntlet/ext/corpus_v3/icebow/replay_02PYPUP2U8PP.json,458023,KEEP,keep,kept directory gauntlet/ext/corpus_v3/
scratchpad/gauntlet/ext/corpus_v3/icebow/replay_02PYPUP2VP0P.json,277043,KEEP,keep,kept directory gauntlet/ext/corpus_v3/
scratchpad/gauntlet/ext/corpus_v3/icebow/replay_02PYPUP88Q2Y.json,184896,KEEP,keep,kept directory gauntlet/ext/corpus_v3/
scratchpad/gauntlet/ext/corpus_v3/icebow/replay_02PYPUQ0JU0C.json,300500,KEEP,keep,kept directory gauntlet/ext/corpus_v3/
scratchpad/gauntlet/ext/corpus_v3/icebow/replay_02PYPURLPG20.json,225777,KEEP,keep,kept directory gauntlet/ext/corpus_v3/
scratchpad/gauntlet/ext/corpus_v3/icebow/replay_02QY9G8JQQJY.json,497501,KEEP,keep,kept directory gauntlet/ext/corpus_v3/
scratchpad/gauntlet/ext/corpus_v3/icebow/replay_02QY9G8JR0CL.json,216552,KEEP,keep,kept directory gauntlet/ext/corpus_v3/
scratchpad/gauntlet/ext/corpus_v3/icebow/replay_02QY9GP89C0V.json,448192,KEEP,keep,kept directory gauntlet/ext/corpus_v3/
scratchpad/gauntlet/ext/corpus_v3/icebow/replay_02QY9Q8VCCYQ.json,417853,KEEP,keep,kept directory gauntlet/ext/corpus_v3/
scratchpad/gauntlet/ext/corpus_v3/icebow/replay_02QY9Q8VGVGQ.json,485642,KEEP,keep,kept directory gauntlet/ext/corpus_v3/
scratchpad/gauntlet/ext/corpus_v3/icebow/replay_02QY9Q900RQL.json,468823,KEEP,keep,kept directory gauntlet/ext/corpus_v3/
scratchpad/gauntlet/ext/corpus_v3/icebow/replay_02QY9Q90JPCL.json,448241,KEEP,keep,kept directory gauntlet/ext/corpus_v3/
scratchpad/gauntlet/ext/corpus_v3/icebow/replay_02QY9Q90QQ9V.json,473123,KEEP,keep,kept directory gauntlet/ext/corpus_v3/
scratchpad/gauntlet/ext/corpus_v3/icebow/replay_02QY9Q90VQ02.json,280666,KEEP,keep,kept directory gauntlet/ext/corpus_v3/
scratchpad/gauntlet/ext/corpus_v3/icebow/replay_02QY9Q928Y8C.json,331800,KEEP,keep,kept directory gauntlet/ext/corpus_v3/
scratchpad/gauntlet/ext/corpus_v3/icebow/replay_02QY9Q92CGV0.json,113625,KEEP,keep,kept directory gauntlet/ext/corpus_v3/
scratchpad/gauntlet/ext/corpus_v3/icebow/replay_02QY9Q92QPGC.json,271599,KEEP,keep,kept directory gauntlet/ext/corpus_v3/
scratchpad/gauntlet/ext/corpus_v3/icebow/replay_02QY9Q980YV0.json,427205,KEEP,keep,kept directory gauntlet/ext/corpus_v3/
scratchpad/gauntlet/ext/corpus_v3/icebow/replay_02QY9Q98C0J8.json,433477,KEEP,keep,kept directory gauntlet/ext/corpus_v3/
scratchpad/gauntlet/ext/corpus_v3/icebow/replay_02QY9Q98RUYC.json,286339,KEEP,keep,kept directory gauntlet/ext/corpus_v3/
scratchpad/gauntlet/ext/corpus_v3/icebow/replay_02QY9Q9CCQ2J.json,313971,KEEP,keep,kept directory gauntlet/ext/corpus_v3/
scratchpad/gauntlet/ext/corpus_v3/icebow/replay_02QY9Q9L9CLL.json,526409,KEEP,keep,kept directory gauntlet/ext/corpus_v3/
scratchpad/gauntlet/ext/corpus_v3/icebow/replay_02QY9Q9LCCQQ.json,331097,KEEP,keep,kept directory gauntlet/ext/corpus_v3/
scratchpad/gauntlet/ext/corpus_v3/icebow/replay_02QY9Q9P0CRP.json,302522,KEEP,keep,kept directory gauntlet/ext/corpus_v3/
scratchpad/gauntlet/ext/corpus_v3/icebow/replay_02QY9Q9PCGCP.json,241994,KEEP,keep,kept directory gauntlet/ext/corpus_v3/
scratchpad/gauntlet/ext/corpus_v3/icebow/replay_02QY9Q9PY29C.json,368127,KEEP,keep,kept directory gauntlet/ext/corpus_v3/
scratchpad/gauntlet/ext/corpus_v3/icebow/replay_02QY9Q9YY089.json,405036,KEEP,keep,kept directory gauntlet/ext/corpus_v3/
scratchpad/gauntlet/ext/corpus_v3/icebow/replay_02QY9QCQQ9YY.json,275813,KEEP,keep,kept directory gauntlet/ext/corpus_v3/
scratchpad/gauntlet/ext/corpus_v3/icebow/replay_02QY9QRV8GU8.json,431386,KEEP,keep,kept directory gauntlet/ext/corpus_v3/
scratchpad/gauntlet/ext/corpus_v3/icebow/replay_02QY9QU8VRQP.json,226657,KEEP,keep,kept directory gauntlet/ext/corpus_v3/
scratchpad/gauntlet/ext/corpus_v3/icebow/replay_02QY9QU9Q09U.json,481698,KEEP,keep,kept directory gauntlet/ext/corpus_v3/
scratchpad/gauntlet/ext/corpus_v3/icebow/replay_02QY9QURVJR8.json,497446,KEEP,keep,kept directory gauntlet/ext/corpus_v3/
scratchpad/gauntlet/ext/corpus_v3/icebow/replay_02QY9QUVVYUQ.json,319634,KEEP,keep,kept directory gauntlet/ext/corpus_v3/
scratchpad/gauntlet/ext/corpus_v3/icebow/replay_02RY9GU2C2JG.json,491510,KEEP,keep,kept directory gauntlet/ext/corpus_v3/
scratchpad/gauntlet/ext/corpus_v3/icebow/replay_02RY9RVV2LY8.json,237539,KEEP,keep,kept directory gauntlet/ext/corpus_v3/
scratchpad/gauntlet/ext/corpus_v3/icebow/replay_02YYPJ020YLY.json,448999,KEEP,keep,kept directory gauntlet/ext/corpus_v3/
scratchpad/gauntlet/ext/corpus_v3/icebow/replay_02YYPRQJYJJR.json,226813,KEEP,keep,kept directory gauntlet/ext/corpus_v3/
scratchpad/gauntlet/ext/corpus_v3/icebow/replay_02YYPUG02JYV.json,289902,KEEP,keep,kept directory gauntlet/ext/corpus_v3/
scratchpad/gauntlet/ext/corpus_v3/icebow/replay_02YYPUG09Q92.json,118474,KEEP,keep,kept directory gauntlet/ext/corpus_v3/
scratchpad/gauntlet/ext/corpus_v3/icebow/replay_02YYPUJ220L2.json,367884,KEEP,keep,kept directory gauntlet/ext/corpus_v3/
scratchpad/gauntlet/ext/corpus_v3/icebow/replay_02YYPUQ082YP.json,290673,KEEP,keep,kept directory gauntlet/ext/corpus_v3/
scratchpad/gauntlet/ext/corpus_v3/icebow/replay_02YYPUQ0RPG0.json,414817,KEEP,keep,kept directory gauntlet/ext/corpus_v3/
scratchpad/gauntlet/ext/corpus_v3/icebow/replay_02YYPUQ98LJ8.json,222875,KEEP,keep,kept directory gauntlet/ext/corpus_v3/
scratchpad/gauntlet/ext/corpus_v3/icebow/replay_02YYPURL2JYR.json,473455,KEEP,keep,kept directory gauntlet/ext/corpus_v3/
scratchpad/gauntlet/ext/corpus_v3/icebow/replay_02YYPURYV2CL.json,409959,KEEP,keep,kept directory gauntlet/ext/corpus_v3/
scratchpad/gauntlet/ext/corpus_v3/icebow/replay_02YYPUURQVRP.json,488065,KEEP,keep,kept directory gauntlet/ext/corpus_v3/
scratchpad/gauntlet/ext/corpus_v3/icebow/replay_02YYPUV088YU.json,222925,KEEP,keep,kept directory gauntlet/ext/corpus_v3/
scratchpad/gauntlet/ext/corpus_v3/icebow/replay_02YYPUV2GGCL.json,482913,KEEP,keep,kept directory gauntlet/ext/corpus_v3/
scratchpad/gauntlet/ext/corpus_v3/icebow/replay_02YYPUV2LLPP.json,359943,KEEP,keep,kept directory gauntlet/ext/corpus_v3/
scratchpad/gauntlet/ext/corpus_v3/icebow/replay_02YYPUV2PCG2.json,270046,KEEP,keep,kept directory gauntlet/ext/corpus_v3/
scratchpad/gauntlet/ext/corpus_v3/icebow/replay_080Y8G98G8U0.json,188742,KEEP,keep,kept directory gauntlet/ext/corpus_v3/
scratchpad/gauntlet/ext/corpus_v3/icebow/replay_080Y8G98LRUU.json,495464,KEEP,keep,kept directory gauntlet/ext/corpus_v3/
scratchpad/gauntlet/ext/corpus_v3/icebow/replay_080Y8G98UYYQ.json,385556,KEEP,keep,kept directory gauntlet/ext/corpus_v3/
scratchpad/gauntlet/ext/corpus_v3/icebow/replay_080Y8QJ9GJYG.json,329274,KEEP,keep,kept directory gauntlet/ext/corpus_v3/
scratchpad/gauntlet/ext/corpus_v3/icebow/replay_080Y8QJ9YGUV.json,441458,KEEP,keep,kept directory gauntlet/ext/corpus_v3/
scratchpad/gauntlet/ext/corpus_v3/icebow/replay_080Y8QJP9VL2.json,515861,KEEP,keep,kept directory gauntlet/ext/corpus_v3/
scratchpad/gauntlet/ext/corpus_v3/icebow/replay_080Y8QLU08GY.json,186692,KEEP,keep,kept directory gauntlet/ext/corpus_v3/
scratchpad/gauntlet/ext/corpus_v3/icebow/replay_080Y8QLUPRYR.json,257234,KEEP,keep,kept directory gauntlet/ext/corpus_v3/
scratchpad/gauntlet/ext/corpus_v3/icebow/replay_080Y8QRLPU22.json,415059,KEEP,keep,kept directory gauntlet/ext/corpus_v3/
scratchpad/gauntlet/ext/corpus_v3/icebow/replay_082Y8G220VQR.json,473662,KEEP,keep,kept directory gauntlet/ext/corpus_v3/
scratchpad/gauntlet/ext/corpus_v3/icebow/replay_082Y8G229YQL.json,504060,KEEP,keep,kept directory gauntlet/ext/corpus_v3/
scratchpad/gauntlet/ext/corpus_v3/icebow/replay_082Y8G2QG0YV.json,280156,KEEP,keep,kept directory gauntlet/ext/corpus_v3/
scratchpad/gauntlet/ext/corpus_v3/icebow/replay_082Y8Q0CRU92.json,452374,KEEP,keep,kept directory gauntlet/ext/corpus_v3/
scratchpad/gauntlet/ext/corpus_v3/icebow/replay_082Y8QCVV0RV.json,226039,KEEP,keep,kept directory gauntlet/ext/corpus_v3/
scratchpad/gauntlet/ext/corpus_v3/icebow/replay_082Y8QUJQPG0.json,476061,KEEP,keep,kept directory gauntlet/ext/corpus_v3/
scratchpad/gauntlet/ext/corpus_v3/icebow/replay_088Y88LLCJRY.json,510257,KEEP,keep,kept directory gauntlet/ext/corpus_v3/
scratchpad/gauntlet/ext/corpus_v3/icebow/replay_088Y88LQYJ00.json,131137,KEEP,keep,kept directory gauntlet/ext/corpus_v3/
scratchpad/gauntlet/ext/corpus_v3/icebow/replay_088Y88VU9LP2.json,434444,KEEP,keep,kept directory gauntlet/ext/corpus_v3/
scratchpad/gauntlet/ext/corpus_v3/icebow/replay_089Y82RUVYR0.json,496164,KEEP,keep,kept directory gauntlet/ext/corpus_v3/
scratchpad/gauntlet/ext/corpus_v3/icebow/replay_089Y82V0CP0R.json,383892,KEEP,keep,kept directory gauntlet/ext/corpus_v3/
scratchpad/gauntlet/ext/corpus_v3/icebow/replay_089Y888UPL99.json,210946,KEEP,keep,kept directory gauntlet/ext/corpus_v3/
scratchpad/gauntlet/ext/corpus_v3/icebow/replay_089Y889PQRVG.json,214901,KEEP,keep,kept directory gauntlet/ext/corpus_v3/
scratchpad/gauntlet/ext/corpus_v3/icebow/replay_089Y88PC2YLQ.json,431934,KEEP,keep,kept directory gauntlet/ext/corpus_v3/
scratchpad/gauntlet/ext/corpus_v3/icebow/replay_089Y88RJ920Y.json,501689,KEEP,keep,kept directory gauntlet/ext/corpus_v3/
scratchpad/gauntlet/ext/corpus_v3/icebow/replay_089Y88ULJL28.json,508552,KEEP,keep,kept directory gauntlet/ext/corpus_v3/
scratchpad/gauntlet/ext/corpus_v3/icebow/replay_089Y88YLCRPG.json,436363,KEEP,keep,kept directory gauntlet/ext/corpus_v3/
scratchpad/gauntlet/ext/corpus_v3/icebow/replay_089Y892Y9L2U.json,447522,KEEP,keep,kept directory gauntlet/ext/corpus_v3/
scratchpad/gauntlet/ext/corpus_v3/icebow/replay_08CPVJ98RC99.json,400139,KEEP,keep,kept directory gauntlet/ext/corpus_v3/
scratchpad/gauntlet/ext/corpus_v3/icebow/replay_08CPVJL8Y8CL.json,301034,KEEP,keep,kept directory gauntlet/ext/corpus_v3/
scratchpad/gauntlet/ext/corpus_v3/icebow/replay_08CPVJQ92GP2.json,360516,KEEP,keep,kept directory gauntlet/ext/corpus_v3/
scratchpad/gauntlet/ext/corpus_v3/icebow/replay_08CPVJQ9PCYV.json,476498,KEEP,keep,kept directory gauntlet/ext/corpus_v3/
scratchpad/gauntlet/ext/corpus_v3/icebow/replay_08CPVR8P2JPV.json,491138,KEEP,keep,kept directory gauntlet/ext/corpus_v3/
scratchpad/gauntlet/ext/corpus_v3/icebow/replay_08CPVRGQRVGP.json,467202,KEEP,keep,kept directory gauntlet/ext/corpus_v3/
scratchpad/gauntlet/ext/corpus_v3/icebow/replay_08CPVRQ9JCLR.json,307430,KEEP,keep,kept directory gauntlet/ext/corpus_v3/
scratchpad/gauntlet/ext/corpus_v3/icebow/replay_08CPVRQ9RQUY.json,153456,KEEP,keep,kept directory gauntlet/ext/corpus_v3/
scratchpad/gauntlet/ext/corpus_v3/icebow/replay_08CPVRQPJLPG.json,512659,KEEP,keep,kept directory gauntlet/ext/corpus_v3/
scratchpad/gauntlet/ext/corpus_v3/icebow/replay_08CPVRRCJY0J.json,116069,KEEP,keep,kept directory gauntlet/ext/corpus_v3/
scratchpad/gauntlet/ext/corpus_v3/icebow/replay_08CPVRRCV922.json,311314,KEEP,keep,kept directory gauntlet/ext/corpus_v3/
scratchpad/gauntlet/ext/corpus_v3/icebow/replay_08CPVRRJ9C2L.json,475706,KEEP,keep,kept directory gauntlet/ext/corpus_v3/
scratchpad/gauntlet/ext/corpus_v3/icebow/replay_08CPVRRR8PYC.json,238816,KEEP,keep,kept directory gauntlet/ext/corpus_v3/
scratchpad/gauntlet/ext/corpus_v3/icebow/replay_08CPVRRRC0P8.json,219098,KEEP,keep,kept directory gauntlet/ext/corpus_v3/
scratchpad/gauntlet/ext/corpus_v3/icebow/replay_08CPVRRU8VCQ.json,349611,KEEP,keep,kept directory gauntlet/ext/corpus_v3/
scratchpad/gauntlet/ext/corpus_v3/icebow/replay_08CPVRRUR90G.json,296203,KEEP,keep,kept directory gauntlet/ext/corpus_v3/
scratchpad/gauntlet/ext/corpus_v3/icebow/replay_08CPVRRUYG00.json,356961,KEEP,keep,kept directory gauntlet/ext/corpus_v3/
scratchpad/gauntlet/ext/corpus_v3/icebow/replay_08GPVR800YY9.json,448003,KEEP,keep,kept directory gauntlet/ext/corpus_v3/
scratchpad/gauntlet/ext/corpus_v3/icebow/replay_08GPVR9QG0G2.json,437779,KEEP,keep,kept directory gauntlet/ext/corpus_v3/
scratchpad/gauntlet/ext/corpus_v3/icebow/replay_08GPVRPV2Q0J.json,255633,KEEP,keep,kept directory gauntlet/ext/corpus_v3/
scratchpad/gauntlet/ext/corpus_v3/icebow/replay_08GPVRYUQRUL.json,482697,KEEP,keep,kept directory gauntlet/ext/corpus_v3/
scratchpad/gauntlet/ext/corpus_v3/icebow/replay_08JPVCCPP8Y9.json,298979,KEEP,keep,kept directory gauntlet/ext/corpus_v3/
scratchpad/gauntlet/ext/corpus_v3/icebow/replay_08JPVCCQPPQ9.json,367675,KEEP,keep,kept directory gauntlet/ext/corpus_v3/
scratchpad/gauntlet/ext/corpus_v3/icebow/replay_08JPVCUCUL02.json,295818,KEEP,keep,kept directory gauntlet/ext/corpus_v3/
scratchpad/gauntlet/ext/corpus_v3/icebow/replay_08JPVCUVQ9RQ.json,506002,KEEP,keep,kept directory gauntlet/ext/corpus_v3/
scratchpad/gauntlet/ext/corpus_v3/icebow/replay_08JPVCV0292G.json,359348,KEEP,keep,kept directory gauntlet/ext/corpus_v3/
scratchpad/gauntlet/ext/corpus_v3/icebow/replay_08JPVU09GV2L.json,350091,KEEP,keep,kept directory gauntlet/ext/corpus_v3/
scratchpad/gauntlet/ext/corpus_v3/icebow/replay_08JPVU09VY80.json,292338,KEEP,keep,kept directory gauntlet/ext/corpus_v3/
scratchpad/gauntlet/ext/corpus_v3/icebow/replay_08JPVUYC2Y2Q.json,474588,KEEP,keep,kept directory gauntlet/ext/corpus_v3/
scratchpad/gauntlet/ext/corpus_v3/icebow/replay_08LY80VC29RV.json,275874,KEEP,keep,kept directory gauntlet/ext/corpus_v3/
scratchpad/gauntlet/ext/corpus_v3/icebow/replay_08LY880CJ0GV.json,477158,KEEP,keep,kept directory gauntlet/ext/corpus_v3/
scratchpad/gauntlet/ext/corpus_v3/icebow/replay_08PY88PC88QV.json,484852,KEEP,keep,kept directory gauntlet/ext/corpus_v3/
scratchpad/gauntlet/ext/corpus_v3/icebow/replay_08PY88PCQ9C2.json,351021,KEEP,keep,kept directory gauntlet/ext/corpus_v3/
scratchpad/gauntlet/ext/corpus_v3/icebow/replay_08PY88PCV0JQ.json,405495,KEEP,keep,kept directory gauntlet/ext/corpus_v3/
scratchpad/gauntlet/ext/corpus_v3/icebow/replay_08PY88PJYJUR.json,464609,KEEP,keep,kept directory gauntlet/ext/corpus_v3/
scratchpad/gauntlet/ext/corpus_v3/icebow/replay_08PY88PQV2YV.json,274959,KEEP,keep,kept directory gauntlet/ext/corpus_v3/
scratchpad/gauntlet/ext/corpus_v3/icebow/replay_08PY88PR0LJY.json,426788,KEEP,keep,kept directory gauntlet/ext/corpus_v3/
scratchpad/gauntlet/ext/corpus_v3/icebow/replay_08PY88PRLJCQ.json,441343,KEEP,keep,kept directory gauntlet/ext/corpus_v3/
scratchpad/gauntlet/ext/corpus_v3/icebow/replay_08PY88PRRPY2.json,449324,KEEP,keep,kept directory gauntlet/ext/corpus_v3/
scratchpad/gauntlet/ext/corpus_v3/icebow/replay_08PY88PUQVCU.json,482416,KEEP,keep,kept directory gauntlet/ext/corpus_v3/
scratchpad/gauntlet/ext/corpus_v3/icebow/replay_08PY88PUY9YP.json,194629,KEEP,keep,kept directory gauntlet/ext/corpus_v3/
scratchpad/gauntlet/ext/corpus_v3/icebow/replay_08QPVCPC2VCU.json,458244,KEEP,keep,kept directory gauntlet/ext/corpus_v3/
scratchpad/gauntlet/ext/corpus_v3/icebow/replay_08QPVCPC9QQU.json,263841,KEEP,keep,kept directory gauntlet/ext/corpus_v3/
scratchpad/gauntlet/ext/corpus_v3/icebow/replay_08QPVCPCG8L9.json,307112,KEEP,keep,kept directory gauntlet/ext/corpus_v3/
scratchpad/gauntlet/ext/corpus_v3/icebow/replay_08QPVCPCVGVJ.json,225768,KEEP,keep,kept directory gauntlet/ext/corpus_v3/
scratchpad/gauntlet/ext/corpus_v3/icebow/replay_08QPVCPCYU2U.json,476126,KEEP,keep,kept directory gauntlet/ext/corpus_v3/
scratchpad/gauntlet/ext/corpus_v3/icebow/replay_08QPVCPU28C0.json,241870,KEEP,keep,kept directory gauntlet/ext/corpus_v3/
scratchpad/gauntlet/ext/corpus_v3/icebow/replay_08QPVCPULY0V.json,473428,KEEP,keep,kept directory gauntlet/ext/corpus_v3/
scratchpad/gauntlet/ext/corpus_v3/icebow/replay_08RPVCRR0CY8.json,451210,KEEP,keep,kept directory gauntlet/ext/corpus_v3/
scratchpad/gauntlet/ext/corpus_v3/icebow/replay_08RPVCRR2C8V.json,257659,KEEP,keep,kept directory gauntlet/ext/corpus_v3/
scratchpad/gauntlet/ext/corpus_v3/icebow/replay_08UPPVJ9Q88P.json,422431,KEEP,keep,kept directory gauntlet/ext/corpus_v3/
scratchpad/gauntlet/ext/corpus_v3/icebow/replay_08UPPVJ9RPJQ.json,345644,KEEP,keep,kept directory gauntlet/ext/corpus_v3/
scratchpad/gauntlet/ext/corpus_v3/icebow/replay_08UPPVJLRJCC.json,503571,KEEP,keep,kept directory gauntlet/ext/corpus_v3/
scratchpad/gauntlet/ext/corpus_v3/icebow/replay_08UPPVR2JJGQ.json,383054,KEEP,keep,kept directory gauntlet/ext/corpus_v3/
scratchpad/gauntlet/ext/corpus_v3/icebow/replay_08UPPVR2P0CJ.json,260031,KEEP,keep,kept directory gauntlet/ext/corpus_v3/
scratchpad/gauntlet/ext/corpus_v3/icebow/replay_08UPPVRUG889.json,304454,KEEP,keep,kept directory gauntlet/ext/corpus_v3/
scratchpad/gauntlet/ext/corpus_v3/icebow/replay_08UPPVRY0P2V.json,473999,KEEP,keep,kept directory gauntlet/ext/corpus_v3/
scratchpad/gauntlet/ext/corpus_v3/icebow/replay_08VPPUJLGQCG.json,262197,KEEP,keep,kept directory gauntlet/ext/corpus_v3/
scratchpad/gauntlet/ext/corpus_v3/icebow/replay_08YY892LJCG9.json,224464,KEEP,keep,kept directory gauntlet/ext/corpus_v3/
scratchpad/gauntlet/ext/corpus_v3/icebow/replay_08YY892P8Q98.json,514884,KEEP,keep,kept directory gauntlet/ext/corpus_v3/
scratchpad/gauntlet/ext/corpus_v3/icebow/replay_08YY892V8QUU.json,303165,KEEP,keep,kept directory gauntlet/ext/corpus_v3/
scratchpad/gauntlet/ext/corpus_v3/icebow/replay_08YY89822YRQ.json,475958,KEEP,keep,kept directory gauntlet/ext/corpus_v3/
scratchpad/gauntlet/ext/corpus_v3/icebow/replay_08YY8988C0QC.json,167430,KEEP,keep,kept directory gauntlet/ext/corpus_v3/
scratchpad/gauntlet/ext/corpus_v3/icebow/replay_08YY8988V9JL.json,398763,KEEP,keep,kept directory gauntlet/ext/corpus_v3/
scratchpad/gauntlet/ext/corpus_v3/icebow/replay_08YY8989P8J2.json,437306,KEEP,keep,kept directory gauntlet/ext/corpus_v3/
scratchpad/gauntlet/ext/corpus_v3/icebow/replay_08YY898L28JL.json,449964,KEEP,keep,kept directory gauntlet/ext/corpus_v3/
scratchpad/gauntlet/ext/corpus_v3/icebow/replay_08YY898L9JLC.json,212391,KEEP,keep,kept directory gauntlet/ext/corpus_v3/
scratchpad/gauntlet/ext/corpus_v3/icebow/replay_08YY898LQL9V.json,466450,KEEP,keep,kept directory gauntlet/ext/corpus_v3/
scratchpad/gauntlet/ext/corpus_v3/icebow/replay_08YY898LU88C.json,416204,KEEP,keep,kept directory gauntlet/ext/corpus_v3/
scratchpad/gauntlet/ext/corpus_v3/icebow/replay_08YY898LY8G8.json,320557,KEEP,keep,kept directory gauntlet/ext/corpus_v3/
scratchpad/gauntlet/ext/corpus_v3/icebow/replay_08YY898PPLJ9.json,513415,KEEP,keep,kept directory gauntlet/ext/corpus_v3/
scratchpad/gauntlet/ext/corpus_v3/icebow/replay_08YY898Q09RY.json,403122,KEEP,keep,kept directory gauntlet/ext/corpus_v3/
scratchpad/gauntlet/ext/corpus_v3/icebow/replay_08YY898QYRPP.json,270201,KEEP,keep,kept directory gauntlet/ext/corpus_v3/
scratchpad/gauntlet/ext/corpus_v3/icebow/replay_08YY898YJ8LY.json,261040,KEEP,keep,kept directory gauntlet/ext/corpus_v3/
scratchpad/gauntlet/ext/corpus_v3/icebow/replay_08YY89CP980Q.json,448525,KEEP,keep,kept directory gauntlet/ext/corpus_v3/
scratchpad/gauntlet/ext/corpus_v3/icebow/replay_08YY89J02YQU.json,381300,KEEP,keep,kept directory gauntlet/ext/corpus_v3/
scratchpad/gauntlet/ext/corpus_v3/icebow/replay_08YY89J0U0L2.json,511752,KEEP,keep,kept directory gauntlet/ext/corpus_v3/
scratchpad/gauntlet/ext/corpus_v3/icebow/replay_08YY89P0J0PP.json,417813,KEEP,keep,kept directory gauntlet/ext/corpus_v3/
scratchpad/gauntlet/ext/corpus_v3/icebow/replay_08YY89PUQUUR.json,275821,KEEP,keep,kept directory gauntlet/ext/corpus_v3/
scratchpad/gauntlet/ext/corpus_v3/icebow/replay_08YY89PVP0VQ.json,490630,KEEP,keep,kept directory gauntlet/ext/corpus_v3/
scratchpad/gauntlet/ext/corpus_v3/icebow/replay_08YY89RLLULU.json,367007,KEEP,keep,kept directory gauntlet/ext/corpus_v3/
scratchpad/gauntlet/ext/corpus_v3/icebow/replay_08YY89RYY9Q2.json,234577,KEEP,keep,kept directory gauntlet/ext/corpus_v3/
scratchpad/gauntlet/ext/corpus_v3/icebow/replay_08YY89UC20R2.json,489886,KEEP,keep,kept directory gauntlet/ext/corpus_v3/
scratchpad/gauntlet/ext/corpus_v3/icebow/replay_08YY89UL2YVL.json,230715,KEEP,keep,kept directory gauntlet/ext/corpus_v3/
scratchpad/gauntlet/ext/corpus_v3/icebow/replay_08YY89UYVRQR.json,233946,KEEP,keep,kept directory gauntlet/ext/corpus_v3/
scratchpad/gauntlet/ext/corpus_v3/icebow/replay_08YY89Y00RVJ.json,484088,KEEP,keep,kept directory gauntlet/ext/corpus_v3/
scratchpad/gauntlet/ext/corpus_v3/icebow/replay_08YY8P00VJ9G.json,374423,KEEP,keep,kept directory gauntlet/ext/corpus_v3/
scratchpad/gauntlet/ext/corpus_v3/icebow/replay_090PY002PCLQ.json,482968,KEEP,keep,kept directory gauntlet/ext/corpus_v3/
scratchpad/gauntlet/ext/corpus_v3/icebow/replay_090PY02URPU9.json,509966,KEEP,keep,kept directory gauntlet/ext/corpus_v3/
scratchpad/gauntlet/ext/corpus_v3/icebow/replay_090PY0JJ0U09.json,406982,KEEP,keep,kept directory gauntlet/ext/corpus_v3/
scratchpad/gauntlet/ext/corpus_v3/icebow/replay_090PY0Q9JV0G.json,476181,KEEP,keep,kept directory gauntlet/ext/corpus_v3/
scratchpad/gauntlet/ext/corpus_v3/icebow/replay_090PY0Q9PL8G.json,414875,KEEP,keep,kept directory gauntlet/ext/corpus_v3/
scratchpad/gauntlet/ext/corpus_v3/icebow/replay_090PY0QY9C02.json,217690,KEEP,keep,kept directory gauntlet/ext/corpus_v3/
scratchpad/gauntlet/ext/corpus_v3/icebow/replay_090PY0RRGU00.json,476613,KEEP,keep,kept directory gauntlet/ext/corpus_v3/
scratchpad/gauntlet/ext/corpus_v3/icebow/replay_092PPUGY2YRU.json,230228,KEEP,keep,kept directory gauntlet/ext/corpus_v3/
scratchpad/gauntlet/ext/corpus_v3/icebow/replay_092PPVPCRCPC.json,491315,KEEP,keep,kept directory gauntlet/ext/corpus_v3/
scratchpad/gauntlet/ext/corpus_v3/icebow/replay_092PPVPCU9LL.json,285268,KEEP,keep,kept directory gauntlet/ext/corpus_v3/
scratchpad/gauntlet/ext/corpus_v3/icebow/replay_092PPVPU00LV.json,277807,KEEP,keep,kept directory gauntlet/ext/corpus_v3/
scratchpad/gauntlet/ext/corpus_v3/icebow/replay_092PPVPUY8PG.json,363271,KEEP,keep,kept directory gauntlet/ext/corpus_v3/
scratchpad/gauntlet/ext/corpus_v3/icebow/replay_092PPVPV8PRJ.json,257435,KEEP,keep,kept directory gauntlet/ext/corpus_v3/
scratchpad/gauntlet/ext/corpus_v3/icebow/replay_092PPVPVRCYP.json,493517,KEEP,keep,kept directory gauntlet/ext/corpus_v3/
scratchpad/gauntlet/ext/corpus_v3/icebow/replay_092PPVPVULCU.json,479428,KEEP,keep,kept directory gauntlet/ext/corpus_v3/
scratchpad/gauntlet/ext/corpus_v3/icebow/replay_092PPVY0J0J8.json,483958,KEEP,keep,kept directory gauntlet/ext/corpus_v3/
scratchpad/gauntlet/ext/corpus_v3/icebow/replay_092PPVY0Q0CR.json,447373,KEEP,keep,kept directory gauntlet/ext/corpus_v3/
scratchpad/gauntlet/ext/corpus_v3/icebow/replay_092PPVY29Q2V.json,408111,KEEP,keep,kept directory gauntlet/ext/corpus_v3/
scratchpad/gauntlet/ext/corpus_v3/icebow/replay_092PPVY2CGG8.json,278544,KEEP,keep,kept directory gauntlet/ext/corpus_v3/
scratchpad/gauntlet/ext/corpus_v3/icebow/replay_092PPVY2RCUL.json,239897,KEEP,keep,kept directory gauntlet/ext/corpus_v3/
scratchpad/gauntlet/ext/corpus_v3/icebow/replay_092PPVY8298U.json,345716,KEEP,keep,kept directory gauntlet/ext/corpus_v3/
scratchpad/gauntlet/ext/corpus_v3/icebow/replay_092PPVY899LL.json,336086,KEEP,keep,kept directory gauntlet/ext/corpus_v3/
scratchpad/gauntlet/ext/corpus_v3/icebow/replay_092PPVY8PV90.json,247023,KEEP,keep,kept directory gauntlet/ext/corpus_v3/
scratchpad/gauntlet/ext/corpus_v3/icebow/replay_092PPVYP0P8G.json,247050,KEEP,keep,kept directory gauntlet/ext/corpus_v3/
scratchpad/gauntlet/ext/corpus_v3/icebow/replay_092PY0YLY0CV.json,245667,KEEP,keep,kept directory gauntlet/ext/corpus_v3/
scratchpad/gauntlet/ext/corpus_v3/icebow/replay_099P9CJ2P0GQ.json,394481,KEEP,keep,kept directory gauntlet/ext/corpus_v3/
scratchpad/gauntlet/ext/corpus_v3/icebow/replay_099P9CJG0GPU.json,207828,KEEP,keep,kept directory gauntlet/ext/corpus_v3/
scratchpad/gauntlet/ext/corpus_v3/icebow/replay_099P9CJY9LYQ.json,447972,KEEP,keep,kept directory gauntlet/ext/corpus_v3/
scratchpad/gauntlet/ext/corpus_v3/icebow/replay_099P9CJYYR8J.json,323822,KEEP,keep,kept directory gauntlet/ext/corpus_v3/
scratchpad/gauntlet/ext/corpus_v3/icebow/replay_099P9CL0098J.json,137888,KEEP,keep,kept directory gauntlet/ext/corpus_v3/
scratchpad/gauntlet/ext/corpus_v3/icebow/replay_099P9CL292VL.json,229750,KEEP,keep,kept directory gauntlet/ext/corpus_v3/
scratchpad/gauntlet/ext/corpus_v3/icebow/replay_099P9CL8L2QJ.json,298168,KEEP,keep,kept directory gauntlet/ext/corpus_v3/
scratchpad/gauntlet/ext/corpus_v3/icebow/replay_099P9CL8QQLV.json,338546,KEEP,keep,kept directory gauntlet/ext/corpus_v3/
scratchpad/gauntlet/ext/corpus_v3/icebow/replay_099P9CL8RPJ2.json,346781,KEEP,keep,kept directory gauntlet/ext/corpus_v3/
scratchpad/gauntlet/ext/corpus_v3/icebow/replay_099P9CL8U2CY.json,386025,KEEP,keep,kept directory gauntlet/ext/corpus_v3/
scratchpad/gauntlet/ext/corpus_v3/icebow/replay_099P9CL8V9PR.json,262001,KEEP,keep,kept directory gauntlet/ext/corpus_v3/
scratchpad/gauntlet/ext/corpus_v3/icebow/replay_099P9CL8Y8UU.json,227009,KEEP,keep,kept directory gauntlet/ext/corpus_v3/
scratchpad/gauntlet/ext/corpus_v3/icebow/replay_099P9CL9L2YY.json,242069,KEEP,keep,kept directory gauntlet/ext/corpus_v3/
scratchpad/gauntlet/ext/corpus_v3/icebow/replay_099P9CL9QC2R.json,424579,KEEP,keep,kept directory gauntlet/ext/corpus_v3/
scratchpad/gauntlet/ext/corpus_v3/icebow/replay_099P9CL9R9J0.json,207761,KEEP,keep,kept directory gauntlet/ext/corpus_v3/
scratchpad/gauntlet/ext/corpus_v3/icebow/replay_099P9CL9Y02U.json,323537,KEEP,keep,kept directory gauntlet/ext/corpus_v3/
scratchpad/gauntlet/ext/corpus_v3/icebow/replay_099P9CPLRU9U.json,410044,KEEP,keep,kept directory gauntlet/ext/corpus_v3/
scratchpad/gauntlet/ext/corpus_v3/icebow/replay_099P9CPYL29J.json,219646,KEEP,keep,kept directory gauntlet/ext/corpus_v3/
scratchpad/gauntlet/ext/corpus_v3/icebow/replay_099P9CU2CR0R.json,500445,KEEP,keep,kept directory gauntlet/ext/corpus_v3/
scratchpad/gauntlet/ext/corpus_v3/icebow/replay_099P9CUVPYRP.json,250758,KEEP,keep,kept directory gauntlet/ext/corpus_v3/
scratchpad/gauntlet/ext/corpus_v3/icebow/replay_099P9CVPLU0V.json,464434,KEEP,keep,kept directory gauntlet/ext/corpus_v3/
scratchpad/gauntlet/ext/corpus_v3/icebow/replay_099P9CVQUYVR.json,272237,KEEP,keep,kept directory gauntlet/ext/corpus_v3/
scratchpad/gauntlet/ext/corpus_v3/icebow/replay_099P9CYLJ0YY.json,210283,KEEP,keep,kept directory gauntlet/ext/corpus_v3/
scratchpad/gauntlet/ext/corpus_v3/icebow/replay_099P9CYUUCV9.json,239511,KEEP,keep,kept directory gauntlet/ext/corpus_v3/
scratchpad/gauntlet/ext/corpus_v3/icebow/replay_099P9CYV8GRU.json,470665,KEEP,keep,kept directory gauntlet/ext/corpus_v3/
scratchpad/gauntlet/ext/corpus_v3/icebow/replay_099P9CYVYULR.json,486945,KEEP,keep,kept directory gauntlet/ext/corpus_v3/
scratchpad/gauntlet/ext/corpus_v3/icebow/replay_099P9JGUJC2J.json,435979,KEEP,keep,kept directory gauntlet/ext/corpus_v3/
scratchpad/gauntlet/ext/corpus_v3/icebow/replay_09C9JYRPR9C0.json,262217,KEEP,keep,kept directory gauntlet/ext/corpus_v3/
scratchpad/gauntlet/ext/corpus_v3/icebow/replay_09G8JUQGP998.json,469594,KEEP,keep,kept directory gauntlet/ext/corpus_v3/
scratchpad/gauntlet/ext/corpus_v3/icebow/replay_09G8U09LJJC0.json,432711,KEEP,keep,kept directory gauntlet/ext/corpus_v3/
scratchpad/gauntlet/ext/corpus_v3/icebow/replay_09G8U0P9G9LC.json,495340,KEEP,keep,kept directory gauntlet/ext/corpus_v3/
scratchpad/gauntlet/ext/corpus_v3/icebow/replay_09G8U0PJL9C2.json,220717,KEEP,keep,kept directory gauntlet/ext/corpus_v3/
scratchpad/gauntlet/ext/corpus_v3/icebow/replay_09G8U0Q00QUC.json,350286,KEEP,keep,kept directory gauntlet/ext/corpus_v3/
scratchpad/gauntlet/ext/corpus_v3/icebow/replay_09G9JU28VYPC.json,448730,KEEP,keep,kept directory gauntlet/ext/corpus_v3/
scratchpad/gauntlet/ext/corpus_v3/icebow/replay_09G9JU290J8J.json,235637,KEEP,keep,kept directory gauntlet/ext/corpus_v3/
scratchpad/gauntlet/ext/corpus_v3/icebow/replay_09G9JURJRQRR.json,513317,KEEP,keep,kept directory gauntlet/ext/corpus_v3/
scratchpad/gauntlet/ext/corpus_v3/icebow/replay_09G9JUYPG8RV.json,434750,KEEP,keep,kept directory gauntlet/ext/corpus_v3/
scratchpad/gauntlet/ext/corpus_v3/icebow/replay_09G9JUYPUPRQ.json,229919,KEEP,keep,kept directory gauntlet/ext/corpus_v3/
scratchpad/gauntlet/ext/corpus_v3/icebow/replay_09G9JUYPVC8C.json,495443,KEEP,keep,kept directory gauntlet/ext/corpus_v3/
scratchpad/gauntlet/ext/corpus_v3/icebow/replay_09G9JUYPYQCV.json,372798,KEEP,keep,kept directory gauntlet/ext/corpus_v3/
scratchpad/gauntlet/ext/corpus_v3/icebow/replay_09G9JUYY29J9.json,341718,KEEP,keep,kept directory gauntlet/ext/corpus_v3/
scratchpad/gauntlet/ext/corpus_v3/icebow/replay_09LP9C9LQR98.json,229117,KEEP,keep,kept directory gauntlet/ext/corpus_v3/
scratchpad/gauntlet/ext/corpus_v3/icebow/replay_09LP9CCJRUCG.json,230942,KEEP,keep,kept directory gauntlet/ext/corpus_v3/
scratchpad/gauntlet/ext/corpus_v3/icebow/replay_09LP9CUL2YQQ.json,388500,KEEP,keep,kept directory gauntlet/ext/corpus_v3/
scratchpad/gauntlet/ext/corpus_v3/icebow/replay_09LP9U898YJ9.json,434454,KEEP,keep,kept directory gauntlet/ext/corpus_v3/
scratchpad/gauntlet/ext/corpus_v3/icebow/replay_09LP9U9LLR2P.json,459729,KEEP,keep,kept directory gauntlet/ext/corpus_v3/
scratchpad/gauntlet/ext/corpus_v3/icebow/replay_09LP9U9LUYYR.json,264754,KEEP,keep,kept directory gauntlet/ext/corpus_v3/
scratchpad/gauntlet/ext/corpus_v3/icebow/replay_09LP9UPGVJ2L.json,482853,KEEP,keep,kept directory gauntlet/ext/corpus_v3/
scratchpad/gauntlet/ext/corpus_v3/icebow/replay_09LP9UPVUJ2Y.json,216676,KEEP,keep,kept directory gauntlet/ext/corpus_v3/
scratchpad/gauntlet/ext/corpus_v3/icebow/replay_09LP9UY02R8C.json,288645,KEEP,keep,kept directory gauntlet/ext/corpus_v3/
scratchpad/gauntlet/ext/corpus_v3/icebow/replay_09LP9UY09RR2.json,419681,KEEP,keep,kept directory gauntlet/ext/corpus_v3/
scratchpad/gauntlet/ext/corpus_v3/icebow/replay_09LP9UY20QC9.json,443674,KEEP,keep,kept directory gauntlet/ext/corpus_v3/
scratchpad/gauntlet/ext/corpus_v3/icebow/replay_09R9JCC2J9P9.json,485052,KEEP,keep,kept directory gauntlet/ext/corpus_v3/
scratchpad/gauntlet/ext/corpus_v3/icebow/replay_09R9JCJ2UPPQ.json,435311,KEEP,keep,kept directory gauntlet/ext/corpus_v3/
scratchpad/gauntlet/ext/corpus_v3/icebow/replay_09R9JCJ8880P.json,186559,KEEP,keep,kept directory gauntlet/ext/corpus_v3/
scratchpad/gauntlet/ext/corpus_v3/icebow/replay_09R9JCJ8LQRU.json,475598,KEEP,keep,kept directory gauntlet/ext/corpus_v3/
scratchpad/gauntlet/ext/corpus_v3/icebow/replay_09R9JCJ8R8Q0.json,213531,KEEP,keep,kept directory gauntlet/ext/corpus_v3/
scratchpad/gauntlet/ext/corpus_v3/icebow/replay_09R9JCJ90J89.json,472666,KEEP,keep,kept directory gauntlet/ext/corpus_v3/
scratchpad/gauntlet/ext/corpus_v3/icebow/replay_09R9JCRU2VYU.json,391052,KEEP,keep,kept directory gauntlet/ext/corpus_v3/
scratchpad/gauntlet/ext/corpus_v3/icebow/replay_09R9JULGCVU9.json,277357,KEEP,keep,kept directory gauntlet/ext/corpus_v3/
scratchpad/gauntlet/ext/corpus_v3/icebow/summary.jsonl,537978,KEEP,keep,kept directory gauntlet/ext/corpus_v3/
scratchpad/gauntlet/ext/corpus_v3/icebow_run.log,86116,KEEP,keep,kept directory gauntlet/ext/corpus_v3/
scratchpad/gauntlet/ext/corpus_v3/tags_hogeq.json,4736,KEEP,keep,kept directory gauntlet/ext/corpus_v3/
scratchpad/gauntlet/ext/corpus_v3/tags_icebow.json,9904,KEEP,keep,kept directory gauntlet/ext/corpus_v3/
scratchpad/gauntlet/ext/cr_sandbox_internals.md,14571,KEEP,keep,referenced by HANDOFF/GAUNTLET_LOG tail or tracked code
scratchpad/gauntlet/ext/dump/build_bridge.err,0,DELETE,delete,"libg memory dump, regenerable via dump_libg.sh"
scratchpad/gauntlet/ext/dump/build_bridge.out,247,DELETE,delete,"libg memory dump, regenerable via dump_libg.sh"
scratchpad/gauntlet/ext/dump/build_probe.err,216,DELETE,delete,"libg memory dump, regenerable via dump_libg.sh"
scratchpad/gauntlet/ext/dump/build_probe.out,227,DELETE,delete,"libg memory dump, regenerable via dump_libg.sh"
scratchpad/gauntlet/ext/dump/dump_libg.sh,1124,KEEP,keep,dump/ script or source
scratchpad/gauntlet/ext/dump/hold1/battle.bin,2048,DELETE,delete,"libg memory dump, regenerable via dump_libg.sh"
scratchpad/gauntlet/ext/dump/hold1/game_singleton.bin,2048,DELETE,delete,"libg memory dump, regenerable via dump_libg.sh"
scratchpad/gauntlet/ext/dump/hold1/info.json,2380,DELETE,delete,"libg memory dump, regenerable via dump_libg.sh"
scratchpad/gauntlet/ext/dump/hold1/libg_bss_tail.bin,16384,DELETE,delete,"libg memory dump, regenerable via dump_libg.sh"
scratchpad/gauntlet/ext/dump/hold1/libg_data_rw.bin,696320,DELETE,delete,"libg memory dump, regenerable via dump_libg.sh"
scratchpad/gauntlet/ext/dump/hold1/loading_state.bin,512,DELETE,delete,"libg memory dump, regenerable via dump_libg.sh"
scratchpad/gauntlet/ext/dump/hold1/logic_battle.bin,2048,DELETE,delete,"libg memory dump, regenerable via dump_libg.sh"
scratchpad/gauntlet/ext/dump/hold1/maps.txt,199745,DELETE,delete,"libg memory dump, regenerable via dump_libg.sh"
scratchpad/gauntlet/ext/dump/hold1/probe_hold.log,23819,DELETE,delete,"libg memory dump, regenerable via dump_libg.sh"
scratchpad/gauntlet/ext/dump/hold1/runtime_clock.bin,512,DELETE,delete,"libg memory dump, regenerable via dump_libg.sh"
scratchpad/gauntlet/ext/dump/hold1/state.bin,2048,DELETE,delete,"libg memory dump, regenerable via dump_libg.sh"
scratchpad/gauntlet/ext/dump/hold2_ctrl/gm_1b0_before.bin,64,DELETE,delete,"libg memory dump, regenerable via dump_libg.sh"
scratchpad/gauntlet/ext/dump/hold2_ctrl/gm_msg.bin,71,DELETE,delete,"libg memory dump, regenerable via dump_libg.sh"
scratchpad/gauntlet/ext/dump/hold2_ctrl/probe.log,24028,DELETE,delete,"libg memory dump, regenerable via dump_libg.sh"
scratchpad/gauntlet/ext/dump/hold2_ctrl/result.json,459,DELETE,delete,"libg memory dump, regenerable via dump_libg.sh"
scratchpad/gauntlet/ext/dump/hold3_clear/gm_1b0_after.bin,64,DELETE,delete,"libg memory dump, regenerable via dump_libg.sh"
scratchpad/gauntlet/ext/dump/hold3_clear/gm_1b0_before.bin,64,DELETE,delete,"libg memory dump, regenerable via dump_libg.sh"
scratchpad/gauntlet/ext/dump/hold3_clear/gm_msg.bin,71,DELETE,delete,"libg memory dump, regenerable via dump_libg.sh"
scratchpad/gauntlet/ext/dump/hold3_clear/probe.log,24150,DELETE,delete,"libg memory dump, regenerable via dump_libg.sh"
scratchpad/gauntlet/ext/dump/hold3_clear/result.json,461,DELETE,delete,"libg memory dump, regenerable via dump_libg.sh"
scratchpad/gauntlet/ext/dump/hold_dump.py,3837,KEEP,keep,dump/ script or source
scratchpad/gauntlet/ext/dump/hold_fix.py,4560,KEEP,keep,dump/ script or source
scratchpad/gauntlet/ext/dump/libnative_core_probe.author.so,1114128,DELETE,delete,"libg memory dump, regenerable via dump_libg.sh"
scratchpad/gauntlet/ext/dump/lifecycle-probe.author.jar,23120,DELETE,delete,"libg memory dump, regenerable via dump_libg.sh"
scratchpad/gauntlet/ext/dump/live/c_11e8860.elf,472,DELETE,delete,"libg memory dump, regenerable via dump_libg.sh"
scratchpad/gauntlet/ext/dump/live/c_11ea400.elf,536,DELETE,delete,"libg memory dump, regenerable via dump_libg.sh"
scratchpad/gauntlet/ext/dump/live/c_12af100.elf,792,DELETE,delete,"libg memory dump, regenerable via dump_libg.sh"
scratchpad/gauntlet/ext/dump/live/c_72cf47.elf,392,DELETE,delete,"libg memory dump, regenerable via dump_libg.sh"
scratchpad/gauntlet/ext/dump/live/c_b072e0.elf,792,DELETE,delete,"libg memory dump, regenerable via dump_libg.sh"
scratchpad/gauntlet/ext/dump/live/c_b099a0.elf,392,DELETE,delete,"libg memory dump, regenerable via dump_libg.sh"
scratchpad/gauntlet/ext/dump/live/c_b09ba4.elf,376,DELETE,delete,"libg memory dump, regenerable via dump_libg.sh"
scratchpad/gauntlet/ext/dump/live/c_b09d40.elf,360,DELETE,delete,"libg memory dump, regenerable via dump_libg.sh"
scratchpad/gauntlet/ext/dump/live/c_b09ef2.elf,344,DELETE,delete,"libg memory dump, regenerable via dump_libg.sh"
scratchpad/gauntlet/ext/dump/live/c_b0a1a9.elf,344,DELETE,delete,"libg memory dump, regenerable via dump_libg.sh"
scratchpad/gauntlet/ext/dump/live/c_b0a7f3.elf,344,DELETE,delete,"libg memory dump, regenerable via dump_libg.sh"
scratchpad/gauntlet/ext/dump/live/c_b0ad40.elf,424,DELETE,delete,"libg memory dump, regenerable via dump_libg.sh"
scratchpad/gauntlet/ext/dump/live/c_b0ae82.elf,344,DELETE,delete,"libg memory dump, regenerable via dump_libg.sh"
scratchpad/gauntlet/ext/dump/live/c_b0b0dd.elf,344,DELETE,delete,"libg memory dump, regenerable via dump_libg.sh"
scratchpad/gauntlet/ext/dump/live/c_b0b1e0.elf,408,DELETE,delete,"libg memory dump, regenerable via dump_libg.sh"
scratchpad/gauntlet/ext/dump/live/c_b0b323.elf,344,DELETE,delete,"libg memory dump, regenerable via dump_libg.sh"
scratchpad/gauntlet/ext/dump/live/c_b0cf34.elf,344,DELETE,delete,"libg memory dump, regenerable via dump_libg.sh"
scratchpad/gauntlet/ext/dump/live/c_b0d000.elf,792,DELETE,delete,"libg memory dump, regenerable via dump_libg.sh"
scratchpad/gauntlet/ext/dump/live/c_b0d06b.elf,344,DELETE,delete,"libg memory dump, regenerable via dump_libg.sh"
scratchpad/gauntlet/ext/dump/live/c_b0d132.elf,344,DELETE,delete,"libg memory dump, regenerable via dump_libg.sh"
scratchpad/gauntlet/ext/dump/live/c_b0d1ce.elf,344,DELETE,delete,"libg memory dump, regenerable via dump_libg.sh"
scratchpad/gauntlet/ext/dump/live/c_b0d88f.elf,344,DELETE,delete,"libg memory dump, regenerable via dump_libg.sh"
scratchpad/gauntlet/ext/dump/live/c_b1177d.elf,344,DELETE,delete,"libg memory dump, regenerable via dump_libg.sh"
scratchpad/gauntlet/ext/dump/live/c_b11990.elf,344,DELETE,delete,"libg memory dump, regenerable via dump_libg.sh"
scratchpad/gauntlet/ext/dump/live/c_b11ac9.elf,344,DELETE,delete,"libg memory dump, regenerable via dump_libg.sh"
scratchpad/gauntlet/ext/dump/live/c_b11f52.elf,344,DELETE,delete,"libg memory dump, regenerable via dump_libg.sh"
scratchpad/gauntlet/ext/dump/live/c_cf1e1d.elf,392,DELETE,delete,"libg memory dump, regenerable via dump_libg.sh"
scratchpad/gauntlet/ext/dump/live/c_e25600.elf,536,DELETE,delete,"libg memory dump, regenerable via dump_libg.sh"
scratchpad/gauntlet/ext/dump/live/core_live.asm,88700,DELETE,delete,"libg memory dump, regenerable via dump_libg.sh"
scratchpad/gauntlet/ext/dump/live/core_live.elf,5400,DELETE,delete,"libg memory dump, regenerable via dump_libg.sh"
scratchpad/gauntlet/ext/dump/live/f_10b94d0.elf,568,DELETE,delete,"libg memory dump, regenerable via dump_libg.sh"
scratchpad/gauntlet/ext/dump/live/f_10b9a00.elf,568,DELETE,delete,"libg memory dump, regenerable via dump_libg.sh"
scratchpad/gauntlet/ext/dump/live/f_72a7c0.elf,536,DELETE,delete,"libg memory dump, regenerable via dump_libg.sh"
scratchpad/gauntlet/ext/dump/live/f_72b0a0.elf,536,DELETE,delete,"libg memory dump, regenerable via dump_libg.sh"
scratchpad/gauntlet/ext/dump/live/f_72b0e0.elf,4888,DELETE,delete,"libg memory dump, regenerable via dump_libg.sh"
scratchpad/gauntlet/ext/dump/live/f_72d220.elf,568,DELETE,delete,"libg memory dump, regenerable via dump_libg.sh"
scratchpad/gauntlet/ext/dump/live/f_d13290.elf,568,DELETE,delete,"libg memory dump, regenerable via dump_libg.sh"
scratchpad/gauntlet/ext/dump/live/index.txt,297,DELETE,delete,"libg memory dump, regenerable via dump_libg.sh"
scratchpad/gauntlet/ext/dump/live/libg_7ad3d8ec7000_rwxp.bin,25899008,DELETE,delete,"libg memory dump, regenerable via dump_libg.sh"
scratchpad/gauntlet/ext/dump/live/libg_7ad3da77d000_r--p.bin,1040384,DELETE,delete,"libg memory dump, regenerable via dump_libg.sh"
scratchpad/gauntlet/ext/dump/live/libg_7ad3da87e000_rw-p.bin,696320,DELETE,delete,"libg memory dump, regenerable via dump_libg.sh"
scratchpad/gauntlet/ext/dump/live/libg_7ad3da9a7000_rwxp.bin,118784,DELETE,delete,"libg memory dump, regenerable via dump_libg.sh"
scratchpad/gauntlet/ext/dump/live/libg_7ad3da9c4000_r-xp.bin,16384,DELETE,delete,"libg memory dump, regenerable via dump_libg.sh"
scratchpad/gauntlet/ext/dump/live/libg_7ad3da9cb000_rw-p.bin,16384,DELETE,delete,"libg memory dump, regenerable via dump_libg.sh"
scratchpad/gauntlet/ext/dump/live/maps.txt,177885,DELETE,delete,"libg memory dump, regenerable via dump_libg.sh"
scratchpad/gauntlet/ext/dump/memdump,2007192,DELETE,delete,"libg memory dump, regenerable via dump_libg.sh"
scratchpad/gauntlet/ext/dump/memdump.c,1203,KEEP,keep,dump/ script or source
scratchpad/gauntlet/ext/dump/memwrite,2007160,DELETE,delete,"libg memory dump, regenerable via dump_libg.sh"
scratchpad/gauntlet/ext/dump/memwrite.c,1073,KEEP,keep,dump/ script or source
scratchpad/gauntlet/ext/engine_view/000YLY0JCPGL_s1_compact.mp4,10519233,DELETE,delete,"render output of L62/live_view.py, regenerable"
scratchpad/gauntlet/ext/engine_view/000YLY0JCPGL_s1_compact_early_tick701.png,152033,DELETE,delete,"render output of L62/live_view.py, regenerable"
scratchpad/gauntlet/ext/engine_view/000YLY0JCPGL_s1_compact_late_tick5562.png,145882,DELETE,delete,"render output of L62/live_view.py, regenerable"
scratchpad/gauntlet/ext/engine_view/000YLY0JCPGL_s1_compact_mid_tick3358.png,163487,DELETE,delete,"render output of L62/live_view.py, regenerable"
scratchpad/gauntlet/ext/engine_view/000YLY0JCPGL_s1_compact_readout_tick2192.png,143808,DELETE,delete,"render output of L62/live_view.py, regenerable"
scratchpad/gauntlet/ext/engine_view/000YLY0JCPGL_s1_observe_SYNTHETIC_tick1883.png,137426,DELETE,delete,"render output of L62/live_view.py, regenerable"
scratchpad/gauntlet/ext/engine_view/00LYPLJLC80L_s1_full.mp4,61129729,DELETE,delete,"render output of L62/live_view.py, regenerable"
scratchpad/gauntlet/ext/engine_view/00LYPLJLC80L_s1_full_early_tick536.png,138239,DELETE,delete,"render output of L62/live_view.py, regenerable"
scratchpad/gauntlet/ext/engine_view/00LYPLJLC80L_s1_full_late_tick4751.png,137711,DELETE,delete,"render output of L62/live_view.py, regenerable"
scratchpad/gauntlet/ext/engine_view/00LYPLJLC80L_s1_full_mid_tick2644.png,149186,DELETE,delete,"render output of L62/live_view.py, regenerable"
scratchpad/gauntlet/ext/engine_view/00LYPLJLC80L_s1_full_readout_tick1591.png,144660,DELETE,delete,"render output of L62/live_view.py, regenerable"
scratchpad/gauntlet/ext/engine_view/engA_kl_m253_sim.mp4,8574759,DELETE,delete,"render output of L62/live_view.py, regenerable"
scratchpad/gauntlet/ext/engine_view/live_00LYPLJLC80L_rows_sample.json,316055,KEEP,keep,engine_view result json/py/log cited in 5cs.50
scratchpad/gauntlet/ext/engine_view/live_00LYPLJLC80L_s1_sample.mp4,16945780,DELETE,delete,"render output of L62/live_view.py, regenerable"
scratchpad/gauntlet/ext/engine_view/live_00LYPLJLC80L_s1_sample_still263_tick2650.png,230809,DELETE,delete,"render output of L62/live_view.py, regenerable"
scratchpad/gauntlet/ext/engine_view/live_00LYPLJLC80L_s1_sample_still447_tick4490.png,193908,DELETE,delete,"render output of L62/live_view.py, regenerable"
scratchpad/gauntlet/ext/engine_view/live_00LYPLJLC80L_s1_sample_still63_tick650.png,186397,DELETE,delete,"render output of L62/live_view.py, regenerable"
scratchpad/gauntlet/ext/engine_view/live_00LYPLJLC80L_s1_tau025.mp4,16768275,DELETE,delete,"render output of L62/live_view.py, regenerable"
scratchpad/gauntlet/ext/engine_view/live_00LYPLJLC80L_s1_tau025_still263_tick2650.png,231167,DELETE,delete,"render output of L62/live_view.py, regenerable"
scratchpad/gauntlet/ext/engine_view/live_00LYPLJLC80L_s1_tau025_still447_tick4490.png,199631,DELETE,delete,"render output of L62/live_view.py, regenerable"
scratchpad/gauntlet/ext/engine_view/live_00LYPLJLC80L_s1_tau025_still63_tick650.png,193616,DELETE,delete,"render output of L62/live_view.py, regenerable"
scratchpad/gauntlet/ext/engine_view/live_artifact_check.json,669,KEEP,keep,engine_view result json/py/log cited in 5cs.50
scratchpad/gauntlet/ext/engine_view/live_artifact_headless.json,1065,KEEP,keep,engine_view result json/py/log cited in 5cs.50
scratchpad/gauntlet/ext/engine_view/live_artifact_shot_band.png,362116,DELETE,delete,"render output of L62/live_view.py, regenerable"
scratchpad/gauntlet/ext/engine_view/live_artifact_shot_top.png,322195,DELETE,delete,"render output of L62/live_view.py, regenerable"
scratchpad/gauntlet/ext/engine_view/live_build_artifact.py,4756,KEEP,keep,engine_view result json/py/log cited in 5cs.50
scratchpad/gauntlet/ext/engine_view/live_payload_00LYPLJLC80L.json,3697595,KEEP,keep,engine_view result json/py/log cited in 5cs.50
scratchpad/gauntlet/ext/engine_view/live_payload_00LYPLJLC80L_v1_prev.json,3613308,KEEP,keep,engine_view result json/py/log cited in 5cs.50
scratchpad/gauntlet/ext/engine_view/live_rule_sweep.json,1161,KEEP,keep,engine_view result json/py/log cited in 5cs.50
scratchpad/gauntlet/ext/engine_view/live_selftest_compact.json,3428,KEEP,keep,engine_view result json/py/log cited in 5cs.50
scratchpad/gauntlet/ext/engine_view/live_selftest_compact.png,213903,DELETE,delete,"render output of L62/live_view.py, regenerable"
scratchpad/gauntlet/ext/engine_view/live_selftest_full.json,3145,KEEP,keep,engine_view result json/py/log cited in 5cs.50
scratchpad/gauntlet/ext/engine_view/live_selftest_full.png,197371,DELETE,delete,"render output of L62/live_view.py, regenerable"
scratchpad/gauntlet/ext/engine_view/live_tau025.log,1400,KEEP,keep,engine_view result json/py/log cited in 5cs.50
scratchpad/gauntlet/ext/install_toolchain.log,152871,DELETE,delete,service/probe log
scratchpad/gauntlet/ext/install_toolchain.nohup,0,KEEP,keep,ext loose script/record
scratchpad/gauntlet/ext/probe_1.err,2946,DELETE,delete,service/probe log
scratchpad/gauntlet/ext/probe_1.log,646,DELETE,delete,service/probe log
scratchpad/gauntlet/ext/probe_direct_1.log,23879,DELETE,delete,service/probe log
scratchpad/gauntlet/ext/probe_dump.err,0,DELETE,delete,service/probe log
scratchpad/gauntlet/ext/probe_dump.log,646,DELETE,delete,service/probe log
scratchpad/gauntlet/ext/probe_fixed.err,153,DELETE,delete,service/probe log
scratchpad/gauntlet/ext/probe_fixed.log,646,DELETE,delete,service/probe log
scratchpad/gauntlet/ext/probe_fullcard.err,149,DELETE,delete,service/probe log
scratchpad/gauntlet/ext/probe_fullcard.log,738,DELETE,delete,service/probe log
scratchpad/gauntlet/ext/probe_newjar.err,147,DELETE,delete,service/probe log
scratchpad/gauntlet/ext/probe_newjar.log,646,DELETE,delete,service/probe log
scratchpad/gauntlet/ext/probe_nosurf.err,0,DELETE,delete,service/probe log
scratchpad/gauntlet/ext/probe_nosurf.log,662,DELETE,delete,service/probe log
scratchpad/gauntlet/ext/probe_nosurf_author.log,10588,DELETE,delete,service/probe log
scratchpad/gauntlet/ext/probe_zhcn.err,150,DELETE,delete,service/probe log
scratchpad/gauntlet/ext/probe_zhcn.log,646,DELETE,delete,service/probe log
scratchpad/gauntlet/ext/pull_apks.log,3008,DELETE,delete,service/probe log
scratchpad/gauntlet/ext/re/bridge_v2/asm/aeo_data.asm,140876,KEEP,keep,kept directory gauntlet/ext/re/
scratchpad/gauntlet/ext/re/bridge_v2/asm/aeo_data_ann.txt,103646,KEEP,keep,kept directory gauntlet/ext/re/
scratchpad/gauntlet/ext/re/bridge_v2/asm/aeo_obj.asm,250191,KEEP,keep,kept directory gauntlet/ext/re/
scratchpad/gauntlet/ext/re/bridge_v2/asm/aeo_rt.asm,394288,KEEP,keep,kept directory gauntlet/ext/re/
scratchpad/gauntlet/ext/re/bridge_v2/asm/buff_rt.asm,175121,KEEP,keep,kept directory gauntlet/ext/re/
scratchpad/gauntlet/ext/re/bridge_v2/asm/buff_rt2.asm,160858,KEEP,keep,kept directory gauntlet/ext/re/
scratchpad/gauntlet/ext/re/bridge_v2/asm/buffasset_load.asm,88308,KEEP,keep,kept directory gauntlet/ext/re/
scratchpad/gauntlet/ext/re/bridge_v2/asm/buffdata_ctor.txt,22978,KEEP,keep,kept directory gauntlet/ext/re/
scratchpad/gauntlet/ext/re/bridge_v2/asm/buffdata_region.asm,803294,KEEP,keep,kept directory gauntlet/ext/re/
scratchpad/gauntlet/ext/re/bridge_v2/asm/buffinst.asm,62647,KEEP,keep,kept directory gauntlet/ext/re/
scratchpad/gauntlet/ext/re/bridge_v2/asm/buffinst2.asm,136777,KEEP,keep,kept directory gauntlet/ext/re/
scratchpad/gauntlet/ext/re/bridge_v2/asm/buftype_parse.asm,17340,KEEP,keep,kept directory gauntlet/ext/re/
scratchpad/gauntlet/ext/re/bridge_v2/asm/char_getters.asm,25466,KEEP,keep,kept directory gauntlet/ext/re/
scratchpad/gauntlet/ext/re/bridge_v2/asm/globalid.asm,8059,KEEP,keep,kept directory gauntlet/ext/re/
scratchpad/gauntlet/ext/re/bridge_v2/asm/gobj_base.asm,11495,KEEP,keep,kept directory gauntlet/ext/re/
scratchpad/gauntlet/ext/re/bridge_v2/asm/gobj_base0.asm,9702,KEEP,keep,kept directory gauntlet/ext/re/
scratchpad/gauntlet/ext/re/bridge_v2/asm/ldata0.asm,24485,KEEP,keep,kept directory gauntlet/ext/re/
scratchpad/gauntlet/ext/re/bridge_v2/asm/ldata_base.asm,29713,KEEP,keep,kept directory gauntlet/ext/re/
scratchpad/gauntlet/ext/re/bridge_v2/asm/ldtable.asm,11248,KEEP,keep,kept directory gauntlet/ext/re/
scratchpad/gauntlet/ext/re/bridge_v2/asm/logicdata.asm,73682,KEEP,keep,kept directory gauntlet/ext/re/
scratchpad/gauntlet/ext/re/bridge_v2/asm/nstring.asm,17555,KEEP,keep,kept directory gauntlet/ext/re/
scratchpad/gauntlet/ext/re/bridge_v2/asm/pj.asm,6004,KEEP,keep,kept directory gauntlet/ext/re/
scratchpad/gauntlet/ext/re/bridge_v2/asm/reg_add.asm,12528,KEEP,keep,kept directory gauntlet/ext/re/
scratchpad/gauntlet/ext/re/bridge_v2/asm/registry.asm,24961,KEEP,keep,kept directory gauntlet/ext/re/
scratchpad/gauntlet/ext/re/bridge_v2/asm/t_0xd9dc80.asm,2003,KEEP,keep,kept directory gauntlet/ext/re/
scratchpad/gauntlet/ext/re/bridge_v2/asm/t_0xdd00a0.asm,2603,KEEP,keep,kept directory gauntlet/ext/re/
scratchpad/gauntlet/ext/re/bridge_v2/asm/t_0xe76100.asm,2080,KEEP,keep,kept directory gauntlet/ext/re/
scratchpad/gauntlet/ext/re/bridge_v2/asm/t_0xe768c0.asm,1915,KEEP,keep,kept directory gauntlet/ext/re/
scratchpad/gauntlet/ext/re/bridge_v2/asm/t_0xf28040.asm,3378,KEEP,keep,kept directory gauntlet/ext/re/
scratchpad/gauntlet/ext/re/bridge_v2/asm/t_0xf2a000.asm,3425,KEEP,keep,kept directory gauntlet/ext/re/
scratchpad/gauntlet/ext/re/bridge_v2/asm/t_chkind.asm,663,KEEP,keep,kept directory gauntlet/ext/re/
scratchpad/gauntlet/ext/re/bridge_v2/asm/t_class3.asm,4779,KEEP,keep,kept directory gauntlet/ext/re/
scratchpad/gauntlet/ext/re/bridge_v2/asm/t_gid.asm,2706,KEEP,keep,kept directory gauntlet/ext/re/
scratchpad/gauntlet/ext/re/bridge_v2/asm/t_life.asm,1611,KEEP,keep,kept directory gauntlet/ext/re/
scratchpad/gauntlet/ext/re/bridge_v2/asm/t_pjkind.asm,422,KEEP,keep,kept directory gauntlet/ext/re/
scratchpad/gauntlet/ext/re/bridge_v2/libnative_core_probe.v1_82887463.so,1116344,KEEP,keep,kept directory gauntlet/ext/re/
scratchpad/gauntlet/ext/re/bridge_v2/libnative_core_probe.v2.so,1410848,KEEP,keep,kept directory gauntlet/ext/re/
scratchpad/gauntlet/ext/re/core.elf,2328,KEEP,keep,kept directory gauntlet/ext/re/
scratchpad/gauntlet/ext/re/core_update.asm,28468,KEEP,keep,kept directory gauntlet/ext/re/
scratchpad/gauntlet/ext/re/core_update.bin,1536,KEEP,keep,kept directory gauntlet/ext/re/
scratchpad/gauntlet/ext/re/lldb_out.txt,215,KEEP,keep,kept directory gauntlet/ext/re/
scratchpad/gauntlet/ext/re/wrap_elf.py,1364,KEEP,keep,kept directory gauntlet/ext/re/
scratchpad/gauntlet/ext/record_08CPVRRR8PYC.err,0,DELETE,delete,service/probe log
scratchpad/gauntlet/ext/record_08CPVRRR8PYC.log,1048,DELETE,delete,service/probe log
scratchpad/gauntlet/ext/record_full_00LYPLJLC80L.log,1062,DELETE,delete,service/probe log
scratchpad/gauntlet/ext/record_full_00LYPLJLC80L.log.err,0,DELETE,delete,service/probe log
scratchpad/gauntlet/ext/replay_00LYPLJLC80L_full_view.html,2639728,DELETE,delete,"v1 recording/view, duplicated in batch_v2 / regenerable"
scratchpad/gauntlet/ext/replay_00LYPLJLC80L_run1.json,9313705,DELETE,delete,"v1 recording/view, duplicated in batch_v2 / regenerable"
scratchpad/gauntlet/ext/replay_08CPVRRR8PYC_run1.json,2960362,DELETE,delete,"v1 recording/view, duplicated in batch_v2 / regenerable"
scratchpad/gauntlet/ext/replay_08CPVRRR8PYC_run2.json,27806,DELETE,delete,"v1 recording/view, duplicated in batch_v2 / regenerable"
scratchpad/gauntlet/ext/replay_08CPVRRR8PYC_view.html,819796,DELETE,delete,"v1 recording/view, duplicated in batch_v2 / regenerable"
scratchpad/gauntlet/ext/replay_drive_08CPVRRR8PYC.err,0,DELETE,delete,service/probe log
scratchpad/gauntlet/ext/replay_drive_08CPVRRR8PYC.log,8834,DELETE,delete,service/probe log
scratchpad/gauntlet/ext/run_probe_direct.ps1,1072,KEEP,keep,ext loose script/record
scratchpad/gauntlet/ext/run_py.ps1,347,KEEP,keep,ext loose script/record
scratchpad/gauntlet/ext/run_smoke.ps1,1585,KEEP,keep,ext loose script/record
scratchpad/gauntlet/ext/service_0.log,15991,DELETE,delete,service/probe log
scratchpad/gauntlet/ext/service_start.err,0,DELETE,delete,service/probe log
scratchpad/gauntlet/ext/service_start.log,683,DELETE,delete,service/probe log
scratchpad/gauntlet/ext/service_start2.err,21155,DELETE,delete,service/probe log
scratchpad/gauntlet/ext/service_start2.log,68,DELETE,delete,service/probe log
scratchpad/gauntlet/ext/service_start3.err,21155,DELETE,delete,service/probe log
scratchpad/gauntlet/ext/service_start3.log,68,DELETE,delete,service/probe log
scratchpad/gauntlet/ext/service_start4.err,0,DELETE,delete,service/probe log
scratchpad/gauntlet/ext/service_start4.log,761,DELETE,delete,service/probe log
scratchpad/gauntlet/ext/service_start4_att1.err,43114,DELETE,delete,service/probe log
scratchpad/gauntlet/ext/service_start4_att2.err,0,DELETE,delete,service/probe log
scratchpad/gauntlet/ext/service_stop.err,0,DELETE,delete,service/probe log
scratchpad/gauntlet/ext/service_stop.log,128,DELETE,delete,service/probe log
scratchpad/gauntlet/ext/smoke_1.err,34641,DELETE,delete,service/probe log
scratchpad/gauntlet/ext/smoke_1.log,919,DELETE,delete,service/probe log
scratchpad/gauntlet/ext/svc_start2.ps1,342,KEEP,keep,ext loose script/record
scratchpad/gauntlet/ext/svc_start4.ps1,507,KEEP,keep,ext loose script/record
scratchpad/gauntlet/ext/usable_replays.json,4288,KEEP,keep,referenced by HANDOFF/GAUNTLET_LOG tail or tracked code
scratchpad/gauntlet/L1/detector_upgrade_recon.md,5837,KEEP,keep,L<N> instrument/record (md/py/sh/ps1/yaml/npy)
scratchpad/gauntlet/L10/gate_m7k5.pt,1935025,KEEP,keep,checkpoint: never delete weights
scratchpad/gauntlet/L10/m7k5_s0.json,2591,DELETE,delete,L1-L61 loop bulk
scratchpad/gauntlet/L10/m7k5_s0.txt,1176,DELETE,delete,L1-L61 loop bulk
scratchpad/gauntlet/L10/m7k5_s1.json,2630,DELETE,delete,L1-L61 loop bulk
scratchpad/gauntlet/L10/m7k5_s1.txt,1177,DELETE,delete,L1-L61 loop bulk
scratchpad/gauntlet/L10/m7k5_s2.json,2631,DELETE,delete,L1-L61 loop bulk
scratchpad/gauntlet/L10/m7k5_s2.txt,1183,DELETE,delete,L1-L61 loop bulk
scratchpad/gauntlet/L11/g05m2k_s0.json,2640,DELETE,delete,L1-L61 loop bulk
scratchpad/gauntlet/L11/g05m2k_s0.txt,1178,DELETE,delete,L1-L61 loop bulk
scratchpad/gauntlet/L11/g05m2k_s1.json,2686,DELETE,delete,L1-L61 loop bulk
scratchpad/gauntlet/L11/g05m2k_s1.txt,1180,DELETE,delete,L1-L61 loop bulk
scratchpad/gauntlet/L11/g05m2k_s2.json,2641,DELETE,delete,L1-L61 loop bulk
scratchpad/gauntlet/L11/g05m2k_s2.txt,1179,DELETE,delete,L1-L61 loop bulk
scratchpad/gauntlet/L11/gate05_m2k.pt,1935229,KEEP,keep,checkpoint: never delete weights
scratchpad/gauntlet/L11/level16-research.md,9837,KEEP,keep,L<N> instrument/record (md/py/sh/ps1/yaml/npy)
scratchpad/gauntlet/L12/stage_timer_smoke_contended.json,1404,DELETE,delete,L1-L61 loop bulk
scratchpad/gauntlet/L12/stage_timer_smoke_net_contended.json,1609,DELETE,delete,L1-L61 loop bulk
scratchpad/gauntlet/L13/probe_18k.json,3442,DELETE,delete,L1-L61 loop bulk
scratchpad/gauntlet/L13/probe_18k.txt,1774,DELETE,delete,L1-L61 loop bulk
scratchpad/gauntlet/L13/probe_gate05_m2k.json,5167,DELETE,delete,L1-L61 loop bulk
scratchpad/gauntlet/L13/probe_gate05_m2k.txt,1702,DELETE,delete,L1-L61 loop bulk
scratchpad/gauntlet/L13/probe_smoke.json,766,DELETE,delete,L1-L61 loop bulk
scratchpad/gauntlet/L13/spell_xbow_probe.py,3642,KEEP,keep,L<N> instrument/record (md/py/sh/ps1/yaml/npy)
scratchpad/gauntlet/L14/pro_bow_timing.py,2975,KEEP,keep,L<N> instrument/record (md/py/sh/ps1/yaml/npy)
scratchpad/gauntlet/L14/pro_bow_timing.txt,690,DELETE,delete,L1-L61 loop bulk
scratchpad/gauntlet/L16/gate05_m5k.pt,1935229,KEEP,keep,checkpoint: never delete weights
scratchpad/gauntlet/L16/m5k_s0.txt,1161,DELETE,delete,L1-L61 loop bulk
scratchpad/gauntlet/L16/m5k_s1.txt,1158,DELETE,delete,L1-L61 loop bulk
scratchpad/gauntlet/L16/m5k_s2.txt,1139,DELETE,delete,L1-L61 loop bulk
scratchpad/gauntlet/L16/pro_spell_niche.py,5546,KEEP,keep,L<N> instrument/record (md/py/sh/ps1/yaml/npy)
scratchpad/gauntlet/L16/pro_spell_niche.txt,3425,DELETE,delete,L1-L61 loop bulk
scratchpad/gauntlet/L16/retarget_reach.py,1954,KEEP,keep,L<N> instrument/record (md/py/sh/ps1/yaml/npy)
scratchpad/gauntlet/L16/sim_18k.json,240226,DELETE,delete,L1-L61 loop bulk
scratchpad/gauntlet/L16/sim_18k.txt,1532,DELETE,delete,L1-L61 loop bulk
scratchpad/gauntlet/L16/sim_m2k.json,82598,DELETE,delete,L1-L61 loop bulk
scratchpad/gauntlet/L16/sim_m2k.txt,1490,DELETE,delete,L1-L61 loop bulk
scratchpad/gauntlet/L16/sim_m5k.json,213036,DELETE,delete,L1-L61 loop bulk
scratchpad/gauntlet/L16/sim_m5k.txt,1834,DELETE,delete,L1-L61 loop bulk
scratchpad/gauntlet/L16/sim_spell_niche.py,10885,KEEP,keep,L<N> instrument/record (md/py/sh/ps1/yaml/npy)
scratchpad/gauntlet/L17/aggro_agreement.py,6858,KEEP,keep,L<N> instrument/record (md/py/sh/ps1/yaml/npy)
scratchpad/gauntlet/L17/agree_m5k.json,7545,DELETE,delete,L1-L61 loop bulk
scratchpad/gauntlet/L17/agree_m5k.txt,1177,DELETE,delete,L1-L61 loop bulk
scratchpad/gauntlet/L17/agree_smoke.txt,1044,DELETE,delete,L1-L61 loop bulk
scratchpad/gauntlet/L17/wiki_Hidden_card_stats,0,KEEP,keep,referenced by HANDOFF/GAUNTLET_LOG tail or tracked code
scratchpad/gauntlet/L17/wiki_Kings_Tower.txt,25260,DELETE,delete,L1-L61 loop bulk
scratchpad/gauntlet/L17/wiki_Knight.txt,34053,DELETE,delete,L1-L61 loop bulk
scratchpad/gauntlet/L17/wiki_sight_range_AesDragon.txt,12093,DELETE,delete,L1-L61 loop bulk
scratchpad/gauntlet/L17/wiki_The_Log.txt,24752,DELETE,delete,L1-L61 loop bulk
scratchpad/gauntlet/L17/wiki_Tornado.txt,25799,DELETE,delete,L1-L61 loop bulk
scratchpad/gauntlet/L17/wiki_Troops_Sight_Ranges.txt,1910,DELETE,delete,L1-L61 loop bulk
scratchpad/gauntlet/L17/wiki_X-Bow.txt,30425,DELETE,delete,L1-L61 loop bulk
scratchpad/gauntlet/L18/cost_probe.py,1508,KEEP,keep,L<N> instrument/record (md/py/sh/ps1/yaml/npy)
scratchpad/gauntlet/L19/baseline.py,1934,KEEP,keep,L<N> instrument/record (md/py/sh/ps1/yaml/npy)
scratchpad/gauntlet/L19/drill_sweep.json,173300,DELETE,delete,L1-L61 loop bulk
scratchpad/gauntlet/L19/drill_sweep.py,5020,KEEP,keep,L<N> instrument/record (md/py/sh/ps1/yaml/npy)
scratchpad/gauntlet/L19/levels.py,1104,KEEP,keep,L<N> instrument/record (md/py/sh/ps1/yaml/npy)
scratchpad/gauntlet/L19/order.py,1808,KEEP,keep,L<N> instrument/record (md/py/sh/ps1/yaml/npy)
scratchpad/gauntlet/L19/ref_variants.py,1152,KEEP,keep,L<N> instrument/record (md/py/sh/ps1/yaml/npy)
scratchpad/gauntlet/L19/refs.py,1794,KEEP,keep,L<N> instrument/record (md/py/sh/ps1/yaml/npy)
scratchpad/gauntlet/L19/spawn_vs_unit.py,1726,KEEP,keep,L<N> instrument/record (md/py/sh/ps1/yaml/npy)
scratchpad/gauntlet/L19/trace_sneaky.py,1440,KEEP,keep,L<N> instrument/record (md/py/sh/ps1/yaml/npy)
scratchpad/gauntlet/L2/screen-y11s.log,17163352,DELETE,delete,L1-L61 loop bulk
scratchpad/gauntlet/L2/screen-y26s.log,17173556,DELETE,delete,L1-L61 loop bulk
scratchpad/gauntlet/L2/screen.progress,436,DELETE,delete,L1-L61 loop bulk
scratchpad/gauntlet/L20/board_sweep.py,3405,KEEP,keep,L<N> instrument/record (md/py/sh/ps1/yaml/npy)
scratchpad/gauntlet/L20/bow_row_probe.py,1439,KEEP,keep,L<N> instrument/record (md/py/sh/ps1/yaml/npy)
scratchpad/gauntlet/L20/cell_probe.py,1101,KEEP,keep,L<N> instrument/record (md/py/sh/ps1/yaml/npy)
scratchpad/gauntlet/L20/legal_sweep.py,2486,KEEP,keep,L<N> instrument/record (md/py/sh/ps1/yaml/npy)
scratchpad/gauntlet/L20/policy_rates.py,946,KEEP,keep,L<N> instrument/record (md/py/sh/ps1/yaml/npy)
scratchpad/gauntlet/L20/rates.py,2066,KEEP,keep,L<N> instrument/record (md/py/sh/ps1/yaml/npy)
scratchpad/gauntlet/L20/trace_drills.py,1243,KEEP,keep,L<N> instrument/record (md/py/sh/ps1/yaml/npy)
scratchpad/gauntlet/L21/gate05_m10k.pt,1935229,KEEP,keep,checkpoint: never delete weights
scratchpad/gauntlet/L21/m10k_copy.txt,45,DELETE,delete,L1-L61 loop bulk
scratchpad/gauntlet/L21/m10k_probe.out,0,DELETE,delete,L1-L61 loop bulk
scratchpad/gauntlet/L21/m10k_probe.sh,819,KEEP,keep,L<N> instrument/record (md/py/sh/ps1/yaml/npy)
scratchpad/gauntlet/L21/m10k_s0.json,2470,DELETE,delete,L1-L61 loop bulk
scratchpad/gauntlet/L21/m10k_s0.txt,1147,DELETE,delete,L1-L61 loop bulk
scratchpad/gauntlet/L21/m10k_s1.json,2437,DELETE,delete,L1-L61 loop bulk
scratchpad/gauntlet/L21/m10k_s1.txt,1147,DELETE,delete,L1-L61 loop bulk
scratchpad/gauntlet/L21/m10k_s2.json,2428,DELETE,delete,L1-L61 loop bulk
scratchpad/gauntlet/L21/m10k_s2.txt,1135,DELETE,delete,L1-L61 loop bulk
scratchpad/gauntlet/L21/policy_gate05_prekill_0051.pt,1935229,KEEP,keep,checkpoint: never delete weights
scratchpad/gauntlet/L21/run_log_lf.txt,586945,DELETE,delete,L1-L61 loop bulk
scratchpad/gauntlet/L22/led_m10k_greedy_s1.json,2548,DELETE,delete,L1-L61 loop bulk
scratchpad/gauntlet/L22/led_m10k_greedy_s1.txt,1618,DELETE,delete,L1-L61 loop bulk
scratchpad/gauntlet/L22/led_m10k_greedy_s2.json,2562,DELETE,delete,L1-L61 loop bulk
scratchpad/gauntlet/L22/led_m10k_greedy_s2.txt,1647,DELETE,delete,L1-L61 loop bulk
scratchpad/gauntlet/L22/led_m10k_greedy_s3.json,2454,DELETE,delete,L1-L61 loop bulk
scratchpad/gauntlet/L22/led_m10k_greedy_s3.txt,1576,DELETE,delete,L1-L61 loop bulk
scratchpad/gauntlet/L22/led_m10k_sampled_s1.json,2669,DELETE,delete,L1-L61 loop bulk
scratchpad/gauntlet/L22/led_m10k_sampled_s1.txt,1708,DELETE,delete,L1-L61 loop bulk
scratchpad/gauntlet/L22/led_m10k_sampled_s2.json,2558,DELETE,delete,L1-L61 loop bulk
scratchpad/gauntlet/L22/led_m10k_sampled_s2.txt,1623,DELETE,delete,L1-L61 loop bulk
scratchpad/gauntlet/L22/led_m10k_sampled_s3.json,2563,DELETE,delete,L1-L61 loop bulk
scratchpad/gauntlet/L22/led_m10k_sampled_s3.txt,1654,DELETE,delete,L1-L61 loop bulk
scratchpad/gauntlet/L22/led_m2k_greedy_s1.json,2674,DELETE,delete,L1-L61 loop bulk
scratchpad/gauntlet/L22/led_m2k_greedy_s1.txt,1685,DELETE,delete,L1-L61 loop bulk
scratchpad/gauntlet/L22/led_m2k_greedy_s2.json,2774,DELETE,delete,L1-L61 loop bulk
scratchpad/gauntlet/L22/led_m2k_greedy_s2.txt,1772,DELETE,delete,L1-L61 loop bulk
scratchpad/gauntlet/L22/led_m2k_greedy_s3.json,2780,DELETE,delete,L1-L61 loop bulk
scratchpad/gauntlet/L22/led_m2k_greedy_s3.txt,1774,DELETE,delete,L1-L61 loop bulk
scratchpad/gauntlet/L22/led_m2k_sampled_s1.json,2664,DELETE,delete,L1-L61 loop bulk
scratchpad/gauntlet/L22/led_m2k_sampled_s1.txt,1717,DELETE,delete,L1-L61 loop bulk
scratchpad/gauntlet/L22/led_m2k_sampled_s2.json,2556,DELETE,delete,L1-L61 loop bulk
scratchpad/gauntlet/L22/led_m2k_sampled_s2.txt,1621,DELETE,delete,L1-L61 loop bulk
scratchpad/gauntlet/L22/led_m2k_sampled_s3.json,2554,DELETE,delete,L1-L61 loop bulk
scratchpad/gauntlet/L22/led_m2k_sampled_s3.txt,1633,DELETE,delete,L1-L61 loop bulk
scratchpad/gauntlet/L22/led_m5k_greedy_s1.json,2674,DELETE,delete,L1-L61 loop bulk
scratchpad/gauntlet/L22/led_m5k_greedy_s1.txt,1716,DELETE,delete,L1-L61 loop bulk
scratchpad/gauntlet/L22/led_m5k_greedy_s2.json,2571,DELETE,delete,L1-L61 loop bulk
scratchpad/gauntlet/L22/led_m5k_greedy_s2.txt,1623,DELETE,delete,L1-L61 loop bulk
scratchpad/gauntlet/L22/led_m5k_greedy_s3.json,2669,DELETE,delete,L1-L61 loop bulk
scratchpad/gauntlet/L22/led_m5k_greedy_s3.txt,1712,DELETE,delete,L1-L61 loop bulk
scratchpad/gauntlet/L22/led_m5k_sampled_s1.json,2678,DELETE,delete,L1-L61 loop bulk
scratchpad/gauntlet/L22/led_m5k_sampled_s1.txt,1711,DELETE,delete,L1-L61 loop bulk
scratchpad/gauntlet/L22/led_m5k_sampled_s2.json,2464,DELETE,delete,L1-L61 loop bulk
scratchpad/gauntlet/L22/led_m5k_sampled_s2.txt,1582,DELETE,delete,L1-L61 loop bulk
scratchpad/gauntlet/L22/led_m5k_sampled_s3.json,2668,DELETE,delete,L1-L61 loop bulk
scratchpad/gauntlet/L22/led_m5k_sampled_s3.txt,1697,DELETE,delete,L1-L61 loop bulk
scratchpad/gauntlet/L22/ledger_grid.sh,578,KEEP,keep,L<N> instrument/record (md/py/sh/ps1/yaml/npy)
scratchpad/gauntlet/L22/prior_pressure.py,3732,KEEP,keep,L<N> instrument/record (md/py/sh/ps1/yaml/npy)
scratchpad/gauntlet/L22/prior_pressure_W10.json,1746,DELETE,delete,L1-L61 loop bulk
scratchpad/gauntlet/L22/prior_pressure_W6.json,1757,DELETE,delete,L1-L61 loop bulk
scratchpad/gauntlet/L22/quiet_stretches.py,4601,KEEP,keep,L<N> instrument/record (md/py/sh/ps1/yaml/npy)
scratchpad/gauntlet/L22/summarise.py,2022,KEEP,keep,L<N> instrument/record (md/py/sh/ps1/yaml/npy)
scratchpad/gauntlet/L22/term_ledger.py,2556,KEEP,keep,L<N> instrument/record (md/py/sh/ps1/yaml/npy)
scratchpad/gauntlet/L24/gatep6_m2k35.pt,1935229,KEEP,keep,checkpoint: never delete weights
scratchpad/gauntlet/L24/probe_m2k35_s0.txt,1181,DELETE,delete,L1-L61 loop bulk
scratchpad/gauntlet/L24/probe_m2k35_s1.txt,1183,DELETE,delete,L1-L61 loop bulk
scratchpad/gauntlet/L24/probe_m2k35_s2.txt,1169,DELETE,delete,L1-L61 loop bulk
scratchpad/gauntlet/L25/gatep6_m5k1.pt,1935229,KEEP,keep,checkpoint: never delete weights
scratchpad/gauntlet/L25/probe_m5k1_s0.txt,1181,DELETE,delete,L1-L61 loop bulk
scratchpad/gauntlet/L25/probe_m5k1_s1.txt,1179,DELETE,delete,L1-L61 loop bulk
scratchpad/gauntlet/L25/probe_m5k1_s2.txt,1179,DELETE,delete,L1-L61 loop bulk
scratchpad/gauntlet/L27/__pycache__/lockaware_agreement.cpython-313.pyc,15721,DELETE,delete,L1-L61 loop bulk
scratchpad/gauntlet/L27/lockaware_agreement.py,8757,KEEP,keep,L<N> instrument/record (md/py/sh/ps1/yaml/npy)
scratchpad/gauntlet/L27/lockaware_m5k.json,15356,DELETE,delete,L1-L61 loop bulk
scratchpad/gauntlet/L27/lockaware_m5k.txt,2447,DELETE,delete,L1-L61 loop bulk
scratchpad/gauntlet/L27/smoke.json,3986,DELETE,delete,L1-L61 loop bulk
scratchpad/gauntlet/L27/smoke.txt,1835,DELETE,delete,L1-L61 loop bulk
scratchpad/gauntlet/L29/cad_f0_s1.json,21441,DELETE,delete,L1-L61 loop bulk
scratchpad/gauntlet/L29/cad_f0_s1.log,8958,DELETE,delete,L1-L61 loop bulk
scratchpad/gauntlet/L29/cad_f0_s2.json,21564,DELETE,delete,L1-L61 loop bulk
scratchpad/gauntlet/L29/cad_f0_s2.log,8994,DELETE,delete,L1-L61 loop bulk
scratchpad/gauntlet/L29/cad_f5_s1.json,21334,DELETE,delete,L1-L61 loop bulk
scratchpad/gauntlet/L29/cad_f5_s1.log,8911,DELETE,delete,L1-L61 loop bulk
scratchpad/gauntlet/L29/cad_f5_s2.json,21457,DELETE,delete,L1-L61 loop bulk
scratchpad/gauntlet/L29/cad_f5_s2.log,8952,DELETE,delete,L1-L61 loop bulk
scratchpad/gauntlet/L29/cad_f6_s1.json,21567,DELETE,delete,L1-L61 loop bulk
scratchpad/gauntlet/L29/cad_f6_s1.log,8997,DELETE,delete,L1-L61 loop bulk
scratchpad/gauntlet/L29/cad_f6_s2.json,21570,DELETE,delete,L1-L61 loop bulk
scratchpad/gauntlet/L29/cad_f6_s2.log,8997,DELETE,delete,L1-L61 loop bulk
scratchpad/gauntlet/L29/cad_f7_s1.json,21562,DELETE,delete,L1-L61 loop bulk
scratchpad/gauntlet/L29/cad_f7_s1.log,8992,DELETE,delete,L1-L61 loop bulk
scratchpad/gauntlet/L29/cad_f7_s2.json,20878,DELETE,delete,L1-L61 loop bulk
scratchpad/gauntlet/L29/cad_f7_s2.log,8738,DELETE,delete,L1-L61 loop bulk
scratchpad/gauntlet/L29/cad_f8_s1.json,21565,DELETE,delete,L1-L61 loop bulk
scratchpad/gauntlet/L29/cad_f8_s1.log,8995,DELETE,delete,L1-L61 loop bulk
scratchpad/gauntlet/L29/cad_f8_s2.json,21559,DELETE,delete,L1-L61 loop bulk
scratchpad/gauntlet/L29/cad_f8_s2.log,8989,DELETE,delete,L1-L61 loop bulk
scratchpad/gauntlet/L29/cadence_floor.py,4361,KEEP,keep,L<N> instrument/record (md/py/sh/ps1/yaml/npy)
scratchpad/gauntlet/L29/cadence_floor_summary.txt,2787,DELETE,delete,L1-L61 loop bulk
scratchpad/gauntlet/L29/identity_check.py,1051,KEEP,keep,L<N> instrument/record (md/py/sh/ps1/yaml/npy)
scratchpad/gauntlet/L2_screen.ps1,1424,KEEP,keep,loose gauntlet script
scratchpad/gauntlet/L2_smoke_yolo26.log,118927,DELETE,delete,loose gauntlet log
scratchpad/gauntlet/L2_smoke_yolo26.log.err,0,DELETE,delete,loose gauntlet log
scratchpad/gauntlet/L3/bank_after.txt,4107110,DELETE,delete,L1-L61 loop bulk
scratchpad/gauntlet/L3/bank_before.txt,3797538,DELETE,delete,L1-L61 loop bulk
scratchpad/gauntlet/L3/holdout_check_358.jpg,411652,DELETE,delete,L1-L61 loop bulk
scratchpad/gauntlet/L3/kitka_dryrun.txt,4585,DELETE,delete,L1-L61 loop bulk
scratchpad/gauntlet/L3/kitka_import_holdout.txt,1555,DELETE,delete,L1-L61 loop bulk
scratchpad/gauntlet/L3/kitka_import_holdout2.txt,1199,DELETE,delete,L1-L61 loop bulk
scratchpad/gauntlet/L3/kitka_import_train.txt,1552,DELETE,delete,L1-L61 loop bulk
scratchpad/gauntlet/L3/kitka_import_train2.txt,1359,DELETE,delete,L1-L61 loop bulk
scratchpad/gauntlet/L3/kitka_split.txt,8099,DELETE,delete,L1-L61 loop bulk
scratchpad/gauntlet/L3/synth_holdout.txt,762,DELETE,delete,L1-L61 loop bulk
scratchpad/gauntlet/L30/big_cards.py,3077,KEEP,keep,L<N> instrument/record (md/py/sh/ps1/yaml/npy)
scratchpad/gauntlet/L30/big_f0_s1.json,4167,DELETE,delete,L1-L61 loop bulk
scratchpad/gauntlet/L30/big_f0_s1.log,229,DELETE,delete,L1-L61 loop bulk
scratchpad/gauntlet/L30/big_f0_s2.json,4098,DELETE,delete,L1-L61 loop bulk
scratchpad/gauntlet/L30/big_f0_s2.log,235,DELETE,delete,L1-L61 loop bulk
scratchpad/gauntlet/L30/big_f7_s1.json,4032,DELETE,delete,L1-L61 loop bulk
scratchpad/gauntlet/L30/big_f7_s1.log,116,DELETE,delete,L1-L61 loop bulk
scratchpad/gauntlet/L30/big_f7_s2.json,4219,DELETE,delete,L1-L61 loop bulk
scratchpad/gauntlet/L30/big_f7_s2.log,116,DELETE,delete,L1-L61 loop bulk
scratchpad/gauntlet/L31/floor7_m2k4.pt,1935229,KEEP,keep,checkpoint: never delete weights
scratchpad/gauntlet/L31/probe_m2k4_s0.json,2562,DELETE,delete,L1-L61 loop bulk
scratchpad/gauntlet/L31/probe_m2k4_s0.txt,1170,DELETE,delete,L1-L61 loop bulk
scratchpad/gauntlet/L31/probe_m2k4_s1.json,2638,DELETE,delete,L1-L61 loop bulk
scratchpad/gauntlet/L31/probe_m2k4_s1.txt,1185,DELETE,delete,L1-L61 loop bulk
scratchpad/gauntlet/L31/probe_m2k4_s2.json,2511,DELETE,delete,L1-L61 loop bulk
scratchpad/gauntlet/L31/probe_m2k4_s2.txt,1160,DELETE,delete,L1-L61 loop bulk
scratchpad/gauntlet/L31/probe_trainenv.py,10915,KEEP,keep,L<N> instrument/record (md/py/sh/ps1/yaml/npy)
scratchpad/gauntlet/L31/tenv_floor7_m2k4_f0_s0.txt,1185,DELETE,delete,L1-L61 loop bulk
scratchpad/gauntlet/L31/tenv_floor7_m2k4_f0_s1.txt,1181,DELETE,delete,L1-L61 loop bulk
scratchpad/gauntlet/L31/tenv_floor7_m2k4_f0_s2.txt,1172,DELETE,delete,L1-L61 loop bulk
scratchpad/gauntlet/L31/tenv_floor7_m2k4_f7_s0.txt,1170,DELETE,delete,L1-L61 loop bulk
scratchpad/gauntlet/L31/tenv_floor7_m2k4_f7_s1.txt,1181,DELETE,delete,L1-L61 loop bulk
scratchpad/gauntlet/L31/tenv_floor7_m2k4_f7_s2.txt,1167,DELETE,delete,L1-L61 loop bulk
scratchpad/gauntlet/L31/tenv_gate05_m2k_f0_s0.txt,1176,DELETE,delete,L1-L61 loop bulk
scratchpad/gauntlet/L31/tenv_gate05_m2k_f0_s1.txt,1182,DELETE,delete,L1-L61 loop bulk
scratchpad/gauntlet/L31/tenv_gate05_m2k_f0_s2.txt,1179,DELETE,delete,L1-L61 loop bulk
scratchpad/gauntlet/L31/tenv_gate05_m2k_f7_s0.txt,1183,DELETE,delete,L1-L61 loop bulk
scratchpad/gauntlet/L31/tenv_gate05_m2k_f7_s1.txt,1183,DELETE,delete,L1-L61 loop bulk
scratchpad/gauntlet/L31/tenv_gate05_m2k_f7_s2.txt,1183,DELETE,delete,L1-L61 loop bulk
scratchpad/gauntlet/L32/floor7_m5k.pt,1935229,KEEP,keep,checkpoint: never delete weights
scratchpad/gauntlet/L32/probe_m5k_s0.json,2541,DELETE,delete,L1-L61 loop bulk
scratchpad/gauntlet/L32/probe_m5k_s0.txt,1157,DELETE,delete,L1-L61 loop bulk
scratchpad/gauntlet/L32/probe_m5k_s1.json,2569,DELETE,delete,L1-L61 loop bulk
scratchpad/gauntlet/L32/probe_m5k_s1.txt,1176,DELETE,delete,L1-L61 loop bulk
scratchpad/gauntlet/L32/probe_m5k_s2.json,2547,DELETE,delete,L1-L61 loop bulk
scratchpad/gauntlet/L32/probe_m5k_s2.txt,1170,DELETE,delete,L1-L61 loop bulk
scratchpad/gauntlet/L34/gatec2_m2k5.pt,1935229,KEEP,keep,checkpoint: never delete weights
scratchpad/gauntlet/L34/probe_m2k5_s0.json,2655,DELETE,delete,L1-L61 loop bulk
scratchpad/gauntlet/L34/probe_m2k5_s0.txt,1177,DELETE,delete,L1-L61 loop bulk
scratchpad/gauntlet/L34/probe_m2k5_s1.json,2667,DELETE,delete,L1-L61 loop bulk
scratchpad/gauntlet/L34/probe_m2k5_s1.txt,1183,DELETE,delete,L1-L61 loop bulk
scratchpad/gauntlet/L34/probe_m2k5_s2.json,2663,DELETE,delete,L1-L61 loop bulk
scratchpad/gauntlet/L34/probe_m2k5_s2.txt,1177,DELETE,delete,L1-L61 loop bulk
scratchpad/gauntlet/L35/cardmix.py,2500,KEEP,keep,L<N> instrument/record (md/py/sh/ps1/yaml/npy)
scratchpad/gauntlet/L35/cont_gatec2_m2k5.txt,451,DELETE,delete,L1-L61 loop bulk
scratchpad/gauntlet/L35/xbow_gatec2_m2k5.txt,936,DELETE,delete,L1-L61 loop bulk
scratchpad/gauntlet/L35/xbow_gatec2_m2k5_phs0.txt,930,DELETE,delete,L1-L61 loop bulk
scratchpad/gauntlet/L36/gatec2_m5k.pt,1935229,KEEP,keep,checkpoint: never delete weights
scratchpad/gauntlet/L36/probe_m5k_s0.json,2626,DELETE,delete,L1-L61 loop bulk
scratchpad/gauntlet/L36/probe_m5k_s0.txt,1182,DELETE,delete,L1-L61 loop bulk
scratchpad/gauntlet/L36/probe_m5k_s1.json,2650,DELETE,delete,L1-L61 loop bulk
scratchpad/gauntlet/L36/probe_m5k_s1.txt,1183,DELETE,delete,L1-L61 loop bulk
scratchpad/gauntlet/L36/probe_m5k_s2.json,2631,DELETE,delete,L1-L61 loop bulk
scratchpad/gauntlet/L36/probe_m5k_s2.txt,1179,DELETE,delete,L1-L61 loop bulk
scratchpad/gauntlet/L38/__pycache__/spellprobe.cpython-313.pyc,11322,DELETE,delete,L1-L61 loop bulk
scratchpad/gauntlet/L38/_dbg.py,1085,KEEP,keep,L<N> instrument/record (md/py/sh/ps1/yaml/npy)
scratchpad/gauntlet/L38/gatec2_live.pt,1935229,KEEP,keep,checkpoint: never delete weights
scratchpad/gauntlet/L38/spell_m2k5.txt,429,DELETE,delete,L1-L61 loop bulk
scratchpad/gauntlet/L38/spell_m5k.txt,1718,DELETE,delete,L1-L61 loop bulk
scratchpad/gauntlet/L38/spellprobe.py,7028,KEEP,keep,L<N> instrument/record (md/py/sh/ps1/yaml/npy)
scratchpad/gauntlet/L39/gatec2_live_m8600.pt,1935229,KEEP,keep,checkpoint: never delete weights
scratchpad/gauntlet/L39/spell_m8600.txt,435,DELETE,delete,L1-L61 loop bulk
scratchpad/gauntlet/L39/spell_offset16.txt,1351,DELETE,delete,L1-L61 loop bulk
scratchpad/gauntlet/L4/crawl_hogeq.log,3515,DELETE,delete,L1-L61 loop bulk
scratchpad/gauntlet/L4/crawl_hogeq_run1_roster_bug.log,1172,DELETE,delete,L1-L61 loop bulk
scratchpad/gauntlet/L4/crawl_hogeq_sweep.log,1276,DELETE,delete,L1-L61 loop bulk
scratchpad/gauntlet/L4/dp.txt,2154,DELETE,delete,L1-L61 loop bulk
scratchpad/gauntlet/L4/hogeq_suite.txt,3440,DELETE,delete,L1-L61 loop bulk
scratchpad/gauntlet/L4/hogeq_suite_after.txt,3440,DELETE,delete,L1-L61 loop bulk
scratchpad/gauntlet/L4/icebow_suite_after.txt,4445,DELETE,delete,L1-L61 loop bulk
scratchpad/gauntlet/L4/roster_run1_unfiltered.json,64664,DELETE,delete,L1-L61 loop bulk
scratchpad/gauntlet/L4/y11s_series.txt,186,DELETE,delete,L1-L61 loop bulk
scratchpad/gauntlet/L4/y26s_series.txt,383,DELETE,delete,L1-L61 loop bulk
scratchpad/gauntlet/L40/gatec2_best_final.pt,1935419,KEEP,keep,checkpoint: never delete weights
scratchpad/gauntlet/L40/gatec2_live_final.pt,1935229,KEEP,keep,checkpoint: never delete weights
scratchpad/gauntlet/L40/spell_m10k.txt,1051,DELETE,delete,L1-L61 loop bulk
scratchpad/gauntlet/L40/spell_m10k_offset16.txt,1051,DELETE,delete,L1-L61 loop bulk
scratchpad/gauntlet/L42/aggro1_live_m25.pt,1935229,KEEP,keep,checkpoint: never delete weights
scratchpad/gauntlet/L42/drills_aggro1_m2500.txt,610,DELETE,delete,L1-L61 loop bulk
scratchpad/gauntlet/L42/drills_gate05_m5k.txt,605,DELETE,delete,L1-L61 loop bulk
scratchpad/gauntlet/L42/drills_m2500.sh,782,KEEP,keep,L<N> instrument/record (md/py/sh/ps1/yaml/npy)
scratchpad/gauntlet/L42/ge6_m2500.txt,737,DELETE,delete,L1-L61 loop bulk
scratchpad/gauntlet/L43/_rs_gatec2_m10k.pt,1935229,KEEP,keep,checkpoint: never delete weights
scratchpad/gauntlet/L43/base.json,24372,DELETE,delete,L1-L61 loop bulk
scratchpad/gauntlet/L43/base.txt,320,DELETE,delete,L1-L61 loop bulk
scratchpad/gauntlet/L43/ceiling.sh,597,KEEP,keep,L<N> instrument/record (md/py/sh/ps1/yaml/npy)
scratchpad/gauntlet/L43/opp_labels.json,6790,DELETE,delete,L1-L61 loop bulk
scratchpad/gauntlet/L43/opp_labels.py,1369,KEEP,keep,L<N> instrument/record (md/py/sh/ps1/yaml/npy)
scratchpad/gauntlet/L43/teacher.json,31191,DELETE,delete,L1-L61 loop bulk
scratchpad/gauntlet/L43/teacher.txt,365,DELETE,delete,L1-L61 loop bulk
scratchpad/gauntlet/L44/drills_aggro1_m5k.txt,590,DELETE,delete,L1-L61 loop bulk
scratchpad/gauntlet/L44/drills_aggro1_m5k_s6.txt,590,DELETE,delete,L1-L61 loop bulk
scratchpad/gauntlet/L44/drills_gate05_m5k_s6.txt,605,DELETE,delete,L1-L61 loop bulk
scratchpad/gauntlet/L44/ge6_m5k_s0.txt,1193,DELETE,delete,L1-L61 loop bulk
scratchpad/gauntlet/L44/ge6_m5k_s1.txt,1193,DELETE,delete,L1-L61 loop bulk
scratchpad/gauntlet/L44/ge6_m5k_s2.txt,1205,DELETE,delete,L1-L61 loop bulk
scratchpad/gauntlet/L44/m5k_probes.sh,1001,KEEP,keep,L<N> instrument/record (md/py/sh/ps1/yaml/npy)
scratchpad/gauntlet/L45/__pycache__/live_obs_session.cpython-313.pyc,17486,DELETE,delete,L1-L61 loop bulk
scratchpad/gauntlet/L45/analyze_live_obs.py,4056,KEEP,keep,L<N> instrument/record (md/py/sh/ps1/yaml/npy)
scratchpad/gauntlet/L45/analyze_s1b.txt,3259,DELETE,delete,L1-L61 loop bulk
scratchpad/gauntlet/L45/analyze_s1b_partial.txt,2752,DELETE,delete,L1-L61 loop bulk
scratchpad/gauntlet/L45/analyze_s2.txt,1576,DELETE,delete,L1-L61 loop bulk
scratchpad/gauntlet/L45/analyze_s3c.txt,3940,DELETE,delete,L1-L61 loop bulk
scratchpad/gauntlet/L45/base_block_perturb.py,4341,KEEP,keep,L<N> instrument/record (md/py/sh/ps1/yaml/npy)
scratchpad/gauntlet/L45/base_block_perturb.txt,895,DELETE,delete,L1-L61 loop bulk
scratchpad/gauntlet/L45/frame_2226.png,162695,DELETE,delete,L1-L61 loop bulk
scratchpad/gauntlet/L45/handoff_5cr8.md,13466,KEEP,keep,L<N> instrument/record (md/py/sh/ps1/yaml/npy)
scratchpad/gauntlet/L45/live_gate_ablate.py,4719,KEEP,keep,L<N> instrument/record (md/py/sh/ps1/yaml/npy)
scratchpad/gauntlet/L45/live_gate_ablate_s2.txt,4198,DELETE,delete,L1-L61 loop bulk
scratchpad/gauntlet/L45/live_obs_session.py,10849,KEEP,keep,L<N> instrument/record (md/py/sh/ps1/yaml/npy)
scratchpad/gauntlet/L45/lock_height_test.py,1181,KEEP,keep,L<N> instrument/record (md/py/sh/ps1/yaml/npy)
scratchpad/gauntlet/L45/miss_slot0_f248.png,14654,DELETE,delete,L1-L61 loop bulk
scratchpad/gauntlet/L45/miss_slot0_f310.png,14663,DELETE,delete,L1-L61 loop bulk
scratchpad/gauntlet/L45/miss_slot1_f248.png,11407,DELETE,delete,L1-L61 loop bulk
scratchpad/gauntlet/L45/miss_slot1_f310.png,14843,DELETE,delete,L1-L61 loop bulk
scratchpad/gauntlet/L45/miss_slot2_f248.png,15228,DELETE,delete,L1-L61 loop bulk
scratchpad/gauntlet/L45/miss_slot3_f248.png,12774,DELETE,delete,L1-L61 loop bulk
scratchpad/gauntlet/L45/pplay_by_state.py,2557,KEEP,keep,L<N> instrument/record (md/py/sh/ps1/yaml/npy)
scratchpad/gauntlet/L45/pplay_by_state_s2.txt,1196,DELETE,delete,L1-L61 loop bulk
scratchpad/gauntlet/L45/pplay_by_state_s3c.txt,1217,DELETE,delete,L1-L61 loop bulk
scratchpad/gauntlet/L45/region_probe/lock_225240_734_18_657x1198.png,351739,DELETE,delete,L1-L61 loop bulk
scratchpad/gauntlet/L45/region_probe/lock_225257_734_18_657x1172.png,293209,DELETE,delete,L1-L61 loop bulk
scratchpad/gauntlet/L45/region_probe/lock_225301_734_18_657x1163.png,295113,DELETE,delete,L1-L61 loop bulk
scratchpad/gauntlet/L45/region_probe/lock_225305_734_18_657x1161.png,291546,DELETE,delete,L1-L61 loop bulk
scratchpad/gauntlet/L45/region_probe/lock_225310_734_18_657x1160.png,290901,DELETE,delete,L1-L61 loop bulk
scratchpad/gauntlet/L45/region_probe.py,1347,KEEP,keep,L<N> instrument/record (md/py/sh/ps1/yaml/npy)
scratchpad/gauntlet/L45/region_probe.txt,13820,DELETE,delete,L1-L61 loop bulk
scratchpad/gauntlet/L45/region_probe2/lock_230236_694_0_657x1216.png,354971,DELETE,delete,L1-L61 loop bulk
scratchpad/gauntlet/L45/region_probe2/lock_230309_694_0_657x1204.png,355535,DELETE,delete,L1-L61 loop bulk
scratchpad/gauntlet/L45/region_probe2/lock_230314_694_0_657x1185.png,296630,DELETE,delete,L1-L61 loop bulk
scratchpad/gauntlet/L45/region_probe2/lock_230318_694_0_657x1216.png,251804,DELETE,delete,L1-L61 loop bulk
scratchpad/gauntlet/L45/region_probe2.txt,3208,DELETE,delete,L1-L61 loop bulk
scratchpad/gauntlet/L45/replay1_f0.png,194485,DELETE,delete,L1-L61 loop bulk
scratchpad/gauntlet/L45/replay1_f1.png,212576,DELETE,delete,L1-L61 loop bulk
scratchpad/gauntlet/L45/replay1_f2.png,205672,DELETE,delete,L1-L61 loop bulk
scratchpad/gauntlet/L45/screen_now.png,542999,DELETE,delete,L1-L61 loop bulk
scratchpad/gauntlet/L45/sim_obs.txt,763,DELETE,delete,L1-L61 loop bulk
scratchpad/gauntlet/L45/sim_obs_dump.py,3785,KEEP,keep,L<N> instrument/record (md/py/sh/ps1/yaml/npy)
scratchpad/gauntlet/L45/sim_obs_gatec2m10k.npz,48427536,DELETE,delete,L1-L61 loop bulk
scratchpad/gauntlet/L45/sim_pplay.npy,21612,KEEP,keep,L<N> instrument/record (md/py/sh/ps1/yaml/npy)
scratchpad/gauntlet/L46/cfg_slots_test.yaml,200793,KEEP,keep,L<N> instrument/record (md/py/sh/ps1/yaml/npy)
scratchpad/gauntlet/L46/ckpt_arm_6v6.txt,1385,DELETE,delete,L1-L61 loop bulk
scratchpad/gauntlet/L46/drills.sh,483,KEEP,keep,L<N> instrument/record (md/py/sh/ps1/yaml/npy)
scratchpad/gauntlet/L46/drills_c2r_m10k.txt,3520,DELETE,delete,L1-L61 loop bulk
scratchpad/gauntlet/L46/drills_gatec2_m10k.txt,3539,DELETE,delete,L1-L61 loop bulk
scratchpad/gauntlet/L46/gate_probes.sh,577,KEEP,keep,L<N> instrument/record (md/py/sh/ps1/yaml/npy)
scratchpad/gauntlet/L46/gate_probes_m20k.sh,414,KEEP,keep,L<N> instrument/record (md/py/sh/ps1/yaml/npy)
scratchpad/gauntlet/L46/ge6_c2r_m10k_s0.txt,1197,DELETE,delete,L1-L61 loop bulk
scratchpad/gauntlet/L46/ge6_c2r_m10k_s1.txt,1193,DELETE,delete,L1-L61 loop bulk
scratchpad/gauntlet/L46/ge6_c2r_m10k_s2.txt,1209,DELETE,delete,L1-L61 loop bulk
scratchpad/gauntlet/L46/ge6_c2r_m20k_s0.txt,1192,DELETE,delete,L1-L61 loop bulk
scratchpad/gauntlet/L46/ge6_c2r_m20k_s1.txt,1192,DELETE,delete,L1-L61 loop bulk
scratchpad/gauntlet/L46/ge6_c2r_m20k_s2.txt,1202,DELETE,delete,L1-L61 loop bulk
scratchpad/gauntlet/L46/ge6_c2r_m5k_s0.txt,1188,DELETE,delete,L1-L61 loop bulk
scratchpad/gauntlet/L46/ge6_c2r_m5k_s1.txt,1191,DELETE,delete,L1-L61 loop bulk
scratchpad/gauntlet/L46/ge6_c2r_m5k_s2.txt,1192,DELETE,delete,L1-L61 loop bulk
scratchpad/gauntlet/L46/ge6_c2rbest_s0.txt,1199,DELETE,delete,L1-L61 loop bulk
scratchpad/gauntlet/L46/ge6_c2rbest_s1.txt,1203,DELETE,delete,L1-L61 loop bulk
scratchpad/gauntlet/L46/ge6_c2rbest_s2.txt,1205,DELETE,delete,L1-L61 loop bulk
scratchpad/gauntlet/L46/ge6_gatec2_m10k_s0.txt,1195,DELETE,delete,L1-L61 loop bulk
scratchpad/gauntlet/L46/ge6_gatec2_m10k_s1.txt,1197,DELETE,delete,L1-L61 loop bulk
scratchpad/gauntlet/L46/ge6_gatec2_m10k_s2.txt,1197,DELETE,delete,L1-L61 loop bulk
scratchpad/gauntlet/L46/hand_cardw_scan.txt,845,DELETE,delete,L1-L61 loop bulk
scratchpad/gauntlet/L46/hand_empty_runs.py,2337,KEEP,keep,L<N> instrument/record (md/py/sh/ps1/yaml/npy)
scratchpad/gauntlet/L46/hand_empty_runs_s6.txt,5597,DELETE,delete,L1-L61 loop bulk
scratchpad/gauntlet/L46/hand_read_probe.py,1228,KEEP,keep,L<N> instrument/record (md/py/sh/ps1/yaml/npy)
scratchpad/gauntlet/L46/hand_read_probe_newslots.txt,2940,DELETE,delete,L1-L61 loop bulk
scratchpad/gauntlet/L46/hand_read_probe_s5m2.txt,2234,DELETE,delete,L1-L61 loop bulk
scratchpad/gauntlet/L46/hand_read_probe_s6.txt,4018,DELETE,delete,L1-L61 loop bulk
scratchpad/gauntlet/L46/hand_slot_calib.py,2562,KEEP,keep,L<N> instrument/record (md/py/sh/ps1/yaml/npy)
scratchpad/gauntlet/L46/hand_slot_calib_s4s5.txt,969,DELETE,delete,L1-L61 loop bulk
scratchpad/gauntlet/L46/hand_slot_shift_scan_s5.txt,1114,DELETE,delete,L1-L61 loop bulk
scratchpad/gauntlet/L46/knight_evo_tpl.png,47298,DELETE,delete,L1-L61 loop bulk
scratchpad/gauntlet/L46/live_gate_ablate2.py,4693,KEEP,keep,L<N> instrument/record (md/py/sh/ps1/yaml/npy)
scratchpad/gauntlet/L46/live_gate_ablate_s4.txt,4199,DELETE,delete,L1-L61 loop bulk
scratchpad/gauntlet/L46/live_gate_ablate_s5.txt,4192,DELETE,delete,L1-L61 loop bulk
scratchpad/gauntlet/L46/live_gate_ablate_s6.txt,4196,DELETE,delete,L1-L61 loop bulk
scratchpad/gauntlet/L46/obs_channel_ablate.py,4409,KEEP,keep,L<N> instrument/record (md/py/sh/ps1/yaml/npy)
scratchpad/gauntlet/L46/obs_channel_ablate_s4.txt,3172,DELETE,delete,L1-L61 loop bulk
scratchpad/gauntlet/L46/obs_channel_ablate_s5.txt,888,DELETE,delete,L1-L61 loop bulk
scratchpad/gauntlet/L46/obs_live_vs_sim.png,345529,DELETE,delete,L1-L61 loop bulk
scratchpad/gauntlet/L46/obs_summary.py,2058,KEEP,keep,L<N> instrument/record (md/py/sh/ps1/yaml/npy)
scratchpad/gauntlet/L46/pplay_by_state2.py,3090,KEEP,keep,L<N> instrument/record (md/py/sh/ps1/yaml/npy)
scratchpad/gauntlet/L46/pplay_by_state_s4.txt,1513,DELETE,delete,L1-L61 loop bulk
scratchpad/gauntlet/L46/pplay_by_state_s5.txt,1511,DELETE,delete,L1-L61 loop bulk
scratchpad/gauntlet/L46/s5m2_slot2_f1110.png,37294,DELETE,delete,L1-L61 loop bulk
scratchpad/gauntlet/L46/s5m2_slot2_vs_xbow_tpls.png,317930,DELETE,delete,L1-L61 loop bulk
scratchpad/gauntlet/L46/s5m2_tray_f1110.png,143864,DELETE,delete,L1-L61 loop bulk
scratchpad/gauntlet/L46/s6_lower_1110_3330.png,637461,DELETE,delete,L1-L61 loop bulk
scratchpad/gauntlet/L46/s6_m1_slot3_timeline.png,569513,DELETE,delete,L1-L61 loop bulk
scratchpad/gauntlet/L46/s6_summary.txt,1227,DELETE,delete,L1-L61 loop bulk
scratchpad/gauntlet/L46/s6_tray_1110_3330.png,278897,DELETE,delete,L1-L61 loop bulk
scratchpad/gauntlet/L46/s6_unread_crops.png,170215,DELETE,delete,L1-L61 loop bulk
scratchpad/gauntlet/L46/s7_vs_s6_summary.txt,2677,DELETE,delete,L1-L61 loop bulk
scratchpad/gauntlet/L46/sim_obs_c2rbest.npz,41142070,DELETE,delete,L1-L61 loop bulk
scratchpad/gauntlet/L46/sim_obs_c2rbest.txt,756,DELETE,delete,L1-L61 loop bulk
scratchpad/gauntlet/L46/sim_obs_c2rbest_pplay.npy,18956,KEEP,keep,L<N> instrument/record (md/py/sh/ps1/yaml/npy)
scratchpad/gauntlet/L46/tower_repaint_ablate.py,3885,KEEP,keep,L<N> instrument/record (md/py/sh/ps1/yaml/npy)
scratchpad/gauntlet/L46/tower_repaint_ablate_s4.txt,1078,DELETE,delete,L1-L61 loop bulk
scratchpad/gauntlet/L47/_handoff_5cs14.md,8180,KEEP,keep,L<N> instrument/record (md/py/sh/ps1/yaml/npy)
scratchpad/gauntlet/L47/_log_L47b.md,937,KEEP,keep,L<N> instrument/record (md/py/sh/ps1/yaml/npy)
scratchpad/gauntlet/L47/_msg.txt,313,DELETE,delete,L1-L61 loop bulk
scratchpad/gauntlet/L47/_rs_c2rbest.pt,1935305,KEEP,keep,checkpoint: never delete weights
scratchpad/gauntlet/L47/doctrine48.json,34165,DELETE,delete,L1-L61 loop bulk
scratchpad/gauntlet/L47/doctrine48.txt,405,DELETE,delete,L1-L61 loop bulk
scratchpad/gauntlet/L47/doctrine_rich_probe.py,1774,KEEP,keep,L<N> instrument/record (md/py/sh/ps1/yaml/npy)
scratchpad/gauntlet/L47/doctrine_rich_probe2.py,1653,KEEP,keep,L<N> instrument/record (md/py/sh/ps1/yaml/npy)
scratchpad/gauntlet/L47/doctrine_teacher.py,2874,KEEP,keep,L<N> instrument/record (md/py/sh/ps1/yaml/npy)
scratchpad/gauntlet/L47/live_style_sweep.py,3858,KEEP,keep,L<N> instrument/record (md/py/sh/ps1/yaml/npy)
scratchpad/gauntlet/L47/live_style_sweep_s6.txt,4053,DELETE,delete,L1-L61 loop bulk
scratchpad/gauntlet/L47/live_style_sweep_s7.txt,4053,DELETE,delete,L1-L61 loop bulk
scratchpad/gauntlet/L47/policy48.json,24681,DELETE,delete,L1-L61 loop bulk
scratchpad/gauntlet/L47/policy48.txt,350,DELETE,delete,L1-L61 loop bulk
scratchpad/gauntlet/L47/rgb_pixel_stats.py,1051,KEEP,keep,L<N> instrument/record (md/py/sh/ps1/yaml/npy)
scratchpad/gauntlet/L47/rgb_pixel_stats_s6.txt,537,DELETE,delete,L1-L61 loop bulk
scratchpad/gauntlet/L47/sim_with_live_groups.py,2734,KEEP,keep,L<N> instrument/record (md/py/sh/ps1/yaml/npy)
scratchpad/gauntlet/L47/sim_with_live_groups_s6.txt,3465,DELETE,delete,L1-L61 loop bulk
scratchpad/gauntlet/L47/sim_with_live_groups_s7.txt,3466,DELETE,delete,L1-L61 loop bulk
scratchpad/gauntlet/L47/teacher48.json,30804,DELETE,delete,L1-L61 loop bulk
scratchpad/gauntlet/L47/teacher48.txt,355,DELETE,delete,L1-L61 loop bulk
scratchpad/gauntlet/L47/teacher48_reseed.json,33667,DELETE,delete,L1-L61 loop bulk
scratchpad/gauntlet/L47/teacher48_reseed.txt,396,DELETE,delete,L1-L61 loop bulk
scratchpad/gauntlet/L48/__pycache__/doctrine_none.cpython-313.pyc,324,DELETE,delete,L1-L61 loop bulk
scratchpad/gauntlet/L48/__pycache__/doctrine_v2.cpython-313.pyc,5401,DELETE,delete,L1-L61 loop bulk
scratchpad/gauntlet/L48/__pycache__/doctrine_v3.cpython-313.pyc,3093,DELETE,delete,L1-L61 loop bulk
scratchpad/gauntlet/L48/__pycache__/doctrine_v4.cpython-313.pyc,4511,DELETE,delete,L1-L61 loop bulk
scratchpad/gauntlet/L48/__pycache__/doctrine_v6.cpython-313.pyc,2241,DELETE,delete,L1-L61 loop bulk
scratchpad/gauntlet/L48/__pycache__/doctrine_v7.cpython-313.pyc,4766,DELETE,delete,L1-L61 loop bulk
scratchpad/gauntlet/L48/_bugrow.md,774,KEEP,keep,L<N> instrument/record (md/py/sh/ps1/yaml/npy)
scratchpad/gauntlet/L48/_commit_msg.txt,639,DELETE,delete,L1-L61 loop bulk
scratchpad/gauntlet/L48/_commit_msg2.txt,628,DELETE,delete,L1-L61 loop bulk
scratchpad/gauntlet/L48/_commit_msg3.txt,835,DELETE,delete,L1-L61 loop bulk
scratchpad/gauntlet/L48/_commit_msg4.txt,782,DELETE,delete,L1-L61 loop bulk
scratchpad/gauntlet/L48/_d5.sh,664,KEEP,keep,L<N> instrument/record (md/py/sh/ps1/yaml/npy)
scratchpad/gauntlet/L48/_d6.sh,713,KEEP,keep,L<N> instrument/record (md/py/sh/ps1/yaml/npy)
scratchpad/gauntlet/L48/_handoff_5cs15.md,9009,KEEP,keep,L<N> instrument/record (md/py/sh/ps1/yaml/npy)
scratchpad/gauntlet/L48/_handoff_5cs16.md,6874,KEEP,keep,L<N> instrument/record (md/py/sh/ps1/yaml/npy)
scratchpad/gauntlet/L48/_handoff_5cs17.md,4506,KEEP,keep,L<N> instrument/record (md/py/sh/ps1/yaml/npy)
scratchpad/gauntlet/L48/_handoff_5cs18.md,8778,KEEP,keep,L<N> instrument/record (md/py/sh/ps1/yaml/npy)
scratchpad/gauntlet/L48/_hog_add.txt,8433,DELETE,delete,L1-L61 loop bulk
scratchpad/gauntlet/L48/_ice_add.txt,8433,DELETE,delete,L1-L61 loop bulk
scratchpad/gauntlet/L48/_log_L48.md,1188,KEEP,keep,L<N> instrument/record (md/py/sh/ps1/yaml/npy)
scratchpad/gauntlet/L48/_log_L48b.md,954,KEEP,keep,L<N> instrument/record (md/py/sh/ps1/yaml/npy)
scratchpad/gauntlet/L48/_log_L48c.md,896,KEEP,keep,L<N> instrument/record (md/py/sh/ps1/yaml/npy)
scratchpad/gauntlet/L48/_log_L48d.md,1235,KEEP,keep,L<N> instrument/record (md/py/sh/ps1/yaml/npy)
scratchpad/gauntlet/L48/_port_config.py,4214,KEEP,keep,L<N> instrument/record (md/py/sh/ps1/yaml/npy)
scratchpad/gauntlet/L48/_port_liveenv.py,11847,KEEP,keep,L<N> instrument/record (md/py/sh/ps1/yaml/npy)
scratchpad/gauntlet/L48/_port_play.py,7198,KEEP,keep,L<N> instrument/record (md/py/sh/ps1/yaml/npy)
scratchpad/gauntlet/L48/_port_trainer.py,8693,KEEP,keep,L<N> instrument/record (md/py/sh/ps1/yaml/npy)
scratchpad/gauntlet/L48/_pro_costs.py,1714,KEEP,keep,L<N> instrument/record (md/py/sh/ps1/yaml/npy)
scratchpad/gauntlet/L48/_r1.out,1366,DELETE,delete,L1-L61 loop bulk
scratchpad/gauntlet/L48/_r1.sh,668,KEEP,keep,L<N> instrument/record (md/py/sh/ps1/yaml/npy)
scratchpad/gauntlet/L48/_r1b.sh,631,KEEP,keep,L<N> instrument/record (md/py/sh/ps1/yaml/npy)
scratchpad/gauntlet/L48/_r2.out,281,DELETE,delete,L1-L61 loop bulk
scratchpad/gauntlet/L48/_r2.sh,802,KEEP,keep,L<N> instrument/record (md/py/sh/ps1/yaml/npy)
scratchpad/gauntlet/L48/_r3.out,488,DELETE,delete,L1-L61 loop bulk
scratchpad/gauntlet/L48/_r3.sh,740,KEEP,keep,L<N> instrument/record (md/py/sh/ps1/yaml/npy)
scratchpad/gauntlet/L48/_slice2.sh,659,KEEP,keep,L<N> instrument/record (md/py/sh/ps1/yaml/npy)
scratchpad/gauntlet/L48/_slice2b.out,307,DELETE,delete,L1-L61 loop bulk
scratchpad/gauntlet/L48/_slice2b.sh,707,KEEP,keep,L<N> instrument/record (md/py/sh/ps1/yaml/npy)
scratchpad/gauntlet/L48/_wb_trace.py,1403,KEEP,keep,L<N> instrument/record (md/py/sh/ps1/yaml/npy)
scratchpad/gauntlet/L48/_wb_v2.json,47,DELETE,delete,L1-L61 loop bulk
scratchpad/gauntlet/L48/_wb_v4.json,47,DELETE,delete,L1-L61 loop bulk
scratchpad/gauntlet/L48/_wb_v4skel.json,47,DELETE,delete,L1-L61 loop bulk
scratchpad/gauntlet/L48/_wb_v6only.json,47,DELETE,delete,L1-L61 loop bulk
scratchpad/gauntlet/L48/crown_undercount.py,1892,KEEP,keep,L<N> instrument/record (md/py/sh/ps1/yaml/npy)
scratchpad/gauntlet/L48/crown_undercount_policy.txt,132,DELETE,delete,L1-L61 loop bulk
scratchpad/gauntlet/L48/doctrine_base_s2.json,34855,DELETE,delete,L1-L61 loop bulk
scratchpad/gauntlet/L48/doctrine_base_s2.txt,118,DELETE,delete,L1-L61 loop bulk
scratchpad/gauntlet/L48/doctrine_d4skel_s2.json,37306,DELETE,delete,L1-L61 loop bulk
scratchpad/gauntlet/L48/doctrine_d4skel_s2.txt,120,DELETE,delete,L1-L61 loop bulk
scratchpad/gauntlet/L48/doctrine_d4skel_slice2_48.txt,42,DELETE,delete,L1-L61 loop bulk
scratchpad/gauntlet/L48/doctrine_d4skeliw5_48.json,35919,DELETE,delete,L1-L61 loop bulk
scratchpad/gauntlet/L48/doctrine_d4skeliw5_48.txt,123,DELETE,delete,L1-L61 loop bulk
scratchpad/gauntlet/L48/doctrine_d5spam_48.json,36657,DELETE,delete,L1-L61 loop bulk
scratchpad/gauntlet/L48/doctrine_d5spam_48.txt,120,DELETE,delete,L1-L61 loop bulk
scratchpad/gauntlet/L48/doctrine_d5spamiw_48.json,36426,DELETE,delete,L1-L61 loop bulk
scratchpad/gauntlet/L48/doctrine_d5spamiw_48.txt,122,DELETE,delete,L1-L61 loop bulk
scratchpad/gauntlet/L48/doctrine_d6body_48.json,36184,DELETE,delete,L1-L61 loop bulk
scratchpad/gauntlet/L48/doctrine_d6body_48.txt,120,DELETE,delete,L1-L61 loop bulk
scratchpad/gauntlet/L48/doctrine_d6body_s2.json,36658,DELETE,delete,L1-L61 loop bulk
scratchpad/gauntlet/L48/doctrine_d6body_s2.txt,120,DELETE,delete,L1-L61 loop bulk
scratchpad/gauntlet/L48/doctrine_d6body_spam_48.json,37734,DELETE,delete,L1-L61 loop bulk
scratchpad/gauntlet/L48/doctrine_d6body_spam_48.txt,125,DELETE,delete,L1-L61 loop bulk
scratchpad/gauntlet/L48/doctrine_d6nok_48.json,37803,DELETE,delete,L1-L61 loop bulk
scratchpad/gauntlet/L48/doctrine_d6nok_48.txt,119,DELETE,delete,L1-L61 loop bulk
scratchpad/gauntlet/L48/doctrine_d6nok_s2.json,37796,DELETE,delete,L1-L61 loop bulk
scratchpad/gauntlet/L48/doctrine_d6nok_s2.txt,119,DELETE,delete,L1-L61 loop bulk
scratchpad/gauntlet/L48/doctrine_d7tank_5000000.json,38524,DELETE,delete,L1-L61 loop bulk
scratchpad/gauntlet/L48/doctrine_d7tank_5000000.txt,120,DELETE,delete,L1-L61 loop bulk
scratchpad/gauntlet/L48/doctrine_d7tank_5000048.json,36977,DELETE,delete,L1-L61 loop bulk
scratchpad/gauntlet/L48/doctrine_d7tank_5000048.txt,120,DELETE,delete,L1-L61 loop bulk
scratchpad/gauntlet/L48/doctrine_d7xbow_5000000.json,37799,DELETE,delete,L1-L61 loop bulk
scratchpad/gauntlet/L48/doctrine_d7xbow_5000000.txt,120,DELETE,delete,L1-L61 loop bulk
scratchpad/gauntlet/L48/doctrine_d7xbow_5000048.json,37829,DELETE,delete,L1-L61 loop bulk
scratchpad/gauntlet/L48/doctrine_d7xbow_5000048.txt,120,DELETE,delete,L1-L61 loop bulk
scratchpad/gauntlet/L48/doctrine_diag.py,2469,KEEP,keep,L<N> instrument/record (md/py/sh/ps1/yaml/npy)
scratchpad/gauntlet/L48/doctrine_diag2.py,2610,KEEP,keep,L<N> instrument/record (md/py/sh/ps1/yaml/npy)
scratchpad/gauntlet/L48/doctrine_drills.py,1546,KEEP,keep,L<N> instrument/record (md/py/sh/ps1/yaml/npy)
scratchpad/gauntlet/L48/doctrine_none.py,59,KEEP,keep,L<N> instrument/record (md/py/sh/ps1/yaml/npy)
scratchpad/gauntlet/L48/doctrine_regret.py,3350,KEEP,keep,L<N> instrument/record (md/py/sh/ps1/yaml/npy)
scratchpad/gauntlet/L48/doctrine_teacher.py,3012,KEEP,keep,L<N> instrument/record (md/py/sh/ps1/yaml/npy)
scratchpad/gauntlet/L48/doctrine_v2.py,2772,KEEP,keep,L<N> instrument/record (md/py/sh/ps1/yaml/npy)
scratchpad/gauntlet/L48/doctrine_v2_48.json,34587,DELETE,delete,L1-L61 loop bulk
scratchpad/gauntlet/L48/doctrine_v3.py,1589,KEEP,keep,L<N> instrument/record (md/py/sh/ps1/yaml/npy)
scratchpad/gauntlet/L48/doctrine_v3_48.json,34020,DELETE,delete,L1-L61 loop bulk
scratchpad/gauntlet/L48/doctrine_v4.py,2337,KEEP,keep,L<N> instrument/record (md/py/sh/ps1/yaml/npy)
scratchpad/gauntlet/L48/doctrine_v4_48.json,34832,DELETE,delete,L1-L61 loop bulk
scratchpad/gauntlet/L48/doctrine_v4min6_48.json,34805,DELETE,delete,L1-L61 loop bulk
scratchpad/gauntlet/L48/doctrine_v4skel_48.json,37012,DELETE,delete,L1-L61 loop bulk
scratchpad/gauntlet/L48/doctrine_v6.py,1265,KEEP,keep,L<N> instrument/record (md/py/sh/ps1/yaml/npy)
scratchpad/gauntlet/L48/doctrine_v7.py,2649,KEEP,keep,L<N> instrument/record (md/py/sh/ps1/yaml/npy)
scratchpad/gauntlet/L48/drills_doc_d6body.json,1014,DELETE,delete,L1-L61 loop bulk
scratchpad/gauntlet/L48/drills_doc_d6body.txt,1939,DELETE,delete,L1-L61 loop bulk
scratchpad/gauntlet/L48/drills_doc_d6nok.json,1016,DELETE,delete,L1-L61 loop bulk
scratchpad/gauntlet/L48/drills_doc_d6nok.txt,1940,DELETE,delete,L1-L61 loop bulk
scratchpad/gauntlet/L48/drills_doc_stock.json,1016,DELETE,delete,L1-L61 loop bulk
scratchpad/gauntlet/L48/drills_doc_stock.txt,1767,DELETE,delete,L1-L61 loop bulk
scratchpad/gauntlet/L48/hogeq_probe_best.txt,3621,DELETE,delete,L1-L61 loop bulk
scratchpad/gauntlet/L48/hogeq_probe_best_fb4.txt,1132,DELETE,delete,L1-L61 loop bulk
scratchpad/gauntlet/L48/hogeq_probe_best_fb4_s0.json,2434,DELETE,delete,L1-L61 loop bulk
scratchpad/gauntlet/L48/hogeq_probe_best_s0.json,2594,DELETE,delete,L1-L61 loop bulk
scratchpad/gauntlet/L48/hogeq_probe_best_s1.json,2705,DELETE,delete,L1-L61 loop bulk
scratchpad/gauntlet/L48/hogeq_probe_best_s2.json,2603,DELETE,delete,L1-L61 loop bulk
scratchpad/gauntlet/L48/hogeq_suite.txt,37559,DELETE,delete,L1-L61 loop bulk
scratchpad/gauntlet/L48/policy_s2.json,23313,DELETE,delete,L1-L61 loop bulk
scratchpad/gauntlet/L48/policy_s2.txt,111,DELETE,delete,L1-L61 loop bulk
scratchpad/gauntlet/L48/regret_d6body.json,559183,DELETE,delete,L1-L61 loop bulk
scratchpad/gauntlet/L48/regret_d6body.txt,1905,DELETE,delete,L1-L61 loop bulk
scratchpad/gauntlet/L48/regret_v2.json,552508,DELETE,delete,L1-L61 loop bulk
scratchpad/gauntlet/L48/regret_v2.txt,1787,DELETE,delete,L1-L61 loop bulk
scratchpad/gauntlet/L48/regret_v4skel.json,590265,DELETE,delete,L1-L61 loop bulk
scratchpad/gauntlet/L48/regret_v4skel.txt,1894,DELETE,delete,L1-L61 loop bulk
scratchpad/gauntlet/L48/search_drills.py,2536,KEEP,keep,L<N> instrument/record (md/py/sh/ps1/yaml/npy)
scratchpad/gauntlet/L48/search_drills_0.json,1551,DELETE,delete,L1-L61 loop bulk
scratchpad/gauntlet/L48/search_drills_0.txt,974,DELETE,delete,L1-L61 loop bulk
scratchpad/gauntlet/L48/search_drills_1.json,1549,DELETE,delete,L1-L61 loop bulk
scratchpad/gauntlet/L48/search_drills_1.txt,976,DELETE,delete,L1-L61 loop bulk
scratchpad/gauntlet/L48/search_drills_2.json,1416,DELETE,delete,L1-L61 loop bulk
scratchpad/gauntlet/L48/search_drills_2.txt,889,DELETE,delete,L1-L61 loop bulk
scratchpad/gauntlet/L48/teacher_s2.json,31433,DELETE,delete,L1-L61 loop bulk
scratchpad/gauntlet/L48/teacher_s2.txt,371,DELETE,delete,L1-L61 loop bulk
scratchpad/gauntlet/L49/_commit_msg.txt,631,DELETE,delete,L1-L61 loop bulk
scratchpad/gauntlet/L49/_handoff_5cs19.md,7619,KEEP,keep,L<N> instrument/record (md/py/sh/ps1/yaml/npy)
scratchpad/gauntlet/L49/_log_L49.md,1340,KEEP,keep,L<N> instrument/record (md/py/sh/ps1/yaml/npy)
scratchpad/gauntlet/L49/compound_probe.py,5093,KEEP,keep,L<N> instrument/record (md/py/sh/ps1/yaml/npy)
scratchpad/gauntlet/L49/compound_s5.json,63431,DELETE,delete,L1-L61 loop bulk
scratchpad/gauntlet/L49/compound_s5_full.json,47825,DELETE,delete,L1-L61 loop bulk
scratchpad/gauntlet/L49/compound_s6.json,63602,DELETE,delete,L1-L61 loop bulk
scratchpad/gauntlet/L49/noise_grading.py,3193,KEEP,keep,L<N> instrument/record (md/py/sh/ps1/yaml/npy)
scratchpad/gauntlet/L5/bench_detector.json,2206,DELETE,delete,L1-L61 loop bulk
scratchpad/gauntlet/L5/bench_detector.py,2533,KEEP,keep,L<N> instrument/record (md/py/sh/ps1/yaml/npy)
scratchpad/gauntlet/L5/bench_detector.txt,990,DELETE,delete,L1-L61 loop bulk
scratchpad/gauntlet/L50/_commit.txt,360,DELETE,delete,L1-L61 loop bulk
scratchpad/gauntlet/L50/_commit_queue.txt,345,DELETE,delete,L1-L61 loop bulk
scratchpad/gauntlet/L50/_handoff_5cs20.md,3826,KEEP,keep,L<N> instrument/record (md/py/sh/ps1/yaml/npy)
scratchpad/gauntlet/L50/_log_L50.md,796,KEEP,keep,L<N> instrument/record (md/py/sh/ps1/yaml/npy)
scratchpad/gauntlet/L50/_queue_simparity.md,1942,KEEP,keep,L<N> instrument/record (md/py/sh/ps1/yaml/npy)
scratchpad/gauntlet/L50/ge6_c2r_m30k_s0.txt,1196,DELETE,delete,L1-L61 loop bulk
scratchpad/gauntlet/L50/ge6_c2r_m30k_s1.txt,1193,DELETE,delete,L1-L61 loop bulk
scratchpad/gauntlet/L50/ge6_c2r_m30k_s2.txt,1192,DELETE,delete,L1-L61 loop bulk
scratchpad/gauntlet/L50/ge6_c2r_m30k_s3.txt,1191,DELETE,delete,L1-L61 loop bulk
scratchpad/gauntlet/L50/ge6_c2r_m30k_s4.txt,1194,DELETE,delete,L1-L61 loop bulk
scratchpad/gauntlet/L50/ge6_c2r_m30k_s5.txt,1194,DELETE,delete,L1-L61 loop bulk
scratchpad/gauntlet/L50/ge6_gatec2_m10k_s0.txt,1195,DELETE,delete,L1-L61 loop bulk
scratchpad/gauntlet/L50/ge6_gatec2_m10k_s1.txt,1197,DELETE,delete,L1-L61 loop bulk
scratchpad/gauntlet/L50/ge6_gatec2_m10k_s2.txt,1197,DELETE,delete,L1-L61 loop bulk
scratchpad/gauntlet/L50/m30k_wait_probe.sh,1222,KEEP,keep,L<N> instrument/record (md/py/sh/ps1/yaml/npy)
scratchpad/gauntlet/L50/wait.txt,140,DELETE,delete,L1-L61 loop bulk
scratchpad/gauntlet/L50/waiter_stderr.txt,0,DELETE,delete,L1-L61 loop bulk
scratchpad/gauntlet/L50/waiter_stdout.txt,0,DELETE,delete,L1-L61 loop bulk
scratchpad/gauntlet/L51/__pycache__/sim_replay_drive.cpython-313.pyc,21849,DELETE,delete,L1-L61 loop bulk
scratchpad/gauntlet/L51/_commit.txt,383,DELETE,delete,L1-L61 loop bulk
scratchpad/gauntlet/L51/_handoff_5cs21.md,7335,KEEP,keep,L<N> instrument/record (md/py/sh/ps1/yaml/npy)
scratchpad/gauntlet/L51/_log_L51.md,1126,KEEP,keep,L<N> instrument/record (md/py/sh/ps1/yaml/npy)
scratchpad/gauntlet/L51/_smoke_tag.txt,13,DELETE,delete,L1-L61 loop bulk
scratchpad/gauntlet/L51/aggregate.json,101848,DELETE,delete,L1-L61 loop bulk
scratchpad/gauntlet/L51/aggregate.py,5784,KEEP,keep,L<N> instrument/record (md/py/sh/ps1/yaml/npy)
scratchpad/gauntlet/L51/sim_replay_drive.py,15827,KEEP,keep,L<N> instrument/record (md/py/sh/ps1/yaml/npy)
scratchpad/gauntlet/L51/simbatch/replay_000YLY0JCPGL.json,25898,DELETE,delete,L1-L61 loop bulk
scratchpad/gauntlet/L51/simbatch/replay_000YLY0PYYQY.json,8201,DELETE,delete,L1-L61 loop bulk
scratchpad/gauntlet/L51/simbatch/replay_000YLY2UCC8C.json,8688,DELETE,delete,L1-L61 loop bulk
scratchpad/gauntlet/L51/simbatch/replay_000YLY2ULYLR.json,4795,DELETE,delete,L1-L61 loop bulk
scratchpad/gauntlet/L51/simbatch/replay_000YLY2UVGRL.json,12423,DELETE,delete,L1-L61 loop bulk
scratchpad/gauntlet/L51/simbatch/replay_000YLY2VQ92P.json,9589,DELETE,delete,L1-L61 loop bulk
scratchpad/gauntlet/L51/simbatch/replay_002YLLLP2YRR.json,13062,DELETE,delete,L1-L61 loop bulk
scratchpad/gauntlet/L51/simbatch/replay_002YLLLP9JUR.json,12419,DELETE,delete,L1-L61 loop bulk
scratchpad/gauntlet/L51/simbatch/replay_00GYPYP0PCLR.json,11485,DELETE,delete,L1-L61 loop bulk
scratchpad/gauntlet/L51/simbatch/replay_00GYPYPRQCY8.json,11098,DELETE,delete,L1-L61 loop bulk
scratchpad/gauntlet/L51/simbatch/replay_00GYPYPYUQQY.json,8176,DELETE,delete,L1-L61 loop bulk
scratchpad/gauntlet/L51/simbatch/replay_00JYPQQ8UCVL.json,11008,DELETE,delete,L1-L61 loop bulk
scratchpad/gauntlet/L51/simbatch/replay_00JYPQQ9V8UY.json,11321,DELETE,delete,L1-L61 loop bulk
scratchpad/gauntlet/L51/simbatch/replay_00JYPQYYV0JV.json,11932,DELETE,delete,L1-L61 loop bulk
scratchpad/gauntlet/L51/simbatch/replay_00LYPLCUGYJ2.json,12864,DELETE,delete,L1-L61 loop bulk
scratchpad/gauntlet/L51/simbatch/replay_00LYPLCV08L9.json,12160,DELETE,delete,L1-L61 loop bulk
scratchpad/gauntlet/L51/simbatch/replay_00LYPLCV92L0.json,10309,DELETE,delete,L1-L61 loop bulk
scratchpad/gauntlet/L51/simbatch/replay_00LYPLCVPJR9.json,11788,DELETE,delete,L1-L61 loop bulk
scratchpad/gauntlet/L51/simbatch/replay_00LYPLCVQRVY.json,26791,DELETE,delete,L1-L61 loop bulk
scratchpad/gauntlet/L51/simbatch/replay_00LYPLCVRCCV.json,21283,DELETE,delete,L1-L61 loop bulk
scratchpad/gauntlet/L51/simbatch/replay_00LYPLJLC80L.json,17252,DELETE,delete,L1-L61 loop bulk
scratchpad/gauntlet/L51/simbatch/replay_00LYPLJLQ80J.json,5382,DELETE,delete,L1-L61 loop bulk
scratchpad/gauntlet/L51/simbatch/replay_00LYPLJLRJ00.json,4408,DELETE,delete,L1-L61 loop bulk
scratchpad/gauntlet/L51/simbatch/replay_00LYPLJLYQCR.json,3594,DELETE,delete,L1-L61 loop bulk
scratchpad/gauntlet/L51/simbatch/replay_00LYPLR0C8GJ.json,14199,DELETE,delete,L1-L61 loop bulk
scratchpad/gauntlet/L51/simbatch/replay_00LYPLR200VU.json,11261,DELETE,delete,L1-L61 loop bulk
scratchpad/gauntlet/L51/simbatch/replay_00LYPLR222YQ.json,4404,DELETE,delete,L1-L61 loop bulk
scratchpad/gauntlet/L51/simbatch/replay_00LYPLU8C8JP.json,6702,DELETE,delete,L1-L61 loop bulk
scratchpad/gauntlet/L51/simbatch/replay_00LYPLU8VV0C.json,18992,DELETE,delete,L1-L61 loop bulk
scratchpad/gauntlet/L51/simbatch/replay_00LYPLU8YQVQ.json,17490,DELETE,delete,L1-L61 loop bulk
scratchpad/gauntlet/L51/simbatch/replay_00LYPQ28JL8Q.json,22155,DELETE,delete,L1-L61 loop bulk
scratchpad/gauntlet/L51/simbatch/replay_00LYPQ28PU22.json,11864,DELETE,delete,L1-L61 loop bulk
scratchpad/gauntlet/L51/simbatch/replay_00LYPQ2909YG.json,15825,DELETE,delete,L1-L61 loop bulk
scratchpad/gauntlet/L51/simbatch/replay_00LYPQ8LGYP2.json,11559,DELETE,delete,L1-L61 loop bulk
scratchpad/gauntlet/L51/simbatch/replay_00UYPL92ULUL.json,12964,DELETE,delete,L1-L61 loop bulk
scratchpad/gauntlet/L51/simbatch/replay_00UYPL99P28R.json,3995,DELETE,delete,L1-L61 loop bulk
scratchpad/gauntlet/L51/simbatch/replay_00UYPL99PV2P.json,5207,DELETE,delete,L1-L61 loop bulk
scratchpad/gauntlet/L51/simbatch/replay_00UYPL99UQCG.json,14546,DELETE,delete,L1-L61 loop bulk
scratchpad/gauntlet/L51/simbatch/replay_00UYPL9P0VQL.json,12749,DELETE,delete,L1-L61 loop bulk
scratchpad/gauntlet/L51/simbatch/replay_00UYPLL0RLRQ.json,12536,DELETE,delete,L1-L61 loop bulk
scratchpad/gauntlet/L51/simbatch/replay_00UYPLLCLCJQ.json,12483,DELETE,delete,L1-L61 loop bulk
scratchpad/gauntlet/L51/simbatch/replay_00UYPLLGUP02.json,12016,DELETE,delete,L1-L61 loop bulk
scratchpad/gauntlet/L51/simbatch/replay_00UYPLLGYCQ2.json,11833,DELETE,delete,L1-L61 loop bulk
scratchpad/gauntlet/L51/simbatch/replay_00UYPLLR2JVJ.json,17218,DELETE,delete,L1-L61 loop bulk
scratchpad/gauntlet/L51/simbatch/replay_00UYPLLU0C0L.json,7298,DELETE,delete,L1-L61 loop bulk
scratchpad/gauntlet/L51/simbatch/replay_00UYPLLU8LYV.json,9019,DELETE,delete,L1-L61 loop bulk
scratchpad/gauntlet/L51/simbatch/replay_00UYPLLURY2U.json,10212,DELETE,delete,L1-L61 loop bulk
scratchpad/gauntlet/L51/simbatch/replay_00VYPLPJGYLY.json,12954,DELETE,delete,L1-L61 loop bulk
scratchpad/gauntlet/L51/simbatch/replay_00VYPLPJLC88.json,10301,DELETE,delete,L1-L61 loop bulk
scratchpad/gauntlet/L51/simbatch/replay_00VYPLPJRYRY.json,13751,DELETE,delete,L1-L61 loop bulk
scratchpad/gauntlet/L51/simbatch/replay_020YPYL2LVU9.json,16108,DELETE,delete,L1-L61 loop bulk
scratchpad/gauntlet/L51/simbatch/replay_020YPYL80RJY.json,11071,DELETE,delete,L1-L61 loop bulk
scratchpad/gauntlet/L51/simbatch/replay_020YPYL89Y8Y.json,11673,DELETE,delete,L1-L61 loop bulk
scratchpad/gauntlet/L51/simbatch/replay_020YPYL9CYUL.json,10991,DELETE,delete,L1-L61 loop bulk
scratchpad/gauntlet/L51/simbatch/replay_020YPYL9R08C.json,5815,DELETE,delete,L1-L61 loop bulk
scratchpad/gauntlet/L51/simbatch/replay_020YPYL9VC0C.json,16823,DELETE,delete,L1-L61 loop bulk
scratchpad/gauntlet/L51/simbatch/replay_020YPYLLQUV0.json,11128,DELETE,delete,L1-L61 loop bulk
scratchpad/gauntlet/L51/simbatch/replay_020YPYLP8YR0.json,11439,DELETE,delete,L1-L61 loop bulk
scratchpad/gauntlet/L51/simbatch/replay_020YPYLPPCPQ.json,14121,DELETE,delete,L1-L61 loop bulk
scratchpad/gauntlet/L51/simbatch/replay_020YPYLY29LP.json,11421,DELETE,delete,L1-L61 loop bulk
scratchpad/gauntlet/L51/simbatch/replay_020YPYP8J9PV.json,14153,DELETE,delete,L1-L61 loop bulk
scratchpad/gauntlet/L51/simbatch/replay_020YPYQ0RRY0.json,4396,DELETE,delete,L1-L61 loop bulk
scratchpad/gauntlet/L51/simbatch/replay_020YPYQ22GY2.json,11014,DELETE,delete,L1-L61 loop bulk
scratchpad/gauntlet/L51/simbatch/replay_020YPYYQG22L.json,2499,DELETE,delete,L1-L61 loop bulk
scratchpad/gauntlet/L51/simbatch/replay_020YPYYQQ8V8.json,13842,DELETE,delete,L1-L61 loop bulk
scratchpad/gauntlet/L51/simbatch/replay_020YPYYR8Q0P.json,12058,DELETE,delete,L1-L61 loop bulk
scratchpad/gauntlet/L51/simbatch/replay_020YPYYVJR0V.json,4197,DELETE,delete,L1-L61 loop bulk
scratchpad/gauntlet/L51/simbatch/replay_022YYL8R2GG0.json,4992,DELETE,delete,L1-L61 loop bulk
scratchpad/gauntlet/L51/simbatch/replay_022YYL8YCYC8.json,25379,DELETE,delete,L1-L61 loop bulk
scratchpad/gauntlet/L51/simbatch/replay_022YYLUUPYYV.json,12115,DELETE,delete,L1-L61 loop bulk
scratchpad/gauntlet/L51/simbatch/replay_022YYLV98PVR.json,11873,DELETE,delete,L1-L61 loop bulk
scratchpad/gauntlet/L51/simbatch/replay_022YYLV9QLQJ.json,12302,DELETE,delete,L1-L61 loop bulk
scratchpad/gauntlet/L51/simbatch/replay_022YYLV9V90G.json,11193,DELETE,delete,L1-L61 loop bulk
scratchpad/gauntlet/L51/simbatch/replay_022YYLV9YVJL.json,25552,DELETE,delete,L1-L61 loop bulk
scratchpad/gauntlet/L51/simbatch/replay_022YYQ0RPYY2.json,12068,DELETE,delete,L1-L61 loop bulk
scratchpad/gauntlet/L51/simbatch/replay_022YYQ22298V.json,10771,DELETE,delete,L1-L61 loop bulk
scratchpad/gauntlet/L51/simbatch/replay_022YYQ2G0LPV.json,10249,DELETE,delete,L1-L61 loop bulk
scratchpad/gauntlet/L51/simbatch/replay_022YYQ2QJRPV.json,7502,DELETE,delete,L1-L61 loop bulk
scratchpad/gauntlet/L51/simbatch/replay_022YYQ92909Q.json,10144,DELETE,delete,L1-L61 loop bulk
scratchpad/gauntlet/L51/simbatch/replay_022YYQL2QLUV.json,13779,DELETE,delete,L1-L61 loop bulk
scratchpad/gauntlet/L51/simbatch/replay_022YYQL828PQ.json,7572,DELETE,delete,L1-L61 loop bulk
scratchpad/gauntlet/L51/simbatch/replay_022YYQYV2C2J.json,10969,DELETE,delete,L1-L61 loop bulk
scratchpad/gauntlet/L51/simbatch/replay_022YYQYV9Y2R.json,14086,DELETE,delete,L1-L61 loop bulk
scratchpad/gauntlet/L51/simbatch/replay_022YYYUC8VUJ.json,19602,DELETE,delete,L1-L61 loop bulk
scratchpad/gauntlet/L51/simbatch/replay_022YYYUCQR2V.json,12477,DELETE,delete,L1-L61 loop bulk
scratchpad/gauntlet/L51/simbatch/replay_022YYYUCR9VJ.json,10564,DELETE,delete,L1-L61 loop bulk
scratchpad/gauntlet/L51/simbatch/replay_022YYYUCVPR9.json,13530,DELETE,delete,L1-L61 loop bulk
scratchpad/gauntlet/L51/simbatch/replay_022YYYUU9LPG.json,20770,DELETE,delete,L1-L61 loop bulk
scratchpad/gauntlet/L51/simbatch/replay_022YYYUUQGGJ.json,10356,DELETE,delete,L1-L61 loop bulk
scratchpad/gauntlet/L51/simbatch/replay_022YYYUVGPUU.json,10721,DELETE,delete,L1-L61 loop bulk
scratchpad/gauntlet/L51/simbatch/replay_022YYYVURLCJ.json,10594,DELETE,delete,L1-L61 loop bulk
scratchpad/gauntlet/L51/simbatch/replay_02GY9GJCR9P0.json,10858,DELETE,delete,L1-L61 loop bulk
scratchpad/gauntlet/L51/simbatch/replay_02GY9GJGYJUV.json,4984,DELETE,delete,L1-L61 loop bulk
scratchpad/gauntlet/L51/simbatch/replay_02GY9GJJLR9Q.json,11664,DELETE,delete,L1-L61 loop bulk
scratchpad/gauntlet/L51/simbatch/replay_02GY9GJQU0UR.json,12919,DELETE,delete,L1-L61 loop bulk
scratchpad/gauntlet/L51/simbatch/replay_02GY9GJRPQ89.json,10683,DELETE,delete,L1-L61 loop bulk
scratchpad/gauntlet/L51/simbatch/replay_02GY9GJRQG2Q.json,2998,DELETE,delete,L1-L61 loop bulk
scratchpad/gauntlet/L51/simbatch/replay_02GY9GJURY8G.json,11891,DELETE,delete,L1-L61 loop bulk
scratchpad/gauntlet/L51/simbatch/replay_02GY9GJV00GV.json,14854,DELETE,delete,L1-L61 loop bulk
scratchpad/gauntlet/L51/simbatch/replay_02GY9GJV8CVG.json,25276,DELETE,delete,L1-L61 loop bulk
scratchpad/gauntlet/L51/simbatch/replay_02GY9GJVQGCQ.json,8585,DELETE,delete,L1-L61 loop bulk
scratchpad/gauntlet/L51/simbatch/replay_02GY9GJVUP00.json,11839,DELETE,delete,L1-L61 loop bulk
scratchpad/gauntlet/L51/simbatch/replay_02GY9GR902G8.json,8229,DELETE,delete,L1-L61 loop bulk
scratchpad/gauntlet/L51/simbatch/replay_02JY9G00V9CJ.json,7228,DELETE,delete,L1-L61 loop bulk
scratchpad/gauntlet/L51/simbatch/replay_02JY9G020C2U.json,8380,DELETE,delete,L1-L61 loop bulk
scratchpad/gauntlet/L51/simbatch/replay_02JY9G02LR0U.json,11200,DELETE,delete,L1-L61 loop bulk
scratchpad/gauntlet/L51/simbatch/replay_02JY9G02UJL2.json,12098,DELETE,delete,L1-L61 loop bulk
scratchpad/gauntlet/L51/simbatch/replay_02JY9G082QC2.json,7274,DELETE,delete,L1-L61 loop bulk
scratchpad/gauntlet/L51/simbatch/replay_02JY9G08C0JV.json,10981,DELETE,delete,L1-L61 loop bulk
scratchpad/gauntlet/L51/simbatch/replay_02JY9G08YCQG.json,13058,DELETE,delete,L1-L61 loop bulk
scratchpad/gauntlet/L51/simbatch/replay_02JY9G090029.json,11552,DELETE,delete,L1-L61 loop bulk
scratchpad/gauntlet/L51/simbatch/replay_02JY9G8LJPJV.json,12637,DELETE,delete,L1-L61 loop bulk
scratchpad/gauntlet/L51/simbatch/replay_02JY9G99CGPC.json,11958,DELETE,delete,L1-L61 loop bulk
scratchpad/gauntlet/L51/simbatch/replay_02JY9G99LY0L.json,10882,DELETE,delete,L1-L61 loop bulk
scratchpad/gauntlet/L51/simbatch/replay_02JY9G99RPRU.json,18436,DELETE,delete,L1-L61 loop bulk
scratchpad/gauntlet/L51/simbatch/replay_02JY9G9PP92L.json,26319,DELETE,delete,L1-L61 loop bulk
scratchpad/gauntlet/L51/simbatch/replay_02JY9GL00Q0C.json,14289,DELETE,delete,L1-L61 loop bulk
scratchpad/gauntlet/L51/simbatch/replay_02JY9GL09YJJ.json,15511,DELETE,delete,L1-L61 loop bulk
scratchpad/gauntlet/L51/simbatch/replay_02JY9GL22CYR.json,10813,DELETE,delete,L1-L61 loop bulk
scratchpad/gauntlet/L51/simbatch/replay_02JY9GL9VP9C.json,6259,DELETE,delete,L1-L61 loop bulk
scratchpad/gauntlet/L51/simbatch/replay_02JY9GL9Y90C.json,11508,DELETE,delete,L1-L61 loop bulk
scratchpad/gauntlet/L51/simbatch/replay_02JY9GPPVPPG.json,4879,DELETE,delete,L1-L61 loop bulk
scratchpad/gauntlet/L51/simbatch/replay_02JY9GQY2VCU.json,11663,DELETE,delete,L1-L61 loop bulk
scratchpad/gauntlet/L51/simbatch/replay_02JY9GQYCPCQ.json,11210,DELETE,delete,L1-L61 loop bulk
scratchpad/gauntlet/L51/simbatch/replay_02JY9GQYLVLV.json,12327,DELETE,delete,L1-L61 loop bulk
scratchpad/gauntlet/L51/simbatch/replay_02JY9GYLJC9Y.json,16538,DELETE,delete,L1-L61 loop bulk
scratchpad/gauntlet/L51/simbatch/replay_02JY9GYQ0Q9G.json,13056,DELETE,delete,L1-L61 loop bulk
scratchpad/gauntlet/L51/simbatch/replay_02JY9GYQ89QY.json,3289,DELETE,delete,L1-L61 loop bulk
scratchpad/gauntlet/L51/simbatch/replay_02LY9LJV20Q9.json,19803,DELETE,delete,L1-L61 loop bulk
scratchpad/gauntlet/L51/simbatch/replay_02LY9LJV8Q0C.json,21150,DELETE,delete,L1-L61 loop bulk
scratchpad/gauntlet/L51/simbatch/replay_02QY9Q8VCCYQ.json,11409,DELETE,delete,L1-L61 loop bulk
scratchpad/gauntlet/L51/simbatch/replay_02QY9Q8VGVGQ.json,14486,DELETE,delete,L1-L61 loop bulk
scratchpad/gauntlet/L51/simbatch/replay_02QY9Q900RQL.json,11549,DELETE,delete,L1-L61 loop bulk
scratchpad/gauntlet/L51/simbatch/replay_02QY9Q90JPCL.json,10172,DELETE,delete,L1-L61 loop bulk
scratchpad/gauntlet/L51/simbatch/replay_02QY9Q90QQ9V.json,11937,DELETE,delete,L1-L61 loop bulk
scratchpad/gauntlet/L51/simbatch/replay_02QY9Q90VQ02.json,9217,DELETE,delete,L1-L61 loop bulk
scratchpad/gauntlet/L51/simbatch/replay_02QY9Q928Y8C.json,23716,DELETE,delete,L1-L61 loop bulk
scratchpad/gauntlet/L51/simbatch/replay_02QY9Q92CGV0.json,5500,DELETE,delete,L1-L61 loop bulk
scratchpad/gauntlet/L51/simbatch/replay_02QY9Q92QPGC.json,13509,DELETE,delete,L1-L61 loop bulk
scratchpad/gauntlet/L51/simbatch/replay_02QY9Q980YV0.json,20480,DELETE,delete,L1-L61 loop bulk
scratchpad/gauntlet/L51/simbatch/replay_02QY9Q98C0J8.json,4594,DELETE,delete,L1-L61 loop bulk
scratchpad/gauntlet/L51/simbatch/replay_02QY9Q9L9CLL.json,10526,DELETE,delete,L1-L61 loop bulk
scratchpad/gauntlet/L51/simbatch/replay_02QY9Q9LCCQQ.json,10660,DELETE,delete,L1-L61 loop bulk
scratchpad/gauntlet/L51/simbatch/replay_02QY9Q9P0CRP.json,9017,DELETE,delete,L1-L61 loop bulk
scratchpad/gauntlet/L51/simbatch/replay_02QY9Q9PCGCP.json,10634,DELETE,delete,L1-L61 loop bulk
scratchpad/gauntlet/L51/simbatch/replay_02QY9Q9PY29C.json,16461,DELETE,delete,L1-L61 loop bulk
scratchpad/gauntlet/L51/simbatch/replay_02QY9Q9YY089.json,10265,DELETE,delete,L1-L61 loop bulk
scratchpad/gauntlet/L51/simbatch/replay_082Y8Q0CRU92.json,25013,DELETE,delete,L1-L61 loop bulk
scratchpad/gauntlet/L51/simbatch/replay_088Y88LLCJRY.json,15052,DELETE,delete,L1-L61 loop bulk
scratchpad/gauntlet/L51/simbatch/replay_088Y88LQYJ00.json,5420,DELETE,delete,L1-L61 loop bulk
scratchpad/gauntlet/L51/simbatch/replay_08CPVR8P2JPV.json,13834,DELETE,delete,L1-L61 loop bulk
scratchpad/gauntlet/L51/simbatch/replay_08CPVRQ9JCLR.json,4780,DELETE,delete,L1-L61 loop bulk
scratchpad/gauntlet/L51/simbatch/replay_08CPVRQ9RQUY.json,6788,DELETE,delete,L1-L61 loop bulk
scratchpad/gauntlet/L51/simbatch/replay_08CPVRQPJLPG.json,12401,DELETE,delete,L1-L61 loop bulk
scratchpad/gauntlet/L51/simbatch/replay_08CPVRRCJY0J.json,5083,DELETE,delete,L1-L61 loop bulk
scratchpad/gauntlet/L51/simbatch/replay_08CPVRRCV922.json,10602,DELETE,delete,L1-L61 loop bulk
scratchpad/gauntlet/L51/simbatch/replay_08CPVRRJ9C2L.json,12555,DELETE,delete,L1-L61 loop bulk
scratchpad/gauntlet/L51/simbatch/replay_08CPVRRR8PYC.json,12178,DELETE,delete,L1-L61 loop bulk
scratchpad/gauntlet/L51/simbatch/replay_08CPVRRRC0P8.json,10843,DELETE,delete,L1-L61 loop bulk
scratchpad/gauntlet/L51/simbatch/replay_08CPVRRU8VCQ.json,13450,DELETE,delete,L1-L61 loop bulk
scratchpad/gauntlet/L51/simbatch/replay_08CPVRRUR90G.json,10548,DELETE,delete,L1-L61 loop bulk
scratchpad/gauntlet/L51/simbatch/replay_08CPVRRUYG00.json,12724,DELETE,delete,L1-L61 loop bulk
scratchpad/gauntlet/L51/simbatch/replay_08LY80VC29RV.json,16016,DELETE,delete,L1-L61 loop bulk
scratchpad/gauntlet/L51/simbatch/replay_08PY88PC88QV.json,14931,DELETE,delete,L1-L61 loop bulk
scratchpad/gauntlet/L51/simbatch/replay_08PY88PCQ9C2.json,12189,DELETE,delete,L1-L61 loop bulk
scratchpad/gauntlet/L51/simbatch/replay_08PY88PCV0JQ.json,8903,DELETE,delete,L1-L61 loop bulk
scratchpad/gauntlet/L51/simbatch/replay_08PY88PJYJUR.json,13298,DELETE,delete,L1-L61 loop bulk
scratchpad/gauntlet/L51/simbatch/replay_08PY88PQV2YV.json,15162,DELETE,delete,L1-L61 loop bulk
scratchpad/gauntlet/L51/simbatch/replay_08PY88PR0LJY.json,23663,DELETE,delete,L1-L61 loop bulk
scratchpad/gauntlet/L51/simbatch/replay_08PY88PRLJCQ.json,10833,DELETE,delete,L1-L61 loop bulk
scratchpad/gauntlet/L51/simbatch/replay_08PY88PRRPY2.json,5012,DELETE,delete,L1-L61 loop bulk
scratchpad/gauntlet/L51/simbatch/replay_08PY88PUQVCU.json,10309,DELETE,delete,L1-L61 loop bulk
scratchpad/gauntlet/L51/simbatch/replay_08PY88PUY9YP.json,9652,DELETE,delete,L1-L61 loop bulk
scratchpad/gauntlet/L51/simbatch/replay_08QPVCPC2VCU.json,12670,DELETE,delete,L1-L61 loop bulk
scratchpad/gauntlet/L51/simbatch/replay_08QPVCPC9QQU.json,4205,DELETE,delete,L1-L61 loop bulk
scratchpad/gauntlet/L51/simbatch/replay_08QPVCPCG8L9.json,6614,DELETE,delete,L1-L61 loop bulk
scratchpad/gauntlet/L51/simbatch/replay_08QPVCPCVGVJ.json,10756,DELETE,delete,L1-L61 loop bulk
scratchpad/gauntlet/L51/simbatch/replay_08QPVCPCYU2U.json,11715,DELETE,delete,L1-L61 loop bulk
scratchpad/gauntlet/L51/simbatch/replay_08QPVCPU28C0.json,10150,DELETE,delete,L1-L61 loop bulk
scratchpad/gauntlet/L51/simbatch/replay_08QPVCPULY0V.json,18686,DELETE,delete,L1-L61 loop bulk
scratchpad/gauntlet/L51/simbatch/replay_08YY892LJCG9.json,10255,DELETE,delete,L1-L61 loop bulk
scratchpad/gauntlet/L51/simbatch/replay_08YY892P8Q98.json,11528,DELETE,delete,L1-L61 loop bulk
scratchpad/gauntlet/L51/simbatch/replay_08YY892V8QUU.json,15960,DELETE,delete,L1-L61 loop bulk
scratchpad/gauntlet/L51/simbatch/replay_08YY89822YRQ.json,10440,DELETE,delete,L1-L61 loop bulk
scratchpad/gauntlet/L51/simbatch/replay_08YY8988C0QC.json,7486,DELETE,delete,L1-L61 loop bulk
scratchpad/gauntlet/L51/simbatch/replay_08YY8988V9JL.json,21545,DELETE,delete,L1-L61 loop bulk
scratchpad/gauntlet/L51/simbatch/replay_08YY8989P8J2.json,11034,DELETE,delete,L1-L61 loop bulk
scratchpad/gauntlet/L51/simbatch/replay_08YY898L28JL.json,21956,DELETE,delete,L1-L61 loop bulk
scratchpad/gauntlet/L51/simbatch/replay_08YY898L9JLC.json,9721,DELETE,delete,L1-L61 loop bulk
scratchpad/gauntlet/L51/simbatch/replay_08YY898LQL9V.json,19948,DELETE,delete,L1-L61 loop bulk
scratchpad/gauntlet/L51/simbatch/replay_08YY898LU88C.json,13135,DELETE,delete,L1-L61 loop bulk
scratchpad/gauntlet/L51/simbatch/replay_08YY898LY8G8.json,13260,DELETE,delete,L1-L61 loop bulk
scratchpad/gauntlet/L51/simbatch/replay_08YY898PPLJ9.json,14234,DELETE,delete,L1-L61 loop bulk
scratchpad/gauntlet/L51/simbatch/replay_08YY898Q09RY.json,16891,DELETE,delete,L1-L61 loop bulk
scratchpad/gauntlet/L51/simbatch/replay_08YY898QYRPP.json,11898,DELETE,delete,L1-L61 loop bulk
scratchpad/gauntlet/L51/simbatch/replay_08YY898YJ8LY.json,12854,DELETE,delete,L1-L61 loop bulk
scratchpad/gauntlet/L51/simbatch/replay_092PPVPCRCPC.json,12043,DELETE,delete,L1-L61 loop bulk
scratchpad/gauntlet/L51/simbatch/replay_092PPVPCU9LL.json,16709,DELETE,delete,L1-L61 loop bulk
scratchpad/gauntlet/L51/simbatch/replay_092PPVPU00LV.json,13574,DELETE,delete,L1-L61 loop bulk
scratchpad/gauntlet/L51/simbatch/replay_092PPVPUY8PG.json,11927,DELETE,delete,L1-L61 loop bulk
scratchpad/gauntlet/L51/simbatch/replay_092PPVPV8PRJ.json,12118,DELETE,delete,L1-L61 loop bulk
scratchpad/gauntlet/L51/simbatch/replay_092PPVPVRCYP.json,11619,DELETE,delete,L1-L61 loop bulk
scratchpad/gauntlet/L51/simbatch/replay_092PPVPVULCU.json,11787,DELETE,delete,L1-L61 loop bulk
scratchpad/gauntlet/L51/simbatch/replay_092PPVY0J0J8.json,11323,DELETE,delete,L1-L61 loop bulk
scratchpad/gauntlet/L51/simbatch/replay_092PPVY0Q0CR.json,10036,DELETE,delete,L1-L61 loop bulk
scratchpad/gauntlet/L51/simbatch/replay_092PPVY29Q2V.json,11276,DELETE,delete,L1-L61 loop bulk
scratchpad/gauntlet/L51/simbatch/replay_092PPVY2CGG8.json,6640,DELETE,delete,L1-L61 loop bulk
scratchpad/gauntlet/L51/simbatch/replay_092PPVY2RCUL.json,11215,DELETE,delete,L1-L61 loop bulk
scratchpad/gauntlet/L51/simbatch/replay_092PPVY8298U.json,9910,DELETE,delete,L1-L61 loop bulk
scratchpad/gauntlet/L51/simbatch/replay_092PPVY899LL.json,11513,DELETE,delete,L1-L61 loop bulk
scratchpad/gauntlet/L51/simbatch/replay_092PPVY8PV90.json,11425,DELETE,delete,L1-L61 loop bulk
scratchpad/gauntlet/L51/simbatch/summary.jsonl,40750,DELETE,delete,L1-L61 loop bulk
scratchpad/gauntlet/L51/simbatch_mirror/replay_000YLY0JCPGL.json,25356,DELETE,delete,L1-L61 loop bulk
scratchpad/gauntlet/L51/simbatch_mirror/replay_000YLY0PYYQY.json,8180,DELETE,delete,L1-L61 loop bulk
scratchpad/gauntlet/L51/simbatch_mirror/replay_000YLY2UCC8C.json,8896,DELETE,delete,L1-L61 loop bulk
scratchpad/gauntlet/L51/simbatch_mirror/replay_000YLY2ULYLR.json,4804,DELETE,delete,L1-L61 loop bulk
scratchpad/gauntlet/L51/simbatch_mirror/replay_000YLY2UVGRL.json,12409,DELETE,delete,L1-L61 loop bulk
scratchpad/gauntlet/L51/simbatch_mirror/replay_000YLY2VQ92P.json,6676,DELETE,delete,L1-L61 loop bulk
scratchpad/gauntlet/L51/simbatch_mirror/replay_002YLLLP2YRR.json,14899,DELETE,delete,L1-L61 loop bulk
scratchpad/gauntlet/L51/simbatch_mirror/replay_002YLLLP9JUR.json,12444,DELETE,delete,L1-L61 loop bulk
scratchpad/gauntlet/L51/simbatch_mirror/replay_00GYPYP0PCLR.json,11515,DELETE,delete,L1-L61 loop bulk
scratchpad/gauntlet/L51/simbatch_mirror/replay_00GYPYPRQCY8.json,11065,DELETE,delete,L1-L61 loop bulk
scratchpad/gauntlet/L51/simbatch_mirror/replay_00GYPYPYUQQY.json,11398,DELETE,delete,L1-L61 loop bulk
scratchpad/gauntlet/L51/simbatch_mirror/replay_00JYPQQ8UCVL.json,10797,DELETE,delete,L1-L61 loop bulk
scratchpad/gauntlet/L51/simbatch_mirror/replay_00JYPQQ9V8UY.json,11315,DELETE,delete,L1-L61 loop bulk
scratchpad/gauntlet/L51/simbatch_mirror/replay_00JYPQYYV0JV.json,11892,DELETE,delete,L1-L61 loop bulk
scratchpad/gauntlet/L51/simbatch_mirror/replay_00LYPLCUGYJ2.json,12882,DELETE,delete,L1-L61 loop bulk
scratchpad/gauntlet/L51/simbatch_mirror/replay_00LYPLCV08L9.json,5065,DELETE,delete,L1-L61 loop bulk
scratchpad/gauntlet/L51/simbatch_mirror/replay_00LYPLCV92L0.json,10297,DELETE,delete,L1-L61 loop bulk
scratchpad/gauntlet/L51/simbatch_mirror/replay_00LYPLCVPJR9.json,6974,DELETE,delete,L1-L61 loop bulk
scratchpad/gauntlet/L51/simbatch_mirror/replay_00LYPLCVQRVY.json,26766,DELETE,delete,L1-L61 loop bulk
scratchpad/gauntlet/L51/simbatch_mirror/replay_00LYPLCVRCCV.json,21304,DELETE,delete,L1-L61 loop bulk
scratchpad/gauntlet/L51/simbatch_mirror/replay_00LYPLJLC80L.json,12809,DELETE,delete,L1-L61 loop bulk
scratchpad/gauntlet/L51/simbatch_mirror/replay_00LYPLJLQ80J.json,5392,DELETE,delete,L1-L61 loop bulk
scratchpad/gauntlet/L51/simbatch_mirror/replay_00LYPLJLRJ00.json,4399,DELETE,delete,L1-L61 loop bulk
scratchpad/gauntlet/L51/simbatch_mirror/replay_00LYPLJLYQCR.json,10798,DELETE,delete,L1-L61 loop bulk
scratchpad/gauntlet/L51/simbatch_mirror/replay_00LYPLR0C8GJ.json,12946,DELETE,delete,L1-L61 loop bulk
scratchpad/gauntlet/L51/simbatch_mirror/replay_00LYPLR200VU.json,11251,DELETE,delete,L1-L61 loop bulk
scratchpad/gauntlet/L51/simbatch_mirror/replay_00LYPLR222YQ.json,4397,DELETE,delete,L1-L61 loop bulk
scratchpad/gauntlet/L51/simbatch_mirror/replay_00LYPLU8C8JP.json,6680,DELETE,delete,L1-L61 loop bulk
scratchpad/gauntlet/L51/simbatch_mirror/replay_00LYPLU8VV0C.json,11857,DELETE,delete,L1-L61 loop bulk
scratchpad/gauntlet/L51/simbatch_mirror/replay_00LYPLU8YQVQ.json,17502,DELETE,delete,L1-L61 loop bulk
scratchpad/gauntlet/L51/simbatch_mirror/replay_00LYPQ28JL8Q.json,29070,DELETE,delete,L1-L61 loop bulk
scratchpad/gauntlet/L51/simbatch_mirror/replay_00LYPQ28PU22.json,11856,DELETE,delete,L1-L61 loop bulk
scratchpad/gauntlet/L51/simbatch_mirror/replay_00LYPQ2909YG.json,15854,DELETE,delete,L1-L61 loop bulk
scratchpad/gauntlet/L51/simbatch_mirror/replay_00LYPQ8LGYP2.json,11567,DELETE,delete,L1-L61 loop bulk
scratchpad/gauntlet/L51/simbatch_mirror/replay_00UYPL92ULUL.json,12982,DELETE,delete,L1-L61 loop bulk
scratchpad/gauntlet/L51/simbatch_mirror/replay_00UYPL99P28R.json,13390,DELETE,delete,L1-L61 loop bulk
scratchpad/gauntlet/L51/simbatch_mirror/replay_00UYPL99PV2P.json,5207,DELETE,delete,L1-L61 loop bulk
scratchpad/gauntlet/L51/simbatch_mirror/replay_00UYPL99UQCG.json,12037,DELETE,delete,L1-L61 loop bulk
scratchpad/gauntlet/L51/simbatch_mirror/replay_00UYPL9P0VQL.json,12736,DELETE,delete,L1-L61 loop bulk
scratchpad/gauntlet/L51/simbatch_mirror/replay_00UYPLL0RLRQ.json,12552,DELETE,delete,L1-L61 loop bulk
scratchpad/gauntlet/L51/simbatch_mirror/replay_00UYPLLCLCJQ.json,12468,DELETE,delete,L1-L61 loop bulk
scratchpad/gauntlet/L51/simbatch_mirror/replay_00UYPLLGUP02.json,12000,DELETE,delete,L1-L61 loop bulk
scratchpad/gauntlet/L51/simbatch_mirror/replay_00UYPLLGYCQ2.json,11858,DELETE,delete,L1-L61 loop bulk
scratchpad/gauntlet/L51/simbatch_mirror/replay_00UYPLLR2JVJ.json,11870,DELETE,delete,L1-L61 loop bulk
scratchpad/gauntlet/L51/simbatch_mirror/replay_00UYPLLU0C0L.json,7100,DELETE,delete,L1-L61 loop bulk
scratchpad/gauntlet/L51/simbatch_mirror/replay_00UYPLLU8LYV.json,10444,DELETE,delete,L1-L61 loop bulk
scratchpad/gauntlet/L51/simbatch_mirror/replay_00UYPLLURY2U.json,13018,DELETE,delete,L1-L61 loop bulk
scratchpad/gauntlet/L51/simbatch_mirror/replay_00VYPLPJGYLY.json,12959,DELETE,delete,L1-L61 loop bulk
scratchpad/gauntlet/L51/simbatch_mirror/replay_00VYPLPJLC88.json,10319,DELETE,delete,L1-L61 loop bulk
scratchpad/gauntlet/L51/simbatch_mirror/replay_00VYPLPJRYRY.json,13757,DELETE,delete,L1-L61 loop bulk
scratchpad/gauntlet/L51/simbatch_mirror/replay_020YPYL2LVU9.json,13015,DELETE,delete,L1-L61 loop bulk
scratchpad/gauntlet/L51/simbatch_mirror/replay_020YPYL80RJY.json,11077,DELETE,delete,L1-L61 loop bulk
scratchpad/gauntlet/L51/simbatch_mirror/replay_020YPYL89Y8Y.json,11680,DELETE,delete,L1-L61 loop bulk
scratchpad/gauntlet/L51/simbatch_mirror/replay_020YPYL9CYUL.json,10979,DELETE,delete,L1-L61 loop bulk
scratchpad/gauntlet/L51/simbatch_mirror/replay_020YPYL9R08C.json,5803,DELETE,delete,L1-L61 loop bulk
scratchpad/gauntlet/L51/simbatch_mirror/replay_020YPYL9VC0C.json,13110,DELETE,delete,L1-L61 loop bulk
scratchpad/gauntlet/L51/simbatch_mirror/replay_020YPYLLQUV0.json,11527,DELETE,delete,L1-L61 loop bulk
scratchpad/gauntlet/L51/simbatch_mirror/replay_020YPYLP8YR0.json,11441,DELETE,delete,L1-L61 loop bulk
scratchpad/gauntlet/L51/simbatch_mirror/replay_020YPYLPPCPQ.json,8079,DELETE,delete,L1-L61 loop bulk
scratchpad/gauntlet/L51/simbatch_mirror/replay_020YPYLY29LP.json,11431,DELETE,delete,L1-L61 loop bulk
scratchpad/gauntlet/L51/simbatch_mirror/replay_020YPYP8J9PV.json,26490,DELETE,delete,L1-L61 loop bulk
scratchpad/gauntlet/L51/simbatch_mirror/replay_020YPYQ0RRY0.json,4387,DELETE,delete,L1-L61 loop bulk
scratchpad/gauntlet/L51/simbatch_mirror/replay_020YPYQ22GY2.json,18033,DELETE,delete,L1-L61 loop bulk
scratchpad/gauntlet/L51/simbatch_mirror/replay_020YPYYQG22L.json,2505,DELETE,delete,L1-L61 loop bulk
scratchpad/gauntlet/L51/simbatch_mirror/replay_020YPYYQQ8V8.json,13821,DELETE,delete,L1-L61 loop bulk
scratchpad/gauntlet/L51/simbatch_mirror/replay_020YPYYR8Q0P.json,12486,DELETE,delete,L1-L61 loop bulk
scratchpad/gauntlet/L51/simbatch_mirror/replay_020YPYYVJR0V.json,4415,DELETE,delete,L1-L61 loop bulk
scratchpad/gauntlet/L51/simbatch_mirror/replay_022YYL8R2GG0.json,4992,DELETE,delete,L1-L61 loop bulk
scratchpad/gauntlet/L51/simbatch_mirror/replay_022YYL8YCYC8.json,11886,DELETE,delete,L1-L61 loop bulk
scratchpad/gauntlet/L51/simbatch_mirror/replay_022YYLUUPYYV.json,12116,DELETE,delete,L1-L61 loop bulk
scratchpad/gauntlet/L51/simbatch_mirror/replay_022YYLV98PVR.json,11885,DELETE,delete,L1-L61 loop bulk
scratchpad/gauntlet/L51/simbatch_mirror/replay_022YYLV9QLQJ.json,14100,DELETE,delete,L1-L61 loop bulk
scratchpad/gauntlet/L51/simbatch_mirror/replay_022YYLV9V90G.json,11181,DELETE,delete,L1-L61 loop bulk
scratchpad/gauntlet/L51/simbatch_mirror/replay_022YYLV9YVJL.json,16589,DELETE,delete,L1-L61 loop bulk
scratchpad/gauntlet/L51/simbatch_mirror/replay_022YYQ0RPYY2.json,12058,DELETE,delete,L1-L61 loop bulk
scratchpad/gauntlet/L51/simbatch_mirror/replay_022YYQ22298V.json,10772,DELETE,delete,L1-L61 loop bulk
scratchpad/gauntlet/L51/simbatch_mirror/replay_022YYQ2G0LPV.json,10252,DELETE,delete,L1-L61 loop bulk
scratchpad/gauntlet/L51/simbatch_mirror/replay_022YYQ2QJRPV.json,10293,DELETE,delete,L1-L61 loop bulk
scratchpad/gauntlet/L51/simbatch_mirror/replay_022YYQ92909Q.json,10156,DELETE,delete,L1-L61 loop bulk
scratchpad/gauntlet/L51/simbatch_mirror/replay_022YYQL2QLUV.json,13808,DELETE,delete,L1-L61 loop bulk
scratchpad/gauntlet/L51/simbatch_mirror/replay_022YYQL828PQ.json,7586,DELETE,delete,L1-L61 loop bulk
scratchpad/gauntlet/L51/simbatch_mirror/replay_022YYQYV2C2J.json,13064,DELETE,delete,L1-L61 loop bulk
scratchpad/gauntlet/L51/simbatch_mirror/replay_022YYQYV9Y2R.json,14062,DELETE,delete,L1-L61 loop bulk
scratchpad/gauntlet/L51/simbatch_mirror/replay_022YYYUC8VUJ.json,19226,DELETE,delete,L1-L61 loop bulk
scratchpad/gauntlet/L51/simbatch_mirror/replay_022YYYUCQR2V.json,12485,DELETE,delete,L1-L61 loop bulk
scratchpad/gauntlet/L51/simbatch_mirror/replay_022YYYUCR9VJ.json,10578,DELETE,delete,L1-L61 loop bulk
scratchpad/gauntlet/L51/simbatch_mirror/replay_022YYYUCVPR9.json,13531,DELETE,delete,L1-L61 loop bulk
scratchpad/gauntlet/L51/simbatch_mirror/replay_022YYYUU9LPG.json,13294,DELETE,delete,L1-L61 loop bulk
scratchpad/gauntlet/L51/simbatch_mirror/replay_022YYYUUQGGJ.json,10349,DELETE,delete,L1-L61 loop bulk
scratchpad/gauntlet/L51/simbatch_mirror/replay_022YYYUVGPUU.json,12438,DELETE,delete,L1-L61 loop bulk
scratchpad/gauntlet/L51/simbatch_mirror/replay_022YYYVURLCJ.json,10594,DELETE,delete,L1-L61 loop bulk
scratchpad/gauntlet/L51/simbatch_mirror/replay_02GY9GJCR9P0.json,10862,DELETE,delete,L1-L61 loop bulk
scratchpad/gauntlet/L51/simbatch_mirror/replay_02GY9GJGYJUV.json,4978,DELETE,delete,L1-L61 loop bulk
scratchpad/gauntlet/L51/simbatch_mirror/replay_02GY9GJJLR9Q.json,12856,DELETE,delete,L1-L61 loop bulk
scratchpad/gauntlet/L51/simbatch_mirror/replay_02GY9GJQU0UR.json,12955,DELETE,delete,L1-L61 loop bulk
scratchpad/gauntlet/L51/simbatch_mirror/replay_02GY9GJRPQ89.json,10677,DELETE,delete,L1-L61 loop bulk
scratchpad/gauntlet/L51/simbatch_mirror/replay_02GY9GJRQG2Q.json,3000,DELETE,delete,L1-L61 loop bulk
scratchpad/gauntlet/L51/simbatch_mirror/replay_02GY9GJURY8G.json,11912,DELETE,delete,L1-L61 loop bulk
scratchpad/gauntlet/L51/simbatch_mirror/replay_02GY9GJV00GV.json,14840,DELETE,delete,L1-L61 loop bulk
scratchpad/gauntlet/L51/simbatch_mirror/replay_02GY9GJV8CVG.json,10807,DELETE,delete,L1-L61 loop bulk
scratchpad/gauntlet/L51/simbatch_mirror/replay_02GY9GJVQGCQ.json,13336,DELETE,delete,L1-L61 loop bulk
scratchpad/gauntlet/L51/simbatch_mirror/replay_02GY9GJVUP00.json,17310,DELETE,delete,L1-L61 loop bulk
scratchpad/gauntlet/L51/simbatch_mirror/replay_02GY9GR902G8.json,3604,DELETE,delete,L1-L61 loop bulk
scratchpad/gauntlet/L51/simbatch_mirror/replay_02JY9G00V9CJ.json,7236,DELETE,delete,L1-L61 loop bulk
scratchpad/gauntlet/L51/simbatch_mirror/replay_02JY9G020C2U.json,8396,DELETE,delete,L1-L61 loop bulk
scratchpad/gauntlet/L51/simbatch_mirror/replay_02JY9G02LR0U.json,11206,DELETE,delete,L1-L61 loop bulk
scratchpad/gauntlet/L51/simbatch_mirror/replay_02JY9G02UJL2.json,12104,DELETE,delete,L1-L61 loop bulk
scratchpad/gauntlet/L51/simbatch_mirror/replay_02JY9G082QC2.json,11293,DELETE,delete,L1-L61 loop bulk
scratchpad/gauntlet/L51/simbatch_mirror/replay_02JY9G08C0JV.json,15589,DELETE,delete,L1-L61 loop bulk
scratchpad/gauntlet/L51/simbatch_mirror/replay_02JY9G08YCQG.json,19331,DELETE,delete,L1-L61 loop bulk
scratchpad/gauntlet/L51/simbatch_mirror/replay_02JY9G090029.json,14124,DELETE,delete,L1-L61 loop bulk
scratchpad/gauntlet/L51/simbatch_mirror/replay_02JY9G8LJPJV.json,24083,DELETE,delete,L1-L61 loop bulk
scratchpad/gauntlet/L51/simbatch_mirror/replay_02JY9G99CGPC.json,11961,DELETE,delete,L1-L61 loop bulk
scratchpad/gauntlet/L51/simbatch_mirror/replay_02JY9G99LY0L.json,10890,DELETE,delete,L1-L61 loop bulk
scratchpad/gauntlet/L51/simbatch_mirror/replay_02JY9G99RPRU.json,18429,DELETE,delete,L1-L61 loop bulk
scratchpad/gauntlet/L51/simbatch_mirror/replay_02JY9G9PP92L.json,21843,DELETE,delete,L1-L61 loop bulk
scratchpad/gauntlet/L51/simbatch_mirror/replay_02JY9GL00Q0C.json,14473,DELETE,delete,L1-L61 loop bulk
scratchpad/gauntlet/L51/simbatch_mirror/replay_02JY9GL09YJJ.json,13718,DELETE,delete,L1-L61 loop bulk
scratchpad/gauntlet/L51/simbatch_mirror/replay_02JY9GL22CYR.json,10838,DELETE,delete,L1-L61 loop bulk
scratchpad/gauntlet/L51/simbatch_mirror/replay_02JY9GL9VP9C.json,6263,DELETE,delete,L1-L61 loop bulk
scratchpad/gauntlet/L51/simbatch_mirror/replay_02JY9GL9Y90C.json,11503,DELETE,delete,L1-L61 loop bulk
scratchpad/gauntlet/L51/simbatch_mirror/replay_02JY9GPPVPPG.json,4881,DELETE,delete,L1-L61 loop bulk
scratchpad/gauntlet/L51/simbatch_mirror/replay_02JY9GQY2VCU.json,11679,DELETE,delete,L1-L61 loop bulk
scratchpad/gauntlet/L51/simbatch_mirror/replay_02JY9GQYCPCQ.json,12623,DELETE,delete,L1-L61 loop bulk
scratchpad/gauntlet/L51/simbatch_mirror/replay_02JY9GQYLVLV.json,12952,DELETE,delete,L1-L61 loop bulk
scratchpad/gauntlet/L51/simbatch_mirror/replay_02JY9GYLJC9Y.json,17159,DELETE,delete,L1-L61 loop bulk
scratchpad/gauntlet/L51/simbatch_mirror/replay_02JY9GYQ0Q9G.json,13061,DELETE,delete,L1-L61 loop bulk
scratchpad/gauntlet/L51/simbatch_mirror/replay_02JY9GYQ89QY.json,3296,DELETE,delete,L1-L61 loop bulk
scratchpad/gauntlet/L51/simbatch_mirror/replay_02LY9LJV20Q9.json,19720,DELETE,delete,L1-L61 loop bulk
scratchpad/gauntlet/L51/simbatch_mirror/replay_02LY9LJV8Q0C.json,22547,DELETE,delete,L1-L61 loop bulk
scratchpad/gauntlet/L51/simbatch_mirror/replay_02QY9Q8VCCYQ.json,11437,DELETE,delete,L1-L61 loop bulk
scratchpad/gauntlet/L51/simbatch_mirror/replay_02QY9Q8VGVGQ.json,13224,DELETE,delete,L1-L61 loop bulk
scratchpad/gauntlet/L51/simbatch_mirror/replay_02QY9Q900RQL.json,5792,DELETE,delete,L1-L61 loop bulk
scratchpad/gauntlet/L51/simbatch_mirror/replay_02QY9Q90JPCL.json,10202,DELETE,delete,L1-L61 loop bulk
scratchpad/gauntlet/L51/simbatch_mirror/replay_02QY9Q90QQ9V.json,11942,DELETE,delete,L1-L61 loop bulk
scratchpad/gauntlet/L51/simbatch_mirror/replay_02QY9Q90VQ02.json,9221,DELETE,delete,L1-L61 loop bulk
scratchpad/gauntlet/L51/simbatch_mirror/replay_02QY9Q928Y8C.json,23690,DELETE,delete,L1-L61 loop bulk
scratchpad/gauntlet/L51/simbatch_mirror/replay_02QY9Q92CGV0.json,5508,DELETE,delete,L1-L61 loop bulk
scratchpad/gauntlet/L51/simbatch_mirror/replay_02QY9Q92QPGC.json,10630,DELETE,delete,L1-L61 loop bulk
scratchpad/gauntlet/L51/simbatch_mirror/replay_02QY9Q980YV0.json,11526,DELETE,delete,L1-L61 loop bulk
scratchpad/gauntlet/L51/simbatch_mirror/replay_02QY9Q98C0J8.json,4599,DELETE,delete,L1-L61 loop bulk
scratchpad/gauntlet/L51/simbatch_mirror/replay_02QY9Q9L9CLL.json,10137,DELETE,delete,L1-L61 loop bulk
scratchpad/gauntlet/L51/simbatch_mirror/replay_02QY9Q9LCCQQ.json,10847,DELETE,delete,L1-L61 loop bulk
scratchpad/gauntlet/L51/simbatch_mirror/replay_02QY9Q9P0CRP.json,12347,DELETE,delete,L1-L61 loop bulk
scratchpad/gauntlet/L51/simbatch_mirror/replay_02QY9Q9PCGCP.json,10611,DELETE,delete,L1-L61 loop bulk
scratchpad/gauntlet/L51/simbatch_mirror/replay_02QY9Q9PY29C.json,11674,DELETE,delete,L1-L61 loop bulk
scratchpad/gauntlet/L51/simbatch_mirror/replay_02QY9Q9YY089.json,6572,DELETE,delete,L1-L61 loop bulk
scratchpad/gauntlet/L51/simbatch_mirror/replay_082Y8Q0CRU92.json,13393,DELETE,delete,L1-L61 loop bulk
scratchpad/gauntlet/L51/simbatch_mirror/replay_088Y88LLCJRY.json,15089,DELETE,delete,L1-L61 loop bulk
scratchpad/gauntlet/L51/simbatch_mirror/replay_088Y88LQYJ00.json,5406,DELETE,delete,L1-L61 loop bulk
scratchpad/gauntlet/L51/simbatch_mirror/replay_08CPVR8P2JPV.json,13809,DELETE,delete,L1-L61 loop bulk
scratchpad/gauntlet/L51/simbatch_mirror/replay_08CPVRQ9JCLR.json,9068,DELETE,delete,L1-L61 loop bulk
scratchpad/gauntlet/L51/simbatch_mirror/replay_08CPVRQ9RQUY.json,6799,DELETE,delete,L1-L61 loop bulk
scratchpad/gauntlet/L51/simbatch_mirror/replay_08CPVRQPJLPG.json,12394,DELETE,delete,L1-L61 loop bulk
scratchpad/gauntlet/L51/simbatch_mirror/replay_08CPVRRCJY0J.json,5067,DELETE,delete,L1-L61 loop bulk
scratchpad/gauntlet/L51/simbatch_mirror/replay_08CPVRRCV922.json,14944,DELETE,delete,L1-L61 loop bulk
scratchpad/gauntlet/L51/simbatch_mirror/replay_08CPVRRJ9C2L.json,12536,DELETE,delete,L1-L61 loop bulk
scratchpad/gauntlet/L51/simbatch_mirror/replay_08CPVRRR8PYC.json,12176,DELETE,delete,L1-L61 loop bulk
scratchpad/gauntlet/L51/simbatch_mirror/replay_08CPVRRRC0P8.json,10783,DELETE,delete,L1-L61 loop bulk
scratchpad/gauntlet/L51/simbatch_mirror/replay_08CPVRRU8VCQ.json,13650,DELETE,delete,L1-L61 loop bulk
scratchpad/gauntlet/L51/simbatch_mirror/replay_08CPVRRUR90G.json,10496,DELETE,delete,L1-L61 loop bulk
scratchpad/gauntlet/L51/simbatch_mirror/replay_08CPVRRUYG00.json,12768,DELETE,delete,L1-L61 loop bulk
scratchpad/gauntlet/L51/simbatch_mirror/replay_08LY80VC29RV.json,12275,DELETE,delete,L1-L61 loop bulk
scratchpad/gauntlet/L51/simbatch_mirror/replay_08PY88PC88QV.json,14897,DELETE,delete,L1-L61 loop bulk
scratchpad/gauntlet/L51/simbatch_mirror/replay_08PY88PCQ9C2.json,12161,DELETE,delete,L1-L61 loop bulk
scratchpad/gauntlet/L51/simbatch_mirror/replay_08PY88PCV0JQ.json,12358,DELETE,delete,L1-L61 loop bulk
scratchpad/gauntlet/L51/simbatch_mirror/replay_08PY88PJYJUR.json,13294,DELETE,delete,L1-L61 loop bulk
scratchpad/gauntlet/L51/simbatch_mirror/replay_08PY88PQV2YV.json,15160,DELETE,delete,L1-L61 loop bulk
scratchpad/gauntlet/L51/simbatch_mirror/replay_08PY88PR0LJY.json,19090,DELETE,delete,L1-L61 loop bulk
scratchpad/gauntlet/L51/simbatch_mirror/replay_08PY88PRLJCQ.json,10615,DELETE,delete,L1-L61 loop bulk
scratchpad/gauntlet/L51/simbatch_mirror/replay_08PY88PRRPY2.json,5207,DELETE,delete,L1-L61 loop bulk
scratchpad/gauntlet/L51/simbatch_mirror/replay_08PY88PUQVCU.json,10292,DELETE,delete,L1-L61 loop bulk
scratchpad/gauntlet/L51/simbatch_mirror/replay_08PY88PUY9YP.json,9640,DELETE,delete,L1-L61 loop bulk
scratchpad/gauntlet/L51/simbatch_mirror/replay_08QPVCPC2VCU.json,12609,DELETE,delete,L1-L61 loop bulk
scratchpad/gauntlet/L51/simbatch_mirror/replay_08QPVCPC9QQU.json,4212,DELETE,delete,L1-L61 loop bulk
scratchpad/gauntlet/L51/simbatch_mirror/replay_08QPVCPCG8L9.json,11235,DELETE,delete,L1-L61 loop bulk
scratchpad/gauntlet/L51/simbatch_mirror/replay_08QPVCPCVGVJ.json,10742,DELETE,delete,L1-L61 loop bulk
scratchpad/gauntlet/L51/simbatch_mirror/replay_08QPVCPCYU2U.json,11506,DELETE,delete,L1-L61 loop bulk
scratchpad/gauntlet/L51/simbatch_mirror/replay_08QPVCPU28C0.json,10542,DELETE,delete,L1-L61 loop bulk
scratchpad/gauntlet/L51/simbatch_mirror/replay_08QPVCPULY0V.json,19495,DELETE,delete,L1-L61 loop bulk
scratchpad/gauntlet/L51/simbatch_mirror/replay_08YY892LJCG9.json,10271,DELETE,delete,L1-L61 loop bulk
scratchpad/gauntlet/L51/simbatch_mirror/replay_08YY892P8Q98.json,11520,DELETE,delete,L1-L61 loop bulk
scratchpad/gauntlet/L51/simbatch_mirror/replay_08YY892V8QUU.json,16001,DELETE,delete,L1-L61 loop bulk
scratchpad/gauntlet/L51/simbatch_mirror/replay_08YY89822YRQ.json,10455,DELETE,delete,L1-L61 loop bulk
scratchpad/gauntlet/L51/simbatch_mirror/replay_08YY8988C0QC.json,7481,DELETE,delete,L1-L61 loop bulk
scratchpad/gauntlet/L51/simbatch_mirror/replay_08YY8988V9JL.json,13671,DELETE,delete,L1-L61 loop bulk
scratchpad/gauntlet/L51/simbatch_mirror/replay_08YY8989P8J2.json,3181,DELETE,delete,L1-L61 loop bulk
scratchpad/gauntlet/L51/simbatch_mirror/replay_08YY898L28JL.json,16462,DELETE,delete,L1-L61 loop bulk
scratchpad/gauntlet/L51/simbatch_mirror/replay_08YY898L9JLC.json,9717,DELETE,delete,L1-L61 loop bulk
scratchpad/gauntlet/L51/simbatch_mirror/replay_08YY898LQL9V.json,19713,DELETE,delete,L1-L61 loop bulk
scratchpad/gauntlet/L51/simbatch_mirror/replay_08YY898LU88C.json,13127,DELETE,delete,L1-L61 loop bulk
scratchpad/gauntlet/L51/simbatch_mirror/replay_08YY898LY8G8.json,13058,DELETE,delete,L1-L61 loop bulk
scratchpad/gauntlet/L51/simbatch_mirror/replay_08YY898PPLJ9.json,14227,DELETE,delete,L1-L61 loop bulk
scratchpad/gauntlet/L51/simbatch_mirror/replay_08YY898Q09RY.json,9419,DELETE,delete,L1-L61 loop bulk
scratchpad/gauntlet/L51/simbatch_mirror/replay_08YY898QYRPP.json,11916,DELETE,delete,L1-L61 loop bulk
scratchpad/gauntlet/L51/simbatch_mirror/replay_08YY898YJ8LY.json,12857,DELETE,delete,L1-L61 loop bulk
scratchpad/gauntlet/L51/simbatch_mirror/replay_092PPVPCRCPC.json,12436,DELETE,delete,L1-L61 loop bulk
scratchpad/gauntlet/L51/simbatch_mirror/replay_092PPVPCU9LL.json,13317,DELETE,delete,L1-L61 loop bulk
scratchpad/gauntlet/L51/simbatch_mirror/replay_092PPVPU00LV.json,13600,DELETE,delete,L1-L61 loop bulk
scratchpad/gauntlet/L51/simbatch_mirror/replay_092PPVPUY8PG.json,11945,DELETE,delete,L1-L61 loop bulk
scratchpad/gauntlet/L51/simbatch_mirror/replay_092PPVPV8PRJ.json,13601,DELETE,delete,L1-L61 loop bulk
scratchpad/gauntlet/L51/simbatch_mirror/replay_092PPVPVRCYP.json,11656,DELETE,delete,L1-L61 loop bulk
scratchpad/gauntlet/L51/simbatch_mirror/replay_092PPVPVULCU.json,20905,DELETE,delete,L1-L61 loop bulk
scratchpad/gauntlet/L51/simbatch_mirror/replay_092PPVY0J0J8.json,13528,DELETE,delete,L1-L61 loop bulk
scratchpad/gauntlet/L51/simbatch_mirror/replay_092PPVY0Q0CR.json,11743,DELETE,delete,L1-L61 loop bulk
scratchpad/gauntlet/L51/simbatch_mirror/replay_092PPVY29Q2V.json,11266,DELETE,delete,L1-L61 loop bulk
scratchpad/gauntlet/L51/simbatch_mirror/replay_092PPVY2CGG8.json,9677,DELETE,delete,L1-L61 loop bulk
scratchpad/gauntlet/L51/simbatch_mirror/replay_092PPVY2RCUL.json,11210,DELETE,delete,L1-L61 loop bulk
scratchpad/gauntlet/L51/simbatch_mirror/replay_092PPVY8298U.json,9907,DELETE,delete,L1-L61 loop bulk
scratchpad/gauntlet/L51/simbatch_mirror/replay_092PPVY899LL.json,12093,DELETE,delete,L1-L61 loop bulk
scratchpad/gauntlet/L51/simbatch_mirror/replay_092PPVY8PV90.json,11422,DELETE,delete,L1-L61 loop bulk
scratchpad/gauntlet/L51/simbatch_mirror/summary.jsonl,40751,DELETE,delete,L1-L61 loop bulk
scratchpad/gauntlet/L51/simbatch_mirror_run.log,45496,DELETE,delete,L1-L61 loop bulk
scratchpad/gauntlet/L51/simbatch_run.log,45495,DELETE,delete,L1-L61 loop bulk
scratchpad/gauntlet/L51/smoke/replay_00LYPLJLC80L.json,17252,DELETE,delete,L1-L61 loop bulk
scratchpad/gauntlet/L51/smoke/summary.jsonl,194,DELETE,delete,L1-L61 loop bulk
scratchpad/gauntlet/L52/_commitmsg.txt,536,DELETE,delete,L1-L61 loop bulk
scratchpad/gauntlet/L52/_handoff_5cs22.md,6672,KEEP,keep,L<N> instrument/record (md/py/sh/ps1/yaml/npy)
scratchpad/gauntlet/L52/_tags.txt,26,DELETE,delete,L1-L61 loop bulk
scratchpad/gauntlet/L52/_tags2.txt,26,DELETE,delete,L1-L61 loop bulk
scratchpad/gauntlet/L52/compare.py,1607,KEEP,keep,L<N> instrument/record (md/py/sh/ps1/yaml/npy)
scratchpad/gauntlet/L52/damage_attrib.py,2891,KEEP,keep,L<N> instrument/record (md/py/sh/ps1/yaml/npy)
scratchpad/gauntlet/L52/diff_00LYPLJLC80L.txt,7464,DELETE,delete,L1-L61 loop bulk
scratchpad/gauntlet/L52/diff_00LYPLJLC80L_both.txt,6019,DELETE,delete,L1-L61 loop bulk
scratchpad/gauntlet/L52/diff_08CPVRRR8PYC.txt,5312,DELETE,delete,L1-L61 loop bulk
scratchpad/gauntlet/L52/simbatch_all3/replay_000YLY0JCPGL.json,25692,DELETE,delete,L1-L61 loop bulk
scratchpad/gauntlet/L52/simbatch_all3/replay_000YLY0PYYQY.json,8203,DELETE,delete,L1-L61 loop bulk
scratchpad/gauntlet/L52/simbatch_all3/replay_000YLY2UCC8C.json,8085,DELETE,delete,L1-L61 loop bulk
scratchpad/gauntlet/L52/simbatch_all3/replay_000YLY2ULYLR.json,4999,DELETE,delete,L1-L61 loop bulk
scratchpad/gauntlet/L52/simbatch_all3/replay_000YLY2UVGRL.json,12423,DELETE,delete,L1-L61 loop bulk
scratchpad/gauntlet/L52/simbatch_all3/replay_000YLY2VQ92P.json,9589,DELETE,delete,L1-L61 loop bulk
scratchpad/gauntlet/L52/simbatch_all3/replay_002YLLLP2YRR.json,13062,DELETE,delete,L1-L61 loop bulk
scratchpad/gauntlet/L52/simbatch_all3/replay_002YLLLP9JUR.json,12419,DELETE,delete,L1-L61 loop bulk
scratchpad/gauntlet/L52/simbatch_all3/replay_00GYPYP0PCLR.json,15130,DELETE,delete,L1-L61 loop bulk
scratchpad/gauntlet/L52/simbatch_all3/replay_00GYPYPRQCY8.json,11097,DELETE,delete,L1-L61 loop bulk
scratchpad/gauntlet/L52/simbatch_all3/replay_00GYPYPYUQQY.json,5069,DELETE,delete,L1-L61 loop bulk
scratchpad/gauntlet/L52/simbatch_all3/replay_00JYPQQ8UCVL.json,21344,DELETE,delete,L1-L61 loop bulk
scratchpad/gauntlet/L52/simbatch_all3/replay_00JYPQQ9V8UY.json,11321,DELETE,delete,L1-L61 loop bulk
scratchpad/gauntlet/L52/simbatch_all3/replay_00JYPQYYV0JV.json,11928,DELETE,delete,L1-L61 loop bulk
scratchpad/gauntlet/L52/simbatch_all3/replay_00LYPLCUGYJ2.json,12864,DELETE,delete,L1-L61 loop bulk
scratchpad/gauntlet/L52/simbatch_all3/replay_00LYPLCV08L9.json,12161,DELETE,delete,L1-L61 loop bulk
scratchpad/gauntlet/L52/simbatch_all3/replay_00LYPLCV92L0.json,10309,DELETE,delete,L1-L61 loop bulk
scratchpad/gauntlet/L52/simbatch_all3/replay_00LYPLCVPJR9.json,12193,DELETE,delete,L1-L61 loop bulk
scratchpad/gauntlet/L52/simbatch_all3/replay_00LYPLCVQRVY.json,26793,DELETE,delete,L1-L61 loop bulk
scratchpad/gauntlet/L52/simbatch_all3/replay_00LYPLCVRCCV.json,21282,DELETE,delete,L1-L61 loop bulk
scratchpad/gauntlet/L52/simbatch_all3/replay_00LYPLJLC80L.json,12834,DELETE,delete,L1-L61 loop bulk
scratchpad/gauntlet/L52/simbatch_all3/replay_00LYPLJLQ80J.json,5383,DELETE,delete,L1-L61 loop bulk
scratchpad/gauntlet/L52/simbatch_all3/replay_00LYPLJLRJ00.json,4802,DELETE,delete,L1-L61 loop bulk
scratchpad/gauntlet/L52/simbatch_all3/replay_00LYPLJLYQCR.json,3594,DELETE,delete,L1-L61 loop bulk
scratchpad/gauntlet/L52/simbatch_all3/replay_00LYPLR0C8GJ.json,14202,DELETE,delete,L1-L61 loop bulk
scratchpad/gauntlet/L52/simbatch_all3/replay_00LYPLR200VU.json,11260,DELETE,delete,L1-L61 loop bulk
scratchpad/gauntlet/L52/simbatch_all3/replay_00LYPLR222YQ.json,4404,DELETE,delete,L1-L61 loop bulk
scratchpad/gauntlet/L52/simbatch_all3/replay_00LYPLU8C8JP.json,6702,DELETE,delete,L1-L61 loop bulk
scratchpad/gauntlet/L52/simbatch_all3/replay_00LYPLU8VV0C.json,23632,DELETE,delete,L1-L61 loop bulk
scratchpad/gauntlet/L52/simbatch_all3/replay_00LYPLU8YQVQ.json,17489,DELETE,delete,L1-L61 loop bulk
scratchpad/gauntlet/L52/simbatch_all3/replay_00LYPQ28JL8Q.json,20542,DELETE,delete,L1-L61 loop bulk
scratchpad/gauntlet/L52/simbatch_all3/replay_00LYPQ28PU22.json,11864,DELETE,delete,L1-L61 loop bulk
scratchpad/gauntlet/L52/simbatch_all3/replay_00LYPQ2909YG.json,15823,DELETE,delete,L1-L61 loop bulk
scratchpad/gauntlet/L52/simbatch_all3/replay_00LYPQ8LGYP2.json,11559,DELETE,delete,L1-L61 loop bulk
scratchpad/gauntlet/L52/simbatch_all3/replay_00UYPL92ULUL.json,12963,DELETE,delete,L1-L61 loop bulk
scratchpad/gauntlet/L52/simbatch_all3/replay_00UYPL99P28R.json,3995,DELETE,delete,L1-L61 loop bulk
scratchpad/gauntlet/L52/simbatch_all3/replay_00UYPL99PV2P.json,5207,DELETE,delete,L1-L61 loop bulk
scratchpad/gauntlet/L52/simbatch_all3/replay_00UYPL99UQCG.json,14545,DELETE,delete,L1-L61 loop bulk
scratchpad/gauntlet/L52/simbatch_all3/replay_00UYPL9P0VQL.json,12749,DELETE,delete,L1-L61 loop bulk
scratchpad/gauntlet/L52/simbatch_all3/replay_00UYPLL0RLRQ.json,12738,DELETE,delete,L1-L61 loop bulk
scratchpad/gauntlet/L52/simbatch_all3/replay_00UYPLLCLCJQ.json,12481,DELETE,delete,L1-L61 loop bulk
scratchpad/gauntlet/L52/simbatch_all3/replay_00UYPLLGUP02.json,12016,DELETE,delete,L1-L61 loop bulk
scratchpad/gauntlet/L52/simbatch_all3/replay_00UYPLLGYCQ2.json,11833,DELETE,delete,L1-L61 loop bulk
scratchpad/gauntlet/L52/simbatch_all3/replay_00UYPLLR2JVJ.json,11888,DELETE,delete,L1-L61 loop bulk
scratchpad/gauntlet/L52/simbatch_all3/replay_00UYPLLU0C0L.json,7298,DELETE,delete,L1-L61 loop bulk
scratchpad/gauntlet/L52/simbatch_all3/replay_00UYPLLU8LYV.json,10637,DELETE,delete,L1-L61 loop bulk
scratchpad/gauntlet/L52/simbatch_all3/replay_00UYPLLURY2U.json,10212,DELETE,delete,L1-L61 loop bulk
scratchpad/gauntlet/L52/simbatch_all3/replay_00VYPLPJGYLY.json,14166,DELETE,delete,L1-L61 loop bulk
scratchpad/gauntlet/L52/simbatch_all3/replay_00VYPLPJLC88.json,10301,DELETE,delete,L1-L61 loop bulk
scratchpad/gauntlet/L52/simbatch_all3/replay_00VYPLPJRYRY.json,13751,DELETE,delete,L1-L61 loop bulk
scratchpad/gauntlet/L52/simbatch_all3/replay_020YPYL2LVU9.json,16108,DELETE,delete,L1-L61 loop bulk
scratchpad/gauntlet/L52/simbatch_all3/replay_020YPYL80RJY.json,11072,DELETE,delete,L1-L61 loop bulk
scratchpad/gauntlet/L52/simbatch_all3/replay_020YPYL89Y8Y.json,11673,DELETE,delete,L1-L61 loop bulk
scratchpad/gauntlet/L52/simbatch_all3/replay_020YPYL9CYUL.json,10990,DELETE,delete,L1-L61 loop bulk
scratchpad/gauntlet/L52/simbatch_all3/replay_020YPYL9R08C.json,5819,DELETE,delete,L1-L61 loop bulk
scratchpad/gauntlet/L52/simbatch_all3/replay_020YPYL9VC0C.json,16017,DELETE,delete,L1-L61 loop bulk
scratchpad/gauntlet/L52/simbatch_all3/replay_020YPYLLQUV0.json,11128,DELETE,delete,L1-L61 loop bulk
scratchpad/gauntlet/L52/simbatch_all3/replay_020YPYLP8YR0.json,11438,DELETE,delete,L1-L61 loop bulk
scratchpad/gauntlet/L52/simbatch_all3/replay_020YPYLPPCPQ.json,8092,DELETE,delete,L1-L61 loop bulk
scratchpad/gauntlet/L52/simbatch_all3/replay_020YPYLY29LP.json,11422,DELETE,delete,L1-L61 loop bulk
scratchpad/gauntlet/L52/simbatch_all3/replay_020YPYP8J9PV.json,24411,DELETE,delete,L1-L61 loop bulk
scratchpad/gauntlet/L52/simbatch_all3/replay_020YPYQ0RRY0.json,4396,DELETE,delete,L1-L61 loop bulk
scratchpad/gauntlet/L52/simbatch_all3/replay_020YPYQ22GY2.json,11014,DELETE,delete,L1-L61 loop bulk
scratchpad/gauntlet/L52/simbatch_all3/replay_020YPYYQG22L.json,2499,DELETE,delete,L1-L61 loop bulk
scratchpad/gauntlet/L52/simbatch_all3/replay_020YPYYQQ8V8.json,13842,DELETE,delete,L1-L61 loop bulk
scratchpad/gauntlet/L52/simbatch_all3/replay_020YPYYR8Q0P.json,12057,DELETE,delete,L1-L61 loop bulk
scratchpad/gauntlet/L52/simbatch_all3/replay_020YPYYVJR0V.json,4391,DELETE,delete,L1-L61 loop bulk
scratchpad/gauntlet/L52/simbatch_all3/replay_022YYL8R2GG0.json,4992,DELETE,delete,L1-L61 loop bulk
scratchpad/gauntlet/L52/simbatch_all3/replay_022YYL8YCYC8.json,25378,DELETE,delete,L1-L61 loop bulk
scratchpad/gauntlet/L52/simbatch_all3/replay_022YYLUUPYYV.json,12514,DELETE,delete,L1-L61 loop bulk
scratchpad/gauntlet/L52/simbatch_all3/replay_022YYLV98PVR.json,11892,DELETE,delete,L1-L61 loop bulk
scratchpad/gauntlet/L52/simbatch_all3/replay_022YYLV9QLQJ.json,12303,DELETE,delete,L1-L61 loop bulk
scratchpad/gauntlet/L52/simbatch_all3/replay_022YYLV9V90G.json,11996,DELETE,delete,L1-L61 loop bulk
scratchpad/gauntlet/L52/simbatch_all3/replay_022YYLV9YVJL.json,25551,DELETE,delete,L1-L61 loop bulk
scratchpad/gauntlet/L52/simbatch_all3/replay_022YYQ0RPYY2.json,12068,DELETE,delete,L1-L61 loop bulk
scratchpad/gauntlet/L52/simbatch_all3/replay_022YYQ22298V.json,10772,DELETE,delete,L1-L61 loop bulk
scratchpad/gauntlet/L52/simbatch_all3/replay_022YYQ2G0LPV.json,16876,DELETE,delete,L1-L61 loop bulk
scratchpad/gauntlet/L52/simbatch_all3/replay_022YYQ2QJRPV.json,10333,DELETE,delete,L1-L61 loop bulk
scratchpad/gauntlet/L52/simbatch_all3/replay_022YYQ92909Q.json,10148,DELETE,delete,L1-L61 loop bulk
scratchpad/gauntlet/L52/simbatch_all3/replay_022YYQL2QLUV.json,13779,DELETE,delete,L1-L61 loop bulk
scratchpad/gauntlet/L52/simbatch_all3/replay_022YYQL828PQ.json,7571,DELETE,delete,L1-L61 loop bulk
scratchpad/gauntlet/L52/simbatch_all3/replay_022YYQYV2C2J.json,11373,DELETE,delete,L1-L61 loop bulk
scratchpad/gauntlet/L52/simbatch_all3/replay_022YYQYV9Y2R.json,14087,DELETE,delete,L1-L61 loop bulk
scratchpad/gauntlet/L52/simbatch_all3/replay_022YYYUC8VUJ.json,26299,DELETE,delete,L1-L61 loop bulk
scratchpad/gauntlet/L52/simbatch_all3/replay_022YYYUCQR2V.json,12477,DELETE,delete,L1-L61 loop bulk
scratchpad/gauntlet/L52/simbatch_all3/replay_022YYYUCR9VJ.json,10563,DELETE,delete,L1-L61 loop bulk
scratchpad/gauntlet/L52/simbatch_all3/replay_022YYYUCVPR9.json,13530,DELETE,delete,L1-L61 loop bulk
scratchpad/gauntlet/L52/simbatch_all3/replay_022YYYUU9LPG.json,12722,DELETE,delete,L1-L61 loop bulk
scratchpad/gauntlet/L52/simbatch_all3/replay_022YYYUUQGGJ.json,10360,DELETE,delete,L1-L61 loop bulk
scratchpad/gauntlet/L52/simbatch_all3/replay_022YYYUVGPUU.json,16463,DELETE,delete,L1-L61 loop bulk
scratchpad/gauntlet/L52/simbatch_all3/replay_022YYYVURLCJ.json,10594,DELETE,delete,L1-L61 loop bulk
scratchpad/gauntlet/L52/simbatch_all3/replay_02GY9GJCR9P0.json,10857,DELETE,delete,L1-L61 loop bulk
scratchpad/gauntlet/L52/simbatch_all3/replay_02GY9GJGYJUV.json,11822,DELETE,delete,L1-L61 loop bulk
scratchpad/gauntlet/L52/simbatch_all3/replay_02GY9GJJLR9Q.json,11664,DELETE,delete,L1-L61 loop bulk
scratchpad/gauntlet/L52/simbatch_all3/replay_02GY9GJQU0UR.json,12920,DELETE,delete,L1-L61 loop bulk
scratchpad/gauntlet/L52/simbatch_all3/replay_02GY9GJRPQ89.json,10686,DELETE,delete,L1-L61 loop bulk
scratchpad/gauntlet/L52/simbatch_all3/replay_02GY9GJRQG2Q.json,2998,DELETE,delete,L1-L61 loop bulk
scratchpad/gauntlet/L52/simbatch_all3/replay_02GY9GJURY8G.json,12498,DELETE,delete,L1-L61 loop bulk
scratchpad/gauntlet/L52/simbatch_all3/replay_02GY9GJV00GV.json,14855,DELETE,delete,L1-L61 loop bulk
scratchpad/gauntlet/L52/simbatch_all3/replay_02GY9GJV8CVG.json,25277,DELETE,delete,L1-L61 loop bulk
scratchpad/gauntlet/L52/simbatch_all3/replay_02GY9GJVQGCQ.json,8585,DELETE,delete,L1-L61 loop bulk
scratchpad/gauntlet/L52/simbatch_all3/replay_02GY9GJVUP00.json,17161,DELETE,delete,L1-L61 loop bulk
scratchpad/gauntlet/L52/simbatch_all3/replay_02GY9GR902G8.json,8833,DELETE,delete,L1-L61 loop bulk
scratchpad/gauntlet/L52/simbatch_all3/replay_02JY9G00V9CJ.json,7228,DELETE,delete,L1-L61 loop bulk
scratchpad/gauntlet/L52/simbatch_all3/replay_02JY9G020C2U.json,8380,DELETE,delete,L1-L61 loop bulk
scratchpad/gauntlet/L52/simbatch_all3/replay_02JY9G02LR0U.json,11198,DELETE,delete,L1-L61 loop bulk
scratchpad/gauntlet/L52/simbatch_all3/replay_02JY9G02UJL2.json,12096,DELETE,delete,L1-L61 loop bulk
scratchpad/gauntlet/L52/simbatch_all3/replay_02JY9G082QC2.json,7275,DELETE,delete,L1-L61 loop bulk
scratchpad/gauntlet/L52/simbatch_all3/replay_02JY9G08C0JV.json,13575,DELETE,delete,L1-L61 loop bulk
scratchpad/gauntlet/L52/simbatch_all3/replay_02JY9G08YCQG.json,18488,DELETE,delete,L1-L61 loop bulk
scratchpad/gauntlet/L52/simbatch_all3/replay_02JY9G090029.json,11551,DELETE,delete,L1-L61 loop bulk
scratchpad/gauntlet/L52/simbatch_all3/replay_02JY9G8LJPJV.json,12636,DELETE,delete,L1-L61 loop bulk
scratchpad/gauntlet/L52/simbatch_all3/replay_02JY9G99CGPC.json,11958,DELETE,delete,L1-L61 loop bulk
scratchpad/gauntlet/L52/simbatch_all3/replay_02JY9G99LY0L.json,10882,DELETE,delete,L1-L61 loop bulk
scratchpad/gauntlet/L52/simbatch_all3/replay_02JY9G99RPRU.json,10931,DELETE,delete,L1-L61 loop bulk
scratchpad/gauntlet/L52/simbatch_all3/replay_02JY9G9PP92L.json,23399,DELETE,delete,L1-L61 loop bulk
scratchpad/gauntlet/L52/simbatch_all3/replay_02JY9GL00Q0C.json,14290,DELETE,delete,L1-L61 loop bulk
scratchpad/gauntlet/L52/simbatch_all3/replay_02JY9GL09YJJ.json,18814,DELETE,delete,L1-L61 loop bulk
scratchpad/gauntlet/L52/simbatch_all3/replay_02JY9GL22CYR.json,10813,DELETE,delete,L1-L61 loop bulk
scratchpad/gauntlet/L52/simbatch_all3/replay_02JY9GL9VP9C.json,8870,DELETE,delete,L1-L61 loop bulk
scratchpad/gauntlet/L52/simbatch_all3/replay_02JY9GL9Y90C.json,12923,DELETE,delete,L1-L61 loop bulk
scratchpad/gauntlet/L52/simbatch_all3/replay_02JY9GPPVPPG.json,4879,DELETE,delete,L1-L61 loop bulk
scratchpad/gauntlet/L52/simbatch_all3/replay_02JY9GQY2VCU.json,11662,DELETE,delete,L1-L61 loop bulk
scratchpad/gauntlet/L52/simbatch_all3/replay_02JY9GQYCPCQ.json,12616,DELETE,delete,L1-L61 loop bulk
scratchpad/gauntlet/L52/simbatch_all3/replay_02JY9GQYLVLV.json,12936,DELETE,delete,L1-L61 loop bulk
scratchpad/gauntlet/L52/simbatch_all3/replay_02JY9GYLJC9Y.json,18957,DELETE,delete,L1-L61 loop bulk
scratchpad/gauntlet/L52/simbatch_all3/replay_02JY9GYQ0Q9G.json,13058,DELETE,delete,L1-L61 loop bulk
scratchpad/gauntlet/L52/simbatch_all3/replay_02JY9GYQ89QY.json,3289,DELETE,delete,L1-L61 loop bulk
scratchpad/gauntlet/L52/simbatch_all3/replay_02LY9LJV20Q9.json,19808,DELETE,delete,L1-L61 loop bulk
scratchpad/gauntlet/L52/simbatch_all3/replay_02LY9LJV8Q0C.json,22464,DELETE,delete,L1-L61 loop bulk
scratchpad/gauntlet/L52/simbatch_all3/replay_02QY9Q8VCCYQ.json,11409,DELETE,delete,L1-L61 loop bulk
scratchpad/gauntlet/L52/simbatch_all3/replay_02QY9Q8VGVGQ.json,13266,DELETE,delete,L1-L61 loop bulk
scratchpad/gauntlet/L52/simbatch_all3/replay_02QY9Q900RQL.json,9536,DELETE,delete,L1-L61 loop bulk
scratchpad/gauntlet/L52/simbatch_all3/replay_02QY9Q90JPCL.json,13583,DELETE,delete,L1-L61 loop bulk
scratchpad/gauntlet/L52/simbatch_all3/replay_02QY9Q90QQ9V.json,11936,DELETE,delete,L1-L61 loop bulk
scratchpad/gauntlet/L52/simbatch_all3/replay_02QY9Q90VQ02.json,9826,DELETE,delete,L1-L61 loop bulk
scratchpad/gauntlet/L52/simbatch_all3/replay_02QY9Q928Y8C.json,23716,DELETE,delete,L1-L61 loop bulk
scratchpad/gauntlet/L52/simbatch_all3/replay_02QY9Q92CGV0.json,5500,DELETE,delete,L1-L61 loop bulk
scratchpad/gauntlet/L52/simbatch_all3/replay_02QY9Q92QPGC.json,13713,DELETE,delete,L1-L61 loop bulk
scratchpad/gauntlet/L52/simbatch_all3/replay_02QY9Q980YV0.json,20481,DELETE,delete,L1-L61 loop bulk
scratchpad/gauntlet/L52/simbatch_all3/replay_02QY9Q98C0J8.json,4594,DELETE,delete,L1-L61 loop bulk
scratchpad/gauntlet/L52/simbatch_all3/replay_02QY9Q9L9CLL.json,10128,DELETE,delete,L1-L61 loop bulk
scratchpad/gauntlet/L52/simbatch_all3/replay_02QY9Q9LCCQQ.json,10653,DELETE,delete,L1-L61 loop bulk
scratchpad/gauntlet/L52/simbatch_all3/replay_02QY9Q9P0CRP.json,8411,DELETE,delete,L1-L61 loop bulk
scratchpad/gauntlet/L52/simbatch_all3/replay_02QY9Q9PCGCP.json,13047,DELETE,delete,L1-L61 loop bulk
scratchpad/gauntlet/L52/simbatch_all3/replay_02QY9Q9PY29C.json,22372,DELETE,delete,L1-L61 loop bulk
scratchpad/gauntlet/L52/simbatch_all3/replay_02QY9Q9YY089.json,10265,DELETE,delete,L1-L61 loop bulk
scratchpad/gauntlet/L52/simbatch_all3/replay_082Y8Q0CRU92.json,25013,DELETE,delete,L1-L61 loop bulk
scratchpad/gauntlet/L52/simbatch_all3/replay_088Y88LLCJRY.json,15052,DELETE,delete,L1-L61 loop bulk
scratchpad/gauntlet/L52/simbatch_all3/replay_088Y88LQYJ00.json,5420,DELETE,delete,L1-L61 loop bulk
scratchpad/gauntlet/L52/simbatch_all3/replay_08CPVR8P2JPV.json,13834,DELETE,delete,L1-L61 loop bulk
scratchpad/gauntlet/L52/simbatch_all3/replay_08CPVRQ9JCLR.json,11578,DELETE,delete,L1-L61 loop bulk
scratchpad/gauntlet/L52/simbatch_all3/replay_08CPVRQ9RQUY.json,6785,DELETE,delete,L1-L61 loop bulk
scratchpad/gauntlet/L52/simbatch_all3/replay_08CPVRQPJLPG.json,12400,DELETE,delete,L1-L61 loop bulk
scratchpad/gauntlet/L52/simbatch_all3/replay_08CPVRRCJY0J.json,5082,DELETE,delete,L1-L61 loop bulk
scratchpad/gauntlet/L52/simbatch_all3/replay_08CPVRRCV922.json,14735,DELETE,delete,L1-L61 loop bulk
scratchpad/gauntlet/L52/simbatch_all3/replay_08CPVRRJ9C2L.json,12554,DELETE,delete,L1-L61 loop bulk
scratchpad/gauntlet/L52/simbatch_all3/replay_08CPVRRR8PYC.json,12173,DELETE,delete,L1-L61 loop bulk
scratchpad/gauntlet/L52/simbatch_all3/replay_08CPVRRRC0P8.json,10839,DELETE,delete,L1-L61 loop bulk
scratchpad/gauntlet/L52/simbatch_all3/replay_08CPVRRU8VCQ.json,11837,DELETE,delete,L1-L61 loop bulk
scratchpad/gauntlet/L52/simbatch_all3/replay_08CPVRRUR90G.json,10548,DELETE,delete,L1-L61 loop bulk
scratchpad/gauntlet/L52/simbatch_all3/replay_08CPVRRUYG00.json,12725,DELETE,delete,L1-L61 loop bulk
scratchpad/gauntlet/L52/simbatch_all3/replay_08LY80VC29RV.json,16019,DELETE,delete,L1-L61 loop bulk
scratchpad/gauntlet/L52/simbatch_all3/replay_08PY88PC88QV.json,28617,DELETE,delete,L1-L61 loop bulk
scratchpad/gauntlet/L52/simbatch_all3/replay_08PY88PCQ9C2.json,15640,DELETE,delete,L1-L61 loop bulk
scratchpad/gauntlet/L52/simbatch_all3/replay_08PY88PCV0JQ.json,10104,DELETE,delete,L1-L61 loop bulk
scratchpad/gauntlet/L52/simbatch_all3/replay_08PY88PJYJUR.json,11286,DELETE,delete,L1-L61 loop bulk
scratchpad/gauntlet/L52/simbatch_all3/replay_08PY88PQV2YV.json,15162,DELETE,delete,L1-L61 loop bulk
scratchpad/gauntlet/L52/simbatch_all3/replay_08PY88PR0LJY.json,23662,DELETE,delete,L1-L61 loop bulk
scratchpad/gauntlet/L52/simbatch_all3/replay_08PY88PRLJCQ.json,11439,DELETE,delete,L1-L61 loop bulk
scratchpad/gauntlet/L52/simbatch_all3/replay_08PY88PRRPY2.json,5012,DELETE,delete,L1-L61 loop bulk
scratchpad/gauntlet/L52/simbatch_all3/replay_08PY88PUQVCU.json,10308,DELETE,delete,L1-L61 loop bulk
scratchpad/gauntlet/L52/simbatch_all3/replay_08PY88PUY9YP.json,9649,DELETE,delete,L1-L61 loop bulk
scratchpad/gauntlet/L52/simbatch_all3/replay_08QPVCPC2VCU.json,19153,DELETE,delete,L1-L61 loop bulk
scratchpad/gauntlet/L52/simbatch_all3/replay_08QPVCPC9QQU.json,4205,DELETE,delete,L1-L61 loop bulk
scratchpad/gauntlet/L52/simbatch_all3/replay_08QPVCPCG8L9.json,14636,DELETE,delete,L1-L61 loop bulk
scratchpad/gauntlet/L52/simbatch_all3/replay_08QPVCPCVGVJ.json,10756,DELETE,delete,L1-L61 loop bulk
scratchpad/gauntlet/L52/simbatch_all3/replay_08QPVCPCYU2U.json,5481,DELETE,delete,L1-L61 loop bulk
scratchpad/gauntlet/L52/simbatch_all3/replay_08QPVCPU28C0.json,10546,DELETE,delete,L1-L61 loop bulk
scratchpad/gauntlet/L52/simbatch_all3/replay_08QPVCPULY0V.json,18486,DELETE,delete,L1-L61 loop bulk
scratchpad/gauntlet/L52/simbatch_all3/replay_08YY892LJCG9.json,10255,DELETE,delete,L1-L61 loop bulk
scratchpad/gauntlet/L52/simbatch_all3/replay_08YY892P8Q98.json,7494,DELETE,delete,L1-L61 loop bulk
scratchpad/gauntlet/L52/simbatch_all3/replay_08YY892V8QUU.json,15960,DELETE,delete,L1-L61 loop bulk
scratchpad/gauntlet/L52/simbatch_all3/replay_08YY89822YRQ.json,10438,DELETE,delete,L1-L61 loop bulk
scratchpad/gauntlet/L52/simbatch_all3/replay_08YY8988C0QC.json,7488,DELETE,delete,L1-L61 loop bulk
scratchpad/gauntlet/L52/simbatch_all3/replay_08YY8988V9JL.json,21545,DELETE,delete,L1-L61 loop bulk
scratchpad/gauntlet/L52/simbatch_all3/replay_08YY8989P8J2.json,11034,DELETE,delete,L1-L61 loop bulk
scratchpad/gauntlet/L52/simbatch_all3/replay_08YY898L28JL.json,16442,DELETE,delete,L1-L61 loop bulk
scratchpad/gauntlet/L52/simbatch_all3/replay_08YY898L9JLC.json,9720,DELETE,delete,L1-L61 loop bulk
scratchpad/gauntlet/L52/simbatch_all3/replay_08YY898LQL9V.json,19343,DELETE,delete,L1-L61 loop bulk
scratchpad/gauntlet/L52/simbatch_all3/replay_08YY898LU88C.json,13137,DELETE,delete,L1-L61 loop bulk
scratchpad/gauntlet/L52/simbatch_all3/replay_08YY898LY8G8.json,13061,DELETE,delete,L1-L61 loop bulk
scratchpad/gauntlet/L52/simbatch_all3/replay_08YY898PPLJ9.json,14234,DELETE,delete,L1-L61 loop bulk
scratchpad/gauntlet/L52/simbatch_all3/replay_08YY898Q09RY.json,21432,DELETE,delete,L1-L61 loop bulk
scratchpad/gauntlet/L52/simbatch_all3/replay_08YY898QYRPP.json,11902,DELETE,delete,L1-L61 loop bulk
scratchpad/gauntlet/L52/simbatch_all3/replay_08YY898YJ8LY.json,12854,DELETE,delete,L1-L61 loop bulk
scratchpad/gauntlet/L52/simbatch_all3/replay_092PPVPCRCPC.json,12043,DELETE,delete,L1-L61 loop bulk
scratchpad/gauntlet/L52/simbatch_all3/replay_092PPVPCU9LL.json,14092,DELETE,delete,L1-L61 loop bulk
scratchpad/gauntlet/L52/simbatch_all3/replay_092PPVPU00LV.json,13574,DELETE,delete,L1-L61 loop bulk
scratchpad/gauntlet/L52/simbatch_all3/replay_092PPVPUY8PG.json,11927,DELETE,delete,L1-L61 loop bulk
scratchpad/gauntlet/L52/simbatch_all3/replay_092PPVPV8PRJ.json,11712,DELETE,delete,L1-L61 loop bulk
scratchpad/gauntlet/L52/simbatch_all3/replay_092PPVPVRCYP.json,11619,DELETE,delete,L1-L61 loop bulk
scratchpad/gauntlet/L52/simbatch_all3/replay_092PPVPVULCU.json,11787,DELETE,delete,L1-L61 loop bulk
scratchpad/gauntlet/L52/simbatch_all3/replay_092PPVY0J0J8.json,11324,DELETE,delete,L1-L61 loop bulk
scratchpad/gauntlet/L52/simbatch_all3/replay_092PPVY0Q0CR.json,10233,DELETE,delete,L1-L61 loop bulk
scratchpad/gauntlet/L52/simbatch_all3/replay_092PPVY29Q2V.json,11276,DELETE,delete,L1-L61 loop bulk
scratchpad/gauntlet/L52/simbatch_all3/replay_092PPVY2CGG8.json,6640,DELETE,delete,L1-L61 loop bulk
scratchpad/gauntlet/L52/simbatch_all3/replay_092PPVY2RCUL.json,11216,DELETE,delete,L1-L61 loop bulk
scratchpad/gauntlet/L52/simbatch_all3/replay_092PPVY8298U.json,9906,DELETE,delete,L1-L61 loop bulk
scratchpad/gauntlet/L52/simbatch_all3/replay_092PPVY899LL.json,11512,DELETE,delete,L1-L61 loop bulk
scratchpad/gauntlet/L52/simbatch_all3/replay_092PPVY8PV90.json,11423,DELETE,delete,L1-L61 loop bulk
scratchpad/gauntlet/L52/simbatch_all3/summary.jsonl,40752,DELETE,delete,L1-L61 loop bulk
scratchpad/gauntlet/L52/simbatch_all3.log,45497,DELETE,delete,L1-L61 loop bulk
scratchpad/gauntlet/L52/simbatch_corner_buildings/replay_000YLY0JCPGL.json,24885,DELETE,delete,L1-L61 loop bulk
scratchpad/gauntlet/L52/simbatch_corner_buildings/replay_000YLY0PYYQY.json,8202,DELETE,delete,L1-L61 loop bulk
scratchpad/gauntlet/L52/simbatch_corner_buildings/replay_000YLY2UCC8C.json,8688,DELETE,delete,L1-L61 loop bulk
scratchpad/gauntlet/L52/simbatch_corner_buildings/replay_000YLY2ULYLR.json,4999,DELETE,delete,L1-L61 loop bulk
scratchpad/gauntlet/L52/simbatch_corner_buildings/replay_000YLY2UVGRL.json,12423,DELETE,delete,L1-L61 loop bulk
scratchpad/gauntlet/L52/simbatch_corner_buildings/replay_000YLY2VQ92P.json,9589,DELETE,delete,L1-L61 loop bulk
scratchpad/gauntlet/L52/simbatch_corner_buildings/replay_002YLLLP2YRR.json,13062,DELETE,delete,L1-L61 loop bulk
scratchpad/gauntlet/L52/simbatch_corner_buildings/replay_002YLLLP9JUR.json,12419,DELETE,delete,L1-L61 loop bulk
scratchpad/gauntlet/L52/simbatch_corner_buildings/replay_00GYPYP0PCLR.json,13108,DELETE,delete,L1-L61 loop bulk
scratchpad/gauntlet/L52/simbatch_corner_buildings/replay_00GYPYPRQCY8.json,9071,DELETE,delete,L1-L61 loop bulk
scratchpad/gauntlet/L52/simbatch_corner_buildings/replay_00GYPYPYUQQY.json,11411,DELETE,delete,L1-L61 loop bulk
scratchpad/gauntlet/L52/simbatch_corner_buildings/replay_00JYPQQ8UCVL.json,11007,DELETE,delete,L1-L61 loop bulk
scratchpad/gauntlet/L52/simbatch_corner_buildings/replay_00JYPQQ9V8UY.json,11321,DELETE,delete,L1-L61 loop bulk
scratchpad/gauntlet/L52/simbatch_corner_buildings/replay_00JYPQYYV0JV.json,11928,DELETE,delete,L1-L61 loop bulk
scratchpad/gauntlet/L52/simbatch_corner_buildings/replay_00LYPLCUGYJ2.json,12863,DELETE,delete,L1-L61 loop bulk
scratchpad/gauntlet/L52/simbatch_corner_buildings/replay_00LYPLCV08L9.json,11953,DELETE,delete,L1-L61 loop bulk
scratchpad/gauntlet/L52/simbatch_corner_buildings/replay_00LYPLCV92L0.json,10309,DELETE,delete,L1-L61 loop bulk
scratchpad/gauntlet/L52/simbatch_corner_buildings/replay_00LYPLCVPJR9.json,12595,DELETE,delete,L1-L61 loop bulk
scratchpad/gauntlet/L52/simbatch_corner_buildings/replay_00LYPLCVQRVY.json,12794,DELETE,delete,L1-L61 loop bulk
scratchpad/gauntlet/L52/simbatch_corner_buildings/replay_00LYPLCVRCCV.json,21283,DELETE,delete,L1-L61 loop bulk
scratchpad/gauntlet/L52/simbatch_corner_buildings/replay_00LYPLJLC80L.json,18462,DELETE,delete,L1-L61 loop bulk
scratchpad/gauntlet/L52/simbatch_corner_buildings/replay_00LYPLJLQ80J.json,5383,DELETE,delete,L1-L61 loop bulk
scratchpad/gauntlet/L52/simbatch_corner_buildings/replay_00LYPLJLRJ00.json,4408,DELETE,delete,L1-L61 loop bulk
scratchpad/gauntlet/L52/simbatch_corner_buildings/replay_00LYPLJLYQCR.json,3594,DELETE,delete,L1-L61 loop bulk
scratchpad/gauntlet/L52/simbatch_corner_buildings/replay_00LYPLR0C8GJ.json,14202,DELETE,delete,L1-L61 loop bulk
scratchpad/gauntlet/L52/simbatch_corner_buildings/replay_00LYPLR200VU.json,11259,DELETE,delete,L1-L61 loop bulk
scratchpad/gauntlet/L52/simbatch_corner_buildings/replay_00LYPLR222YQ.json,4404,DELETE,delete,L1-L61 loop bulk
scratchpad/gauntlet/L52/simbatch_corner_buildings/replay_00LYPLU8C8JP.json,6702,DELETE,delete,L1-L61 loop bulk
scratchpad/gauntlet/L52/simbatch_corner_buildings/replay_00LYPLU8VV0C.json,18991,DELETE,delete,L1-L61 loop bulk
scratchpad/gauntlet/L52/simbatch_corner_buildings/replay_00LYPLU8YQVQ.json,17490,DELETE,delete,L1-L61 loop bulk
scratchpad/gauntlet/L52/simbatch_corner_buildings/replay_00LYPQ28JL8Q.json,22155,DELETE,delete,L1-L61 loop bulk
scratchpad/gauntlet/L52/simbatch_corner_buildings/replay_00LYPQ28PU22.json,11864,DELETE,delete,L1-L61 loop bulk
scratchpad/gauntlet/L52/simbatch_corner_buildings/replay_00LYPQ2909YG.json,15825,DELETE,delete,L1-L61 loop bulk
scratchpad/gauntlet/L52/simbatch_corner_buildings/replay_00LYPQ8LGYP2.json,11559,DELETE,delete,L1-L61 loop bulk
scratchpad/gauntlet/L52/simbatch_corner_buildings/replay_00UYPL92ULUL.json,12964,DELETE,delete,L1-L61 loop bulk
scratchpad/gauntlet/L52/simbatch_corner_buildings/replay_00UYPL99P28R.json,3995,DELETE,delete,L1-L61 loop bulk
scratchpad/gauntlet/L52/simbatch_corner_buildings/replay_00UYPL99PV2P.json,5207,DELETE,delete,L1-L61 loop bulk
scratchpad/gauntlet/L52/simbatch_corner_buildings/replay_00UYPL99UQCG.json,14546,DELETE,delete,L1-L61 loop bulk
scratchpad/gauntlet/L52/simbatch_corner_buildings/replay_00UYPL9P0VQL.json,12749,DELETE,delete,L1-L61 loop bulk
scratchpad/gauntlet/L52/simbatch_corner_buildings/replay_00UYPLL0RLRQ.json,12737,DELETE,delete,L1-L61 loop bulk
scratchpad/gauntlet/L52/simbatch_corner_buildings/replay_00UYPLLCLCJQ.json,12481,DELETE,delete,L1-L61 loop bulk
scratchpad/gauntlet/L52/simbatch_corner_buildings/replay_00UYPLLGUP02.json,12016,DELETE,delete,L1-L61 loop bulk
scratchpad/gauntlet/L52/simbatch_corner_buildings/replay_00UYPLLGYCQ2.json,11833,DELETE,delete,L1-L61 loop bulk
scratchpad/gauntlet/L52/simbatch_corner_buildings/replay_00UYPLLR2JVJ.json,11888,DELETE,delete,L1-L61 loop bulk
scratchpad/gauntlet/L52/simbatch_corner_buildings/replay_00UYPLLU0C0L.json,7298,DELETE,delete,L1-L61 loop bulk
scratchpad/gauntlet/L52/simbatch_corner_buildings/replay_00UYPLLU8LYV.json,9020,DELETE,delete,L1-L61 loop bulk
scratchpad/gauntlet/L52/simbatch_corner_buildings/replay_00UYPLLURY2U.json,10212,DELETE,delete,L1-L61 loop bulk
scratchpad/gauntlet/L52/simbatch_corner_buildings/replay_00VYPLPJGYLY.json,12952,DELETE,delete,L1-L61 loop bulk
scratchpad/gauntlet/L52/simbatch_corner_buildings/replay_00VYPLPJLC88.json,9491,DELETE,delete,L1-L61 loop bulk
scratchpad/gauntlet/L52/simbatch_corner_buildings/replay_00VYPLPJRYRY.json,13751,DELETE,delete,L1-L61 loop bulk
scratchpad/gauntlet/L52/simbatch_corner_buildings/replay_020YPYL2LVU9.json,16108,DELETE,delete,L1-L61 loop bulk
scratchpad/gauntlet/L52/simbatch_corner_buildings/replay_020YPYL80RJY.json,11072,DELETE,delete,L1-L61 loop bulk
scratchpad/gauntlet/L52/simbatch_corner_buildings/replay_020YPYL89Y8Y.json,11673,DELETE,delete,L1-L61 loop bulk
scratchpad/gauntlet/L52/simbatch_corner_buildings/replay_020YPYL9CYUL.json,10991,DELETE,delete,L1-L61 loop bulk
scratchpad/gauntlet/L52/simbatch_corner_buildings/replay_020YPYL9R08C.json,5819,DELETE,delete,L1-L61 loop bulk
scratchpad/gauntlet/L52/simbatch_corner_buildings/replay_020YPYL9VC0C.json,18240,DELETE,delete,L1-L61 loop bulk
scratchpad/gauntlet/L52/simbatch_corner_buildings/replay_020YPYLLQUV0.json,11523,DELETE,delete,L1-L61 loop bulk
scratchpad/gauntlet/L52/simbatch_corner_buildings/replay_020YPYLP8YR0.json,11439,DELETE,delete,L1-L61 loop bulk
scratchpad/gauntlet/L52/simbatch_corner_buildings/replay_020YPYLPPCPQ.json,8093,DELETE,delete,L1-L61 loop bulk
scratchpad/gauntlet/L52/simbatch_corner_buildings/replay_020YPYLY29LP.json,11422,DELETE,delete,L1-L61 loop bulk
scratchpad/gauntlet/L52/simbatch_corner_buildings/replay_020YPYP8J9PV.json,14152,DELETE,delete,L1-L61 loop bulk
scratchpad/gauntlet/L52/simbatch_corner_buildings/replay_020YPYQ0RRY0.json,4395,DELETE,delete,L1-L61 loop bulk
scratchpad/gauntlet/L52/simbatch_corner_buildings/replay_020YPYQ22GY2.json,18273,DELETE,delete,L1-L61 loop bulk
scratchpad/gauntlet/L52/simbatch_corner_buildings/replay_020YPYYQG22L.json,2499,DELETE,delete,L1-L61 loop bulk
scratchpad/gauntlet/L52/simbatch_corner_buildings/replay_020YPYYQQ8V8.json,13842,DELETE,delete,L1-L61 loop bulk
scratchpad/gauntlet/L52/simbatch_corner_buildings/replay_020YPYYR8Q0P.json,12057,DELETE,delete,L1-L61 loop bulk
scratchpad/gauntlet/L52/simbatch_corner_buildings/replay_020YPYYVJR0V.json,4198,DELETE,delete,L1-L61 loop bulk
scratchpad/gauntlet/L52/simbatch_corner_buildings/replay_022YYL8R2GG0.json,4992,DELETE,delete,L1-L61 loop bulk
scratchpad/gauntlet/L52/simbatch_corner_buildings/replay_022YYL8YCYC8.json,25379,DELETE,delete,L1-L61 loop bulk
scratchpad/gauntlet/L52/simbatch_corner_buildings/replay_022YYLUUPYYV.json,12514,DELETE,delete,L1-L61 loop bulk
scratchpad/gauntlet/L52/simbatch_corner_buildings/replay_022YYLV98PVR.json,11877,DELETE,delete,L1-L61 loop bulk
scratchpad/gauntlet/L52/simbatch_corner_buildings/replay_022YYLV9QLQJ.json,12303,DELETE,delete,L1-L61 loop bulk
scratchpad/gauntlet/L52/simbatch_corner_buildings/replay_022YYLV9V90G.json,11193,DELETE,delete,L1-L61 loop bulk
scratchpad/gauntlet/L52/simbatch_corner_buildings/replay_022YYLV9YVJL.json,25346,DELETE,delete,L1-L61 loop bulk
scratchpad/gauntlet/L52/simbatch_corner_buildings/replay_022YYQ0RPYY2.json,12068,DELETE,delete,L1-L61 loop bulk
scratchpad/gauntlet/L52/simbatch_corner_buildings/replay_022YYQ22298V.json,10771,DELETE,delete,L1-L61 loop bulk
scratchpad/gauntlet/L52/simbatch_corner_buildings/replay_022YYQ2G0LPV.json,10249,DELETE,delete,L1-L61 loop bulk
scratchpad/gauntlet/L52/simbatch_corner_buildings/replay_022YYQ2QJRPV.json,7907,DELETE,delete,L1-L61 loop bulk
scratchpad/gauntlet/L52/simbatch_corner_buildings/replay_022YYQ92909Q.json,10147,DELETE,delete,L1-L61 loop bulk
scratchpad/gauntlet/L52/simbatch_corner_buildings/replay_022YYQL2QLUV.json,13779,DELETE,delete,L1-L61 loop bulk
scratchpad/gauntlet/L52/simbatch_corner_buildings/replay_022YYQL828PQ.json,7571,DELETE,delete,L1-L61 loop bulk
scratchpad/gauntlet/L52/simbatch_corner_buildings/replay_022YYQYV2C2J.json,11575,DELETE,delete,L1-L61 loop bulk
scratchpad/gauntlet/L52/simbatch_corner_buildings/replay_022YYQYV9Y2R.json,14087,DELETE,delete,L1-L61 loop bulk
scratchpad/gauntlet/L52/simbatch_corner_buildings/replay_022YYYUC8VUJ.json,19403,DELETE,delete,L1-L61 loop bulk
scratchpad/gauntlet/L52/simbatch_corner_buildings/replay_022YYYUCQR2V.json,12477,DELETE,delete,L1-L61 loop bulk
scratchpad/gauntlet/L52/simbatch_corner_buildings/replay_022YYYUCR9VJ.json,10564,DELETE,delete,L1-L61 loop bulk
scratchpad/gauntlet/L52/simbatch_corner_buildings/replay_022YYYUCVPR9.json,13531,DELETE,delete,L1-L61 loop bulk
scratchpad/gauntlet/L52/simbatch_corner_buildings/replay_022YYYUU9LPG.json,12722,DELETE,delete,L1-L61 loop bulk
scratchpad/gauntlet/L52/simbatch_corner_buildings/replay_022YYYUUQGGJ.json,10359,DELETE,delete,L1-L61 loop bulk
scratchpad/gauntlet/L52/simbatch_corner_buildings/replay_022YYYUVGPUU.json,16462,DELETE,delete,L1-L61 loop bulk
scratchpad/gauntlet/L52/simbatch_corner_buildings/replay_022YYYVURLCJ.json,10594,DELETE,delete,L1-L61 loop bulk
scratchpad/gauntlet/L52/simbatch_corner_buildings/replay_02GY9GJCR9P0.json,10857,DELETE,delete,L1-L61 loop bulk
scratchpad/gauntlet/L52/simbatch_corner_buildings/replay_02GY9GJGYJUV.json,11822,DELETE,delete,L1-L61 loop bulk
scratchpad/gauntlet/L52/simbatch_corner_buildings/replay_02GY9GJJLR9Q.json,11664,DELETE,delete,L1-L61 loop bulk
scratchpad/gauntlet/L52/simbatch_corner_buildings/replay_02GY9GJQU0UR.json,12920,DELETE,delete,L1-L61 loop bulk
scratchpad/gauntlet/L52/simbatch_corner_buildings/replay_02GY9GJRPQ89.json,10686,DELETE,delete,L1-L61 loop bulk
scratchpad/gauntlet/L52/simbatch_corner_buildings/replay_02GY9GJRQG2Q.json,2998,DELETE,delete,L1-L61 loop bulk
scratchpad/gauntlet/L52/simbatch_corner_buildings/replay_02GY9GJURY8G.json,11892,DELETE,delete,L1-L61 loop bulk
scratchpad/gauntlet/L52/simbatch_corner_buildings/replay_02GY9GJV00GV.json,14855,DELETE,delete,L1-L61 loop bulk
scratchpad/gauntlet/L52/simbatch_corner_buildings/replay_02GY9GJV8CVG.json,25277,DELETE,delete,L1-L61 loop bulk
scratchpad/gauntlet/L52/simbatch_corner_buildings/replay_02GY9GJVQGCQ.json,8584,DELETE,delete,L1-L61 loop bulk
scratchpad/gauntlet/L52/simbatch_corner_buildings/replay_02GY9GJVUP00.json,17162,DELETE,delete,L1-L61 loop bulk
scratchpad/gauntlet/L52/simbatch_corner_buildings/replay_02GY9GR902G8.json,5405,DELETE,delete,L1-L61 loop bulk
scratchpad/gauntlet/L52/simbatch_corner_buildings/replay_02JY9G00V9CJ.json,7228,DELETE,delete,L1-L61 loop bulk
scratchpad/gauntlet/L52/simbatch_corner_buildings/replay_02JY9G020C2U.json,8380,DELETE,delete,L1-L61 loop bulk
scratchpad/gauntlet/L52/simbatch_corner_buildings/replay_02JY9G02LR0U.json,11199,DELETE,delete,L1-L61 loop bulk
scratchpad/gauntlet/L52/simbatch_corner_buildings/replay_02JY9G02UJL2.json,12098,DELETE,delete,L1-L61 loop bulk
scratchpad/gauntlet/L52/simbatch_corner_buildings/replay_02JY9G082QC2.json,7275,DELETE,delete,L1-L61 loop bulk
scratchpad/gauntlet/L52/simbatch_corner_buildings/replay_02JY9G08C0JV.json,13575,DELETE,delete,L1-L61 loop bulk
scratchpad/gauntlet/L52/simbatch_corner_buildings/replay_02JY9G08YCQG.json,18489,DELETE,delete,L1-L61 loop bulk
scratchpad/gauntlet/L52/simbatch_corner_buildings/replay_02JY9G090029.json,11551,DELETE,delete,L1-L61 loop bulk
scratchpad/gauntlet/L52/simbatch_corner_buildings/replay_02JY9G8LJPJV.json,13448,DELETE,delete,L1-L61 loop bulk
scratchpad/gauntlet/L52/simbatch_corner_buildings/replay_02JY9G99CGPC.json,11957,DELETE,delete,L1-L61 loop bulk
scratchpad/gauntlet/L52/simbatch_corner_buildings/replay_02JY9G99LY0L.json,10882,DELETE,delete,L1-L61 loop bulk
scratchpad/gauntlet/L52/simbatch_corner_buildings/replay_02JY9G99RPRU.json,15596,DELETE,delete,L1-L61 loop bulk
scratchpad/gauntlet/L52/simbatch_corner_buildings/replay_02JY9G9PP92L.json,21788,DELETE,delete,L1-L61 loop bulk
scratchpad/gauntlet/L52/simbatch_corner_buildings/replay_02JY9GL00Q0C.json,14290,DELETE,delete,L1-L61 loop bulk
scratchpad/gauntlet/L52/simbatch_corner_buildings/replay_02JY9GL09YJJ.json,19015,DELETE,delete,L1-L61 loop bulk
scratchpad/gauntlet/L52/simbatch_corner_buildings/replay_02JY9GL22CYR.json,10813,DELETE,delete,L1-L61 loop bulk
scratchpad/gauntlet/L52/simbatch_corner_buildings/replay_02JY9GL9VP9C.json,6259,DELETE,delete,L1-L61 loop bulk
scratchpad/gauntlet/L52/simbatch_corner_buildings/replay_02JY9GL9Y90C.json,11508,DELETE,delete,L1-L61 loop bulk
scratchpad/gauntlet/L52/simbatch_corner_buildings/replay_02JY9GPPVPPG.json,4879,DELETE,delete,L1-L61 loop bulk
scratchpad/gauntlet/L52/simbatch_corner_buildings/replay_02JY9GQY2VCU.json,11662,DELETE,delete,L1-L61 loop bulk
scratchpad/gauntlet/L52/simbatch_corner_buildings/replay_02JY9GQYCPCQ.json,12616,DELETE,delete,L1-L61 loop bulk
scratchpad/gauntlet/L52/simbatch_corner_buildings/replay_02JY9GQYLVLV.json,12936,DELETE,delete,L1-L61 loop bulk
scratchpad/gauntlet/L52/simbatch_corner_buildings/replay_02JY9GYLJC9Y.json,18957,DELETE,delete,L1-L61 loop bulk
scratchpad/gauntlet/L52/simbatch_corner_buildings/replay_02JY9GYQ0Q9G.json,13057,DELETE,delete,L1-L61 loop bulk
scratchpad/gauntlet/L52/simbatch_corner_buildings/replay_02JY9GYQ89QY.json,3289,DELETE,delete,L1-L61 loop bulk
scratchpad/gauntlet/L52/simbatch_corner_buildings/replay_02LY9LJV20Q9.json,19803,DELETE,delete,L1-L61 loop bulk
scratchpad/gauntlet/L52/simbatch_corner_buildings/replay_02LY9LJV8Q0C.json,22465,DELETE,delete,L1-L61 loop bulk
scratchpad/gauntlet/L52/simbatch_corner_buildings/replay_02QY9Q8VCCYQ.json,11409,DELETE,delete,L1-L61 loop bulk
scratchpad/gauntlet/L52/simbatch_corner_buildings/replay_02QY9Q8VGVGQ.json,13266,DELETE,delete,L1-L61 loop bulk
scratchpad/gauntlet/L52/simbatch_corner_buildings/replay_02QY9Q900RQL.json,9536,DELETE,delete,L1-L61 loop bulk
scratchpad/gauntlet/L52/simbatch_corner_buildings/replay_02QY9Q90JPCL.json,10175,DELETE,delete,L1-L61 loop bulk
scratchpad/gauntlet/L52/simbatch_corner_buildings/replay_02QY9Q90QQ9V.json,11936,DELETE,delete,L1-L61 loop bulk
scratchpad/gauntlet/L52/simbatch_corner_buildings/replay_02QY9Q90VQ02.json,9613,DELETE,delete,L1-L61 loop bulk
scratchpad/gauntlet/L52/simbatch_corner_buildings/replay_02QY9Q928Y8C.json,23716,DELETE,delete,L1-L61 loop bulk
scratchpad/gauntlet/L52/simbatch_corner_buildings/replay_02QY9Q92CGV0.json,5500,DELETE,delete,L1-L61 loop bulk
scratchpad/gauntlet/L52/simbatch_corner_buildings/replay_02QY9Q92QPGC.json,13712,DELETE,delete,L1-L61 loop bulk
scratchpad/gauntlet/L52/simbatch_corner_buildings/replay_02QY9Q980YV0.json,20074,DELETE,delete,L1-L61 loop bulk
scratchpad/gauntlet/L52/simbatch_corner_buildings/replay_02QY9Q98C0J8.json,4594,DELETE,delete,L1-L61 loop bulk
scratchpad/gauntlet/L52/simbatch_corner_buildings/replay_02QY9Q9L9CLL.json,10128,DELETE,delete,L1-L61 loop bulk
scratchpad/gauntlet/L52/simbatch_corner_buildings/replay_02QY9Q9LCCQQ.json,10660,DELETE,delete,L1-L61 loop bulk
scratchpad/gauntlet/L52/simbatch_corner_buildings/replay_02QY9Q9P0CRP.json,8411,DELETE,delete,L1-L61 loop bulk
scratchpad/gauntlet/L52/simbatch_corner_buildings/replay_02QY9Q9PCGCP.json,10634,DELETE,delete,L1-L61 loop bulk
scratchpad/gauntlet/L52/simbatch_corner_buildings/replay_02QY9Q9PY29C.json,22371,DELETE,delete,L1-L61 loop bulk
scratchpad/gauntlet/L52/simbatch_corner_buildings/replay_02QY9Q9YY089.json,10265,DELETE,delete,L1-L61 loop bulk
scratchpad/gauntlet/L52/simbatch_corner_buildings/replay_082Y8Q0CRU92.json,25014,DELETE,delete,L1-L61 loop bulk
scratchpad/gauntlet/L52/simbatch_corner_buildings/replay_088Y88LLCJRY.json,15052,DELETE,delete,L1-L61 loop bulk
scratchpad/gauntlet/L52/simbatch_corner_buildings/replay_088Y88LQYJ00.json,5420,DELETE,delete,L1-L61 loop bulk
scratchpad/gauntlet/L52/simbatch_corner_buildings/replay_08CPVR8P2JPV.json,13834,DELETE,delete,L1-L61 loop bulk
scratchpad/gauntlet/L52/simbatch_corner_buildings/replay_08CPVRQ9JCLR.json,7465,DELETE,delete,L1-L61 loop bulk
scratchpad/gauntlet/L52/simbatch_corner_buildings/replay_08CPVRQ9RQUY.json,6788,DELETE,delete,L1-L61 loop bulk
scratchpad/gauntlet/L52/simbatch_corner_buildings/replay_08CPVRQPJLPG.json,12401,DELETE,delete,L1-L61 loop bulk
scratchpad/gauntlet/L52/simbatch_corner_buildings/replay_08CPVRRCJY0J.json,5083,DELETE,delete,L1-L61 loop bulk
scratchpad/gauntlet/L52/simbatch_corner_buildings/replay_08CPVRRCV922.json,15331,DELETE,delete,L1-L61 loop bulk
scratchpad/gauntlet/L52/simbatch_corner_buildings/replay_08CPVRRJ9C2L.json,12555,DELETE,delete,L1-L61 loop bulk
scratchpad/gauntlet/L52/simbatch_corner_buildings/replay_08CPVRRR8PYC.json,12178,DELETE,delete,L1-L61 loop bulk
scratchpad/gauntlet/L52/simbatch_corner_buildings/replay_08CPVRRRC0P8.json,10843,DELETE,delete,L1-L61 loop bulk
scratchpad/gauntlet/L52/simbatch_corner_buildings/replay_08CPVRRU8VCQ.json,11837,DELETE,delete,L1-L61 loop bulk
scratchpad/gauntlet/L52/simbatch_corner_buildings/replay_08CPVRRUR90G.json,10549,DELETE,delete,L1-L61 loop bulk
scratchpad/gauntlet/L52/simbatch_corner_buildings/replay_08CPVRRUYG00.json,12725,DELETE,delete,L1-L61 loop bulk
scratchpad/gauntlet/L52/simbatch_corner_buildings/replay_08LY80VC29RV.json,16016,DELETE,delete,L1-L61 loop bulk
scratchpad/gauntlet/L52/simbatch_corner_buildings/replay_08PY88PC88QV.json,28618,DELETE,delete,L1-L61 loop bulk
scratchpad/gauntlet/L52/simbatch_corner_buildings/replay_08PY88PCQ9C2.json,15640,DELETE,delete,L1-L61 loop bulk
scratchpad/gauntlet/L52/simbatch_corner_buildings/replay_08PY88PCV0JQ.json,10103,DELETE,delete,L1-L61 loop bulk
scratchpad/gauntlet/L52/simbatch_corner_buildings/replay_08PY88PJYJUR.json,11286,DELETE,delete,L1-L61 loop bulk
scratchpad/gauntlet/L52/simbatch_corner_buildings/replay_08PY88PQV2YV.json,15161,DELETE,delete,L1-L61 loop bulk
scratchpad/gauntlet/L52/simbatch_corner_buildings/replay_08PY88PR0LJY.json,23661,DELETE,delete,L1-L61 loop bulk
scratchpad/gauntlet/L52/simbatch_corner_buildings/replay_08PY88PRLJCQ.json,11036,DELETE,delete,L1-L61 loop bulk
scratchpad/gauntlet/L52/simbatch_corner_buildings/replay_08PY88PRRPY2.json,5012,DELETE,delete,L1-L61 loop bulk
scratchpad/gauntlet/L52/simbatch_corner_buildings/replay_08PY88PUQVCU.json,10311,DELETE,delete,L1-L61 loop bulk
scratchpad/gauntlet/L52/simbatch_corner_buildings/replay_08PY88PUY9YP.json,9649,DELETE,delete,L1-L61 loop bulk
scratchpad/gauntlet/L52/simbatch_corner_buildings/replay_08QPVCPC2VCU.json,19153,DELETE,delete,L1-L61 loop bulk
scratchpad/gauntlet/L52/simbatch_corner_buildings/replay_08QPVCPC9QQU.json,4205,DELETE,delete,L1-L61 loop bulk
scratchpad/gauntlet/L52/simbatch_corner_buildings/replay_08QPVCPCG8L9.json,14637,DELETE,delete,L1-L61 loop bulk
scratchpad/gauntlet/L52/simbatch_corner_buildings/replay_08QPVCPCVGVJ.json,10756,DELETE,delete,L1-L61 loop bulk
scratchpad/gauntlet/L52/simbatch_corner_buildings/replay_08QPVCPCYU2U.json,5481,DELETE,delete,L1-L61 loop bulk
scratchpad/gauntlet/L52/simbatch_corner_buildings/replay_08QPVCPU28C0.json,10546,DELETE,delete,L1-L61 loop bulk
scratchpad/gauntlet/L52/simbatch_corner_buildings/replay_08QPVCPULY0V.json,18486,DELETE,delete,L1-L61 loop bulk
scratchpad/gauntlet/L52/simbatch_corner_buildings/replay_08YY892LJCG9.json,10255,DELETE,delete,L1-L61 loop bulk
scratchpad/gauntlet/L52/simbatch_corner_buildings/replay_08YY892P8Q98.json,7494,DELETE,delete,L1-L61 loop bulk
scratchpad/gauntlet/L52/simbatch_corner_buildings/replay_08YY892V8QUU.json,15960,DELETE,delete,L1-L61 loop bulk
scratchpad/gauntlet/L52/simbatch_corner_buildings/replay_08YY89822YRQ.json,10437,DELETE,delete,L1-L61 loop bulk
scratchpad/gauntlet/L52/simbatch_corner_buildings/replay_08YY8988C0QC.json,7487,DELETE,delete,L1-L61 loop bulk
scratchpad/gauntlet/L52/simbatch_corner_buildings/replay_08YY8988V9JL.json,21545,DELETE,delete,L1-L61 loop bulk
scratchpad/gauntlet/L52/simbatch_corner_buildings/replay_08YY8989P8J2.json,11034,DELETE,delete,L1-L61 loop bulk
scratchpad/gauntlet/L52/simbatch_corner_buildings/replay_08YY898L28JL.json,16443,DELETE,delete,L1-L61 loop bulk
scratchpad/gauntlet/L52/simbatch_corner_buildings/replay_08YY898L9JLC.json,9106,DELETE,delete,L1-L61 loop bulk
scratchpad/gauntlet/L52/simbatch_corner_buildings/replay_08YY898LQL9V.json,25210,DELETE,delete,L1-L61 loop bulk
scratchpad/gauntlet/L52/simbatch_corner_buildings/replay_08YY898LU88C.json,13137,DELETE,delete,L1-L61 loop bulk
scratchpad/gauntlet/L52/simbatch_corner_buildings/replay_08YY898LY8G8.json,13061,DELETE,delete,L1-L61 loop bulk
scratchpad/gauntlet/L52/simbatch_corner_buildings/replay_08YY898PPLJ9.json,14234,DELETE,delete,L1-L61 loop bulk
scratchpad/gauntlet/L52/simbatch_corner_buildings/replay_08YY898Q09RY.json,21433,DELETE,delete,L1-L61 loop bulk
scratchpad/gauntlet/L52/simbatch_corner_buildings/replay_08YY898QYRPP.json,11901,DELETE,delete,L1-L61 loop bulk
scratchpad/gauntlet/L52/simbatch_corner_buildings/replay_08YY898YJ8LY.json,12853,DELETE,delete,L1-L61 loop bulk
scratchpad/gauntlet/L52/simbatch_corner_buildings/replay_092PPVPCRCPC.json,12043,DELETE,delete,L1-L61 loop bulk
scratchpad/gauntlet/L52/simbatch_corner_buildings/replay_092PPVPCU9LL.json,17109,DELETE,delete,L1-L61 loop bulk
scratchpad/gauntlet/L52/simbatch_corner_buildings/replay_092PPVPU00LV.json,13574,DELETE,delete,L1-L61 loop bulk
scratchpad/gauntlet/L52/simbatch_corner_buildings/replay_092PPVPUY8PG.json,11927,DELETE,delete,L1-L61 loop bulk
scratchpad/gauntlet/L52/simbatch_corner_buildings/replay_092PPVPV8PRJ.json,13625,DELETE,delete,L1-L61 loop bulk
scratchpad/gauntlet/L52/simbatch_corner_buildings/replay_092PPVPVRCYP.json,11619,DELETE,delete,L1-L61 loop bulk
scratchpad/gauntlet/L52/simbatch_corner_buildings/replay_092PPVPVULCU.json,11787,DELETE,delete,L1-L61 loop bulk
scratchpad/gauntlet/L52/simbatch_corner_buildings/replay_092PPVY0J0J8.json,11324,DELETE,delete,L1-L61 loop bulk
scratchpad/gauntlet/L52/simbatch_corner_buildings/replay_092PPVY0Q0CR.json,10233,DELETE,delete,L1-L61 loop bulk
scratchpad/gauntlet/L52/simbatch_corner_buildings/replay_092PPVY29Q2V.json,11276,DELETE,delete,L1-L61 loop bulk
scratchpad/gauntlet/L52/simbatch_corner_buildings/replay_092PPVY2CGG8.json,6640,DELETE,delete,L1-L61 loop bulk
scratchpad/gauntlet/L52/simbatch_corner_buildings/replay_092PPVY2RCUL.json,11216,DELETE,delete,L1-L61 loop bulk
scratchpad/gauntlet/L52/simbatch_corner_buildings/replay_092PPVY8298U.json,9906,DELETE,delete,L1-L61 loop bulk
scratchpad/gauntlet/L52/simbatch_corner_buildings/replay_092PPVY899LL.json,11707,DELETE,delete,L1-L61 loop bulk
scratchpad/gauntlet/L52/simbatch_corner_buildings/replay_092PPVY8PV90.json,11424,DELETE,delete,L1-L61 loop bulk
scratchpad/gauntlet/L52/simbatch_corner_buildings/summary.jsonl,40757,DELETE,delete,L1-L61 loop bulk
scratchpad/gauntlet/L52/simbatch_corner_buildings.log,45502,DELETE,delete,L1-L61 loop bulk
scratchpad/gauntlet/L52/simbatch_hidden/replay_000YLY0JCPGL.json,25289,DELETE,delete,L1-L61 loop bulk
scratchpad/gauntlet/L52/simbatch_hidden/replay_000YLY0PYYQY.json,8202,DELETE,delete,L1-L61 loop bulk
scratchpad/gauntlet/L52/simbatch_hidden/replay_000YLY2UCC8C.json,8688,DELETE,delete,L1-L61 loop bulk
scratchpad/gauntlet/L52/simbatch_hidden/replay_000YLY2ULYLR.json,4795,DELETE,delete,L1-L61 loop bulk
scratchpad/gauntlet/L52/simbatch_hidden/replay_000YLY2UVGRL.json,12423,DELETE,delete,L1-L61 loop bulk
scratchpad/gauntlet/L52/simbatch_hidden/replay_000YLY2VQ92P.json,9589,DELETE,delete,L1-L61 loop bulk
scratchpad/gauntlet/L52/simbatch_hidden/replay_002YLLLP2YRR.json,13062,DELETE,delete,L1-L61 loop bulk
scratchpad/gauntlet/L52/simbatch_hidden/replay_002YLLLP9JUR.json,12419,DELETE,delete,L1-L61 loop bulk
scratchpad/gauntlet/L52/simbatch_hidden/replay_00GYPYP0PCLR.json,11485,DELETE,delete,L1-L61 loop bulk
scratchpad/gauntlet/L52/simbatch_hidden/replay_00GYPYPRQCY8.json,11099,DELETE,delete,L1-L61 loop bulk
scratchpad/gauntlet/L52/simbatch_hidden/replay_00GYPYPYUQQY.json,7980,DELETE,delete,L1-L61 loop bulk
scratchpad/gauntlet/L52/simbatch_hidden/replay_00JYPQQ8UCVL.json,10809,DELETE,delete,L1-L61 loop bulk
scratchpad/gauntlet/L52/simbatch_hidden/replay_00JYPQQ9V8UY.json,11321,DELETE,delete,L1-L61 loop bulk
scratchpad/gauntlet/L52/simbatch_hidden/replay_00JYPQYYV0JV.json,11932,DELETE,delete,L1-L61 loop bulk
scratchpad/gauntlet/L52/simbatch_hidden/replay_00LYPLCUGYJ2.json,12864,DELETE,delete,L1-L61 loop bulk
scratchpad/gauntlet/L52/simbatch_hidden/replay_00LYPLCV08L9.json,12160,DELETE,delete,L1-L61 loop bulk
scratchpad/gauntlet/L52/simbatch_hidden/replay_00LYPLCV92L0.json,10309,DELETE,delete,L1-L61 loop bulk
scratchpad/gauntlet/L52/simbatch_hidden/replay_00LYPLCVPJR9.json,11586,DELETE,delete,L1-L61 loop bulk
scratchpad/gauntlet/L52/simbatch_hidden/replay_00LYPLCVQRVY.json,26791,DELETE,delete,L1-L61 loop bulk
scratchpad/gauntlet/L52/simbatch_hidden/replay_00LYPLCVRCCV.json,21284,DELETE,delete,L1-L61 loop bulk
scratchpad/gauntlet/L52/simbatch_hidden/replay_00LYPLJLC80L.json,20054,DELETE,delete,L1-L61 loop bulk
scratchpad/gauntlet/L52/simbatch_hidden/replay_00LYPLJLQ80J.json,5382,DELETE,delete,L1-L61 loop bulk
scratchpad/gauntlet/L52/simbatch_hidden/replay_00LYPLJLRJ00.json,4802,DELETE,delete,L1-L61 loop bulk
scratchpad/gauntlet/L52/simbatch_hidden/replay_00LYPLJLYQCR.json,3594,DELETE,delete,L1-L61 loop bulk
scratchpad/gauntlet/L52/simbatch_hidden/replay_00LYPLR0C8GJ.json,14199,DELETE,delete,L1-L61 loop bulk
scratchpad/gauntlet/L52/simbatch_hidden/replay_00LYPLR200VU.json,11261,DELETE,delete,L1-L61 loop bulk
scratchpad/gauntlet/L52/simbatch_hidden/replay_00LYPLR222YQ.json,4404,DELETE,delete,L1-L61 loop bulk
scratchpad/gauntlet/L52/simbatch_hidden/replay_00LYPLU8C8JP.json,6702,DELETE,delete,L1-L61 loop bulk
scratchpad/gauntlet/L52/simbatch_hidden/replay_00LYPLU8VV0C.json,14551,DELETE,delete,L1-L61 loop bulk
scratchpad/gauntlet/L52/simbatch_hidden/replay_00LYPLU8YQVQ.json,17490,DELETE,delete,L1-L61 loop bulk
scratchpad/gauntlet/L52/simbatch_hidden/replay_00LYPQ28JL8Q.json,22155,DELETE,delete,L1-L61 loop bulk
scratchpad/gauntlet/L52/simbatch_hidden/replay_00LYPQ28PU22.json,11864,DELETE,delete,L1-L61 loop bulk
scratchpad/gauntlet/L52/simbatch_hidden/replay_00LYPQ2909YG.json,15825,DELETE,delete,L1-L61 loop bulk
scratchpad/gauntlet/L52/simbatch_hidden/replay_00LYPQ8LGYP2.json,11559,DELETE,delete,L1-L61 loop bulk
scratchpad/gauntlet/L52/simbatch_hidden/replay_00UYPL92ULUL.json,12963,DELETE,delete,L1-L61 loop bulk
scratchpad/gauntlet/L52/simbatch_hidden/replay_00UYPL99P28R.json,3995,DELETE,delete,L1-L61 loop bulk
scratchpad/gauntlet/L52/simbatch_hidden/replay_00UYPL99PV2P.json,5208,DELETE,delete,L1-L61 loop bulk
scratchpad/gauntlet/L52/simbatch_hidden/replay_00UYPL99UQCG.json,14546,DELETE,delete,L1-L61 loop bulk
scratchpad/gauntlet/L52/simbatch_hidden/replay_00UYPL9P0VQL.json,12748,DELETE,delete,L1-L61 loop bulk
scratchpad/gauntlet/L52/simbatch_hidden/replay_00UYPLL0RLRQ.json,12537,DELETE,delete,L1-L61 loop bulk
scratchpad/gauntlet/L52/simbatch_hidden/replay_00UYPLLCLCJQ.json,12483,DELETE,delete,L1-L61 loop bulk
scratchpad/gauntlet/L52/simbatch_hidden/replay_00UYPLLGUP02.json,12015,DELETE,delete,L1-L61 loop bulk
scratchpad/gauntlet/L52/simbatch_hidden/replay_00UYPLLGYCQ2.json,11833,DELETE,delete,L1-L61 loop bulk
scratchpad/gauntlet/L52/simbatch_hidden/replay_00UYPLLR2JVJ.json,11888,DELETE,delete,L1-L61 loop bulk
scratchpad/gauntlet/L52/simbatch_hidden/replay_00UYPLLU0C0L.json,7298,DELETE,delete,L1-L61 loop bulk
scratchpad/gauntlet/L52/simbatch_hidden/replay_00UYPLLU8LYV.json,9018,DELETE,delete,L1-L61 loop bulk
scratchpad/gauntlet/L52/simbatch_hidden/replay_00UYPLLURY2U.json,10212,DELETE,delete,L1-L61 loop bulk
scratchpad/gauntlet/L52/simbatch_hidden/replay_00VYPLPJGYLY.json,12955,DELETE,delete,L1-L61 loop bulk
scratchpad/gauntlet/L52/simbatch_hidden/replay_00VYPLPJLC88.json,10301,DELETE,delete,L1-L61 loop bulk
scratchpad/gauntlet/L52/simbatch_hidden/replay_00VYPLPJRYRY.json,13751,DELETE,delete,L1-L61 loop bulk
scratchpad/gauntlet/L52/simbatch_hidden/replay_020YPYL2LVU9.json,16108,DELETE,delete,L1-L61 loop bulk
scratchpad/gauntlet/L52/simbatch_hidden/replay_020YPYL80RJY.json,11071,DELETE,delete,L1-L61 loop bulk
scratchpad/gauntlet/L52/simbatch_hidden/replay_020YPYL89Y8Y.json,11673,DELETE,delete,L1-L61 loop bulk
scratchpad/gauntlet/L52/simbatch_hidden/replay_020YPYL9CYUL.json,10991,DELETE,delete,L1-L61 loop bulk
scratchpad/gauntlet/L52/simbatch_hidden/replay_020YPYL9R08C.json,5815,DELETE,delete,L1-L61 loop bulk
scratchpad/gauntlet/L52/simbatch_hidden/replay_020YPYL9VC0C.json,18241,DELETE,delete,L1-L61 loop bulk
scratchpad/gauntlet/L52/simbatch_hidden/replay_020YPYLLQUV0.json,11128,DELETE,delete,L1-L61 loop bulk
scratchpad/gauntlet/L52/simbatch_hidden/replay_020YPYLP8YR0.json,11439,DELETE,delete,L1-L61 loop bulk
scratchpad/gauntlet/L52/simbatch_hidden/replay_020YPYLPPCPQ.json,14121,DELETE,delete,L1-L61 loop bulk
scratchpad/gauntlet/L52/simbatch_hidden/replay_020YPYLY29LP.json,11421,DELETE,delete,L1-L61 loop bulk
scratchpad/gauntlet/L52/simbatch_hidden/replay_020YPYP8J9PV.json,14153,DELETE,delete,L1-L61 loop bulk
scratchpad/gauntlet/L52/simbatch_hidden/replay_020YPYQ0RRY0.json,4396,DELETE,delete,L1-L61 loop bulk
scratchpad/gauntlet/L52/simbatch_hidden/replay_020YPYQ22GY2.json,11014,DELETE,delete,L1-L61 loop bulk
scratchpad/gauntlet/L52/simbatch_hidden/replay_020YPYYQG22L.json,2499,DELETE,delete,L1-L61 loop bulk
scratchpad/gauntlet/L52/simbatch_hidden/replay_020YPYYQQ8V8.json,13842,DELETE,delete,L1-L61 loop bulk
scratchpad/gauntlet/L52/simbatch_hidden/replay_020YPYYR8Q0P.json,12058,DELETE,delete,L1-L61 loop bulk
scratchpad/gauntlet/L52/simbatch_hidden/replay_020YPYYVJR0V.json,4198,DELETE,delete,L1-L61 loop bulk
scratchpad/gauntlet/L52/simbatch_hidden/replay_022YYL8R2GG0.json,4992,DELETE,delete,L1-L61 loop bulk
scratchpad/gauntlet/L52/simbatch_hidden/replay_022YYL8YCYC8.json,25379,DELETE,delete,L1-L61 loop bulk
scratchpad/gauntlet/L52/simbatch_hidden/replay_022YYLUUPYYV.json,12115,DELETE,delete,L1-L61 loop bulk
scratchpad/gauntlet/L52/simbatch_hidden/replay_022YYLV98PVR.json,11873,DELETE,delete,L1-L61 loop bulk
scratchpad/gauntlet/L52/simbatch_hidden/replay_022YYLV9QLQJ.json,12302,DELETE,delete,L1-L61 loop bulk
scratchpad/gauntlet/L52/simbatch_hidden/replay_022YYLV9V90G.json,11192,DELETE,delete,L1-L61 loop bulk
scratchpad/gauntlet/L52/simbatch_hidden/replay_022YYLV9YVJL.json,25551,DELETE,delete,L1-L61 loop bulk
scratchpad/gauntlet/L52/simbatch_hidden/replay_022YYQ0RPYY2.json,12068,DELETE,delete,L1-L61 loop bulk
scratchpad/gauntlet/L52/simbatch_hidden/replay_022YYQ22298V.json,10771,DELETE,delete,L1-L61 loop bulk
scratchpad/gauntlet/L52/simbatch_hidden/replay_022YYQ2G0LPV.json,19285,DELETE,delete,L1-L61 loop bulk
scratchpad/gauntlet/L52/simbatch_hidden/replay_022YYQ2QJRPV.json,10333,DELETE,delete,L1-L61 loop bulk
scratchpad/gauntlet/L52/simbatch_hidden/replay_022YYQ92909Q.json,10146,DELETE,delete,L1-L61 loop bulk
scratchpad/gauntlet/L52/simbatch_hidden/replay_022YYQL2QLUV.json,13779,DELETE,delete,L1-L61 loop bulk
scratchpad/gauntlet/L52/simbatch_hidden/replay_022YYQL828PQ.json,7571,DELETE,delete,L1-L61 loop bulk
scratchpad/gauntlet/L52/simbatch_hidden/replay_022YYQYV2C2J.json,10770,DELETE,delete,L1-L61 loop bulk
scratchpad/gauntlet/L52/simbatch_hidden/replay_022YYQYV9Y2R.json,14890,DELETE,delete,L1-L61 loop bulk
scratchpad/gauntlet/L52/simbatch_hidden/replay_022YYYUC8VUJ.json,19603,DELETE,delete,L1-L61 loop bulk
scratchpad/gauntlet/L52/simbatch_hidden/replay_022YYYUCQR2V.json,12477,DELETE,delete,L1-L61 loop bulk
scratchpad/gauntlet/L52/simbatch_hidden/replay_022YYYUCR9VJ.json,10564,DELETE,delete,L1-L61 loop bulk
scratchpad/gauntlet/L52/simbatch_hidden/replay_022YYYUCVPR9.json,13531,DELETE,delete,L1-L61 loop bulk
scratchpad/gauntlet/L52/simbatch_hidden/replay_022YYYUU9LPG.json,20770,DELETE,delete,L1-L61 loop bulk
scratchpad/gauntlet/L52/simbatch_hidden/replay_022YYYUUQGGJ.json,10356,DELETE,delete,L1-L61 loop bulk
scratchpad/gauntlet/L52/simbatch_hidden/replay_022YYYUVGPUU.json,10721,DELETE,delete,L1-L61 loop bulk
scratchpad/gauntlet/L52/simbatch_hidden/replay_022YYYVURLCJ.json,10594,DELETE,delete,L1-L61 loop bulk
scratchpad/gauntlet/L52/simbatch_hidden/replay_02GY9GJCR9P0.json,10858,DELETE,delete,L1-L61 loop bulk
scratchpad/gauntlet/L52/simbatch_hidden/replay_02GY9GJGYJUV.json,11823,DELETE,delete,L1-L61 loop bulk
scratchpad/gauntlet/L52/simbatch_hidden/replay_02GY9GJJLR9Q.json,11664,DELETE,delete,L1-L61 loop bulk
scratchpad/gauntlet/L52/simbatch_hidden/replay_02GY9GJQU0UR.json,12920,DELETE,delete,L1-L61 loop bulk
scratchpad/gauntlet/L52/simbatch_hidden/replay_02GY9GJRPQ89.json,10683,DELETE,delete,L1-L61 loop bulk
scratchpad/gauntlet/L52/simbatch_hidden/replay_02GY9GJRQG2Q.json,2998,DELETE,delete,L1-L61 loop bulk
scratchpad/gauntlet/L52/simbatch_hidden/replay_02GY9GJURY8G.json,11892,DELETE,delete,L1-L61 loop bulk
scratchpad/gauntlet/L52/simbatch_hidden/replay_02GY9GJV00GV.json,14854,DELETE,delete,L1-L61 loop bulk
scratchpad/gauntlet/L52/simbatch_hidden/replay_02GY9GJV8CVG.json,25277,DELETE,delete,L1-L61 loop bulk
scratchpad/gauntlet/L52/simbatch_hidden/replay_02GY9GJVQGCQ.json,8585,DELETE,delete,L1-L61 loop bulk
scratchpad/gauntlet/L52/simbatch_hidden/replay_02GY9GJVUP00.json,11839,DELETE,delete,L1-L61 loop bulk
scratchpad/gauntlet/L52/simbatch_hidden/replay_02GY9GR902G8.json,5196,DELETE,delete,L1-L61 loop bulk
scratchpad/gauntlet/L52/simbatch_hidden/replay_02JY9G00V9CJ.json,7029,DELETE,delete,L1-L61 loop bulk
scratchpad/gauntlet/L52/simbatch_hidden/replay_02JY9G020C2U.json,8380,DELETE,delete,L1-L61 loop bulk
scratchpad/gauntlet/L52/simbatch_hidden/replay_02JY9G02LR0U.json,11199,DELETE,delete,L1-L61 loop bulk
scratchpad/gauntlet/L52/simbatch_hidden/replay_02JY9G02UJL2.json,12098,DELETE,delete,L1-L61 loop bulk
scratchpad/gauntlet/L52/simbatch_hidden/replay_02JY9G082QC2.json,7275,DELETE,delete,L1-L61 loop bulk
scratchpad/gauntlet/L52/simbatch_hidden/replay_02JY9G08C0JV.json,10981,DELETE,delete,L1-L61 loop bulk
scratchpad/gauntlet/L52/simbatch_hidden/replay_02JY9G08YCQG.json,13057,DELETE,delete,L1-L61 loop bulk
scratchpad/gauntlet/L52/simbatch_hidden/replay_02JY9G090029.json,11552,DELETE,delete,L1-L61 loop bulk
scratchpad/gauntlet/L52/simbatch_hidden/replay_02JY9G8LJPJV.json,12839,DELETE,delete,L1-L61 loop bulk
scratchpad/gauntlet/L52/simbatch_hidden/replay_02JY9G99CGPC.json,11958,DELETE,delete,L1-L61 loop bulk
scratchpad/gauntlet/L52/simbatch_hidden/replay_02JY9G99LY0L.json,10881,DELETE,delete,L1-L61 loop bulk
scratchpad/gauntlet/L52/simbatch_hidden/replay_02JY9G99RPRU.json,18436,DELETE,delete,L1-L61 loop bulk
scratchpad/gauntlet/L52/simbatch_hidden/replay_02JY9G9PP92L.json,26319,DELETE,delete,L1-L61 loop bulk
scratchpad/gauntlet/L52/simbatch_hidden/replay_02JY9GL00Q0C.json,14289,DELETE,delete,L1-L61 loop bulk
scratchpad/gauntlet/L52/simbatch_hidden/replay_02JY9GL09YJJ.json,15511,DELETE,delete,L1-L61 loop bulk
scratchpad/gauntlet/L52/simbatch_hidden/replay_02JY9GL22CYR.json,10813,DELETE,delete,L1-L61 loop bulk
scratchpad/gauntlet/L52/simbatch_hidden/replay_02JY9GL9VP9C.json,6259,DELETE,delete,L1-L61 loop bulk
scratchpad/gauntlet/L52/simbatch_hidden/replay_02JY9GL9Y90C.json,11509,DELETE,delete,L1-L61 loop bulk
scratchpad/gauntlet/L52/simbatch_hidden/replay_02JY9GPPVPPG.json,4879,DELETE,delete,L1-L61 loop bulk
scratchpad/gauntlet/L52/simbatch_hidden/replay_02JY9GQY2VCU.json,11663,DELETE,delete,L1-L61 loop bulk
scratchpad/gauntlet/L52/simbatch_hidden/replay_02JY9GQYCPCQ.json,11210,DELETE,delete,L1-L61 loop bulk
scratchpad/gauntlet/L52/simbatch_hidden/replay_02JY9GQYLVLV.json,12327,DELETE,delete,L1-L61 loop bulk
scratchpad/gauntlet/L52/simbatch_hidden/replay_02JY9GYLJC9Y.json,16538,DELETE,delete,L1-L61 loop bulk
scratchpad/gauntlet/L52/simbatch_hidden/replay_02JY9GYQ0Q9G.json,13057,DELETE,delete,L1-L61 loop bulk
scratchpad/gauntlet/L52/simbatch_hidden/replay_02JY9GYQ89QY.json,3289,DELETE,delete,L1-L61 loop bulk
scratchpad/gauntlet/L52/simbatch_hidden/replay_02LY9LJV20Q9.json,19803,DELETE,delete,L1-L61 loop bulk
scratchpad/gauntlet/L52/simbatch_hidden/replay_02LY9LJV8Q0C.json,21150,DELETE,delete,L1-L61 loop bulk
scratchpad/gauntlet/L52/simbatch_hidden/replay_02QY9Q8VCCYQ.json,11409,DELETE,delete,L1-L61 loop bulk
scratchpad/gauntlet/L52/simbatch_hidden/replay_02QY9Q8VGVGQ.json,14486,DELETE,delete,L1-L61 loop bulk
scratchpad/gauntlet/L52/simbatch_hidden/replay_02QY9Q900RQL.json,11550,DELETE,delete,L1-L61 loop bulk
scratchpad/gauntlet/L52/simbatch_hidden/replay_02QY9Q90JPCL.json,9966,DELETE,delete,L1-L61 loop bulk
scratchpad/gauntlet/L52/simbatch_hidden/replay_02QY9Q90QQ9V.json,11937,DELETE,delete,L1-L61 loop bulk
scratchpad/gauntlet/L52/simbatch_hidden/replay_02QY9Q90VQ02.json,9217,DELETE,delete,L1-L61 loop bulk
scratchpad/gauntlet/L52/simbatch_hidden/replay_02QY9Q928Y8C.json,23716,DELETE,delete,L1-L61 loop bulk
scratchpad/gauntlet/L52/simbatch_hidden/replay_02QY9Q92CGV0.json,5500,DELETE,delete,L1-L61 loop bulk
scratchpad/gauntlet/L52/simbatch_hidden/replay_02QY9Q92QPGC.json,13509,DELETE,delete,L1-L61 loop bulk
scratchpad/gauntlet/L52/simbatch_hidden/replay_02QY9Q980YV0.json,20480,DELETE,delete,L1-L61 loop bulk
scratchpad/gauntlet/L52/simbatch_hidden/replay_02QY9Q98C0J8.json,4594,DELETE,delete,L1-L61 loop bulk
scratchpad/gauntlet/L52/simbatch_hidden/replay_02QY9Q9L9CLL.json,10525,DELETE,delete,L1-L61 loop bulk
scratchpad/gauntlet/L52/simbatch_hidden/replay_02QY9Q9LCCQQ.json,10660,DELETE,delete,L1-L61 loop bulk
scratchpad/gauntlet/L52/simbatch_hidden/replay_02QY9Q9P0CRP.json,9018,DELETE,delete,L1-L61 loop bulk
scratchpad/gauntlet/L52/simbatch_hidden/replay_02QY9Q9PCGCP.json,12841,DELETE,delete,L1-L61 loop bulk
scratchpad/gauntlet/L52/simbatch_hidden/replay_02QY9Q9PY29C.json,16461,DELETE,delete,L1-L61 loop bulk
scratchpad/gauntlet/L52/simbatch_hidden/replay_02QY9Q9YY089.json,10265,DELETE,delete,L1-L61 loop bulk
scratchpad/gauntlet/L52/simbatch_hidden/replay_082Y8Q0CRU92.json,25013,DELETE,delete,L1-L61 loop bulk
scratchpad/gauntlet/L52/simbatch_hidden/replay_088Y88LLCJRY.json,15052,DELETE,delete,L1-L61 loop bulk
scratchpad/gauntlet/L52/simbatch_hidden/replay_088Y88LQYJ00.json,5420,DELETE,delete,L1-L61 loop bulk
scratchpad/gauntlet/L52/simbatch_hidden/replay_08CPVR8P2JPV.json,13834,DELETE,delete,L1-L61 loop bulk
scratchpad/gauntlet/L52/simbatch_hidden/replay_08CPVRQ9JCLR.json,4780,DELETE,delete,L1-L61 loop bulk
scratchpad/gauntlet/L52/simbatch_hidden/replay_08CPVRQ9RQUY.json,6788,DELETE,delete,L1-L61 loop bulk
scratchpad/gauntlet/L52/simbatch_hidden/replay_08CPVRQPJLPG.json,12400,DELETE,delete,L1-L61 loop bulk
scratchpad/gauntlet/L52/simbatch_hidden/replay_08CPVRRCJY0J.json,5083,DELETE,delete,L1-L61 loop bulk
scratchpad/gauntlet/L52/simbatch_hidden/replay_08CPVRRCV922.json,10603,DELETE,delete,L1-L61 loop bulk
scratchpad/gauntlet/L52/simbatch_hidden/replay_08CPVRRJ9C2L.json,12555,DELETE,delete,L1-L61 loop bulk
scratchpad/gauntlet/L52/simbatch_hidden/replay_08CPVRRR8PYC.json,12178,DELETE,delete,L1-L61 loop bulk
scratchpad/gauntlet/L52/simbatch_hidden/replay_08CPVRRRC0P8.json,10843,DELETE,delete,L1-L61 loop bulk
scratchpad/gauntlet/L52/simbatch_hidden/replay_08CPVRRU8VCQ.json,13450,DELETE,delete,L1-L61 loop bulk
scratchpad/gauntlet/L52/simbatch_hidden/replay_08CPVRRUR90G.json,10548,DELETE,delete,L1-L61 loop bulk
scratchpad/gauntlet/L52/simbatch_hidden/replay_08CPVRRUYG00.json,12725,DELETE,delete,L1-L61 loop bulk
scratchpad/gauntlet/L52/simbatch_hidden/replay_08LY80VC29RV.json,16020,DELETE,delete,L1-L61 loop bulk
scratchpad/gauntlet/L52/simbatch_hidden/replay_08PY88PC88QV.json,14931,DELETE,delete,L1-L61 loop bulk
scratchpad/gauntlet/L52/simbatch_hidden/replay_08PY88PCQ9C2.json,12189,DELETE,delete,L1-L61 loop bulk
scratchpad/gauntlet/L52/simbatch_hidden/replay_08PY88PCV0JQ.json,9902,DELETE,delete,L1-L61 loop bulk
scratchpad/gauntlet/L52/simbatch_hidden/replay_08PY88PJYJUR.json,13298,DELETE,delete,L1-L61 loop bulk
scratchpad/gauntlet/L52/simbatch_hidden/replay_08PY88PQV2YV.json,15162,DELETE,delete,L1-L61 loop bulk
scratchpad/gauntlet/L52/simbatch_hidden/replay_08PY88PR0LJY.json,23663,DELETE,delete,L1-L61 loop bulk
scratchpad/gauntlet/L52/simbatch_hidden/replay_08PY88PRLJCQ.json,10833,DELETE,delete,L1-L61 loop bulk
scratchpad/gauntlet/L52/simbatch_hidden/replay_08PY88PRRPY2.json,5012,DELETE,delete,L1-L61 loop bulk
scratchpad/gauntlet/L52/simbatch_hidden/replay_08PY88PUQVCU.json,10309,DELETE,delete,L1-L61 loop bulk
scratchpad/gauntlet/L52/simbatch_hidden/replay_08PY88PUY9YP.json,9652,DELETE,delete,L1-L61 loop bulk
scratchpad/gauntlet/L52/simbatch_hidden/replay_08QPVCPC2VCU.json,12670,DELETE,delete,L1-L61 loop bulk
scratchpad/gauntlet/L52/simbatch_hidden/replay_08QPVCPC9QQU.json,4205,DELETE,delete,L1-L61 loop bulk
scratchpad/gauntlet/L52/simbatch_hidden/replay_08QPVCPCG8L9.json,6614,DELETE,delete,L1-L61 loop bulk
scratchpad/gauntlet/L52/simbatch_hidden/replay_08QPVCPCVGVJ.json,10752,DELETE,delete,L1-L61 loop bulk
scratchpad/gauntlet/L52/simbatch_hidden/replay_08QPVCPCYU2U.json,11715,DELETE,delete,L1-L61 loop bulk
scratchpad/gauntlet/L52/simbatch_hidden/replay_08QPVCPU28C0.json,10150,DELETE,delete,L1-L61 loop bulk
scratchpad/gauntlet/L52/simbatch_hidden/replay_08QPVCPULY0V.json,18686,DELETE,delete,L1-L61 loop bulk
scratchpad/gauntlet/L52/simbatch_hidden/replay_08YY892LJCG9.json,10255,DELETE,delete,L1-L61 loop bulk
scratchpad/gauntlet/L52/simbatch_hidden/replay_08YY892P8Q98.json,11527,DELETE,delete,L1-L61 loop bulk
scratchpad/gauntlet/L52/simbatch_hidden/replay_08YY892V8QUU.json,15960,DELETE,delete,L1-L61 loop bulk
scratchpad/gauntlet/L52/simbatch_hidden/replay_08YY89822YRQ.json,10440,DELETE,delete,L1-L61 loop bulk
scratchpad/gauntlet/L52/simbatch_hidden/replay_08YY8988C0QC.json,7491,DELETE,delete,L1-L61 loop bulk
scratchpad/gauntlet/L52/simbatch_hidden/replay_08YY8988V9JL.json,21545,DELETE,delete,L1-L61 loop bulk
scratchpad/gauntlet/L52/simbatch_hidden/replay_08YY8989P8J2.json,11034,DELETE,delete,L1-L61 loop bulk
scratchpad/gauntlet/L52/simbatch_hidden/replay_08YY898L28JL.json,21956,DELETE,delete,L1-L61 loop bulk
scratchpad/gauntlet/L52/simbatch_hidden/replay_08YY898L9JLC.json,9721,DELETE,delete,L1-L61 loop bulk
scratchpad/gauntlet/L52/simbatch_hidden/replay_08YY898LQL9V.json,19948,DELETE,delete,L1-L61 loop bulk
scratchpad/gauntlet/L52/simbatch_hidden/replay_08YY898LU88C.json,13135,DELETE,delete,L1-L61 loop bulk
scratchpad/gauntlet/L52/simbatch_hidden/replay_08YY898LY8G8.json,13261,DELETE,delete,L1-L61 loop bulk
scratchpad/gauntlet/L52/simbatch_hidden/replay_08YY898PPLJ9.json,14234,DELETE,delete,L1-L61 loop bulk
scratchpad/gauntlet/L52/simbatch_hidden/replay_08YY898Q09RY.json,16891,DELETE,delete,L1-L61 loop bulk
scratchpad/gauntlet/L52/simbatch_hidden/replay_08YY898QYRPP.json,11899,DELETE,delete,L1-L61 loop bulk
scratchpad/gauntlet/L52/simbatch_hidden/replay_08YY898YJ8LY.json,12854,DELETE,delete,L1-L61 loop bulk
scratchpad/gauntlet/L52/simbatch_hidden/replay_092PPVPCRCPC.json,12043,DELETE,delete,L1-L61 loop bulk
scratchpad/gauntlet/L52/simbatch_hidden/replay_092PPVPCU9LL.json,16709,DELETE,delete,L1-L61 loop bulk
scratchpad/gauntlet/L52/simbatch_hidden/replay_092PPVPU00LV.json,13574,DELETE,delete,L1-L61 loop bulk
scratchpad/gauntlet/L52/simbatch_hidden/replay_092PPVPUY8PG.json,11926,DELETE,delete,L1-L61 loop bulk
scratchpad/gauntlet/L52/simbatch_hidden/replay_092PPVPV8PRJ.json,12118,DELETE,delete,L1-L61 loop bulk
scratchpad/gauntlet/L52/simbatch_hidden/replay_092PPVPVRCYP.json,11619,DELETE,delete,L1-L61 loop bulk
scratchpad/gauntlet/L52/simbatch_hidden/replay_092PPVPVULCU.json,11787,DELETE,delete,L1-L61 loop bulk
scratchpad/gauntlet/L52/simbatch_hidden/replay_092PPVY0J0J8.json,11324,DELETE,delete,L1-L61 loop bulk
scratchpad/gauntlet/L52/simbatch_hidden/replay_092PPVY0Q0CR.json,10637,DELETE,delete,L1-L61 loop bulk
scratchpad/gauntlet/L52/simbatch_hidden/replay_092PPVY29Q2V.json,11276,DELETE,delete,L1-L61 loop bulk
scratchpad/gauntlet/L52/simbatch_hidden/replay_092PPVY2CGG8.json,6639,DELETE,delete,L1-L61 loop bulk
scratchpad/gauntlet/L52/simbatch_hidden/replay_092PPVY2RCUL.json,11216,DELETE,delete,L1-L61 loop bulk
scratchpad/gauntlet/L52/simbatch_hidden/replay_092PPVY8298U.json,9910,DELETE,delete,L1-L61 loop bulk
scratchpad/gauntlet/L52/simbatch_hidden/replay_092PPVY899LL.json,11513,DELETE,delete,L1-L61 loop bulk
scratchpad/gauntlet/L52/simbatch_hidden/replay_092PPVY8PV90.json,11425,DELETE,delete,L1-L61 loop bulk
scratchpad/gauntlet/L52/simbatch_hidden/summary.jsonl,40758,DELETE,delete,L1-L61 loop bulk
scratchpad/gauntlet/L52/simbatch_hidden.log,45503,DELETE,delete,L1-L61 loop bulk
scratchpad/gauntlet/L52/simbatch_spell_edgepatchcorner_buildings/replay_000YLY0JCPGL.json,24884,DELETE,delete,L1-L61 loop bulk
scratchpad/gauntlet/L52/simbatch_spell_edgepatchcorner_buildings/replay_000YLY0PYYQY.json,8202,DELETE,delete,L1-L61 loop bulk
scratchpad/gauntlet/L52/simbatch_spell_edgepatchcorner_buildings/replay_000YLY2UCC8C.json,8085,DELETE,delete,L1-L61 loop bulk
scratchpad/gauntlet/L52/simbatch_spell_edgepatchcorner_buildings/replay_000YLY2ULYLR.json,4999,DELETE,delete,L1-L61 loop bulk
scratchpad/gauntlet/L52/simbatch_spell_edgepatchcorner_buildings/replay_000YLY2UVGRL.json,12423,DELETE,delete,L1-L61 loop bulk
scratchpad/gauntlet/L52/simbatch_spell_edgepatchcorner_buildings/replay_000YLY2VQ92P.json,9589,DELETE,delete,L1-L61 loop bulk
scratchpad/gauntlet/L52/simbatch_spell_edgepatchcorner_buildings/replay_002YLLLP2YRR.json,13062,DELETE,delete,L1-L61 loop bulk
scratchpad/gauntlet/L52/simbatch_spell_edgepatchcorner_buildings/replay_002YLLLP9JUR.json,12419,DELETE,delete,L1-L61 loop bulk
scratchpad/gauntlet/L52/simbatch_spell_edgepatchcorner_buildings/replay_00GYPYP0PCLR.json,15130,DELETE,delete,L1-L61 loop bulk
scratchpad/gauntlet/L52/simbatch_spell_edgepatchcorner_buildings/replay_00GYPYPRQCY8.json,9071,DELETE,delete,L1-L61 loop bulk
scratchpad/gauntlet/L52/simbatch_spell_edgepatchcorner_buildings/replay_00GYPYPYUQQY.json,11412,DELETE,delete,L1-L61 loop bulk
scratchpad/gauntlet/L52/simbatch_spell_edgepatchcorner_buildings/replay_00JYPQQ8UCVL.json,21342,DELETE,delete,L1-L61 loop bulk
scratchpad/gauntlet/L52/simbatch_spell_edgepatchcorner_buildings/replay_00JYPQQ9V8UY.json,11321,DELETE,delete,L1-L61 loop bulk
scratchpad/gauntlet/L52/simbatch_spell_edgepatchcorner_buildings/replay_00JYPQYYV0JV.json,11928,DELETE,delete,L1-L61 loop bulk
scratchpad/gauntlet/L52/simbatch_spell_edgepatchcorner_buildings/replay_00LYPLCUGYJ2.json,12864,DELETE,delete,L1-L61 loop bulk
scratchpad/gauntlet/L52/simbatch_spell_edgepatchcorner_buildings/replay_00LYPLCV08L9.json,12161,DELETE,delete,L1-L61 loop bulk
scratchpad/gauntlet/L52/simbatch_spell_edgepatchcorner_buildings/replay_00LYPLCV92L0.json,10309,DELETE,delete,L1-L61 loop bulk
scratchpad/gauntlet/L52/simbatch_spell_edgepatchcorner_buildings/replay_00LYPLCVPJR9.json,11591,DELETE,delete,L1-L61 loop bulk
scratchpad/gauntlet/L52/simbatch_spell_edgepatchcorner_buildings/replay_00LYPLCVQRVY.json,13191,DELETE,delete,L1-L61 loop bulk
scratchpad/gauntlet/L52/simbatch_spell_edgepatchcorner_buildings/replay_00LYPLCVRCCV.json,21282,DELETE,delete,L1-L61 loop bulk
scratchpad/gauntlet/L52/simbatch_spell_edgepatchcorner_buildings/replay_00LYPLJLC80L.json,12834,DELETE,delete,L1-L61 loop bulk
scratchpad/gauntlet/L52/simbatch_spell_edgepatchcorner_buildings/replay_00LYPLJLQ80J.json,5383,DELETE,delete,L1-L61 loop bulk
scratchpad/gauntlet/L52/simbatch_spell_edgepatchcorner_buildings/replay_00LYPLJLRJ00.json,4408,DELETE,delete,L1-L61 loop bulk
scratchpad/gauntlet/L52/simbatch_spell_edgepatchcorner_buildings/replay_00LYPLJLYQCR.json,3594,DELETE,delete,L1-L61 loop bulk
scratchpad/gauntlet/L52/simbatch_spell_edgepatchcorner_buildings/replay_00LYPLR0C8GJ.json,14202,DELETE,delete,L1-L61 loop bulk
scratchpad/gauntlet/L52/simbatch_spell_edgepatchcorner_buildings/replay_00LYPLR200VU.json,11259,DELETE,delete,L1-L61 loop bulk
scratchpad/gauntlet/L52/simbatch_spell_edgepatchcorner_buildings/replay_00LYPLR222YQ.json,4404,DELETE,delete,L1-L61 loop bulk
scratchpad/gauntlet/L52/simbatch_spell_edgepatchcorner_buildings/replay_00LYPLU8C8JP.json,6702,DELETE,delete,L1-L61 loop bulk
scratchpad/gauntlet/L52/simbatch_spell_edgepatchcorner_buildings/replay_00LYPLU8VV0C.json,23632,DELETE,delete,L1-L61 loop bulk
scratchpad/gauntlet/L52/simbatch_spell_edgepatchcorner_buildings/replay_00LYPLU8YQVQ.json,17490,DELETE,delete,L1-L61 loop bulk
scratchpad/gauntlet/L52/simbatch_spell_edgepatchcorner_buildings/replay_00LYPQ28JL8Q.json,20542,DELETE,delete,L1-L61 loop bulk
scratchpad/gauntlet/L52/simbatch_spell_edgepatchcorner_buildings/replay_00LYPQ28PU22.json,11863,DELETE,delete,L1-L61 loop bulk
scratchpad/gauntlet/L52/simbatch_spell_edgepatchcorner_buildings/replay_00LYPQ2909YG.json,15824,DELETE,delete,L1-L61 loop bulk
scratchpad/gauntlet/L52/simbatch_spell_edgepatchcorner_buildings/replay_00LYPQ8LGYP2.json,11559,DELETE,delete,L1-L61 loop bulk
scratchpad/gauntlet/L52/simbatch_spell_edgepatchcorner_buildings/replay_00UYPL92ULUL.json,12964,DELETE,delete,L1-L61 loop bulk
scratchpad/gauntlet/L52/simbatch_spell_edgepatchcorner_buildings/replay_00UYPL99P28R.json,3995,DELETE,delete,L1-L61 loop bulk
scratchpad/gauntlet/L52/simbatch_spell_edgepatchcorner_buildings/replay_00UYPL99PV2P.json,5206,DELETE,delete,L1-L61 loop bulk
scratchpad/gauntlet/L52/simbatch_spell_edgepatchcorner_buildings/replay_00UYPL99UQCG.json,14546,DELETE,delete,L1-L61 loop bulk
scratchpad/gauntlet/L52/simbatch_spell_edgepatchcorner_buildings/replay_00UYPL9P0VQL.json,12749,DELETE,delete,L1-L61 loop bulk
scratchpad/gauntlet/L52/simbatch_spell_edgepatchcorner_buildings/replay_00UYPLL0RLRQ.json,12738,DELETE,delete,L1-L61 loop bulk
scratchpad/gauntlet/L52/simbatch_spell_edgepatchcorner_buildings/replay_00UYPLLCLCJQ.json,12481,DELETE,delete,L1-L61 loop bulk
scratchpad/gauntlet/L52/simbatch_spell_edgepatchcorner_buildings/replay_00UYPLLGUP02.json,12016,DELETE,delete,L1-L61 loop bulk
scratchpad/gauntlet/L52/simbatch_spell_edgepatchcorner_buildings/replay_00UYPLLGYCQ2.json,11833,DELETE,delete,L1-L61 loop bulk
scratchpad/gauntlet/L52/simbatch_spell_edgepatchcorner_buildings/replay_00UYPLLR2JVJ.json,11888,DELETE,delete,L1-L61 loop bulk
scratchpad/gauntlet/L52/simbatch_spell_edgepatchcorner_buildings/replay_00UYPLLU0C0L.json,7298,DELETE,delete,L1-L61 loop bulk
scratchpad/gauntlet/L52/simbatch_spell_edgepatchcorner_buildings/replay_00UYPLLU8LYV.json,10637,DELETE,delete,L1-L61 loop bulk
scratchpad/gauntlet/L52/simbatch_spell_edgepatchcorner_buildings/replay_00UYPLLURY2U.json,10212,DELETE,delete,L1-L61 loop bulk
scratchpad/gauntlet/L52/simbatch_spell_edgepatchcorner_buildings/replay_00VYPLPJGYLY.json,12952,DELETE,delete,L1-L61 loop bulk
scratchpad/gauntlet/L52/simbatch_spell_edgepatchcorner_buildings/replay_00VYPLPJLC88.json,10300,DELETE,delete,L1-L61 loop bulk
scratchpad/gauntlet/L52/simbatch_spell_edgepatchcorner_buildings/replay_00VYPLPJRYRY.json,13751,DELETE,delete,L1-L61 loop bulk
scratchpad/gauntlet/L52/simbatch_spell_edgepatchcorner_buildings/replay_020YPYL2LVU9.json,16108,DELETE,delete,L1-L61 loop bulk
scratchpad/gauntlet/L52/simbatch_spell_edgepatchcorner_buildings/replay_020YPYL80RJY.json,11072,DELETE,delete,L1-L61 loop bulk
scratchpad/gauntlet/L52/simbatch_spell_edgepatchcorner_buildings/replay_020YPYL89Y8Y.json,11673,DELETE,delete,L1-L61 loop bulk
scratchpad/gauntlet/L52/simbatch_spell_edgepatchcorner_buildings/replay_020YPYL9CYUL.json,10990,DELETE,delete,L1-L61 loop bulk
scratchpad/gauntlet/L52/simbatch_spell_edgepatchcorner_buildings/replay_020YPYL9R08C.json,5819,DELETE,delete,L1-L61 loop bulk
scratchpad/gauntlet/L52/simbatch_spell_edgepatchcorner_buildings/replay_020YPYL9VC0C.json,16017,DELETE,delete,L1-L61 loop bulk
scratchpad/gauntlet/L52/simbatch_spell_edgepatchcorner_buildings/replay_020YPYLLQUV0.json,11128,DELETE,delete,L1-L61 loop bulk
scratchpad/gauntlet/L52/simbatch_spell_edgepatchcorner_buildings/replay_020YPYLP8YR0.json,11438,DELETE,delete,L1-L61 loop bulk
scratchpad/gauntlet/L52/simbatch_spell_edgepatchcorner_buildings/replay_020YPYLPPCPQ.json,8093,DELETE,delete,L1-L61 loop bulk
scratchpad/gauntlet/L52/simbatch_spell_edgepatchcorner_buildings/replay_020YPYLY29LP.json,11422,DELETE,delete,L1-L61 loop bulk
scratchpad/gauntlet/L52/simbatch_spell_edgepatchcorner_buildings/replay_020YPYP8J9PV.json,24411,DELETE,delete,L1-L61 loop bulk
scratchpad/gauntlet/L52/simbatch_spell_edgepatchcorner_buildings/replay_020YPYQ0RRY0.json,4396,DELETE,delete,L1-L61 loop bulk
scratchpad/gauntlet/L52/simbatch_spell_edgepatchcorner_buildings/replay_020YPYQ22GY2.json,11014,DELETE,delete,L1-L61 loop bulk
scratchpad/gauntlet/L52/simbatch_spell_edgepatchcorner_buildings/replay_020YPYYQG22L.json,2499,DELETE,delete,L1-L61 loop bulk
scratchpad/gauntlet/L52/simbatch_spell_edgepatchcorner_buildings/replay_020YPYYQQ8V8.json,13842,DELETE,delete,L1-L61 loop bulk
scratchpad/gauntlet/L52/simbatch_spell_edgepatchcorner_buildings/replay_020YPYYR8Q0P.json,12057,DELETE,delete,L1-L61 loop bulk
scratchpad/gauntlet/L52/simbatch_spell_edgepatchcorner_buildings/replay_020YPYYVJR0V.json,4391,DELETE,delete,L1-L61 loop bulk
scratchpad/gauntlet/L52/simbatch_spell_edgepatchcorner_buildings/replay_022YYL8R2GG0.json,4992,DELETE,delete,L1-L61 loop bulk
scratchpad/gauntlet/L52/simbatch_spell_edgepatchcorner_buildings/replay_022YYL8YCYC8.json,25379,DELETE,delete,L1-L61 loop bulk
scratchpad/gauntlet/L52/simbatch_spell_edgepatchcorner_buildings/replay_022YYLUUPYYV.json,12514,DELETE,delete,L1-L61 loop bulk
scratchpad/gauntlet/L52/simbatch_spell_edgepatchcorner_buildings/replay_022YYLV98PVR.json,11892,DELETE,delete,L1-L61 loop bulk
scratchpad/gauntlet/L52/simbatch_spell_edgepatchcorner_buildings/replay_022YYLV9QLQJ.json,12303,DELETE,delete,L1-L61 loop bulk
scratchpad/gauntlet/L52/simbatch_spell_edgepatchcorner_buildings/replay_022YYLV9V90G.json,11996,DELETE,delete,L1-L61 loop bulk
scratchpad/gauntlet/L52/simbatch_spell_edgepatchcorner_buildings/replay_022YYLV9YVJL.json,25552,DELETE,delete,L1-L61 loop bulk
scratchpad/gauntlet/L52/simbatch_spell_edgepatchcorner_buildings/replay_022YYQ0RPYY2.json,12068,DELETE,delete,L1-L61 loop bulk
scratchpad/gauntlet/L52/simbatch_spell_edgepatchcorner_buildings/replay_022YYQ22298V.json,10771,DELETE,delete,L1-L61 loop bulk
scratchpad/gauntlet/L52/simbatch_spell_edgepatchcorner_buildings/replay_022YYQ2G0LPV.json,10249,DELETE,delete,L1-L61 loop bulk
scratchpad/gauntlet/L52/simbatch_spell_edgepatchcorner_buildings/replay_022YYQ2QJRPV.json,7907,DELETE,delete,L1-L61 loop bulk
scratchpad/gauntlet/L52/simbatch_spell_edgepatchcorner_buildings/replay_022YYQ92909Q.json,10144,DELETE,delete,L1-L61 loop bulk
scratchpad/gauntlet/L52/simbatch_spell_edgepatchcorner_buildings/replay_022YYQL2QLUV.json,13779,DELETE,delete,L1-L61 loop bulk
scratchpad/gauntlet/L52/simbatch_spell_edgepatchcorner_buildings/replay_022YYQL828PQ.json,7571,DELETE,delete,L1-L61 loop bulk
scratchpad/gauntlet/L52/simbatch_spell_edgepatchcorner_buildings/replay_022YYQYV2C2J.json,11575,DELETE,delete,L1-L61 loop bulk
scratchpad/gauntlet/L52/simbatch_spell_edgepatchcorner_buildings/replay_022YYQYV9Y2R.json,14087,DELETE,delete,L1-L61 loop bulk
scratchpad/gauntlet/L52/simbatch_spell_edgepatchcorner_buildings/replay_022YYYUC8VUJ.json,26299,DELETE,delete,L1-L61 loop bulk
scratchpad/gauntlet/L52/simbatch_spell_edgepatchcorner_buildings/replay_022YYYUCQR2V.json,12477,DELETE,delete,L1-L61 loop bulk
scratchpad/gauntlet/L52/simbatch_spell_edgepatchcorner_buildings/replay_022YYYUCR9VJ.json,10564,DELETE,delete,L1-L61 loop bulk
scratchpad/gauntlet/L52/simbatch_spell_edgepatchcorner_buildings/replay_022YYYUCVPR9.json,13531,DELETE,delete,L1-L61 loop bulk
scratchpad/gauntlet/L52/simbatch_spell_edgepatchcorner_buildings/replay_022YYYUU9LPG.json,12722,DELETE,delete,L1-L61 loop bulk
scratchpad/gauntlet/L52/simbatch_spell_edgepatchcorner_buildings/replay_022YYYUUQGGJ.json,10360,DELETE,delete,L1-L61 loop bulk
scratchpad/gauntlet/L52/simbatch_spell_edgepatchcorner_buildings/replay_022YYYUVGPUU.json,16462,DELETE,delete,L1-L61 loop bulk
scratchpad/gauntlet/L52/simbatch_spell_edgepatchcorner_buildings/replay_022YYYVURLCJ.json,10594,DELETE,delete,L1-L61 loop bulk
scratchpad/gauntlet/L52/simbatch_spell_edgepatchcorner_buildings/replay_02GY9GJCR9P0.json,10856,DELETE,delete,L1-L61 loop bulk
scratchpad/gauntlet/L52/simbatch_spell_edgepatchcorner_buildings/replay_02GY9GJGYJUV.json,11822,DELETE,delete,L1-L61 loop bulk
scratchpad/gauntlet/L52/simbatch_spell_edgepatchcorner_buildings/replay_02GY9GJJLR9Q.json,11664,DELETE,delete,L1-L61 loop bulk
scratchpad/gauntlet/L52/simbatch_spell_edgepatchcorner_buildings/replay_02GY9GJQU0UR.json,12920,DELETE,delete,L1-L61 loop bulk
scratchpad/gauntlet/L52/simbatch_spell_edgepatchcorner_buildings/replay_02GY9GJRPQ89.json,10685,DELETE,delete,L1-L61 loop bulk
scratchpad/gauntlet/L52/simbatch_spell_edgepatchcorner_buildings/replay_02GY9GJRQG2Q.json,2998,DELETE,delete,L1-L61 loop bulk
scratchpad/gauntlet/L52/simbatch_spell_edgepatchcorner_buildings/replay_02GY9GJURY8G.json,12497,DELETE,delete,L1-L61 loop bulk
scratchpad/gauntlet/L52/simbatch_spell_edgepatchcorner_buildings/replay_02GY9GJV00GV.json,14855,DELETE,delete,L1-L61 loop bulk
scratchpad/gauntlet/L52/simbatch_spell_edgepatchcorner_buildings/replay_02GY9GJV8CVG.json,25277,DELETE,delete,L1-L61 loop bulk
scratchpad/gauntlet/L52/simbatch_spell_edgepatchcorner_buildings/replay_02GY9GJVQGCQ.json,8585,DELETE,delete,L1-L61 loop bulk
scratchpad/gauntlet/L52/simbatch_spell_edgepatchcorner_buildings/replay_02GY9GJVUP00.json,17161,DELETE,delete,L1-L61 loop bulk
scratchpad/gauntlet/L52/simbatch_spell_edgepatchcorner_buildings/replay_02GY9GR902G8.json,8632,DELETE,delete,L1-L61 loop bulk
scratchpad/gauntlet/L52/simbatch_spell_edgepatchcorner_buildings/replay_02JY9G00V9CJ.json,7227,DELETE,delete,L1-L61 loop bulk
scratchpad/gauntlet/L52/simbatch_spell_edgepatchcorner_buildings/replay_02JY9G020C2U.json,8380,DELETE,delete,L1-L61 loop bulk
scratchpad/gauntlet/L52/simbatch_spell_edgepatchcorner_buildings/replay_02JY9G02LR0U.json,11199,DELETE,delete,L1-L61 loop bulk
scratchpad/gauntlet/L52/simbatch_spell_edgepatchcorner_buildings/replay_02JY9G02UJL2.json,12096,DELETE,delete,L1-L61 loop bulk
scratchpad/gauntlet/L52/simbatch_spell_edgepatchcorner_buildings/replay_02JY9G082QC2.json,7275,DELETE,delete,L1-L61 loop bulk
scratchpad/gauntlet/L52/simbatch_spell_edgepatchcorner_buildings/replay_02JY9G08C0JV.json,13575,DELETE,delete,L1-L61 loop bulk
scratchpad/gauntlet/L52/simbatch_spell_edgepatchcorner_buildings/replay_02JY9G08YCQG.json,18488,DELETE,delete,L1-L61 loop bulk
scratchpad/gauntlet/L52/simbatch_spell_edgepatchcorner_buildings/replay_02JY9G090029.json,11551,DELETE,delete,L1-L61 loop bulk
scratchpad/gauntlet/L52/simbatch_spell_edgepatchcorner_buildings/replay_02JY9G8LJPJV.json,13448,DELETE,delete,L1-L61 loop bulk
scratchpad/gauntlet/L52/simbatch_spell_edgepatchcorner_buildings/replay_02JY9G99CGPC.json,11958,DELETE,delete,L1-L61 loop bulk
scratchpad/gauntlet/L52/simbatch_spell_edgepatchcorner_buildings/replay_02JY9G99LY0L.json,10882,DELETE,delete,L1-L61 loop bulk
scratchpad/gauntlet/L52/simbatch_spell_edgepatchcorner_buildings/replay_02JY9G99RPRU.json,10931,DELETE,delete,L1-L61 loop bulk
scratchpad/gauntlet/L52/simbatch_spell_edgepatchcorner_buildings/replay_02JY9G9PP92L.json,21787,DELETE,delete,L1-L61 loop bulk
scratchpad/gauntlet/L52/simbatch_spell_edgepatchcorner_buildings/replay_02JY9GL00Q0C.json,14290,DELETE,delete,L1-L61 loop bulk
scratchpad/gauntlet/L52/simbatch_spell_edgepatchcorner_buildings/replay_02JY9GL09YJJ.json,19015,DELETE,delete,L1-L61 loop bulk
scratchpad/gauntlet/L52/simbatch_spell_edgepatchcorner_buildings/replay_02JY9GL22CYR.json,10813,DELETE,delete,L1-L61 loop bulk
scratchpad/gauntlet/L52/simbatch_spell_edgepatchcorner_buildings/replay_02JY9GL9VP9C.json,10668,DELETE,delete,L1-L61 loop bulk
scratchpad/gauntlet/L52/simbatch_spell_edgepatchcorner_buildings/replay_02JY9GL9Y90C.json,11710,DELETE,delete,L1-L61 loop bulk
scratchpad/gauntlet/L52/simbatch_spell_edgepatchcorner_buildings/replay_02JY9GPPVPPG.json,4879,DELETE,delete,L1-L61 loop bulk
scratchpad/gauntlet/L52/simbatch_spell_edgepatchcorner_buildings/replay_02JY9GQY2VCU.json,11663,DELETE,delete,L1-L61 loop bulk
scratchpad/gauntlet/L52/simbatch_spell_edgepatchcorner_buildings/replay_02JY9GQYCPCQ.json,12616,DELETE,delete,L1-L61 loop bulk
scratchpad/gauntlet/L52/simbatch_spell_edgepatchcorner_buildings/replay_02JY9GQYLVLV.json,12936,DELETE,delete,L1-L61 loop bulk
scratchpad/gauntlet/L52/simbatch_spell_edgepatchcorner_buildings/replay_02JY9GYLJC9Y.json,18957,DELETE,delete,L1-L61 loop bulk
scratchpad/gauntlet/L52/simbatch_spell_edgepatchcorner_buildings/replay_02JY9GYQ0Q9G.json,13058,DELETE,delete,L1-L61 loop bulk
scratchpad/gauntlet/L52/simbatch_spell_edgepatchcorner_buildings/replay_02JY9GYQ89QY.json,3289,DELETE,delete,L1-L61 loop bulk
scratchpad/gauntlet/L52/simbatch_spell_edgepatchcorner_buildings/replay_02LY9LJV20Q9.json,19808,DELETE,delete,L1-L61 loop bulk
scratchpad/gauntlet/L52/simbatch_spell_edgepatchcorner_buildings/replay_02LY9LJV8Q0C.json,22464,DELETE,delete,L1-L61 loop bulk
scratchpad/gauntlet/L52/simbatch_spell_edgepatchcorner_buildings/replay_02QY9Q8VCCYQ.json,11409,DELETE,delete,L1-L61 loop bulk
scratchpad/gauntlet/L52/simbatch_spell_edgepatchcorner_buildings/replay_02QY9Q8VGVGQ.json,13266,DELETE,delete,L1-L61 loop bulk
scratchpad/gauntlet/L52/simbatch_spell_edgepatchcorner_buildings/replay_02QY9Q900RQL.json,9536,DELETE,delete,L1-L61 loop bulk
scratchpad/gauntlet/L52/simbatch_spell_edgepatchcorner_buildings/replay_02QY9Q90JPCL.json,12984,DELETE,delete,L1-L61 loop bulk
scratchpad/gauntlet/L52/simbatch_spell_edgepatchcorner_buildings/replay_02QY9Q90QQ9V.json,11936,DELETE,delete,L1-L61 loop bulk
scratchpad/gauntlet/L52/simbatch_spell_edgepatchcorner_buildings/replay_02QY9Q90VQ02.json,9826,DELETE,delete,L1-L61 loop bulk
scratchpad/gauntlet/L52/simbatch_spell_edgepatchcorner_buildings/replay_02QY9Q928Y8C.json,23716,DELETE,delete,L1-L61 loop bulk
scratchpad/gauntlet/L52/simbatch_spell_edgepatchcorner_buildings/replay_02QY9Q92CGV0.json,5500,DELETE,delete,L1-L61 loop bulk
scratchpad/gauntlet/L52/simbatch_spell_edgepatchcorner_buildings/replay_02QY9Q92QPGC.json,13713,DELETE,delete,L1-L61 loop bulk
scratchpad/gauntlet/L52/simbatch_spell_edgepatchcorner_buildings/replay_02QY9Q980YV0.json,20481,DELETE,delete,L1-L61 loop bulk
scratchpad/gauntlet/L52/simbatch_spell_edgepatchcorner_buildings/replay_02QY9Q98C0J8.json,4594,DELETE,delete,L1-L61 loop bulk
scratchpad/gauntlet/L52/simbatch_spell_edgepatchcorner_buildings/replay_02QY9Q9L9CLL.json,10127,DELETE,delete,L1-L61 loop bulk
scratchpad/gauntlet/L52/simbatch_spell_edgepatchcorner_buildings/replay_02QY9Q9LCCQQ.json,10653,DELETE,delete,L1-L61 loop bulk
scratchpad/gauntlet/L52/simbatch_spell_edgepatchcorner_buildings/replay_02QY9Q9P0CRP.json,8411,DELETE,delete,L1-L61 loop bulk
scratchpad/gauntlet/L52/simbatch_spell_edgepatchcorner_buildings/replay_02QY9Q9PCGCP.json,10638,DELETE,delete,L1-L61 loop bulk
scratchpad/gauntlet/L52/simbatch_spell_edgepatchcorner_buildings/replay_02QY9Q9PY29C.json,22372,DELETE,delete,L1-L61 loop bulk
scratchpad/gauntlet/L52/simbatch_spell_edgepatchcorner_buildings/replay_02QY9Q9YY089.json,10265,DELETE,delete,L1-L61 loop bulk
scratchpad/gauntlet/L52/simbatch_spell_edgepatchcorner_buildings/replay_082Y8Q0CRU92.json,25012,DELETE,delete,L1-L61 loop bulk
scratchpad/gauntlet/L52/simbatch_spell_edgepatchcorner_buildings/replay_088Y88LLCJRY.json,15052,DELETE,delete,L1-L61 loop bulk
scratchpad/gauntlet/L52/simbatch_spell_edgepatchcorner_buildings/replay_088Y88LQYJ00.json,5420,DELETE,delete,L1-L61 loop bulk
scratchpad/gauntlet/L52/simbatch_spell_edgepatchcorner_buildings/replay_08CPVR8P2JPV.json,13834,DELETE,delete,L1-L61 loop bulk
scratchpad/gauntlet/L52/simbatch_spell_edgepatchcorner_buildings/replay_08CPVRQ9JCLR.json,11578,DELETE,delete,L1-L61 loop bulk
scratchpad/gauntlet/L52/simbatch_spell_edgepatchcorner_buildings/replay_08CPVRQ9RQUY.json,6785,DELETE,delete,L1-L61 loop bulk
scratchpad/gauntlet/L52/simbatch_spell_edgepatchcorner_buildings/replay_08CPVRQPJLPG.json,12401,DELETE,delete,L1-L61 loop bulk
scratchpad/gauntlet/L52/simbatch_spell_edgepatchcorner_buildings/replay_08CPVRRCJY0J.json,5082,DELETE,delete,L1-L61 loop bulk
scratchpad/gauntlet/L52/simbatch_spell_edgepatchcorner_buildings/replay_08CPVRRCV922.json,14735,DELETE,delete,L1-L61 loop bulk
scratchpad/gauntlet/L52/simbatch_spell_edgepatchcorner_buildings/replay_08CPVRRJ9C2L.json,12555,DELETE,delete,L1-L61 loop bulk
scratchpad/gauntlet/L52/simbatch_spell_edgepatchcorner_buildings/replay_08CPVRRR8PYC.json,12173,DELETE,delete,L1-L61 loop bulk
scratchpad/gauntlet/L52/simbatch_spell_edgepatchcorner_buildings/replay_08CPVRRRC0P8.json,10842,DELETE,delete,L1-L61 loop bulk
scratchpad/gauntlet/L52/simbatch_spell_edgepatchcorner_buildings/replay_08CPVRRU8VCQ.json,11837,DELETE,delete,L1-L61 loop bulk
scratchpad/gauntlet/L52/simbatch_spell_edgepatchcorner_buildings/replay_08CPVRRUR90G.json,10549,DELETE,delete,L1-L61 loop bulk
scratchpad/gauntlet/L52/simbatch_spell_edgepatchcorner_buildings/replay_08CPVRRUYG00.json,12725,DELETE,delete,L1-L61 loop bulk
scratchpad/gauntlet/L52/simbatch_spell_edgepatchcorner_buildings/replay_08LY80VC29RV.json,16015,DELETE,delete,L1-L61 loop bulk
scratchpad/gauntlet/L52/simbatch_spell_edgepatchcorner_buildings/replay_08PY88PC88QV.json,28617,DELETE,delete,L1-L61 loop bulk
scratchpad/gauntlet/L52/simbatch_spell_edgepatchcorner_buildings/replay_08PY88PCQ9C2.json,15640,DELETE,delete,L1-L61 loop bulk
scratchpad/gauntlet/L52/simbatch_spell_edgepatchcorner_buildings/replay_08PY88PCV0JQ.json,10104,DELETE,delete,L1-L61 loop bulk
scratchpad/gauntlet/L52/simbatch_spell_edgepatchcorner_buildings/replay_08PY88PJYJUR.json,11286,DELETE,delete,L1-L61 loop bulk
scratchpad/gauntlet/L52/simbatch_spell_edgepatchcorner_buildings/replay_08PY88PQV2YV.json,15162,DELETE,delete,L1-L61 loop bulk
scratchpad/gauntlet/L52/simbatch_spell_edgepatchcorner_buildings/replay_08PY88PR0LJY.json,23662,DELETE,delete,L1-L61 loop bulk
scratchpad/gauntlet/L52/simbatch_spell_edgepatchcorner_buildings/replay_08PY88PRLJCQ.json,11439,DELETE,delete,L1-L61 loop bulk
scratchpad/gauntlet/L52/simbatch_spell_edgepatchcorner_buildings/replay_08PY88PRRPY2.json,5012,DELETE,delete,L1-L61 loop bulk
scratchpad/gauntlet/L52/simbatch_spell_edgepatchcorner_buildings/replay_08PY88PUQVCU.json,10309,DELETE,delete,L1-L61 loop bulk
scratchpad/gauntlet/L52/simbatch_spell_edgepatchcorner_buildings/replay_08PY88PUY9YP.json,9644,DELETE,delete,L1-L61 loop bulk
scratchpad/gauntlet/L52/simbatch_spell_edgepatchcorner_buildings/replay_08QPVCPC2VCU.json,19153,DELETE,delete,L1-L61 loop bulk
scratchpad/gauntlet/L52/simbatch_spell_edgepatchcorner_buildings/replay_08QPVCPC9QQU.json,4205,DELETE,delete,L1-L61 loop bulk
scratchpad/gauntlet/L52/simbatch_spell_edgepatchcorner_buildings/replay_08QPVCPCG8L9.json,14636,DELETE,delete,L1-L61 loop bulk
scratchpad/gauntlet/L52/simbatch_spell_edgepatchcorner_buildings/replay_08QPVCPCVGVJ.json,10756,DELETE,delete,L1-L61 loop bulk
scratchpad/gauntlet/L52/simbatch_spell_edgepatchcorner_buildings/replay_08QPVCPCYU2U.json,5481,DELETE,delete,L1-L61 loop bulk
scratchpad/gauntlet/L52/simbatch_spell_edgepatchcorner_buildings/replay_08QPVCPU28C0.json,10546,DELETE,delete,L1-L61 loop bulk
scratchpad/gauntlet/L52/simbatch_spell_edgepatchcorner_buildings/replay_08QPVCPULY0V.json,18486,DELETE,delete,L1-L61 loop bulk
scratchpad/gauntlet/L52/simbatch_spell_edgepatchcorner_buildings/replay_08YY892LJCG9.json,10255,DELETE,delete,L1-L61 loop bulk
scratchpad/gauntlet/L52/simbatch_spell_edgepatchcorner_buildings/replay_08YY892P8Q98.json,7494,DELETE,delete,L1-L61 loop bulk
scratchpad/gauntlet/L52/simbatch_spell_edgepatchcorner_buildings/replay_08YY892V8QUU.json,15960,DELETE,delete,L1-L61 loop bulk
scratchpad/gauntlet/L52/simbatch_spell_edgepatchcorner_buildings/replay_08YY89822YRQ.json,10438,DELETE,delete,L1-L61 loop bulk
scratchpad/gauntlet/L52/simbatch_spell_edgepatchcorner_buildings/replay_08YY8988C0QC.json,7487,DELETE,delete,L1-L61 loop bulk
scratchpad/gauntlet/L52/simbatch_spell_edgepatchcorner_buildings/replay_08YY8988V9JL.json,21545,DELETE,delete,L1-L61 loop bulk
scratchpad/gauntlet/L52/simbatch_spell_edgepatchcorner_buildings/replay_08YY8989P8J2.json,11034,DELETE,delete,L1-L61 loop bulk
scratchpad/gauntlet/L52/simbatch_spell_edgepatchcorner_buildings/replay_08YY898L28JL.json,16443,DELETE,delete,L1-L61 loop bulk
scratchpad/gauntlet/L52/simbatch_spell_edgepatchcorner_buildings/replay_08YY898L9JLC.json,9106,DELETE,delete,L1-L61 loop bulk
scratchpad/gauntlet/L52/simbatch_spell_edgepatchcorner_buildings/replay_08YY898LQL9V.json,19343,DELETE,delete,L1-L61 loop bulk
scratchpad/gauntlet/L52/simbatch_spell_edgepatchcorner_buildings/replay_08YY898LU88C.json,13137,DELETE,delete,L1-L61 loop bulk
scratchpad/gauntlet/L52/simbatch_spell_edgepatchcorner_buildings/replay_08YY898LY8G8.json,13061,DELETE,delete,L1-L61 loop bulk
scratchpad/gauntlet/L52/simbatch_spell_edgepatchcorner_buildings/replay_08YY898PPLJ9.json,14234,DELETE,delete,L1-L61 loop bulk
scratchpad/gauntlet/L52/simbatch_spell_edgepatchcorner_buildings/replay_08YY898Q09RY.json,21432,DELETE,delete,L1-L61 loop bulk
scratchpad/gauntlet/L52/simbatch_spell_edgepatchcorner_buildings/replay_08YY898QYRPP.json,11901,DELETE,delete,L1-L61 loop bulk
scratchpad/gauntlet/L52/simbatch_spell_edgepatchcorner_buildings/replay_08YY898YJ8LY.json,12854,DELETE,delete,L1-L61 loop bulk
scratchpad/gauntlet/L52/simbatch_spell_edgepatchcorner_buildings/replay_092PPVPCRCPC.json,12043,DELETE,delete,L1-L61 loop bulk
scratchpad/gauntlet/L52/simbatch_spell_edgepatchcorner_buildings/replay_092PPVPCU9LL.json,14091,DELETE,delete,L1-L61 loop bulk
scratchpad/gauntlet/L52/simbatch_spell_edgepatchcorner_buildings/replay_092PPVPU00LV.json,13574,DELETE,delete,L1-L61 loop bulk
scratchpad/gauntlet/L52/simbatch_spell_edgepatchcorner_buildings/replay_092PPVPUY8PG.json,11927,DELETE,delete,L1-L61 loop bulk
scratchpad/gauntlet/L52/simbatch_spell_edgepatchcorner_buildings/replay_092PPVPV8PRJ.json,12119,DELETE,delete,L1-L61 loop bulk
scratchpad/gauntlet/L52/simbatch_spell_edgepatchcorner_buildings/replay_092PPVPVRCYP.json,11619,DELETE,delete,L1-L61 loop bulk
scratchpad/gauntlet/L52/simbatch_spell_edgepatchcorner_buildings/replay_092PPVPVULCU.json,11787,DELETE,delete,L1-L61 loop bulk
scratchpad/gauntlet/L52/simbatch_spell_edgepatchcorner_buildings/replay_092PPVY0J0J8.json,11324,DELETE,delete,L1-L61 loop bulk
scratchpad/gauntlet/L52/simbatch_spell_edgepatchcorner_buildings/replay_092PPVY0Q0CR.json,10234,DELETE,delete,L1-L61 loop bulk
scratchpad/gauntlet/L52/simbatch_spell_edgepatchcorner_buildings/replay_092PPVY29Q2V.json,11276,DELETE,delete,L1-L61 loop bulk
scratchpad/gauntlet/L52/simbatch_spell_edgepatchcorner_buildings/replay_092PPVY2CGG8.json,6640,DELETE,delete,L1-L61 loop bulk
scratchpad/gauntlet/L52/simbatch_spell_edgepatchcorner_buildings/replay_092PPVY2RCUL.json,11216,DELETE,delete,L1-L61 loop bulk
scratchpad/gauntlet/L52/simbatch_spell_edgepatchcorner_buildings/replay_092PPVY8298U.json,9906,DELETE,delete,L1-L61 loop bulk
scratchpad/gauntlet/L52/simbatch_spell_edgepatchcorner_buildings/replay_092PPVY899LL.json,11707,DELETE,delete,L1-L61 loop bulk
scratchpad/gauntlet/L52/simbatch_spell_edgepatchcorner_buildings/replay_092PPVY8PV90.json,11423,DELETE,delete,L1-L61 loop bulk
scratchpad/gauntlet/L52/simbatch_spell_edgepatchcorner_buildings/summary.jsonl,40757,DELETE,delete,L1-L61 loop bulk
scratchpad/gauntlet/L52/simbatch_spell_edgepatchcorner_buildings.log,45502,DELETE,delete,L1-L61 loop bulk
scratchpad/gauntlet/L52/simbatch_spelledge/replay_000YLY0JCPGL.json,25898,DELETE,delete,L1-L61 loop bulk
scratchpad/gauntlet/L52/simbatch_spelledge/replay_000YLY0PYYQY.json,8201,DELETE,delete,L1-L61 loop bulk
scratchpad/gauntlet/L52/simbatch_spelledge/replay_000YLY2UCC8C.json,8085,DELETE,delete,L1-L61 loop bulk
scratchpad/gauntlet/L52/simbatch_spelledge/replay_000YLY2ULYLR.json,4795,DELETE,delete,L1-L61 loop bulk
scratchpad/gauntlet/L52/simbatch_spelledge/replay_000YLY2UVGRL.json,12423,DELETE,delete,L1-L61 loop bulk
scratchpad/gauntlet/L52/simbatch_spelledge/replay_000YLY2VQ92P.json,9589,DELETE,delete,L1-L61 loop bulk
scratchpad/gauntlet/L52/simbatch_spelledge/replay_002YLLLP2YRR.json,13062,DELETE,delete,L1-L61 loop bulk
scratchpad/gauntlet/L52/simbatch_spelledge/replay_002YLLLP9JUR.json,12419,DELETE,delete,L1-L61 loop bulk
scratchpad/gauntlet/L52/simbatch_spelledge/replay_00GYPYP0PCLR.json,11490,DELETE,delete,L1-L61 loop bulk
scratchpad/gauntlet/L52/simbatch_spelledge/replay_00GYPYPRQCY8.json,11098,DELETE,delete,L1-L61 loop bulk
scratchpad/gauntlet/L52/simbatch_spelledge/replay_00GYPYPYUQQY.json,8177,DELETE,delete,L1-L61 loop bulk
scratchpad/gauntlet/L52/simbatch_spelledge/replay_00JYPQQ8UCVL.json,11008,DELETE,delete,L1-L61 loop bulk
scratchpad/gauntlet/L52/simbatch_spelledge/replay_00JYPQQ9V8UY.json,11321,DELETE,delete,L1-L61 loop bulk
scratchpad/gauntlet/L52/simbatch_spelledge/replay_00JYPQYYV0JV.json,11932,DELETE,delete,L1-L61 loop bulk
scratchpad/gauntlet/L52/simbatch_spelledge/replay_00LYPLCUGYJ2.json,12864,DELETE,delete,L1-L61 loop bulk
scratchpad/gauntlet/L52/simbatch_spelledge/replay_00LYPLCV08L9.json,12161,DELETE,delete,L1-L61 loop bulk
scratchpad/gauntlet/L52/simbatch_spelledge/replay_00LYPLCV92L0.json,10309,DELETE,delete,L1-L61 loop bulk
scratchpad/gauntlet/L52/simbatch_spelledge/replay_00LYPLCVPJR9.json,11789,DELETE,delete,L1-L61 loop bulk
scratchpad/gauntlet/L52/simbatch_spelledge/replay_00LYPLCVQRVY.json,26794,DELETE,delete,L1-L61 loop bulk
scratchpad/gauntlet/L52/simbatch_spelledge/replay_00LYPLCVRCCV.json,21283,DELETE,delete,L1-L61 loop bulk
scratchpad/gauntlet/L52/simbatch_spelledge/replay_00LYPLJLC80L.json,12833,DELETE,delete,L1-L61 loop bulk
scratchpad/gauntlet/L52/simbatch_spelledge/replay_00LYPLJLQ80J.json,5382,DELETE,delete,L1-L61 loop bulk
scratchpad/gauntlet/L52/simbatch_spelledge/replay_00LYPLJLRJ00.json,4408,DELETE,delete,L1-L61 loop bulk
scratchpad/gauntlet/L52/simbatch_spelledge/replay_00LYPLJLYQCR.json,3594,DELETE,delete,L1-L61 loop bulk
scratchpad/gauntlet/L52/simbatch_spelledge/replay_00LYPLR0C8GJ.json,14199,DELETE,delete,L1-L61 loop bulk
scratchpad/gauntlet/L52/simbatch_spelledge/replay_00LYPLR200VU.json,11261,DELETE,delete,L1-L61 loop bulk
scratchpad/gauntlet/L52/simbatch_spelledge/replay_00LYPLR222YQ.json,4404,DELETE,delete,L1-L61 loop bulk
scratchpad/gauntlet/L52/simbatch_spelledge/replay_00LYPLU8C8JP.json,6701,DELETE,delete,L1-L61 loop bulk
scratchpad/gauntlet/L52/simbatch_spelledge/replay_00LYPLU8VV0C.json,19192,DELETE,delete,L1-L61 loop bulk
scratchpad/gauntlet/L52/simbatch_spelledge/replay_00LYPLU8YQVQ.json,17490,DELETE,delete,L1-L61 loop bulk
scratchpad/gauntlet/L52/simbatch_spelledge/replay_00LYPQ28JL8Q.json,20541,DELETE,delete,L1-L61 loop bulk
scratchpad/gauntlet/L52/simbatch_spelledge/replay_00LYPQ28PU22.json,11862,DELETE,delete,L1-L61 loop bulk
scratchpad/gauntlet/L52/simbatch_spelledge/replay_00LYPQ2909YG.json,15825,DELETE,delete,L1-L61 loop bulk
scratchpad/gauntlet/L52/simbatch_spelledge/replay_00LYPQ8LGYP2.json,11559,DELETE,delete,L1-L61 loop bulk
scratchpad/gauntlet/L52/simbatch_spelledge/replay_00UYPL92ULUL.json,12964,DELETE,delete,L1-L61 loop bulk
scratchpad/gauntlet/L52/simbatch_spelledge/replay_00UYPL99P28R.json,3995,DELETE,delete,L1-L61 loop bulk
scratchpad/gauntlet/L52/simbatch_spelledge/replay_00UYPL99PV2P.json,5207,DELETE,delete,L1-L61 loop bulk
scratchpad/gauntlet/L52/simbatch_spelledge/replay_00UYPL99UQCG.json,14546,DELETE,delete,L1-L61 loop bulk
scratchpad/gauntlet/L52/simbatch_spelledge/replay_00UYPL9P0VQL.json,12749,DELETE,delete,L1-L61 loop bulk
scratchpad/gauntlet/L52/simbatch_spelledge/replay_00UYPLL0RLRQ.json,12537,DELETE,delete,L1-L61 loop bulk
scratchpad/gauntlet/L52/simbatch_spelledge/replay_00UYPLLCLCJQ.json,12483,DELETE,delete,L1-L61 loop bulk
scratchpad/gauntlet/L52/simbatch_spelledge/replay_00UYPLLGUP02.json,12016,DELETE,delete,L1-L61 loop bulk
scratchpad/gauntlet/L52/simbatch_spelledge/replay_00UYPLLGYCQ2.json,11833,DELETE,delete,L1-L61 loop bulk
scratchpad/gauntlet/L52/simbatch_spelledge/replay_00UYPLLR2JVJ.json,17219,DELETE,delete,L1-L61 loop bulk
scratchpad/gauntlet/L52/simbatch_spelledge/replay_00UYPLLU0C0L.json,7298,DELETE,delete,L1-L61 loop bulk
scratchpad/gauntlet/L52/simbatch_spelledge/replay_00UYPLLU8LYV.json,10638,DELETE,delete,L1-L61 loop bulk
scratchpad/gauntlet/L52/simbatch_spelledge/replay_00UYPLLURY2U.json,10212,DELETE,delete,L1-L61 loop bulk
scratchpad/gauntlet/L52/simbatch_spelledge/replay_00VYPLPJGYLY.json,12954,DELETE,delete,L1-L61 loop bulk
scratchpad/gauntlet/L52/simbatch_spelledge/replay_00VYPLPJLC88.json,10300,DELETE,delete,L1-L61 loop bulk
scratchpad/gauntlet/L52/simbatch_spelledge/replay_00VYPLPJRYRY.json,13751,DELETE,delete,L1-L61 loop bulk
scratchpad/gauntlet/L52/simbatch_spelledge/replay_020YPYL2LVU9.json,16108,DELETE,delete,L1-L61 loop bulk
scratchpad/gauntlet/L52/simbatch_spelledge/replay_020YPYL80RJY.json,11071,DELETE,delete,L1-L61 loop bulk
scratchpad/gauntlet/L52/simbatch_spelledge/replay_020YPYL89Y8Y.json,11673,DELETE,delete,L1-L61 loop bulk
scratchpad/gauntlet/L52/simbatch_spelledge/replay_020YPYL9CYUL.json,10990,DELETE,delete,L1-L61 loop bulk
scratchpad/gauntlet/L52/simbatch_spelledge/replay_020YPYL9R08C.json,5815,DELETE,delete,L1-L61 loop bulk
scratchpad/gauntlet/L52/simbatch_spelledge/replay_020YPYL9VC0C.json,16823,DELETE,delete,L1-L61 loop bulk
scratchpad/gauntlet/L52/simbatch_spelledge/replay_020YPYLLQUV0.json,11128,DELETE,delete,L1-L61 loop bulk
scratchpad/gauntlet/L52/simbatch_spelledge/replay_020YPYLP8YR0.json,11439,DELETE,delete,L1-L61 loop bulk
scratchpad/gauntlet/L52/simbatch_spelledge/replay_020YPYLPPCPQ.json,8093,DELETE,delete,L1-L61 loop bulk
scratchpad/gauntlet/L52/simbatch_spelledge/replay_020YPYLY29LP.json,11421,DELETE,delete,L1-L61 loop bulk
scratchpad/gauntlet/L52/simbatch_spelledge/replay_020YPYP8J9PV.json,14153,DELETE,delete,L1-L61 loop bulk
scratchpad/gauntlet/L52/simbatch_spelledge/replay_020YPYQ0RRY0.json,4396,DELETE,delete,L1-L61 loop bulk
scratchpad/gauntlet/L52/simbatch_spelledge/replay_020YPYQ22GY2.json,11014,DELETE,delete,L1-L61 loop bulk
scratchpad/gauntlet/L52/simbatch_spelledge/replay_020YPYYQG22L.json,2499,DELETE,delete,L1-L61 loop bulk
scratchpad/gauntlet/L52/simbatch_spelledge/replay_020YPYYQQ8V8.json,13840,DELETE,delete,L1-L61 loop bulk
scratchpad/gauntlet/L52/simbatch_spelledge/replay_020YPYYR8Q0P.json,12058,DELETE,delete,L1-L61 loop bulk
scratchpad/gauntlet/L52/simbatch_spelledge/replay_020YPYYVJR0V.json,4390,DELETE,delete,L1-L61 loop bulk
scratchpad/gauntlet/L52/simbatch_spelledge/replay_022YYL8R2GG0.json,4992,DELETE,delete,L1-L61 loop bulk
scratchpad/gauntlet/L52/simbatch_spelledge/replay_022YYL8YCYC8.json,25379,DELETE,delete,L1-L61 loop bulk
scratchpad/gauntlet/L52/simbatch_spelledge/replay_022YYLUUPYYV.json,12115,DELETE,delete,L1-L61 loop bulk
scratchpad/gauntlet/L52/simbatch_spelledge/replay_022YYLV98PVR.json,11891,DELETE,delete,L1-L61 loop bulk
scratchpad/gauntlet/L52/simbatch_spelledge/replay_022YYLV9QLQJ.json,12302,DELETE,delete,L1-L61 loop bulk
scratchpad/gauntlet/L52/simbatch_spelledge/replay_022YYLV9V90G.json,11796,DELETE,delete,L1-L61 loop bulk
scratchpad/gauntlet/L52/simbatch_spelledge/replay_022YYLV9YVJL.json,25552,DELETE,delete,L1-L61 loop bulk
scratchpad/gauntlet/L52/simbatch_spelledge/replay_022YYQ0RPYY2.json,12068,DELETE,delete,L1-L61 loop bulk
scratchpad/gauntlet/L52/simbatch_spelledge/replay_022YYQ22298V.json,10771,DELETE,delete,L1-L61 loop bulk
scratchpad/gauntlet/L52/simbatch_spelledge/replay_022YYQ2G0LPV.json,10249,DELETE,delete,L1-L61 loop bulk
scratchpad/gauntlet/L52/simbatch_spelledge/replay_022YYQ2QJRPV.json,7503,DELETE,delete,L1-L61 loop bulk
scratchpad/gauntlet/L52/simbatch_spelledge/replay_022YYQ92909Q.json,10143,DELETE,delete,L1-L61 loop bulk
scratchpad/gauntlet/L52/simbatch_spelledge/replay_022YYQL2QLUV.json,13779,DELETE,delete,L1-L61 loop bulk
scratchpad/gauntlet/L52/simbatch_spelledge/replay_022YYQL828PQ.json,7571,DELETE,delete,L1-L61 loop bulk
scratchpad/gauntlet/L52/simbatch_spelledge/replay_022YYQYV2C2J.json,10969,DELETE,delete,L1-L61 loop bulk
scratchpad/gauntlet/L52/simbatch_spelledge/replay_022YYQYV9Y2R.json,14086,DELETE,delete,L1-L61 loop bulk
scratchpad/gauntlet/L52/simbatch_spelledge/replay_022YYYUC8VUJ.json,22638,DELETE,delete,L1-L61 loop bulk
scratchpad/gauntlet/L52/simbatch_spelledge/replay_022YYYUCQR2V.json,12477,DELETE,delete,L1-L61 loop bulk
scratchpad/gauntlet/L52/simbatch_spelledge/replay_022YYYUCR9VJ.json,10564,DELETE,delete,L1-L61 loop bulk
scratchpad/gauntlet/L52/simbatch_spelledge/replay_022YYYUCVPR9.json,13531,DELETE,delete,L1-L61 loop bulk
scratchpad/gauntlet/L52/simbatch_spelledge/replay_022YYYUU9LPG.json,20571,DELETE,delete,L1-L61 loop bulk
scratchpad/gauntlet/L52/simbatch_spelledge/replay_022YYYUUQGGJ.json,10359,DELETE,delete,L1-L61 loop bulk
scratchpad/gauntlet/L52/simbatch_spelledge/replay_022YYYUVGPUU.json,10721,DELETE,delete,L1-L61 loop bulk
scratchpad/gauntlet/L52/simbatch_spelledge/replay_022YYYVURLCJ.json,10594,DELETE,delete,L1-L61 loop bulk
scratchpad/gauntlet/L52/simbatch_spelledge/replay_02GY9GJCR9P0.json,10858,DELETE,delete,L1-L61 loop bulk
scratchpad/gauntlet/L52/simbatch_spelledge/replay_02GY9GJGYJUV.json,4985,DELETE,delete,L1-L61 loop bulk
scratchpad/gauntlet/L52/simbatch_spelledge/replay_02GY9GJJLR9Q.json,11664,DELETE,delete,L1-L61 loop bulk
scratchpad/gauntlet/L52/simbatch_spelledge/replay_02GY9GJQU0UR.json,12920,DELETE,delete,L1-L61 loop bulk
scratchpad/gauntlet/L52/simbatch_spelledge/replay_02GY9GJRPQ89.json,10683,DELETE,delete,L1-L61 loop bulk
scratchpad/gauntlet/L52/simbatch_spelledge/replay_02GY9GJRQG2Q.json,2998,DELETE,delete,L1-L61 loop bulk
scratchpad/gauntlet/L52/simbatch_spelledge/replay_02GY9GJURY8G.json,12498,DELETE,delete,L1-L61 loop bulk
scratchpad/gauntlet/L52/simbatch_spelledge/replay_02GY9GJV00GV.json,14854,DELETE,delete,L1-L61 loop bulk
scratchpad/gauntlet/L52/simbatch_spelledge/replay_02GY9GJV8CVG.json,25277,DELETE,delete,L1-L61 loop bulk
scratchpad/gauntlet/L52/simbatch_spelledge/replay_02GY9GJVQGCQ.json,8585,DELETE,delete,L1-L61 loop bulk
scratchpad/gauntlet/L52/simbatch_spelledge/replay_02GY9GJVUP00.json,11839,DELETE,delete,L1-L61 loop bulk
scratchpad/gauntlet/L52/simbatch_spelledge/replay_02GY9GR902G8.json,8631,DELETE,delete,L1-L61 loop bulk
scratchpad/gauntlet/L52/simbatch_spelledge/replay_02JY9G00V9CJ.json,7228,DELETE,delete,L1-L61 loop bulk
scratchpad/gauntlet/L52/simbatch_spelledge/replay_02JY9G020C2U.json,8380,DELETE,delete,L1-L61 loop bulk
scratchpad/gauntlet/L52/simbatch_spelledge/replay_02JY9G02LR0U.json,11200,DELETE,delete,L1-L61 loop bulk
scratchpad/gauntlet/L52/simbatch_spelledge/replay_02JY9G02UJL2.json,12096,DELETE,delete,L1-L61 loop bulk
scratchpad/gauntlet/L52/simbatch_spelledge/replay_02JY9G082QC2.json,7275,DELETE,delete,L1-L61 loop bulk
scratchpad/gauntlet/L52/simbatch_spelledge/replay_02JY9G08C0JV.json,13575,DELETE,delete,L1-L61 loop bulk
scratchpad/gauntlet/L52/simbatch_spelledge/replay_02JY9G08YCQG.json,13058,DELETE,delete,L1-L61 loop bulk
scratchpad/gauntlet/L52/simbatch_spelledge/replay_02JY9G090029.json,11552,DELETE,delete,L1-L61 loop bulk
scratchpad/gauntlet/L52/simbatch_spelledge/replay_02JY9G8LJPJV.json,12637,DELETE,delete,L1-L61 loop bulk
scratchpad/gauntlet/L52/simbatch_spelledge/replay_02JY9G99CGPC.json,11954,DELETE,delete,L1-L61 loop bulk
scratchpad/gauntlet/L52/simbatch_spelledge/replay_02JY9G99LY0L.json,10882,DELETE,delete,L1-L61 loop bulk
scratchpad/gauntlet/L52/simbatch_spelledge/replay_02JY9G99RPRU.json,18435,DELETE,delete,L1-L61 loop bulk
scratchpad/gauntlet/L52/simbatch_spelledge/replay_02JY9G9PP92L.json,26320,DELETE,delete,L1-L61 loop bulk
scratchpad/gauntlet/L52/simbatch_spelledge/replay_02JY9GL00Q0C.json,14289,DELETE,delete,L1-L61 loop bulk
scratchpad/gauntlet/L52/simbatch_spelledge/replay_02JY9GL09YJJ.json,14707,DELETE,delete,L1-L61 loop bulk
scratchpad/gauntlet/L52/simbatch_spelledge/replay_02JY9GL22CYR.json,10813,DELETE,delete,L1-L61 loop bulk
scratchpad/gauntlet/L52/simbatch_spelledge/replay_02JY9GL9VP9C.json,10667,DELETE,delete,L1-L61 loop bulk
scratchpad/gauntlet/L52/simbatch_spelledge/replay_02JY9GL9Y90C.json,19331,DELETE,delete,L1-L61 loop bulk
scratchpad/gauntlet/L52/simbatch_spelledge/replay_02JY9GPPVPPG.json,4879,DELETE,delete,L1-L61 loop bulk
scratchpad/gauntlet/L52/simbatch_spelledge/replay_02JY9GQY2VCU.json,11663,DELETE,delete,L1-L61 loop bulk
scratchpad/gauntlet/L52/simbatch_spelledge/replay_02JY9GQYCPCQ.json,11210,DELETE,delete,L1-L61 loop bulk
scratchpad/gauntlet/L52/simbatch_spelledge/replay_02JY9GQYLVLV.json,12327,DELETE,delete,L1-L61 loop bulk
scratchpad/gauntlet/L52/simbatch_spelledge/replay_02JY9GYLJC9Y.json,16537,DELETE,delete,L1-L61 loop bulk
scratchpad/gauntlet/L52/simbatch_spelledge/replay_02JY9GYQ0Q9G.json,13058,DELETE,delete,L1-L61 loop bulk
scratchpad/gauntlet/L52/simbatch_spelledge/replay_02JY9GYQ89QY.json,3289,DELETE,delete,L1-L61 loop bulk
scratchpad/gauntlet/L52/simbatch_spelledge/replay_02LY9LJV20Q9.json,19803,DELETE,delete,L1-L61 loop bulk
scratchpad/gauntlet/L52/simbatch_spelledge/replay_02LY9LJV8Q0C.json,21150,DELETE,delete,L1-L61 loop bulk
scratchpad/gauntlet/L52/simbatch_spelledge/replay_02QY9Q8VCCYQ.json,11409,DELETE,delete,L1-L61 loop bulk
scratchpad/gauntlet/L52/simbatch_spelledge/replay_02QY9Q8VGVGQ.json,13265,DELETE,delete,L1-L61 loop bulk
scratchpad/gauntlet/L52/simbatch_spelledge/replay_02QY9Q900RQL.json,11550,DELETE,delete,L1-L61 loop bulk
scratchpad/gauntlet/L52/simbatch_spelledge/replay_02QY9Q90JPCL.json,13583,DELETE,delete,L1-L61 loop bulk
scratchpad/gauntlet/L52/simbatch_spelledge/replay_02QY9Q90QQ9V.json,11937,DELETE,delete,L1-L61 loop bulk
scratchpad/gauntlet/L52/simbatch_spelledge/replay_02QY9Q90VQ02.json,9824,DELETE,delete,L1-L61 loop bulk
scratchpad/gauntlet/L52/simbatch_spelledge/replay_02QY9Q928Y8C.json,23716,DELETE,delete,L1-L61 loop bulk
scratchpad/gauntlet/L52/simbatch_spelledge/replay_02QY9Q92CGV0.json,5500,DELETE,delete,L1-L61 loop bulk
scratchpad/gauntlet/L52/simbatch_spelledge/replay_02QY9Q92QPGC.json,13509,DELETE,delete,L1-L61 loop bulk
scratchpad/gauntlet/L52/simbatch_spelledge/replay_02QY9Q980YV0.json,20480,DELETE,delete,L1-L61 loop bulk
scratchpad/gauntlet/L52/simbatch_spelledge/replay_02QY9Q98C0J8.json,4594,DELETE,delete,L1-L61 loop bulk
scratchpad/gauntlet/L52/simbatch_spelledge/replay_02QY9Q9L9CLL.json,10526,DELETE,delete,L1-L61 loop bulk
scratchpad/gauntlet/L52/simbatch_spelledge/replay_02QY9Q9LCCQQ.json,10653,DELETE,delete,L1-L61 loop bulk
scratchpad/gauntlet/L52/simbatch_spelledge/replay_02QY9Q9P0CRP.json,9018,DELETE,delete,L1-L61 loop bulk
scratchpad/gauntlet/L52/simbatch_spelledge/replay_02QY9Q9PCGCP.json,10638,DELETE,delete,L1-L61 loop bulk
scratchpad/gauntlet/L52/simbatch_spelledge/replay_02QY9Q9PY29C.json,22372,DELETE,delete,L1-L61 loop bulk
scratchpad/gauntlet/L52/simbatch_spelledge/replay_02QY9Q9YY089.json,10264,DELETE,delete,L1-L61 loop bulk
scratchpad/gauntlet/L52/simbatch_spelledge/replay_082Y8Q0CRU92.json,25012,DELETE,delete,L1-L61 loop bulk
scratchpad/gauntlet/L52/simbatch_spelledge/replay_088Y88LLCJRY.json,15052,DELETE,delete,L1-L61 loop bulk
scratchpad/gauntlet/L52/simbatch_spelledge/replay_088Y88LQYJ00.json,5420,DELETE,delete,L1-L61 loop bulk
scratchpad/gauntlet/L52/simbatch_spelledge/replay_08CPVR8P2JPV.json,13834,DELETE,delete,L1-L61 loop bulk
scratchpad/gauntlet/L52/simbatch_spelledge/replay_08CPVRQ9JCLR.json,11985,DELETE,delete,L1-L61 loop bulk
scratchpad/gauntlet/L52/simbatch_spelledge/replay_08CPVRQ9RQUY.json,6785,DELETE,delete,L1-L61 loop bulk
scratchpad/gauntlet/L52/simbatch_spelledge/replay_08CPVRQPJLPG.json,12401,DELETE,delete,L1-L61 loop bulk
scratchpad/gauntlet/L52/simbatch_spelledge/replay_08CPVRRCJY0J.json,5082,DELETE,delete,L1-L61 loop bulk
scratchpad/gauntlet/L52/simbatch_spelledge/replay_08CPVRRCV922.json,10603,DELETE,delete,L1-L61 loop bulk
scratchpad/gauntlet/L52/simbatch_spelledge/replay_08CPVRRJ9C2L.json,12555,DELETE,delete,L1-L61 loop bulk
scratchpad/gauntlet/L52/simbatch_spelledge/replay_08CPVRRR8PYC.json,12177,DELETE,delete,L1-L61 loop bulk
scratchpad/gauntlet/L52/simbatch_spelledge/replay_08CPVRRRC0P8.json,10842,DELETE,delete,L1-L61 loop bulk
scratchpad/gauntlet/L52/simbatch_spelledge/replay_08CPVRRU8VCQ.json,13450,DELETE,delete,L1-L61 loop bulk
scratchpad/gauntlet/L52/simbatch_spelledge/replay_08CPVRRUR90G.json,10549,DELETE,delete,L1-L61 loop bulk
scratchpad/gauntlet/L52/simbatch_spelledge/replay_08CPVRRUYG00.json,12725,DELETE,delete,L1-L61 loop bulk
scratchpad/gauntlet/L52/simbatch_spelledge/replay_08LY80VC29RV.json,16015,DELETE,delete,L1-L61 loop bulk
scratchpad/gauntlet/L52/simbatch_spelledge/replay_08PY88PC88QV.json,28617,DELETE,delete,L1-L61 loop bulk
scratchpad/gauntlet/L52/simbatch_spelledge/replay_08PY88PCQ9C2.json,12189,DELETE,delete,L1-L61 loop bulk
scratchpad/gauntlet/L52/simbatch_spelledge/replay_08PY88PCV0JQ.json,10103,DELETE,delete,L1-L61 loop bulk
scratchpad/gauntlet/L52/simbatch_spelledge/replay_08PY88PJYJUR.json,13298,DELETE,delete,L1-L61 loop bulk
scratchpad/gauntlet/L52/simbatch_spelledge/replay_08PY88PQV2YV.json,15162,DELETE,delete,L1-L61 loop bulk
scratchpad/gauntlet/L52/simbatch_spelledge/replay_08PY88PR0LJY.json,23663,DELETE,delete,L1-L61 loop bulk
scratchpad/gauntlet/L52/simbatch_spelledge/replay_08PY88PRLJCQ.json,11439,DELETE,delete,L1-L61 loop bulk
scratchpad/gauntlet/L52/simbatch_spelledge/replay_08PY88PRRPY2.json,5012,DELETE,delete,L1-L61 loop bulk
scratchpad/gauntlet/L52/simbatch_spelledge/replay_08PY88PUQVCU.json,10309,DELETE,delete,L1-L61 loop bulk
scratchpad/gauntlet/L52/simbatch_spelledge/replay_08PY88PUY9YP.json,9649,DELETE,delete,L1-L61 loop bulk
scratchpad/gauntlet/L52/simbatch_spelledge/replay_08QPVCPC2VCU.json,12670,DELETE,delete,L1-L61 loop bulk
scratchpad/gauntlet/L52/simbatch_spelledge/replay_08QPVCPC9QQU.json,4205,DELETE,delete,L1-L61 loop bulk
scratchpad/gauntlet/L52/simbatch_spelledge/replay_08QPVCPCG8L9.json,6614,DELETE,delete,L1-L61 loop bulk
scratchpad/gauntlet/L52/simbatch_spelledge/replay_08QPVCPCVGVJ.json,10756,DELETE,delete,L1-L61 loop bulk
scratchpad/gauntlet/L52/simbatch_spelledge/replay_08QPVCPCYU2U.json,15641,DELETE,delete,L1-L61 loop bulk
scratchpad/gauntlet/L52/simbatch_spelledge/replay_08QPVCPU28C0.json,10150,DELETE,delete,L1-L61 loop bulk
scratchpad/gauntlet/L52/simbatch_spelledge/replay_08QPVCPULY0V.json,18686,DELETE,delete,L1-L61 loop bulk
scratchpad/gauntlet/L52/simbatch_spelledge/replay_08YY892LJCG9.json,10255,DELETE,delete,L1-L61 loop bulk
scratchpad/gauntlet/L52/simbatch_spelledge/replay_08YY892P8Q98.json,11527,DELETE,delete,L1-L61 loop bulk
scratchpad/gauntlet/L52/simbatch_spelledge/replay_08YY892V8QUU.json,15960,DELETE,delete,L1-L61 loop bulk
scratchpad/gauntlet/L52/simbatch_spelledge/replay_08YY89822YRQ.json,12465,DELETE,delete,L1-L61 loop bulk
scratchpad/gauntlet/L52/simbatch_spelledge/replay_08YY8988C0QC.json,7487,DELETE,delete,L1-L61 loop bulk
scratchpad/gauntlet/L52/simbatch_spelledge/replay_08YY8988V9JL.json,21545,DELETE,delete,L1-L61 loop bulk
scratchpad/gauntlet/L52/simbatch_spelledge/replay_08YY8989P8J2.json,11034,DELETE,delete,L1-L61 loop bulk
scratchpad/gauntlet/L52/simbatch_spelledge/replay_08YY898L28JL.json,21956,DELETE,delete,L1-L61 loop bulk
scratchpad/gauntlet/L52/simbatch_spelledge/replay_08YY898L9JLC.json,9721,DELETE,delete,L1-L61 loop bulk
scratchpad/gauntlet/L52/simbatch_spelledge/replay_08YY898LQL9V.json,19343,DELETE,delete,L1-L61 loop bulk
scratchpad/gauntlet/L52/simbatch_spelledge/replay_08YY898LU88C.json,13135,DELETE,delete,L1-L61 loop bulk
scratchpad/gauntlet/L52/simbatch_spelledge/replay_08YY898LY8G8.json,13261,DELETE,delete,L1-L61 loop bulk
scratchpad/gauntlet/L52/simbatch_spelledge/replay_08YY898PPLJ9.json,4182,DELETE,delete,L1-L61 loop bulk
scratchpad/gauntlet/L52/simbatch_spelledge/replay_08YY898Q09RY.json,16891,DELETE,delete,L1-L61 loop bulk
scratchpad/gauntlet/L52/simbatch_spelledge/replay_08YY898QYRPP.json,11899,DELETE,delete,L1-L61 loop bulk
scratchpad/gauntlet/L52/simbatch_spelledge/replay_08YY898YJ8LY.json,12854,DELETE,delete,L1-L61 loop bulk
scratchpad/gauntlet/L52/simbatch_spelledge/replay_092PPVPCRCPC.json,12043,DELETE,delete,L1-L61 loop bulk
scratchpad/gauntlet/L52/simbatch_spelledge/replay_092PPVPCU9LL.json,14092,DELETE,delete,L1-L61 loop bulk
scratchpad/gauntlet/L52/simbatch_spelledge/replay_092PPVPU00LV.json,13574,DELETE,delete,L1-L61 loop bulk
scratchpad/gauntlet/L52/simbatch_spelledge/replay_092PPVPUY8PG.json,11927,DELETE,delete,L1-L61 loop bulk
scratchpad/gauntlet/L52/simbatch_spelledge/replay_092PPVPV8PRJ.json,13626,DELETE,delete,L1-L61 loop bulk
scratchpad/gauntlet/L52/simbatch_spelledge/replay_092PPVPVRCYP.json,11619,DELETE,delete,L1-L61 loop bulk
scratchpad/gauntlet/L52/simbatch_spelledge/replay_092PPVPVULCU.json,11787,DELETE,delete,L1-L61 loop bulk
scratchpad/gauntlet/L52/simbatch_spelledge/replay_092PPVY0J0J8.json,11324,DELETE,delete,L1-L61 loop bulk
scratchpad/gauntlet/L52/simbatch_spelledge/replay_092PPVY0Q0CR.json,10036,DELETE,delete,L1-L61 loop bulk
scratchpad/gauntlet/L52/simbatch_spelledge/replay_092PPVY29Q2V.json,11276,DELETE,delete,L1-L61 loop bulk
scratchpad/gauntlet/L52/simbatch_spelledge/replay_092PPVY2CGG8.json,6639,DELETE,delete,L1-L61 loop bulk
scratchpad/gauntlet/L52/simbatch_spelledge/replay_092PPVY2RCUL.json,11215,DELETE,delete,L1-L61 loop bulk
scratchpad/gauntlet/L52/simbatch_spelledge/replay_092PPVY8298U.json,9910,DELETE,delete,L1-L61 loop bulk
scratchpad/gauntlet/L52/simbatch_spelledge/replay_092PPVY899LL.json,11512,DELETE,delete,L1-L61 loop bulk
scratchpad/gauntlet/L52/simbatch_spelledge/replay_092PPVY8PV90.json,11425,DELETE,delete,L1-L61 loop bulk
scratchpad/gauntlet/L52/simbatch_spelledge/summary.jsonl,40760,DELETE,delete,L1-L61 loop bulk
scratchpad/gauntlet/L52/simbatch_spelledge.log,45505,DELETE,delete,L1-L61 loop bulk
scratchpad/gauntlet/L52/simrec/replay_00LYPLJLC80L.json,1707617,DELETE,delete,L1-L61 loop bulk
scratchpad/gauntlet/L52/simrec/replay_08CPVRRR8PYC.json,1937489,DELETE,delete,L1-L61 loop bulk
scratchpad/gauntlet/L52/simrec/summary.jsonl,387,DELETE,delete,L1-L61 loop bulk
scratchpad/gauntlet/L52/simrec_both/replay_00LYPLJLC80L.json,1301289,DELETE,delete,L1-L61 loop bulk
scratchpad/gauntlet/L52/simrec_both/replay_08CPVRRR8PYC.json,1467594,DELETE,delete,L1-L61 loop bulk
scratchpad/gauntlet/L52/simrec_both/summary.jsonl,386,DELETE,delete,L1-L61 loop bulk
scratchpad/gauntlet/L52/simrec_corner/replay_00LYPLJLC80L.json,1784310,DELETE,delete,L1-L61 loop bulk
scratchpad/gauntlet/L52/simrec_corner/replay_08CPVRRR8PYC.json,1940260,DELETE,delete,L1-L61 loop bulk
scratchpad/gauntlet/L52/simrec_corner/summary.jsonl,387,DELETE,delete,L1-L61 loop bulk
scratchpad/gauntlet/L52/simrec_fast3/replay_00LYPLJLYQCR.json,629880,DELETE,delete,L1-L61 loop bulk
scratchpad/gauntlet/L52/simrec_fast3/replay_08QPVCPC9QQU.json,510331,DELETE,delete,L1-L61 loop bulk
scratchpad/gauntlet/L52/simrec_fast3/summary.jsonl,386,DELETE,delete,L1-L61 loop bulk
scratchpad/gauntlet/L52/simrec_hidden/replay_00LYPLJLC80L.json,2035310,DELETE,delete,L1-L61 loop bulk
scratchpad/gauntlet/L52/simrec_hidden/replay_08CPVRRR8PYC.json,1937489,DELETE,delete,L1-L61 loop bulk
scratchpad/gauntlet/L52/simrec_hidden/summary.jsonl,385,DELETE,delete,L1-L61 loop bulk
scratchpad/gauntlet/L52/simrec_spelledge/replay_00LYPLJLC80L.json,1313461,DELETE,delete,L1-L61 loop bulk
scratchpad/gauntlet/L52/simrec_spelledge/replay_08CPVRRR8PYC.json,1902156,DELETE,delete,L1-L61 loop bulk
scratchpad/gauntlet/L52/simrec_spelledge/summary.jsonl,387,DELETE,delete,L1-L61 loop bulk
scratchpad/gauntlet/L52/tick_diff.py,7583,KEEP,keep,L<N> instrument/record (md/py/sh/ps1/yaml/npy)
scratchpad/gauntlet/L53/_commitmsg.txt,537,DELETE,delete,L1-L61 loop bulk
scratchpad/gauntlet/L53/_handoff_5cs23.md,6010,KEEP,keep,L<N> instrument/record (md/py/sh/ps1/yaml/npy)
scratchpad/gauntlet/L53/_log_L53.md,1161,KEEP,keep,L<N> instrument/record (md/py/sh/ps1/yaml/npy)
scratchpad/gauntlet/L53/simbatch_shadow/replay_000YLY0JCPGL.json,25899,DELETE,delete,L1-L61 loop bulk
scratchpad/gauntlet/L53/simbatch_shadow/replay_000YLY0PYYQY.json,8202,DELETE,delete,L1-L61 loop bulk
scratchpad/gauntlet/L53/simbatch_shadow/replay_000YLY2UCC8C.json,8688,DELETE,delete,L1-L61 loop bulk
scratchpad/gauntlet/L53/simbatch_shadow/replay_000YLY2ULYLR.json,4795,DELETE,delete,L1-L61 loop bulk
scratchpad/gauntlet/L53/simbatch_shadow/replay_000YLY2UVGRL.json,12423,DELETE,delete,L1-L61 loop bulk
scratchpad/gauntlet/L53/simbatch_shadow/replay_000YLY2VQ92P.json,9589,DELETE,delete,L1-L61 loop bulk
scratchpad/gauntlet/L53/simbatch_shadow/replay_002YLLLP2YRR.json,13062,DELETE,delete,L1-L61 loop bulk
scratchpad/gauntlet/L53/simbatch_shadow/replay_002YLLLP9JUR.json,12419,DELETE,delete,L1-L61 loop bulk
scratchpad/gauntlet/L53/simbatch_shadow/replay_00GYPYP0PCLR.json,11490,DELETE,delete,L1-L61 loop bulk
scratchpad/gauntlet/L53/simbatch_shadow/replay_00GYPYPRQCY8.json,11098,DELETE,delete,L1-L61 loop bulk
scratchpad/gauntlet/L53/simbatch_shadow/replay_00GYPYPYUQQY.json,8375,DELETE,delete,L1-L61 loop bulk
scratchpad/gauntlet/L53/simbatch_shadow/replay_00JYPQQ8UCVL.json,11008,DELETE,delete,L1-L61 loop bulk
scratchpad/gauntlet/L53/simbatch_shadow/replay_00JYPQQ9V8UY.json,11321,DELETE,delete,L1-L61 loop bulk
scratchpad/gauntlet/L53/simbatch_shadow/replay_00JYPQYYV0JV.json,11932,DELETE,delete,L1-L61 loop bulk
scratchpad/gauntlet/L53/simbatch_shadow/replay_00LYPLCUGYJ2.json,12864,DELETE,delete,L1-L61 loop bulk
scratchpad/gauntlet/L53/simbatch_shadow/replay_00LYPLCV08L9.json,12160,DELETE,delete,L1-L61 loop bulk
scratchpad/gauntlet/L53/simbatch_shadow/replay_00LYPLCV92L0.json,10309,DELETE,delete,L1-L61 loop bulk
scratchpad/gauntlet/L53/simbatch_shadow/replay_00LYPLCVPJR9.json,11789,DELETE,delete,L1-L61 loop bulk
scratchpad/gauntlet/L53/simbatch_shadow/replay_00LYPLCVQRVY.json,26791,DELETE,delete,L1-L61 loop bulk
scratchpad/gauntlet/L53/simbatch_shadow/replay_00LYPLCVRCCV.json,21284,DELETE,delete,L1-L61 loop bulk
scratchpad/gauntlet/L53/simbatch_shadow/replay_00LYPLJLC80L.json,17252,DELETE,delete,L1-L61 loop bulk
scratchpad/gauntlet/L53/simbatch_shadow/replay_00LYPLJLQ80J.json,5382,DELETE,delete,L1-L61 loop bulk
scratchpad/gauntlet/L53/simbatch_shadow/replay_00LYPLJLRJ00.json,4408,DELETE,delete,L1-L61 loop bulk
scratchpad/gauntlet/L53/simbatch_shadow/replay_00LYPLJLYQCR.json,10813,DELETE,delete,L1-L61 loop bulk
scratchpad/gauntlet/L53/simbatch_shadow/replay_00LYPLR0C8GJ.json,14199,DELETE,delete,L1-L61 loop bulk
scratchpad/gauntlet/L53/simbatch_shadow/replay_00LYPLR200VU.json,11261,DELETE,delete,L1-L61 loop bulk
scratchpad/gauntlet/L53/simbatch_shadow/replay_00LYPLR222YQ.json,4404,DELETE,delete,L1-L61 loop bulk
scratchpad/gauntlet/L53/simbatch_shadow/replay_00LYPLU8C8JP.json,6702,DELETE,delete,L1-L61 loop bulk
scratchpad/gauntlet/L53/simbatch_shadow/replay_00LYPLU8VV0C.json,18992,DELETE,delete,L1-L61 loop bulk
scratchpad/gauntlet/L53/simbatch_shadow/replay_00LYPLU8YQVQ.json,17490,DELETE,delete,L1-L61 loop bulk
scratchpad/gauntlet/L53/simbatch_shadow/replay_00LYPQ28JL8Q.json,22155,DELETE,delete,L1-L61 loop bulk
scratchpad/gauntlet/L53/simbatch_shadow/replay_00LYPQ28PU22.json,11864,DELETE,delete,L1-L61 loop bulk
scratchpad/gauntlet/L53/simbatch_shadow/replay_00LYPQ2909YG.json,15825,DELETE,delete,L1-L61 loop bulk
scratchpad/gauntlet/L53/simbatch_shadow/replay_00LYPQ8LGYP2.json,11559,DELETE,delete,L1-L61 loop bulk
scratchpad/gauntlet/L53/simbatch_shadow/replay_00UYPL92ULUL.json,12964,DELETE,delete,L1-L61 loop bulk
scratchpad/gauntlet/L53/simbatch_shadow/replay_00UYPL99P28R.json,3995,DELETE,delete,L1-L61 loop bulk
scratchpad/gauntlet/L53/simbatch_shadow/replay_00UYPL99PV2P.json,5207,DELETE,delete,L1-L61 loop bulk
scratchpad/gauntlet/L53/simbatch_shadow/replay_00UYPL99UQCG.json,14546,DELETE,delete,L1-L61 loop bulk
scratchpad/gauntlet/L53/simbatch_shadow/replay_00UYPL9P0VQL.json,12749,DELETE,delete,L1-L61 loop bulk
scratchpad/gauntlet/L53/simbatch_shadow/replay_00UYPLL0RLRQ.json,12536,DELETE,delete,L1-L61 loop bulk
scratchpad/gauntlet/L53/simbatch_shadow/replay_00UYPLLCLCJQ.json,12483,DELETE,delete,L1-L61 loop bulk
scratchpad/gauntlet/L53/simbatch_shadow/replay_00UYPLLGUP02.json,12016,DELETE,delete,L1-L61 loop bulk
scratchpad/gauntlet/L53/simbatch_shadow/replay_00UYPLLGYCQ2.json,11832,DELETE,delete,L1-L61 loop bulk
scratchpad/gauntlet/L53/simbatch_shadow/replay_00UYPLLR2JVJ.json,17219,DELETE,delete,L1-L61 loop bulk
scratchpad/gauntlet/L53/simbatch_shadow/replay_00UYPLLU0C0L.json,10014,DELETE,delete,L1-L61 loop bulk
scratchpad/gauntlet/L53/simbatch_shadow/replay_00UYPLLU8LYV.json,9018,DELETE,delete,L1-L61 loop bulk
scratchpad/gauntlet/L53/simbatch_shadow/replay_00UYPLLURY2U.json,10212,DELETE,delete,L1-L61 loop bulk
scratchpad/gauntlet/L53/simbatch_shadow/replay_00VYPLPJGYLY.json,12954,DELETE,delete,L1-L61 loop bulk
scratchpad/gauntlet/L53/simbatch_shadow/replay_00VYPLPJLC88.json,10301,DELETE,delete,L1-L61 loop bulk
scratchpad/gauntlet/L53/simbatch_shadow/replay_00VYPLPJRYRY.json,13751,DELETE,delete,L1-L61 loop bulk
scratchpad/gauntlet/L53/simbatch_shadow/replay_020YPYL2LVU9.json,16108,DELETE,delete,L1-L61 loop bulk
scratchpad/gauntlet/L53/simbatch_shadow/replay_020YPYL80RJY.json,11071,DELETE,delete,L1-L61 loop bulk
scratchpad/gauntlet/L53/simbatch_shadow/replay_020YPYL89Y8Y.json,11673,DELETE,delete,L1-L61 loop bulk
scratchpad/gauntlet/L53/simbatch_shadow/replay_020YPYL9CYUL.json,10991,DELETE,delete,L1-L61 loop bulk
scratchpad/gauntlet/L53/simbatch_shadow/replay_020YPYL9R08C.json,5815,DELETE,delete,L1-L61 loop bulk
scratchpad/gauntlet/L53/simbatch_shadow/replay_020YPYL9VC0C.json,16823,DELETE,delete,L1-L61 loop bulk
scratchpad/gauntlet/L53/simbatch_shadow/replay_020YPYLLQUV0.json,11128,DELETE,delete,L1-L61 loop bulk
scratchpad/gauntlet/L53/simbatch_shadow/replay_020YPYLP8YR0.json,11438,DELETE,delete,L1-L61 loop bulk
scratchpad/gauntlet/L53/simbatch_shadow/replay_020YPYLPPCPQ.json,14121,DELETE,delete,L1-L61 loop bulk
scratchpad/gauntlet/L53/simbatch_shadow/replay_020YPYLY29LP.json,11422,DELETE,delete,L1-L61 loop bulk
scratchpad/gauntlet/L53/simbatch_shadow/replay_020YPYP8J9PV.json,14153,DELETE,delete,L1-L61 loop bulk
scratchpad/gauntlet/L53/simbatch_shadow/replay_020YPYQ0RRY0.json,4396,DELETE,delete,L1-L61 loop bulk
scratchpad/gauntlet/L53/simbatch_shadow/replay_020YPYQ22GY2.json,11014,DELETE,delete,L1-L61 loop bulk
scratchpad/gauntlet/L53/simbatch_shadow/replay_020YPYYQG22L.json,2499,DELETE,delete,L1-L61 loop bulk
scratchpad/gauntlet/L53/simbatch_shadow/replay_020YPYYQQ8V8.json,13842,DELETE,delete,L1-L61 loop bulk
scratchpad/gauntlet/L53/simbatch_shadow/replay_020YPYYR8Q0P.json,12058,DELETE,delete,L1-L61 loop bulk
scratchpad/gauntlet/L53/simbatch_shadow/replay_020YPYYVJR0V.json,4196,DELETE,delete,L1-L61 loop bulk
scratchpad/gauntlet/L53/simbatch_shadow/replay_022YYL8R2GG0.json,4991,DELETE,delete,L1-L61 loop bulk
scratchpad/gauntlet/L53/simbatch_shadow/replay_022YYL8YCYC8.json,25379,DELETE,delete,L1-L61 loop bulk
scratchpad/gauntlet/L53/simbatch_shadow/replay_022YYLUUPYYV.json,12115,DELETE,delete,L1-L61 loop bulk
scratchpad/gauntlet/L53/simbatch_shadow/replay_022YYLV98PVR.json,11873,DELETE,delete,L1-L61 loop bulk
scratchpad/gauntlet/L53/simbatch_shadow/replay_022YYLV9QLQJ.json,12302,DELETE,delete,L1-L61 loop bulk
scratchpad/gauntlet/L53/simbatch_shadow/replay_022YYLV9V90G.json,11193,DELETE,delete,L1-L61 loop bulk
scratchpad/gauntlet/L53/simbatch_shadow/replay_022YYLV9YVJL.json,25552,DELETE,delete,L1-L61 loop bulk
scratchpad/gauntlet/L53/simbatch_shadow/replay_022YYQ0RPYY2.json,12068,DELETE,delete,L1-L61 loop bulk
scratchpad/gauntlet/L53/simbatch_shadow/replay_022YYQ22298V.json,10770,DELETE,delete,L1-L61 loop bulk
scratchpad/gauntlet/L53/simbatch_shadow/replay_022YYQ2G0LPV.json,10249,DELETE,delete,L1-L61 loop bulk
scratchpad/gauntlet/L53/simbatch_shadow/replay_022YYQ2QJRPV.json,7502,DELETE,delete,L1-L61 loop bulk
scratchpad/gauntlet/L53/simbatch_shadow/replay_022YYQ92909Q.json,10144,DELETE,delete,L1-L61 loop bulk
scratchpad/gauntlet/L53/simbatch_shadow/replay_022YYQL2QLUV.json,13779,DELETE,delete,L1-L61 loop bulk
scratchpad/gauntlet/L53/simbatch_shadow/replay_022YYQL828PQ.json,7572,DELETE,delete,L1-L61 loop bulk
scratchpad/gauntlet/L53/simbatch_shadow/replay_022YYQYV2C2J.json,11576,DELETE,delete,L1-L61 loop bulk
scratchpad/gauntlet/L53/simbatch_shadow/replay_022YYQYV9Y2R.json,14086,DELETE,delete,L1-L61 loop bulk
scratchpad/gauntlet/L53/simbatch_shadow/replay_022YYYUC8VUJ.json,19603,DELETE,delete,L1-L61 loop bulk
scratchpad/gauntlet/L53/simbatch_shadow/replay_022YYYUCQR2V.json,12477,DELETE,delete,L1-L61 loop bulk
scratchpad/gauntlet/L53/simbatch_shadow/replay_022YYYUCR9VJ.json,10564,DELETE,delete,L1-L61 loop bulk
scratchpad/gauntlet/L53/simbatch_shadow/replay_022YYYUCVPR9.json,13531,DELETE,delete,L1-L61 loop bulk
scratchpad/gauntlet/L53/simbatch_shadow/replay_022YYYUU9LPG.json,20770,DELETE,delete,L1-L61 loop bulk
scratchpad/gauntlet/L53/simbatch_shadow/replay_022YYYUUQGGJ.json,10355,DELETE,delete,L1-L61 loop bulk
scratchpad/gauntlet/L53/simbatch_shadow/replay_022YYYUVGPUU.json,10721,DELETE,delete,L1-L61 loop bulk
scratchpad/gauntlet/L53/simbatch_shadow/replay_022YYYVURLCJ.json,10594,DELETE,delete,L1-L61 loop bulk
scratchpad/gauntlet/L53/simbatch_shadow/replay_02GY9GJCR9P0.json,10858,DELETE,delete,L1-L61 loop bulk
scratchpad/gauntlet/L53/simbatch_shadow/replay_02GY9GJGYJUV.json,4985,DELETE,delete,L1-L61 loop bulk
scratchpad/gauntlet/L53/simbatch_shadow/replay_02GY9GJJLR9Q.json,11664,DELETE,delete,L1-L61 loop bulk
scratchpad/gauntlet/L53/simbatch_shadow/replay_02GY9GJQU0UR.json,12920,DELETE,delete,L1-L61 loop bulk
scratchpad/gauntlet/L53/simbatch_shadow/replay_02GY9GJRPQ89.json,10683,DELETE,delete,L1-L61 loop bulk
scratchpad/gauntlet/L53/simbatch_shadow/replay_02GY9GJRQG2Q.json,2998,DELETE,delete,L1-L61 loop bulk
scratchpad/gauntlet/L53/simbatch_shadow/replay_02GY9GJURY8G.json,11892,DELETE,delete,L1-L61 loop bulk
scratchpad/gauntlet/L53/simbatch_shadow/replay_02GY9GJV00GV.json,14854,DELETE,delete,L1-L61 loop bulk
scratchpad/gauntlet/L53/simbatch_shadow/replay_02GY9GJV8CVG.json,25277,DELETE,delete,L1-L61 loop bulk
scratchpad/gauntlet/L53/simbatch_shadow/replay_02GY9GJVQGCQ.json,8585,DELETE,delete,L1-L61 loop bulk
scratchpad/gauntlet/L53/simbatch_shadow/replay_02GY9GJVUP00.json,11840,DELETE,delete,L1-L61 loop bulk
scratchpad/gauntlet/L53/simbatch_shadow/replay_02GY9GR902G8.json,8229,DELETE,delete,L1-L61 loop bulk
scratchpad/gauntlet/L53/simbatch_shadow/replay_02JY9G00V9CJ.json,7227,DELETE,delete,L1-L61 loop bulk
scratchpad/gauntlet/L53/simbatch_shadow/replay_02JY9G020C2U.json,8380,DELETE,delete,L1-L61 loop bulk
scratchpad/gauntlet/L53/simbatch_shadow/replay_02JY9G02LR0U.json,11200,DELETE,delete,L1-L61 loop bulk
scratchpad/gauntlet/L53/simbatch_shadow/replay_02JY9G02UJL2.json,12098,DELETE,delete,L1-L61 loop bulk
scratchpad/gauntlet/L53/simbatch_shadow/replay_02JY9G082QC2.json,7275,DELETE,delete,L1-L61 loop bulk
scratchpad/gauntlet/L53/simbatch_shadow/replay_02JY9G08C0JV.json,10981,DELETE,delete,L1-L61 loop bulk
scratchpad/gauntlet/L53/simbatch_shadow/replay_02JY9G08YCQG.json,13058,DELETE,delete,L1-L61 loop bulk
scratchpad/gauntlet/L53/simbatch_shadow/replay_02JY9G090029.json,11552,DELETE,delete,L1-L61 loop bulk
scratchpad/gauntlet/L53/simbatch_shadow/replay_02JY9G8LJPJV.json,12636,DELETE,delete,L1-L61 loop bulk
scratchpad/gauntlet/L53/simbatch_shadow/replay_02JY9G99CGPC.json,11958,DELETE,delete,L1-L61 loop bulk
scratchpad/gauntlet/L53/simbatch_shadow/replay_02JY9G99LY0L.json,10881,DELETE,delete,L1-L61 loop bulk
scratchpad/gauntlet/L53/simbatch_shadow/replay_02JY9G99RPRU.json,18436,DELETE,delete,L1-L61 loop bulk
scratchpad/gauntlet/L53/simbatch_shadow/replay_02JY9G9PP92L.json,26319,DELETE,delete,L1-L61 loop bulk
scratchpad/gauntlet/L53/simbatch_shadow/replay_02JY9GL00Q0C.json,14289,DELETE,delete,L1-L61 loop bulk
scratchpad/gauntlet/L53/simbatch_shadow/replay_02JY9GL09YJJ.json,15511,DELETE,delete,L1-L61 loop bulk
scratchpad/gauntlet/L53/simbatch_shadow/replay_02JY9GL22CYR.json,10813,DELETE,delete,L1-L61 loop bulk
scratchpad/gauntlet/L53/simbatch_shadow/replay_02JY9GL9VP9C.json,6259,DELETE,delete,L1-L61 loop bulk
scratchpad/gauntlet/L53/simbatch_shadow/replay_02JY9GL9Y90C.json,11509,DELETE,delete,L1-L61 loop bulk
scratchpad/gauntlet/L53/simbatch_shadow/replay_02JY9GPPVPPG.json,4879,DELETE,delete,L1-L61 loop bulk
scratchpad/gauntlet/L53/simbatch_shadow/replay_02JY9GQY2VCU.json,11663,DELETE,delete,L1-L61 loop bulk
scratchpad/gauntlet/L53/simbatch_shadow/replay_02JY9GQYCPCQ.json,11210,DELETE,delete,L1-L61 loop bulk
scratchpad/gauntlet/L53/simbatch_shadow/replay_02JY9GQYLVLV.json,12327,DELETE,delete,L1-L61 loop bulk
scratchpad/gauntlet/L53/simbatch_shadow/replay_02JY9GYLJC9Y.json,16538,DELETE,delete,L1-L61 loop bulk
scratchpad/gauntlet/L53/simbatch_shadow/replay_02JY9GYQ0Q9G.json,13057,DELETE,delete,L1-L61 loop bulk
scratchpad/gauntlet/L53/simbatch_shadow/replay_02JY9GYQ89QY.json,3289,DELETE,delete,L1-L61 loop bulk
scratchpad/gauntlet/L53/simbatch_shadow/replay_02LY9LJV20Q9.json,19803,DELETE,delete,L1-L61 loop bulk
scratchpad/gauntlet/L53/simbatch_shadow/replay_02LY9LJV8Q0C.json,21150,DELETE,delete,L1-L61 loop bulk
scratchpad/gauntlet/L53/simbatch_shadow/replay_02QY9Q8VCCYQ.json,11409,DELETE,delete,L1-L61 loop bulk
scratchpad/gauntlet/L53/simbatch_shadow/replay_02QY9Q8VGVGQ.json,14486,DELETE,delete,L1-L61 loop bulk
scratchpad/gauntlet/L53/simbatch_shadow/replay_02QY9Q900RQL.json,11550,DELETE,delete,L1-L61 loop bulk
scratchpad/gauntlet/L53/simbatch_shadow/replay_02QY9Q90JPCL.json,10172,DELETE,delete,L1-L61 loop bulk
scratchpad/gauntlet/L53/simbatch_shadow/replay_02QY9Q90QQ9V.json,11937,DELETE,delete,L1-L61 loop bulk
scratchpad/gauntlet/L53/simbatch_shadow/replay_02QY9Q90VQ02.json,9216,DELETE,delete,L1-L61 loop bulk
scratchpad/gauntlet/L53/simbatch_shadow/replay_02QY9Q928Y8C.json,23716,DELETE,delete,L1-L61 loop bulk
scratchpad/gauntlet/L53/simbatch_shadow/replay_02QY9Q92CGV0.json,5500,DELETE,delete,L1-L61 loop bulk
scratchpad/gauntlet/L53/simbatch_shadow/replay_02QY9Q92QPGC.json,13509,DELETE,delete,L1-L61 loop bulk
scratchpad/gauntlet/L53/simbatch_shadow/replay_02QY9Q980YV0.json,20480,DELETE,delete,L1-L61 loop bulk
scratchpad/gauntlet/L53/simbatch_shadow/replay_02QY9Q98C0J8.json,4594,DELETE,delete,L1-L61 loop bulk
scratchpad/gauntlet/L53/simbatch_shadow/replay_02QY9Q9L9CLL.json,10525,DELETE,delete,L1-L61 loop bulk
scratchpad/gauntlet/L53/simbatch_shadow/replay_02QY9Q9LCCQQ.json,10660,DELETE,delete,L1-L61 loop bulk
scratchpad/gauntlet/L53/simbatch_shadow/replay_02QY9Q9P0CRP.json,9018,DELETE,delete,L1-L61 loop bulk
scratchpad/gauntlet/L53/simbatch_shadow/replay_02QY9Q9PCGCP.json,10634,DELETE,delete,L1-L61 loop bulk
scratchpad/gauntlet/L53/simbatch_shadow/replay_02QY9Q9PY29C.json,16461,DELETE,delete,L1-L61 loop bulk
scratchpad/gauntlet/L53/simbatch_shadow/replay_02QY9Q9YY089.json,10265,DELETE,delete,L1-L61 loop bulk
scratchpad/gauntlet/L53/simbatch_shadow/replay_082Y8Q0CRU92.json,25013,DELETE,delete,L1-L61 loop bulk
scratchpad/gauntlet/L53/simbatch_shadow/replay_088Y88LLCJRY.json,15052,DELETE,delete,L1-L61 loop bulk
scratchpad/gauntlet/L53/simbatch_shadow/replay_088Y88LQYJ00.json,5420,DELETE,delete,L1-L61 loop bulk
scratchpad/gauntlet/L53/simbatch_shadow/replay_08CPVR8P2JPV.json,13834,DELETE,delete,L1-L61 loop bulk
scratchpad/gauntlet/L53/simbatch_shadow/replay_08CPVRQ9JCLR.json,11777,DELETE,delete,L1-L61 loop bulk
scratchpad/gauntlet/L53/simbatch_shadow/replay_08CPVRQ9RQUY.json,6788,DELETE,delete,L1-L61 loop bulk
scratchpad/gauntlet/L53/simbatch_shadow/replay_08CPVRQPJLPG.json,12402,DELETE,delete,L1-L61 loop bulk
scratchpad/gauntlet/L53/simbatch_shadow/replay_08CPVRRCJY0J.json,5083,DELETE,delete,L1-L61 loop bulk
scratchpad/gauntlet/L53/simbatch_shadow/replay_08CPVRRCV922.json,10602,DELETE,delete,L1-L61 loop bulk
scratchpad/gauntlet/L53/simbatch_shadow/replay_08CPVRRJ9C2L.json,12554,DELETE,delete,L1-L61 loop bulk
scratchpad/gauntlet/L53/simbatch_shadow/replay_08CPVRRR8PYC.json,12178,DELETE,delete,L1-L61 loop bulk
scratchpad/gauntlet/L53/simbatch_shadow/replay_08CPVRRRC0P8.json,10843,DELETE,delete,L1-L61 loop bulk
scratchpad/gauntlet/L53/simbatch_shadow/replay_08CPVRRU8VCQ.json,13450,DELETE,delete,L1-L61 loop bulk
scratchpad/gauntlet/L53/simbatch_shadow/replay_08CPVRRUR90G.json,10548,DELETE,delete,L1-L61 loop bulk
scratchpad/gauntlet/L53/simbatch_shadow/replay_08CPVRRUYG00.json,12724,DELETE,delete,L1-L61 loop bulk
scratchpad/gauntlet/L53/simbatch_shadow/replay_08LY80VC29RV.json,16016,DELETE,delete,L1-L61 loop bulk
scratchpad/gauntlet/L53/simbatch_shadow/replay_08PY88PC88QV.json,14931,DELETE,delete,L1-L61 loop bulk
scratchpad/gauntlet/L53/simbatch_shadow/replay_08PY88PCQ9C2.json,12189,DELETE,delete,L1-L61 loop bulk
scratchpad/gauntlet/L53/simbatch_shadow/replay_08PY88PCV0JQ.json,8903,DELETE,delete,L1-L61 loop bulk
scratchpad/gauntlet/L53/simbatch_shadow/replay_08PY88PJYJUR.json,13298,DELETE,delete,L1-L61 loop bulk
scratchpad/gauntlet/L53/simbatch_shadow/replay_08PY88PQV2YV.json,15161,DELETE,delete,L1-L61 loop bulk
scratchpad/gauntlet/L53/simbatch_shadow/replay_08PY88PR0LJY.json,23663,DELETE,delete,L1-L61 loop bulk
scratchpad/gauntlet/L53/simbatch_shadow/replay_08PY88PRLJCQ.json,10833,DELETE,delete,L1-L61 loop bulk
scratchpad/gauntlet/L53/simbatch_shadow/replay_08PY88PRRPY2.json,5012,DELETE,delete,L1-L61 loop bulk
scratchpad/gauntlet/L53/simbatch_shadow/replay_08PY88PUQVCU.json,10309,DELETE,delete,L1-L61 loop bulk
scratchpad/gauntlet/L53/simbatch_shadow/replay_08PY88PUY9YP.json,9651,DELETE,delete,L1-L61 loop bulk
scratchpad/gauntlet/L53/simbatch_shadow/replay_08QPVCPC2VCU.json,12670,DELETE,delete,L1-L61 loop bulk
scratchpad/gauntlet/L53/simbatch_shadow/replay_08QPVCPC9QQU.json,4205,DELETE,delete,L1-L61 loop bulk
scratchpad/gauntlet/L53/simbatch_shadow/replay_08QPVCPCG8L9.json,6614,DELETE,delete,L1-L61 loop bulk
scratchpad/gauntlet/L53/simbatch_shadow/replay_08QPVCPCVGVJ.json,10755,DELETE,delete,L1-L61 loop bulk
scratchpad/gauntlet/L53/simbatch_shadow/replay_08QPVCPCYU2U.json,11714,DELETE,delete,L1-L61 loop bulk
scratchpad/gauntlet/L53/simbatch_shadow/replay_08QPVCPU28C0.json,10150,DELETE,delete,L1-L61 loop bulk
scratchpad/gauntlet/L53/simbatch_shadow/replay_08QPVCPULY0V.json,18686,DELETE,delete,L1-L61 loop bulk
scratchpad/gauntlet/L53/simbatch_shadow/replay_08YY892LJCG9.json,10255,DELETE,delete,L1-L61 loop bulk
scratchpad/gauntlet/L53/simbatch_shadow/replay_08YY892P8Q98.json,11528,DELETE,delete,L1-L61 loop bulk
scratchpad/gauntlet/L53/simbatch_shadow/replay_08YY892V8QUU.json,15960,DELETE,delete,L1-L61 loop bulk
scratchpad/gauntlet/L53/simbatch_shadow/replay_08YY89822YRQ.json,10440,DELETE,delete,L1-L61 loop bulk
scratchpad/gauntlet/L53/simbatch_shadow/replay_08YY8988C0QC.json,7487,DELETE,delete,L1-L61 loop bulk
scratchpad/gauntlet/L53/simbatch_shadow/replay_08YY8988V9JL.json,21545,DELETE,delete,L1-L61 loop bulk
scratchpad/gauntlet/L53/simbatch_shadow/replay_08YY8989P8J2.json,11033,DELETE,delete,L1-L61 loop bulk
scratchpad/gauntlet/L53/simbatch_shadow/replay_08YY898L28JL.json,21956,DELETE,delete,L1-L61 loop bulk
scratchpad/gauntlet/L53/simbatch_shadow/replay_08YY898L9JLC.json,9721,DELETE,delete,L1-L61 loop bulk
scratchpad/gauntlet/L53/simbatch_shadow/replay_08YY898LQL9V.json,19948,DELETE,delete,L1-L61 loop bulk
scratchpad/gauntlet/L53/simbatch_shadow/replay_08YY898LU88C.json,13135,DELETE,delete,L1-L61 loop bulk
scratchpad/gauntlet/L53/simbatch_shadow/replay_08YY898LY8G8.json,13262,DELETE,delete,L1-L61 loop bulk
scratchpad/gauntlet/L53/simbatch_shadow/replay_08YY898PPLJ9.json,14234,DELETE,delete,L1-L61 loop bulk
scratchpad/gauntlet/L53/simbatch_shadow/replay_08YY898Q09RY.json,16891,DELETE,delete,L1-L61 loop bulk
scratchpad/gauntlet/L53/simbatch_shadow/replay_08YY898QYRPP.json,11899,DELETE,delete,L1-L61 loop bulk
scratchpad/gauntlet/L53/simbatch_shadow/replay_08YY898YJ8LY.json,12855,DELETE,delete,L1-L61 loop bulk
scratchpad/gauntlet/L53/simbatch_shadow/replay_092PPVPCRCPC.json,12043,DELETE,delete,L1-L61 loop bulk
scratchpad/gauntlet/L53/simbatch_shadow/replay_092PPVPCU9LL.json,16709,DELETE,delete,L1-L61 loop bulk
scratchpad/gauntlet/L53/simbatch_shadow/replay_092PPVPU00LV.json,13574,DELETE,delete,L1-L61 loop bulk
scratchpad/gauntlet/L53/simbatch_shadow/replay_092PPVPUY8PG.json,11927,DELETE,delete,L1-L61 loop bulk
scratchpad/gauntlet/L53/simbatch_shadow/replay_092PPVPV8PRJ.json,12118,DELETE,delete,L1-L61 loop bulk
scratchpad/gauntlet/L53/simbatch_shadow/replay_092PPVPVRCYP.json,11619,DELETE,delete,L1-L61 loop bulk
scratchpad/gauntlet/L53/simbatch_shadow/replay_092PPVPVULCU.json,11787,DELETE,delete,L1-L61 loop bulk
scratchpad/gauntlet/L53/simbatch_shadow/replay_092PPVY0J0J8.json,11324,DELETE,delete,L1-L61 loop bulk
scratchpad/gauntlet/L53/simbatch_shadow/replay_092PPVY0Q0CR.json,10036,DELETE,delete,L1-L61 loop bulk
scratchpad/gauntlet/L53/simbatch_shadow/replay_092PPVY29Q2V.json,11276,DELETE,delete,L1-L61 loop bulk
scratchpad/gauntlet/L53/simbatch_shadow/replay_092PPVY2CGG8.json,8859,DELETE,delete,L1-L61 loop bulk
scratchpad/gauntlet/L53/simbatch_shadow/replay_092PPVY2RCUL.json,11215,DELETE,delete,L1-L61 loop bulk
scratchpad/gauntlet/L53/simbatch_shadow/replay_092PPVY8298U.json,9910,DELETE,delete,L1-L61 loop bulk
scratchpad/gauntlet/L53/simbatch_shadow/replay_092PPVY899LL.json,11513,DELETE,delete,L1-L61 loop bulk
scratchpad/gauntlet/L53/simbatch_shadow/replay_092PPVY8PV90.json,11425,DELETE,delete,L1-L61 loop bulk
scratchpad/gauntlet/L53/simbatch_shadow/summary.jsonl,40756,DELETE,delete,L1-L61 loop bulk
scratchpad/gauntlet/L53/simbatch_shadow.log,45501,DELETE,delete,L1-L61 loop bulk
scratchpad/gauntlet/L53/skarmy_probe.json,23675,DELETE,delete,L1-L61 loop bulk
scratchpad/gauntlet/L53/skarmy_probe.py,4293,KEEP,keep,L<N> instrument/record (md/py/sh/ps1/yaml/npy)
scratchpad/gauntlet/L53/skarmy_probe_shadow.json,8184,DELETE,delete,L1-L61 loop bulk
scratchpad/gauntlet/L54/_commitmsg.txt,452,DELETE,delete,L1-L61 loop bulk
scratchpad/gauntlet/L54/_handoff_5cs24.md,4479,KEEP,keep,L<N> instrument/record (md/py/sh/ps1/yaml/npy)
scratchpad/gauntlet/L54/_log_L54.md,764,KEEP,keep,L<N> instrument/record (md/py/sh/ps1/yaml/npy)
scratchpad/gauntlet/L54/ge6_c2r_m35k_s0.txt,1193,DELETE,delete,L1-L61 loop bulk
scratchpad/gauntlet/L54/ge6_c2r_m35k_s1.txt,1197,DELETE,delete,L1-L61 loop bulk
scratchpad/gauntlet/L54/ge6_c2r_m35k_s2.txt,1174,DELETE,delete,L1-L61 loop bulk
scratchpad/gauntlet/L54/ge6_c2r_m35k_s3.txt,1197,DELETE,delete,L1-L61 loop bulk
scratchpad/gauntlet/L54/ge6_c2r_m35k_s4.txt,1193,DELETE,delete,L1-L61 loop bulk
scratchpad/gauntlet/L54/ge6_c2r_m35k_s5.txt,1196,DELETE,delete,L1-L61 loop bulk
scratchpad/gauntlet/L55/_commitmsg.txt,609,DELETE,delete,L1-L61 loop bulk
scratchpad/gauntlet/L55/_handoff_5cs25.md,7939,KEEP,keep,L<N> instrument/record (md/py/sh/ps1/yaml/npy)
scratchpad/gauntlet/L55/_log_L55.md,1091,KEEP,keep,L<N> instrument/record (md/py/sh/ps1/yaml/npy)
scratchpad/gauntlet/L55/place_probe.py,5621,KEEP,keep,L<N> instrument/record (md/py/sh/ps1/yaml/npy)
scratchpad/gauntlet/L55/place_seeds12.txt,1712,DELETE,delete,L1-L61 loop bulk
scratchpad/gauntlet/L56/__pycache__/tesla_probe.cpython-313.pyc,19302,DELETE,delete,L1-L61 loop bulk
scratchpad/gauntlet/L56/_commitmsg.txt,591,DELETE,delete,L1-L61 loop bulk
scratchpad/gauntlet/L56/_handoff_5cs26.md,6132,KEEP,keep,L<N> instrument/record (md/py/sh/ps1/yaml/npy)
scratchpad/gauntlet/L56/_log_L56.md,1719,KEEP,keep,L<N> instrument/record (md/py/sh/ps1/yaml/npy)
scratchpad/gauntlet/L56/place_history.txt,2542,DELETE,delete,L1-L61 loop bulk
scratchpad/gauntlet/L56/tesla_probe.json,230426,DELETE,delete,L1-L61 loop bulk
scratchpad/gauntlet/L56/tesla_probe.py,8774,KEEP,keep,L<N> instrument/record (md/py/sh/ps1/yaml/npy)
scratchpad/gauntlet/L56/tesla_probe.txt,2263,DELETE,delete,L1-L61 loop bulk
scratchpad/gauntlet/L57/_commitmsg.txt,611,DELETE,delete,L1-L61 loop bulk
scratchpad/gauntlet/L57/_handoff_5cs27.md,6241,KEEP,keep,L<N> instrument/record (md/py/sh/ps1/yaml/npy)
scratchpad/gauntlet/L57/_log_L57.md,972,KEEP,keep,L<N> instrument/record (md/py/sh/ps1/yaml/npy)
scratchpad/gauntlet/L57/pro_tiles.txt,3256,DELETE,delete,L1-L61 loop bulk
scratchpad/gauntlet/L57/pull_vs_base.txt,1693,DELETE,delete,L1-L61 loop bulk
scratchpad/gauntlet/L57/tesla_probe_pull.json,228082,DELETE,delete,L1-L61 loop bulk
scratchpad/gauntlet/L57/tesla_probe_pull.py,1463,KEEP,keep,L<N> instrument/record (md/py/sh/ps1/yaml/npy)
scratchpad/gauntlet/L57/tesla_probe_pull.txt,2259,DELETE,delete,L1-L61 loop bulk
scratchpad/gauntlet/L58/__pycache__/_sim_view_HEAD.cpython-313.pyc,42946,DELETE,delete,L1-L61 loop bulk
scratchpad/gauntlet/L58/_bldg_frame.py,1553,KEEP,keep,L<N> instrument/record (md/py/sh/ps1/yaml/npy)
scratchpad/gauntlet/L58/_bowcheck.py,1597,KEEP,keep,L<N> instrument/record (md/py/sh/ps1/yaml/npy)
scratchpad/gauntlet/L58/_clip.py,2588,KEEP,keep,L<N> instrument/record (md/py/sh/ps1/yaml/npy)
scratchpad/gauntlet/L58/_handoff_5cs29.md,6271,KEEP,keep,L<N> instrument/record (md/py/sh/ps1/yaml/npy)
scratchpad/gauntlet/L58/_patch_simview.py,8483,KEEP,keep,L<N> instrument/record (md/py/sh/ps1/yaml/npy)
scratchpad/gauntlet/L58/_radii_cli.log,161,DELETE,delete,L1-L61 loop bulk
scratchpad/gauntlet/L58/_sim_view_HEAD.py,34417,KEEP,keep,L<N> instrument/record (md/py/sh/ps1/yaml/npy)
scratchpad/gauntlet/L58/_smoke.py,3772,KEEP,keep,L<N> instrument/record (md/py/sh/ps1/yaml/npy)
scratchpad/gauntlet/L58/_test_out.txt,2304,DELETE,delete,L1-L61 loop bulk
scratchpad/gauntlet/L58/BRIEF_gate.md,4097,KEEP,keep,L<N> instrument/record (md/py/sh/ps1/yaml/npy)
scratchpad/gauntlet/L58/BRIEF_impl_geometry.md,6765,KEEP,keep,L<N> instrument/record (md/py/sh/ps1/yaml/npy)
scratchpad/gauntlet/L58/gate.md,20348,KEEP,keep,L<N> instrument/record (md/py/sh/ps1/yaml/npy)
scratchpad/gauntlet/L58/gate_plays.csv,2672080,DELETE,delete,L1-L61 loop bulk
scratchpad/gauntlet/L58/gate_replay.py,11634,KEEP,keep,L<N> instrument/record (md/py/sh/ps1/yaml/npy)
scratchpad/gauntlet/L58/gate_summarise.py,6091,KEEP,keep,L<N> instrument/record (md/py/sh/ps1/yaml/npy)
scratchpad/gauntlet/L58/gate_summary.txt,52668,DELETE,delete,L1-L61 loop bulk
scratchpad/gauntlet/L58/gate_tesla_probe.csv,49884,DELETE,delete,L1-L61 loop bulk
scratchpad/gauntlet/L58/impl_geometry.md,17652,KEEP,keep,L<N> instrument/record (md/py/sh/ps1/yaml/npy)
scratchpad/gauntlet/L58/p1/_sum.log,52648,DELETE,delete,L1-L61 loop bulk
scratchpad/gauntlet/L58/p1/drive_summary.jsonl,17282,DELETE,delete,L1-L61 loop bulk
scratchpad/gauntlet/L58/p1/gate_plays.csv,2673531,DELETE,delete,L1-L61 loop bulk
scratchpad/gauntlet/L58/p1/gate_summary.txt,52648,DELETE,delete,L1-L61 loop bulk
scratchpad/gauntlet/L58/p1/gate_tesla_probe.csv,49884,DELETE,delete,L1-L61 loop bulk
scratchpad/gauntlet/L58/p1_run.log,1049,DELETE,delete,L1-L61 loop bulk
scratchpad/gauntlet/L58/p1_smoke/_sum.log,279,DELETE,delete,L1-L61 loop bulk
scratchpad/gauntlet/L58/p1_smoke/drive_summary.jsonl,1641,DELETE,delete,L1-L61 loop bulk
scratchpad/gauntlet/L58/p1_smoke/gate_plays.csv,222764,DELETE,delete,L1-L61 loop bulk
scratchpad/gauntlet/L58/p1_smoke/gate_tesla_probe.csv,4097,DELETE,delete,L1-L61 loop bulk
scratchpad/gauntlet/L58/p1b/_sum.log,52668,DELETE,delete,L1-L61 loop bulk
scratchpad/gauntlet/L58/p1b/drive_summary.jsonl,17282,DELETE,delete,L1-L61 loop bulk
scratchpad/gauntlet/L58/p1b/gate_plays.csv,2672080,DELETE,delete,L1-L61 loop bulk
scratchpad/gauntlet/L58/p1b/gate_summary.txt,52668,DELETE,delete,L1-L61 loop bulk
scratchpad/gauntlet/L58/p1b/gate_tesla_probe.csv,49884,DELETE,delete,L1-L61 loop bulk
scratchpad/gauntlet/L58/p1b_run.log,1048,DELETE,delete,L1-L61 loop bulk
scratchpad/gauntlet/L58/p2/policy_match_counts.csv,2152,DELETE,delete,L1-L61 loop bulk
scratchpad/gauntlet/L58/p2/policy_scores.csv,289999,DELETE,delete,L1-L61 loop bulk
scratchpad/gauntlet/L58/p2/policy_summary.txt,4107,DELETE,delete,L1-L61 loop bulk
scratchpad/gauntlet/L58/p2/probe.txt,3358,DELETE,delete,L1-L61 loop bulk
scratchpad/gauntlet/L58/p2/probe_pairs.npz,1041134,DELETE,delete,L1-L61 loop bulk
scratchpad/gauntlet/L58/p2_run.log,220,DELETE,delete,L1-L61 loop bulk
scratchpad/gauntlet/L58/p2_smoke/policy_match_counts.csv,153,DELETE,delete,L1-L61 loop bulk
scratchpad/gauntlet/L58/p2_smoke/policy_scores.csv,8484,DELETE,delete,L1-L61 loop bulk
scratchpad/gauntlet/L58/p2_smoke/policy_summary.txt,3531,DELETE,delete,L1-L61 loop bulk
scratchpad/gauntlet/L58/p2_smoke/probe_pairs.npz,14431,DELETE,delete,L1-L61 loop bulk
scratchpad/gauntlet/L58/p3_run.log,3358,DELETE,delete,L1-L61 loop bulk
scratchpad/gauntlet/L58/policy_probe.py,7669,KEEP,keep,L<N> instrument/record (md/py/sh/ps1/yaml/npy)
scratchpad/gauntlet/L58/policy_summarise.py,4208,KEEP,keep,L<N> instrument/record (md/py/sh/ps1/yaml/npy)
scratchpad/gauntlet/L58/probe.txt,3358,DELETE,delete,L1-L61 loop bulk
scratchpad/gauntlet/L58/probe_fit.py,4061,KEEP,keep,L<N> instrument/record (md/py/sh/ps1/yaml/npy)
scratchpad/gauntlet/L58/radii.mp4,23497062,DELETE,delete,L1-L61 loop bulk
scratchpad/gauntlet/L58/radii_10s.mp4,1407318,DELETE,delete,L1-L61 loop bulk
scratchpad/gauntlet/L58/radii_frame_1.png,124578,DELETE,delete,L1-L61 loop bulk
scratchpad/gauntlet/L58/radii_frame_2.png,135661,DELETE,delete,L1-L61 loop bulk
scratchpad/gauntlet/L58/radii_frame_3.png,138780,DELETE,delete,L1-L61 loop bulk
scratchpad/gauntlet/L58/radii_frame_building.png,141668,DELETE,delete,L1-L61 loop bulk
scratchpad/gauntlet/L59/__pycache__/arm_gates.cpython-313.pyc,10209,DELETE,delete,L1-L61 loop bulk
scratchpad/gauntlet/L59/_commit_5cs31.txt,514,DELETE,delete,L1-L61 loop bulk
scratchpad/gauntlet/L59/_commit_5cs32.txt,598,DELETE,delete,L1-L61 loop bulk
scratchpad/gauntlet/L59/_gate_report_armG_20260905_m10k.md,2815,KEEP,keep,L<N> instrument/record (md/py/sh/ps1/yaml/npy)
scratchpad/gauntlet/L59/_gate_report_armG_20260905_m5k.md,2905,KEEP,keep,L<N> instrument/record (md/py/sh/ps1/yaml/npy)
scratchpad/gauntlet/L59/_glog_L59.md,2009,KEEP,keep,L<N> instrument/record (md/py/sh/ps1/yaml/npy)
scratchpad/gauntlet/L59/_glog_L59b.md,1246,KEEP,keep,L<N> instrument/record (md/py/sh/ps1/yaml/npy)
scratchpad/gauntlet/L59/_glog_L59c.md,1132,KEEP,keep,L<N> instrument/record (md/py/sh/ps1/yaml/npy)
scratchpad/gauntlet/L59/_handoff_5cs30.md,9883,KEEP,keep,L<N> instrument/record (md/py/sh/ps1/yaml/npy)
scratchpad/gauntlet/L59/_handoff_5cs31.md,7299,KEEP,keep,L<N> instrument/record (md/py/sh/ps1/yaml/npy)
scratchpad/gauntlet/L59/_handoff_5cs32.md,7263,KEEP,keep,L<N> instrument/record (md/py/sh/ps1/yaml/npy)
scratchpad/gauntlet/L59/_head/icebow/src/clashrl/__init__.py,92,KEEP,keep,L<N> instrument/record (md/py/sh/ps1/yaml/npy)
scratchpad/gauntlet/L59/_head/icebow/src/clashrl/__main__.py,65,KEEP,keep,L<N> instrument/record (md/py/sh/ps1/yaml/npy)
scratchpad/gauntlet/L59/_head/icebow/src/clashrl/__pycache__/__init__.cpython-313.pyc,280,DELETE,delete,L1-L61 loop bulk
scratchpad/gauntlet/L59/_head/icebow/src/clashrl/__pycache__/actions.cpython-313.pyc,23922,DELETE,delete,L1-L61 loop bulk
scratchpad/gauntlet/L59/_head/icebow/src/clashrl/__pycache__/card_threat.cpython-313.pyc,27932,DELETE,delete,L1-L61 loop bulk
scratchpad/gauntlet/L59/_head/icebow/src/clashrl/__pycache__/cards.cpython-313.pyc,37176,DELETE,delete,L1-L61 loop bulk
scratchpad/gauntlet/L59/_head/icebow/src/clashrl/__pycache__/config.cpython-313.pyc,2439,DELETE,delete,L1-L61 loop bulk
scratchpad/gauntlet/L59/_head/icebow/src/clashrl/__pycache__/cycle.cpython-313.pyc,7190,DELETE,delete,L1-L61 loop bulk
scratchpad/gauntlet/L59/_head/icebow/src/clashrl/__pycache__/detect_obs.cpython-313.pyc,26494,DELETE,delete,L1-L61 loop bulk
scratchpad/gauntlet/L59/_head/icebow/src/clashrl/__pycache__/interactions.cpython-313.pyc,13276,DELETE,delete,L1-L61 loop bulk
scratchpad/gauntlet/L59/_head/icebow/src/clashrl/__pycache__/levels.cpython-313.pyc,7348,DELETE,delete,L1-L61 loop bulk
scratchpad/gauntlet/L59/_head/icebow/src/clashrl/__pycache__/replay_mine.cpython-313.pyc,55877,DELETE,delete,L1-L61 loop bulk
scratchpad/gauntlet/L59/_head/icebow/src/clashrl/__pycache__/reward.cpython-313.pyc,50500,DELETE,delete,L1-L61 loop bulk
scratchpad/gauntlet/L59/_head/icebow/src/clashrl/__pycache__/reward_stats.cpython-313.pyc,9178,DELETE,delete,L1-L61 loop bulk
scratchpad/gauntlet/L59/_head/icebow/src/clashrl/__pycache__/threat_value.cpython-313.pyc,24917,DELETE,delete,L1-L61 loop bulk
scratchpad/gauntlet/L59/_head/icebow/src/clashrl/actions.py,23780,KEEP,keep,L<N> instrument/record (md/py/sh/ps1/yaml/npy)
scratchpad/gauntlet/L59/_head/icebow/src/clashrl/analyze.py,9265,KEEP,keep,L<N> instrument/record (md/py/sh/ps1/yaml/npy)
scratchpad/gauntlet/L59/_head/icebow/src/clashrl/calibrate.py,14137,KEEP,keep,L<N> instrument/record (md/py/sh/ps1/yaml/npy)
scratchpad/gauntlet/L59/_head/icebow/src/clashrl/capture.py,7376,KEEP,keep,L<N> instrument/record (md/py/sh/ps1/yaml/npy)
scratchpad/gauntlet/L59/_head/icebow/src/clashrl/card_art.py,4869,KEEP,keep,L<N> instrument/record (md/py/sh/ps1/yaml/npy)
scratchpad/gauntlet/L59/_head/icebow/src/clashrl/card_import.py,47143,KEEP,keep,L<N> instrument/record (md/py/sh/ps1/yaml/npy)
scratchpad/gauntlet/L59/_head/icebow/src/clashrl/card_threat.py,29463,KEEP,keep,L<N> instrument/record (md/py/sh/ps1/yaml/npy)
scratchpad/gauntlet/L59/_head/icebow/src/clashrl/cards.py,35129,KEEP,keep,L<N> instrument/record (md/py/sh/ps1/yaml/npy)
scratchpad/gauntlet/L59/_head/icebow/src/clashrl/cli.py,69828,KEEP,keep,L<N> instrument/record (md/py/sh/ps1/yaml/npy)
scratchpad/gauntlet/L59/_head/icebow/src/clashrl/clock.py,8120,KEEP,keep,L<N> instrument/record (md/py/sh/ps1/yaml/npy)
scratchpad/gauntlet/L59/_head/icebow/src/clashrl/config.py,1388,KEEP,keep,L<N> instrument/record (md/py/sh/ps1/yaml/npy)
scratchpad/gauntlet/L59/_head/icebow/src/clashrl/config_edit.py,32602,KEEP,keep,L<N> instrument/record (md/py/sh/ps1/yaml/npy)
scratchpad/gauntlet/L59/_head/icebow/src/clashrl/controller.py,5067,KEEP,keep,L<N> instrument/record (md/py/sh/ps1/yaml/npy)
scratchpad/gauntlet/L59/_head/icebow/src/clashrl/counters.py,6381,KEEP,keep,L<N> instrument/record (md/py/sh/ps1/yaml/npy)
scratchpad/gauntlet/L59/_head/icebow/src/clashrl/cr_web.py,9333,KEEP,keep,L<N> instrument/record (md/py/sh/ps1/yaml/npy)
scratchpad/gauntlet/L59/_head/icebow/src/clashrl/cycle.py,5989,KEEP,keep,L<N> instrument/record (md/py/sh/ps1/yaml/npy)
scratchpad/gauntlet/L59/_head/icebow/src/clashrl/deck_detect.py,15147,KEEP,keep,L<N> instrument/record (md/py/sh/ps1/yaml/npy)
scratchpad/gauntlet/L59/_head/icebow/src/clashrl/deck_import.py,14540,KEEP,keep,L<N> instrument/record (md/py/sh/ps1/yaml/npy)
scratchpad/gauntlet/L59/_head/icebow/src/clashrl/detect.py,75031,KEEP,keep,L<N> instrument/record (md/py/sh/ps1/yaml/npy)
scratchpad/gauntlet/L59/_head/icebow/src/clashrl/detect_eval.py,13097,KEEP,keep,L<N> instrument/record (md/py/sh/ps1/yaml/npy)
scratchpad/gauntlet/L59/_head/icebow/src/clashrl/detect_obs.py,20885,KEEP,keep,L<N> instrument/record (md/py/sh/ps1/yaml/npy)
scratchpad/gauntlet/L59/_head/icebow/src/clashrl/diagnose.py,4612,KEEP,keep,L<N> instrument/record (md/py/sh/ps1/yaml/npy)
scratchpad/gauntlet/L59/_head/icebow/src/clashrl/env.py,159626,KEEP,keep,L<N> instrument/record (md/py/sh/ps1/yaml/npy)
scratchpad/gauntlet/L59/_head/icebow/src/clashrl/geometry_reward.py,32736,KEEP,keep,L<N> instrument/record (md/py/sh/ps1/yaml/npy)
scratchpad/gauntlet/L59/_head/icebow/src/clashrl/hand_templates.py,7243,KEEP,keep,L<N> instrument/record (md/py/sh/ps1/yaml/npy)
scratchpad/gauntlet/L59/_head/icebow/src/clashrl/hardware.py,6955,KEEP,keep,L<N> instrument/record (md/py/sh/ps1/yaml/npy)
scratchpad/gauntlet/L59/_head/icebow/src/clashrl/hp_digits.npz,417550,DELETE,delete,L1-L61 loop bulk
scratchpad/gauntlet/L59/_head/icebow/src/clashrl/interactions.py,12735,KEEP,keep,L<N> instrument/record (md/py/sh/ps1/yaml/npy)
scratchpad/gauntlet/L59/_head/icebow/src/clashrl/katacr_segments.py,13344,KEEP,keep,L<N> instrument/record (md/py/sh/ps1/yaml/npy)
scratchpad/gauntlet/L59/_head/icebow/src/clashrl/label.py,13214,KEEP,keep,L<N> instrument/record (md/py/sh/ps1/yaml/npy)
scratchpad/gauntlet/L59/_head/icebow/src/clashrl/label_queue.py,7300,KEEP,keep,L<N> instrument/record (md/py/sh/ps1/yaml/npy)
scratchpad/gauntlet/L59/_head/icebow/src/clashrl/levels.py,7425,KEEP,keep,L<N> instrument/record (md/py/sh/ps1/yaml/npy)
scratchpad/gauntlet/L59/_head/icebow/src/clashrl/llm_advisor.py,24497,KEEP,keep,L<N> instrument/record (md/py/sh/ps1/yaml/npy)
scratchpad/gauntlet/L59/_head/icebow/src/clashrl/memory_ingest.py,10260,KEEP,keep,L<N> instrument/record (md/py/sh/ps1/yaml/npy)
scratchpad/gauntlet/L59/_head/icebow/src/clashrl/model.py,13142,KEEP,keep,L<N> instrument/record (md/py/sh/ps1/yaml/npy)
scratchpad/gauntlet/L59/_head/icebow/src/clashrl/models.py,8544,KEEP,keep,L<N> instrument/record (md/py/sh/ps1/yaml/npy)
scratchpad/gauntlet/L59/_head/icebow/src/clashrl/monitor.py,10719,KEEP,keep,L<N> instrument/record (md/py/sh/ps1/yaml/npy)
scratchpad/gauntlet/L59/_head/icebow/src/clashrl/nav.py,6612,KEEP,keep,L<N> instrument/record (md/py/sh/ps1/yaml/npy)
scratchpad/gauntlet/L59/_head/icebow/src/clashrl/opponent_elixir.py,4357,KEEP,keep,L<N> instrument/record (md/py/sh/ps1/yaml/npy)
scratchpad/gauntlet/L59/_head/icebow/src/clashrl/outcome.py,13376,KEEP,keep,L<N> instrument/record (md/py/sh/ps1/yaml/npy)
scratchpad/gauntlet/L59/_head/icebow/src/clashrl/perception.py,11260,KEEP,keep,L<N> instrument/record (md/py/sh/ps1/yaml/npy)
scratchpad/gauntlet/L59/_head/icebow/src/clashrl/play.py,57296,KEEP,keep,L<N> instrument/record (md/py/sh/ps1/yaml/npy)
scratchpad/gauntlet/L59/_head/icebow/src/clashrl/policy_stats.py,20054,KEEP,keep,L<N> instrument/record (md/py/sh/ps1/yaml/npy)
scratchpad/gauntlet/L59/_head/icebow/src/clashrl/ppo_monitor.py,2969,KEEP,keep,L<N> instrument/record (md/py/sh/ps1/yaml/npy)
scratchpad/gauntlet/L59/_head/icebow/src/clashrl/preannotate.py,12132,KEEP,keep,L<N> instrument/record (md/py/sh/ps1/yaml/npy)
scratchpad/gauntlet/L59/_head/icebow/src/clashrl/record.py,6652,KEEP,keep,L<N> instrument/record (md/py/sh/ps1/yaml/npy)
scratchpad/gauntlet/L59/_head/icebow/src/clashrl/replay_bc.py,30222,KEEP,keep,L<N> instrument/record (md/py/sh/ps1/yaml/npy)
scratchpad/gauntlet/L59/_head/icebow/src/clashrl/replay_mine.py,52936,KEEP,keep,L<N> instrument/record (md/py/sh/ps1/yaml/npy)
scratchpad/gauntlet/L59/_head/icebow/src/clashrl/reward.py,41585,KEEP,keep,L<N> instrument/record (md/py/sh/ps1/yaml/npy)
scratchpad/gauntlet/L59/_head/icebow/src/clashrl/reward_stats.py,5573,KEEP,keep,L<N> instrument/record (md/py/sh/ps1/yaml/npy)
scratchpad/gauntlet/L59/_head/icebow/src/clashrl/sim/__init__.py,437,KEEP,keep,L<N> instrument/record (md/py/sh/ps1/yaml/npy)
scratchpad/gauntlet/L59/_head/icebow/src/clashrl/sim/__pycache__/__init__.cpython-313.pyc,639,DELETE,delete,L1-L61 loop bulk
scratchpad/gauntlet/L59/_head/icebow/src/clashrl/sim/__pycache__/engine.cpython-313.pyc,399579,DELETE,delete,L1-L61 loop bulk
scratchpad/gauntlet/L59/_head/icebow/src/clashrl/sim/__pycache__/env.cpython-313.pyc,210149,DELETE,delete,L1-L61 loop bulk
scratchpad/gauntlet/L59/_head/icebow/src/clashrl/sim/__pycache__/meta_decks.cpython-313.pyc,17350,DELETE,delete,L1-L61 loop bulk
scratchpad/gauntlet/L59/_head/icebow/src/clashrl/sim/__pycache__/opponents.cpython-313.pyc,64661,DELETE,delete,L1-L61 loop bulk
scratchpad/gauntlet/L59/_head/icebow/src/clashrl/sim/__pycache__/view.cpython-313.pyc,24928,DELETE,delete,L1-L61 loop bulk
scratchpad/gauntlet/L59/_head/icebow/src/clashrl/sim/aggro_drills.py,8850,KEEP,keep,L<N> instrument/record (md/py/sh/ps1/yaml/npy)
scratchpad/gauntlet/L59/_head/icebow/src/clashrl/sim/aggro_oracle.py,14956,KEEP,keep,L<N> instrument/record (md/py/sh/ps1/yaml/npy)
scratchpad/gauntlet/L59/_head/icebow/src/clashrl/sim/doctrine.py,69496,KEEP,keep,L<N> instrument/record (md/py/sh/ps1/yaml/npy)
scratchpad/gauntlet/L59/_head/icebow/src/clashrl/sim/drill_env.py,80814,KEEP,keep,L<N> instrument/record (md/py/sh/ps1/yaml/npy)
scratchpad/gauntlet/L59/_head/icebow/src/clashrl/sim/drills_icebow.py,57562,KEEP,keep,L<N> instrument/record (md/py/sh/ps1/yaml/npy)
scratchpad/gauntlet/L59/_head/icebow/src/clashrl/sim/engine.py,453641,KEEP,keep,L<N> instrument/record (md/py/sh/ps1/yaml/npy)
scratchpad/gauntlet/L59/_head/icebow/src/clashrl/sim/env.py,225391,KEEP,keep,L<N> instrument/record (md/py/sh/ps1/yaml/npy)
scratchpad/gauntlet/L59/_head/icebow/src/clashrl/sim/live_bridge.py,13111,KEEP,keep,L<N> instrument/record (md/py/sh/ps1/yaml/npy)
scratchpad/gauntlet/L59/_head/icebow/src/clashrl/sim/live_opponent.py,5393,KEEP,keep,L<N> instrument/record (md/py/sh/ps1/yaml/npy)
scratchpad/gauntlet/L59/_head/icebow/src/clashrl/sim/live_search.py,18062,KEEP,keep,L<N> instrument/record (md/py/sh/ps1/yaml/npy)
scratchpad/gauntlet/L59/_head/icebow/src/clashrl/sim/meta_decks.py,16277,KEEP,keep,L<N> instrument/record (md/py/sh/ps1/yaml/npy)
scratchpad/gauntlet/L59/_head/icebow/src/clashrl/sim/opponent_cycle.py,5330,KEEP,keep,L<N> instrument/record (md/py/sh/ps1/yaml/npy)
scratchpad/gauntlet/L59/_head/icebow/src/clashrl/sim/opponents.py,69635,KEEP,keep,L<N> instrument/record (md/py/sh/ps1/yaml/npy)
scratchpad/gauntlet/L59/_head/icebow/src/clashrl/sim/remote_pool.py,20551,KEEP,keep,L<N> instrument/record (md/py/sh/ps1/yaml/npy)
scratchpad/gauntlet/L59/_head/icebow/src/clashrl/sim/rollout_search.py,34483,KEEP,keep,L<N> instrument/record (md/py/sh/ps1/yaml/npy)
scratchpad/gauntlet/L59/_head/icebow/src/clashrl/sim/scenarios.py,18388,KEEP,keep,L<N> instrument/record (md/py/sh/ps1/yaml/npy)
scratchpad/gauntlet/L59/_head/icebow/src/clashrl/sim/view.py,17589,KEEP,keep,L<N> instrument/record (md/py/sh/ps1/yaml/npy)
scratchpad/gauntlet/L59/_head/icebow/src/clashrl/sim_bench.py,10460,KEEP,keep,L<N> instrument/record (md/py/sh/ps1/yaml/npy)
scratchpad/gauntlet/L59/_head/icebow/src/clashrl/sim_view.py,40382,KEEP,keep,L<N> instrument/record (md/py/sh/ps1/yaml/npy)
scratchpad/gauntlet/L59/_head/icebow/src/clashrl/spatial_targets.py,5279,KEEP,keep,L<N> instrument/record (md/py/sh/ps1/yaml/npy)
scratchpad/gauntlet/L59/_head/icebow/src/clashrl/sprites.py,30738,KEEP,keep,L<N> instrument/record (md/py/sh/ps1/yaml/npy)
scratchpad/gauntlet/L59/_head/icebow/src/clashrl/states.py,271,KEEP,keep,L<N> instrument/record (md/py/sh/ps1/yaml/npy)
scratchpad/gauntlet/L59/_head/icebow/src/clashrl/threat_value.py,26299,KEEP,keep,L<N> instrument/record (md/py/sh/ps1/yaml/npy)
scratchpad/gauntlet/L59/_head/icebow/src/clashrl/threats.py,28445,KEEP,keep,L<N> instrument/record (md/py/sh/ps1/yaml/npy)
scratchpad/gauntlet/L59/_head/icebow/src/clashrl/timelapse.py,3483,KEEP,keep,L<N> instrument/record (md/py/sh/ps1/yaml/npy)
scratchpad/gauntlet/L59/_head/icebow/src/clashrl/tower_hp.py,16554,KEEP,keep,L<N> instrument/record (md/py/sh/ps1/yaml/npy)
scratchpad/gauntlet/L59/_head/icebow/src/clashrl/train_bc.py,19225,KEEP,keep,L<N> instrument/record (md/py/sh/ps1/yaml/npy)
scratchpad/gauntlet/L59/_head/icebow/src/clashrl/train_rl.py,79815,KEEP,keep,L<N> instrument/record (md/py/sh/ps1/yaml/npy)
scratchpad/gauntlet/L59/_head/icebow/src/clashrl/train_sim.py,31487,KEEP,keep,L<N> instrument/record (md/py/sh/ps1/yaml/npy)
scratchpad/gauntlet/L59/_head/icebow/src/clashrl/train_sim_ppo.py,164546,KEEP,keep,L<N> instrument/record (md/py/sh/ps1/yaml/npy)
scratchpad/gauntlet/L59/_head/icebow/src/clashrl/troop_hp.py,4282,KEEP,keep,L<N> instrument/record (md/py/sh/ps1/yaml/npy)
scratchpad/gauntlet/L59/_head/icebow/src/clashrl/verify.py,22555,KEEP,keep,L<N> instrument/record (md/py/sh/ps1/yaml/npy)
scratchpad/gauntlet/L59/_head/icebow/src/clashrl/vision.py,26456,KEEP,keep,L<N> instrument/record (md/py/sh/ps1/yaml/npy)
scratchpad/gauntlet/L59/_head/icebow/src/clashrl/wincon_bank.py,2336,KEEP,keep,L<N> instrument/record (md/py/sh/ps1/yaml/npy)
scratchpad/gauntlet/L59/_head/icebow/src/clashrl/wincon_reward.py,1623,KEEP,keep,L<N> instrument/record (md/py/sh/ps1/yaml/npy)
scratchpad/gauntlet/L59/_patch_a.py,10897,KEEP,keep,L<N> instrument/record (md/py/sh/ps1/yaml/npy)
scratchpad/gauntlet/L59/_patch_env.py,11744,KEEP,keep,L<N> instrument/record (md/py/sh/ps1/yaml/npy)
scratchpad/gauntlet/L59/_patch_rulings.py,4934,KEEP,keep,L<N> instrument/record (md/py/sh/ps1/yaml/npy)
scratchpad/gauntlet/L59/_patch_tests.py,8525,KEEP,keep,L<N> instrument/record (md/py/sh/ps1/yaml/npy)
scratchpad/gauntlet/L59/_seam.py,831,KEEP,keep,L<N> instrument/record (md/py/sh/ps1/yaml/npy)
scratchpad/gauntlet/L59/_seam2.py,999,KEEP,keep,L<N> instrument/record (md/py/sh/ps1/yaml/npy)
scratchpad/gauntlet/L59/_seam3.py,1315,KEEP,keep,L<N> instrument/record (md/py/sh/ps1/yaml/npy)
scratchpad/gauntlet/L59/_sec9.md,10776,KEEP,keep,L<N> instrument/record (md/py/sh/ps1/yaml/npy)
scratchpad/gauntlet/L59/_sec9b.md,7789,KEEP,keep,L<N> instrument/record (md/py/sh/ps1/yaml/npy)
scratchpad/gauntlet/L59/_sec9c.md,2111,KEEP,keep,L<N> instrument/record (md/py/sh/ps1/yaml/npy)
scratchpad/gauntlet/L59/arm_gates.py,5693,KEEP,keep,L<N> instrument/record (md/py/sh/ps1/yaml/npy)
scratchpad/gauntlet/L59/armE_T3.txt,614,DELETE,delete,L1-L61 loop bulk
scratchpad/gauntlet/L59/armG_stop_state.txt,1814,DELETE,delete,L1-L61 loop bulk
scratchpad/gauntlet/L59/BRIEF_wire.md,9014,KEEP,keep,L<N> instrument/record (md/py/sh/ps1/yaml/npy)
scratchpad/gauntlet/L59/cell_sat_probe.py,3738,KEEP,keep,L<N> instrument/record (md/py/sh/ps1/yaml/npy)
scratchpad/gauntlet/L59/cell_sat_probe.txt,923,DELETE,delete,L1-L61 loop bulk
scratchpad/gauntlet/L59/cfg_armG.yaml,204763,KEEP,keep,L<N> instrument/record (md/py/sh/ps1/yaml/npy)
scratchpad/gauntlet/L59/gate_analyze.py,5910,KEEP,keep,L<N> instrument/record (md/py/sh/ps1/yaml/npy)
scratchpad/gauntlet/L59/gate_replay.py,13305,KEEP,keep,L<N> instrument/record (md/py/sh/ps1/yaml/npy)
scratchpad/gauntlet/L59/gate_run.log,1035,DELETE,delete,L1-L61 loop bulk
scratchpad/gauntlet/L59/gate_summary.txt,12770,DELETE,delete,L1-L61 loop bulk
scratchpad/gauntlet/L59/gates_armG_20260905.progress,65,DELETE,delete,L1-L61 loop bulk
scratchpad/gauntlet/L59/geo_ledger_c2rbest_s0.txt,2756,DELETE,delete,L1-L61 loop bulk
scratchpad/gauntlet/L59/geo_ledger_c2rbest_s0_AND.txt,2776,DELETE,delete,L1-L61 loop bulk
scratchpad/gauntlet/L59/geo_ledger_probe.py,7457,KEEP,keep,L<N> instrument/record (md/py/sh/ps1/yaml/npy)
scratchpad/gauntlet/L59/geo_probe.py,1649,KEEP,keep,L<N> instrument/record (md/py/sh/ps1/yaml/npy)
scratchpad/gauntlet/L59/geo_probe.txt,721,DELETE,delete,L1-L61 loop bulk
scratchpad/gauntlet/L59/geo_probe2.py,2045,KEEP,keep,L<N> instrument/record (md/py/sh/ps1/yaml/npy)
scratchpad/gauntlet/L59/geo_probe2.txt,633,DELETE,delete,L1-L61 loop bulk
scratchpad/gauntlet/L59/geo_probe2_v2.txt,632,DELETE,delete,L1-L61 loop bulk
scratchpad/gauntlet/L59/geo_probe_v2.txt,394,DELETE,delete,L1-L61 loop bulk
scratchpad/gauntlet/L59/geo_scenario.py,2872,KEEP,keep,L<N> instrument/record (md/py/sh/ps1/yaml/npy)
scratchpad/gauntlet/L59/geo_scenario.txt,3599,DELETE,delete,L1-L61 loop bulk
scratchpad/gauntlet/L59/geo_scenario_v2.txt,3599,DELETE,delete,L1-L61 loop bulk
scratchpad/gauntlet/L59/geo_scenario_v3.txt,3617,DELETE,delete,L1-L61 loop bulk
scratchpad/gauntlet/L59/il_audit.md,6908,KEEP,keep,L<N> instrument/record (md/py/sh/ps1/yaml/npy)
scratchpad/gauntlet/L59/make_armE_ckpt.py,4183,KEEP,keep,L<N> instrument/record (md/py/sh/ps1/yaml/npy)
scratchpad/gauntlet/L59/p1/drive_summary.jsonl,17116,DELETE,delete,L1-L61 loop bulk
scratchpad/gauntlet/L59/p1/gate_plays.csv,809986,DELETE,delete,L1-L61 loop bulk
scratchpad/gauntlet/L59/p1/gate_tesla_probe.csv,64941,DELETE,delete,L1-L61 loop bulk
scratchpad/gauntlet/L59/reads_armG_20260905_m10k.txt,10462,DELETE,delete,L1-L61 loop bulk
scratchpad/gauntlet/L59/reads_armG_20260905_m5k.txt,11005,DELETE,delete,L1-L61 loop bulk
scratchpad/gauntlet/L59/reward_ref.npy,4476,KEEP,keep,referenced by HANDOFF/GAUNTLET_LOG tail or tracked code
scratchpad/gauntlet/L59/reward_ref.py,1883,KEEP,keep,L<N> instrument/record (md/py/sh/ps1/yaml/npy)
scratchpad/gauntlet/L59/reward_ref_total_v1.npy,4476,KEEP,keep,L<N> instrument/record (md/py/sh/ps1/yaml/npy)
scratchpad/gauntlet/L59/suite_after.txt,10364,DELETE,delete,L1-L61 loop bulk
scratchpad/gauntlet/L59/suite_after_v2.txt,10756,DELETE,delete,L1-L61 loop bulk
scratchpad/gauntlet/L59/suite_after_v3.txt,12084,DELETE,delete,L1-L61 loop bulk
scratchpad/gauntlet/L59/suite_before.txt,10870,DELETE,delete,L1-L61 loop bulk
scratchpad/gauntlet/L59/test_geometry_reward.txt,130,DELETE,delete,L1-L61 loop bulk
scratchpad/gauntlet/L59/test_geometry_wiring.txt,2000,DELETE,delete,L1-L61 loop bulk
scratchpad/gauntlet/L59/test_geometry_wiring_v3.txt,3329,DELETE,delete,L1-L61 loop bulk
scratchpad/gauntlet/L59/wire.md,55503,KEEP,keep,L<N> instrument/record (md/py/sh/ps1/yaml/npy)
scratchpad/gauntlet/L60/__pycache__/bc_coord.cpython-313.pyc,23540,DELETE,delete,L1-L61 loop bulk
scratchpad/gauntlet/L60/__pycache__/build_bc_dataset.cpython-313.pyc,54670,DELETE,delete,L1-L61 loop bulk
scratchpad/gauntlet/L60/__pycache__/knn_vs_bc.cpython-313.pyc,39640,DELETE,delete,L1-L61 loop bulk
scratchpad/gauntlet/L60/_commit.txt,392,DELETE,delete,L1-L61 loop bulk
scratchpad/gauntlet/L60/_commit2.txt,436,DELETE,delete,L1-L61 loop bulk
scratchpad/gauntlet/L60/_commit3.txt,365,DELETE,delete,L1-L61 loop bulk
scratchpad/gauntlet/L60/_commit4.txt,398,DELETE,delete,L1-L61 loop bulk
scratchpad/gauntlet/L60/_glog_L60.md,1409,KEEP,keep,L<N> instrument/record (md/py/sh/ps1/yaml/npy)
scratchpad/gauntlet/L60/_glog_L60b.md,1236,KEEP,keep,L<N> instrument/record (md/py/sh/ps1/yaml/npy)
scratchpad/gauntlet/L60/_glog_L60c.md,773,KEEP,keep,L<N> instrument/record (md/py/sh/ps1/yaml/npy)
scratchpad/gauntlet/L60/_glog_L60d.md,1302,KEEP,keep,L<N> instrument/record (md/py/sh/ps1/yaml/npy)
scratchpad/gauntlet/L60/_handoff_5cs33.md,8358,KEEP,keep,L<N> instrument/record (md/py/sh/ps1/yaml/npy)
scratchpad/gauntlet/L60/_handoff_5cs34.md,6382,KEEP,keep,L<N> instrument/record (md/py/sh/ps1/yaml/npy)
scratchpad/gauntlet/L60/_handoff_5cs35.md,3780,KEEP,keep,L<N> instrument/record (md/py/sh/ps1/yaml/npy)
scratchpad/gauntlet/L60/_handoff_5cs36.md,4552,KEEP,keep,L<N> instrument/record (md/py/sh/ps1/yaml/npy)
scratchpad/gauntlet/L60/_knn_vs_bc_armE.py,22121,KEEP,keep,L<N> instrument/record (md/py/sh/ps1/yaml/npy)
scratchpad/gauntlet/L60/_m1.log,8333,DELETE,delete,L1-L61 loop bulk
scratchpad/gauntlet/L60/_m2_bias.log,4410,DELETE,delete,L1-L61 loop bulk
scratchpad/gauntlet/L60/_m2_bias_s1.log,4602,DELETE,delete,L1-L61 loop bulk
scratchpad/gauntlet/L60/_m2_bias_s2.log,3706,DELETE,delete,L1-L61 loop bulk
scratchpad/gauntlet/L60/_m2_biasonly.log,5431,DELETE,delete,L1-L61 loop bulk
scratchpad/gauntlet/L60/_m2_both.log,4410,DELETE,delete,L1-L61 loop bulk
scratchpad/gauntlet/L60/_m2_coord.log,4758,DELETE,delete,L1-L61 loop bulk
scratchpad/gauntlet/L60/armE_stop_state.txt,226,DELETE,delete,L1-L61 loop bulk
scratchpad/gauntlet/L60/bc_coord.py,14121,KEEP,keep,L<N> instrument/record (md/py/sh/ps1/yaml/npy)
scratchpad/gauntlet/L60/bc_dataset.md,7866,KEEP,keep,L<N> instrument/record (md/py/sh/ps1/yaml/npy)
scratchpad/gauntlet/L60/board_value.md,13640,KEEP,keep,L<N> instrument/record (md/py/sh/ps1/yaml/npy)
scratchpad/gauntlet/L60/build_bc_dataset.py,30837,KEEP,keep,L<N> instrument/record (md/py/sh/ps1/yaml/npy)
scratchpad/gauntlet/L60/crawl_icebow_wave3.log,1528,DELETE,delete,L1-L61 loop bulk
scratchpad/gauntlet/L60/knn_vs_bc.md,13899,KEEP,keep,L<N> instrument/record (md/py/sh/ps1/yaml/npy)
scratchpad/gauntlet/L60/knn_vs_bc.py,22545,KEEP,keep,L<N> instrument/record (md/py/sh/ps1/yaml/npy)
scratchpad/gauntlet/L60/rails_read.py,1151,KEEP,keep,L<N> instrument/record (md/py/sh/ps1/yaml/npy)
scratchpad/gauntlet/L60/reads_armE_m3k85_now.txt,1441,DELETE,delete,L1-L61 loop bulk
scratchpad/gauntlet/L60/real_context.py,15317,KEEP,keep,L<N> instrument/record (md/py/sh/ps1/yaml/npy)
scratchpad/gauntlet/L61/__pycache__/_model_old.cpython-313.pyc,12694,DELETE,delete,L1-L61 loop bulk
scratchpad/gauntlet/L61/__pycache__/build_bc_v2.cpython-313.pyc,54294,DELETE,delete,L1-L61 loop bulk
scratchpad/gauntlet/L61/__pycache__/knn_vs_bc_v2.cpython-313.pyc,39788,DELETE,delete,L1-L61 loop bulk
scratchpad/gauntlet/L61/__pycache__/replay_drive_rec.cpython-313.pyc,41764,DELETE,delete,L1-L61 loop bulk
scratchpad/gauntlet/L61/_commit.txt,544,DELETE,delete,L1-L61 loop bulk
scratchpad/gauntlet/L61/_commit2.txt,613,DELETE,delete,L1-L61 loop bulk
scratchpad/gauntlet/L61/_commit3.txt,406,DELETE,delete,L1-L61 loop bulk
scratchpad/gauntlet/L61/_commit4.txt,519,DELETE,delete,L1-L61 loop bulk
scratchpad/gauntlet/L61/_commit5.txt,385,DELETE,delete,L1-L61 loop bulk
scratchpad/gauntlet/L61/_glog_L61.md,1487,KEEP,keep,L<N> instrument/record (md/py/sh/ps1/yaml/npy)
scratchpad/gauntlet/L61/_glog_L61b.md,1067,KEEP,keep,L<N> instrument/record (md/py/sh/ps1/yaml/npy)
scratchpad/gauntlet/L61/_glog_L61c.md,881,KEEP,keep,L<N> instrument/record (md/py/sh/ps1/yaml/npy)
scratchpad/gauntlet/L61/_glog_L62.md,781,KEEP,keep,L<N> instrument/record (md/py/sh/ps1/yaml/npy)
scratchpad/gauntlet/L61/_handoff_5cs37.md,7668,KEEP,keep,L<N> instrument/record (md/py/sh/ps1/yaml/npy)
scratchpad/gauntlet/L61/_handoff_5cs38.md,5124,KEEP,keep,L<N> instrument/record (md/py/sh/ps1/yaml/npy)
scratchpad/gauntlet/L61/_handoff_5cs39.md,3489,KEEP,keep,L<N> instrument/record (md/py/sh/ps1/yaml/npy)
scratchpad/gauntlet/L61/_handoff_5cs40.md,3157,KEEP,keep,L<N> instrument/record (md/py/sh/ps1/yaml/npy)
scratchpad/gauntlet/L61/_model_old.py,13142,KEEP,keep,L<N> instrument/record (md/py/sh/ps1/yaml/npy)
scratchpad/gauntlet/L61/batch_rec.err,0,DELETE,delete,L1-L61 loop bulk
scratchpad/gauntlet/L61/batch_rec.log,25013,DELETE,delete,L1-L61 loop bulk
scratchpad/gauntlet/L61/bcA_stop_state.txt,252,DELETE,delete,L1-L61 loop bulk
scratchpad/gauntlet/L61/bias_map_equiv.py,2460,KEEP,keep,L<N> instrument/record (md/py/sh/ps1/yaml/npy)
scratchpad/gauntlet/L61/build_bc_v2.py,30382,KEEP,keep,L<N> instrument/record (md/py/sh/ps1/yaml/npy)
scratchpad/gauntlet/L61/crawl_icebow_wave4.log,45118,KEEP,keep,referenced by HANDOFF/GAUNTLET_LOG tail or tracked code
scratchpad/gauntlet/L61/engine_bc_v2.md,12001,KEEP,keep,L<N> instrument/record (md/py/sh/ps1/yaml/npy)
scratchpad/gauntlet/L61/knn_vs_bc_v2.py,22758,KEEP,keep,L<N> instrument/record (md/py/sh/ps1/yaml/npy)
scratchpad/gauntlet/L61/native_bias_ckpt.json,377,DELETE,delete,L1-L61 loop bulk
scratchpad/gauntlet/L61/native_bias_ckpt.py,1990,KEEP,keep,L<N> instrument/record (md/py/sh/ps1/yaml/npy)
scratchpad/gauntlet/L61/read_ckpt.py,1761,KEEP,keep,L<N> instrument/record (md/py/sh/ps1/yaml/npy)
scratchpad/gauntlet/L61/replay_batch_rec.py,6221,KEEP,keep,L<N> instrument/record (md/py/sh/ps1/yaml/npy)
scratchpad/gauntlet/L61/replay_drive_rec.py,29398,KEEP,keep,L<N> instrument/record (md/py/sh/ps1/yaml/npy)
scratchpad/gauntlet/L61/rescore_bias_v2.json,11542,DELETE,delete,L1-L61 loop bulk
scratchpad/gauntlet/L61/rescore_bias_v2.py,2012,KEEP,keep,L<N> instrument/record (md/py/sh/ps1/yaml/npy)
scratchpad/gauntlet/L61/run_batch.ps1,541,KEEP,keep,L<N> instrument/record (md/py/sh/ps1/yaml/npy)
scratchpad/gauntlet/L61/run_tp.ps1,521,KEEP,keep,L<N> instrument/record (md/py/sh/ps1/yaml/npy)
scratchpad/gauntlet/L61/service_start.err,0,DELETE,delete,L1-L61 loop bulk
scratchpad/gauntlet/L61/service_start.log,810,DELETE,delete,L1-L61 loop bulk
scratchpad/gauntlet/L61/svc_slot2.log,1167,DELETE,delete,L1-L61 loop bulk
scratchpad/gauntlet/L61/svc_slot2.ps1,498,KEEP,keep,L<N> instrument/record (md/py/sh/ps1/yaml/npy)
scratchpad/gauntlet/L61/svc_slot2_att1.err,0,DELETE,delete,L1-L61 loop bulk
scratchpad/gauntlet/L61/throughput.py,3819,KEEP,keep,L<N> instrument/record (md/py/sh/ps1/yaml/npy)
scratchpad/gauntlet/L61/throughput_conc_a.json,1489,DELETE,delete,L1-L61 loop bulk
scratchpad/gauntlet/L61/throughput_conc_b.json,1489,DELETE,delete,L1-L61 loop bulk
scratchpad/gauntlet/L61/throughput_seq.json,2625,DELETE,delete,L1-L61 loop bulk
scratchpad/gauntlet/L61/throughput_single.json,1952,DELETE,delete,L1-L61 loop bulk
scratchpad/gauntlet/L61/tp_conc_a.log,1082,DELETE,delete,L1-L61 loop bulk
scratchpad/gauntlet/L61/tp_conc_a.log.err,0,DELETE,delete,L1-L61 loop bulk
scratchpad/gauntlet/L61/tp_conc_b.log,1082,DELETE,delete,L1-L61 loop bulk
scratchpad/gauntlet/L61/tp_conc_b.log.err,0,DELETE,delete,L1-L61 loop bulk
scratchpad/gauntlet/L61/tp_seq.log,1952,DELETE,delete,L1-L61 loop bulk
scratchpad/gauntlet/L61/tp_seq.log.err,0,DELETE,delete,L1-L61 loop bulk
scratchpad/gauntlet/L61/tp_single.log,1408,DELETE,delete,L1-L61 loop bulk
scratchpad/gauntlet/L61/tp_single.log.err,0,DELETE,delete,L1-L61 loop bulk
scratchpad/gauntlet/L61/unittest_after_biasmap.log,12082,DELETE,delete,L1-L61 loop bulk
scratchpad/gauntlet/L62/__pycache__/build_pool.cpython-313.pyc,15830,KEEP,keep,kept directory gauntlet/L62/
scratchpad/gauntlet/L62/__pycache__/engine_env.cpython-313.pyc,41360,KEEP,keep,kept directory gauntlet/L62/
scratchpad/gauntlet/L62/__pycache__/engine_ppo.cpython-313.pyc,60020,KEEP,keep,kept directory gauntlet/L62/
scratchpad/gauntlet/L62/__pycache__/engine_ppo_launched_20260905.cpython-313.pyc,51388,KEEP,keep,kept directory gauntlet/L62/
scratchpad/gauntlet/L62/__pycache__/engine_view.cpython-313.pyc,72282,KEEP,keep,kept directory gauntlet/L62/
scratchpad/gauntlet/L62/__pycache__/ghost_pool.cpython-313.pyc,5464,KEEP,keep,kept directory gauntlet/L62/
scratchpad/gauntlet/L62/__pycache__/live_view.cpython-313.pyc,85700,KEEP,keep,kept directory gauntlet/L62/
scratchpad/gauntlet/L62/__pycache__/re_verify_bridge.cpython-313.pyc,29147,KEEP,keep,kept directory gauntlet/L62/
scratchpad/gauntlet/L62/__pycache__/run_engine_env.cpython-313.pyc,27310,KEEP,keep,kept directory gauntlet/L62/
scratchpad/gauntlet/L62/_boot.log,1193,KEEP,keep,kept directory gauntlet/L62/
scratchpad/gauntlet/L62/_boot.ps1,494,KEEP,keep,kept directory gauntlet/L62/
scratchpad/gauntlet/L62/_boot_att1.err,0,KEEP,keep,kept directory gauntlet/L62/
scratchpad/gauntlet/L62/_boot_att2.err,3704,KEEP,keep,kept directory gauntlet/L62/
scratchpad/gauntlet/L62/_boot_att3.err,3704,KEEP,keep,kept directory gauntlet/L62/
scratchpad/gauntlet/L62/_boot_att4.err,3704,KEEP,keep,kept directory gauntlet/L62/
scratchpad/gauntlet/L62/_boot_att5.err,3704,KEEP,keep,kept directory gauntlet/L62/
scratchpad/gauntlet/L62/_boot_att6.err,3704,KEEP,keep,kept directory gauntlet/L62/
scratchpad/gauntlet/L62/_boot_ppo.log,1215,KEEP,keep,kept directory gauntlet/L62/
scratchpad/gauntlet/L62/_commit_L62b.txt,398,KEEP,keep,kept directory gauntlet/L62/
scratchpad/gauntlet/L62/_commit_L62c.txt,534,KEEP,keep,kept directory gauntlet/L62/
scratchpad/gauntlet/L62/_commit_L62d.txt,492,KEEP,keep,kept directory gauntlet/L62/
scratchpad/gauntlet/L62/_commit_L62e.txt,502,KEEP,keep,kept directory gauntlet/L62/
scratchpad/gauntlet/L62/_commit_L62f.txt,853,KEEP,keep,kept directory gauntlet/L62/
scratchpad/gauntlet/L62/_commit_L62g.txt,1258,KEEP,keep,kept directory gauntlet/L62/
scratchpad/gauntlet/L62/_commit_L62h.txt,886,KEEP,keep,kept directory gauntlet/L62/
scratchpad/gauntlet/L62/_commit_L62i.txt,970,KEEP,keep,kept directory gauntlet/L62/
scratchpad/gauntlet/L62/_commit_L62j.txt,603,KEEP,keep,kept directory gauntlet/L62/
scratchpad/gauntlet/L62/_commit_L62k.txt,583,KEEP,keep,kept directory gauntlet/L62/
scratchpad/gauntlet/L62/_commit_L62l.txt,912,KEEP,keep,kept directory gauntlet/L62/
scratchpad/gauntlet/L62/_final_state_L62_closeout.md,4012,KEEP,keep,kept directory gauntlet/L62/
scratchpad/gauntlet/L62/_final_state_sandbox_session_721bb995.md,1493,KEEP,keep,kept directory gauntlet/L62/
scratchpad/gauntlet/L62/_handoff_5cs41.md,7773,KEEP,keep,kept directory gauntlet/L62/
scratchpad/gauntlet/L62/_handoff_5cs42.md,6186,KEEP,keep,kept directory gauntlet/L62/
scratchpad/gauntlet/L62/_handoff_5cs43.md,6339,KEEP,keep,kept directory gauntlet/L62/
scratchpad/gauntlet/L62/_handoff_5cs44.md,5608,KEEP,keep,kept directory gauntlet/L62/
scratchpad/gauntlet/L62/_handoff_5cs45.md,7799,KEEP,keep,kept directory gauntlet/L62/
scratchpad/gauntlet/L62/_handoff_5cs46.md,6346,KEEP,keep,kept directory gauntlet/L62/
scratchpad/gauntlet/L62/_handoff_5cs47.md,5454,KEEP,keep,kept directory gauntlet/L62/
scratchpad/gauntlet/L62/_handoff_5cs48.md,5370,KEEP,keep,kept directory gauntlet/L62/
scratchpad/gauntlet/L62/_handoff_5cs49.md,8261,KEEP,keep,kept directory gauntlet/L62/
scratchpad/gauntlet/L62/_handoff_5cs50.md,6833,KEEP,keep,kept directory gauntlet/L62/
scratchpad/gauntlet/L62/_handoff_5cs51.md,6459,KEEP,keep,kept directory gauntlet/L62/
scratchpad/gauntlet/L62/_new_archive_part.md,875708,KEEP,keep,kept directory gauntlet/L62/
scratchpad/gauntlet/L62/_old_archive.md,168632,KEEP,keep,kept directory gauntlet/L62/
scratchpad/gauntlet/L62/analysis.json,5933,KEEP,keep,kept directory gauntlet/L62/
scratchpad/gauntlet/L62/analysis_bench.json,1781,KEEP,keep,kept directory gauntlet/L62/
scratchpad/gauntlet/L62/analyze_bench.py,4377,KEEP,keep,kept directory gauntlet/L62/
scratchpad/gauntlet/L62/analyze_pool.py,7656,KEEP,keep,kept directory gauntlet/L62/
scratchpad/gauntlet/L62/archive_merge.py,1137,KEEP,keep,kept directory gauntlet/L62/
scratchpad/gauntlet/L62/bench_conc_a.err,0,KEEP,keep,kept directory gauntlet/L62/
scratchpad/gauntlet/L62/bench_conc_a.json,36434,KEEP,keep,kept directory gauntlet/L62/
scratchpad/gauntlet/L62/bench_conc_a.log,2940,KEEP,keep,kept directory gauntlet/L62/
scratchpad/gauntlet/L62/bench_conc_b.err,0,KEEP,keep,kept directory gauntlet/L62/
scratchpad/gauntlet/L62/bench_conc_b.json,35272,KEEP,keep,kept directory gauntlet/L62/
scratchpad/gauntlet/L62/bench_conc_b.log,2950,KEEP,keep,kept directory gauntlet/L62/
scratchpad/gauntlet/L62/bench_cuda.json,37880,KEEP,keep,kept directory gauntlet/L62/
scratchpad/gauntlet/L62/bench_cuda.log,2930,KEEP,keep,kept directory gauntlet/L62/
scratchpad/gauntlet/L62/bench_ourrej.json,29409,KEEP,keep,kept directory gauntlet/L62/
scratchpad/gauntlet/L62/bench_slot0.json,36443,KEEP,keep,kept directory gauntlet/L62/
scratchpad/gauntlet/L62/bench_slot0.log,2942,KEEP,keep,kept directory gauntlet/L62/
scratchpad/gauntlet/L62/bridge_re.md,21415,KEEP,keep,kept directory gauntlet/L62/
scratchpad/gauntlet/L62/build_ghost_pool.py,10675,KEEP,keep,kept directory gauntlet/L62/
scratchpad/gauntlet/L62/build_pool.py,10193,KEEP,keep,kept directory gauntlet/L62/
scratchpad/gauntlet/L62/ceiling.json,363,KEEP,keep,kept directory gauntlet/L62/
scratchpad/gauntlet/L62/ceiling.py,2651,KEEP,keep,kept directory gauntlet/L62/
scratchpad/gauntlet/L62/deal_cache.json,43008,KEEP,keep,kept directory gauntlet/L62/
scratchpad/gauntlet/L62/det_slot0.json,2163,KEEP,keep,kept directory gauntlet/L62/
scratchpad/gauntlet/L62/engA_ctrl_20260905.log,47390,KEEP,keep,kept directory gauntlet/L62/
scratchpad/gauntlet/L62/engA_ctrl_20260905.stderr,449,KEEP,keep,kept directory gauntlet/L62/
scratchpad/gauntlet/L62/engA_ctrl_20260905.stdout,47390,KEEP,keep,kept directory gauntlet/L62/
scratchpad/gauntlet/L62/engA_kl_20260905.log,47388,KEEP,keep,kept directory gauntlet/L62/
scratchpad/gauntlet/L62/engA_kl_20260905.stderr,449,KEEP,keep,kept directory gauntlet/L62/
scratchpad/gauntlet/L62/engA_kl_20260905.stdout,47388,KEEP,keep,kept directory gauntlet/L62/
scratchpad/gauntlet/L62/engA_launch.ps1,1492,KEEP,keep,kept directory gauntlet/L62/
scratchpad/gauntlet/L62/engA_pids.json,48,KEEP,keep,kept directory gauntlet/L62/
scratchpad/gauntlet/L62/engB_ctrl_20260905.log,103969,KEEP,keep,kept directory gauntlet/L62/
scratchpad/gauntlet/L62/engB_ctrl_20260905.stderr,449,KEEP,keep,kept directory gauntlet/L62/
scratchpad/gauntlet/L62/engB_ctrl_20260905.stdout,103969,KEEP,keep,kept directory gauntlet/L62/
scratchpad/gauntlet/L62/engB_final_state.txt,1067,KEEP,keep,kept directory gauntlet/L62/
scratchpad/gauntlet/L62/engB_kl_20260905.log,104920,KEEP,keep,kept directory gauntlet/L62/
scratchpad/gauntlet/L62/engB_kl_20260905.stderr,449,KEEP,keep,kept directory gauntlet/L62/
scratchpad/gauntlet/L62/engB_kl_20260905.stdout,104920,KEEP,keep,kept directory gauntlet/L62/
scratchpad/gauntlet/L62/engB_launch.ps1,3431,KEEP,keep,kept directory gauntlet/L62/
scratchpad/gauntlet/L62/engB_pids.json,48,KEEP,keep,kept directory gauntlet/L62/
scratchpad/gauntlet/L62/engB_preflight.py,925,KEEP,keep,kept directory gauntlet/L62/
scratchpad/gauntlet/L62/engine_env.md,18582,KEEP,keep,kept directory gauntlet/L62/
scratchpad/gauntlet/L62/engine_env.py,26242,KEEP,keep,kept directory gauntlet/L62/
scratchpad/gauntlet/L62/engine_ppo.md,17868,KEEP,keep,kept directory gauntlet/L62/
scratchpad/gauntlet/L62/engine_ppo.py,38390,KEEP,keep,kept directory gauntlet/L62/
scratchpad/gauntlet/L62/engine_ppo_launched_20260905.py,29310,KEEP,keep,kept directory gauntlet/L62/
scratchpad/gauntlet/L62/engine_ppo_v2.md,24593,KEEP,keep,kept directory gauntlet/L62/
scratchpad/gauntlet/L62/engine_verify.json,83900,KEEP,keep,kept directory gauntlet/L62/
scratchpad/gauntlet/L62/engine_view.md,30085,KEEP,keep,kept directory gauntlet/L62/
scratchpad/gauntlet/L62/engine_view.py,48837,KEEP,keep,kept directory gauntlet/L62/
scratchpad/gauntlet/L62/gate_prior_offline_smoke.py,10661,KEEP,keep,kept directory gauntlet/L62/
scratchpad/gauntlet/L62/gate_prior_unit.py,5137,KEEP,keep,kept directory gauntlet/L62/
scratchpad/gauntlet/L62/gate_prior_zero_equiv.py,7804,KEEP,keep,kept directory gauntlet/L62/
scratchpad/gauntlet/L62/gate_probe.py,2982,KEEP,keep,kept directory gauntlet/L62/
scratchpad/gauntlet/L62/ghost_pool.md,25731,KEEP,keep,kept directory gauntlet/L62/
scratchpad/gauntlet/L62/ghost_pool.py,3978,KEEP,keep,kept directory gauntlet/L62/
scratchpad/gauntlet/L62/grade_engB_m250/all.out,3394,KEEP,keep,kept directory gauntlet/L62/
scratchpad/gauntlet/L62/grade_engB_m250/gate_ctrl.txt,164,KEEP,keep,kept directory gauntlet/L62/
scratchpad/gauntlet/L62/grade_engB_m250/gate_kl.txt,164,KEEP,keep,kept directory gauntlet/L62/
scratchpad/gauntlet/L62/grade_engB_m250/pstats_ctrl.json,17235,KEEP,keep,kept directory gauntlet/L62/
scratchpad/gauntlet/L62/grade_engB_m250/pstats_ctrl.log,3105,KEEP,keep,kept directory gauntlet/L62/
scratchpad/gauntlet/L62/grade_engB_m250/pstats_ctrl_sample.json,19306,KEEP,keep,kept directory gauntlet/L62/
scratchpad/gauntlet/L62/grade_engB_m250/pstats_ctrl_sample.log,4211,KEEP,keep,kept directory gauntlet/L62/
scratchpad/gauntlet/L62/grade_engB_m250/pstats_init_sample.json,19224,KEEP,keep,kept directory gauntlet/L62/
scratchpad/gauntlet/L62/grade_engB_m250/pstats_init_sample.log,4036,KEEP,keep,kept directory gauntlet/L62/
scratchpad/gauntlet/L62/grade_engB_m250/pstats_kl.json,17837,KEEP,keep,kept directory gauntlet/L62/
scratchpad/gauntlet/L62/grade_engB_m250/pstats_kl.log,3320,KEEP,keep,kept directory gauntlet/L62/
scratchpad/gauntlet/L62/grade_engB_m250/pstats_kl_sample.json,19291,KEEP,keep,kept directory gauntlet/L62/
scratchpad/gauntlet/L62/grade_engB_m250/pstats_kl_sample.log,4209,KEEP,keep,kept directory gauntlet/L62/
scratchpad/gauntlet/L62/grade_engB_m250/read_ctrl.txt,848,KEEP,keep,kept directory gauntlet/L62/
scratchpad/gauntlet/L62/grade_engB_m250/read_kl.txt,862,KEEP,keep,kept directory gauntlet/L62/
scratchpad/gauntlet/L62/grade_engB_m250/run.sh,775,KEEP,keep,kept directory gauntlet/L62/
scratchpad/gauntlet/L62/grade_engB_m500/read_ctrl.txt,844,KEEP,keep,kept directory gauntlet/L62/
scratchpad/gauntlet/L62/grade_engB_m500/read_ctrl_latest.txt,844,KEEP,keep,kept directory gauntlet/L62/
scratchpad/gauntlet/L62/grade_engB_m500/read_kl.txt,863,KEEP,keep,kept directory gauntlet/L62/
scratchpad/gauntlet/L62/grade_engB_m500/read_kl_latest.txt,863,KEEP,keep,kept directory gauntlet/L62/
scratchpad/gauntlet/L62/grid_quant_probe.py,2400,KEEP,keep,kept directory gauntlet/L62/
scratchpad/gauntlet/L62/grid_quant_probe2.py,2188,KEEP,keep,kept directory gauntlet/L62/
scratchpad/gauntlet/L62/grid_quant_probe3.py,2684,KEEP,keep,kept directory gauntlet/L62/
scratchpad/gauntlet/L62/handoff_header.py,3148,KEEP,keep,kept directory gauntlet/L62/
scratchpad/gauntlet/L62/HANDOFF_prespllit_backup.md,1123497,KEEP,keep,kept directory gauntlet/L62/
scratchpad/gauntlet/L62/handoff_split.py,5100,KEEP,keep,kept directory gauntlet/L62/
scratchpad/gauntlet/L62/live_artifact_00LYPLJLC80L.html,3738142,KEEP,keep,kept directory gauntlet/L62/
scratchpad/gauntlet/L62/live_artifact_template.html,41164,KEEP,keep,kept directory gauntlet/L62/
scratchpad/gauntlet/L62/live_view.md,16469,KEEP,keep,kept directory gauntlet/L62/
scratchpad/gauntlet/L62/live_view.py,61291,KEEP,keep,kept directory gauntlet/L62/
scratchpad/gauntlet/L62/map_roundtrip.json,2009,KEEP,keep,kept directory gauntlet/L62/
scratchpad/gauntlet/L62/prewarm_deal_cache.py,1690,KEEP,keep,kept directory gauntlet/L62/
scratchpad/gauntlet/L62/pstats_engA_ctrl_m250.json,17850,KEEP,keep,kept directory gauntlet/L62/
scratchpad/gauntlet/L62/pstats_engA_kl_m0.json,19337,KEEP,keep,kept directory gauntlet/L62/
scratchpad/gauntlet/L62/pstats_engA_kl_m253.json,17358,KEEP,keep,kept directory gauntlet/L62/
scratchpad/gauntlet/L62/ranges_00LYPLJLC80L.json,9597,KEEP,keep,kept directory gauntlet/L62/
scratchpad/gauntlet/L62/re_dis.py,1011,KEEP,keep,kept directory gauntlet/L62/
scratchpad/gauntlet/L62/re_enum_table.py,1546,KEEP,keep,kept directory gauntlet/L62/
scratchpad/gauntlet/L62/re_fix_nul.py,134,KEEP,keep,kept directory gauntlet/L62/
scratchpad/gauntlet/L62/re_patch_bridge_json.py,6562,KEEP,keep,kept directory gauntlet/L62/
scratchpad/gauntlet/L62/re_patch_bridge_loop.py,10235,KEEP,keep,kept directory gauntlet/L62/
scratchpad/gauntlet/L62/re_range.py,838,KEEP,keep,kept directory gauntlet/L62/
scratchpad/gauntlet/L62/re_strrefs.py,631,KEEP,keep,kept directory gauntlet/L62/
scratchpad/gauntlet/L62/re_verify_bridge.py,18870,KEEP,keep,kept directory gauntlet/L62/
scratchpad/gauntlet/L62/re_xrefs.py,3443,KEEP,keep,kept directory gauntlet/L62/
scratchpad/gauntlet/L62/refused.json,51431,KEEP,keep,kept directory gauntlet/L62/
scratchpad/gauntlet/L62/run_engine_env.py,13620,KEEP,keep,kept directory gauntlet/L62/
scratchpad/gauntlet/L62/sim_card_keys.json,3136,KEEP,keep,kept directory gauntlet/L62/
scratchpad/gauntlet/L62/smoke/engA_smoke_ctrl.log,2422,KEEP,keep,kept directory gauntlet/L62/
scratchpad/gauntlet/L62/smoke/engA_smoke_ctrl_latest.pt,1952905,KEEP,keep,checkpoint: never delete weights
scratchpad/gauntlet/L62/smoke/engA_smoke_ctrl_m0.pt,1952685,KEEP,keep,checkpoint: never delete weights
scratchpad/gauntlet/L62/smoke/engA_smoke_ctrl_m5.pt,1952685,KEEP,keep,checkpoint: never delete weights
scratchpad/gauntlet/L62/smoke/engA_smoke_kl.log,2437,KEEP,keep,kept directory gauntlet/L62/
scratchpad/gauntlet/L62/smoke/engA_smoke_kl_latest.pt,1952763,KEEP,keep,checkpoint: never delete weights
scratchpad/gauntlet/L62/smoke/engA_smoke_kl_m0.pt,1952607,KEEP,keep,checkpoint: never delete weights
scratchpad/gauntlet/L62/smoke/engA_smoke_kl_m5.pt,1952607,KEEP,keep,checkpoint: never delete weights
scratchpad/gauntlet/L62/smoke2/gp_smoke.log,2047,KEEP,keep,kept directory gauntlet/L62/
scratchpad/gauntlet/L62/smoke2/gp_smoke.stderr,2253,KEEP,keep,kept directory gauntlet/L62/
scratchpad/gauntlet/L62/smoke2/gp_smoke.stdout,2047,KEEP,keep,kept directory gauntlet/L62/
scratchpad/gauntlet/L62/smoke2/gp_smoke_crash0_1788635849.pt,1953125,KEEP,keep,checkpoint: never delete weights
scratchpad/gauntlet/L62/smoke2/gp_smoke_latest.pt,1952632,KEEP,keep,checkpoint: never delete weights
scratchpad/gauntlet/L62/smoke2/gp_smoke_m0.pt,1952476,KEEP,keep,checkpoint: never delete weights
scratchpad/gauntlet/L62/snap/battles.csv,474148,KEEP,keep,kept directory gauntlet/L62/
scratchpad/gauntlet/L62/snap/plays_ext.csv,6185538,KEEP,keep,kept directory gauntlet/L62/
scratchpad/gauntlet/L63/_cm_L63d.txt,874,KEEP,keep,kept directory gauntlet/L63/
scratchpad/gauntlet/L63/_handoff_5cs52.md,4650,KEEP,keep,kept directory gauntlet/L63/
scratchpad/gauntlet/L63/_handoff_5cs53.md,5779,KEEP,keep,kept directory gauntlet/L63/
scratchpad/gauntlet/L63/_handoff_5cs55.md,4255,KEEP,keep,kept directory gauntlet/L63/
scratchpad/gauntlet/L63/_handoff_5cs56.md,6086,KEEP,keep,kept directory gauntlet/L63/
scratchpad/gauntlet/L63/_handoff_5cs57.md,3861,KEEP,keep,kept directory gauntlet/L63/
scratchpad/gauntlet/L63/_handoff_5cs58.md,5367,KEEP,keep,kept directory gauntlet/L63/
scratchpad/gauntlet/L63/_handoff_5cs59.md,3322,KEEP,keep,kept directory gauntlet/L63/
scratchpad/gauntlet/L63/_log_L63d.md,1084,KEEP,keep,kept directory gauntlet/L63/
scratchpad/gauntlet/L63/_proposal.txt,17270,KEEP,keep,kept directory gauntlet/L63/
scratchpad/gauntlet/L63/_sec01.md,9448,KEEP,keep,kept directory gauntlet/L63/
scratchpad/gauntlet/L63/_sec02.md,12992,KEEP,keep,kept directory gauntlet/L63/
scratchpad/gauntlet/L63/_sec03.md,13929,KEEP,keep,kept directory gauntlet/L63/
scratchpad/gauntlet/L63/assets_audit.md,37334,KEEP,keep,kept directory gauntlet/L63/
scratchpad/gauntlet/L63/bc_overfit_probe.out,1675,KEEP,keep,kept directory gauntlet/L63/
scratchpad/gauntlet/L63/bc_overfit_probe.py,1724,KEEP,keep,kept directory gauntlet/L63/
scratchpad/gauntlet/L63/cloud_options.md,22726,KEEP,keep,kept directory gauntlet/L63/
scratchpad/gauntlet/L63/cr_prior_art.md,37182,KEEP,keep,kept directory gauntlet/L63/
scratchpad/gauntlet/L63/lessons.md,46034,KEEP,keep,kept directory gauntlet/L63/
scratchpad/gauntlet/L63/lit_game_ai.md,73737,KEEP,keep,kept directory gauntlet/L63/
scratchpad/gauntlet/L63/mask_probe.out,469,KEEP,keep,kept directory gauntlet/L63/
scratchpad/gauntlet/L63/mask_probe.py,1339,KEEP,keep,kept directory gauntlet/L63/
scratchpad/gauntlet/L63/obs_audit_engine.md,24506,KEEP,keep,kept directory gauntlet/L63/
scratchpad/gauntlet/L63/obs_audit_live.md,28036,KEEP,keep,kept directory gauntlet/L63/
scratchpad/gauntlet/L63/oracle_2012.12186.txt,63502,KEEP,keep,kept directory gauntlet/L63/
scratchpad/gauntlet/L63/proposal.html,27639,KEEP,keep,kept directory gauntlet/L63/
scratchpad/gauntlet/L63/recent_2025_2026.md,95804,KEEP,keep,kept directory gauntlet/L63/
scratchpad/gauntlet/L63/report_L63.md,2973,KEEP,keep,kept directory gauntlet/L63/
scratchpad/gauntlet/L63/report_L63b.md,2399,KEEP,keep,kept directory gauntlet/L63/
scratchpad/gauntlet/L63/report_L63c.md,2354,KEEP,keep,kept directory gauntlet/L63/
scratchpad/gauntlet/L63/report_L63d.md,1856,KEEP,keep,kept directory gauntlet/L63/
scratchpad/gauntlet/L63/report_L63e.md,1916,KEEP,keep,kept directory gauntlet/L63/
scratchpad/gauntlet/L63/report_L63f.md,2322,KEEP,keep,kept directory gauntlet/L63/
scratchpad/gauntlet/L63/report_L63g.md,1767,KEEP,keep,kept directory gauntlet/L63/
scratchpad/gauntlet/L63/report_L63h.md,1125,KEEP,keep,kept directory gauntlet/L63/
scratchpad/gauntlet/L63/s0/_boot.log,323,KEEP,keep,kept directory gauntlet/L63/
scratchpad/gauntlet/L63/s0/_boot.ps1,494,KEEP,keep,kept directory gauntlet/L63/
scratchpad/gauntlet/L63/s0/_boot2.log,1169,KEEP,keep,kept directory gauntlet/L63/
scratchpad/gauntlet/L63/s0/grade_corpus.py,1779,KEEP,keep,kept directory gauntlet/L63/
scratchpad/gauntlet/L63/s0/grade_icebow_final.out,850,KEEP,keep,kept directory gauntlet/L63/
scratchpad/gauntlet/L63/s0/liveness.out,885,KEEP,keep,kept directory gauntlet/L63/
scratchpad/gauntlet/L63/s0/liveness.py,1617,KEEP,keep,kept directory gauntlet/L63/
scratchpad/gauntlet/L63/s0/make_tags.py,1759,KEEP,keep,kept directory gauntlet/L63/
scratchpad/gauntlet/L63/s0/obs_contract_impl.md,11626,KEEP,keep,kept directory gauntlet/L63/
scratchpad/gauntlet/L63/s0/obs_contract_spec.md,9557,KEEP,keep,kept directory gauntlet/L63/
scratchpad/gauntlet/L63/s0/ownclick.json,1034089,KEEP,keep,kept directory gauntlet/L63/
scratchpad/gauntlet/L63/s0/ownclick.md,27102,KEEP,keep,kept directory gauntlet/L63/
scratchpad/gauntlet/L63/s0/ownclick_173304.log,229,KEEP,keep,kept directory gauntlet/L63/
scratchpad/gauntlet/L63/s0/ownclick_222309.log,645,KEEP,keep,kept directory gauntlet/L63/
scratchpad/gauntlet/L63/s0/ownclick_analysis.out,34942,KEEP,keep,kept directory gauntlet/L63/
scratchpad/gauntlet/L63/s0/ownclick_analyze.py,14811,KEEP,keep,kept directory gauntlet/L63/
scratchpad/gauntlet/L63/s0/ownclick_frames/hogeq_k14_dt0.0.png,355500,KEEP,keep,kept directory gauntlet/L63/
scratchpad/gauntlet/L63/s0/ownclick_frames/hogeq_k14_dt0.5.png,360397,KEEP,keep,kept directory gauntlet/L63/
scratchpad/gauntlet/L63/s0/ownclick_frames/hogeq_k14_dt1.0.png,356632,KEEP,keep,kept directory gauntlet/L63/
scratchpad/gauntlet/L63/s0/ownclick_frames/hogeq_k19_dt0.0.png,354905,KEEP,keep,kept directory gauntlet/L63/
scratchpad/gauntlet/L63/s0/ownclick_frames/hogeq_k19_dt0.5.png,361598,KEEP,keep,kept directory gauntlet/L63/
scratchpad/gauntlet/L63/s0/ownclick_frames/hogeq_k19_dt1.0.png,358966,KEEP,keep,kept directory gauntlet/L63/
scratchpad/gauntlet/L63/s0/ownclick_frames/hogeq_k1_dt0.0.png,360355,KEEP,keep,kept directory gauntlet/L63/
scratchpad/gauntlet/L63/s0/ownclick_frames/hogeq_k1_dt0.5.png,352084,KEEP,keep,kept directory gauntlet/L63/
scratchpad/gauntlet/L63/s0/ownclick_frames/hogeq_k1_dt1.0.png,353887,KEEP,keep,kept directory gauntlet/L63/
scratchpad/gauntlet/L63/s0/ownclick_frames/hogeq_k37_dt0.0.png,369447,KEEP,keep,kept directory gauntlet/L63/
scratchpad/gauntlet/L63/s0/ownclick_frames/hogeq_k37_dt0.5.png,373678,KEEP,keep,kept directory gauntlet/L63/
scratchpad/gauntlet/L63/s0/ownclick_frames/hogeq_k37_dt1.0.png,370079,KEEP,keep,kept directory gauntlet/L63/
scratchpad/gauntlet/L63/s0/ownclick_frames/hogeq_k5_dt0.0.png,349382,KEEP,keep,kept directory gauntlet/L63/
scratchpad/gauntlet/L63/s0/ownclick_frames/hogeq_k5_dt0.5.png,360915,KEEP,keep,kept directory gauntlet/L63/
scratchpad/gauntlet/L63/s0/ownclick_frames/hogeq_k5_dt1.0.png,365367,KEEP,keep,kept directory gauntlet/L63/
scratchpad/gauntlet/L63/s0/ownclick_frames/hogeq_k6_dt0.0.png,354636,KEEP,keep,kept directory gauntlet/L63/
scratchpad/gauntlet/L63/s0/ownclick_frames/hogeq_k6_dt0.5.png,355998,KEEP,keep,kept directory gauntlet/L63/
scratchpad/gauntlet/L63/s0/ownclick_frames/hogeq_k6_dt1.0.png,353733,KEEP,keep,kept directory gauntlet/L63/
scratchpad/gauntlet/L63/s0/ownclick_hogeq.log,280,KEEP,keep,kept directory gauntlet/L63/
scratchpad/gauntlet/L63/s0/ownclick_hogeq_194419.json,773329,KEEP,keep,kept directory gauntlet/L63/
scratchpad/gauntlet/L63/s0/ownclick_icebow_173304.json,601208,KEEP,keep,kept directory gauntlet/L63/
scratchpad/gauntlet/L63/s0/ownclick_icebow_192006.json,388391,KEEP,keep,kept directory gauntlet/L63/
scratchpad/gauntlet/L63/s0/ownclick_icebow_222309.json,3717213,KEEP,keep,kept directory gauntlet/L63/
scratchpad/gauntlet/L63/s0/ownclick_run.py,9550,KEEP,keep,kept directory gauntlet/L63/
scratchpad/gauntlet/L63/s0/patch_tools.py,6124,KEEP,keep,kept directory gauntlet/L63/
scratchpad/gauntlet/L63/s0/smoke_v3.out,2369,KEEP,keep,kept directory gauntlet/L63/
scratchpad/gauntlet/L63/s0/smoke_v3.py,1873,KEEP,keep,kept directory gauntlet/L63/
scratchpad/gauntlet/L63/s0/sweep_check.py,1221,KEEP,keep,kept directory gauntlet/L63/
scratchpad/gauntlet/L63/seat_ijcai2019.txt,33903,KEEP,keep,kept directory gauntlet/L63/
scratchpad/gauntlet/L63/yt/6Gm-pnNieMU.en.vtt,86577,KEEP,keep,kept directory gauntlet/L63/
scratchpad/gauntlet/L63/yt/6Gm-pnNieMU.info.json,604310,KEEP,keep,kept directory gauntlet/L63/
scratchpad/gauntlet/L63/yt/6Gm-pnNieMU.log,1645,KEEP,keep,kept directory gauntlet/L63/
scratchpad/gauntlet/L63/yt/6Gm-pnNieMU.txt,9205,KEEP,keep,kept directory gauntlet/L63/
scratchpad/gauntlet/L63/yt/GgvBpuCa1Ps.en.vtt,92714,KEEP,keep,kept directory gauntlet/L63/
scratchpad/gauntlet/L63/yt/GgvBpuCa1Ps.info.json,916365,KEEP,keep,kept directory gauntlet/L63/
scratchpad/gauntlet/L63/yt/GgvBpuCa1Ps.log,1648,KEEP,keep,kept directory gauntlet/L63/
scratchpad/gauntlet/L63/yt/GgvBpuCa1Ps.txt,9756,KEEP,keep,kept directory gauntlet/L63/
scratchpad/gauntlet/L63/yt/KfcE8rnf1JY.en.vtt,76649,KEEP,keep,kept directory gauntlet/L63/
scratchpad/gauntlet/L63/yt/KfcE8rnf1JY.info.json,779417,KEEP,keep,kept directory gauntlet/L63/
scratchpad/gauntlet/L63/yt/KfcE8rnf1JY.log,1648,KEEP,keep,kept directory gauntlet/L63/
scratchpad/gauntlet/L63/yt/KfcE8rnf1JY.txt,8160,KEEP,keep,kept directory gauntlet/L63/
scratchpad/gauntlet/L63/yt/Q4cVkUFjvCo.en.vtt,16361,KEEP,keep,kept directory gauntlet/L63/
scratchpad/gauntlet/L63/yt/Q4cVkUFjvCo.info.json,1082762,KEEP,keep,kept directory gauntlet/L63/
scratchpad/gauntlet/L63/yt/Q4cVkUFjvCo.log,1549,KEEP,keep,kept directory gauntlet/L63/
scratchpad/gauntlet/L63/yt/Q4cVkUFjvCo.txt,11510,KEEP,keep,kept directory gauntlet/L63/
scratchpad/gauntlet/L63/yt/RR_YZ2OivKI.en.vtt,101742,KEEP,keep,kept directory gauntlet/L63/
scratchpad/gauntlet/L63/yt/RR_YZ2OivKI.info.json,607676,KEEP,keep,kept directory gauntlet/L63/
scratchpad/gauntlet/L63/yt/RR_YZ2OivKI.log,1646,KEEP,keep,kept directory gauntlet/L63/
scratchpad/gauntlet/L63/yt/RR_YZ2OivKI.txt,10819,KEEP,keep,kept directory gauntlet/L63/
scratchpad/gauntlet/L63/yt/WbvzOAg9LsQ.en.vtt,156837,KEEP,keep,kept directory gauntlet/L63/
scratchpad/gauntlet/L63/yt/WbvzOAg9LsQ.info.json,513021,KEEP,keep,kept directory gauntlet/L63/
scratchpad/gauntlet/L63/yt/WbvzOAg9LsQ.log,1694,KEEP,keep,kept directory gauntlet/L63/
scratchpad/gauntlet/L63/yt/WbvzOAg9LsQ.txt,15589,KEEP,keep,kept directory gauntlet/L63/
scratchpad/gauntlet/L64/build_manifest.py,4358,KEEP,keep,kept directory gauntlet/L64/
scratchpad/gauntlet/L64/cleanup.md,6176,KEEP,keep,kept directory gauntlet/L64/
scratchpad/gauntlet/L64/cleanup_manifest.csv,521894,KEEP,keep,kept directory gauntlet/L64/
scratchpad/gauntlet/L64/probe_pf.out,4026,KEEP,keep,kept directory gauntlet/L64/
scratchpad/gauntlet/L7/gate_snap.pt,1935025,KEEP,keep,checkpoint: never delete weights
scratchpad/gauntlet/L7/probe_18k_s0.json,1659,DELETE,delete,L1-L61 loop bulk
scratchpad/gauntlet/L7/probe_18k_s1.json,1641,DELETE,delete,L1-L61 loop bulk
scratchpad/gauntlet/L7/probe_18k_s2.json,1661,DELETE,delete,L1-L61 loop bulk
scratchpad/gauntlet/L7/probe_gate_s0.json,1705,DELETE,delete,L1-L61 loop bulk
scratchpad/gauntlet/L7/probe_gate_s1.json,1728,DELETE,delete,L1-L61 loop bulk
scratchpad/gauntlet/L7/probe_gate_s2.json,1675,DELETE,delete,L1-L61 loop bulk
scratchpad/gauntlet/L8/gate_m4k.pt,1935025,KEEP,keep,checkpoint: never delete weights
scratchpad/gauntlet/L8/m4k_fb0_s0.json,2472,DELETE,delete,L1-L61 loop bulk
scratchpad/gauntlet/L8/m4k_fb0_s1.json,2405,DELETE,delete,L1-L61 loop bulk
scratchpad/gauntlet/L8/m4k_fb0_s2.json,2451,DELETE,delete,L1-L61 loop bulk
scratchpad/gauntlet/L8/m4k_fb6_s0.json,2202,DELETE,delete,L1-L61 loop bulk
scratchpad/gauntlet/L8/m4k_fb6_s1.json,2148,DELETE,delete,L1-L61 loop bulk
scratchpad/gauntlet/L8/m4k_fb6_s2.json,2139,DELETE,delete,L1-L61 loop bulk
scratchpad/gauntlet/L9/gate_m5k.pt,1935025,KEEP,keep,checkpoint: never delete weights
scratchpad/gauntlet/L9/m5k_s0.json,2650,DELETE,delete,L1-L61 loop bulk
scratchpad/gauntlet/L9/m5k_s0.txt,1177,DELETE,delete,L1-L61 loop bulk
scratchpad/gauntlet/L9/m5k_s1.json,2527,DELETE,delete,L1-L61 loop bulk
scratchpad/gauntlet/L9/m5k_s1.txt,1165,DELETE,delete,L1-L61 loop bulk
scratchpad/gauntlet/L9/m5k_s2.json,2613,DELETE,delete,L1-L61 loop bulk
scratchpad/gauntlet/L9/m5k_s2.txt,1175,DELETE,delete,L1-L61 loop bulk
scratchpad/hlog_hbase.txt,1434,DELETE,delete,root loop bulk (L1-L61 result/log/corpus)
scratchpad/hlog_hc030.txt,1434,DELETE,delete,root loop bulk (L1-L61 result/log/corpus)
scratchpad/hlog_hctl083.txt,1498,DELETE,delete,root loop bulk (L1-L61 result/log/corpus)
scratchpad/hlog_hk3.txt,1370,DELETE,delete,root loop bulk (L1-L61 result/log/corpus)
scratchpad/hlog_hn045.txt,1434,DELETE,delete,root loop bulk (L1-L61 result/log/corpus)
scratchpad/hlog_hx045.txt,1434,DELETE,delete,root loop bulk (L1-L61 result/log/corpus)
scratchpad/hlog_jbase.txt,1434,DELETE,delete,root loop bulk (L1-L61 result/log/corpus)
scratchpad/hlog_jctl083.txt,1498,DELETE,delete,root loop bulk (L1-L61 result/log/corpus)
scratchpad/hlog_jk3.txt,1370,DELETE,delete,root loop bulk (L1-L61 result/log/corpus)
scratchpad/hlog_jn045.txt,1434,DELETE,delete,root loop bulk (L1-L61 result/log/corpus)
scratchpad/hlog_rbase.txt,1434,DELETE,delete,root loop bulk (L1-L61 result/log/corpus)
scratchpad/hn.pt,1933909,KEEP,keep,checkpoint: never delete weights
scratchpad/hog_nosearch.pt,1935677,KEEP,keep,checkpoint: never delete weights
scratchpad/hog_search.pt,1935605,KEEP,keep,checkpoint: never delete weights
scratchpad/hs.pt,1933909,KEEP,keep,checkpoint: never delete weights
scratchpad/id_reuse_probe.py,2051,KEEP,keep,root instrument/config/report
scratchpad/id_reuse_probe2.py,1775,KEEP,keep,root instrument/config/report
scratchpad/king_mask_probe.py,1724,KEEP,keep,root instrument/config/report
scratchpad/live_assist_probe.py,3589,KEEP,keep,root instrument/config/report
scratchpad/live_grid_probe.py,4729,KEEP,keep,root instrument/config/report
scratchpad/live_grid_probe2.py,3517,KEEP,keep,root instrument/config/report
scratchpad/log_base.txt,1401,DELETE,delete,root loop bulk (L1-L61 result/log/corpus)
scratchpad/log_ceil.txt,1411,DELETE,delete,root loop bulk (L1-L61 result/log/corpus)
scratchpad/log_cl12.txt,364,DELETE,delete,root loop bulk (L1-L61 result/log/corpus)
scratchpad/log_cl20.txt,364,DELETE,delete,root loop bulk (L1-L61 result/log/corpus)
scratchpad/log_cl30.txt,364,DELETE,delete,root loop bulk (L1-L61 result/log/corpus)
scratchpad/log_clfull.txt,384,DELETE,delete,root loop bulk (L1-L61 result/log/corpus)
scratchpad/log_controls.txt,13,DELETE,delete,root loop bulk (L1-L61 result/log/corpus)
scratchpad/log_fplay.txt,1442,DELETE,delete,root loop bulk (L1-L61 result/log/corpus)
scratchpad/log_h06.txt,1382,DELETE,delete,root loop bulk (L1-L61 result/log/corpus)
scratchpad/log_h12.txt,1382,DELETE,delete,root loop bulk (L1-L61 result/log/corpus)
scratchpad/log_h12c3.txt,1446,DELETE,delete,root loop bulk (L1-L61 result/log/corpus)
scratchpad/log_h12cr0.txt,1479,DELETE,delete,root loop bulk (L1-L61 result/log/corpus)
scratchpad/log_h12cr3.txt,1479,DELETE,delete,root loop bulk (L1-L61 result/log/corpus)
scratchpad/log_h12n1.txt,1448,DELETE,delete,root loop bulk (L1-L61 result/log/corpus)
scratchpad/log_h12ro.txt,1447,DELETE,delete,root loop bulk (L1-L61 result/log/corpus)
scratchpad/log_h16.txt,1348,DELETE,delete,root loop bulk (L1-L61 result/log/corpus)
scratchpad/log_h20.txt,1383,DELETE,delete,root loop bulk (L1-L61 result/log/corpus)
scratchpad/log_h3.txt,1350,DELETE,delete,root loop bulk (L1-L61 result/log/corpus)
scratchpad/log_h30.txt,1348,DELETE,delete,root loop bulk (L1-L61 result/log/corpus)
scratchpad/log_h40.txt,1383,DELETE,delete,root loop bulk (L1-L61 result/log/corpus)
scratchpad/log_h5.txt,1350,DELETE,delete,root loop bulk (L1-L61 result/log/corpus)
scratchpad/log_h8.txt,1350,DELETE,delete,root loop bulk (L1-L61 result/log/corpus)
scratchpad/log_hfull.txt,1412,DELETE,delete,root loop bulk (L1-L61 result/log/corpus)
scratchpad/log_jit.txt,1348,DELETE,delete,root loop bulk (L1-L61 result/log/corpus)
scratchpad/log_jitD.txt,1380,DELETE,delete,root loop bulk (L1-L61 result/log/corpus)
scratchpad/log_jitP.txt,1380,DELETE,delete,root loop bulk (L1-L61 result/log/corpus)
scratchpad/log_jP005.txt,1412,DELETE,delete,root loop bulk (L1-L61 result/log/corpus)
scratchpad/log_jP025.txt,1412,DELETE,delete,root loop bulk (L1-L61 result/log/corpus)
scratchpad/log_jP100.txt,1412,DELETE,delete,root loop bulk (L1-L61 result/log/corpus)
scratchpad/log_k2.txt,1316,DELETE,delete,root loop bulk (L1-L61 result/log/corpus)
scratchpad/log_k8.txt,1316,DELETE,delete,root loop bulk (L1-L61 result/log/corpus)
scratchpad/log_n1.txt,1317,DELETE,delete,root loop bulk (L1-L61 result/log/corpus)
scratchpad/log_n10.txt,1345,DELETE,delete,root loop bulk (L1-L61 result/log/corpus)
scratchpad/log_n3.txt,1316,DELETE,delete,root loop bulk (L1-L61 result/log/corpus)
scratchpad/log_phE.txt,1345,DELETE,delete,root loop bulk (L1-L61 result/log/corpus)
scratchpad/log_phL.txt,1345,DELETE,delete,root loop bulk (L1-L61 result/log/corpus)
scratchpad/log_phM.txt,1344,DELETE,delete,root loop bulk (L1-L61 result/log/corpus)
scratchpad/log_pobs.txt,1401,DELETE,delete,root loop bulk (L1-L61 result/log/corpus)
scratchpad/log_pp2.txt,117,DELETE,delete,root loop bulk (L1-L61 result/log/corpus)
scratchpad/log_sBASE.txt,198,DELETE,delete,root loop bulk (L1-L61 result/log/corpus)
scratchpad/log_sCEIL.txt,211,DELETE,delete,root loop bulk (L1-L61 result/log/corpus)
scratchpad/log_sK2.txt,197,DELETE,delete,root loop bulk (L1-L61 result/log/corpus)
scratchpad/log_sN1.txt,201,DELETE,delete,root loop bulk (L1-L61 result/log/corpus)
scratchpad/log_sN5.txt,197,DELETE,delete,root loop bulk (L1-L61 result/log/corpus)
scratchpad/log_tau0.02.txt,414,DELETE,delete,root loop bulk (L1-L61 result/log/corpus)
scratchpad/log_tau0.05.txt,414,DELETE,delete,root loop bulk (L1-L61 result/log/corpus)
scratchpad/log_tau0.10.txt,414,DELETE,delete,root loop bulk (L1-L61 result/log/corpus)
scratchpad/log_tau0.15.txt,414,DELETE,delete,root loop bulk (L1-L61 result/log/corpus)
scratchpad/log_tau0.35.txt,1497,DELETE,delete,root loop bulk (L1-L61 result/log/corpus)
scratchpad/log_tau0.45.txt,1497,DELETE,delete,root loop bulk (L1-L61 result/log/corpus)
scratchpad/log_tau0.60.txt,1497,DELETE,delete,root loop bulk (L1-L61 result/log/corpus)
scratchpad/log_vA.txt,116,DELETE,delete,root loop bulk (L1-L61 result/log/corpus)
scratchpad/log_vA2.txt,115,DELETE,delete,root loop bulk (L1-L61 result/log/corpus)
scratchpad/log_vA3.txt,117,DELETE,delete,root loop bulk (L1-L61 result/log/corpus)
scratchpad/log_vB.txt,163,DELETE,delete,root loop bulk (L1-L61 result/log/corpus)
scratchpad/ref_line_probe.py,3295,KEEP,keep,root instrument/config/report
scratchpad/remote_veto_smoke.py,2013,KEEP,keep,root instrument/config/report
scratchpad/report_L47b.md,2992,KEEP,keep,root instrument/config/report
scratchpad/report_L48.md,3391,KEEP,keep,root instrument/config/report
scratchpad/report_L48b.md,3293,KEEP,keep,root instrument/config/report
scratchpad/report_L48c.md,2623,KEEP,keep,root instrument/config/report
scratchpad/report_L48d.md,3123,KEEP,keep,root instrument/config/report
scratchpad/report_L49.md,2983,KEEP,keep,root instrument/config/report
scratchpad/report_L50.md,2051,KEEP,keep,root instrument/config/report
scratchpad/report_L50a.md,1106,KEEP,keep,root instrument/config/report
scratchpad/report_L51.md,3247,KEEP,keep,root instrument/config/report
scratchpad/report_L52.md,2790,KEEP,keep,root instrument/config/report
scratchpad/report_L53.md,2875,KEEP,keep,root instrument/config/report
scratchpad/report_L54.md,2157,KEEP,keep,root instrument/config/report
scratchpad/report_L55.md,3221,KEEP,keep,root instrument/config/report
scratchpad/report_L56.md,3193,KEEP,keep,root instrument/config/report
scratchpad/report_L57.md,3721,KEEP,keep,root instrument/config/report
scratchpad/report_L58.md,2962,KEEP,keep,root instrument/config/report
scratchpad/report_L59.md,2286,KEEP,keep,root instrument/config/report
scratchpad/report_L59b.md,2265,KEEP,keep,root instrument/config/report
scratchpad/report_L59c.md,2072,KEEP,keep,root instrument/config/report
scratchpad/report_L60.md,2002,KEEP,keep,root instrument/config/report
scratchpad/report_L60b.md,2165,KEEP,keep,root instrument/config/report
scratchpad/report_L60c.md,1609,KEEP,keep,root instrument/config/report
scratchpad/report_L60d.md,1980,KEEP,keep,root instrument/config/report
scratchpad/report_L61.md,3554,KEEP,keep,root instrument/config/report
scratchpad/report_L61b.md,1887,KEEP,keep,root instrument/config/report
scratchpad/report_L61c.md,1719,KEEP,keep,root instrument/config/report
scratchpad/report_L62.md,1484,KEEP,keep,root instrument/config/report
scratchpad/report_L62b.md,2294,KEEP,keep,root instrument/config/report
scratchpad/report_L62c.md,2231,KEEP,keep,root instrument/config/report
scratchpad/report_L62d.md,2483,KEEP,keep,root instrument/config/report
scratchpad/report_L62e.md,2638,KEEP,keep,root instrument/config/report
scratchpad/report_L62f.md,2979,KEEP,keep,root instrument/config/report
scratchpad/report_L62g.md,2784,KEEP,keep,root instrument/config/report
scratchpad/report_L62h.md,2477,KEEP,keep,root instrument/config/report
scratchpad/report_L62j.md,2479,KEEP,keep,root instrument/config/report
scratchpad/report_L62k.md,1880,KEEP,keep,root instrument/config/report
scratchpad/report_L62l.md,2014,KEEP,keep,root instrument/config/report
scratchpad/restraint_head.pt,107893,KEEP,keep,checkpoint: never delete weights
scratchpad/reward_ledger.log,3972,DELETE,delete,root loop bulk (L1-L61 result/log/corpus)
scratchpad/reward_ledger_m18000.json,20007,DELETE,delete,root loop bulk (L1-L61 result/log/corpus)
scratchpad/rollout_search.py,31547,KEEP,keep,root instrument/config/report
scratchpad/rs_analyze.py,6706,KEEP,keep,root instrument/config/report
scratchpad/rs_base.json,185399,DELETE,delete,root loop bulk (L1-L61 result/log/corpus)
scratchpad/rs_ceil.json,1286605,DELETE,delete,root loop bulk (L1-L61 result/log/corpus)
scratchpad/rs_cl12.json,93066,DELETE,delete,root loop bulk (L1-L61 result/log/corpus)
scratchpad/rs_cl20.json,92882,DELETE,delete,root loop bulk (L1-L61 result/log/corpus)
scratchpad/rs_cl30.json,87257,DELETE,delete,root loop bulk (L1-L61 result/log/corpus)
scratchpad/rs_clfull.json,89888,DELETE,delete,root loop bulk (L1-L61 result/log/corpus)
scratchpad/rs_det0a.json,5038,DELETE,delete,root loop bulk (L1-L61 result/log/corpus)
scratchpad/rs_det0b.json,5039,DELETE,delete,root loop bulk (L1-L61 result/log/corpus)
scratchpad/rs_detSa.json,6183,DELETE,delete,root loop bulk (L1-L61 result/log/corpus)
scratchpad/rs_detSb.json,6186,DELETE,delete,root loop bulk (L1-L61 result/log/corpus)
scratchpad/rs_fplay.json,246342,DELETE,delete,root loop bulk (L1-L61 result/log/corpus)
scratchpad/rs_h06.json,175367,DELETE,delete,root loop bulk (L1-L61 result/log/corpus)
scratchpad/rs_h12.json,200232,DELETE,delete,root loop bulk (L1-L61 result/log/corpus)
scratchpad/rs_h12c3.json,204022,DELETE,delete,root loop bulk (L1-L61 result/log/corpus)
scratchpad/rs_h12cr0.json,198924,DELETE,delete,root loop bulk (L1-L61 result/log/corpus)
scratchpad/rs_h12cr3.json,200523,DELETE,delete,root loop bulk (L1-L61 result/log/corpus)
scratchpad/rs_h12n1.json,175397,DELETE,delete,root loop bulk (L1-L61 result/log/corpus)
scratchpad/rs_h12ro.json,204011,DELETE,delete,root loop bulk (L1-L61 result/log/corpus)
scratchpad/rs_h16.json,199776,DELETE,delete,root loop bulk (L1-L61 result/log/corpus)
scratchpad/rs_h20.json,196832,DELETE,delete,root loop bulk (L1-L61 result/log/corpus)
scratchpad/rs_h3.json,200620,DELETE,delete,root loop bulk (L1-L61 result/log/corpus)
scratchpad/rs_h30.json,197714,DELETE,delete,root loop bulk (L1-L61 result/log/corpus)
scratchpad/rs_h40.json,197080,DELETE,delete,root loop bulk (L1-L61 result/log/corpus)
scratchpad/rs_h5.json,201058,DELETE,delete,root loop bulk (L1-L61 result/log/corpus)
scratchpad/rs_h8.json,201755,DELETE,delete,root loop bulk (L1-L61 result/log/corpus)
scratchpad/rs_hb1.json,1804,DELETE,delete,root loop bulk (L1-L61 result/log/corpus)
scratchpad/rs_hb2.json,1804,DELETE,delete,root loop bulk (L1-L61 result/log/corpus)
scratchpad/rs_hfull.json,191865,DELETE,delete,root loop bulk (L1-L61 result/log/corpus)
scratchpad/rs_hs1.json,2250,DELETE,delete,root loop bulk (L1-L61 result/log/corpus)
scratchpad/rs_hs2.json,2249,DELETE,delete,root loop bulk (L1-L61 result/log/corpus)
scratchpad/rs_hs6.json,4442,DELETE,delete,root loop bulk (L1-L61 result/log/corpus)
scratchpad/rs_jit.json,421193,DELETE,delete,root loop bulk (L1-L61 result/log/corpus)
scratchpad/rs_jitD.json,200511,DELETE,delete,root loop bulk (L1-L61 result/log/corpus)
scratchpad/rs_jitP.json,187376,DELETE,delete,root loop bulk (L1-L61 result/log/corpus)
scratchpad/rs_jP005.json,200448,DELETE,delete,root loop bulk (L1-L61 result/log/corpus)
scratchpad/rs_jP025.json,188633,DELETE,delete,root loop bulk (L1-L61 result/log/corpus)
scratchpad/rs_jP100.json,186791,DELETE,delete,root loop bulk (L1-L61 result/log/corpus)
scratchpad/rs_k2.json,196641,DELETE,delete,root loop bulk (L1-L61 result/log/corpus)
scratchpad/rs_k8.json,200356,DELETE,delete,root loop bulk (L1-L61 result/log/corpus)
scratchpad/rs_leak.json,5078,DELETE,delete,root loop bulk (L1-L61 result/log/corpus)
scratchpad/rs_n1.json,178101,DELETE,delete,root loop bulk (L1-L61 result/log/corpus)
scratchpad/rs_n10.json,198337,DELETE,delete,root loop bulk (L1-L61 result/log/corpus)
scratchpad/rs_n3.json,200614,DELETE,delete,root loop bulk (L1-L61 result/log/corpus)
scratchpad/rs_nb1.json,1873,DELETE,delete,root loop bulk (L1-L61 result/log/corpus)
scratchpad/rs_nb2.json,2367,DELETE,delete,root loop bulk (L1-L61 result/log/corpus)
scratchpad/rs_phE.json,274869,DELETE,delete,root loop bulk (L1-L61 result/log/corpus)
scratchpad/rs_phL.json,278692,DELETE,delete,root loop bulk (L1-L61 result/log/corpus)
scratchpad/rs_phM.json,264866,DELETE,delete,root loop bulk (L1-L61 result/log/corpus)
scratchpad/rs_pobs.json,170549,DELETE,delete,root loop bulk (L1-L61 result/log/corpus)
scratchpad/rs_postcards.json,38312,DELETE,delete,root loop bulk (L1-L61 result/log/corpus)
scratchpad/rs_postpatch.json,6620,DELETE,delete,root loop bulk (L1-L61 result/log/corpus)
scratchpad/rs_pp2.json,4983,DELETE,delete,root loop bulk (L1-L61 result/log/corpus)
scratchpad/rs_repro0.json,8016,DELETE,delete,root loop bulk (L1-L61 result/log/corpus)
scratchpad/rs_rsmoke.json,4547,DELETE,delete,root loop bulk (L1-L61 result/log/corpus)
scratchpad/rs_sBASE.json,15371,DELETE,delete,root loop bulk (L1-L61 result/log/corpus)
scratchpad/rs_sCEIL.json,16286,DELETE,delete,root loop bulk (L1-L61 result/log/corpus)
scratchpad/rs_sK2.json,17100,DELETE,delete,root loop bulk (L1-L61 result/log/corpus)
scratchpad/rs_smoke.json,2444,DELETE,delete,root loop bulk (L1-L61 result/log/corpus)
scratchpad/rs_smoke0.json,12693,DELETE,delete,root loop bulk (L1-L61 result/log/corpus)
scratchpad/rs_smokeS.json,2763,DELETE,delete,root loop bulk (L1-L61 result/log/corpus)
scratchpad/rs_sN1.json,16804,DELETE,delete,root loop bulk (L1-L61 result/log/corpus)
scratchpad/rs_sN5.json,18285,DELETE,delete,root loop bulk (L1-L61 result/log/corpus)
scratchpad/rs_tau0.02.json,55387,DELETE,delete,root loop bulk (L1-L61 result/log/corpus)
scratchpad/rs_tau0.05.json,57078,DELETE,delete,root loop bulk (L1-L61 result/log/corpus)
scratchpad/rs_tau0.10.json,54343,DELETE,delete,root loop bulk (L1-L61 result/log/corpus)
scratchpad/rs_tau0.15.json,46920,DELETE,delete,root loop bulk (L1-L61 result/log/corpus)
scratchpad/rs_tau0.35.json,160123,DELETE,delete,root loop bulk (L1-L61 result/log/corpus)
scratchpad/rs_tau0.45.json,139987,DELETE,delete,root loop bulk (L1-L61 result/log/corpus)
scratchpad/rs_tau0.60.json,124209,DELETE,delete,root loop bulk (L1-L61 result/log/corpus)
scratchpad/rs_time12.json,3538,DELETE,delete,root loop bulk (L1-L61 result/log/corpus)
scratchpad/rs_time3.json,3822,DELETE,delete,root loop bulk (L1-L61 result/log/corpus)
scratchpad/rs_time5.json,4016,DELETE,delete,root loop bulk (L1-L61 result/log/corpus)
scratchpad/rs_time8.json,3684,DELETE,delete,root loop bulk (L1-L61 result/log/corpus)
scratchpad/rs_vA.json,4645,DELETE,delete,root loop bulk (L1-L61 result/log/corpus)
scratchpad/rs_vA2.json,2202,DELETE,delete,root loop bulk (L1-L61 result/log/corpus)
scratchpad/rs_vA3.json,2315,DELETE,delete,root loop bulk (L1-L61 result/log/corpus)
scratchpad/run_controls.sh,1249,KEEP,keep,root instrument/config/report
scratchpad/screen_hogeq_045.txt,2222,DELETE,delete,root loop bulk (L1-L61 result/log/corpus)
scratchpad/screen_icebow_045.txt,2429,DELETE,delete,root loop bulk (L1-L61 result/log/corpus)
scratchpad/search_smoke.pt,1935937,KEEP,keep,checkpoint: never delete weights
scratchpad/sm_off.log,15389,DELETE,delete,root loop bulk (L1-L61 result/log/corpus)
scratchpad/sm_off.pt,1934301,KEEP,keep,checkpoint: never delete weights
scratchpad/sm_on.log,12351,DELETE,delete,root loop bulk (L1-L61 result/log/corpus)
scratchpad/sm_on.pt,1934263,KEEP,keep,checkpoint: never delete weights
scratchpad/sm_on2.pt,1934301,KEEP,keep,checkpoint: never delete weights
scratchpad/sm_on3.pt,1934301,KEEP,keep,checkpoint: never delete weights
scratchpad/sm_on4.pt,1934301,KEEP,keep,checkpoint: never delete weights
scratchpad/smoke_distill.pt,1935975,KEEP,keep,checkpoint: never delete weights
scratchpad/spell_arms.py,48901,KEEP,keep,root instrument/config/report
scratchpad/spell_arms_valueform.py,51967,KEEP,keep,root instrument/config/report
scratchpad/stage_doc_slice.py,1617,KEEP,keep,root instrument/config/report
scratchpad/student_big.log,2183,DELETE,delete,root loop bulk (L1-L61 result/log/corpus)
scratchpad/sweep/cfg_1.0.yaml,193653,KEEP,keep,sweep/ config/instrument kept with its .pt
scratchpad/sweep/cfg_1.7.yaml,193653,KEEP,keep,sweep/ config/instrument kept with its .pt
scratchpad/sweep/cfg_2.5.yaml,193653,KEEP,keep,sweep/ config/instrument kept with its .pt
scratchpad/sweep/cfg_4.0.yaml,193653,KEEP,keep,sweep/ config/instrument kept with its .pt
scratchpad/sweep/cfg_6.0.yaml,193653,KEEP,keep,sweep/ config/instrument kept with its .pt
scratchpad/sweep/gp_1.0_41.log,524,DELETE,delete,sweep/ old A/B or sweep bulk (its .pt kept)
scratchpad/sweep/gp_1.0_42.log,524,DELETE,delete,sweep/ old A/B or sweep bulk (its .pt kept)
scratchpad/sweep/gp_1.0_43.log,524,DELETE,delete,sweep/ old A/B or sweep bulk (its .pt kept)
scratchpad/sweep/gp_1.7_41.log,524,DELETE,delete,sweep/ old A/B or sweep bulk (its .pt kept)
scratchpad/sweep/gp_1.7_42.log,524,DELETE,delete,sweep/ old A/B or sweep bulk (its .pt kept)
scratchpad/sweep/gp_1.7_43.log,524,DELETE,delete,sweep/ old A/B or sweep bulk (its .pt kept)
scratchpad/sweep/gp_2.5_41.log,524,DELETE,delete,sweep/ old A/B or sweep bulk (its .pt kept)
scratchpad/sweep/gp_2.5_42.log,524,DELETE,delete,sweep/ old A/B or sweep bulk (its .pt kept)
scratchpad/sweep/gp_2.5_43.log,524,DELETE,delete,sweep/ old A/B or sweep bulk (its .pt kept)
scratchpad/sweep/gp_4.0_41.log,525,DELETE,delete,sweep/ old A/B or sweep bulk (its .pt kept)
scratchpad/sweep/gp_4.0_42.log,524,DELETE,delete,sweep/ old A/B or sweep bulk (its .pt kept)
scratchpad/sweep/gp_4.0_43.log,524,DELETE,delete,sweep/ old A/B or sweep bulk (its .pt kept)
scratchpad/sweep/gp_6.0_41.log,524,DELETE,delete,sweep/ old A/B or sweep bulk (its .pt kept)
scratchpad/sweep/gp_6.0_42.log,524,DELETE,delete,sweep/ old A/B or sweep bulk (its .pt kept)
scratchpad/sweep/gp_6.0_43.log,524,DELETE,delete,sweep/ old A/B or sweep bulk (its .pt kept)
scratchpad/sweep/m1.0_s41.log,152175,DELETE,delete,sweep/ old A/B or sweep bulk (its .pt kept)
scratchpad/sweep/m1.0_s41.pt,1935785,KEEP,keep,checkpoint: never delete weights
scratchpad/sweep/m1.0_s42.log,146905,DELETE,delete,sweep/ old A/B or sweep bulk (its .pt kept)
scratchpad/sweep/m1.0_s42.pt,1935785,KEEP,keep,checkpoint: never delete weights
scratchpad/sweep/m1.0_s43.log,156463,DELETE,delete,sweep/ old A/B or sweep bulk (its .pt kept)
scratchpad/sweep/m1.0_s43.pt,1935785,KEEP,keep,checkpoint: never delete weights
scratchpad/sweep/m1.7_s41.log,157729,DELETE,delete,sweep/ old A/B or sweep bulk (its .pt kept)
scratchpad/sweep/m1.7_s41.pt,1935785,KEEP,keep,checkpoint: never delete weights
scratchpad/sweep/m1.7_s42.log,148083,DELETE,delete,sweep/ old A/B or sweep bulk (its .pt kept)
scratchpad/sweep/m1.7_s42.pt,1935785,KEEP,keep,checkpoint: never delete weights
scratchpad/sweep/m1.7_s43.log,155399,DELETE,delete,sweep/ old A/B or sweep bulk (its .pt kept)
scratchpad/sweep/m1.7_s43.pt,1935785,KEEP,keep,checkpoint: never delete weights
scratchpad/sweep/m2.5_s41.log,152675,DELETE,delete,sweep/ old A/B or sweep bulk (its .pt kept)
scratchpad/sweep/m2.5_s41.pt,1935785,KEEP,keep,checkpoint: never delete weights
scratchpad/sweep/m2.5_s42.log,158337,DELETE,delete,sweep/ old A/B or sweep bulk (its .pt kept)
scratchpad/sweep/m2.5_s42.pt,1935785,KEEP,keep,checkpoint: never delete weights
scratchpad/sweep/m2.5_s43.log,150562,DELETE,delete,sweep/ old A/B or sweep bulk (its .pt kept)
scratchpad/sweep/m2.5_s43.pt,1935785,KEEP,keep,checkpoint: never delete weights
scratchpad/sweep/m4.0_s41.log,156848,DELETE,delete,sweep/ old A/B or sweep bulk (its .pt kept)
scratchpad/sweep/m4.0_s41.pt,1935785,KEEP,keep,checkpoint: never delete weights
scratchpad/sweep/m4.0_s42.log,152326,DELETE,delete,sweep/ old A/B or sweep bulk (its .pt kept)
scratchpad/sweep/m4.0_s42.pt,1935785,KEEP,keep,checkpoint: never delete weights
scratchpad/sweep/m4.0_s43.log,153202,DELETE,delete,sweep/ old A/B or sweep bulk (its .pt kept)
scratchpad/sweep/m4.0_s43.pt,1935785,KEEP,keep,checkpoint: never delete weights
scratchpad/sweep/m6.0_s41.log,149871,DELETE,delete,sweep/ old A/B or sweep bulk (its .pt kept)
scratchpad/sweep/m6.0_s41.pt,1935785,KEEP,keep,checkpoint: never delete weights
scratchpad/sweep/m6.0_s42.log,150721,DELETE,delete,sweep/ old A/B or sweep bulk (its .pt kept)
scratchpad/sweep/m6.0_s42.pt,1935785,KEEP,keep,checkpoint: never delete weights
scratchpad/sweep/m6.0_s43.log,155631,DELETE,delete,sweep/ old A/B or sweep bulk (its .pt kept)
scratchpad/sweep/m6.0_s43.pt,1935785,KEEP,keep,checkpoint: never delete weights
scratchpad/sx_aim.json,184231,DELETE,delete,root loop bulk (L1-L61 result/log/corpus)
scratchpad/sx_analyze.py,3877,KEEP,keep,root instrument/config/report
scratchpad/sx_base2.json,185353,DELETE,delete,root loop bulk (L1-L61 result/log/corpus)
scratchpad/sx_bx.json,184919,DELETE,delete,root loop bulk (L1-L61 result/log/corpus)
scratchpad/sx_c030.json,176722,DELETE,delete,root loop bulk (L1-L61 result/log/corpus)
scratchpad/sx_c040.json,171001,DELETE,delete,root loop bulk (L1-L61 result/log/corpus)
scratchpad/sx_c050.json,171145,DELETE,delete,root loop bulk (L1-L61 result/log/corpus)
scratchpad/sx_cal_k1.json,8500,DELETE,delete,root loop bulk (L1-L61 result/log/corpus)
scratchpad/sx_cal_k2.json,8115,DELETE,delete,root loop bulk (L1-L61 result/log/corpus)
scratchpad/sx_cal_k3.json,6802,DELETE,delete,root loop bulk (L1-L61 result/log/corpus)
scratchpad/sx_cal_tr1.json,8283,DELETE,delete,root loop bulk (L1-L61 result/log/corpus)
scratchpad/sx_cs0.35.json,23651,DELETE,delete,root loop bulk (L1-L61 result/log/corpus)
scratchpad/sx_cs0.50.json,23694,DELETE,delete,root loop bulk (L1-L61 result/log/corpus)
scratchpad/sx_cs0.65.json,22648,DELETE,delete,root loop bulk (L1-L61 result/log/corpus)
scratchpad/sx_cs0.80.json,21285,DELETE,delete,root loop bulk (L1-L61 result/log/corpus)
scratchpad/sx_cs0.90.json,19326,DELETE,delete,root loop bulk (L1-L61 result/log/corpus)
scratchpad/sx_ctlany.json,191539,DELETE,delete,root loop bulk (L1-L61 result/log/corpus)
scratchpad/sx_ctlS3.json,149556,DELETE,delete,root loop bulk (L1-L61 result/log/corpus)
scratchpad/sx_ctlS5.json,119798,DELETE,delete,root loop bulk (L1-L61 result/log/corpus)
scratchpad/sx_ctlspl.json,179910,DELETE,delete,root loop bulk (L1-L61 result/log/corpus)
scratchpad/sx_drift.json,8379,DELETE,delete,root loop bulk (L1-L61 result/log/corpus)
scratchpad/sx_hbase.json,185057,DELETE,delete,root loop bulk (L1-L61 result/log/corpus)
scratchpad/sx_hc030.json,179363,DELETE,delete,root loop bulk (L1-L61 result/log/corpus)
scratchpad/sx_hctl083.json,149114,DELETE,delete,root loop bulk (L1-L61 result/log/corpus)
scratchpad/sx_hk3.json,149151,DELETE,delete,root loop bulk (L1-L61 result/log/corpus)
scratchpad/sx_hn045.json,148838,DELETE,delete,root loop bulk (L1-L61 result/log/corpus)
scratchpad/sx_hx045.json,165489,DELETE,delete,root loop bulk (L1-L61 result/log/corpus)
scratchpad/sx_jbase.json,184263,DELETE,delete,root loop bulk (L1-L61 result/log/corpus)
scratchpad/sx_jctl083.json,147758,DELETE,delete,root loop bulk (L1-L61 result/log/corpus)
scratchpad/sx_jk3.json,145494,DELETE,delete,root loop bulk (L1-L61 result/log/corpus)
scratchpad/sx_jn045.json,148715,DELETE,delete,root loop bulk (L1-L61 result/log/corpus)
scratchpad/sx_k1.json,182933,DELETE,delete,root loop bulk (L1-L61 result/log/corpus)
scratchpad/sx_k2.json,169059,DELETE,delete,root loop bulk (L1-L61 result/log/corpus)
scratchpad/sx_k3.json,150382,DELETE,delete,root loop bulk (L1-L61 result/log/corpus)
scratchpad/sx_k3aim.json,149875,DELETE,delete,root loop bulk (L1-L61 result/log/corpus)
scratchpad/sx_k4.json,132648,DELETE,delete,root loop bulk (L1-L61 result/log/corpus)
scratchpad/sx_k5.json,121295,DELETE,delete,root loop bulk (L1-L61 result/log/corpus)
scratchpad/sx_k7.json,110616,DELETE,delete,root loop bulk (L1-L61 result/log/corpus)
scratchpad/sx_k7log.json,155711,DELETE,delete,root loop bulk (L1-L61 result/log/corpus)
scratchpad/sx_knever.json,104973,DELETE,delete,root loop bulk (L1-L61 result/log/corpus)
scratchpad/sx_n010.json,178792,DELETE,delete,root loop bulk (L1-L61 result/log/corpus)
scratchpad/sx_n020.json,170565,DELETE,delete,root loop bulk (L1-L61 result/log/corpus)
scratchpad/sx_n045.json,150510,DELETE,delete,root loop bulk (L1-L61 result/log/corpus)
scratchpad/sx_n065.json,140161,DELETE,delete,root loop bulk (L1-L61 result/log/corpus)
scratchpad/sx_n090.json,131160,DELETE,delete,root loop bulk (L1-L61 result/log/corpus)
scratchpad/sx_nolog.json,153749,DELETE,delete,root loop bulk (L1-L61 result/log/corpus)
scratchpad/sx_nonado.json,163798,DELETE,delete,root loop bulk (L1-L61 result/log/corpus)
scratchpad/sx_norock.json,181292,DELETE,delete,root loop bulk (L1-L61 result/log/corpus)
scratchpad/sx_pair.py,1184,KEEP,keep,root instrument/config/report
scratchpad/sx_pool.py,1869,KEEP,keep,root instrument/config/report
scratchpad/sx_rbase.json,185212,DELETE,delete,root loop bulk (L1-L61 result/log/corpus)
scratchpad/sx_repro.json,8233,DELETE,delete,root loop bulk (L1-L61 result/log/corpus)
scratchpad/sx_repro2.json,8286,DELETE,delete,root loop bulk (L1-L61 result/log/corpus)
scratchpad/sx_smkA.json,4741,DELETE,delete,root loop bulk (L1-L61 result/log/corpus)
scratchpad/sx_smkE.json,4842,DELETE,delete,root loop bulk (L1-L61 result/log/corpus)
scratchpad/sx_smkW.json,4425,DELETE,delete,root loop bulk (L1-L61 result/log/corpus)
scratchpad/sx_tr1.json,177976,DELETE,delete,root loop bulk (L1-L61 result/log/corpus)
scratchpad/sx_v010.json,181136,DELETE,delete,root loop bulk (L1-L61 result/log/corpus)
scratchpad/sx_v020.json,176773,DELETE,delete,root loop bulk (L1-L61 result/log/corpus)
scratchpad/sx_v030.json,174585,DELETE,delete,root loop bulk (L1-L61 result/log/corpus)
scratchpad/sx_v045.json,171436,DELETE,delete,root loop bulk (L1-L61 result/log/corpus)
scratchpad/sx_v065.json,170359,DELETE,delete,root loop bulk (L1-L61 result/log/corpus)
scratchpad/sx_v090.json,169494,DELETE,delete,root loop bulk (L1-L61 result/log/corpus)
scratchpad/sx_vbase.json,579090,DELETE,delete,root loop bulk (L1-L61 result/log/corpus)
scratchpad/sx_vctl083.json,149398,DELETE,delete,root loop bulk (L1-L61 result/log/corpus)
scratchpad/sx_vk3.json,149721,DELETE,delete,root loop bulk (L1-L61 result/log/corpus)
scratchpad/sx_vneutral.json,8305,DELETE,delete,root loop bulk (L1-L61 result/log/corpus)
scratchpad/sx_vrepro.json,7561,DELETE,delete,root loop bulk (L1-L61 result/log/corpus)
scratchpad/sx_vrepro2.json,8866,DELETE,delete,root loop bulk (L1-L61 result/log/corpus)
scratchpad/sx_vrepro3.json,8305,DELETE,delete,root loop bulk (L1-L61 result/log/corpus)
scratchpad/sx_x030.json,171430,DELETE,delete,root loop bulk (L1-L61 result/log/corpus)
scratchpad/sx_x045.json,166383,DELETE,delete,root loop bulk (L1-L61 result/log/corpus)
scratchpad/sx_x065.json,162848,DELETE,delete,root loop bulk (L1-L61 result/log/corpus)
scratchpad/sx_x090.json,161791,DELETE,delete,root loop bulk (L1-L61 result/log/corpus)
scratchpad/sxlog_aim.txt,1369,DELETE,delete,root loop bulk (L1-L61 result/log/corpus)
scratchpad/sxlog_base2.txt,1433,DELETE,delete,root loop bulk (L1-L61 result/log/corpus)
scratchpad/sxlog_bx.txt,1337,DELETE,delete,root loop bulk (L1-L61 result/log/corpus)
scratchpad/sxlog_ctlany.txt,1465,DELETE,delete,root loop bulk (L1-L61 result/log/corpus)
scratchpad/sxlog_ctlS3.txt,1433,DELETE,delete,root loop bulk (L1-L61 result/log/corpus)
scratchpad/sxlog_ctlS5.txt,1433,DELETE,delete,root loop bulk (L1-L61 result/log/corpus)
scratchpad/sxlog_ctlspl.txt,1465,DELETE,delete,root loop bulk (L1-L61 result/log/corpus)
scratchpad/sxlog_k1.txt,1337,DELETE,delete,root loop bulk (L1-L61 result/log/corpus)
scratchpad/sxlog_k2.txt,1337,DELETE,delete,root loop bulk (L1-L61 result/log/corpus)
scratchpad/sxlog_k3.txt,1337,DELETE,delete,root loop bulk (L1-L61 result/log/corpus)
scratchpad/sxlog_k3aim.txt,1433,DELETE,delete,root loop bulk (L1-L61 result/log/corpus)
scratchpad/sxlog_k4.txt,1337,DELETE,delete,root loop bulk (L1-L61 result/log/corpus)
scratchpad/sxlog_k5.txt,1337,DELETE,delete,root loop bulk (L1-L61 result/log/corpus)
scratchpad/sxlog_k7.txt,1337,DELETE,delete,root loop bulk (L1-L61 result/log/corpus)
scratchpad/sxlog_k7log.txt,1433,DELETE,delete,root loop bulk (L1-L61 result/log/corpus)
scratchpad/sxlog_knever.txt,1465,DELETE,delete,root loop bulk (L1-L61 result/log/corpus)
scratchpad/sxlog_nolog.txt,1433,DELETE,delete,root loop bulk (L1-L61 result/log/corpus)
scratchpad/sxlog_nonado.txt,1465,DELETE,delete,root loop bulk (L1-L61 result/log/corpus)
scratchpad/sxlog_norock.txt,1465,DELETE,delete,root loop bulk (L1-L61 result/log/corpus)
scratchpad/sxlog_tr1.txt,1369,DELETE,delete,root loop bulk (L1-L61 result/log/corpus)
scratchpad/t1.pt,1933957,KEEP,keep,checkpoint: never delete weights
scratchpad/t2.pt,1933957,KEEP,keep,checkpoint: never delete weights
scratchpad/t2_hog.log,3249,DELETE,delete,root loop bulk (L1-L61 result/log/corpus)
scratchpad/t2_ice.log,3249,DELETE,delete,root loop bulk (L1-L61 result/log/corpus)
scratchpad/t3_hog.log,3249,DELETE,delete,root loop bulk (L1-L61 result/log/corpus)
scratchpad/t3_ice.log,3249,DELETE,delete,root loop bulk (L1-L61 result/log/corpus)
scratchpad/t4_hog.log,3249,DELETE,delete,root loop bulk (L1-L61 result/log/corpus)
scratchpad/t4_ice.log,3249,DELETE,delete,root loop bulk (L1-L61 result/log/corpus)
scratchpad/t5_hog.log,3936,DELETE,delete,root loop bulk (L1-L61 result/log/corpus)
scratchpad/t5_ice.log,1364,DELETE,delete,root loop bulk (L1-L61 result/log/corpus)
scratchpad/t6_hog.log,3249,DELETE,delete,root loop bulk (L1-L61 result/log/corpus)
scratchpad/t6_ice.log,1364,DELETE,delete,root loop bulk (L1-L61 result/log/corpus)
scratchpad/t_hog.log,3249,DELETE,delete,root loop bulk (L1-L61 result/log/corpus)
scratchpad/t_ice.log,3249,DELETE,delete,root loop bulk (L1-L61 result/log/corpus)
scratchpad/tests_hogeq.log,3249,DELETE,delete,root loop bulk (L1-L61 result/log/corpus)
scratchpad/tests_icebow.log,3249,DELETE,delete,root loop bulk (L1-L61 result/log/corpus)
scratchpad/tp_0.log,8663,DELETE,delete,root loop bulk (L1-L61 result/log/corpus)
scratchpad/tp_0.pt,1934225,KEEP,keep,checkpoint: never delete weights
scratchpad/tp_1.log,8519,DELETE,delete,root loop bulk (L1-L61 result/log/corpus)
scratchpad/tp_1.pt,1934225,KEEP,keep,checkpoint: never delete weights
scratchpad/veto_drill_acceptance.py,2996,KEEP,keep,root instrument/config/report
scratchpad/veto_drill_screen.py,3105,KEEP,keep,root instrument/config/report
scratchpad/veto_q0.1.log,405,DELETE,delete,root loop bulk (L1-L61 result/log/corpus)
scratchpad/veto_q0.2.log,405,DELETE,delete,root loop bulk (L1-L61 result/log/corpus)
scratchpad/veto_q0.3.log,404,DELETE,delete,root loop bulk (L1-L61 result/log/corpus)
scratchpad/veto_q0.5.log,454,DELETE,delete,root loop bulk (L1-L61 result/log/corpus)
scratchpad/vlog_c030.txt,1402,DELETE,delete,root loop bulk (L1-L61 result/log/corpus)
scratchpad/vlog_c040.txt,1402,DELETE,delete,root loop bulk (L1-L61 result/log/corpus)
scratchpad/vlog_c050.txt,1402,DELETE,delete,root loop bulk (L1-L61 result/log/corpus)
scratchpad/vlog_n010.txt,1401,DELETE,delete,root loop bulk (L1-L61 result/log/corpus)
scratchpad/vlog_n020.txt,1401,DELETE,delete,root loop bulk (L1-L61 result/log/corpus)
scratchpad/vlog_n045.txt,1401,DELETE,delete,root loop bulk (L1-L61 result/log/corpus)
scratchpad/vlog_n065.txt,1401,DELETE,delete,root loop bulk (L1-L61 result/log/corpus)
scratchpad/vlog_n090.txt,1401,DELETE,delete,root loop bulk (L1-L61 result/log/corpus)
scratchpad/vlog_v010.txt,1401,DELETE,delete,root loop bulk (L1-L61 result/log/corpus)
scratchpad/vlog_v020.txt,1401,DELETE,delete,root loop bulk (L1-L61 result/log/corpus)
scratchpad/vlog_v030.txt,1401,DELETE,delete,root loop bulk (L1-L61 result/log/corpus)
scratchpad/vlog_v045.txt,1401,DELETE,delete,root loop bulk (L1-L61 result/log/corpus)
scratchpad/vlog_v065.txt,1401,DELETE,delete,root loop bulk (L1-L61 result/log/corpus)
scratchpad/vlog_v090.txt,1401,DELETE,delete,root loop bulk (L1-L61 result/log/corpus)
scratchpad/vlog_vbase.txt,1433,DELETE,delete,root loop bulk (L1-L61 result/log/corpus)
scratchpad/vlog_vctl083.txt,1498,DELETE,delete,root loop bulk (L1-L61 result/log/corpus)
scratchpad/vlog_vk3.txt,1369,DELETE,delete,root loop bulk (L1-L61 result/log/corpus)
scratchpad/vlog_x030.txt,1402,DELETE,delete,root loop bulk (L1-L61 result/log/corpus)
scratchpad/vlog_x045.txt,1402,DELETE,delete,root loop bulk (L1-L61 result/log/corpus)
scratchpad/vlog_x065.txt,1402,DELETE,delete,root loop bulk (L1-L61 result/log/corpus)
scratchpad/vlog_x090.txt,1402,DELETE,delete,root loop bulk (L1-L61 result/log/corpus)
scratchpad/watchdog_search.log,3437,DELETE,delete,root loop bulk (L1-L61 result/log/corpus)
scratchpad/wr_eval_now.log,403,DELETE,delete,root loop bulk (L1-L61 result/log/corpus)
