seed,match,t,card,base,kind,tx,ty,threat,d_threat,n_enemy_troops,bb_detected,bb_case,p1_pull_band,p1_close_penalty,p2_cover,p3_intercept,p4_spell_frac,p4_nado,p4_king_activation,p5_timing,p6_siege,p7_fragility,sum
1234,0,0.0,ice_wizard,ice_wizard,troop,1.5,18.0,,0.0,0,0.0,0.0,0.0,0.0,0.5,0.0,0.0,0.0,0.0,0.0,0.0,0.0,0.5
1234,0,1.2,skeletons,skeletons,troop,9.5,31.33,hog_rider,16.77,1,0.0,0.0,0.0,0.0,0.5,0.0,0.0,0.0,0.0,0.4187,0.0,0.0,0.9187
1234,0,3.6,the_log,the_log,spell,3.5,18.0,hog_rider,10.5,2,0.0,0.0,0.0,0.0,0.5,0.0,0.0,0.0,0.0,0.0,0.0,0.0,0.5
1234,0,11.4,knight,knight,troop,14.5,19.33,,0.0,0,0.0,0.0,0.0,0.0,0.5,0.0,0.0,0.0,0.0,0.0,0.0,0.0,0.5
1234,0,28.8,x_bow,x_bow,building,1.5,18.0,zappies,14.78,3,0.0,0.0,0.0,0.0,0.5,0.0,0.0,0.0,0.0,0.0,1.0,0.0,1.5
1234,0,36.6,ice_wizard,ice_wizard,troop,3.5,18.0,zappies,9.87,3,0.0,0.0,0.0,0.0,0.5,0.0,0.0,0.0,0.0,0.0,0.0,0.0,0.5
1234,0,39.6,skeletons,skeletons,troop,9.5,31.33,zappies,13.54,2,0.0,0.0,0.0,0.0,0.5,0.0,0.0,0.0,0.0,0.0,0.0,0.0,0.5
1234,0,52.8,tesla,tesla,building,1.5,18.0,executioner,3.26,1,0.0,0.0,0.0482,0.0,0.5,0.0,0.0,0.0,0.0,0.4667,0.0,0.0,1.0148
1234,0,56.4,the_log,the_log,spell,3.5,18.0,executioner,2.5,2,0.0,0.0,0.0,0.0,0.5,0.0,0.0,0.0,0.0,0.0,0.0,0.0,0.5
1234,0,64.8,knight,knight,troop,12.5,30.0,ronin,6.84,1,0.0,0.0,0.0,0.0,0.5,0.0,0.0,0.0,0.0,0.0,0.0,0.0,0.5
1234,0,76.8,ice_wizard,ice_wizard,troop,1.5,18.0,hog_rider,12.49,1,0.0,0.0,0.0,0.0,0.4941,0.0,0.0,0.0,0.0,0.0,0.0,0.0,0.4941
1234,0,77.4,skeletons,skeletons,troop,9.5,31.33,hog_rider,12.05,1,0.0,0.0,0.0,0.0,0.5,0.0,0.0,0.0,0.0,1.0,0.0,0.0,1.5
1234,0,90.6,tesla,tesla,building,12.5,18.0,,0.0,0,0.0,0.0,0.0,0.0,0.0,0.0,0.0,0.0,0.0,0.0,0.0,0.0,0.0
1234,0,103.8,x_bow,x_bow,building,14.5,18.0,zappies,1.78,2,0.0,0.0,0.0,0.0,0.0,0.0,0.0,0.0,0.0,0.0,1.0,0.0,1.0
1234,0,111.0,the_log,the_log,spell,14.5,18.0,zappies,1.86,1,0.0,0.0,0.0,0.0,0.0,0.0,1.0,0.0,0.0,0.0,0.0,0.0,1.0
1234,0,118.2,knight_evo,knight,troop,1.5,18.0,ronin,11.06,2,0.0,0.0,0.0,0.0,0.5,0.0,0.0,0.0,0.0,0.0,0.0,0.0,0.5
1234,0,120.6,skeletons,skeletons,troop,9.5,31.33,ronin,4.76,2,0.0,0.0,0.0,0.0,0.5,0.0,0.0,0.0,0.0,0.0,0.0,-0.0,0.5
1234,0,125.4,ice_wizard,ice_wizard,troop,12.5,18.0,zappies,4.98,3,0.0,0.0,0.0,0.0,0.2804,0.0,0.0,0.0,0.0,0.0,0.0,0.0,0.2804
1234,0,132.6,tesla_evo,tesla,building,12.5,18.0,monk,12.59,1,0.0,0.0,0.0,-0.0,0.0,0.0,0.0,0.0,0.0,0.0,0.0,0.0,0.0
1234,0,138.6,x_bow,x_bow,building,1.5,18.0,monk,8.43,4,0.0,0.0,0.0,-0.0,0.5,0.0,0.0,0.0,0.0,0.0,0.0,0.0,0.5
1234,0,141.6,the_log,the_log,spell,3.5,18.0,monk,5.14,4,0.0,0.0,0.0,0.0,0.5,0.0,0.0,0.0,0.0,0.0,0.0,0.0,0.5
1234,0,142.8,skeletons,skeletons,troop,9.5,31.33,monk,18.15,4,0.0,0.0,0.0,0.0,0.5,0.0,0.0,0.0,0.0,0.0,0.0,-0.0,0.5
1234,0,147.0,knight,knight,troop,3.5,18.0,monk,0.76,5,0.0,0.0,0.0,0.0,0.5,1.0,0.0,0.0,0.0,0.2672,0.0,0.0,1.7672
1234,0,151.2,ice_wizard,ice_wizard,troop,1.5,18.0,hog_rider,3.75,5,0.0,0.0,0.0,0.0,0.5,0.0,0.0,0.0,0.0,0.0,0.0,0.0,0.5
1234,0,156.6,tornado,tornado,spell,0.5,16.67,zappies,2.82,4,0.0,0.0,0.0,0.0,0.057,0.0,1.0,0.1572,0.0,0.0,0.0,0.0,1.2143
1234,0,160.8,the_log,the_log,spell,0.5,19.33,zappies,1.27,4,0.0,0.0,0.0,0.0,0.5,0.0,1.0,0.0,0.0,0.0,0.0,0.0,1.5
1234,0,161.4,skeletons,skeletons,troop,9.5,31.33,zappies,13.78,4,0.0,0.0,0.0,0.0,0.5,0.0,0.0,0.0,0.0,0.0,0.0,0.0,0.5
1234,0,163.8,knight,knight,troop,5.5,24.67,zappies,7.32,5,0.0,0.0,0.0,0.0,0.5,0.5,0.0,0.0,0.0,1.0,0.0,0.0,2.0
1234,0,168.0,ice_wizard,ice_wizard,troop,2.5,18.0,zappies,0.53,5,0.0,0.0,0.0,0.0,0.5,0.0,0.0,0.0,0.0,0.2481,0.0,0.0,0.7481
1234,0,174.0,tesla,tesla,building,1.5,18.0,monk,11.26,1,0.0,0.0,0.0,-0.0,0.5,0.0,0.0,0.0,0.0,1.0,0.0,0.0,1.5
1234,0,182.4,x_bow,x_bow,building,3.5,18.0,hog_rider,10.46,2,0.0,0.0,0.0,-0.0,0.5,0.0,0.0,0.0,0.0,0.0,0.0,0.0,0.5
1234,1,0.0,knight,knight,troop,12.5,30.0,,0.0,0,0.0,0.0,0.0,0.0,0.5,0.0,0.0,0.0,0.0,0.0,0.0,0.0,0.5
1234,1,3.6,ice_wizard,ice_wizard,troop,1.5,18.0,,0.0,0,0.0,0.0,0.0,0.0,0.5,0.0,0.0,0.0,0.0,0.0,0.0,0.0,0.5
1234,1,6.0,skeletons,skeletons,troop,3.5,27.33,skeleton_army,9.1,18,0.0,0.0,0.0,0.0,0.5,0.0,0.0,0.0,0.0,0.0,0.0,-0.0,0.5
1234,1,16.8,tornado,tornado,spell,12.5,18.0,skeleton_army,9.53,9,0.0,0.0,0.0,0.0,0.5,0.0,0.0,0.0,0.0,0.0,0.0,0.0,0.5
1234,1,29.4,tesla,tesla,building,14.5,23.33,skeleton_army,0.0,8,0.0,0.0,0.1875,-1.0,0.5,0.0,0.0,0.0,0.0,1.0,0.0,0.0,0.6875
1234,1,37.2,knight,knight,troop,12.5,30.0,,0.0,0,0.0,0.0,0.0,0.0,0.5,0.0,0.0,0.0,0.0,0.0,0.0,0.0,0.5
1234,1,47.4,ice_wizard,ice_wizard,troop,1.5,18.0,lava_hound,1.75,1,0.0,0.0,0.0,0.0,0.0,0.0,0.0,0.0,0.0,1.0,0.0,0.0,1.0
1234,1,48.0,skeletons,skeletons,troop,9.5,31.33,lava_hound,12.44,2,0.0,0.0,0.0,0.0,0.5,0.0,0.0,0.0,0.0,1.0,0.0,0.0,1.5
1234,1,66.0,x_bow,x_bow,building,1.5,18.0,minions,15.11,9,0.0,0.0,0.0,0.0,0.0,0.0,0.0,0.0,0.0,0.0,1.0,0.0,1.0
1234,1,73.8,tesla,tesla,building,3.5,18.0,minions,10.74,18,0.0,0.0,0.0,0.0,0.0,0.0,0.0,0.0,0.0,1.0,0.0,0.0,1.0
1234,1,78.6,the_log,the_log,spell,3.5,18.0,minions,10.71,6,0.0,0.0,0.0,0.0,0.0,0.0,0.6667,0.0,0.0,0.0,0.0,0.0,0.6667
1234,1,87.0,knight_evo,knight,troop,5.5,18.0,,0.0,0,0.0,0.0,0.0,0.0,0.0,0.0,0.0,0.0,0.0,0.0,0.0,0.0,0.0
1234,1,90.6,skeletons,skeletons,troop,9.5,31.33,,0.0,0,0.0,0.0,0.0,0.0,0.5,0.0,0.0,0.0,0.0,0.0,0.0,0.0,0.5
1234,1,102.6,ice_wizard,ice_wizard,troop,12.5,18.0,inferno_dragon,9.42,1,0.0,0.0,0.0,0.0,0.0,0.0,0.0,0.0,0.0,0.0,0.0,0.0,0.0
1234,1,110.4,tesla_evo,tesla,building,1.5,18.0,minions,12.88,4,0.0,0.0,0.0,0.0,0.0,0.0,0.0,0.0,0.0,0.0,0.0,0.0,0.0
1234,1,124.8,x_bow,x_bow,building,3.5,18.0,skeleton_army,9.9,11,0.0,0.0,0.0,-0.0,0.0,0.0,0.0,0.0,0.0,0.0,0.0,0.0,0.0
1234,2,0.0,tesla,tesla,building,1.5,18.0,,0.0,0,0.0,0.0,0.0,0.0,0.5,0.0,0.0,0.0,0.0,0.0,0.0,0.0,0.5
1234,2,6.6,ice_wizard,ice_wizard,troop,14.5,23.33,royal_hogs,0.0,4,0.0,0.0,0.0,0.0,0.5,0.0,0.0,0.0,0.0,0.7809,0.0,0.0,1.2809
1234,2,9.0,skeletons,skeletons,troop,9.5,31.33,royal_hogs,7.27,3,0.0,0.0,0.0,0.0,0.5,0.0,0.0,0.0,0.0,0.0,0.0,0.0,0.5
1234,2,33.6,x_bow,x_bow,building,1.5,18.0,,0.0,0,0.0,0.0,0.0,0.0,0.5,0.0,0.0,0.0,0.0,0.0,1.0,0.0,1.5
1234,2,36.6,knight,knight,troop,12.5,30.0,,0.0,0,0.0,0.0,0.0,0.0,0.5,0.0,0.0,0.0,0.0,0.0,0.0,0.0,0.5
1234,2,44.4,the_log,the_log,spell,3.5,18.0,zappies,3.39,3,0.0,0.0,0.0,0.0,0.5,0.0,0.0,0.0,0.0,0.0,0.0,0.0,0.5
1234,2,48.0,ice_wizard,ice_wizard,troop,1.5,18.0,zappies,2.95,2,0.0,0.0,0.0,0.0,0.5,0.5,0.0,0.0,0.0,1.0,0.0,0.0,2.0
1234,2,51.0,skeletons,skeletons,troop,9.5,31.33,zappies,15.77,5,0.0,0.0,0.0,0.0,0.5,0.0,0.0,0.0,0.0,0.0,0.0,0.0,0.5
1234,2,63.6,tesla,tesla,building,1.5,18.0,zappies,2.72,5,0.0,0.0,0.0,0.0,0.5,0.0,0.0,0.0,0.0,1.0,0.0,0.0,1.5
1234,2,70.2,knight,knight,troop,3.5,18.0,zappies,12.79,3,0.0,0.0,0.0,0.0,0.5,0.0,0.0,0.0,0.0,0.0,0.0,0.0,0.5
1234,2,88.8,x_bow,x_bow,building,1.5,18.0,flying_machine,2.66,1,0.0,0.0,0.0,0.0,0.5,0.0,0.0,0.0,0.0,0.4222,1.0,0.0,1.9222
1234,2,103.8,ice_wizard,ice_wizard,troop,1.5,18.0,royal_hogs,10.11,4,0.0,0.0,0.0,0.0,0.5,0.0,0.0,0.0,0.0,0.0,0.0,0.0,0.5
1234,2,104.4,skeletons,skeletons,troop,9.5,31.33,royal_hogs,3.89,7,0.0,0.0,0.0,0.0,0.5,0.0,0.0,0.0,0.0,0.0,0.0,0.0,0.5
1234,2,112.2,tesla_evo,tesla,building,1.5,18.0,zappies,11.23,3,0.0,0.0,0.0,0.0,0.0,0.0,0.0,0.0,0.0,1.0,0.0,0.0,1.0
1234,2,115.8,the_log,the_log,spell,3.5,18.0,zappies,8.88,3,0.0,0.0,0.0,0.0,0.0,0.0,0.0,0.0,0.0,0.0,0.0,0.0,0.0
1234,2,121.8,knight_evo,knight,troop,3.5,18.0,zappies,11.5,2,0.0,0.0,0.0,0.0,0.0,0.0,0.0,0.0,0.0,0.0,0.0,0.0,0.0
1234,2,126.6,ice_wizard,ice_wizard,troop,3.5,18.0,zappies,11.5,3,0.0,0.0,0.0,0.0,0.0,0.0,0.0,0.0,0.0,0.0,0.0,0.0,0.0
1234,2,127.8,skeletons,skeletons,troop,9.5,31.33,zappies,7.36,3,0.0,0.0,0.0,0.0,0.0,0.0,0.0,0.0,0.0,0.0,0.0,0.0,0.0
1234,2,134.4,tesla,tesla,building,3.5,18.0,flying_machine,8.56,5,0.0,0.0,0.0,0.0,0.0,0.0,0.0,0.0,0.0,1.0,0.0,0.0,1.0
1234,2,142.2,x_bow,x_bow,building,5.5,18.0,zappies,4.84,2,0.0,0.0,0.2047,0.0,0.0,0.0,0.0,0.0,0.0,0.3647,1.0,0.0,1.5693
1234,2,144.6,the_log,the_log,spell,5.5,18.0,zappies,4.62,2,0.0,0.0,0.0,0.0,0.0,0.0,0.0,0.0,0.0,0.0,0.0,0.0,0.0
1234,2,148.8,knight,knight,troop,10.5,18.0,royal_hogs,1.46,4,0.0,0.0,0.0,0.0,0.0,0.0,0.0,0.0,0.0,0.1501,0.0,0.0,0.1501
1234,2,150.6,skeletons,skeletons,troop,9.5,31.33,royal_hogs,12.36,3,0.0,0.0,0.0,0.0,0.0,0.0,0.0,0.0,0.0,0.0,0.0,0.0,0.0
1234,2,155.4,tesla,tesla,building,14.5,18.0,flying_machine,1.0,3,0.0,0.0,0.0,0.0,0.0,0.0,0.0,0.0,0.0,1.0,0.0,0.0,1.0
1234,2,162.0,ice_wizard,ice_wizard,troop,1.5,18.0,zappies,4.9,4,0.0,0.0,0.0,0.0,0.0,0.0,0.0,0.0,0.0,0.0,0.0,0.0,0.0
1234,3,0.0,knight,knight,troop,12.5,30.0,,0.0,0,0.0,0.0,0.0,0.0,0.5,0.0,0.0,0.0,0.0,0.0,0.0,0.0,0.5
1234,3,0.6,skeletons,skeletons,troop,9.5,31.33,mini_pekka,17.42,1,0.0,0.0,0.0,0.0,0.5,0.0,0.0,0.0,0.0,1.0,0.0,-0.0,1.5
1234,3,12.0,ice_wizard,ice_wizard,troop,12.5,18.0,mini_pekka,9.96,1,0.0,0.0,0.0,0.0,0.0568,0.0,0.0,0.0,0.0,0.0,0.0,0.0,0.0568
1234,3,25.2,x_bow,x_bow,building,1.5,18.0,,0.0,0,0.0,0.0,0.0,0.0,0.0,0.0,0.0,0.0,0.0,0.0,1.0,0.0,1.0
1234,3,34.8,tesla,tesla,building,3.5,18.0,wizard,1.0,1,0.0,0.0,0.0,0.0,0.0,0.0,0.0,0.0,0.0,1.0,0.0,0.0,1.0
1234,3,40.8,the_log,the_log,spell,5.5,18.0,,0.0,0,0.0,0.0,0.0,0.0,0.0,0.0,0.0,0.0,0.0,0.0,0.0,0.0,0.0
1234,3,42.6,skeletons,skeletons,troop,9.5,31.33,,0.0,0,0.0,0.0,0.0,0.0,0.5,0.0,0.0,0.0,0.0,0.0,0.0,0.0,0.5
1234,3,51.0,knight,knight,troop,5.5,24.67,giant,1.24,1,0.0,0.0,0.0,0.0,0.5,1.0,0.0,0.0,0.0,1.0,0.0,0.0,2.5
1234,3,62.4,ice_wizard,ice_wizard,troop,1.5,18.0,mini_pekka,2.05,1,0.0,0.0,0.0,0.0,0.0,0.0,0.0,0.0,0.0,1.0,0.0,0.0,1.0
1234,3,73.2,tesla,tesla,building,1.5,18.0,,0.0,0,0.0,0.0,0.0,0.0,0.0,0.0,0.0,0.0,0.0,0.0,0.0,0.0,0.0
1234,3,85.2,tornado,tornado,spell,3.5,16.67,sparky,10.0,1,0.0,0.0,0.0,0.0,0.0,0.0,0.0,0.0,0.0,0.0,0.0,0.0,0.0
1234,3,85.8,skeletons,skeletons,troop,9.5,31.33,sparky,14.35,1,0.0,0.0,0.0,0.0,0.5,0.0,0.0,0.0,0.0,0.0,0.0,-0.0,0.5
1234,3,90.6,knight_evo,knight,troop,14.5,18.0,sparky,0.07,1,0.0,0.0,0.0,0.0,0.5,0.0,0.0,0.0,0.0,0.2833,0.0,0.0,0.7833
1234,3,107.4,x_bow,x_bow,building,1.5,18.0,,0.0,0,0.0,0.0,0.0,0.0,0.0,0.0,0.0,0.0,0.0,0.0,1.0,0.0,1.0
1234,3,118.8,tesla_evo,tesla,building,3.5,18.0,mini_pekka,10.31,1,0.0,0.0,0.0,-0.0,0.0,0.0,0.0,0.0,0.0,0.1259,0.0,0.0,0.1259
1234,3,125.4,ice_wizard,ice_wizard,troop,1.5,18.0,mini_pekka,13.39,2,0.0,0.0,0.0,0.0,0.5,0.0,0.0,0.0,0.0,0.0,0.0,0.0,0.5
1234,3,126.6,skeletons,skeletons,troop,9.5,31.33,mini_pekka,7.24,2,0.0,0.0,0.0,0.0,0.0,0.0,0.0,0.0,0.0,1.0,0.0,-0.0,1.0
1234,3,130.2,knight,knight,troop,14.5,19.33,mini_pekka,8.0,2,0.0,0.0,0.0,0.0,0.0,0.0,0.0,0.0,0.0,0.0,0.0,0.0,0.0
1234,3,136.8,tornado,tornado,spell,12.5,19.33,giant,2.1,1,0.0,0.0,0.0,0.0,0.0,0.0,1.0,0.4779,0.0,0.0,0.0,0.0,1.4779
1234,3,144.0,tesla,tesla,building,12.5,18.0,sparky,3.61,1,0.0,0.0,0.2553,0.0,0.0,0.0,0.0,0.0,0.0,1.0,0.0,0.0,1.2553
1234,3,147.6,ice_wizard,ice_wizard,troop,14.5,18.0,sparky,3.61,1,0.0,0.0,0.0,0.0,0.0,0.0,0.0,0.0,0.0,0.0,0.0,0.0,0.0
1234,3,148.8,skeletons,skeletons,troop,9.5,31.33,,0.0,0,0.0,0.0,0.0,0.0,0.0,0.0,0.0,0.0,0.0,0.0,0.0,0.0,0.0
1234,3,150.6,knight,knight,troop,12.5,18.0,mini_pekka,4.46,2,0.0,0.0,0.0,0.0,0.0,0.5,0.0,0.0,0.0,0.8741,0.0,0.0,1.3741
1234,3,163.8,x_bow,x_bow,building,14.5,18.0,giant,9.33,1,0.0,0.0,0.0056,-0.0,0.0,0.0,0.0,0.0,0.0,1.0,0.0,0.0,1.0056
1234,3,171.6,tesla,tesla,building,16.5,18.0,giant,10.59,1,0.0,0.0,0.0,-0.0,0.0,0.0,0.0,0.0,0.0,1.0,0.0,0.0,1.0
1234,3,172.2,ice_wizard,ice_wizard,troop,16.5,18.0,giant,10.66,1,0.0,0.0,0.0,0.0,0.0,0.0,0.0,0.0,0.0,0.0,0.0,0.0,0.0
1234,3,173.4,skeletons,skeletons,troop,9.5,31.33,giant,5.92,2,0.0,0.0,0.0,0.0,0.0,0.0,0.0,0.0,0.0,0.9264,0.0,0.0,0.9264
1234,3,175.8,knight_evo,knight,troop,1.5,18.0,giant,9.45,2,0.0,0.0,0.0,0.0,0.0,0.0,0.0,0.0,0.0,0.0,0.0,0.0,0.0
1234,3,183.6,x_bow,x_bow,building,1.5,18.0,,0.0,0,0.0,0.0,0.0,0.0,0.0,0.0,0.0,0.0,0.0,0.0,0.0,0.0,0.0
1234,3,193.8,tesla_evo,tesla,building,3.5,18.0,,0.0,0,0.0,0.0,0.0,0.0,0.0,0.0,0.0,0.0,0.0,0.0,0.0,0.0,0.0
1234,3,198.6,ice_wizard,ice_wizard,troop,5.5,18.0,,0.0,0,0.0,0.0,0.0,0.0,0.0,0.0,0.0,0.0,0.0,0.0,0.0,0.0,0.0
1234,3,199.8,skeletons,skeletons,troop,9.5,31.33,,0.0,0,0.0,0.0,0.0,0.0,0.0,0.0,0.0,0.0,0.0,0.0,0.0,0.0,0.0
1234,3,201.0,knight,knight,troop,12.5,30.0,,0.0,0,0.0,0.0,0.0,0.0,0.0,0.0,0.0,0.0,0.0,0.0,0.0,0.0,0.0
1234,3,205.8,the_log,the_log,spell,5.5,18.0,mini_pekka,11.3,1,0.0,0.0,0.0,0.0,0.0,0.0,0.0,0.0,0.0,0.0,0.0,0.0,0.0
1234,3,206.4,tesla,tesla,building,1.5,18.0,mini_pekka,11.3,1,0.0,0.0,0.0,-0.0,0.0,0.0,0.0,0.0,0.0,1.0,0.0,0.0,1.0
1234,3,212.4,ice_wizard,ice_wizard,troop,5.5,18.0,mini_pekka,5.37,2,0.0,0.0,0.0,0.0,0.0,0.0,0.0,0.0,0.0,0.6745,0.0,0.0,0.6745
1234,3,213.0,skeletons,skeletons,troop,9.5,31.33,mini_pekka,18.27,2,0.0,0.0,0.0,0.0,0.0,0.0,0.0,0.0,0.0,0.7839,0.0,-0.0,0.7839
1234,3,216.0,knight,knight,troop,5.5,18.0,wizard,5.14,1,0.0,0.0,0.0,0.0,0.0,1.0,0.0,0.0,0.0,0.0,0.0,0.0,1.0
1234,3,225.0,x_bow,x_bow,building,1.5,18.0,giant,0.84,2,0.0,0.0,0.1978,-0.5495,0.0,0.0,0.0,0.0,0.0,1.0,0.0,0.0,0.6482
1234,3,231.6,tesla,tesla,building,3.5,18.0,giant,0.99,2,0.0,0.0,0.2593,-0.4376,0.0,0.0,0.0,0.0,0.0,1.0,0.0,0.0,0.8217
1234,4,6.0,x_bow,x_bow,building,1.5,18.0,night_witch,13.22,3,0.0,0.0,0.0,-0.0,0.5,0.0,0.0,0.0,0.0,0.0,1.0,0.0,1.5
1234,4,11.4,knight,knight,troop,3.5,18.0,night_witch,8.29,5,0.0,0.0,0.0,0.0,0.5,1.0,0.0,0.0,0.0,0.0,0.0,0.0,1.5
1234,4,17.4,the_log,the_log,spell,3.5,18.0,mega_minion,1.21,9,0.0,0.0,0.0,0.0,0.5,0.0,0.7778,0.0,0.0,0.0,0.0,0.0,1.2778
1234,4,25.8,ice_wizard,ice_wizard,troop,1.5,18.0,mega_minion,4.38,9,0.0,0.0,0.0,0.0,0.5,0.0,0.0,0.0,0.0,0.0,0.0,0.0,0.5
1234,4,28.8,skeletons,skeletons,troop,9.5,31.33,night_witch,10.59,7,0.0,0.0,0.0,0.0,0.0,0.0,0.0,0.0,0.0,0.0,0.0,-0.0,0.0
1234,4,47.4,x_bow,x_bow,building,1.5,18.0,,0.0,0,0.0,0.0,0.0,0.0,0.0,0.0,0.0,0.0,0.0,0.0,1.0,0.0,1.0
1234,4,53.4,knight,knight,troop,12.5,30.0,,0.0,0,0.0,0.0,0.0,0.0,0.5,0.0,0.0,0.0,0.0,0.0,0.0,0.0,0.5
1234,4,64.2,tornado,tornado,spell,3.5,19.33,golem,0.44,1,0.0,0.0,0.0,0.0,0.0,0.0,1.0,0.775,0.0,0.0,0.0,0.0,1.775
1234,4,73.2,tesla,tesla,building,1.5,18.0,golem,7.16,2,0.0,0.0,0.0,-0.0,0.0,0.0,0.0,0.0,0.0,1.0,0.0,0.0,1.0
1234,4,76.2,skeletons,skeletons,troop,9.5,31.33,golem,4.75,2,0.0,0.0,0.0,0.0,0.5,0.0,0.0,0.0,0.0,0.3192,0.0,0.0,0.8192
1234,4,91.8,ice_wizard,ice_wizard,troop,3.5,18.0,golemite,9.57,3,0.0,0.0,0.0,0.0,0.5,0.0,0.0,0.0,0.0,0.0,0.0,0.0,0.5
1234,5,0.0,knight,knight,troop,12.5,30.0,,0.0,0,0.0,0.0,0.0,0.0,0.5,0.0,0.0,0.0,0.0,0.0,0.0,0.0,0.5
1234,5,5.4,ice_wizard,ice_wizard,troop,3.5,23.33,hog_rider,0.0,1,0.0,0.0,0.0,0.0,0.5,1.0,0.0,0.0,0.0,1.0,0.0,0.0,2.5
1234,5,20.4,x_bow,x_bow,building,1.5,18.0,executioner,4.01,1,0.0,0.0,0.5329,0.0,0.5,0.0,0.0,0.0,0.0,1.0,1.0,0.0,3.0329
1234,5,27.0,skeletons,skeletons,troop,9.5,31.33,executioner,18.56,1,0.0,0.0,0.0,0.0,0.5,0.0,0.0,0.0,0.0,0.0,0.0,0.0,0.5
1234,5,36.0,tesla,tesla,building,14.5,27.33,minion_horde,14.89,6,0.0,0.0,0.0,0.0,0.5,0.0,0.0,0.0,0.0,1.0,0.0,0.0,1.5
1234,5,39.6,the_log,the_log,spell,12.5,18.0,minion_horde,9.63,6,0.0,0.0,0.0,0.0,0.5,0.0,0.0,0.0,0.0,0.0,0.0,0.0,0.5
1234,5,48.0,knight,knight,troop,12.5,30.0,minion_horde,9.92,2,0.0,0.0,0.0,0.0,0.5,0.0,0.0,0.0,0.0,0.0,0.0,0.0,0.5
1234,5,57.0,ice_wizard,ice_wizard,troop,1.5,18.0,elite_barbarians,9.71,2,0.0,0.0,0.0,0.0,0.5,0.0,0.0,0.0,0.0,0.0,0.0,0.0,0.5
1234,5,59.4,skeletons,skeletons,troop,9.5,31.33,elite_barbarians,4.76,2,0.0,0.0,0.0,0.0,0.5,0.0,0.0,0.0,0.0,0.0,0.0,-0.0,0.5
1234,5,70.2,tesla,tesla,building,1.5,18.0,,0.0,0,0.0,0.0,0.0,0.0,0.0,0.0,0.0,0.0,0.0,0.0,0.0,0.0,0.0
1234,5,87.0,x_bow,x_bow,building,3.5,18.0,bandit,8.95,1,0.0,0.0,0.0,-0.0,0.0,0.0,0.0,0.0,0.0,0.0,1.0,0.0,1.0
1234,5,93.0,the_log,the_log,spell,3.5,18.0,bandit,6.12,1,0.0,0.0,0.0,0.0,0.0,0.0,0.0,0.0,0.0,0.0,0.0,0.0,0.0
1234,5,101.4,knight_evo,knight,troop,3.5,18.0,minion_horde,2.58,6,0.0,0.0,0.0,0.0,0.0,0.0,0.0,0.0,0.0,1.0,0.0,0.0,1.0
1234,5,103.8,skeletons,skeletons,troop,9.5,31.33,minion_horde,10.79,6,0.0,0.0,0.0,0.0,0.0,0.0,0.0,0.0,0.0,0.0,0.0,0.0,0.0
1234,5,112.2,ice_wizard,ice_wizard,troop,1.5,18.0,minion_horde,4.24,6,0.0,0.0,0.0,0.0,0.0,0.0,0.0,0.0,0.0,0.0,0.0,0.0,0.0
1234,5,121.8,tesla_evo,tesla,building,1.5,18.0,executioner,4.28,1,0.0,0.0,0.2275,0.0,0.0,0.0,0.0,0.0,0.0,0.0,0.0,0.0,0.2275
1234,5,129.6,tornado,tornado,spell,0.5,18.0,hog_rider,9.03,2,0.0,0.0,0.0,0.0,0.0,0.0,0.5556,0.0647,0.0,0.0,0.0,0.0,0.6202
1234,5,130.8,knight,knight,troop,0.5,20.67,hog_rider,8.7,4,0.0,0.0,0.0,0.0,0.5,0.0,0.0,0.0,0.0,0.0,0.0,0.0,0.5
1234,5,132.6,skeletons,skeletons,troop,9.5,31.33,elite_barbarians,13.92,3,0.0,0.0,0.0,0.0,0.5,0.0,0.0,0.0,0.0,1.0,0.0,-0.0,1.5
1234,6,0.0,knight,knight,troop,12.5,30.0,,0.0,0,0.0,0.0,0.0,0.0,0.5,0.0,0.0,0.0,0.0,0.0,0.0,0.0,0.5
1234,6,7.2,tesla,tesla,building,1.5,18.0,wall_breakers,3.25,3,0.0,0.0,0.75,-0.0,0.5,0.0,0.0,0.0,0.0,0.8759,0.0,0.0,2.1259
1234,6,26.4,x_bow,x_bow,building,1.5,18.0,goblin_gang,15.96,3,0.0,0.0,0.0,-0.0,0.5,0.0,0.0,0.0,0.0,0.7578,1.0,0.0,2.2578
1234,6,28.2,skeletons,skeletons,troop,9.5,31.33,goblin_gang,18.84,3,0.0,0.0,0.0,0.0,0.5,0.0,0.0,0.0,0.0,1.0,0.0,-0.0,1.5
1234,6,39.0,ice_wizard,ice_wizard,troop,3.5,18.0,,0.0,1,0.0,0.0,0.0,0.0,0.5,0.0,0.0,0.0,0.0,0.0,0.0,0.0,0.5
1234,6,39.6,the_log,the_log,spell,3.5,18.0,,0.0,1,0.0,0.0,0.0,0.0,0.5,0.0,1.0,0.0,0.0,0.0,0.0,0.0,1.5
1234,6,48.0,knight,knight,troop,3.5,19.33,,0.0,1,0.0,0.0,0.0,0.0,0.5,0.0,0.0,0.0,0.0,0.0,0.0,0.0,0.5
1234,6,60.6,tesla,tesla,building,1.5,18.0,goblin_gang,8.34,5,0.0,0.0,0.0,-0.0,0.5,0.0,0.0,0.0,0.0,1.0,0.0,0.0,1.5
1234,6,61.8,skeletons,skeletons,troop,9.5,31.33,goblin_gang,21.84,4,0.0,0.0,0.0,0.0,0.0,0.0,0.0,0.0,0.0,0.0,0.0,-0.0,0.0
1234,6,74.4,ice_wizard,ice_wizard,troop,3.5,18.0,dart_goblin,10.5,2,0.0,0.0,0.0,0.0,0.5,0.0,0.0,0.0,0.0,0.0,0.0,0.0,0.5
1234,6,88.8,x_bow,x_bow,building,1.5,18.0,princess,12.82,1,0.0,0.0,0.0,0.0,0.5,0.0,0.0,0.0,0.0,0.0,1.0,0.0,1.5
1234,6,93.0,the_log,the_log,spell,14.5,18.0,princess,2.4,1,0.0,0.0,0.0,0.0,0.5,0.0,0.0,0.0,0.0,0.0,0.0,0.0,0.5
1234,6,101.4,knight_evo,knight,troop,1.5,18.0,goblin_gang,0.62,5,0.0,0.0,0.0,0.0,0.5,0.0,0.0,0.0,0.0,1.0,0.0,0.0,1.5
1234,6,103.8,skeletons,skeletons,troop,9.5,31.33,goblin_gang,16.01,3,0.0,0.0,0.0,0.0,0.5,0.0,0.0,0.0,0.0,0.0,0.0,0.0,0.5
1234,6,112.8,ice_wizard,ice_wizard,troop,1.5,18.0,princess,12.1,2,0.0,0.0,0.0,0.0,0.5,0.0,0.0,0.0,0.0,0.0,0.0,0.0,0.5
1234,6,124.2,tesla_evo,tesla,building,1.5,18.0,princess,11.32,1,0.0,0.0,0.0,0.0,0.5,0.0,0.0,0.0,0.0,1.0,0.0,0.0,1.5
1234,6,129.6,the_log,the_log,spell,5.5,18.0,princess,7.34,7,0.0,0.0,0.0,0.0,0.5,0.0,0.0,0.0,0.0,0.0,0.0,0.0,0.5
1234,6,130.2,knight,knight,troop,5.5,18.0,princess,7.34,6,0.0,0.0,0.0,0.0,0.0,0.0,0.0,0.0,0.0,0.0,0.0,0.0,0.0
1234,6,130.8,skeletons,skeletons,troop,9.5,31.33,princess,12.45,7,0.0,0.0,0.0,0.0,0.5,0.0,0.0,0.0,0.0,0.0,0.0,-0.0,0.5
1234,6,134.4,ice_wizard,ice_wizard,troop,3.5,18.0,princess,9.33,3,0.0,0.0,0.0,0.0,0.1892,0.0,0.0,0.0,0.0,0.0,0.0,0.0,0.1892
1234,6,140.4,tesla,tesla,building,12.5,20.67,wall_breakers,0.73,6,0.0,0.0,0.2825,-0.58,0.0,0.0,0.0,0.0,0.0,1.0,0.0,0.0,0.7025
1234,6,148.8,x_bow,x_bow,building,1.5,18.0,dart_goblin,8.89,4,0.0,0.0,0.1766,0.0,0.5,0.0,0.0,0.0,0.0,0.7331,0.0,0.0,1.4097
1234,6,152.4,the_log,the_log,spell,14.5,18.0,dart_goblin,10.81,4,0.0,0.0,0.0,0.0,0.0,0.0,0.0,0.0,0.0,0.0,0.0,0.0,0.0
1234,6,153.0,skeletons,skeletons,troop,9.5,31.33,goblin_gang,18.08,4,0.0,0.0,0.0,0.0,0.5,0.0,0.0,0.0,0.0,0.0,0.0,0.0,0.5
1234,6,157.2,knight,knight,troop,12.5,30.0,wall_breakers,7.03,1,0.0,0.0,0.0,0.0,0.5,0.5,0.0,0.0,0.0,0.3149,0.0,0.0,1.3149
1234,6,161.4,ice_wizard,ice_wizard,troop,14.5,18.0,princess,1.0,1,0.0,0.0,0.0,0.0,0.0,0.0,0.0,0.0,0.0,0.0,0.0,0.0,0.0
1234,6,167.4,tesla,tesla,building,3.5,18.0,dart_goblin,5.09,1,0.0,0.0,0.0,0.0,0.5,0.0,0.0,0.0,0.0,0.12,0.0,0.0,0.62
1234,6,174.0,the_log,the_log,spell,14.5,18.0,wall_breakers,2.35,3,0.0,0.0,0.0,0.0,0.0,0.0,0.0,0.0,0.0,0.0,0.0,0.0,0.0
1234,6,174.6,skeletons,skeletons,troop,9.5,31.33,wall_breakers,15.36,3,0.0,0.0,0.0,0.0,0.5,0.0,0.0,0.0,0.0,1.0,0.0,0.0,1.5
1234,6,175.2,knight_evo,knight,troop,1.5,18.0,wall_breakers,13.07,2,0.0,0.0,0.0,0.0,0.3971,0.0,0.0,0.0,0.0,0.0,0.0,0.0,0.3971
1234,6,180.0,ice_wizard,ice_wizard,troop,12.5,18.0,princess,2.0,1,0.0,0.0,0.0,0.0,0.0,1.0,0.0,0.0,0.0,0.1971,0.0,0.0,1.1971
1234,6,186.6,tesla_evo,tesla,building,12.5,18.0,,0.0,0,0.0,0.0,0.0,0.0,0.0,0.0,0.0,0.0,0.0,0.0,0.0,0.0,0.0
1234,6,193.2,x_bow,x_bow,building,14.5,18.0,,0.0,1,0.0,0.0,0.0,0.0,0.0,0.0,0.0,0.0,0.0,0.0,1.0,0.0,1.0
1234,6,196.2,skeletons,skeletons,troop,9.5,31.33,,0.0,0,0.0,0.0,0.0,0.0,0.5,0.0,0.0,0.0,0.0,0.0,0.0,0.0,0.5
1234,6,199.2,knight,knight,troop,12.5,30.0,princess,25.24,1,0.0,0.0,0.0,0.0,0.5,0.0,0.0,0.0,0.0,0.4508,0.0,0.0,0.9508
1234,6,203.4,ice_wizard,ice_wizard,troop,12.5,18.0,goblin_gang,1.4,5,0.0,0.0,0.0,0.0,0.0,0.0,0.0,0.0,0.0,0.6667,0.0,0.0,0.6667
1234,6,208.8,tesla,tesla,building,12.5,18.0,goblin_gang,1.39,4,0.0,0.0,0.472,-0.0746,0.0,0.0,0.0,0.0,0.0,1.0,0.0,0.0,1.3974
1234,6,216.0,the_log,the_log,spell,14.5,18.0,princess,9.97,2,0.0,0.0,0.0,0.0,0.0,0.0,0.0,0.0,0.0,0.0,0.0,0.0,0.0
1234,6,216.6,skeletons,skeletons,troop,9.5,31.33,princess,16.49,2,0.0,0.0,0.0,0.0,0.5,0.0,0.0,0.0,0.0,0.0,0.0,-0.0,0.5
1234,6,217.2,knight,knight,troop,5.5,18.0,princess,2.57,2,0.0,0.0,0.0,0.0,0.5,0.5,0.0,0.0,0.0,0.0,0.0,0.0,1.0
1234,6,221.4,ice_wizard,ice_wizard,troop,1.5,18.0,goblin_gang,13.59,5,0.0,0.0,0.0,0.0,0.0,0.0,0.0,0.0,0.0,0.0,0.0,0.0,0.0
1234,6,226.2,tornado,tornado,spell,0.5,16.67,goblin_gang,14.67,4,0.0,0.0,0.0,0.0,0.057,0.0,0.0,0.0,0.0,0.0,0.0,0.0,0.057
1234,6,232.2,tesla,tesla,building,1.5,18.0,goblin_gang,12.23,4,0.0,0.0,0.0,0.0,0.5,0.0,0.0,0.0,0.0,1.0,0.0,0.0,1.5
1234,6,232.8,skeletons,skeletons,troop,9.5,31.33,goblin_gang,8.13,6,0.0,0.0,0.0,0.0,0.5,0.0,0.0,0.0,0.0,0.0,0.0,0.0,0.5
1234,6,237.0,knight_evo,knight,troop,3.5,18.0,wall_breakers,10.46,4,0.0,0.0,0.0,0.0,0.5,0.0,0.0,0.0,0.0,0.0,0.0,0.0,0.5
1234,7,0.0,knight,knight,troop,12.5,30.0,,0.0,0,0.0,0.0,0.0,0.0,0.5,0.0,0.0,0.0,0.0,0.0,0.0,0.0,0.5
1234,7,0.6,skeletons,skeletons,troop,9.5,31.33,guards,16.36,3,0.0,0.0,0.0,0.0,0.5,0.0,0.0,0.0,0.0,0.7705,0.0,-0.0,1.2705
1234,7,9.0,ice_wizard,ice_wizard,troop,1.5,18.0,inferno_dragon,2.06,1,0.0,0.0,0.0,0.0,0.5,0.5,0.0,0.0,0.0,1.0,0.0,0.0,2.0
1234,7,25.2,x_bow,x_bow,building,1.5,18.0,,0.0,0,0.0,0.0,0.0,0.0,0.5,0.0,0.0,0.0,0.0,0.0,1.0,0.0,1.5
1234,7,35.4,tesla,tesla,building,3.5,18.0,golden_knight,9.65,1,0.0,0.0,0.0,-0.0,0.5,0.0,0.0,0.0,0.0,1.0,0.0,0.0,1.5
1234,7,39.6,the_log,the_log,spell,14.5,22.0,golden_knight,0.66,1,0.0,0.0,0.0,0.0,0.5,0.0,1.0,0.0,0.0,0.0,0.0,0.0,1.5
1234,7,42.6,skeletons,skeletons,troop,9.5,31.33,golden_knight,8.94,2,0.0,0.0,0.0,0.0,0.5,0.0,0.0,0.0,0.0,0.0,0.0,-0.0,0.5
1234,7,51.0,knight,knight,troop,12.5,30.0,bowler,14.43,1,0.0,0.0,0.0,0.0,0.5958,0.0,0.0,0.0,0.0,0.0,0.0,0.0,0.5958
1234,7,61.2,ice_wizard,ice_wizard,troop,1.5,18.0,bowler,12.01,1,0.0,0.0,0.0,0.0,0.0,0.0,0.0,0.0,0.0,0.0,0.0,0.0,0.0
1234,7,67.8,tornado,tornado,spell,17.5,18.0,guards,13.71,4,0.0,0.0,0.0,0.0,0.4741,0.0,0.3571,0.0002,0.0,0.0,0.0,0.0,0.8315
1234,7,83.4,tesla,tesla,building,1.5,18.0,inferno_dragon,12.65,1,0.0,0.0,0.0,0.0,0.5,0.0,0.0,0.0,0.0,1.0,0.0,0.0,1.5
1234,7,84.0,skeletons,skeletons,troop,9.5,31.33,inferno_dragon,11.43,1,0.0,0.0,0.0,0.0,0.5,0.0,0.0,0.0,0.0,0.0,0.0,0.0,0.5
1234,7,91.2,knight_evo,knight,troop,3.5,18.0,executioner,2.9,1,0.0,0.0,0.0,0.0,0.5,1.0,0.0,0.0,0.0,0.1671,0.0,0.0,1.6671
1234,7,106.8,x_bow,x_bow,building,1.5,18.0,,0.0,0,0.0,0.0,0.0,0.0,0.5,0.0,0.0,0.0,0.0,0.0,0.0,0.0,0.5
1234,7,118.8,ice_wizard,ice_wizard,troop,3.5,18.0,guards,2.27,4,0.0,0.0,0.0,0.0,0.5,1.0,0.0,0.0,0.0,0.9926,0.0,0.0,2.4926
1234,7,121.2,the_log,the_log,spell,3.5,18.0,guards,1.67,4,0.0,0.0,0.0,0.0,0.5,0.0,0.2308,0.0,0.0,0.0,0.0,0.0,0.7308
1234,7,121.8,skeletons,skeletons,troop,9.5,31.33,guards,16.12,4,0.0,0.0,0.0,0.0,0.5,0.0,0.0,0.0,0.0,0.0,0.0,-0.0,0.5
1234,7,126.0,knight,knight,troop,12.5,30.0,inferno_dragon,15.03,1,0.0,0.0,0.0,0.0,0.5,0.0,0.0,0.0,0.0,1.0,0.0,0.0,1.5
1234,7,133.2,tesla_evo,tesla,building,3.5,18.0,inferno_dragon,10.39,2,0.0,0.0,0.0,0.0,0.5,0.0,0.0,0.0,0.0,1.0,0.0,0.0,1.5
1234,7,137.4,ice_wizard,ice_wizard,troop,5.5,18.0,bowler,5.23,1,0.0,0.0,0.0,0.0,0.5,0.5,0.0,0.0,0.0,0.0,0.0,0.0,1.0
1234,7,142.2,the_log,the_log,spell,14.5,18.0,executioner,2.9,2,0.0,0.0,0.0,0.0,0.5,0.0,0.0,0.0,0.0,0.0,0.0,0.0,0.5
1234,7,142.8,skeletons,skeletons,troop,9.5,31.33,executioner,16.96,1,0.0,0.0,0.0,0.0,0.348,0.0,0.0,0.0,0.0,0.0,0.0,0.0,0.348
1234,7,144.6,knight,knight,troop,14.5,18.0,executioner,3.6,1,0.0,0.0,0.0,0.0,0.1204,0.0,0.0,0.0,0.0,0.0,0.0,0.0,0.1204
1234,7,150.0,tesla,tesla,building,5.5,18.0,golden_knight,7.79,5,0.0,0.0,0.0,-0.0,0.5,0.0,0.0,0.0,0.0,0.2085,0.0,0.0,0.7085
1234,7,154.2,ice_wizard,ice_wizard,troop,1.5,18.0,golden_knight,11.55,3,0.0,0.0,0.0,0.0,0.0053,0.0,0.0,0.0,0.0,0.0,0.0,0.0,0.0053
1234,7,162.6,x_bow,x_bow,building,1.5,18.0,golden_knight,12.64,1,0.0,0.0,0.0,-0.0,0.5,0.0,0.0,0.0,0.0,0.0,0.0,0.0,0.5
1234,7,163.8,skeletons,skeletons,troop,9.5,31.33,golden_knight,7.86,2,0.0,0.0,0.0,0.0,0.5,0.0,0.0,0.0,0.0,1.0,0.0,-0.0,1.5
1234,7,167.4,the_log,the_log,spell,3.5,18.0,bowler,2.89,1,0.0,0.0,0.0,0.0,0.5,0.0,0.0,0.0,0.0,0.0,0.0,0.0,0.5
1234,7,171.0,knight_evo,knight,troop,14.5,18.0,executioner,0.9,2,0.0,0.0,0.0,0.0,0.0,0.0,0.0,0.0,0.0,0.0,0.0,0.0,0.0
1234,7,175.2,ice_wizard,ice_wizard,troop,1.5,18.0,executioner,12.49,2,0.0,0.0,0.0,0.0,0.0,0.0,0.0,0.0,0.0,0.0,0.0,0.0,0.0
1234,7,179.4,tornado,tornado,spell,17.5,23.33,executioner,4.22,3,0.0,0.0,0.0,0.0,0.0,0.0,0.5556,0.061,0.0,0.0,0.0,0.0,0.6165
1234,7,180.6,skeletons,skeletons,troop,9.5,31.33,executioner,10.6,6,0.0,0.0,0.0,0.0,0.0,0.0,0.0,0.0,0.0,0.0,0.0,0.0,0.0
1234,7,187.8,tesla,tesla,building,16.5,18.0,guards,9.3,4,0.0,0.0,0.0,-0.0,0.0,0.0,0.0,0.0,0.0,1.0,0.0,0.0,1.0
1234,7,191.4,knight,knight,troop,10.5,27.33,golden_knight,0.73,2,0.0,0.0,0.0,0.0,0.5,1.0,0.0,0.0,0.0,0.3485,0.0,0.0,1.8485
1234,7,197.4,ice_wizard,ice_wizard,troop,12.5,19.33,inferno_dragon,1.18,2,0.0,0.0,0.0,0.0,0.052,0.0,0.0,0.0,0.0,0.0,0.0,0.0,0.052
1234,7,202.8,the_log,the_log,spell,12.5,22.0,inferno_dragon,0.17,3,0.0,0.0,0.0,0.0,0.0,0.0,0.6429,0.0,0.0,0.0,0.0,0.0,0.6429
1234,7,203.4,skeletons,skeletons,troop,9.5,31.33,inferno_dragon,9.6,3,0.0,0.0,0.0,0.0,0.5,0.0,0.0,0.0,0.0,1.0,0.0,0.0,1.5
1234,7,205.2,tesla_evo,tesla,building,1.5,18.0,inferno_dragon,10.71,3,0.0,0.0,0.0,0.0,0.5,0.0,0.0,0.0,0.0,1.0,0.0,0.0,1.5
1234,7,208.8,knight,knight,troop,12.5,24.67,bowler,0.36,3,0.0,0.0,0.0,0.0,0.5,1.0,0.0,0.0,0.0,0.3325,0.0,0.0,1.8325
1234,7,213.0,ice_wizard,ice_wizard,troop,12.5,19.33,executioner,3.58,4,0.0,0.0,0.0,0.0,0.0411,0.0,0.0,0.0,0.0,0.0,0.0,0.0,0.0411
1234,7,221.4,x_bow,x_bow,building,1.5,18.0,inferno_dragon,1.65,2,0.0,0.0,0.0,0.0,0.5,0.0,0.0,0.0,0.0,0.4667,0.0,0.0,0.9667
1234,7,224.4,skeletons,skeletons,troop,9.5,31.33,inferno_dragon,13.22,2,0.0,0.0,0.0,0.0,0.5,0.0,0.0,0.0,0.0,0.0,0.0,0.0,0.5
1234,7,228.0,the_log,the_log,spell,3.5,18.0,bowler,1.7,1,0.0,0.0,0.0,0.0,0.5,0.0,1.0,0.0,0.0,0.0,0.0,0.0,1.5
1234,7,229.8,knight_evo,knight,troop,12.5,18.0,bowler,8.43,1,0.0,0.0,0.0,0.0,0.5,0.0,0.0,0.0,0.0,0.0,0.0,0.0,0.5
1234,7,234.0,ice_wizard,ice_wizard,troop,12.5,18.0,bowler,8.19,2,0.0,0.0,0.0,0.0,0.5,0.0,0.0,0.0,0.0,0.0,0.0,0.0,0.5
1234,8,0.0,knight,knight,troop,12.5,30.0,,0.0,0,0.0,0.0,0.0,0.0,0.5,0.0,0.0,0.0,0.0,0.0,0.0,0.0,0.5
1234,8,12.0,x_bow,x_bow,building,1.5,18.0,,0.0,0,0.0,0.0,0.0,0.0,0.5,0.0,0.0,0.0,0.0,0.0,1.0,0.0,1.5
1234,8,17.4,skeletons,skeletons,troop,9.5,31.33,fisherman,17.78,2,0.0,0.0,0.0,0.0,0.0513,0.0,0.0,0.0,0.0,0.0,0.0,-0.0,0.0513
1234,8,28.2,tesla,tesla,building,12.5,18.0,pekka,5.85,1,0.0,0.0,0.2447,-0.0,0.5,0.0,0.0,0.0,0.0,0.0,0.0,0.0,0.7447
1234,8,39.6,ice_wizard,ice_wizard,troop,3.5,18.0,pekka,9.88,1,0.0,0.0,0.0,0.0,0.5,0.0,0.0,0.0,0.0,0.0,0.0,0.0,0.5
1234,8,40.2,the_log,the_log,spell,3.5,18.0,pekka,9.89,3,0.0,0.0,0.0,0.0,0.5,0.0,0.0,0.0,0.0,0.0,0.0,0.0,0.5
1234,8,48.0,knight,knight,troop,12.5,30.0,pekka,22.22,1,0.0,0.0,0.0,0.0,0.0,0.0,0.0,0.0,0.0,0.0,0.0,0.0,0.0
1234,8,51.6,skeletons,skeletons,troop,9.5,31.33,pekka,20.71,1,0.0,0.0,0.0,0.0,0.0,0.0,0.0,0.0,0.0,0.0,0.0,-0.0,0.0
1234,8,60.6,tornado,tornado,spell,12.5,16.67,pekka,7.6,1,0.0,0.0,0.0,0.0,0.1477,0.0,0.0,0.0,0.0,0.0,0.0,0.0,0.1477
1234,8,67.8,ice_wizard,ice_wizard,troop,1.5,18.0,pekka,3.47,2,0.0,0.0,0.0,0.0,0.5,0.0,0.0,0.0,0.0,0.0,0.0,0.0,0.5
1234,8,81.0,tesla,tesla,building,1.5,18.0,pekka,12.64,2,0.0,0.0,0.0,-0.0,0.0,0.0,0.0,0.0,0.0,1.0,0.0,0.0,1.0
1234,8,89.4,knight_evo,knight,troop,3.5,18.0,pekka,8.27,1,0.0,0.0,0.0,0.0,0.0,1.0,0.0,0.0,0.0,0.0,0.0,0.0,1.0
1234,8,90.0,skeletons,skeletons,troop,9.5,31.33,pekka,21.97,1,0.0,0.0,0.0,0.0,0.5,0.0,0.0,0.0,0.0,0.0,0.0,-0.0,0.5
1234,8,104.4,the_log,the_log,spell,3.5,19.33,pekka,10.76,3,0.0,0.0,0.0,0.0,0.0,0.0,1.0,0.0,0.0,0.0,0.0,0.0,1.0
1234,8,105.6,ice_wizard,ice_wizard,troop,1.5,18.0,pekka,11.84,3,0.0,0.0,0.0,0.0,0.0,0.0,0.0,0.0,0.0,0.4308,0.0,0.0,0.4308
1234,8,115.2,tesla_evo,tesla,building,1.5,18.0,pekka,6.63,3,0.0,0.0,0.0,-0.0,0.0,0.0,0.0,0.0,0.0,1.0,0.0,0.0,1.0
1234,8,121.8,knight,knight,troop,10.5,27.33,pekka,0.15,2,0.0,0.0,0.0,0.0,0.0,1.0,0.0,0.0,0.0,0.9542,0.0,0.0,1.9542
1234,8,123.6,skeletons,skeletons,troop,9.5,31.33,pekka,4.26,2,0.0,0.0,0.0,0.0,0.0,0.0,0.0,0.0,0.0,0.0,0.0,-0.0,0.0
1234,8,137.4,x_bow,x_bow,building,12.5,18.0,goblinstein,3.76,3,0.0,0.0,0.5,-0.0,0.0,0.0,0.0,0.0,0.0,1.0,1.0,0.0,2.5
1234,8,141.6,ice_wizard,ice_wizard,troop,1.5,18.0,goblinstein,10.96,4,0.0,0.0,0.0,0.0,0.0,0.0,0.0,0.0,0.0,0.0,0.0,0.0,0.0
1234,8,145.2,tesla,tesla,building,14.5,18.0,goblin_giant,0.47,2,0.0,0.0,0.1299,-0.6728,0.0,0.0,0.0,0.0,0.0,1.0,0.0,0.0,0.4571
1234,8,147.0,knight,knight,troop,3.5,18.0,goblin_giant,9.99,4,0.0,0.0,0.0,0.0,0.0,0.0,0.0,0.0,0.0,0.0,0.0,0.0,0.0
1234,8,149.4,skeletons,skeletons,troop,9.5,31.33,goblin_giant,14.49,4,0.0,0.0,0.0,0.0,0.0,0.0,0.0,0.0,0.0,0.0,0.0,0.0,0.0
1234,8,160.8,x_bow,x_bow,building,2.5,18.0,goblin_giant,11.34,3,0.0,0.0,0.0,-0.0,0.0,0.0,0.0,0.0,0.0,1.0,0.0,0.0,1.0
1234,8,164.4,ice_wizard,ice_wizard,troop,1.5,18.0,goblin_giant,11.44,4,0.0,0.0,0.0,0.0,0.0,0.0,0.0,0.0,0.0,0.0,0.0,0.0,0.0
1234,9,0.0,knight,knight,troop,12.5,30.0,,0.0,0,0.0,0.0,0.0,0.0,0.5,0.0,0.0,0.0,0.0,0.0,0.0,0.0,0.5
1234,9,6.6,tesla,tesla,building,1.5,18.0,zappies,11.09,3,0.0,0.0,0.0,0.0,0.5,0.0,0.0,0.0,0.0,0.0,0.0,0.0,0.5
1234,9,9.6,skeletons,skeletons,troop,9.5,31.33,royal_ghost,14.95,4,0.0,0.0,0.0,0.0,0.5,0.0,0.0,0.0,0.0,0.4725,0.0,-0.0,0.9725
1234,9,20.4,ice_wizard,ice_wizard,troop,1.5,18.0,zappies,3.54,3,0.0,0.0,0.0,0.0,0.5,0.5824,0.0,0.0,0.0,1.0,0.0,0.0,2.0824
1234,9,28.2,the_log,the_log,spell,14.5,18.0,zappies,10.02,4,0.0,0.0,0.0,0.0,0.5,0.0,0.6,0.0,0.0,0.0,0.0,0.0,1.1
1234,9,31.2,knight,knight,troop,14.5,22.0,royal_ghost,0.83,3,0.0,0.0,0.0,0.0,0.5,1.0,0.0,0.0,0.0,1.0,0.0,0.0,2.5
1234,9,44.4,tesla,tesla,building,1.5,18.0,wizard,13.26,1,0.0,0.0,0.0,0.0,0.5,0.0,0.0,0.0,0.0,1.0,0.0,0.0,1.5
1234,9,45.0,skeletons,skeletons,troop,9.5,31.33,wizard,18.02,1,0.0,0.0,0.0,0.0,0.1,0.0,0.0,0.0,0.0,0.0,0.0,-0.0,0.1
1234,9,58.8,ice_wizard,ice_wizard,troop,3.5,18.0,mother_witch_hog,9.91,2,0.0,0.0,0.0,0.0,0.0259,0.0,0.0,0.0,0.0,0.0,0.0,0.0,0.0259
1234,9,70.2,x_bow,x_bow,building,3.5,18.0,mother_witch,9.78,3,0.0,0.0,0.0,0.0,0.5,0.0,0.0,0.0,0.0,0.0,1.0,0.0,1.5
1234,9,76.8,the_log,the_log,spell,3.5,18.0,zappies,3.69,2,0.0,0.0,0.0,0.0,0.5,0.0,0.0,0.0,0.0,0.0,0.0,0.0,0.5
1234,9,84.6,knight_evo,knight,troop,1.5,18.0,,0.0,0,0.0,0.0,0.0,0.0,0.5,0.0,0.0,0.0,0.0,0.0,0.0,0.0,0.5
1234,9,87.6,skeletons,skeletons,troop,9.5,31.33,,0.0,0,0.0,0.0,0.0,0.0,1.0,0.0,0.0,0.0,0.0,0.0,0.0,0.0,1.0
1234,9,95.4,ice_wizard,ice_wizard,troop,1.5,18.0,royal_ghost,3.06,1,0.0,0.0,0.0,0.0,0.0025,0.0,0.0,0.0,0.0,0.0,0.0,0.0,0.0025
1234,9,108.6,tesla_evo,tesla,building,1.5,18.0,mother_witch_hog,1.59,2,0.0,0.0,0.6882,-0.0941,0.5,0.0,0.0,0.0,0.0,1.0,0.0,0.0,2.0941
1234,9,124.2,x_bow,x_bow,building,3.5,18.0,giant_skeleton,17.08,1,0.0,0.0,0.0,-0.0,0.5,0.0,0.0,0.0,0.0,0.0,1.0,0.0,1.5
1234,9,126.0,knight,knight,troop,12.5,30.0,giant_skeleton,24.5,1,0.0,0.0,0.0,0.0,0.5,0.0,0.0,0.0,0.0,0.0,0.0,0.0,0.5
1234,9,129.6,skeletons,skeletons,troop,9.5,31.33,giant_skeleton,23.29,1,0.0,0.0,0.0,0.0,0.5,0.0,0.0,0.0,0.0,0.0,0.0,-0.0,0.5
1234,9,134.4,ice_wizard,ice_wizard,troop,1.5,18.0,giant_skeleton,13.97,2,0.0,0.0,0.0,0.0,0.5,0.0,0.0,0.0,0.0,0.0,0.0,0.0,0.5
1234,9,136.8,the_log,the_log,spell,14.5,18.0,giant_skeleton,1.94,2,0.0,0.0,0.0,0.0,0.5,0.0,0.6,0.0,0.0,0.0,0.0,0.0,1.1
1234,9,139.2,tornado,tornado,spell,0.5,16.67,giant_skeleton,13.12,8,0.0,0.0,0.0,0.0,0.057,0.0,0.0,0.0,0.0,0.0,0.0,0.0,0.057
1234,9,142.8,knight,knight,troop,14.5,18.0,giant_skeleton,0.0,10,0.0,0.0,0.0,0.0,0.5,1.0,0.0,0.0,0.0,0.7056,0.0,0.0,2.2056
1234,9,144.6,skeletons,skeletons,troop,9.5,31.33,giant_skeleton,14.13,9,0.0,0.0,0.0,0.0,0.5,0.0,0.0,0.0,0.0,0.0,0.0,-0.0,0.5
1234,9,148.8,ice_wizard,ice_wizard,troop,1.5,18.0,barbarians,13.56,7,0.0,0.0,0.0,0.0,0.5,0.0,0.0,0.0,0.0,0.0,0.0,0.0,0.5
1234,9,154.2,tesla,tesla,building,1.5,18.0,barbarians,13.57,6,0.0,0.0,0.0,-0.0,0.5,0.0,0.0,0.0,0.0,1.0,0.0,0.0,1.5
1234,9,160.8,the_log,the_log,spell,3.5,18.0,royal_ghost,10.5,5,0.0,0.0,0.0,0.0,0.5,0.0,0.0,0.0,0.0,0.0,0.0,0.0,0.5
1234,9,161.4,knight_evo,knight,troop,1.5,18.0,royal_ghost,1.64,4,0.0,0.0,0.0,0.0,0.5,1.0,0.0,0.0,0.0,1.0,0.0,0.0,2.5
1234,9,162.6,skeletons,skeletons,troop,9.5,31.33,royal_ghost,17.13,3,0.0,0.0,0.0,0.0,0.5,0.0,0.0,0.0,0.0,0.0,0.0,-0.0,0.5
1234,9,167.4,ice_wizard,ice_wizard,troop,3.5,18.0,zappies,3.16,4,0.0,0.0,0.0,0.0,0.5,1.0,0.0,0.0,0.0,0.0641,0.0,0.0,1.5641
1234,9,171.0,tornado,tornado,spell,14.5,16.67,giant_skeleton,1.99,3,0.0,0.0,0.0,0.0,0.0,0.0,1.0,0.4556,0.0,0.0,0.0,0.0,1.4556
1234,9,177.0,tesla,tesla,building,1.5,18.0,giant_skeleton,10.52,1,0.0,0.0,0.0,-0.0,0.5,0.0,0.0,0.0,0.0,1.0,0.0,0.0,1.5
1234,9,180.0,the_log,the_log,spell,5.5,18.0,giant_skeleton,7.68,1,0.0,0.0,0.0,0.0,0.5,0.0,0.0,0.0,0.0,0.0,0.0,0.0,0.5
1234,9,180.6,skeletons,skeletons,troop,9.5,31.33,giant_skeleton,5.24,1,0.0,0.0,0.0,0.0,0.5,0.525,0.0,0.0,0.0,0.8528,0.0,-0.0,1.8778
1234,9,184.8,knight,knight,troop,10.5,27.33,giant_skeleton,0.07,2,0.0,0.0,0.0,0.0,0.5,1.0,0.0,0.0,0.0,0.7028,0.0,0.0,2.2028
1234,9,189.6,ice_wizard,ice_wizard,troop,1.5,18.0,royal_ghost,4.82,1,0.0,0.0,0.0,0.0,0.5,0.5,0.0,0.0,0.0,1.0,0.0,0.0,2.0
1234,9,195.0,tesla_evo,tesla,building,1.5,18.0,mother_witch,4.11,4,0.0,0.0,0.1954,0.0,0.5,0.0,0.0,0.0,0.0,0.0,0.0,0.0,0.6954
1234,9,201.6,the_log,the_log,spell,12.5,18.0,mother_witch_hog,9.17,4,0.0,0.0,0.0,0.0,0.0,0.0,0.0,0.0,0.0,0.0,0.0,0.0,0.0
1234,9,202.2,skeletons,skeletons,troop,9.5,31.33,mother_witch_hog,17.22,4,0.0,0.0,0.0,0.0,0.5,0.0,0.0,0.0,0.0,0.0,0.0,0.0,0.5
1234,9,203.4,knight,knight,troop,12.5,30.0,wizard,18.61,2,0.0,0.0,0.0,0.0,0.5,0.0,0.0,0.0,0.0,0.0,0.0,0.0,0.5
1234,9,208.2,ice_wizard,ice_wizard,troop,12.5,18.0,giant_skeleton,5.58,1,0.0,0.0,0.0,0.0,0.0,1.0,0.0,0.0,0.0,0.0,0.0,0.0,1.0
1234,9,212.4,tornado,tornado,spell,5.5,16.67,giant_skeleton,7.93,1,0.0,0.0,0.0,0.0,0.1477,0.0,0.0,0.0,0.0,0.0,0.0,0.0,0.1477
1234,9,217.2,tesla,tesla,building,1.5,18.0,royal_ghost,3.92,4,0.0,0.0,0.75,-0.0,0.5,0.0,0.0,0.0,0.0,0.5686,0.0,0.0,1.8186
1234,9,218.4,skeletons,skeletons,troop,9.5,31.33,royal_ghost,15.18,4,0.0,0.0,0.0,0.0,0.5,0.0,0.0,0.0,0.0,0.0,0.0,-0.0,0.5
1234,9,221.4,the_log,the_log,spell,14.5,18.0,royal_ghost,10.56,4,0.0,0.0,0.0,0.0,0.0,0.0,0.6,0.0,0.0,0.0,0.0,0.0,0.6
1234,9,225.6,knight_evo,knight,troop,3.5,18.0,battle_ram,17.45,3,0.0,0.0,0.0,0.0,0.1879,0.0,0.0,0.0,0.0,0.0,0.0,0.0,0.1879
1234,9,229.8,ice_wizard,ice_wizard,troop,3.5,18.0,mother_witch,10.47,4,0.0,0.0,0.0,0.0,0.1879,0.0,0.0,0.0,0.0,0.9712,0.0,0.0,1.1591
1234,9,234.6,tornado,tornado,spell,12.5,19.33,mother_witch_hog,3.16,6,0.0,0.0,0.0,0.0,0.0,0.0,1.0,0.0776,0.0,0.0,0.0,0.0,1.0776
1234,9,235.2,skeletons,skeletons,troop,9.5,31.33,mother_witch_hog,7.06,6,0.0,0.0,0.0,0.0,0.5,0.0,0.0,0.0,0.0,0.8292,0.0,0.0,1.3292
1234,10,0.0,knight,knight,troop,12.5,30.0,,0.0,0,0.0,0.0,0.0,0.0,0.5,0.0,0.0,0.0,0.0,0.0,0.0,0.0,0.5
1234,10,3.0,skeletons,skeletons,troop,9.5,31.33,balloon,15.25,1,0.0,0.0,0.0,0.0,0.5,0.0,0.0,0.0,0.0,1.0,0.0,0.0,1.5
1234,10,10.2,tesla,tesla,building,1.5,18.0,balloon,13.65,1,0.0,0.0,0.0,-0.0,0.5,0.0,0.0,0.0,0.0,1.0,0.0,0.0,1.5
1234,10,23.4,ice_wizard,ice_wizard,troop,3.5,18.0,baby_dragon,10.59,2,0.0,0.0,0.0,0.0,0.5,0.0,0.0,0.0,0.0,0.0,0.0,0.0,0.5
1234,10,31.8,the_log,the_log,spell,3.5,18.0,baby_dragon,10.81,3,0.0,0.0,0.0,0.0,0.5,0.0,0.0,0.0,0.0,0.0,0.0,0.0,0.5
1234,10,32.4,knight,knight,troop,12.5,30.0,knight,10.78,2,0.0,0.0,0.0,0.0,0.5,0.0,0.0,0.0,0.0,0.317,0.0,0.0,0.817
1234,10,34.2,skeletons,skeletons,troop,9.5,31.33,knight,11.25,2,0.0,0.0,0.0,0.0,0.5,0.0,0.0,0.0,0.0,0.0,0.0,-0.0,0.5
1234,10,46.8,tesla,tesla,building,1.5,18.0,bowler,12.71,1,0.0,0.0,0.0,0.0,0.5,0.0,0.0,0.0,0.0,0.0,0.0,0.0,0.5
1234,10,55.2,ice_wizard,ice_wizard,troop,3.5,18.0,bowler,10.79,1,0.0,0.0,0.0,0.0,0.4142,0.0,0.0,0.0,0.0,0.0,0.0,0.0,0.4142
1234,10,71.4,x_bow,x_bow,building,14.5,18.0,balloon,6.43,2,0.0,0.0,0.0,-0.0,0.0,0.0,0.0,0.0,0.0,1.0,1.0,0.0,2.0
1234,10,79.2,knight_evo,knight,troop,1.5,18.0,knight,11.59,2,0.0,0.0,0.0,0.0,0.41,0.0,0.0,0.0,0.0,0.0,0.0,0.0,0.41
1234,10,81.6,skeletons,skeletons,troop,9.5,31.33,baby_dragon,11.16,2,0.0,0.0,0.0,0.0,0.5,0.0,0.0,0.0,0.0,1.0,0.0,-0.0,1.5
1234,10,93.0,tesla_evo,tesla,building,1.5,18.0,knight,11.86,2,0.0,0.0,0.0,-0.0,0.5,0.0,0.0,0.0,0.0,1.0,0.0,0.0,1.5
1234,10,105.0,ice_wizard,ice_wizard,troop,1.5,18.0,bowler,3.28,2,0.0,0.0,0.0,0.0,0.5,1.0,0.0,0.0,0.0,0.2082,0.0,0.0,1.7082
1234,10,112.8,the_log,the_log,spell,3.5,18.0,bowler,0.77,1,0.0,0.0,0.0,0.0,0.5,0.0,1.0,0.0,0.0,0.0,0.0,0.0,1.5
1234,10,115.2,knight,knight,troop,12.5,30.0,bowler,14.9,1,0.0,0.0,0.0,0.0,0.5,0.0,0.0,0.0,0.0,0.0,0.0,0.0,0.5
1234,10,118.2,skeletons,skeletons,troop,9.5,31.33,bowler,12.55,1,0.0,0.0,0.0,0.0,0.5,0.0,0.0,0.0,0.0,0.0,0.0,-0.0,0.5
1234,10,125.4,tesla,tesla,building,1.5,18.0,balloon,11.53,3,0.0,0.0,0.0,-0.0,0.5,0.0,0.0,0.0,0.0,1.0,0.0,0.0,1.5
1234,10,130.2,ice_wizard,ice_wizard,troop,3.5,18.0,baby_dragon,10.6,2,0.0,0.0,0.0,0.0,0.0,0.0,0.0,0.0,0.0,0.0,0.0,0.0,0.0
1234,10,135.6,the_log,the_log,spell,3.5,18.0,baby_dragon,10.6,3,0.0,0.0,0.0,0.0,0.5,0.0,0.0,0.0,0.0,0.0,0.0,0.0,0.5
1234,10,136.2,knight,knight,troop,14.5,19.33,baby_dragon,0.0,3,0.0,0.0,0.0,0.0,0.0,1.0,0.0,0.0,0.0,0.9649,0.0,0.0,1.9649
1234,10,137.4,skeletons,skeletons,troop,9.5,31.33,baby_dragon,12.35,3,0.0,0.0,0.0,0.0,0.0,0.0,0.0,0.0,0.0,0.0,0.0,-0.0,0.0
1234,10,142.8,tesla,tesla,building,14.5,18.0,baby_dragon,1.0,2,0.0,0.0,0.0,0.0,0.0,0.0,0.0,0.0,0.0,1.0,0.0,0.0,1.0
1234,10,148.2,ice_wizard,ice_wizard,troop,3.5,18.0,baby_dragon,10.6,2,0.0,0.0,0.0,0.0,0.0,0.0,0.0,0.0,0.0,0.0,0.0,0.0,0.0
1234,10,155.4,x_bow,x_bow,building,3.5,18.0,balloon,9.84,3,0.0,0.0,0.0,-0.0,0.5,0.0,0.0,0.0,0.0,1.0,1.0,0.0,2.5
1234,10,159.0,the_log,the_log,spell,3.5,18.0,balloon,10.79,4,0.0,0.0,0.0,0.0,0.5,0.0,0.0,0.0,0.0,0.0,0.0,0.0,0.5
1234,10,159.6,skeletons,skeletons,troop,3.5,27.33,balloon,6.04,4,0.0,0.0,0.0,0.0,0.5,0.0,0.0,0.0,0.0,0.0,0.0,0.0,0.5
1234,10,163.8,knight_evo,knight,troop,1.5,18.0,bowler,10.49,3,0.0,0.0,0.0,0.0,0.5,0.0,0.0,0.0,0.0,0.0,0.0,0.0,0.5
1234,10,168.0,ice_wizard,ice_wizard,troop,1.5,18.0,baby_dragon,4.03,2,0.0,0.0,0.0,0.0,0.5,0.0,0.0,0.0,0.0,0.255,0.0,0.0,0.755
1234,10,172.8,tornado,tornado,spell,0.5,16.67,inferno_dragon,11.73,3,0.0,0.0,0.0,0.0,0.057,0.0,0.0,0.0,0.0,0.0,0.0,0.0,0.057
1234,10,178.8,tesla_evo,tesla,building,1.5,18.0,inferno_dragon,10.58,4,0.0,0.0,0.0,0.0,0.5,0.0,0.0,0.0,0.0,1.0,0.0,0.0,1.5
1234,10,179.4,skeletons,skeletons,troop,9.5,31.33,inferno_dragon,7.05,4,0.0,0.0,0.0,0.0,0.5,0.0,0.0,0.0,0.0,0.0,0.0,0.0,0.5
1234,11,0.0,knight,knight,troop,12.5,30.0,,0.0,0,0.0,0.0,0.0,0.0,0.5,0.0,0.0,0.0,0.0,0.0,0.0,0.0,0.5
1234,11,0.6,skeletons,skeletons,troop,9.5,31.33,hog_rider,17.27,1,0.0,0.0,0.0,0.0,0.5,0.0,0.0,0.0,0.0,0.1808,0.0,0.0,0.6808
1234,11,9.0,ice_wizard,ice_wizard,troop,1.5,18.0,hog_rider,5.06,5,0.0,0.0,0.0,0.0,0.5,0.0,0.0,0.0,0.0,0.0,0.0,0.0,0.5
1234,11,27.0,x_bow,x_bow,building,1.5,18.0,,0.0,0,0.0,0.0,0.0,0.0,0.5,0.0,0.0,0.0,0.0,0.0,1.0,0.0,1.5
1234,11,34.2,tesla,tesla,building,1.5,18.0,valkyrie,13.44,1,0.0,0.0,0.0,-0.0,0.5,0.0,0.0,0.0,0.0,0.0,0.0,0.0,0.5
1234,11,39.6,the_log,the_log,spell,14.5,18.0,valkyrie,0.2,1,0.0,0.0,0.0,0.0,0.5,0.0,1.0,0.0,0.0,0.0,0.0,0.0,1.5
1234,11,42.6,skeletons,skeletons,troop,9.5,31.33,valkyrie,11.01,2,0.0,0.0,0.0,0.0,0.5,0.0,0.0,0.0,0.0,0.0,0.0,-0.0,0.5
1234,11,51.0,knight,knight,troop,12.5,30.0,hog_rider,5.89,1,0.0,0.0,0.0,0.0,0.5,0.0,0.0,0.0,0.0,0.0,0.0,0.0,0.5
1234,11,63.0,ice_wizard,ice_wizard,troop,1.5,18.0,hog_rider,12.81,1,0.0,0.0,0.0,0.0,0.5,0.0,0.0,0.0,0.0,0.0,0.0,0.0,0.5
1234,11,70.8,tesla,tesla,building,1.5,18.0,hog_rider,12.44,5,0.0,0.0,0.0,-0.0,0.5,0.0,0.0,0.0,0.0,1.0,0.0,0.0,1.5
1234,11,90.0,x_bow,x_bow,building,3.5,18.0,executioner,13.19,1,0.0,0.0,0.0,0.0,0.5,0.0,0.0,0.0,0.0,0.0,0.0,0.0,0.5
1234,11,93.0,skeletons,skeletons,troop,9.5,31.33,,0.0,0,0.0,0.0,0.0,0.0,0.5,0.0,0.0,0.0,0.0,0.0,0.0,0.0,0.5
1234,11,98.4,knight_evo,knight,troop,1.5,18.0,,0.0,0,0.0,0.0,0.0,0.0,0.5,0.0,0.0,0.0,0.0,0.0,0.0,0.0,0.5
1234,11,110.4,ice_wizard,ice_wizard,troop,1.5,18.0,hog_rider,12.49,1,0.0,0.0,0.0,0.0,0.4941,0.0,0.0,0.0,0.0,0.0,0.0,0.0,0.4941
1234,11,118.8,tesla_evo,tesla,building,1.5,18.0,,0.0,4,0.0,0.0,0.0,0.0,0.5,0.0,0.0,0.0,0.0,0.0,0.0,0.0,0.5
1234,11,127.2,the_log,the_log,spell,8.5,18.0,executioner,10.32,1,0.0,0.0,0.0,0.0,0.162,0.0,0.0,0.0,0.0,0.0,0.0,0.0,0.162
1234,11,127.8,skeletons,skeletons,troop,9.5,31.33,executioner,23.57,1,0.0,0.0,0.0,0.0,0.0,0.0,0.0,0.0,0.0,0.0,0.0,0.0,0.0
1234,11,128.4,knight,knight,troop,12.5,30.0,executioner,22.96,1,0.0,0.0,0.0,0.0,0.5,0.0,0.0,0.0,0.0,1.0,0.0,0.0,1.5
1234,11,132.6,ice_wizard,ice_wizard,troop,3.5,18.0,valkyrie,3.0,2,0.0,0.0,0.0,0.0,0.5,1.0,0.0,0.0,0.0,0.3333,0.0,0.0,1.8333
1234,11,136.2,tornado,tornado,spell,5.5,18.0,valkyrie,2.17,2,0.0,0.0,0.0,0.0,0.5,0.0,1.0,0.0867,0.0,0.0,0.0,0.0,1.5867
1234,11,142.2,tesla,tesla,building,12.5,18.0,hog_rider,9.48,6,0.0,0.0,0.0,-0.0,0.0,0.0,0.0,0.0,0.0,1.0,0.0,0.0,1.0
1234,11,142.8,skeletons,skeletons,troop,9.5,31.33,hog_rider,9.4,6,0.0,0.0,0.0,0.0,0.5,0.0,0.0,0.0,0.0,0.0,0.0,0.0,0.5
1234,11,147.6,knight,knight,troop,12.5,30.0,hog_rider,5.5,2,0.0,0.0,0.0,0.0,0.0,0.0,0.0,0.0,0.0,0.0,0.0,0.0,0.0
1234,11,155.4,x_bow,x_bow,building,14.5,18.0,executioner,8.87,1,0.0,0.0,0.0,0.0,0.0,0.0,0.0,0.0,0.0,0.0,1.0,0.0,1.0
1234,11,163.8,ice_wizard,ice_wizard,troop,1.5,18.0,hog_rider,11.49,1,0.0,0.0,0.0,0.0,0.0,0.0,0.0,0.0,0.0,0.0,0.0,0.0,0.0
1234,11,167.4,tesla,tesla,building,2.5,18.0,hog_rider,10.5,3,0.0,0.0,0.0,-0.0,0.0,0.0,0.0,0.0,0.0,1.0,0.0,0.0,1.0
1234,11,168.6,skeletons,skeletons,troop,9.5,31.33,hog_rider,9.51,2,0.0,0.0,0.0,0.0,0.0,0.0,0.0,0.0,0.0,1.0,0.0,0.0,1.0
1234,11,171.0,knight_evo,knight,troop,1.5,18.0,hog_rider,11.38,1,0.0,0.0,0.0,0.0,0.0,0.0,0.0,0.0,0.0,0.0,0.0,0.0,0.0
1234,12,0.0,knight,knight,troop,12.5,30.0,,0.0,0,0.0,0.0,0.0,0.0,0.5,0.0,0.0,0.0,0.0,0.0,0.0,0.0,0.5
1234,12,6.6,tesla,tesla,building,1.5,18.0,miner,13.62,6,0.0,0.0,0.0,-0.0,0.5,0.0,0.0,0.0,0.0,1.0,0.0,0.0,1.5
1234,12,19.2,ice_wizard,ice_wizard,troop,3.5,18.0,,0.0,2,0.0,0.0,0.0,0.0,0.5,0.0,0.0,0.0,0.0,0.0,0.0,0.0,0.5
1234,12,19.8,skeletons,skeletons,troop,9.5,31.33,,0.0,1,0.0,0.0,0.0,0.0,1.0,0.0,0.0,0.0,0.0,0.0,0.0,0.0,1.0
1234,12,36.6,x_bow,x_bow,building,3.5,18.0,miner,11.01,1,0.0,0.0,0.0,-0.0,0.5,0.0,0.0,0.0,0.0,1.0,1.0,0.0,2.5
1234,12,39.6,the_log,the_log,spell,3.5,18.0,miner,10.55,5,0.0,0.0,0.0,0.0,0.5,0.0,0.7273,0.0,0.0,0.0,0.0,0.0,1.2273
1234,12,48.0,knight,knight,troop,12.5,30.0,,0.0,4,0.0,0.0,0.0,0.0,0.5,0.0,0.0,0.0,0.0,0.0,0.0,0.0,0.5
1234,12,57.6,ice_wizard,ice_wizard,troop,2.5,18.0,,0.0,3,0.0,0.0,0.0,0.0,0.5,0.0,0.0,0.0,0.0,0.0,0.0,0.0,0.5
1234,12,60.0,skeletons,skeletons,troop,9.5,31.33,,0.0,2,0.0,0.0,0.0,0.0,1.0,0.0,0.0,0.0,0.0,0.0,0.0,0.0,1.0
1234,12,76.2,x_bow,x_bow,building,1.5,18.0,,0.0,5,0.0,0.0,0.0,0.0,0.5,0.0,0.0,0.0,0.0,0.0,1.0,0.0,1.5
1234,12,86.4,the_log,the_log,spell,14.5,22.0,,0.0,7,0.0,0.0,0.0,0.0,0.5,0.0,0.5714,0.0,0.0,0.0,0.0,0.0,1.0714
1234,12,90.0,knight_evo,knight,troop,14.5,27.33,,0.0,3,0.0,0.0,0.0,0.0,0.5,0.0,0.0,0.0,0.0,0.0,0.0,0.0,0.5
1234,12,100.2,ice_wizard,ice_wizard,troop,1.5,18.0,,0.0,0,0.0,0.0,0.0,0.0,0.5,0.0,0.0,0.0,0.0,0.0,0.0,0.0,0.5
1234,12,103.2,skeletons,skeletons,troop,9.5,31.33,miner,6.88,1,0.0,0.0,0.0,0.0,0.7958,0.0,0.0,0.0,0.0,0.0,0.0,-0.0,0.7958
1234,12,118.2,x_bow,x_bow,building,1.5,18.0,,0.0,1,0.0,0.0,0.0,0.0,0.5,0.0,0.0,0.0,0.0,0.0,0.0,0.0,0.5
1234,12,125.4,tesla,tesla,building,3.5,18.0,wall_breakers,3.13,3,0.0,0.0,0.75,-0.0,0.5,0.0,0.0,0.0,0.0,0.8123,0.0,0.0,2.0623
1234,12,128.4,the_log,the_log,spell,5.5,18.0,,0.0,5,0.0,0.0,0.0,0.0,0.5,0.0,0.0,0.0,0.0,0.0,0.0,0.0,0.5
1234,12,132.0,knight,knight,troop,12.5,30.0,,0.0,8,0.0,0.0,0.0,0.0,0.5,0.0,0.0,0.0,0.0,0.0,0.0,0.0,0.5
1234,12,133.2,skeletons,skeletons,troop,9.5,31.33,,0.0,8,0.0,0.0,0.0,0.0,1.0,0.0,0.0,0.0,0.0,0.0,0.0,0.0,1.0
1234,12,138.6,ice_wizard,ice_wizard,troop,3.5,18.0,miner,7.4,5,0.0,0.0,0.0,0.0,0.5,0.0,0.0,0.0,0.0,0.0,0.0,0.0,0.5
1234,12,144.0,tesla_evo,tesla,building,5.5,18.0,,0.0,4,0.0,0.0,0.0,0.0,0.5,0.0,0.0,0.0,0.0,0.0,0.0,0.0,0.5
1234,12,151.2,x_bow,x_bow,building,1.5,18.0,,0.0,1,0.0,0.0,0.0,0.0,0.5,0.0,0.0,0.0,0.0,0.0,0.0,0.0,0.5
1234,12,155.4,knight,knight,troop,12.5,30.0,miner,18.0,1,0.0,0.0,0.0,0.0,0.0,0.0,0.0,0.0,0.0,0.0,0.0,0.0,0.0
1234,12,157.8,skeletons,skeletons,troop,9.5,31.33,wall_breakers,9.65,3,0.0,0.0,0.0,0.0,0.5,0.0,0.0,0.0,0.0,1.0,0.0,0.0,1.5
1234,12,165.0,ice_wizard,ice_wizard,troop,3.5,18.0,,0.0,5,0.0,0.0,0.0,0.0,0.5,0.0,0.0,0.0,0.0,0.0,0.0,0.0,0.5
1234,12,168.0,tesla,tesla,building,1.5,18.0,,0.0,3,0.0,0.0,0.0,0.0,0.5,0.0,0.0,0.0,0.0,0.0,0.0,0.0,0.5
1234,12,174.6,the_log,the_log,spell,5.5,18.0,,0.0,6,0.0,0.0,0.0,0.0,0.5,0.0,0.0,0.0,0.0,0.0,0.0,0.0,0.5
1234,12,175.2,knight_evo,knight,troop,3.5,18.0,,0.0,6,0.0,0.0,0.0,0.0,0.5,0.0,0.0,0.0,0.0,0.0,0.0,0.0,0.5
1234,12,175.8,skeletons,skeletons,troop,9.5,31.33,,0.0,6,0.0,0.0,0.0,0.0,0.5,0.0,0.0,0.0,0.0,0.0,0.0,0.0,0.5
1234,13,0.0,knight,knight,troop,12.5,30.0,,0.0,0,0.0,0.0,0.0,0.0,0.5,0.0,0.0,0.0,0.0,0.0,0.0,0.0,0.5
1234,13,4.2,ice_wizard,ice_wizard,troop,1.5,18.0,royal_hogs,12.74,7,0.0,0.0,0.0,0.0,0.5,0.0,0.0,0.0,0.0,0.0,0.0,0.0,0.5
1234,13,18.6,tesla,tesla,building,1.5,18.0,valkyrie,3.44,1,0.0,0.0,0.75,-0.0,0.5,0.0,0.0,0.0,0.0,0.4,0.0,0.0,1.65
1234,13,19.2,skeletons,skeletons,troop,9.5,31.33,valkyrie,16.71,1,0.0,0.0,0.0,0.0,0.5,0.0,0.0,0.0,0.0,0.0,0.0,-0.0,0.5
1234,13,39.0,x_bow,x_bow,building,1.5,18.0,,0.0,3,0.0,0.0,0.0,0.0,0.5,0.0,0.0,0.0,0.0,0.0,1.0,0.0,1.5
1234,13,41.4,the_log,the_log,spell,14.5,18.0,,0.0,4,0.0,0.0,0.0,0.0,0.5,0.0,1.0,0.0,0.0,0.0,0.0,0.0,1.5
1234,13,48.0,knight,knight,troop,12.5,30.0,,0.0,0,0.0,0.0,0.0,0.0,0.5,0.0,0.0,0.0,0.0,0.0,0.0,0.0,0.5
1234,13,56.4,ice_wizard,ice_wizard,troop,3.5,18.0,valkyrie,0.88,1,0.0,0.0,0.0,0.0,0.5,1.0,0.0,0.0,0.0,0.1891,0.0,0.0,1.6891
1234,13,59.4,skeletons,skeletons,troop,9.5,31.33,valkyrie,15.5,1,0.0,0.0,0.0,0.0,0.5,0.0,0.0,0.0,0.0,0.0,0.0,-0.0,0.5
1234,13,71.4,tesla,tesla,building,12.5,18.0,valkyrie,9.78,4,0.0,0.0,0.0,-0.0,0.5,0.0,0.0,0.0,0.0,1.0,0.0,0.0,1.5
1234,13,85.8,the_log,the_log,spell,1.5,18.0,royal_hogs,2.97,5,0.0,0.0,0.0,0.0,0.5,0.0,0.0,0.0,0.0,0.0,0.0,0.0,0.5
1234,13,86.4,knight_evo,knight,troop,14.5,27.33,royal_hogs,14.89,5,0.0,0.0,0.0,0.0,0.5,0.0,0.0,0.0,0.0,0.0,0.0,0.0,0.5
1234,13,94.2,ice_wizard,ice_wizard,troop,1.5,18.0,royal_hogs,6.46,6,0.0,0.0,0.0,0.0,0.6594,0.0,0.0,0.0,0.0,0.0,0.0,0.0,0.6594
1234,13,96.0,skeletons,skeletons,troop,9.5,31.33,royal_hogs,9.78,4,0.0,0.0,0.0,0.0,0.5,0.0,0.0,0.0,0.0,0.0,0.0,0.0,0.5
1234,13,108.6,tesla_evo,tesla,building,1.5,18.0,valkyrie,14.04,1,0.0,0.0,0.0,-0.0,0.0,0.0,0.0,0.0,0.0,0.0,0.0,0.0,0.0
1234,13,123.6,x_bow,x_bow,building,3.5,18.0,,0.0,0,0.0,0.0,0.0,0.0,0.0,0.0,0.0,0.0,0.0,0.0,1.0,0.0,1.0
1234,13,125.4,the_log,the_log,spell,3.5,18.0,royal_hogs,1.04,7,0.0,0.0,0.0,0.0,0.0,0.0,0.75,0.0,0.0,0.0,0.0,0.0,0.75
1234,13,129.0,knight,knight,troop,5.5,18.0,royal_hogs,1.41,3,0.0,0.0,0.0,0.0,0.0,0.5,0.0,0.0,0.0,0.0,0.0,0.0,0.5
1234,13,130.8,skeletons,skeletons,troop,9.5,31.33,royal_hogs,12.38,3,0.0,0.0,0.0,0.0,0.0,0.0,0.0,0.0,0.0,0.0,0.0,0.0,0.0
1234,13,136.2,tesla,tesla,building,1.5,18.0,royal_hogs,9.29,3,0.0,0.0,0.0,-0.0,0.0,0.0,0.0,0.0,0.0,1.0,0.0,0.0,1.0
1234,13,140.4,ice_wizard,ice_wizard,troop,3.5,18.0,valkyrie,1.43,2,0.0,0.0,0.0,0.0,0.0,0.0,0.0,0.0,0.0,0.0,0.0,0.0,0.0
1234,13,147.6,the_log,the_log,spell,3.5,18.0,,0.0,4,0.0,0.0,0.0,0.0,0.0,0.0,0.0,0.0,0.0,0.0,0.0,0.0,0.0
1234,13,148.2,knight,knight,troop,12.5,30.0,,0.0,4,0.0,0.0,0.0,0.0,0.5,0.0,0.0,0.0,0.0,0.0,0.0,0.0,0.5
1234,13,148.8,skeletons,skeletons,troop,9.5,31.33,,0.0,4,0.0,0.0,0.0,0.0,0.5,0.0,0.0,0.0,0.0,0.0,0.0,0.0,0.5
1234,13,155.4,tesla,tesla,building,1.5,18.0,valkyrie,7.39,2,0.0,0.0,0.0,-0.0,0.0,0.0,0.0,0.0,0.0,0.0,0.0,0.0,0.0
1234,13,159.6,ice_wizard,ice_wizard,troop,3.5,18.0,valkyrie,2.76,1,0.0,0.0,0.0,0.0,0.0,1.0,0.0,0.0,0.0,0.8869,0.0,0.0,1.8869
1234,13,169.2,x_bow,x_bow,building,1.5,18.0,royal_hogs,10.5,9,0.0,0.0,0.0,-0.0,0.0,0.0,0.0,0.0,0.0,0.0,1.0,0.0,1.0
1234,13,172.8,knight_evo,knight,troop,1.5,18.0,royal_hogs,10.11,8,0.0,0.0,0.0,0.0,0.5,0.0,0.0,0.0,0.0,0.0,0.0,0.0,0.5
1234,13,173.4,skeletons,skeletons,troop,9.5,31.33,royal_hogs,3.88,8,0.0,0.0,0.0,0.0,0.0,0.0,0.0,0.0,0.0,0.0,0.0,0.0,0.0
1234,13,179.4,tesla_evo,tesla,building,1.5,18.0,royal_hogs,10.54,10,0.0,0.0,0.0,-0.0,0.0,0.0,0.0,0.0,0.0,1.0,0.0,0.0,1.0
1234,14,0.0,knight,knight,troop,12.5,30.0,,0.0,0,0.0,0.0,0.0,0.0,0.5,0.0,0.0,0.0,0.0,0.0,0.0,0.0,0.5
1234,14,4.2,tornado,tornado,spell,17.5,18.0,royal_ghost,13.45,2,0.0,0.0,0.0,0.0,0.4741,0.0,0.0,0.0,0.0,0.0,0.0,0.0,0.4741
1234,14,6.6,skeletons,skeletons,troop,9.5,31.33,royal_ghost,9.87,2,0.0,0.0,0.0,0.0,0.5,0.0,0.0,0.0,0.0,0.0,0.0,-0.0,0.5
1234,14,27.0,x_bow,x_bow,building,1.5,18.0,dark_prince,14.71,1,0.0,0.0,0.0,-0.0,0.5,0.0,0.0,0.0,0.0,0.0,1.0,0.0,1.5
1234,14,37.8,tesla,tesla,building,3.5,18.0,dark_prince,11.29,2,0.0,0.0,0.0,-0.0,0.5,0.0,0.0,0.0,0.0,1.0,0.0,0.0,1.5
1234,14,39.6,the_log,the_log,spell,3.5,18.0,dark_prince,11.29,2,0.0,0.0,0.0,0.0,0.5,0.0,0.5,0.0,0.0,0.0,0.0,0.0,1.0
1234,14,48.0,knight,knight,troop,12.5,30.0,royal_ghost,15.78,1,0.0,0.0,0.0,0.0,0.5,0.0,0.0,0.0,0.0,0.0,0.0,0.0,0.5
1234,14,51.0,skeletons,skeletons,troop,9.5,31.33,royal_ghost,15.43,1,0.0,0.0,0.0,0.0,0.5,0.0,0.0,0.0,0.0,0.0,0.0,-0.0,0.5
1234,14,64.2,ice_wizard,ice_wizard,troop,1.5,18.0,,0.0,0,0.0,0.0,0.0,0.0,0.5,0.0,0.0,0.0,0.0,0.0,0.0,0.0,0.5
1234,14,73.2,tesla,tesla,building,1.5,18.0,musketeer,4.05,1,0.0,0.0,0.0,0.0,0.5,0.0,0.0,0.0,0.0,0.1755,0.0,0.0,0.6755
1234,14,88.8,x_bow,x_bow,building,1.5,18.0,magic_archer,11.63,2,0.0,0.0,0.0,0.0,0.5,0.0,0.0,0.0,0.0,0.0,1.0,0.0,1.5
1234,14,94.8,the_log,the_log,spell,14.5,23.33,barbarians,0.0,2,0.0,0.0,0.0,0.0,0.5,0.0,1.0,0.0,0.0,0.0,0.0,0.0,1.5
1234,14,95.4,skeletons,skeletons,troop,9.5,31.33,barbarians,7.43,2,0.0,0.0,0.0,0.0,0.5,0.0,0.0,0.0,0.0,1.0,0.0,-0.0,1.5
1234,14,103.8,knight_evo,knight,troop,3.5,18.0,royal_ghost,10.12,1,0.0,0.0,0.0,0.0,0.5,0.0,0.0,0.0,0.0,0.0,0.0,0.0,0.5
1234,14,114.0,ice_wizard,ice_wizard,troop,3.5,18.0,,0.0,0,0.0,0.0,0.0,0.0,0.5,0.0,0.0,0.0,0.0,0.0,0.0,0.0,0.5
1234,14,123.6,tesla_evo,tesla,building,1.5,18.0,,0.0,0,0.0,0.0,0.0,0.0,0.5,0.0,0.0,0.0,0.0,0.0,0.0,0.0,0.5
1234,14,130.8,x_bow,x_bow,building,3.5,18.0,musketeer,7.53,2,0.0,0.0,0.1852,0.0,0.5,0.0,0.0,0.0,0.0,0.0,0.0,0.0,0.6852
1234,14,132.6,skeletons,skeletons,troop,9.5,31.33,musketeer,19.38,2,0.0,0.0,0.0,0.0,0.5,0.0,0.0,0.0,0.0,1.0,0.0,0.0,1.5
1234,14,134.4,the_log,the_log,spell,14.5,18.0,dark_prince,9.16,3,0.0,0.0,0.0,0.0,0.0,0.0,0.0,0.0,0.0,0.0,0.0,0.0,0.0
1234,14,138.6,knight,knight,troop,14.5,18.0,royal_ghost,1.9,3,0.0,0.0,0.0,0.0,0.0,0.0,0.0,0.0,0.0,0.0,0.0,0.0,0.0
1234,14,142.8,ice_wizard,ice_wizard,troop,14.5,18.0,royal_ghost,2.02,3,0.0,0.0,0.0,0.0,0.0,0.0,0.0,0.0,0.0,0.6667,0.0,0.0,0.6667
1234,14,149.4,tesla,tesla,building,3.5,23.33,battle_ram,0.16,2,0.0,0.0,0.3397,-0.7295,0.5,0.0,0.0,0.0,0.0,1.0,0.0,0.0,1.1102
1234,14,150.0,skeletons,skeletons,troop,9.5,31.33,barbarians,9.44,3,0.0,0.0,0.0,0.0,0.5,0.0,0.0,0.0,0.0,0.0,0.0,-0.0,0.5
1234,14,159.0,x_bow,x_bow,building,12.5,18.0,royal_ghost,9.06,2,0.0,0.0,0.0,-0.0,0.0,0.0,0.0,0.0,0.0,1.0,1.0,0.0,2.0
1234,14,161.4,the_log,the_log,spell,3.5,18.0,royal_ghost,0.23,2,0.0,0.0,0.0,0.0,0.5,0.0,1.0,0.0,0.0,0.0,0.0,0.0,1.5
1234,14,165.6,knight,knight,troop,12.5,30.0,royal_ghost,10.86,3,0.0,0.0,0.0,0.0,0.5,0.0,0.0,0.0,0.0,0.0,0.0,0.0,0.5
1234,14,169.8,ice_wizard,ice_wizard,troop,14.5,18.0,bandit,8.39,3,0.0,0.0,0.0,0.0,0.2375,0.0,0.0,0.0,0.0,0.0,0.0,0.0,0.2375
1234,14,171.0,skeletons,skeletons,troop,9.5,31.33,bandit,4.94,3,0.0,0.0,0.0,0.0,0.1728,0.0,0.0,0.0,0.0,0.0,0.0,-0.0,0.1728
1234,14,177.6,tesla,tesla,building,1.5,18.0,barbarians,12.77,4,0.0,0.0,0.0,-0.0,0.5,0.0,0.0,0.0,0.0,1.0,0.0,0.0,1.5
1234,14,185.4,x_bow,x_bow,building,3.5,18.0,musketeer,10.03,2,0.0,0.0,0.0,0.0,0.5,0.0,0.0,0.0,0.0,0.0,0.0,0.0,0.5
1234,14,188.4,the_log,the_log,spell,12.5,24.67,royal_ghost,0.99,3,0.0,0.0,0.0,0.0,0.1538,0.0,0.3,0.0,0.0,0.0,0.0,0.0,0.4538
1234,15,3.0,ice_wizard,ice_wizard,troop,1.5,18.0,,0.0,2,0.0,0.0,0.0,0.0,0.5,0.0,0.0,0.0,0.0,0.0,0.0,0.0,0.5
1234,15,3.6,knight,knight,troop,12.5,30.0,,0.0,1,0.0,0.0,0.0,0.0,0.5,0.0,0.0,0.0,0.0,0.0,0.0,0.0,0.5
1234,15,11.4,the_log,the_log,spell,3.5,18.0,wall_breakers,4.37,6,0.0,0.0,0.0,0.0,0.5,0.0,0.3333,0.0,0.0,0.0,0.0,0.0,0.8333
1234,15,21.0,tesla,tesla,building,1.5,18.0,mighty_miner,12.96,4,0.0,0.0,0.0,-0.0,0.5,0.0,0.0,0.0,0.0,0.3333,0.0,0.0,0.8333
1234,15,22.8,skeletons,skeletons,troop,9.5,31.33,mighty_miner,17.06,3,0.0,0.0,0.0,0.0,0.3149,0.0,0.0,0.0,0.0,0.0,0.0,-0.0,0.3149
1234,15,34.2,ice_wizard,ice_wizard,troop,0.5,26.0,mighty_miner,13.81,2,0.0,0.0,0.0,0.0,0.5,0.0,0.0,0.0,0.0,0.0,0.0,0.0,0.5
1234,15,39.6,knight,knight,troop,12.5,30.0,,0.0,0,0.0,0.0,0.0,0.0,0.5,0.0,0.0,0.0,0.0,0.0,0.0,0.0,0.5
1234,15,54.6,the_log,the_log,spell,3.5,18.0,mighty_miner,2.9,1,0.0,0.0,0.0,0.0,0.5,0.0,0.0,0.0,0.0,0.0,0.0,0.0,0.5
1234,15,57.0,tesla,tesla,building,1.5,18.0,mighty_miner,2.12,3,0.0,0.0,0.5718,-0.1827,0.5,0.0,0.0,0.0,0.0,1.0,0.0,0.0,1.8891
1234,15,59.4,skeletons,skeletons,troop,9.5,31.33,mighty_miner,15.42,1,0.0,0.0,0.0,0.0,0.5,0.0,0.0,0.0,0.0,0.0,0.0,-0.0,0.5
1234,15,74.4,ice_wizard,ice_wizard,troop,1.5,18.0,wall_breakers,12.59,2,0.0,0.0,0.0,0.0,0.0,0.0,0.0,0.0,0.0,0.0,0.0,0.0,0.0
1234,15,76.2,knight_evo,knight,troop,1.5,18.0,wall_breakers,13.06,2,0.0,0.0,0.0,0.0,0.5,0.0,0.0,0.0,0.0,0.0,0.0,0.0,0.5
1234,15,90.6,the_log,the_log,spell,3.5,18.0,mighty_miner,6.73,4,0.0,0.0,0.0,0.0,0.5,0.0,0.0,0.0,0.0,0.0,0.0,0.0,0.5
1234,15,91.2,tornado,tornado,spell,0.5,18.0,mighty_miner,6.78,4,0.0,0.0,0.0,0.0,0.4741,0.0,0.2857,0.0018,0.0,0.0,0.0,0.0,0.7616
1234,15,93.0,skeletons,skeletons,troop,9.5,31.33,mighty_miner,19.3,1,0.0,0.0,0.0,0.0,0.5,0.0,0.0,0.0,0.0,1.0,0.0,-0.0,1.5
1234,15,102.0,ice_wizard,ice_wizard,troop,0.5,24.67,mighty_miner,3.89,4,0.0,0.0,0.0,0.0,0.5,0.5,0.0,0.0,0.0,0.0,0.0,0.0,1.0
1234,15,109.8,knight,knight,troop,14.5,19.33,wall_breakers,0.67,6,0.0,0.0,0.0,0.0,0.5,1.0,0.0,0.0,0.0,1.0,0.0,0.0,2.5
1234,15,123.0,tesla_evo,tesla,building,1.5,18.0,,0.0,0,0.0,0.0,0.0,0.0,0.0,0.0,0.0,0.0,0.0,0.0,0.0,0.0,0.0
1234,15,128.4,tornado,tornado,spell,12.5,24.67,,0.0,1,0.0,0.0,0.0,0.0,0.5,0.0,1.0,0.4654,0.0,0.0,0.0,0.0,1.9654
1234,15,129.0,skeletons,skeletons,troop,9.5,31.33,,0.0,1,0.0,0.0,0.0,0.0,0.5,0.0,0.0,0.0,0.0,0.0,0.0,0.0,0.5
1234,15,135.0,x_bow,x_bow,building,3.5,18.0,mighty_miner,3.0,1,0.0,0.0,0.5,-0.0,0.0,0.0,0.0,0.0,0.0,1.0,1.0,0.0,2.5
1234,15,137.4,the_log,the_log,spell,3.5,18.0,mighty_miner,1.7,4,0.0,0.0,0.0,0.0,0.0,0.0,0.5714,0.0,0.0,0.0,0.0,0.0,0.5714
1234,15,141.6,knight,knight,troop,3.5,18.0,mighty_miner,1.7,1,0.0,0.0,0.0,0.0,0.0,1.0,0.0,0.0,0.0,1.0,0.0,0.0,2.0
1234,15,145.8,ice_wizard,ice_wizard,troop,1.5,18.0,,0.0,1,0.0,0.0,0.0,0.0,0.0,0.0,0.0,0.0,0.0,0.0,0.0,0.0,0.0
1234,15,147.6,skeletons,skeletons,troop,9.5,31.33,,0.0,4,0.0,0.0,0.0,0.0,0.5,0.0,0.0,0.0,0.0,0.0,0.0,0.0,0.5
1234,15,153.0,tesla,tesla,building,1.5,18.0,,0.0,1,0.0,0.0,0.0,0.0,0.0,0.0,0.0,0.0,0.0,0.0,0.0,0.0,0.0
1234,15,160.2,the_log,the_log,spell,12.5,18.0,mighty_miner,10.91,1,0.0,0.0,0.0,0.0,0.5,0.0,0.0,0.0,0.0,0.0,0.0,0.0,0.5
1234,15,160.8,knight_evo,knight,troop,12.5,18.0,mighty_miner,10.72,1,0.0,0.0,0.0,0.0,0.0,0.0,0.0,0.0,0.0,0.0,0.0,0.0,0.0
1234,15,164.4,ice_wizard,ice_wizard,troop,12.5,18.0,mighty_miner,9.69,1,0.0,0.0,0.0,0.0,0.0,0.0,0.0,0.0,0.0,0.0,0.0,0.0,0.0
1234,15,165.6,skeletons,skeletons,troop,9.5,31.33,mighty_miner,15.72,1,0.0,0.0,0.0,0.0,0.5,0.0,0.0,0.0,0.0,1.0,0.0,-0.0,1.5
1234,15,171.6,tesla,tesla,building,12.5,18.0,mighty_miner,7.77,1,0.0,0.0,0.0,-0.0,0.5,0.0,0.0,0.0,0.0,1.0,0.0,0.0,1.5
1234,15,178.8,the_log,the_log,spell,14.5,18.0,wall_breakers,9.84,3,0.0,0.0,0.0,0.0,0.5,0.0,0.0,0.0,0.0,0.0,0.0,0.0,0.5
1234,15,179.4,knight,knight,troop,12.5,30.0,wall_breakers,13.73,3,0.0,0.0,0.0,0.0,0.5,0.0,0.0,0.0,0.0,1.0,0.0,0.0,1.5
1234,16,0.0,ice_wizard,ice_wizard,troop,1.5,18.0,,0.0,0,0.0,0.0,0.0,0.0,0.5,0.0,0.0,0.0,0.0,0.0,0.0,0.0,0.5
1234,16,0.6,skeletons,skeletons,troop,9.5,31.33,,0.0,3,0.0,0.0,0.0,0.0,1.0,0.0,0.0,0.0,0.0,0.0,0.0,0.0,1.0
1234,16,6.0,knight,knight,troop,3.5,18.0,,0.0,0,0.0,0.0,0.0,0.0,0.5,0.0,0.0,0.0,0.0,0.0,0.0,0.0,0.5
1234,16,22.2,the_log,the_log,spell,3.5,18.0,knight,2.7,1,0.0,0.0,0.0,0.0,0.5,0.0,0.0,0.0,0.0,0.0,0.0,0.0,0.5
1234,16,22.8,tesla,tesla,building,1.5,18.0,knight,2.78,1,0.0,0.0,0.75,-0.0,0.5,0.0,0.0,0.0,0.0,0.9333,0.0,0.0,2.1833
1234,16,34.8,ice_wizard,ice_wizard,troop,1.5,18.0,archers,4.23,2,0.0,0.0,0.0,0.0,0.5,0.5,0.0,0.0,0.0,0.9601,0.0,0.0,1.9601
1234,16,35.4,skeletons,skeletons,troop,9.5,31.33,archers,18.15,2,0.0,0.0,0.0,0.0,0.5,0.0,0.0,0.0,0.0,0.0,0.0,0.0,0.5
1234,16,42.6,knight,knight,troop,12.5,30.0,archers,14.73,2,0.0,0.0,0.0,0.0,0.5,0.0,0.0,0.0,0.0,0.0,0.0,0.0,0.5
1234,16,57.6,the_log,the_log,spell,3.5,18.0,knight,3.9,1,0.0,0.0,0.0,0.0,0.5,0.0,0.0,0.0,0.0,0.0,0.0,0.0,0.5
1234,16,59.4,tesla,tesla,building,1.5,18.0,knight,3.36,1,0.0,0.0,0.75,-0.0,0.5,0.0,0.0,0.0,0.0,0.4667,0.0,0.0,1.7167
1234,16,71.4,ice_wizard,ice_wizard,troop,1.5,18.0,archers,4.13,2,0.0,0.0,0.0,0.0,0.5,0.5,0.0,0.0,0.0,1.0,0.0,0.0,2.0
1234,16,72.0,skeletons,skeletons,troop,9.5,31.33,archers,17.86,2,0.0,0.0,0.0,0.0,0.5,0.0,0.0,0.0,0.0,0.0,0.0,0.0,0.5
1234,16,78.6,knight_evo,knight,troop,1.5,18.0,archers,2.35,4,0.0,0.0,0.0,0.0,0.5,0.0,0.0,0.0,0.0,0.0,0.0,0.0,0.5
1234,16,95.4,x_bow,x_bow,building,1.5,18.0,knight,3.27,7,0.0,0.0,0.75,-0.0,0.5,0.0,0.0,0.0,0.0,1.0,1.0,0.0,3.25
1234,16,102.0,the_log,the_log,spell,3.5,22.0,knight,3.81,8,0.0,0.0,0.0,0.0,0.5,0.0,0.5,0.0,0.0,0.0,0.0,0.0,1.0
1234,16,109.8,ice_wizard,ice_wizard,troop,1.5,18.0,knight,4.65,6,0.0,0.0,0.0,0.0,0.5,0.0,0.0,0.0,0.0,0.0,0.0,0.0,0.5
1234,16,116.4,skeletons,skeletons,troop,9.5,31.33,knight,9.73,1,0.0,0.0,0.0,0.0,0.5,0.0,0.0,0.0,0.0,1.0,0.0,-0.0,1.5
1234,16,120.6,knight,knight,troop,12.5,30.0,,0.0,0,0.0,0.0,0.0,0.0,0.5,0.0,0.0,0.0,0.0,0.0,0.0,0.0,0.5
1234,16,127.2,tesla_evo,tesla,building,1.5,18.0,knight,4.99,1,0.0,0.0,0.4032,-0.0,0.0,0.0,0.0,0.0,0.0,0.0,0.0,0.0,0.4032
1234,16,132.0,the_log,the_log,spell,3.5,18.0,knight,1.53,1,0.0,0.0,0.0,0.0,0.0,0.0,1.0,0.0,0.0,0.0,0.0,0.0,1.0
1234,16,133.2,ice_wizard,ice_wizard,troop,3.5,18.0,knight,1.42,3,0.0,0.0,0.0,0.0,0.0,0.5,0.0,0.0,0.0,0.0,0.0,0.0,0.5
1234,16,134.4,skeletons,skeletons,troop,9.5,31.33,knight,15.88,3,0.0,0.0,0.0,0.0,0.0,0.0,0.0,0.0,0.0,0.0,0.0,-0.0,0.0
1234,16,138.6,knight,knight,troop,3.5,18.0,knight,0.26,3,0.0,0.0,0.0,0.0,0.0,0.0,0.0,0.0,0.0,1.0,0.0,0.0,1.0
1234,16,145.2,tesla,tesla,building,1.5,18.0,knight,12.85,2,0.0,0.0,0.0,-0.0,0.0,0.0,0.0,0.0,0.0,0.0,0.0,0.0,0.0
1234,16,150.6,the_log,the_log,spell,14.5,18.0,knight,1.74,5,0.0,0.0,0.0,0.0,0.5,0.0,0.3333,0.0,0.0,0.0,0.0,0.0,0.8333
1234,16,151.2,ice_wizard,ice_wizard,troop,3.5,18.0,knight,9.65,6,0.0,0.0,0.0,0.0,0.4595,0.0,0.0,0.0,0.0,0.0,0.0,0.0,0.4595
1234,16,153.0,skeletons,skeletons,troop,9.5,31.33,knight,13.79,5,0.0,0.0,0.0,0.0,0.5,0.0,0.0,0.0,0.0,1.0,0.0,-0.0,1.5
1234,16,157.2,knight_evo,knight,troop,3.5,18.0,knight,10.82,2,0.0,0.0,0.0,0.0,0.5,0.0,0.0,0.0,0.0,0.0,0.0,0.0,0.5
1234,16,163.2,tesla,tesla,building,1.5,18.0,knight,5.35,1,0.0,0.0,0.4179,-0.0,0.0,0.0,0.0,0.0,0.0,0.0,0.0,0.0,0.4179
1234,16,169.8,the_log,the_log,spell,14.5,18.0,knight,11.8,3,0.0,0.0,0.0,0.0,0.5,0.0,0.0,0.0,0.0,0.0,0.0,0.0,0.5
1234,16,170.4,ice_wizard,ice_wizard,troop,3.5,18.0,knight,4.9,5,0.0,0.0,0.0,0.0,0.0,1.0,0.0,0.0,0.0,0.0,0.0,0.0,1.0
1234,16,171.0,skeletons,skeletons,troop,9.5,31.33,knight,18.1,5,0.0,0.0,0.0,0.0,0.0,0.0,0.0,0.0,0.0,0.0,0.0,-0.0,0.0
1234,16,175.2,knight,knight,troop,17.5,24.67,archers,17.21,2,0.0,0.0,0.0,0.0,0.5,0.0,0.0,0.0,0.0,1.0,0.0,0.0,1.5
1234,17,0.0,tesla,tesla,building,1.5,18.0,,0.0,0,0.0,0.0,0.0,0.0,0.5,0.0,0.0,0.0,0.0,0.0,0.0,0.0,0.5
1234,17,1.8,skeletons,skeletons,troop,9.5,31.33,knight,16.88,2,0.0,0.0,0.0,0.0,0.5,0.0,0.0,0.0,0.0,0.0,0.0,-0.0,0.5
1234,17,20.4,ice_wizard,ice_wizard,troop,1.5,18.0,,0.0,1,0.0,0.0,0.0,0.0,0.5,0.0,0.0,0.0,0.0,0.0,0.0,0.0,0.5
1234,17,26.4,x_bow,x_bow,building,1.5,18.0,,0.0,1,0.0,0.0,0.0,0.0,0.5,0.0,0.0,0.0,0.0,0.0,1.0,0.0,1.5
1234,17,31.8,the_log,the_log,spell,3.5,18.0,knight,1.19,4,0.0,0.0,0.0,0.0,0.5,0.0,1.0,0.0,0.0,0.0,0.0,0.0,1.5
1234,17,39.6,knight,knight,troop,12.5,30.0,knight,15.52,1,0.0,0.0,0.0,0.0,0.5,0.0,0.0,0.0,0.0,0.0,0.0,0.0,0.5
1234,17,43.8,skeletons,skeletons,troop,9.5,31.33,,0.0,0,0.0,0.0,0.0,0.0,1.0,0.0,0.0,0.0,0.0,0.0,0.0,0.0,1.0
1234,17,51.6,ice_wizard,ice_wizard,troop,1.5,18.0,,0.0,3,0.0,0.0,0.0,0.0,0.5,0.0,0.0,0.0,0.0,0.0,0.0,0.0,0.5
1234,17,69.6,x_bow,x_bow,building,1.5,18.0,knight,15.2,1,0.0,0.0,0.0,-0.0,0.5,0.0,0.0,0.0,0.0,0.0,1.0,0.0,1.5
1234,17,77.4,the_log,the_log,spell,14.5,18.0,knight,0.5,2,0.0,0.0,0.0,0.0,0.5,0.0,1.0,0.0,0.0,0.0,0.0,0.0,1.5
1234,17,81.6,knight,knight,troop,3.5,18.0,knight,10.78,2,0.0,0.0,0.0,0.0,0.5,0.0,0.0,0.0,0.0,0.0,0.0,0.0,0.5
1234,17,84.6,skeletons,skeletons,troop,9.5,31.33,knight,9.39,2,0.0,0.0,0.0,0.0,0.5,0.0,0.0,0.0,0.0,0.0,0.0,-0.0,0.5
1234,17,96.0,tesla,tesla,building,3.5,18.0,knight,11.04,1,0.0,0.0,0.0,-0.0,0.5,0.0,0.0,0.0,0.0,0.3333,0.0,0.0,0.8333
1234,17,105.0,ice_wizard,ice_wizard,troop,1.5,18.0,knight,12.99,2,0.0,0.0,0.0,0.0,0.5,0.0,0.0,0.0,0.0,0.0,0.0,0.0,0.5
1234,17,122.4,x_bow,x_bow,building,1.5,18.0,knight,12.96,1,0.0,0.0,0.0,-0.0,0.5,0.0,0.0,0.0,0.0,1.0,0.0,0.0,1.5
1234,17,123.6,the_log,the_log,spell,14.5,18.0,knight,2.3,1,0.0,0.0,0.0,0.0,0.0,0.0,0.0,0.0,0.0,0.0,0.0,0.0,0.0
1234,17,124.8,skeletons,skeletons,troop,9.5,31.33,knight,15.23,2,0.0,0.0,0.0,0.0,0.5,0.0,0.0,0.0,0.0,1.0,0.0,-0.0,1.5
1234,17,129.0,knight_evo,knight,troop,12.5,18.0,knight,1.14,2,0.0,0.0,0.0,0.0,0.0,0.0,0.0,0.0,0.0,1.0,0.0,0.0,1.0
1234,17,133.8,ice_wizard,ice_wizard,troop,3.5,18.0,,0.0,3,0.0,0.0,0.0,0.0,0.5,0.0,0.0,0.0,0.0,0.0,0.0,0.0,0.5
1234,17,138.0,tornado,tornado,spell,12.5,18.0,knight,1.3,2,0.0,0.0,0.0,0.0,0.0,0.0,1.0,0.3089,0.0,0.0,0.0,0.0,1.3089
1234,17,143.4,tesla_evo,tesla,building,3.5,18.0,knight,8.2,5,0.0,0.0,0.0,-0.0,0.5,0.0,0.0,0.0,0.0,1.0,0.0,0.0,1.5
1234,17,144.6,skeletons,skeletons,troop,9.5,31.33,knight,9.3,4,0.0,0.0,0.0,0.0,0.5,0.0,0.0,0.0,0.0,1.0,0.0,-0.0,1.5
1234,17,149.4,knight,knight,troop,12.5,30.0,,0.0,2,0.0,0.0,0.0,0.0,0.0,0.0,0.0,0.0,0.0,0.0,0.0,0.0,0.0
1234,17,154.2,ice_wizard,ice_wizard,troop,5.5,18.0,knight,8.4,1,0.0,0.0,0.0,0.0,0.0252,0.0,0.0,0.0,0.0,0.0,0.0,0.0,0.0252
1234,17,160.8,the_log,the_log,spell,14.5,22.0,knight,0.54,2,0.0,0.0,0.0,0.0,0.0,0.0,0.6,0.0,0.0,0.0,0.0,0.0,0.6
1234,17,161.4,tesla,tesla,building,1.5,18.0,knight,12.33,4,0.0,0.0,0.0,-0.0,0.5,0.0,0.0,0.0,0.0,1.0,0.0,0.0,1.5
1234,17,162.6,skeletons,skeletons,troop,9.5,31.33,,0.0,2,0.0,0.0,0.0,0.0,0.5,0.0,0.0,0.0,0.0,0.0,0.0,0.0,0.5
1234,17,166.8,knight,knight,troop,3.5,18.0,knight,2.3,1,0.0,0.0,0.0,0.0,0.5,1.0,0.0,0.0,0.0,0.8,0.0,0.0,2.3
1234,17,172.2,ice_wizard,ice_wizard,troop,12.5,18.0,,0.0,0,0.0,0.0,0.0,0.0,0.0,0.0,0.0,0.0,0.0,0.0,0.0,0.0,0.0
1234,17,179.4,x_bow,x_bow,building,12.5,18.0,,0.0,0,0.0,0.0,0.0,0.0,0.0,0.0,0.0,0.0,0.0,0.0,1.0,0.0,1.0
1234,17,186.6,tesla,tesla,building,14.5,18.0,knight,3.0,1,0.0,0.0,0.5,-0.0,0.0,0.0,0.0,0.0,0.0,0.3333,0.0,0.0,0.8333
1234,17,187.2,skeletons,skeletons,troop,9.5,31.33,knight,16.96,1,0.0,0.0,0.0,0.0,0.0,0.0,0.0,0.0,0.0,0.0,0.0,-0.0,0.0
1234,17,189.6,the_log,the_log,spell,14.5,18.0,knight,1.2,2,0.0,0.0,0.0,0.0,0.0,0.0,1.0,0.0,0.0,0.0,0.0,0.0,1.0
1234,17,193.2,knight_evo,knight,troop,1.5,18.0,knight,12.61,1,0.0,0.0,0.0,0.0,0.0,0.0,0.0,0.0,0.0,0.0,0.0,0.0,0.0
1234,17,198.0,ice_wizard,ice_wizard,troop,0.5,26.0,knight,15.95,3,0.0,0.0,0.0,0.0,0.0,0.0,0.0,0.0,0.0,0.0,0.0,0.0,0.0
1234,17,202.8,tornado,tornado,spell,12.5,19.33,knight,0.12,2,0.0,0.0,0.0,0.0,0.0,0.0,1.0,0.7258,0.0,0.0,0.0,0.0,1.7258
1234,17,203.4,skeletons,skeletons,troop,9.5,31.33,knight,10.82,5,0.0,0.0,0.0,0.0,0.5,0.0,0.0,0.0,0.0,1.0,0.0,-0.0,1.5
1234,17,209.4,tesla_evo,tesla,building,1.5,18.0,knight,11.13,5,0.0,0.0,0.0,-0.0,0.5,0.0,0.0,0.0,0.0,1.0,0.0,0.0,1.5
1234,17,211.8,the_log,the_log,spell,14.5,19.33,knight,11.47,2,0.0,0.0,0.0,0.0,0.0,0.0,0.4,0.0,0.0,0.0,0.0,0.0,0.4
1234,17,216.0,knight,knight,troop,14.5,18.0,,0.0,2,0.0,0.0,0.0,0.0,0.0,0.0,0.0,0.0,0.0,0.0,0.0,0.0,0.0
1234,17,220.2,ice_wizard,ice_wizard,troop,3.5,18.0,knight,4.01,6,0.0,0.0,0.0,0.0,0.5,1.0,0.0,0.0,0.0,0.0,0.0,0.0,1.5
1234,17,221.4,skeletons,skeletons,troop,9.5,31.33,knight,17.31,4,0.0,0.0,0.0,0.0,0.5,0.0,0.0,0.0,0.0,0.0,0.0,-0.0,0.5
1234,17,226.2,tornado,tornado,spell,0.5,24.67,knight,8.57,5,0.0,0.0,0.0,0.0,0.5,0.0,0.2,0.0456,0.0,0.0,0.0,0.0,0.7456
1234,17,232.2,tesla,tesla,building,3.5,23.33,,0.0,4,0.0,0.0,0.0,0.0,0.5,0.0,0.0,0.0,0.0,0.0,0.0,0.0,0.5
1234,17,235.2,knight,knight,troop,12.5,30.0,knight,19.66,5,0.0,0.0,0.0,0.0,0.5,0.0,0.0,0.0,0.0,1.0,0.0,0.0,1.5
1234,17,240.6,ice_wizard,ice_wizard,troop,0.5,26.0,knight,7.32,3,0.0,0.0,0.0,0.0,0.5,0.0,0.0,0.0,0.0,0.0,0.0,0.0,0.5
1234,17,241.2,skeletons,skeletons,troop,0.5,27.33,knight,7.04,4,0.0,0.0,0.0,0.0,0.5,0.0,0.0,0.0,0.0,0.0,0.0,-0.0,0.5
1234,17,246.0,x_bow,x_bow,building,1.5,18.0,knight,3.5,2,0.0,0.0,0.0,-0.0,0.5,0.0,0.0,0.0,0.0,0.0,0.0,0.0,0.5
1234,17,249.6,the_log,the_log,spell,3.5,18.0,knight,3.12,5,0.0,0.0,0.0,0.0,0.5,0.0,0.2857,0.0,0.0,0.0,0.0,0.0,0.7857
1234,17,250.8,knight_evo,knight,troop,3.5,18.0,knight,2.47,3,0.0,0.0,0.0,0.0,0.5,0.5,0.0,0.0,0.0,0.0,0.0,0.0,1.0
1234,17,253.8,ice_wizard,ice_wizard,troop,3.5,18.0,knight,1.43,2,0.0,0.0,0.0,0.0,0.5,0.5,0.0,0.0,0.0,0.0,0.0,0.0,1.0
1234,17,255.0,skeletons,skeletons,troop,9.5,31.33,knight,16.04,3,0.0,0.0,0.0,0.0,0.5,0.0,0.0,0.0,0.0,0.0,0.0,-0.0,0.5
1234,17,258.6,tesla,tesla,building,12.5,18.0,knight,6.08,3,0.0,0.0,0.1405,-0.0,0.0,0.0,0.0,0.0,0.0,1.0,0.0,0.0,1.1405
1234,17,264.0,x_bow,x_bow,building,5.5,18.0,knight,8.62,1,0.0,0.0,0.0,-0.0,0.5,0.0,0.0,0.0,0.0,1.0,0.0,0.0,1.5
1234,17,267.6,knight,knight,troop,12.5,30.0,knight,23.75,4,0.0,0.0,0.0,0.0,0.0,0.0,0.0,0.0,0.0,0.0,0.0,0.0,0.0
1234,17,271.8,ice_wizard,ice_wizard,troop,7.5,18.0,knight,9.56,1,0.0,0.0,0.0,0.0,0.0,0.0,0.0,0.0,0.0,0.0,0.0,0.0,0.0
1234,17,272.4,skeletons,skeletons,troop,9.5,31.33,knight,22.71,1,0.0,0.0,0.0,0.0,0.5,0.0,0.0,0.0,0.0,0.0,0.0,-0.0,0.5
1234,17,275.4,tesla_evo,tesla,building,1.5,18.0,knight,8.1,2,0.0,0.0,0.0,-0.0,0.5,0.0,0.0,0.0,0.0,1.0,0.0,0.0,1.5
1234,17,279.6,x_bow,x_bow,building,12.5,18.0,knight,8.46,1,0.0,0.0,0.0,-0.0,0.0,0.0,0.0,0.0,0.0,0.0,1.0,0.0,1.0
1234,17,281.4,the_log,the_log,spell,14.5,18.0,knight,9.86,1,0.0,0.0,0.0,0.0,0.0,0.0,0.0,0.0,0.0,0.0,0.0,0.0,0.0
1234,17,284.4,knight,knight,troop,12.5,30.0,,0.0,1,0.0,0.0,0.0,0.0,0.0,0.0,0.0,0.0,0.0,0.0,0.0,0.0,0.0
1234,17,286.2,skeletons,skeletons,troop,9.5,31.33,,0.0,2,0.0,0.0,0.0,0.0,0.5,0.0,0.0,0.0,0.0,0.0,0.0,0.0,0.5
1234,17,289.8,tesla,tesla,building,3.5,18.0,knight,14.03,1,0.0,0.0,0.0,-0.0,0.5,0.0,0.0,0.0,0.0,0.0,0.0,0.0,0.5
1234,17,293.4,ice_wizard,ice_wizard,troop,3.5,18.0,knight,13.78,2,0.0,0.0,0.0,0.0,0.1879,0.0,0.0,0.0,0.0,1.0,0.0,0.0,1.1879
1234,17,297.0,the_log,the_log,spell,12.5,18.0,,0.0,2,0.0,0.0,0.0,0.0,0.0,0.0,0.0,0.0,0.0,0.0,0.0,0.0,0.0
1234,17,297.6,knight_evo,knight,troop,0.5,26.0,,0.0,1,0.0,0.0,0.0,0.0,0.5,0.0,0.0,0.0,0.0,0.0,0.0,0.0,0.5
1234,17,298.2,skeletons,skeletons,troop,0.5,27.33,,0.0,1,0.0,0.0,0.0,0.0,0.5,0.0,0.0,0.0,0.0,0.0,0.0,0.0,0.5
1234,18,0.0,knight,knight,troop,12.5,30.0,,0.0,0,0.0,0.0,0.0,0.0,0.5,0.0,0.0,0.0,0.0,0.0,0.0,0.0,0.5
1234,18,15.6,x_bow,x_bow,building,1.5,18.0,wizard,3.44,1,0.0,0.0,0.0,0.0,0.5,0.0,0.0,0.0,0.0,1.0,1.0,0.0,2.5
1234,18,24.0,tesla,tesla,building,3.5,18.0,wizard,2.7,1,0.0,0.0,0.0,0.0,0.5,0.0,0.0,0.0,0.0,0.5333,0.0,0.0,1.0333
1234,18,30.6,skeletons,skeletons,troop,9.5,31.33,,0.0,0,0.0,0.0,0.0,0.0,1.0,0.0,0.0,0.0,0.0,0.0,0.0,0.0,1.0
1234,18,38.4,ice_wizard,ice_wizard,troop,1.5,18.0,sparky,12.06,1,0.0,0.0,0.0,0.0,0.0,0.0,0.0,0.0,0.0,0.0,0.0,0.0,0.0
1234,18,40.8,the_log,the_log,spell,14.5,18.0,sparky,2.64,1,0.0,0.0,0.0,0.0,0.5,0.0,0.0,0.0,0.0,0.0,0.0,0.0,0.5
1234,18,48.0,knight,knight,troop,3.5,18.0,sparky,9.71,2,0.0,0.0,0.0,0.0,0.5,0.0,0.0,0.0,0.0,0.0,0.0,0.0,0.5
1234,18,57.6,tornado,tornado,spell,12.5,22.0,giant,8.22,3,0.0,0.0,0.0,0.0,0.0,0.0,0.6667,0.336,0.0,0.0,0.0,0.0,1.0027
1234,18,60.0,skeletons,skeletons,troop,9.5,31.33,mini_pekka,7.7,2,0.0,0.0,0.0,0.0,0.5,0.0,0.0,0.0,0.0,1.0,0.0,-0.0,1.5
1234,18,71.4,ice_wizard,ice_wizard,troop,12.5,18.0,,0.0,0,0.0,0.0,0.0,0.0,0.0,0.0,0.0,0.0,0.0,0.0,0.0,0.0,0.0
1234,18,85.8,x_bow,x_bow,building,1.5,18.0,,0.0,0,0.0,0.0,0.0,0.0,0.5,0.0,0.0,0.0,0.0,0.0,1.0,0.0,1.5
1234,18,90.0,the_log,the_log,spell,14.5,22.0,wizard,0.78,1,0.0,0.0,0.0,0.0,0.0,0.0,1.0,0.0,0.0,0.0,0.0,0.0,1.0
1234,18,98.4,knight_evo,knight,troop,3.5,18.0,,0.0,0,0.0,0.0,0.0,0.0,0.5,0.0,0.0,0.0,0.0,0.0,0.0,0.0,0.5
1234,18,101.4,skeletons,skeletons,troop,9.5,31.33,,0.0,0,0.0,0.0,0.0,0.0,0.5,0.0,0.0,0.0,0.0,0.0,0.0,0.0,0.5
1234,18,109.8,ice_wizard,ice_wizard,troop,3.5,18.0,giant,9.51,1,0.0,0.0,0.0,0.0,0.2658,0.0,0.0,0.0,0.0,0.0,0.0,0.0,0.2658
1234,19,0.0,knight,knight,troop,12.5,30.0,,0.0,0,0.0,0.0,0.0,0.0,0.5,0.0,0.0,0.0,0.0,0.0,0.0,0.0,0.5
1234,19,8.4,tesla,tesla,building,1.5,18.0,mother_witch,18.97,1,0.0,0.0,0.0,0.0,0.5,0.0,0.0,0.0,0.0,0.0,0.0,0.0,0.5
1234,19,13.2,skeletons,skeletons,troop,9.5,31.33,mother_witch,24.82,1,0.0,0.0,0.0,0.0,0.5,0.0,0.0,0.0,0.0,0.0,0.0,0.0,0.5
1234,19,21.6,ice_wizard,ice_wizard,troop,3.5,18.0,mother_witch_hog,9.7,7,0.0,0.0,0.0,0.0,0.0,0.0,0.0,0.0,0.0,0.0,0.0,0.0,0.0
1234,19,31.2,the_log,the_log,spell,12.5,22.0,mother_witch_hog,1.75,7,0.0,0.0,0.0,0.0,0.5,0.0,0.2,0.0,0.0,0.0,0.0,0.0,0.7
1234,19,31.8,knight,knight,troop,12.5,22.0,mother_witch_hog,1.75,7,0.0,0.0,0.0,0.0,0.5,0.0,0.0,0.0,0.0,0.0,0.0,0.0,0.5
1234,19,40.8,tornado,tornado,spell,14.5,18.0,mother_witch_hog,4.54,6,0.0,0.0,0.0,0.0,0.0,0.0,1.0,0.5668,0.0,0.0,0.0,0.0,1.5668
1234,19,42.6,skeletons,skeletons,troop,9.5,31.33,mother_witch_hog,5.25,8,0.0,0.0,0.0,0.0,0.5,0.0,0.0,0.0,0.0,0.2441,0.0,0.0,0.7441
1234,19,51.0,ice_wizard,ice_wizard,troop,12.5,23.33,zappies,0.33,4,0.0,0.0,0.0,0.0,0.0871,0.0,0.0,0.0,0.0,0.3776,0.0,0.0,0.4646
1234,19,67.2,tesla,tesla,building,1.5,18.0,elite_barbarians,9.66,3,0.0,0.0,0.0,-0.0,0.0,0.0,0.0,0.0,0.0,1.0,0.0,0.0,1.0
1234,20,0.0,knight,knight,troop,12.5,30.0,,0.0,0,0.0,0.0,0.0,0.0,0.5,0.0,0.0,0.0,0.0,0.0,0.0,0.0,0.5
1234,20,3.6,ice_wizard,ice_wizard,troop,1.5,18.0,,0.0,0,0.0,0.0,0.0,0.0,0.5,0.0,0.0,0.0,0.0,0.0,0.0,0.0,0.5
1234,20,14.4,tesla,tesla,building,1.5,18.0,sparky,18.79,1,0.0,0.0,0.0,0.0,0.5,0.0,0.0,0.0,0.0,0.0,0.0,0.0,0.5
1234,20,17.4,skeletons,skeletons,troop,9.5,31.33,sparky,23.92,4,0.0,0.0,0.0,0.0,0.5,0.0,0.0,0.0,0.0,0.0,0.0,-0.0,0.5
1234,20,32.4,the_log,the_log,spell,14.5,18.0,sparky,0.29,2,0.0,0.0,0.0,0.0,0.5,0.0,1.0,0.0,0.0,0.0,0.0,0.0,1.5
1234,20,33.0,knight,knight,troop,5.5,18.0,sparky,8.47,2,0.0,0.0,0.0,0.0,0.5,0.0,0.0,0.0,0.0,0.0,0.0,0.0,0.5
1234,20,40.8,ice_wizard,ice_wizard,troop,1.5,18.0,sparky,12.35,15,0.0,0.0,0.0,0.0,0.5,0.0,0.0,0.0,0.0,0.0,0.0,0.0,0.5
1234,20,58.2,x_bow,x_bow,building,1.5,18.0,,0.0,0,0.0,0.0,0.0,0.0,0.5,0.0,0.0,0.0,0.0,0.0,1.0,0.0,1.5
1234,20,63.0,skeletons,skeletons,troop,9.5,31.33,,0.0,0,0.0,0.0,0.0,0.0,1.0,0.0,0.0,0.0,0.0,0.0,0.0,0.0,1.0
1234,20,75.0,tesla,tesla,building,12.5,18.0,giant,9.8,1,0.0,0.0,0.0,-0.0,0.5,0.0,0.0,0.0,0.0,0.0,0.0,0.0,0.5
1234,20,76.2,the_log,the_log,spell,12.5,18.0,minion_horde,3.97,7,0.0,0.0,0.0,0.0,0.5,0.0,0.0,0.0,0.0,0.0,0.0,0.0,0.5
1234,20,84.6,knight_evo,knight,troop,14.5,27.33,giant,14.57,1,0.0,0.0,0.0,0.0,0.4814,0.0,0.0,0.0,0.0,0.0,0.0,0.0,0.4814
1234,20,93.0,ice_wizard,ice_wizard,troop,1.5,18.0,giant,3.93,2,0.0,0.0,0.0,0.0,0.5,0.0,0.0,0.0,0.0,0.0,0.0,0.0,0.5
1234,20,95.4,skeletons,skeletons,troop,9.5,31.33,giant,9.67,2,0.0,0.0,0.0,0.0,0.5,0.0,0.0,0.0,0.0,0.0,0.0,0.0,0.5
1234,20,106.2,tornado,tornado,spell,2.5,18.0,giant,0.58,7,0.0,0.0,0.0,0.0,0.5,0.0,1.0,0.6289,0.0,0.0,0.0,0.0,2.1289
1234,20,115.8,tesla_evo,tesla,building,1.5,18.0,giant,4.17,4,0.0,0.0,0.0,-0.0,0.5,0.0,0.0,0.0,0.0,1.0,0.0,0.0,1.5
1234,20,122.4,knight,knight,troop,12.5,30.0,giant,27.17,1,0.0,0.0,0.0,0.0,0.5,0.0,0.0,0.0,0.0,0.0,0.0,0.0,0.5
1234,20,127.8,ice_wizard,ice_wizard,troop,3.5,18.0,mini_pekka,2.36,2,0.0,0.0,0.0,0.0,0.5,1.0,0.0,0.0,0.0,0.9352,0.0,0.0,2.4352
1234,20,128.4,skeletons,skeletons,troop,9.5,31.33,mini_pekka,16.1,2,0.0,0.0,0.0,0.0,0.5,0.0,0.0,0.0,0.0,0.0,0.0,-0.0,0.5
1234,20,135.6,the_log,the_log,spell,3.5,18.0,giant,3.78,1,0.0,0.0,0.0,0.0,0.5,0.0,0.0,0.0,0.0,0.0,0.0,0.0,0.5
1234,20,136.2,tesla,tesla,building,12.5,18.0,giant,9.13,1,0.0,0.0,0.0,-0.0,0.0,0.0,0.0,0.0,0.0,0.0,0.0,0.0,0.0
1234,20,140.4,knight,knight,troop,3.5,18.0,giant,0.95,2,0.0,0.0,0.0,0.0,0.5,1.0,0.0,0.0,0.0,0.3109,0.0,0.0,1.8109
1234,20,145.2,ice_wizard,ice_wizard,troop,1.5,18.0,giant,1.44,1,0.0,0.0,0.0,0.0,0.5,0.0,0.0,0.0,0.0,1.0,0.0,0.0,1.5
1234,20,145.8,skeletons,skeletons,troop,9.5,31.33,giant,12.23,15,0.0,0.0,0.0,0.0,0.5,0.0,0.0,0.0,0.0,0.0,0.0,0.0,0.5
1234,20,154.2,x_bow,x_bow,building,1.5,18.0,skeleton_army,12.29,18,0.0,0.0,0.0,-0.0,0.5,0.0,0.0,0.0,0.0,0.0,0.0,0.0,0.5
1234,21,1.8,tesla,tesla,building,1.5,18.0,zappies,12.65,4,0.0,0.0,0.0,0.0,0.5,0.0,0.0,0.0,0.0,0.9939,0.0,0.0,1.4939
1234,21,2.4,skeletons,skeletons,troop,9.5,31.33,zappies,15.44,4,0.0,0.0,0.0,0.0,0.5,0.0,0.0,0.0,0.0,0.0,0.0,0.0,0.5
1234,21,9.0,knight,knight,troop,12.5,30.0,zappies,10.0,3,0.0,0.0,0.0,0.0,0.5,0.0,0.0,0.0,0.0,0.0,0.0,0.0,0.5
1234,21,22.2,the_log,the_log,spell,14.5,27.33,zappies,7.14,2,0.0,0.0,0.0,0.0,0.5,0.0,0.0,0.0,0.0,0.0,0.0,0.0,0.5
1234,21,25.2,ice_wizard,ice_wizard,troop,1.5,18.0,bandit,5.07,1,0.0,0.0,0.0,0.0,0.5,0.0,0.0,0.0,0.0,0.0,0.0,0.0,0.5
1234,21,40.2,x_bow,x_bow,building,1.5,18.0,valkyrie,15.6,1,0.0,0.0,0.0,-0.0,0.5,0.0,0.0,0.0,0.0,0.0,1.0,0.0,1.5
1234,21,45.6,skeletons,skeletons,troop,9.5,31.33,valkyrie,21.07,2,0.0,0.0,0.0,0.0,0.5,0.0,0.0,0.0,0.0,0.9026,0.0,-0.0,1.4026
1234,21,51.0,knight,knight,troop,14.5,18.0,valkyrie,1.89,1,0.0,0.0,0.0,0.0,0.5,1.0,0.0,0.0,0.0,0.9545,0.0,0.0,2.4545
1234,21,60.0,the_log,the_log,spell,3.5,18.0,barbarians,0.59,3,0.0,0.0,0.0,0.0,0.5,0.0,0.7143,0.0,0.0,0.0,0.0,0.0,1.2143
1234,21,64.8,ice_wizard,ice_wizard,troop,1.5,18.0,bandit,1.5,1,0.0,0.0,0.0,0.0,0.5,0.5,0.0,0.0,0.0,1.0,0.0,0.0,2.0
1234,21,80.4,tesla,tesla,building,14.5,18.0,mother_witch,0.28,1,0.0,0.0,0.0,0.0,0.0,0.0,0.0,0.0,0.0,1.0,0.0,0.0,1.0
1234,21,81.0,skeletons,skeletons,troop,9.5,31.33,mother_witch,12.78,1,0.0,0.0,0.0,0.0,0.0,0.0,0.0,0.0,0.0,0.0,0.0,0.0,0.0
1234,21,87.0,knight_evo,knight,troop,16.5,18.0,zappies,2.7,3,0.0,0.0,0.0,0.0,0.0,0.5,0.0,0.0,0.0,0.0,0.0,0.0,0.5
1234,21,107.4,x_bow,x_bow,building,1.5,18.0,bandit,14.71,1,0.0,0.0,0.0,-0.0,0.5,0.0,0.0,0.0,0.0,0.0,1.0,0.0,1.5
1234,21,115.8,ice_wizard,ice_wizard,troop,3.5,18.0,bandit,8.3,2,0.0,0.0,0.0,0.0,0.1661,0.0,0.0,0.0,0.0,0.0,0.0,0.0,0.1661
1234,21,121.2,the_log,the_log,spell,3.5,18.0,bandit,10.07,3,0.0,0.0,0.0,0.0,0.5,0.0,0.7692,0.0,0.0,0.0,0.0,0.0,1.2692
1234,21,121.8,skeletons,skeletons,troop,9.5,31.33,bandit,4.2,3,0.0,0.0,0.0,0.0,0.5,0.0,0.0,0.0,0.0,0.0,0.0,-0.0,0.5
1234,21,124.8,knight,knight,troop,14.5,22.0,barbarians,12.12,4,0.0,0.0,0.0,0.0,0.5,0.0,0.0,0.0,0.0,0.0,0.0,0.0,0.5
1234,21,129.6,tornado,tornado,spell,14.5,18.0,zappies,0.95,2,0.0,0.0,0.0,0.0,0.0,0.0,1.0,0.6546,0.0,0.0,0.0,0.0,1.6546
1234,21,133.2,ice_wizard,ice_wizard,troop,12.5,18.0,valkyrie,8.55,2,0.0,0.0,0.0,0.0,0.5,0.0,0.0,0.0,0.0,0.0,0.0,0.0,0.5
1234,21,139.2,tesla_evo,tesla,building,1.5,18.0,valkyrie,2.52,2,0.0,0.0,0.75,-0.0,0.5,0.0,0.0,0.0,0.0,1.0,0.0,0.0,2.25
1234,21,140.4,skeletons,skeletons,troop,9.5,31.33,valkyrie,12.81,1,0.0,0.0,0.0,0.0,0.5,0.0,0.0,0.0,0.0,0.0,0.0,-0.0,0.5
1234,21,143.4,the_log,the_log,spell,14.5,18.0,valkyrie,10.52,2,0.0,0.0,0.0,0.0,0.0,0.0,0.0,0.0,0.0,0.0,0.0,0.0,0.0
1234,21,147.0,knight,knight,troop,14.5,18.0,barbarians,11.48,3,0.0,0.0,0.0,0.0,0.5,0.0,0.0,0.0,0.0,0.0,0.0,0.0,0.5
1234,21,151.8,ice_wizard,ice_wizard,troop,12.5,18.0,barbarians,10.82,3,0.0,0.0,0.0,0.0,0.5,0.0,0.0,0.0,0.0,0.0,0.0,0.0,0.5
1234,21,157.8,tesla,tesla,building,1.5,18.0,zappies,12.62,3,0.0,0.0,0.0,0.0,0.5,0.0,0.0,0.0,0.0,1.0,0.0,0.0,1.5
1234,21,158.4,skeletons,skeletons,troop,9.5,31.33,zappies,11.44,3,0.0,0.0,0.0,0.0,0.0,0.0,0.0,0.0,0.0,0.0,0.0,0.0,0.0
1234,21,166.2,the_log,the_log,spell,14.5,18.0,battle_ram,1.15,2,0.0,0.0,0.0,0.0,0.0,0.0,1.0,0.0,0.0,0.0,0.0,0.0,1.0
1234,21,166.8,knight_evo,knight,troop,1.5,18.0,battle_ram,11.84,2,0.0,0.0,0.0,0.0,0.3543,0.0,0.0,0.0,0.0,1.0,0.0,0.0,1.3543
1234,21,169.8,ice_wizard,ice_wizard,troop,16.5,18.0,mother_witch_hog,3.18,5,0.0,0.0,0.0,0.0,0.0,0.0,0.0,0.0,0.0,0.9287,0.0,0.0,0.9287
1234,21,175.2,tesla,tesla,building,14.5,18.0,mother_witch_hog,9.44,5,0.0,0.0,0.0,-0.0,0.0,0.0,0.0,0.0,0.0,1.0,0.0,0.0,1.0
1234,21,176.4,skeletons,skeletons,troop,9.5,31.33,mother_witch_hog,4.49,6,0.0,0.0,0.0,0.0,0.5,0.0,0.0,0.0,0.0,0.0,0.0,0.0,0.5
1234,21,184.2,the_log,the_log,spell,12.5,23.33,mother_witch_hog,3.45,5,0.0,0.0,0.0,0.0,0.081,0.0,0.5,0.0,0.0,0.0,0.0,0.0,0.581
1234,21,184.8,knight,knight,troop,12.5,23.33,mother_witch_hog,3.64,6,0.0,0.0,0.0,0.0,0.5,0.0,0.0,0.0,0.0,0.0,0.0,0.0,0.5
1234,21,188.4,ice_wizard,ice_wizard,troop,1.5,18.0,mother_witch_hog,11.24,5,0.0,0.0,0.0,0.0,0.5,0.0,0.0,0.0,0.0,0.0,0.0,0.0,0.5
1234,22,0.0,knight,knight,troop,12.5,30.0,,0.0,0,0.0,0.0,0.0,0.0,0.5,0.0,0.0,0.0,0.0,0.0,0.0,0.0,0.5
1234,22,1.8,skeletons,skeletons,troop,9.5,31.33,flying_machine,16.06,1,0.0,0.0,0.0,0.0,0.5,0.0,0.0,0.0,0.0,0.0,0.0,0.0,0.5
1234,22,13.8,tesla,tesla,building,12.5,18.0,,0.0,0,0.0,0.0,0.0,0.0,0.5,0.0,0.0,0.0,0.0,0.0,0.0,0.0,0.5
1234,22,27.6,x_bow,x_bow,building,1.5,18.0,zappies,12.66,3,0.0,0.0,0.0,0.0,0.5,0.0,0.0,0.0,0.0,0.0,1.0,0.0,1.5
1234,22,39.0,ice_wizard,ice_wizard,troop,14.5,18.0,zappies,1.1,2,0.0,0.0,0.0,0.0,0.5,0.0,0.0,0.0,0.0,0.0,0.0,0.0,0.5
1234,22,41.4,the_log,the_log,spell,14.5,18.0,zappies,1.1,2,0.0,0.0,0.0,0.0,0.5,0.0,1.0,0.0,0.0,0.0,0.0,0.0,1.5
1234,22,43.2,skeletons,skeletons,troop,9.5,31.33,flying_machine,17.06,1,0.0,0.0,0.0,0.0,0.5,0.0,0.0,0.0,0.0,0.0,0.0,0.0,0.5
1234,22,51.0,knight,knight,troop,12.5,30.0,flying_machine,11.57,1,0.0,0.0,0.0,0.0,0.5,0.0,0.0,0.0,0.0,0.0,0.0,0.0,0.5
1234,22,64.8,tesla,tesla,building,12.5,18.0,,0.0,0,0.0,0.0,0.0,0.0,0.5,0.0,0.0,0.0,0.0,0.0,0.0,0.0,0.5
1234,22,70.8,ice_wizard,ice_wizard,troop,1.5,18.0,royal_hogs,12.14,4,0.0,0.0,0.0,0.0,0.5,0.0,0.0,0.0,0.0,0.0,0.0,0.0,0.5
1234,22,88.2,x_bow,x_bow,building,1.5,18.0,goblin_brawler,5.86,1,0.0,0.0,0.4854,-0.0,0.5,0.0,0.0,0.0,0.0,0.0,0.0,0.0,0.9854
1234,22,90.6,skeletons,skeletons,troop,9.5,31.33,royal_hogs,16.78,5,0.0,0.0,0.0,0.0,0.5,0.0,0.0,0.0,0.0,0.5649,0.0,0.0,1.0649
1234,22,97.2,the_log,the_log,spell,14.5,23.33,royal_hogs,0.0,5,0.0,0.0,0.0,0.0,0.5,0.0,0.8696,0.0,0.0,0.0,0.0,0.0,1.3696
1234,22,103.8,knight_evo,knight,troop,1.5,18.0,royal_hogs,13.57,4,0.0,0.0,0.0,0.0,0.5,0.0,0.0,0.0,0.0,0.0,0.0,0.0,0.5
1234,22,114.6,ice_wizard,ice_wizard,troop,1.5,18.0,zappies,10.66,1,0.0,0.0,0.0,0.0,0.5,0.0,0.0,0.0,0.0,0.0,0.0,0.0,0.5
1234,22,124.2,tesla_evo,tesla,building,1.5,18.0,flying_machine,10.74,1,0.0,0.0,0.0,0.0,0.5,0.0,0.0,0.0,0.0,0.0,0.0,0.0,0.5
1234,22,124.8,skeletons,skeletons,troop,9.5,31.33,flying_machine,23.67,1,0.0,0.0,0.0,0.0,0.0,0.0,0.0,0.0,0.0,0.0,0.0,0.0,0.0
1234,22,130.8,the_log,the_log,spell,14.5,20.67,royal_hogs,1.7,5,0.0,0.0,0.0,0.0,0.0,0.0,1.0,0.0,0.0,0.0,0.0,0.0,1.0
1234,22,131.4,knight,knight,troop,12.5,30.0,royal_hogs,9.71,5,0.0,0.0,0.0,0.0,0.5,0.5,0.0,0.0,0.0,0.9908,0.0,0.0,1.9908
1234,22,135.0,ice_wizard,ice_wizard,troop,3.5,18.0,royal_hogs,10.01,4,0.0,0.0,0.0,0.0,0.5,0.0,0.0,0.0,0.0,0.0,0.0,0.0,0.5
1234,22,139.8,tornado,tornado,spell,12.5,19.33,zappies,0.94,5,0.0,0.0,0.0,0.0,0.0,0.0,1.0,0.4374,0.0,0.0,0.0,0.0,1.4374
1234,22,140.4,skeletons,skeletons,troop,9.5,31.33,zappies,9.78,5,0.0,0.0,0.0,0.0,0.5,0.0,0.0,0.0,0.0,1.0,0.0,0.0,1.5
1234,22,147.0,tesla,tesla,building,14.5,18.0,zappies,1.93,2,0.0,0.0,0.0,0.0,0.0,0.0,0.0,0.0,0.0,1.0,0.0,0.0,1.0
1234,22,149.4,the_log,the_log,spell,12.5,23.33,flying_machine,3.82,1,0.0,0.0,0.0,0.0,0.081,0.0,0.0,0.0,0.0,0.0,0.0,0.0,0.081
1234,22,153.0,knight,knight,troop,14.5,18.0,,0.0,0,0.0,0.0,0.0,0.0,0.0,0.0,0.0,0.0,0.0,0.0,0.0,0.0,0.0
1234,22,157.2,ice_wizard,ice_wizard,troop,7.5,18.0,,0.0,1,0.0,0.0,0.0,0.0,0.5,0.0,0.0,0.0,0.0,0.0,0.0,0.0,0.5
1234,22,159.0,skeletons,skeletons,troop,9.5,31.33,goblin_brawler,20.35,5,0.0,0.0,0.0,0.0,0.5,0.0,0.0,0.0,0.0,1.0,0.0,-0.0,1.5
1234,22,163.8,tesla,tesla,building,1.5,18.0,goblin_brawler,3.15,5,0.0,0.0,0.75,-0.0,0.5,0.0,0.0,0.0,0.0,1.0,0.0,0.0,2.25
1234,22,171.0,the_log,the_log,spell,3.5,18.0,goblin_brawler,0.94,5,0.0,0.0,0.0,0.0,0.5,0.0,0.75,0.0,0.0,0.0,0.0,0.0,1.25
1234,22,171.6,knight_evo,knight,troop,1.5,18.0,goblin_brawler,2.46,5,0.0,0.0,0.0,0.0,0.5,0.0,0.0,0.0,0.0,0.3075,0.0,0.0,0.8075
1234,22,175.2,ice_wizard,ice_wizard,troop,3.5,27.33,royal_hogs,8.38,7,0.0,0.0,0.0,0.0,0.5,0.0,0.0,0.0,0.0,1.0,0.0,0.0,1.5
1234,22,176.4,skeletons,skeletons,troop,3.5,27.33,royal_hogs,5.98,7,0.0,0.0,0.0,0.0,0.5,0.0,0.0,0.0,0.0,1.0,0.0,0.0,1.5
1234,22,182.4,tesla_evo,tesla,building,1.5,18.0,zappies,2.87,2,0.0,0.0,0.0,0.0,0.5,0.0,0.0,0.0,0.0,1.0,0.0,0.0,1.5
1234,22,189.0,the_log,the_log,spell,14.5,22.0,royal_recruits,3.95,7,0.0,0.0,0.0,0.0,0.0,0.0,0.275,0.0,0.0,0.0,0.0,0.0,0.275
1234,22,189.6,knight,knight,troop,14.5,22.0,royal_recruits,4.47,8,0.0,0.0,0.0,0.0,0.5,0.0,0.0,0.0,0.0,0.0,0.0,0.0,0.5
1234,22,193.2,ice_wizard,ice_wizard,troop,14.5,18.0,royal_recruits,5.96,5,0.0,0.0,0.0,0.0,0.0,0.0,0.0,0.0,0.0,0.0,0.0,0.0,0.0
1234,22,195.0,skeletons,skeletons,troop,9.5,31.33,royal_recruits,6.12,5,0.0,0.0,0.0,0.0,0.5,0.0,0.0,0.0,0.0,0.9924,0.0,-0.0,1.4924
1234,22,201.0,tesla,tesla,building,3.5,18.0,royal_recruits,9.91,3,0.0,0.0,0.0,-0.0,0.5,0.0,0.0,0.0,0.0,1.0,0.0,0.0,1.5
1234,22,208.2,the_log,the_log,spell,12.5,18.0,royal_hogs,3.15,4,0.0,0.0,0.0,0.0,0.0,0.0,0.0,0.0,0.0,0.0,0.0,0.0,0.0
1234,22,208.8,knight,knight,troop,14.5,18.0,royal_hogs,2.77,4,0.0,0.0,0.0,0.0,0.0,1.0,0.0,0.0,0.0,1.0,0.0,0.0,2.0
1234,22,212.4,ice_wizard,ice_wizard,troop,6.5,18.0,royal_hogs,1.02,4,0.0,0.0,0.0,0.0,0.5,1.0,0.0,0.0,0.0,1.0,0.0,0.0,2.5
1234,22,213.0,skeletons,skeletons,troop,9.5,31.33,royal_hogs,9.26,4,0.0,0.0,0.0,0.0,0.5,0.0,0.0,0.0,0.0,1.0,0.0,0.0,1.5
1234,22,218.4,tesla,tesla,building,1.5,18.0,zappies,2.7,4,0.0,0.0,0.0,0.0,0.5,0.0,0.0,0.0,0.0,0.92,0.0,0.0,1.42
1234,22,225.0,the_log,the_log,spell,3.5,18.0,goblin_brawler,0.39,3,0.0,0.0,0.0,0.0,0.5,0.0,1.0,0.0,0.0,0.0,0.0,0.0,1.5
1234,22,225.6,knight_evo,knight,troop,12.5,18.0,goblin_brawler,9.14,3,0.0,0.0,0.0,0.0,0.5,0.0,0.0,0.0,0.0,0.0,0.0,0.0,0.5
1234,22,229.8,ice_wizard,ice_wizard,troop,1.5,18.0,zappies,2.19,2,0.0,0.0,0.0,0.0,0.5,0.5,0.0,0.0,0.0,1.0,0.0,0.0,2.0
1234,22,231.0,skeletons,skeletons,troop,9.5,31.33,zappies,15.09,3,0.0,0.0,0.0,0.0,0.5,0.0,0.0,0.0,0.0,0.0,0.0,0.0,0.5
1234,22,237.0,tesla_evo,tesla,building,1.5,18.0,flying_machine,12.96,5,0.0,0.0,0.0,0.0,0.5,0.0,0.0,0.0,0.0,0.6667,0.0,0.0,1.1667
1234,22,241.8,the_log,the_log,spell,14.5,19.33,goblin_brawler,1.79,5,0.0,0.0,0.0,0.0,0.0,0.0,0.7333,0.0,0.0,0.0,0.0,0.0,0.7333
1234,22,242.4,knight,knight,troop,14.5,19.33,goblin_brawler,1.64,5,0.0,0.0,0.0,0.0,0.0,0.0,0.0,0.0,0.0,1.0,0.0,0.0,1.0
1234,22,245.4,ice_wizard,ice_wizard,troop,12.5,18.0,flying_machine,0.31,5,0.0,0.0,0.0,0.0,0.0,0.0,0.0,0.0,0.0,0.4568,0.0,0.0,0.4568
1234,22,246.0,skeletons,skeletons,troop,9.5,31.33,flying_machine,12.58,5,0.0,0.0,0.0,0.0,0.0,0.0,0.0,0.0,0.0,0.0,0.0,0.0,0.0
1234,22,249.6,tornado,tornado,spell,12.5,19.33,flying_machine,1.12,8,0.0,0.0,0.0,0.0,0.0,0.0,1.0,0.3601,0.0,0.0,0.0,0.0,1.3601
1234,22,253.2,tesla,tesla,building,1.5,18.0,royal_hogs,0.97,10,0.0,0.0,0.5147,-0.3691,0.5,0.0,0.0,0.0,0.0,1.0,0.0,0.0,1.6456
1234,22,255.0,the_log,the_log,spell,12.5,23.33,zappies,0.72,11,0.0,0.0,0.0,0.0,0.081,0.0,0.3556,0.0,0.0,0.0,0.0,0.0,0.4365
1234,22,257.4,knight,knight,troop,12.5,24.67,zappies,0.87,6,0.0,0.0,0.0,0.0,0.5,1.0,0.0,0.0,0.0,0.283,0.0,0.0,1.783
1234,22,258.6,skeletons,skeletons,troop,9.5,31.33,royal_hogs,12.41,6,0.0,0.0,0.0,0.0,0.5,0.0,0.0,0.0,0.0,0.0,0.0,0.0,0.5
1234,22,262.2,ice_wizard,ice_wizard,troop,1.5,18.0,royal_hogs,5.35,2,0.0,0.0,0.0,0.0,0.5,0.0,0.0,0.0,0.0,0.0,0.0,0.0,0.5
1234,22,265.8,tesla,tesla,building,1.5,18.0,royal_recruits,4.81,8,0.0,0.0,0.75,-0.0,0.5,0.0,0.0,0.0,0.0,1.0,0.0,0.0,2.25
1234,22,270.0,the_log,the_log,spell,3.5,18.0,royal_recruits,7.1,11,0.0,0.0,0.0,0.0,0.5,0.0,0.0,0.0,0.0,0.0,0.0,0.0,0.5
1234,22,270.6,knight_evo,knight,troop,3.5,27.33,royal_recruits,6.82,11,0.0,0.0,0.0,0.0,0.5,0.461,0.0,0.0,0.0,0.0,0.0,0.0,0.961
1234,22,271.2,skeletons,skeletons,troop,3.5,27.33,royal_recruits,6.13,11,0.0,0.0,0.0,0.0,0.5,0.461,0.0,0.0,0.0,0.0,0.0,-0.0,0.961
1234,23,0.0,knight,knight,troop,12.5,30.0,,0.0,0,0.0,0.0,0.0,0.0,0.5,0.0,0.0,0.0,0.0,0.0,0.0,0.0,0.5
1234,23,0.6,skeletons,skeletons,troop,9.5,31.33,,0.0,0,0.0,0.0,0.0,0.0,1.0,0.0,0.0,0.0,0.0,0.0,0.0,0.0,1.0
1234,23,12.0,ice_wizard,ice_wizard,troop,12.5,18.0,,0.0,0,0.0,0.0,0.0,0.0,0.5,0.0,0.0,0.0,0.0,0.0,0.0,0.0,0.5
1234,23,18.6,tesla,tesla,building,1.5,18.0,electro_wizard,13.26,1,0.0,0.0,0.0,0.0,0.5,0.0,0.0,0.0,0.0,1.0,0.0,0.0,1.5
1234,23,37.8,x_bow,x_bow,building,3.5,18.0,sparky,10.93,1,0.0,0.0,0.0,0.0,0.5,0.0,0.0,0.0,0.0,0.0,1.0,0.0,1.5
1234,23,39.6,the_log,the_log,spell,14.5,18.0,sparky,4.23,1,0.0,0.0,0.0,0.0,0.5,0.0,0.0,0.0,0.0,0.0,0.0,0.0,0.5
1234,23,42.6,skeletons,skeletons,troop,9.5,31.33,sparky,16.54,1,0.0,0.0,0.0,0.0,0.5,0.0,0.0,0.0,0.0,1.0,0.0,-0.0,1.5
1234,23,51.0,knight,knight,troop,12.5,30.0,,0.0,0,0.0,0.0,0.0,0.0,0.5,0.0,0.0,0.0,0.0,0.0,0.0,0.0,0.5
1234,23,61.2,ice_wizard,ice_wizard,troop,1.5,18.0,giant,8.85,1,0.0,0.0,0.0,0.0,0.5,0.5,0.0,0.0,0.0,0.0,0.0,0.0,1.0
1234,23,69.6,tornado,tornado,spell,0.5,18.0,giant,4.59,3,0.0,0.0,0.0,0.0,0.4741,0.0,0.2941,0.0002,0.0,0.0,0.0,0.0,0.7684
1234,23,78.6,tesla,tesla,building,1.5,18.0,elite_barbarians,13.46,3,0.0,0.0,0.0,-0.0,0.5,0.0,0.0,0.0,0.0,1.0,0.0,0.0,1.5
1234,23,81.6,skeletons,skeletons,troop,9.5,31.33,elite_barbarians,6.26,2,0.0,0.0,0.0,0.0,0.5,0.0,0.0,0.0,0.0,0.7146,0.0,-0.0,1.2146
1234,23,90.0,knight_evo,knight,troop,1.5,18.0,dark_prince,3.04,1,0.0,0.0,0.0,0.0,0.1492,0.0,0.0,0.0,0.0,0.0,0.0,0.0,0.1492
1234,23,106.2,ice_wizard,ice_wizard,troop,1.5,18.0,,0.0,0,0.0,0.0,0.0,0.0,0.5,0.0,0.0,0.0,0.0,0.0,0.0,0.0,0.5
1234,23,118.8,x_bow,x_bow,building,1.5,18.0,sparky,7.68,1,0.0,0.0,0.0,0.0,0.5,0.0,0.0,0.0,0.0,0.0,0.0,0.0,0.5
1234,23,121.8,the_log,the_log,spell,5.5,18.0,sparky,4.72,1,0.0,0.0,0.0,0.0,0.5,0.0,0.0,0.0,0.0,0.0,0.0,0.0,0.5
1234,23,122.4,skeletons,skeletons,troop,9.5,31.33,sparky,18.2,1,0.0,0.0,0.0,0.0,0.5,0.0,0.0,0.0,0.0,1.0,0.0,-0.0,1.5
1234,23,126.0,knight,knight,troop,5.5,18.0,sparky,3.57,1,0.0,0.0,0.0,0.0,0.2473,0.6334,0.0,0.0,0.0,0.9898,0.0,0.0,1.8704
1234,23,130.2,ice_wizard,ice_wizard,troop,1.5,18.0,giant,12.14,2,0.0,0.0,0.0,0.0,0.4941,0.0,0.0,0.0,0.0,0.0,0.0,0.0,0.4941
1234,23,135.0,tornado,tornado,spell,3.5,16.67,giant,10.17,1,0.0,0.0,0.0,0.0,0.2222,0.0,0.0,0.0,0.0,0.0,0.0,0.0,0.2222
1234,23,141.0,tesla_evo,tesla,building,2.5,18.0,giant,10.79,3,0.0,0.0,0.0,-0.0,0.5,0.0,0.0,0.0,0.0,1.0,0.0,0.0,1.5
1234,23,142.2,skeletons,skeletons,troop,9.5,31.33,giant,4.43,3,0.0,0.0,0.0,0.0,0.5,0.0,0.0,0.0,0.0,0.0,0.0,0.0,0.5
1234,23,145.2,the_log,the_log,spell,3.5,19.33,dark_prince,0.0,2,0.0,0.0,0.0,0.0,0.5,0.0,1.0,0.0,0.0,0.0,0.0,0.0,1.5
1234,23,148.8,knight,knight,troop,12.5,30.0,electro_wizard,13.27,1,0.0,0.0,0.0,0.0,0.5,0.0,0.0,0.0,0.0,0.0,0.0,0.0,0.5
1234,23,153.0,ice_wizard,ice_wizard,troop,12.5,18.0,elite_barbarians,2.11,2,0.0,0.0,0.0,0.0,0.0,1.0,0.0,0.0,0.0,1.0,0.0,0.0,2.0
1234,23,158.4,tesla,tesla,building,1.5,18.0,elite_barbarians,11.56,2,0.0,0.0,0.0,-0.0,0.5,0.0,0.0,0.0,0.0,1.0,0.0,0.0,1.5
1234,23,159.6,skeletons,skeletons,troop,9.5,31.33,elite_barbarians,10.92,3,0.0,0.0,0.0,0.0,0.0044,0.0,0.0,0.0,0.0,0.0,0.0,-0.0,0.0044
1234,23,167.4,the_log,the_log,spell,14.5,22.0,elite_barbarians,5.42,3,0.0,0.0,0.0,0.0,0.0,0.0,0.5,0.0,0.0,0.0,0.0,0.0,0.5
1234,23,168.0,knight_evo,knight,troop,14.5,18.0,elite_barbarians,8.66,3,0.0,0.0,0.0,0.0,0.5,0.0,0.0,0.0,0.0,0.0,0.0,0.0,0.5
1234,23,171.0,ice_wizard,ice_wizard,troop,3.5,18.0,sparky,9.72,2,0.0,0.0,0.0,0.0,0.0,0.0,0.0,0.0,0.0,0.0,0.0,0.0,0.0
1234,23,177.0,tesla,tesla,building,3.5,18.0,sparky,9.06,3,0.0,0.0,0.0,0.0,0.5,0.0,0.0,0.0,0.0,1.0,0.0,0.0,1.5
5678,0,0.0,knight,knight,troop,12.5,30.0,,0.0,0,0.0,0.0,0.0,0.0,0.5,0.0,0.0,0.0,0.0,0.0,0.0,0.0,0.5
5678,0,11.4,x_bow,x_bow,building,1.5,18.0,,0.0,0,0.0,0.0,0.0,0.0,0.5,0.0,0.0,0.0,0.0,0.0,1.0,0.0,1.5
5678,0,21.6,ice_wizard,ice_wizard,troop,3.5,18.0,pekka,8.25,2,0.0,0.0,0.0,0.0,0.5,1.0,0.0,0.0,0.0,0.0,0.0,0.0,1.5
5678,0,25.8,skeletons,skeletons,troop,9.5,31.33,pekka,18.88,2,0.0,0.0,0.0,0.0,0.5,0.0,0.0,0.0,0.0,1.0,0.0,-0.0,1.5
5678,0,31.8,the_log,the_log,spell,3.5,18.0,pekka,0.7,2,0.0,0.0,0.0,0.0,0.5,0.0,1.0,0.0,0.0,0.0,0.0,0.0,1.5
5678,0,36.6,knight,knight,troop,12.5,30.0,pekka,12.61,1,0.0,0.0,0.0,0.0,0.5,0.0,0.0,0.0,0.0,0.0,0.0,0.0,0.5
5678,0,48.0,tesla,tesla,building,1.5,18.0,pekka,11.41,2,0.0,0.0,0.0,-0.0,0.0,0.0,0.0,0.0,0.0,1.0,0.0,0.0,1.0
5678,0,57.6,ice_wizard,ice_wizard,troop,3.5,18.0,pekka,10.93,2,0.0,0.0,0.0,0.0,0.5,0.0,0.0,0.0,0.0,0.0,0.0,0.0,0.5
5678,0,59.4,skeletons,skeletons,troop,9.5,31.33,pekka,8.89,3,0.0,0.0,0.0,0.0,0.5,0.0,0.0,0.0,0.0,0.0,0.0,-0.0,0.5
5678,0,79.2,x_bow,x_bow,building,1.5,18.0,pekka,8.24,1,0.0,0.0,0.0,-0.0,0.0,0.0,0.0,0.0,0.0,0.3898,1.0,0.0,1.3898
5678,1,0.0,knight,knight,troop,12.5,30.0,,0.0,0,0.0,0.0,0.0,0.0,0.5,0.0,0.0,0.0,0.0,0.0,0.0,0.0,0.5
5678,1,9.6,tesla,tesla,building,1.5,18.0,musketeer,12.7,1,0.0,0.0,0.0,0.0,0.5,0.0,0.0,0.0,0.0,0.0,0.0,0.0,0.5
5678,1,18.0,ice_wizard,ice_wizard,troop,3.5,18.0,guards,10.64,3,0.0,0.0,0.0,0.0,0.5,0.0,0.0,0.0,0.0,0.0,0.0,0.0,0.5
5678,1,28.8,the_log,the_log,spell,14.5,18.0,guards,9.72,4,0.0,0.0,0.0,0.0,0.5,0.0,0.5,0.0,0.0,0.0,0.0,0.0,1.0
5678,1,29.4,skeletons,skeletons,troop,9.5,31.33,guards,14.48,3,0.0,0.0,0.0,0.0,0.5,0.0,0.0,0.0,0.0,0.0384,0.0,-0.0,0.5384
5678,1,31.2,knight,knight,troop,14.5,19.33,guards,0.72,2,0.0,0.0,0.0,0.0,0.5,1.0,0.0,0.0,0.0,1.0,0.0,0.0,2.5
5678,1,44.4,tesla,tesla,building,1.5,18.0,valkyrie,13.26,1,0.0,0.0,0.0,-0.0,0.5,0.0,0.0,0.0,0.0,1.0,0.0,0.0,1.5
5678,1,58.2,ice_wizard,ice_wizard,troop,3.5,18.0,,0.0,0,0.0,0.0,0.0,0.0,0.5,0.0,0.0,0.0,0.0,0.0,0.0,0.0,0.5
5678,1,75.0,x_bow,x_bow,building,3.5,18.0,golem,3.3,1,0.0,0.0,0.75,-0.0,0.5,0.0,0.0,0.0,0.0,1.0,1.0,0.0,3.25
5678,1,75.6,skeletons,skeletons,troop,9.5,31.33,golem,16.86,1,0.0,0.0,0.0,0.0,0.5,0.0,0.0,0.0,0.0,0.0,0.0,0.0,0.5
5678,1,78.0,the_log,the_log,spell,3.5,18.0,golem,1.11,1,0.0,0.0,0.0,0.0,0.5,0.0,1.0,0.0,0.0,0.0,0.0,0.0,1.5
5678,1,84.6,knight_evo,knight,troop,1.5,18.0,golem,2.02,2,0.0,0.0,0.0,0.0,0.5,0.5,0.0,0.0,0.0,0.0,0.0,0.0,1.0
5678,1,94.2,ice_wizard,ice_wizard,troop,1.5,18.0,golem,2.8,4,0.0,0.0,0.0,0.0,0.5,0.0,0.0,0.0,0.0,0.8323,0.0,0.0,1.3323
5678,1,103.8,tesla_evo,tesla,building,1.5,18.0,golem,2.33,1,0.0,0.0,0.75,-0.0,0.5,0.0,0.0,0.0,0.0,1.0,0.0,0.0,2.25
5678,1,106.8,skeletons,skeletons,troop,9.5,31.33,golem,14.61,1,0.0,0.0,0.0,0.0,0.5,0.0,0.0,0.0,0.0,0.0,0.0,0.0,0.5
5678,1,120.6,the_log,the_log,spell,14.5,18.0,guards,2.56,4,0.0,0.0,0.0,0.0,0.5,0.0,0.0,0.0,0.0,0.0,0.0,0.0,0.5
5678,1,121.2,knight,knight,troop,14.5,18.0,guards,1.73,4,0.0,0.0,0.0,0.0,0.5,1.0,0.0,0.0,0.0,1.0,0.0,0.0,2.5
5678,1,124.8,ice_wizard,ice_wizard,troop,1.5,18.0,guards,11.77,3,0.0,0.0,0.0,0.0,0.0,0.0,0.0,0.0,0.0,0.0,0.0,0.0,0.0
5678,1,130.2,tesla,tesla,building,1.5,18.0,balloon,2.21,2,0.0,0.0,0.75,-0.0,0.5,0.0,0.0,0.0,0.0,1.0,0.0,0.0,2.25
5678,1,132.0,skeletons,skeletons,troop,9.5,31.33,balloon,15.22,2,0.0,0.0,0.0,0.0,0.5,0.0,0.0,0.0,0.0,0.0,0.0,0.0,0.5
5678,1,143.4,x_bow,x_bow,building,1.5,18.0,archers,13.21,1,0.0,0.0,0.0,0.0,0.5,0.0,0.0,0.0,0.0,1.0,1.0,0.0,2.5
5678,1,145.8,knight,knight,troop,3.5,18.0,archers,10.93,1,0.0,0.0,0.0,0.0,0.5,0.0,0.0,0.0,0.0,0.0,0.0,0.0,0.5
5678,1,150.6,ice_wizard,ice_wizard,troop,3.5,18.0,guards,3.27,4,0.0,0.0,0.0,0.0,0.5,1.0,0.0,0.0,0.0,0.5481,0.0,0.0,2.0481
5678,1,154.2,tesla,tesla,building,3.5,18.0,guards,4.4,3,0.0,0.0,0.75,-0.0,0.5,0.0,0.0,0.0,0.0,1.0,0.0,0.0,2.25
5678,1,156.0,skeletons,skeletons,troop,9.5,31.33,musketeer,18.27,3,0.0,0.0,0.0,0.0,0.0,0.0,0.0,0.0,0.0,0.0,0.0,0.0,0.0
5678,1,164.4,x_bow,x_bow,building,5.5,18.0,golem,9.48,2,0.0,0.0,0.0,-0.0,0.5,0.0,0.0,0.0,0.0,1.0,0.0,0.0,1.5
5678,1,166.8,the_log,the_log,spell,3.5,18.0,golem,11.02,2,0.0,0.0,0.0,0.0,0.5,0.0,0.0,0.0,0.0,0.0,0.0,0.0,0.5
5678,1,171.0,knight_evo,knight,troop,3.5,18.0,golem,10.89,1,0.0,0.0,0.0,0.0,0.5,0.0,0.0,0.0,0.0,0.0,0.0,0.0,0.5
5678,1,175.2,ice_wizard,ice_wizard,troop,14.5,23.33,golem,0.0,2,0.0,0.0,0.0,0.0,0.5,1.0,0.0,0.0,0.0,1.0,0.0,0.0,2.5
5678,1,176.4,skeletons,skeletons,troop,9.5,31.33,golem,8.85,6,0.0,0.0,0.0,0.0,0.5,0.0,0.0,0.0,0.0,0.0,0.0,0.0,0.5
5678,2,0.0,knight,knight,troop,12.5,30.0,,0.0,0,0.0,0.0,0.0,0.0,0.5,0.0,0.0,0.0,0.0,0.0,0.0,0.0,0.5
5678,2,4.2,ice_wizard,ice_wizard,troop,1.5,18.0,hog_rider,2.76,1,0.0,0.0,0.0,0.0,0.5,0.0,0.0,0.0,0.0,0.0,0.0,0.0,0.5
5678,2,6.6,skeletons,skeletons,troop,9.5,31.33,hog_rider,9.43,2,0.0,0.0,0.0,0.0,0.5,0.0,0.0,0.0,0.0,0.0,0.0,0.0,0.5
5678,2,20.4,tesla,tesla,building,1.5,18.0,mighty_miner,12.7,4,0.0,0.0,0.0,-0.0,0.5,0.0,0.0,0.0,0.0,1.0,0.0,0.0,1.5
5678,2,34.8,x_bow,x_bow,building,3.5,18.0,hog_rider,2.9,1,0.0,0.0,0.75,-0.0,0.5,0.0,0.0,0.0,0.0,1.0,1.0,0.0,3.25
5678,2,42.6,knight,knight,troop,12.5,30.0,,0.0,0,0.0,0.0,0.0,0.0,0.5,0.0,0.0,0.0,0.0,0.0,0.0,0.0,0.5
5678,2,52.8,ice_wizard,ice_wizard,troop,1.5,18.0,firecracker,13.2,1,0.0,0.0,0.0,0.0,0.5,0.0,0.0,0.0,0.0,0.0,0.0,0.0,0.5
5678,2,55.2,skeletons,skeletons,troop,9.5,31.33,firecracker,17.05,1,0.0,0.0,0.0,0.0,0.5,0.0,0.0,0.0,0.0,0.0,0.0,0.0,0.5
5678,2,66.0,tesla,tesla,building,1.5,18.0,mighty_miner,3.72,3,0.0,0.0,0.75,-0.0,0.5,0.0,0.0,0.0,0.0,0.0,0.0,0.0,1.25
5678,2,81.0,the_log,the_log,spell,3.5,18.0,mighty_miner,3.98,2,0.0,0.0,0.0,0.0,0.5,0.0,0.5,0.0,0.0,0.0,0.0,0.0,1.0
5678,2,81.6,knight_evo,knight,troop,1.5,18.0,hog_rider,1.42,1,0.0,0.0,0.0,0.0,0.5,0.0,0.0,0.0,0.0,1.0,0.0,0.0,1.5
5678,2,88.8,ice_wizard,ice_wizard,troop,1.5,18.0,firecracker,4.47,1,0.0,0.0,0.0,0.0,0.5,0.5,0.0,0.0,0.0,0.0,0.0,0.0,1.0
5678,2,90.0,skeletons,skeletons,troop,9.5,31.33,firecracker,18.26,1,0.0,0.0,0.0,0.0,0.5,0.0,0.0,0.0,0.0,0.0,0.0,0.0,0.5
5678,2,103.2,tesla_evo,tesla,building,1.5,18.0,mighty_miner,5.63,4,0.0,0.0,0.4862,-0.0,0.5,0.0,0.0,0.0,0.0,1.0,0.0,0.0,1.9862
5678,2,118.2,x_bow,x_bow,building,1.5,18.0,hog_rider,12.4,1,0.0,0.0,0.0,-0.0,0.5,0.0,0.0,0.0,0.0,0.9667,1.0,0.0,2.4667
5678,2,122.4,the_log,the_log,spell,14.5,18.0,hog_rider,4.7,2,0.0,0.0,0.0,0.0,0.5,0.0,0.0,0.0,0.0,0.0,0.0,0.0,0.5
5678,2,126.0,knight,knight,troop,12.5,30.0,firecracker,12.36,1,0.0,0.0,0.0,0.0,0.5,0.0,0.0,0.0,0.0,0.0,0.0,0.0,0.5
5678,2,129.0,skeletons,skeletons,troop,9.5,31.33,mighty_miner,16.96,1,0.0,0.0,0.0,0.0,0.5,0.0,0.0,0.0,0.0,1.0,0.0,-0.0,1.5
5678,2,132.0,ice_wizard,ice_wizard,troop,3.5,18.0,mighty_miner,9.68,5,0.0,0.0,0.0,0.0,0.5,0.0,0.0,0.0,0.0,0.0,0.0,0.0,0.5
5678,2,138.0,tesla,tesla,building,3.5,18.0,mighty_miner,9.64,1,0.0,0.0,0.0,-0.0,0.5,0.0,0.0,0.0,0.0,1.0,0.0,0.0,1.5
5678,2,147.0,x_bow,x_bow,building,5.5,18.0,hog_rider,8.99,1,0.0,0.0,0.0,-0.0,0.5,0.0,0.0,0.0,0.0,1.0,0.0,0.0,1.5
5678,2,148.8,the_log,the_log,spell,12.5,18.0,hog_rider,1.1,4,0.0,0.0,0.0,0.0,0.5,0.0,1.0,0.0,0.0,0.0,0.0,0.0,1.5
5678,2,150.0,skeletons,skeletons,troop,9.5,31.33,hog_rider,13.64,4,0.0,0.0,0.0,0.0,0.5,0.0,0.0,0.0,0.0,0.0,0.0,0.0,0.5
5678,2,154.2,knight,knight,troop,12.5,30.0,,0.0,0,0.0,0.0,0.0,0.0,0.5,0.0,0.0,0.0,0.0,0.0,0.0,0.0,0.5
5678,2,158.4,ice_wizard,ice_wizard,troop,1.5,18.0,mighty_miner,12.17,1,0.0,0.0,0.0,0.0,0.5,0.0,0.0,0.0,0.0,0.0,0.0,0.0,0.5
5678,2,166.2,tesla,tesla,building,1.5,18.0,,0.0,2,0.0,0.0,0.0,0.0,0.5,0.0,0.0,0.0,0.0,0.0,0.0,0.0,0.5
5678,2,173.4,x_bow,x_bow,building,12.5,18.0,mighty_miner,5.09,1,0.0,0.0,0.6118,-0.0,0.5,0.0,0.0,0.0,0.0,0.0,1.0,0.0,2.1118
5678,2,174.0,skeletons,skeletons,troop,9.5,31.33,mighty_miner,18.75,1,0.0,0.0,0.0,0.0,0.0,0.0,0.0,0.0,0.0,0.0,0.0,-0.0,0.0
5678,2,178.2,knight_evo,knight,troop,14.5,18.0,mighty_miner,4.57,2,0.0,0.0,0.0,0.0,0.5,1.0,0.0,0.0,0.0,0.1057,0.0,0.0,1.6057
5678,3,0.0,knight,knight,troop,12.5,30.0,,0.0,0,0.0,0.0,0.0,0.0,0.5,0.0,0.0,0.0,0.0,0.0,0.0,0.0,0.5
5678,3,3.0,ice_wizard,ice_wizard,troop,1.5,18.0,knight,2.06,1,0.0,0.0,0.0,0.0,0.5,0.5,0.0,0.0,0.0,1.0,0.0,0.0,2.0
5678,3,12.6,the_log,the_log,spell,3.5,22.0,knight,1.18,5,0.0,0.0,0.0,0.0,0.5,0.0,0.75,0.0,0.0,0.0,0.0,0.0,1.25
5678,3,13.2,skeletons,skeletons,troop,9.5,31.33,knight,11.61,4,0.0,0.0,0.0,0.0,0.5,0.0,0.0,0.0,0.0,0.0,0.0,-0.0,0.5
5678,3,25.2,tesla,tesla,building,12.5,18.0,,0.0,8,0.0,0.0,0.0,0.0,0.5,0.0,0.0,0.0,0.0,0.0,0.0,0.0,0.5
5678,3,31.2,knight,knight,troop,12.5,18.0,,0.0,10,0.0,0.0,0.0,0.0,0.5,0.0,0.0,0.0,0.0,0.0,0.0,0.0,0.5
5678,3,41.4,ice_wizard,ice_wizard,troop,1.5,18.0,,0.0,7,0.0,0.0,0.0,0.0,0.5,0.0,0.0,0.0,0.0,0.0,0.0,0.0,0.5
5678,3,51.6,the_log,the_log,spell,12.5,18.0,baby_dragon,1.66,9,0.0,0.0,0.0,0.0,0.5,0.0,1.0,0.0,0.0,0.0,0.0,0.0,1.5
5678,3,52.2,skeletons,skeletons,troop,9.5,31.33,baby_dragon,14.41,9,0.0,0.0,0.0,0.0,0.5,0.0,0.0,0.0,0.0,0.0,0.0,-0.0,0.5
5678,3,59.4,tesla,tesla,building,1.5,18.0,baby_dragon,12.27,10,0.0,0.0,0.0,0.0,0.5,0.0,0.0,0.0,0.0,1.0,0.0,0.0,1.5
5678,3,67.8,knight_evo,knight,troop,14.5,18.0,knight,1.02,6,0.0,0.0,0.0,0.0,0.5,0.0,0.0,0.0,0.0,1.0,0.0,0.0,1.5
5678,3,79.2,ice_wizard,ice_wizard,troop,14.5,18.0,knight,1.26,1,0.0,0.0,0.0,0.0,0.0,0.0,0.0,0.0,0.0,0.4895,0.0,0.0,0.4895
5678,3,100.2,x_bow,x_bow,building,1.5,18.0,,0.0,0,0.0,0.0,0.0,0.0,0.5,0.0,0.0,0.0,0.0,0.0,1.0,0.0,1.5
5678,3,100.8,skeletons,skeletons,troop,9.5,31.33,,0.0,0,0.0,0.0,0.0,0.0,0.5,0.0,0.0,0.0,0.0,0.0,0.0,0.0,0.5
5678,3,108.0,tesla_evo,tesla,building,3.5,18.0,,0.0,0,0.0,0.0,0.0,0.0,0.5,0.0,0.0,0.0,0.0,0.0,0.0,0.0,0.5
5678,3,115.2,knight,knight,troop,12.5,30.0,,0.0,0,0.0,0.0,0.0,0.0,0.0,0.0,0.0,0.0,0.0,0.0,0.0,0.0,0.0
5678,3,121.8,ice_wizard,ice_wizard,troop,3.5,18.0,ice_wizard,3.0,7,0.0,0.0,0.0,0.0,0.5,1.0,0.0,0.0,0.0,0.1671,0.0,0.0,1.6671
5678,3,127.8,the_log,the_log,spell,3.5,19.33,ice_wizard,0.33,6,0.0,0.0,0.0,0.0,0.5,0.0,0.5,0.0,0.0,0.0,0.0,0.0,1.0
5678,3,128.4,skeletons,skeletons,troop,9.5,31.33,ice_wizard,13.67,6,0.0,0.0,0.0,0.0,0.5,0.0,0.0,0.0,0.0,0.0,0.0,-0.0,0.5
5678,3,134.4,x_bow,x_bow,building,1.5,18.0,knight,12.41,4,0.0,0.0,0.0,-0.0,0.5,0.0,0.0,0.0,0.0,0.0,1.0,0.0,1.5
5678,3,138.6,knight,knight,troop,3.5,18.0,,0.0,4,0.0,0.0,0.0,0.0,0.5,0.0,0.0,0.0,0.0,0.0,0.0,0.0,0.5
5678,3,142.8,ice_wizard,ice_wizard,troop,3.5,18.0,baby_dragon,12.0,5,0.0,0.0,0.0,0.0,0.5,0.5,0.0,0.0,0.0,1.0,0.0,0.0,2.0
5678,3,146.4,the_log,the_log,spell,12.5,18.0,baby_dragon,1.18,9,0.0,0.0,0.0,0.0,0.0,0.0,0.8,0.0,0.0,0.0,0.0,0.0,0.8
5678,3,147.0,skeletons,skeletons,troop,9.5,31.33,baby_dragon,13.51,8,0.0,0.0,0.0,0.0,0.5,0.0,0.0,0.0,0.0,1.0,0.0,-0.0,1.5
5678,3,153.0,tesla,tesla,building,3.5,18.0,baby_dragon,8.39,4,0.0,0.0,0.0,0.0,0.5,0.0,0.0,0.0,0.0,1.0,0.0,0.0,1.5
5678,3,157.2,knight_evo,knight,troop,5.5,18.0,,0.0,4,0.0,0.0,0.0,0.0,0.5,0.0,0.0,0.0,0.0,0.0,0.0,0.0,0.5
5678,3,162.0,ice_wizard,ice_wizard,troop,3.5,18.0,,0.0,2,0.0,0.0,0.0,0.0,0.5,0.0,0.0,0.0,0.0,0.0,0.0,0.0,0.5
5678,3,170.4,x_bow,x_bow,building,5.5,18.0,knight,7.0,2,0.0,0.0,0.0,-0.0,0.5,0.0,0.0,0.0,0.0,0.0,0.0,0.0,0.5
5678,3,172.8,skeletons,skeletons,troop,9.5,31.33,knight,20.71,2,0.0,0.0,0.0,0.0,0.0,0.0,0.0,0.0,0.0,0.0,0.0,-0.0,0.0
5678,3,178.8,tesla,tesla,building,5.5,18.0,baby_dragon,6.03,1,0.0,0.0,0.5514,0.0,0.5,0.0,0.0,0.0,0.0,0.0,0.0,0.0,1.0514
5678,3,180.0,the_log,the_log,spell,5.5,18.0,baby_dragon,6.03,1,0.0,0.0,0.0,0.0,0.5,0.0,0.0,0.0,0.0,0.0,0.0,0.0,0.5
5678,3,183.6,knight,knight,troop,5.5,18.0,baby_dragon,6.03,1,0.0,0.0,0.0,0.0,0.1492,0.0,0.0,0.0,0.0,0.8146,0.0,0.0,0.9638
5678,3,190.2,ice_wizard,ice_wizard,troop,1.5,18.0,,0.0,0,0.0,0.0,0.0,0.0,0.5,0.0,0.0,0.0,0.0,0.0,0.0,0.0,0.5
5678,3,190.8,skeletons,skeletons,troop,9.5,31.33,,0.0,0,0.0,0.0,0.0,0.0,0.5,0.0,0.0,0.0,0.0,0.0,0.0,0.0,0.5
5678,3,196.8,tesla_evo,tesla,building,1.5,18.0,,0.0,0,0.0,0.0,0.0,0.0,0.5,0.0,0.0,0.0,0.0,0.0,0.0,0.0,0.5
5678,3,204.0,x_bow,x_bow,building,3.5,18.0,,0.0,0,0.0,0.0,0.0,0.0,0.5,0.0,0.0,0.0,0.0,0.0,0.0,0.0,0.5
5678,3,205.8,the_log,the_log,spell,5.5,18.0,baby_dragon,10.0,4,0.0,0.0,0.0,0.0,0.5,0.0,0.0,0.0,0.0,0.0,0.0,0.0,0.5
5678,3,210.0,knight,knight,troop,3.5,18.0,ice_wizard,3.0,3,0.0,0.0,0.0,0.0,0.5,1.0,0.0,0.0,0.0,0.3333,0.0,0.0,1.8333
5678,3,211.8,skeletons,skeletons,troop,9.5,31.33,baby_dragon,17.75,2,0.0,0.0,0.0,0.0,0.4805,0.0,0.0,0.0,0.0,0.0,0.0,-0.0,0.4805
5678,3,216.0,ice_wizard,ice_wizard,troop,1.5,18.0,knight,11.46,6,0.0,0.0,0.0,0.0,0.3751,0.0,0.0,0.0,0.0,0.0,0.0,0.0,0.3751
5678,3,222.0,tesla,tesla,building,5.5,18.0,knight,7.69,2,0.0,0.0,0.0,-0.0,0.5,0.0,0.0,0.0,0.0,1.0,0.0,0.0,1.5
5678,3,231.0,x_bow,x_bow,building,1.5,18.0,,0.0,0,0.0,0.0,0.0,0.0,0.5,0.0,0.0,0.0,0.0,0.0,0.0,0.0,0.5
5678,3,234.6,knight_evo,knight,troop,1.5,18.0,,0.0,0,0.0,0.0,0.0,0.0,0.5,0.0,0.0,0.0,0.0,0.0,0.0,0.0,0.5
5678,3,237.0,skeletons,skeletons,troop,9.5,31.33,,0.0,0,0.0,0.0,0.0,0.0,0.5,0.0,0.0,0.0,0.0,0.0,0.0,0.0,0.5
5678,3,242.4,ice_wizard,ice_wizard,troop,3.5,18.0,,0.0,0,0.0,0.0,0.0,0.0,0.5,0.0,0.0,0.0,0.0,0.0,0.0,0.0,0.5
5678,3,244.2,tesla,tesla,building,3.5,18.0,,0.0,0,0.0,0.0,0.0,0.0,0.5,0.0,0.0,0.0,0.0,0.0,0.0,0.0,0.5
5678,3,249.6,x_bow,x_bow,building,12.5,18.0,,0.0,0,0.0,0.0,0.0,0.0,0.0,0.0,0.0,0.0,0.0,0.0,1.0,0.0,1.0
5678,3,251.4,the_log,the_log,spell,5.5,18.0,baby_dragon,13.04,4,0.0,0.0,0.0,0.0,0.5,0.0,0.0,0.0,0.0,0.0,0.0,0.0,0.5
5678,3,252.0,skeletons,skeletons,troop,9.5,31.33,baby_dragon,26.5,9,0.0,0.0,0.0,0.0,0.0,0.0,0.0,0.0,0.0,0.0,0.0,-0.0,0.0
5678,3,254.4,knight,knight,troop,5.5,18.0,baby_dragon,11.87,4,0.0,0.0,0.0,0.0,0.5,1.0,0.0,0.0,0.0,0.0,0.0,0.0,1.5
5678,3,258.0,ice_wizard,ice_wizard,troop,3.5,18.0,baby_dragon,9.69,3,0.0,0.0,0.0,0.0,0.5,1.0,0.0,0.0,0.0,0.0,0.0,0.0,1.5
5678,3,261.0,tesla_evo,tesla,building,5.5,18.0,baby_dragon,7.05,3,0.0,0.0,0.1681,0.0,0.5,0.0,0.0,0.0,0.0,0.0,0.0,0.0,0.6681
5678,3,265.8,the_log,the_log,spell,14.5,18.0,knight,1.58,2,0.0,0.0,0.0,0.0,0.0,0.0,1.0,0.0,0.0,0.0,0.0,0.0,1.0
5678,3,266.4,skeletons,skeletons,troop,9.5,31.33,knight,14.95,2,0.0,0.0,0.0,0.0,0.0,0.0,0.0,0.0,0.0,0.0,0.0,-0.0,0.0
5678,3,267.0,knight,knight,troop,12.5,30.0,knight,13.15,2,0.0,0.0,0.0,0.0,0.0,0.0,0.0,0.0,0.0,0.0,0.0,0.0,0.0
5678,3,270.0,ice_wizard,ice_wizard,troop,1.5,18.0,knight,11.49,2,0.0,0.0,0.0,0.0,0.0,0.0,0.0,0.0,0.0,0.0,0.0,0.0,0.0
5678,3,273.6,tesla,tesla,building,1.5,18.0,knight,10.96,2,0.0,0.0,0.0,-0.0,0.5,0.0,0.0,0.0,0.0,1.0,0.0,0.0,1.5
5678,3,277.2,the_log,the_log,spell,3.5,18.0,knight,9.09,2,0.0,0.0,0.0,0.0,0.5,0.0,0.0,0.0,0.0,0.0,0.0,0.0,0.5
5678,3,277.8,skeletons,skeletons,troop,9.5,31.33,knight,11.32,2,0.0,0.0,0.0,0.0,0.0049,0.0,0.0,0.0,0.0,0.0,0.0,-0.0,0.0049
5678,3,279.0,knight_evo,knight,troop,1.5,18.0,knight,11.05,1,0.0,0.0,0.0,0.0,0.0,0.0,0.0,0.0,0.0,0.0,0.0,0.0,0.0
5678,3,282.6,ice_wizard,ice_wizard,troop,3.5,18.0,knight,9.09,1,0.0,0.0,0.0,0.0,0.0,0.0,0.0,0.0,0.0,0.0,0.0,0.0,0.0
5678,3,285.6,tesla,tesla,building,3.5,18.0,baby_dragon,7.07,4,0.0,0.0,0.1626,0.0,0.5,0.0,0.0,0.0,0.0,0.0,0.0,0.0,0.6626
5678,3,289.8,the_log,the_log,spell,14.5,18.0,knight,11.43,5,0.0,0.0,0.0,0.0,0.0,0.0,0.0,0.0,0.0,0.0,0.0,0.0,0.0
5678,3,290.4,skeletons,skeletons,troop,9.5,31.33,knight,19.95,5,0.0,0.0,0.0,0.0,0.0,0.0,0.0,0.0,0.0,0.0,0.0,-0.0,0.0
5678,3,291.0,knight,knight,troop,3.5,18.0,knight,6.08,4,0.0,0.0,0.0,0.0,0.0,0.0,0.0,0.0,0.0,0.0,0.0,0.0,0.0
5678,3,294.0,ice_wizard,ice_wizard,troop,5.5,18.0,knight,5.78,11,0.0,0.0,0.0,0.0,0.3,0.0,0.0,0.0,0.0,0.1814,0.0,0.0,0.4814
5678,3,297.0,tornado,tornado,spell,5.5,18.0,baby_dragon,8.62,8,0.0,0.0,0.0,0.0,0.5,0.0,0.0,0.0,0.0,0.0,0.0,0.0,0.5
5678,4,0.0,knight,knight,troop,12.5,30.0,,0.0,0,0.0,0.0,0.0,0.0,0.5,0.0,0.0,0.0,0.0,0.0,0.0,0.0,0.5
5678,4,3.0,ice_wizard,ice_wizard,troop,1.5,18.0,royal_hogs,1.32,4,0.0,0.0,0.0,0.0,0.5,0.0,0.0,0.0,0.0,1.0,0.0,0.0,1.5
5678,4,15.6,tesla,tesla,building,1.5,18.0,royal_hogs,6.29,7,0.0,0.0,0.0,-0.0,0.5,0.0,0.0,0.0,0.0,1.0,0.0,0.0,1.5
5678,4,32.4,x_bow,x_bow,building,3.5,18.0,archer_queen,3.0,1,0.0,0.0,0.0,0.0,0.0,0.0,0.0,0.0,0.0,0.0,1.0,0.0,1.0
5678,4,34.2,skeletons,skeletons,troop,9.5,31.33,archer_queen,17.37,1,0.0,0.0,0.0,0.0,0.0,0.0,0.0,0.0,0.0,0.0,0.0,0.0,0.0
5678,4,41.4,the_log,the_log,spell,3.5,18.0,archer_queen,2.38,1,0.0,0.0,0.0,0.0,0.0,0.0,0.0,0.0,0.0,0.0,0.0,0.0,0.0
5678,4,48.0,knight,knight,troop,12.5,30.0,archer_queen,11.57,1,0.0,0.0,0.0,0.0,0.5,0.0,0.0,0.0,0.0,0.2195,0.0,0.0,0.7195
5678,4,57.6,ice_wizard,ice_wizard,troop,1.5,18.0,royal_hogs,13.15,2,0.0,0.0,0.0,0.0,0.5,0.0,0.0,0.0,0.0,0.0,0.0,0.0,0.5
5678,4,72.6,tesla,tesla,building,1.5,18.0,royal_hogs,9.64,1,0.0,0.0,0.0,-0.0,0.0,0.0,0.0,0.0,0.0,1.0,0.0,0.0,1.0
5678,4,73.2,skeletons,skeletons,troop,9.5,31.33,royal_hogs,4.35,1,0.0,0.0,0.0,0.0,0.5,0.0,0.0,0.0,0.0,0.0,0.0,0.0,0.5
5678,4,90.6,x_bow,x_bow,building,3.5,18.0,archer_queen,1.0,1,0.0,0.0,0.0,0.0,0.0,0.0,0.0,0.0,0.0,1.0,1.0,0.0,2.0
5678,4,94.8,the_log,the_log,spell,5.5,18.0,archer_queen,2.06,1,0.0,0.0,0.0,0.0,0.0,0.0,0.0,0.0,0.0,0.0,0.0,0.0,0.0
5678,4,101.4,knight_evo,knight,troop,5.5,18.0,,0.0,0,0.0,0.0,0.0,0.0,0.0,0.0,0.0,0.0,0.0,0.0,0.0,0.0,0.0
5678,4,110.4,ice_wizard,ice_wizard,troop,1.5,18.0,royal_hogs,10.26,8,0.0,0.0,0.0,0.0,0.5,0.0,0.0,0.0,0.0,0.0,0.0,0.0,0.5
5678,4,112.2,skeletons,skeletons,troop,9.5,31.33,royal_hogs,3.73,6,0.0,0.0,0.0,0.0,0.5,0.0,0.0,0.0,0.0,0.0,0.0,0.0,0.5
5678,4,123.0,tesla_evo,tesla,building,1.5,18.0,,0.0,0,0.0,0.0,0.0,0.0,0.0,0.0,0.0,0.0,0.0,0.0,0.0,0.0,0.0
5678,4,130.8,x_bow,x_bow,building,1.5,18.0,,0.0,1,0.0,0.0,0.0,0.0,0.0,0.0,0.0,0.0,0.0,0.0,1.0,0.0,1.0
5678,4,133.2,the_log,the_log,spell,14.5,18.0,,0.0,4,0.0,0.0,0.0,0.0,0.5,0.0,1.0,0.0,0.0,0.0,0.0,0.0,1.5
5678,4,137.4,knight,knight,troop,12.5,30.0,,0.0,0,0.0,0.0,0.0,0.0,0.5,0.0,0.0,0.0,0.0,0.0,0.0,0.0,0.5
5678,4,139.2,skeletons,skeletons,troop,9.5,31.33,royal_hogs,11.9,4,0.0,0.0,0.0,0.0,0.5,0.0,0.0,0.0,0.0,1.0,0.0,0.0,1.5
5678,4,144.0,ice_wizard,ice_wizard,troop,1.5,18.0,royal_hogs,2.16,3,0.0,0.0,0.0,0.0,0.0,0.0,0.0,0.0,0.0,0.0,0.0,0.0,0.0
5678,4,150.0,tesla,tesla,building,1.5,18.0,royal_hogs,1.92,3,0.0,0.0,0.5,-0.0,0.0,0.0,0.0,0.0,0.0,1.0,0.0,0.0,1.5
5678,4,157.2,x_bow,x_bow,building,1.5,18.0,archer_queen,3.72,3,0.0,0.0,0.0,0.0,0.0,0.0,0.0,0.0,0.0,0.7848,1.0,0.0,1.7848
5678,4,159.6,the_log,the_log,spell,14.5,18.0,archer_queen,10.01,3,0.0,0.0,0.0,0.0,0.5,0.0,0.0,0.0,0.0,0.0,0.0,0.0,0.5
5678,4,161.4,skeletons,skeletons,troop,9.5,31.33,archer_queen,10.77,1,0.0,0.0,0.0,0.0,0.0,0.0,0.0,0.0,0.0,0.0,0.0,0.0,0.0
5678,4,165.6,knight,knight,troop,3.5,22.0,royal_hogs,1.43,4,0.0,0.0,0.0,0.0,0.0,0.5,0.0,0.0,0.0,1.0,0.0,0.0,1.5
5678,4,171.0,tesla,tesla,building,1.5,18.0,royal_hogs,10.11,3,0.0,0.0,0.0,-0.0,0.0,0.0,0.0,0.0,0.0,1.0,0.0,0.0,1.0
5678,4,176.4,ice_wizard,ice_wizard,troop,3.5,18.0,archer_queen,0.64,1,0.0,0.0,0.0,0.0,0.0,1.0,0.0,0.0,0.0,0.352,0.0,0.0,1.352
5678,5,0.6,ice_wizard,ice_wizard,troop,1.5,18.0,prince,3.43,1,0.0,0.0,0.0,0.0,0.5,0.5,0.0,0.0,0.0,1.0,0.0,0.0,2.0
5678,5,6.6,the_log,the_log,spell,14.5,18.0,prince,11.17,6,0.0,0.0,0.0,0.0,0.5,0.0,0.0,0.0,0.0,0.0,0.0,0.0,0.5
5678,5,9.0,knight,knight,troop,14.5,19.33,prince,10.9,6,0.0,0.0,0.0,0.0,0.5,0.0,0.0,0.0,0.0,0.0,0.0,0.0,0.5
5678,5,11.4,skeletons,skeletons,troop,9.5,31.33,prince,10.24,3,0.0,0.0,0.0,0.0,0.5,0.0,0.0,0.0,0.0,0.0,0.0,-0.0,0.5
5678,5,28.2,x_bow,x_bow,building,1.5,18.0,,0.0,0,0.0,0.0,0.0,0.0,0.0,0.0,0.0,0.0,0.0,0.0,1.0,0.0,1.0
5678,5,40.2,tesla,tesla,building,1.5,18.0,bandit,3.05,1,0.0,0.0,0.5,-0.0,0.0,0.0,0.0,0.0,0.0,1.0,0.0,0.0,1.5
5678,5,50.4,ice_wizard,ice_wizard,troop,3.5,18.0,prince,10.7,1,0.0,0.0,0.0,0.0,0.5,0.0,0.0,0.0,0.0,0.0,0.0,0.0,0.5
5678,5,53.4,the_log,the_log,spell,14.5,23.33,prince,0.13,1,0.0,0.0,0.0,0.0,0.5,0.0,1.0,0.0,0.0,0.0,0.0,0.0,1.5
5678,5,56.4,skeletons,skeletons,troop,9.5,31.33,prince,9.55,1,0.0,0.0,0.0,0.0,0.5,0.0,0.0,0.0,0.0,0.0,0.0,-0.0,0.5
5678,5,64.8,knight,knight,troop,12.5,30.0,,0.0,0,0.0,0.0,0.0,0.0,0.5,0.0,0.0,0.0,0.0,0.0,0.0,0.0,0.5
5678,5,76.8,tesla,tesla,building,1.5,18.0,bandit,3.3,1,0.0,0.0,0.5,-0.0,0.0,0.0,0.0,0.0,0.0,0.7333,0.0,0.0,1.2333
5678,5,90.0,ice_wizard,ice_wizard,troop,1.5,18.0,,0.0,0,0.0,0.0,0.0,0.0,0.0,0.0,0.0,0.0,0.0,0.0,0.0,0.0,0.0
5678,5,96.0,the_log,the_log,spell,3.5,18.0,archer_queen,12.99,6,0.0,0.0,0.0,0.0,0.0,0.0,0.0,0.0,0.0,0.0,0.0,0.0,0.0
5678,5,96.6,skeletons,skeletons,troop,9.5,31.33,archer_queen,20.25,6,0.0,0.0,0.0,0.0,0.5,0.0,0.0,0.0,0.0,1.0,0.0,0.0,1.5
5678,5,101.4,knight_evo,knight,troop,1.5,18.0,archer_queen,12.96,4,0.0,0.0,0.0,0.0,0.5,0.0,0.0,0.0,0.0,0.0,0.0,0.0,0.5
5678,5,112.8,tesla_evo,tesla,building,2.5,18.0,archer_queen,11.24,4,0.0,0.0,0.0,0.0,0.0,0.0,0.0,0.0,0.0,1.0,0.0,0.0,1.0
5678,5,121.8,ice_wizard,ice_wizard,troop,1.5,18.0,prince,8.95,1,0.0,0.0,0.0,0.0,0.0,0.0,0.0,0.0,0.0,0.0,0.0,0.0,0.0
5678,5,127.8,tornado,tornado,spell,5.5,18.0,bandit,7.96,2,0.0,0.0,0.0,0.0,0.0,0.0,0.0,0.0,0.0,0.0,0.0,0.0,0.0
5678,5,128.4,skeletons,skeletons,troop,9.5,31.33,bandit,4.05,2,0.0,0.0,0.0,0.0,0.0,0.0,0.0,0.0,0.0,0.0,0.0,-0.0,0.0
5678,5,130.8,knight,knight,troop,10.5,27.33,bandit,0.02,2,0.0,0.0,0.0,0.0,0.0,1.0,0.0,0.0,0.0,0.6913,0.0,0.0,1.6913
5678,5,137.4,tesla,tesla,building,1.5,18.0,archer_queen,5.88,6,0.0,0.0,0.0,0.0,0.0,0.0,0.0,0.0,0.0,1.0,0.0,0.0,1.0
5678,6,0.0,ice_wizard,ice_wizard,troop,1.5,18.0,,0.0,0,0.0,0.0,0.0,0.0,0.5,0.0,0.0,0.0,0.0,0.0,0.0,0.0,0.5
5678,6,3.0,skeletons,skeletons,troop,9.5,31.33,mother_witch,27.78,1,0.0,0.0,0.0,0.0,0.5,0.0,0.0,0.0,0.0,0.0,0.0,0.0,0.5
5678,6,14.4,x_bow,x_bow,building,1.5,18.0,royal_ghost,2.28,3,0.0,0.0,0.75,-0.0,0.5,0.0,0.0,0.0,0.0,0.5903,1.0,0.0,2.8403
5678,6,33.0,tesla,tesla,building,1.5,18.0,giant_skeleton,13.64,1,0.0,0.0,0.0,-0.0,0.5,0.0,0.0,0.0,0.0,0.0,0.0,0.0,0.5
5678,6,34.8,knight,knight,troop,12.5,30.0,giant_skeleton,26.05,1,0.0,0.0,0.0,0.0,0.5,0.0,0.0,0.0,0.0,0.1384,0.0,0.0,0.6384
5678,6,42.0,the_log,the_log,spell,5.5,18.0,giant_skeleton,3.82,2,0.0,0.0,0.0,0.0,0.5,0.0,0.0,0.0,0.0,0.0,0.0,0.0,0.5
5678,6,42.6,skeletons,skeletons,troop,9.5,31.33,giant_skeleton,16.78,2,0.0,0.0,0.0,0.0,0.3555,0.0,0.0,0.0,0.0,0.0,0.0,-0.0,0.3555
5678,6,51.6,ice_wizard,ice_wizard,troop,3.5,27.33,battle_ram,11.21,5,0.0,0.0,0.0,0.0,0.4853,0.0,0.0,0.0,0.0,0.0,0.0,0.0,0.4853
5678,6,67.8,x_bow,x_bow,building,1.5,18.0,,0.0,0,0.0,0.0,0.0,0.0,0.5,0.0,0.0,0.0,0.0,0.0,1.0,0.0,1.5
5678,6,76.2,knight,knight,troop,14.5,19.33,wizard,0.55,1,0.0,0.0,0.0,0.0,0.5,1.0,0.0,0.0,0.0,0.5651,0.0,0.0,2.0651
5678,6,93.0,tesla,tesla,building,3.5,18.0,,0.0,0,0.0,0.0,0.0,0.0,0.5,0.0,0.0,0.0,0.0,0.0,0.0,0.0,0.5
5678,6,93.6,skeletons,skeletons,troop,9.5,31.33,,0.0,0,0.0,0.0,0.0,0.0,1.0,0.0,0.0,0.0,0.0,0.0,0.0,0.0,1.0
5678,6,106.8,ice_wizard,ice_wizard,troop,1.5,18.0,mother_witch,12.32,2,0.0,0.0,0.0,0.0,0.0,0.0,0.0,0.0,0.0,0.0,0.0,0.0,0.0
5678,6,112.8,the_log,the_log,spell,14.5,23.33,mother_witch_hog,0.0,3,0.0,0.0,0.0,0.0,0.5,0.0,0.5,0.0,0.0,0.0,0.0,0.0,1.0
5678,6,113.4,knight_evo,knight,troop,14.5,23.33,royal_ghost,0.24,2,0.0,0.0,0.0,0.0,0.5,1.0,0.0,0.0,0.0,0.5934,0.0,0.0,2.0934
5678,6,123.0,tesla_evo,tesla,building,12.5,18.0,giant_skeleton,10.75,1,0.0,0.0,0.0,-0.0,0.0,0.0,0.0,0.0,0.0,0.0,0.0,0.0,0.0
5678,6,123.6,skeletons,skeletons,troop,9.5,31.33,giant_skeleton,21.48,1,0.0,0.0,0.0,0.0,0.5,0.0,0.0,0.0,0.0,0.4204,0.0,-0.0,0.9204
5678,6,127.8,ice_wizard,ice_wizard,troop,1.5,18.0,giant_skeleton,4.43,3,0.0,0.0,0.0,0.0,0.5,1.0,0.0,0.0,0.0,0.8287,0.0,0.0,2.3287
5678,6,134.4,the_log,the_log,spell,14.5,18.0,giant_skeleton,10.68,2,0.0,0.0,0.0,0.0,0.0,0.0,0.0,0.0,0.0,0.0,0.0,0.0,0.0
5678,6,135.0,knight,knight,troop,12.5,30.0,giant_skeleton,15.05,2,0.0,0.0,0.0,0.0,0.5,0.0,0.0,0.0,0.0,0.0,0.0,0.0,0.5
5678,6,138.6,tornado,tornado,spell,0.5,18.0,giant_skeleton,1.51,2,0.0,0.0,0.0,0.0,0.4741,0.0,1.0,0.3224,0.0,0.0,0.0,0.0,1.7964
5678,6,140.4,skeletons,skeletons,troop,9.5,31.33,giant_skeleton,14.41,1,0.0,0.0,0.0,0.0,0.5,0.0,0.0,0.0,0.0,0.6507,0.0,-0.0,1.1507
5678,6,144.6,ice_wizard,ice_wizard,troop,1.5,18.0,giant_skeleton,3.66,1,0.0,0.0,0.0,0.0,0.5,0.3166,0.0,0.0,0.0,0.0,0.0,0.0,0.8166
5678,6,151.8,tesla,tesla,building,12.5,18.0,royal_ghost,10.37,3,0.0,0.0,0.0,-0.0,0.0,0.0,0.0,0.0,0.0,1.0,0.0,0.0,1.0
5678,6,153.6,the_log,the_log,spell,3.5,18.0,royal_ghost,3.41,3,0.0,0.0,0.0,0.0,0.5,0.0,0.0,0.0,0.0,0.0,0.0,0.0,0.5
5678,6,157.2,knight,knight,troop,3.5,18.0,mother_witch_hog,1.7,6,0.0,0.0,0.0,0.0,0.5,0.0,0.0,0.0,0.0,0.568,0.0,0.0,1.068
5678,6,158.4,skeletons,skeletons,troop,9.5,31.33,mother_witch_hog,10.27,9,0.0,0.0,0.0,0.0,0.5,0.0,0.0,0.0,0.0,0.0,0.0,0.0,0.5
5678,6,162.6,ice_wizard,ice_wizard,troop,1.5,18.0,barbarians,11.53,5,0.0,0.0,0.0,0.0,0.3834,0.0,0.0,0.0,0.0,0.0,0.0,0.0,0.3834
5678,6,168.0,tesla,tesla,building,1.5,18.0,barbarians,11.02,5,0.0,0.0,0.0,-0.0,0.5,0.0,0.0,0.0,0.0,1.0,0.0,0.0,1.5
5678,6,175.2,the_log,the_log,spell,3.5,18.0,zappies,8.45,3,0.0,0.0,0.0,0.0,0.5,0.0,0.0,0.0,0.0,0.0,0.0,0.0,0.5
5678,6,175.8,knight_evo,knight,troop,3.5,18.0,zappies,8.45,4,0.0,0.0,0.0,0.0,0.5,0.0,0.0,0.0,0.0,0.0,0.0,0.0,0.5
5678,6,176.4,skeletons,skeletons,troop,9.5,31.33,zappies,7.95,4,0.0,0.0,0.0,0.0,0.5,0.0,0.0,0.0,0.0,0.0,0.0,0.0,0.5
5678,6,181.2,ice_wizard,ice_wizard,troop,3.5,18.0,zappies,9.79,2,0.0,0.0,0.0,0.0,0.3143,0.0,0.0,0.0,0.0,0.0,0.0,0.0,0.3143
5678,6,185.4,tornado,tornado,spell,5.5,16.67,giant_skeleton,4.07,1,0.0,0.0,0.0,0.0,0.1477,0.0,1.0,0.0021,0.0,0.0,0.0,0.0,1.1498
5678,6,190.2,the_log,the_log,spell,3.5,18.0,giant_skeleton,2.93,4,0.0,0.0,0.0,0.0,0.5,0.0,0.0,0.0,0.0,0.0,0.0,0.0,0.5
5678,6,192.0,knight,knight,troop,12.5,30.0,zappies,18.41,3,0.0,0.0,0.0,0.0,0.0,0.0,0.0,0.0,0.0,0.0,0.0,0.0,0.0
5678,6,193.2,skeletons,skeletons,troop,9.5,31.33,zappies,20.07,2,0.0,0.0,0.0,0.0,0.0,0.0,0.0,0.0,0.0,0.0,0.0,0.0,0.0
5678,6,198.6,ice_wizard,ice_wizard,troop,1.5,18.0,,0.0,0,0.0,0.0,0.0,0.0,0.5,0.0,0.0,0.0,0.0,0.0,0.0,0.0,0.5
5678,6,202.8,tornado,tornado,spell,0.5,16.67,battle_ram,13.53,1,0.0,0.0,0.0,0.0,0.057,0.0,0.0,0.0,0.0,0.0,0.0,0.0,0.057
5678,6,207.0,the_log,the_log,spell,3.5,18.0,barbarians,10.86,3,0.0,0.0,0.0,0.0,0.5,0.0,0.375,0.0,0.0,0.0,0.0,0.0,0.875
5678,6,208.8,knight,knight,troop,3.5,18.0,royal_ghost,1.73,2,0.0,0.0,0.0,0.0,0.1027,0.0,0.0,0.0,0.0,0.0,0.0,0.0,0.1027
5678,6,210.0,skeletons,skeletons,troop,9.5,31.33,royal_ghost,15.77,3,0.0,0.0,0.0,0.0,0.5,0.0,0.0,0.0,0.0,0.0,0.0,-0.0,0.5
5678,6,214.2,ice_wizard,ice_wizard,troop,2.5,18.0,mother_witch_hog,4.94,3,0.0,0.0,0.0,0.0,0.5,0.0,0.0,0.0,0.0,0.0,0.0,0.0,0.5
5678,6,219.6,tornado,tornado,spell,12.5,18.0,zappies,4.15,3,0.0,0.0,0.0,0.0,0.0,0.0,0.6667,0.0017,0.0,0.0,0.0,0.0,0.6684
5678,6,224.4,tesla_evo,tesla,building,1.5,18.0,zappies,12.83,3,0.0,0.0,0.0,0.0,0.5,0.0,0.0,0.0,0.0,0.9362,0.0,0.0,1.4362
5678,6,228.6,knight_evo,knight,troop,3.5,18.0,zappies,9.5,4,0.0,0.0,0.0,0.0,0.214,0.0,0.0,0.0,0.0,0.0,0.0,0.0,0.214
5678,6,229.8,skeletons,skeletons,troop,9.5,31.33,zappies,10.32,3,0.0,0.0,0.0,0.0,0.5,0.0,0.0,0.0,0.0,1.0,0.0,0.0,1.5
5678,6,237.0,ice_wizard,ice_wizard,troop,3.5,18.0,mother_witch,7.07,1,0.0,0.0,0.0,0.0,0.0,0.0,0.0,0.0,0.0,0.0,0.0,0.0,0.0
5678,6,241.8,x_bow,x_bow,building,12.5,18.0,mother_witch,10.47,1,0.0,0.0,0.0,0.0,0.0,0.0,0.0,0.0,0.0,0.0,1.0,0.0,1.0
5678,6,245.4,tesla,tesla,building,3.5,18.0,zappies,6.1,3,0.0,0.0,0.2899,0.0,0.5,0.0,0.0,0.0,0.0,0.0,0.0,0.0,0.7899
5678,6,247.2,the_log,the_log,spell,3.5,18.0,zappies,6.1,3,0.0,0.0,0.0,0.0,0.5,0.0,0.0,0.0,0.0,0.0,0.0,0.0,0.5
5678,6,248.4,skeletons,skeletons,troop,9.5,31.33,zappies,19.97,2,0.0,0.0,0.0,0.0,0.5,0.0,0.0,0.0,0.0,1.0,0.0,0.0,1.5
5678,6,250.8,knight,knight,troop,10.5,27.33,zappies,16.44,2,0.0,0.0,0.0,0.0,0.5,0.0,0.0,0.0,0.0,1.0,0.0,0.0,1.5
5678,6,254.4,ice_wizard,ice_wizard,troop,1.5,18.0,giant_skeleton,10.57,1,0.0,0.0,0.0,0.0,0.5,1.0,0.0,0.0,0.0,0.0,0.0,0.0,1.5
5678,6,257.4,tesla,tesla,building,14.5,18.0,giant_skeleton,12.84,2,0.0,0.0,0.0,-0.0,0.0,0.0,0.0,0.0,0.0,0.0,0.0,0.0,0.0
5678,6,261.6,the_log,the_log,spell,3.5,18.0,giant_skeleton,4.12,7,0.0,0.0,0.0,0.0,0.5,0.0,0.0,0.0,0.0,0.0,0.0,0.0,0.5
5678,6,262.2,skeletons,skeletons,troop,9.5,31.33,giant_skeleton,18.02,7,0.0,0.0,0.0,0.0,0.348,0.0,0.0,0.0,0.0,0.0,0.0,-0.0,0.348
5678,6,262.8,knight,knight,troop,14.5,18.0,giant_skeleton,10.67,7,0.0,0.0,0.0,0.0,0.1667,0.0,0.0,0.0,0.0,0.0,0.0,0.0,0.1667
5678,6,265.8,ice_wizard,ice_wizard,troop,1.5,18.0,giant_skeleton,2.54,5,0.0,0.0,0.0,0.0,0.348,0.0,0.0,0.0,0.0,0.0,0.0,0.0,0.348
5678,7,0.0,skeletons,skeletons,troop,9.5,31.33,,0.0,0,0.0,0.0,0.0,0.0,1.0,0.0,0.0,0.0,0.0,0.0,0.0,0.0,1.0
5678,7,9.6,x_bow,x_bow,building,1.5,18.0,lumberjack,13.18,1,0.0,0.0,0.0,-0.0,0.5,0.0,0.0,0.0,0.0,0.0,1.0,0.0,1.5
5678,7,20.4,tesla,tesla,building,14.5,27.33,phoenix,15.75,1,0.0,0.0,0.0,-0.0,0.5,0.0,0.0,0.0,0.0,1.0,0.0,0.0,1.5
5678,7,22.8,the_log,the_log,spell,3.5,18.0,phoenix,1.53,1,0.0,0.0,0.0,0.0,0.5,0.0,1.0,0.0,0.0,0.0,0.0,0.0,1.5
5678,7,31.2,knight,knight,troop,12.5,30.0,phoenix,12.33,1,0.0,0.0,0.0,0.0,0.5,0.0,0.0,0.0,0.0,0.0,0.0,0.0,0.5
5678,7,34.2,skeletons,skeletons,troop,9.5,31.33,phoenix,10.32,2,0.0,0.0,0.0,0.0,0.5,0.0,0.0,0.0,0.0,0.0,0.0,-0.0,0.5
5678,7,46.8,ice_wizard,ice_wizard,troop,3.5,18.0,,0.0,0,0.0,0.0,0.0,0.0,0.5,0.0,0.0,0.0,0.0,0.0,0.0,0.0,0.5
5678,7,54.0,tesla,tesla,building,1.5,18.0,,0.0,2,0.0,0.0,0.0,0.0,0.5,0.0,0.0,0.0,0.0,0.0,0.0,0.0,0.5
5678,7,70.8,x_bow,x_bow,building,3.5,18.0,lumberjack,11.89,1,0.0,0.0,0.0,-0.0,0.5,0.0,0.0,0.0,0.0,1.0,1.0,0.0,2.5
5678,7,76.8,the_log,the_log,spell,12.5,24.67,lumberjack,1.09,1,0.0,0.0,0.0,0.0,0.1538,0.0,1.0,0.0,0.0,0.0,0.0,0.0,1.1538
5678,7,78.6,skeletons,skeletons,troop,9.5,31.33,lumberjack,4.56,1,0.0,0.0,0.0,0.0,0.5,0.0,0.0,0.0,0.0,0.0,0.0,-0.0,0.5
5678,7,87.0,knight,knight,troop,12.5,30.0,phoenix,4.38,1,0.0,0.0,0.0,0.0,0.5,0.5,0.0,0.0,0.0,0.0,0.0,0.0,1.0
5678,7,96.0,ice_wizard,ice_wizard,troop,1.5,18.0,phoenix,1.94,1,0.0,0.0,0.0,0.0,0.5,0.5,0.0,0.0,0.0,1.0,0.0,0.0,2.0
5678,7,106.8,tesla_evo,tesla,building,1.5,18.0,,0.0,1,0.0,0.0,0.0,0.0,0.5,0.0,0.0,0.0,0.0,0.0,0.0,0.0,0.5
5678,7,121.2,the_log,the_log,spell,12.5,24.67,lumberjack,1.38,2,0.0,0.0,0.0,0.0,0.1538,0.0,0.5714,0.0,0.0,0.0,0.0,0.0,0.7253
5678,7,121.8,skeletons,skeletons,troop,9.5,31.33,lumberjack,7.41,2,0.0,0.0,0.0,0.0,0.5,0.0,0.0,0.0,0.0,1.0,0.0,-0.0,1.5
5678,7,122.4,knight_evo,knight,troop,12.5,20.67,lumberjack,3.18,2,0.0,0.0,0.0,0.0,0.5,0.0,0.0,0.0,0.0,0.0,0.0,0.0,0.5
5678,7,126.6,ice_wizard,ice_wizard,troop,12.5,18.0,lumberjack_ghost,8.64,2,0.0,0.0,0.0,0.0,0.5,0.0,0.0,0.0,0.0,0.0,0.0,0.0,0.5
5678,7,131.4,tornado,tornado,spell,17.5,18.0,phoenix,3.78,1,0.0,0.0,0.0,0.0,0.0,0.0,1.0,0.2137,0.0,0.0,0.0,0.0,1.2137
5678,7,137.4,tesla,tesla,building,1.5,18.0,phoenix,13.2,1,0.0,0.0,0.0,-0.0,0.5,0.0,0.0,0.0,0.0,1.0,0.0,0.0,1.5
5678,7,138.6,skeletons,skeletons,troop,9.5,31.33,phoenix,13.54,2,0.0,0.0,0.0,0.0,0.0,0.0,0.0,0.0,0.0,0.0,0.0,-0.0,0.0
5678,7,142.2,knight,knight,troop,12.5,18.0,phoenix,2.07,3,0.0,0.0,0.0,0.0,0.0,0.5,0.0,0.0,0.0,1.0,0.0,0.0,1.5
5678,7,146.4,ice_wizard,ice_wizard,troop,12.5,18.0,phoenix,2.07,4,0.0,0.0,0.0,0.0,0.0,0.0,0.0,0.0,0.0,0.6667,0.0,0.0,0.6667
5678,7,151.8,the_log,the_log,spell,10.5,27.33,lumberjack,1.47,4,0.0,0.0,0.0,0.0,0.5,0.0,0.2667,0.0,0.0,0.0,0.0,0.0,0.7667
5678,7,153.6,tornado,tornado,spell,12.5,19.33,goblin_brawler,5.53,4,0.0,0.0,0.0,0.0,0.0,0.0,0.7273,0.2365,0.0,0.0,0.0,0.0,0.9638
5678,7,154.2,skeletons,skeletons,troop,9.5,31.33,goblin_brawler,4.74,4,0.0,0.0,0.0,0.0,0.5,0.0,0.0,0.0,0.0,0.0632,0.0,-0.0,0.5632
5678,7,158.4,knight,knight,troop,12.5,24.67,phoenix,1.78,2,0.0,0.0,0.0,0.0,0.5,1.0,0.0,0.0,0.0,0.8325,0.0,0.0,2.3325
5678,7,162.6,ice_wizard,ice_wizard,troop,1.5,18.0,phoenix,10.71,2,0.0,0.0,0.0,0.0,0.4631,0.0,0.0,0.0,0.0,0.0,0.0,0.0,0.4631
5678,7,169.2,tesla,tesla,building,1.5,18.0,,0.0,1,0.0,0.0,0.0,0.0,0.5,0.0,0.0,0.0,0.0,0.0,0.0,0.0,0.5
5678,7,175.2,the_log,the_log,spell,14.5,18.0,goblin_brawler,10.84,3,0.0,0.0,0.0,0.0,0.0,0.0,1.0,0.0,0.0,0.0,0.0,0.0,1.0
5678,7,175.8,skeletons,skeletons,troop,9.5,31.33,goblin_brawler,18.66,4,0.0,0.0,0.0,0.0,0.1818,0.0,0.0,0.0,0.0,0.0,0.0,-0.0,0.1818
5678,7,176.4,knight_evo,knight,troop,3.5,18.0,goblin_brawler,4.24,4,0.0,0.0,0.0,0.0,0.25,0.5,0.0,0.0,0.0,0.4826,0.0,0.0,1.2326
5678,7,181.8,ice_wizard,ice_wizard,troop,12.5,20.67,royal_giant,0.04,2,0.0,0.0,0.0,0.0,0.0,1.0,0.0,0.0,0.0,1.0,0.0,0.0,2.0
5678,7,186.6,tesla_evo,tesla,building,3.5,18.0,royal_giant,8.53,2,0.0,0.0,0.0,0.0,0.5,0.0,0.0,0.0,0.0,1.0,0.0,0.0,1.5
5678,7,193.8,the_log,the_log,spell,12.5,18.0,phoenix,9.92,2,0.0,0.0,0.0,0.0,0.0,0.0,0.0,0.0,0.0,0.0,0.0,0.0,0.0
5678,7,194.4,skeletons,skeletons,troop,9.5,31.33,phoenix,21.09,1,0.0,0.0,0.0,0.0,0.0,0.0,0.0,0.0,0.0,0.0,0.0,-0.0,0.0
5678,7,195.0,knight,knight,troop,14.5,18.0,phoenix,11.31,1,0.0,0.0,0.0,0.0,0.0,0.0,0.0,0.0,0.0,0.0,0.0,0.0,0.0
5678,7,199.8,ice_wizard,ice_wizard,troop,14.5,18.0,goblin_brawler,9.9,3,0.0,0.0,0.0,0.0,0.0,0.0,0.0,0.0,0.0,0.0,0.0,0.0,0.0
5678,7,205.2,tesla,tesla,building,1.5,18.0,phoenix,2.61,2,0.0,0.0,0.75,-0.0,0.5,0.0,0.0,0.0,0.0,1.0,0.0,0.0,2.25
5678,7,212.4,the_log,the_log,spell,14.5,19.33,phoenix,5.13,2,0.0,0.0,0.0,0.0,0.0,0.0,1.0,0.0,0.0,0.0,0.0,0.0,1.0
5678,7,213.0,skeletons,skeletons,troop,9.5,31.33,phoenix,17.23,1,0.0,0.0,0.0,0.0,0.0,0.0,0.0,0.0,0.0,0.0,0.0,-0.0,0.0
5678,7,213.6,knight,knight,troop,12.5,30.0,phoenix,15.39,1,0.0,0.0,0.0,0.0,0.0,0.0,0.0,0.0,0.0,0.0,0.0,0.0,0.0
5678,7,218.4,ice_wizard,ice_wizard,troop,16.5,18.0,phoenix,3.3,1,0.0,0.0,0.0,0.0,0.0,0.5,0.0,0.0,0.0,1.0,0.0,0.0,1.5
5678,7,222.6,tesla,tesla,building,14.5,19.33,royal_giant,0.36,2,0.0,0.0,0.0,0.0,0.0,0.0,0.0,0.0,0.0,1.0,0.0,0.0,1.0
5678,7,230.4,the_log,the_log,spell,12.5,23.33,lumberjack,1.41,2,0.0,0.0,0.0,0.0,0.081,0.0,0.5,0.0,0.0,0.0,0.0,0.0,0.581
5678,7,231.0,skeletons,skeletons,troop,9.5,31.33,lumberjack,9.95,2,0.0,0.0,0.0,0.0,0.0,0.0,0.0,0.0,0.0,0.0,0.0,-0.0,0.0
5678,7,231.6,knight_evo,knight,troop,1.5,18.0,lumberjack,11.68,3,0.0,0.0,0.0,0.0,0.0,0.0,0.0,0.0,0.0,0.0,0.0,0.0,0.0
5678,7,235.8,ice_wizard,ice_wizard,troop,1.5,18.0,phoenix,11.98,4,0.0,0.0,0.0,0.0,0.0074,0.0,0.0,0.0,0.0,0.0,0.0,0.0,0.0074
5678,7,240.6,tesla_evo,tesla,building,1.5,18.0,phoenix,3.35,2,0.0,0.0,0.75,-0.0,0.5,0.0,0.0,0.0,0.0,0.4279,0.0,0.0,1.6779
5678,7,246.0,x_bow,x_bow,building,3.5,18.0,goblin_brawler,6.73,2,0.0,0.0,0.3065,-0.0,0.5,0.0,0.0,0.0,0.0,0.0,0.0,0.0,0.8065
5678,7,247.8,skeletons,skeletons,troop,9.5,31.33,phoenix,12.35,3,0.0,0.0,0.0,0.0,0.5,0.0,0.0,0.0,0.0,1.0,0.0,-0.0,1.5
5678,7,249.0,the_log,the_log,spell,3.5,18.0,phoenix,10.36,3,0.0,0.0,0.0,0.0,0.5,0.0,0.0,0.0,0.0,0.0,0.0,0.0,0.5
5678,7,252.0,knight,knight,troop,3.5,18.0,phoenix,10.0,4,0.0,0.0,0.0,0.0,0.0894,0.0,0.0,0.0,0.0,0.0,0.0,0.0,0.0894
5678,7,254.4,ice_wizard,ice_wizard,troop,5.5,18.0,phoenix,8.67,3,0.0,0.0,0.0,0.0,0.3669,0.0,0.0,0.0,0.0,0.0,0.0,0.0,0.3669
5678,7,258.6,tesla,tesla,building,3.5,18.0,royal_giant,9.67,2,0.0,0.0,0.0,0.0,0.5,0.0,0.0,0.0,0.0,1.0,0.0,0.0,1.5
5678,7,259.2,skeletons,skeletons,troop,9.5,31.33,royal_giant,14.73,2,0.0,0.0,0.0,0.0,0.5,0.0,0.0,0.0,0.0,0.0,0.0,0.0,0.5
5678,7,264.0,the_log,the_log,spell,5.5,18.0,royal_giant,3.65,3,0.0,0.0,0.0,0.0,0.5,0.0,0.1429,0.0,0.0,0.0,0.0,0.0,0.6429
5678,7,264.6,knight,knight,troop,12.5,30.0,royal_giant,12.42,2,0.0,0.0,0.0,0.0,0.0,0.0,0.0,0.0,0.0,0.0,0.0,0.0,0.0
5678,7,267.0,ice_wizard,ice_wizard,troop,9.5,18.0,royal_giant,0.09,2,0.0,0.0,0.0,0.0,0.0,0.0,0.0,0.0,0.0,0.7226,0.0,0.0,0.7226
5678,7,270.6,tesla,tesla,building,9.5,18.0,royal_giant,0.46,2,0.0,0.0,0.0,0.0,0.1318,0.0,0.0,0.0,0.0,1.0,0.0,0.0,1.1318
5678,7,271.2,skeletons,skeletons,troop,9.5,31.33,lumberjack,16.06,2,0.0,0.0,0.0,0.0,0.5,0.0,0.0,0.0,0.0,0.0,0.0,-0.0,0.5
5678,7,277.2,x_bow,x_bow,building,14.5,18.0,royal_giant,0.75,1,0.0,0.0,0.0,0.0,0.0,0.0,0.0,0.0,0.0,0.0,1.0,0.0,1.0
5678,7,279.6,knight_evo,knight,troop,14.5,18.0,royal_giant,0.75,1,0.0,0.0,0.0,0.0,0.0,1.0,0.0,0.0,0.0,0.0194,0.0,0.0,1.0194
5678,7,284.4,ice_wizard,ice_wizard,troop,12.5,18.0,phoenix,7.42,1,0.0,0.0,0.0,0.0,0.5,0.0,0.0,0.0,0.0,0.0,0.0,0.0,0.5
5678,7,286.2,tesla_evo,tesla,building,12.5,18.0,phoenix,6.35,2,0.0,0.0,0.2882,-0.0,0.0,0.0,0.0,0.0,0.0,1.0,0.0,0.0,1.2882
5678,7,288.0,skeletons,skeletons,troop,9.5,31.33,phoenix,14.01,2,0.0,0.0,0.0,0.0,0.5,0.0,0.0,0.0,0.0,1.0,0.0,-0.0,1.5
5678,7,292.8,x_bow,x_bow,building,1.5,18.0,phoenix,4.33,2,0.0,0.0,0.0,-0.0,0.5,0.0,0.0,0.0,0.0,0.1072,0.0,0.0,0.6072
5678,8,0.0,knight,knight,troop,12.5,30.0,,0.0,0,0.0,0.0,0.0,0.0,0.5,0.0,0.0,0.0,0.0,0.0,0.0,0.0,0.5
5678,8,7.2,ice_wizard,ice_wizard,troop,1.5,18.0,inferno_dragon,2.7,1,0.0,0.0,0.0,0.0,0.5,0.0,0.0,0.0,0.0,0.0,0.0,0.0,0.5
5678,8,24.0,x_bow,x_bow,building,1.5,18.0,executioner,12.6,1,0.0,0.0,0.0,0.0,0.5,0.0,0.0,0.0,0.0,0.0,1.0,0.0,1.5
5678,8,37.2,tesla,tesla,building,1.5,18.0,bowler,3.28,1,0.0,0.0,0.3107,0.0,0.5,0.0,0.0,0.0,0.0,0.0,0.0,0.0,0.8107
5678,8,37.8,skeletons,skeletons,troop,9.5,31.33,bowler,17.12,1,0.0,0.0,0.0,0.0,0.3555,0.0,0.0,0.0,0.0,0.0,0.0,-0.0,0.3555
5678,8,39.6,the_log,the_log,spell,3.5,18.0,bowler,2.75,1,0.0,0.0,0.0,0.0,0.5,0.0,0.0,0.0,0.0,0.0,0.0,0.0,0.5
5678,8,48.0,knight,knight,troop,12.5,30.0,bowler,16.61,1,0.0,0.0,0.0,0.0,0.5,0.0,0.0,0.0,0.0,0.0,0.0,0.0,0.5
5678,8,57.6,ice_wizard,ice_wizard,troop,1.5,18.0,zappies,1.27,3,0.0,0.0,0.0,0.0,0.5,0.0,0.0,0.0,0.0,0.0,0.0,0.0,0.5
5678,8,64.8,tornado,tornado,spell,0.5,18.0,zappies,4.07,4,0.0,0.0,0.0,0.0,0.4741,0.0,1.0,0.1028,0.0,0.0,0.0,0.0,1.5769
5678,8,68.4,skeletons,skeletons,troop,9.5,31.33,zappies,12.87,4,0.0,0.0,0.0,0.0,0.5,0.0,0.0,0.0,0.0,0.0,0.0,0.0,0.5
5678,8,81.0,tesla,tesla,building,1.5,18.0,zappies,6.45,4,0.0,0.0,0.0,0.0,0.0,0.0,0.0,0.0,0.0,1.0,0.0,0.0,1.0
5678,8,85.8,the_log,the_log,spell,14.5,18.0,zappies,9.76,4,0.0,0.0,0.0,0.0,0.5,0.0,0.3333,0.0,0.0,0.0,0.0,0.0,0.8333
5678,8,93.0,knight_evo,knight,troop,3.5,18.0,golden_knight,10.67,2,0.0,0.0,0.0,0.0,0.5,0.0,0.0,0.0,0.0,0.0,0.0,0.0,0.5
5678,8,102.6,ice_wizard,ice_wizard,troop,3.5,18.0,golden_knight,10.65,2,0.0,0.0,0.0,0.0,0.0,0.0,0.0,0.0,0.0,0.0,0.0,0.0,0.0
5678,8,103.8,skeletons,skeletons,troop,9.5,31.33,golden_knight,4.18,2,0.0,0.0,0.0,0.0,0.0,0.0,0.0,0.0,0.0,0.0,0.0,-0.0,0.0
5678,8,118.8,tesla_evo,tesla,building,1.5,18.0,bowler,2.35,1,0.0,0.0,0.0,0.0,0.0,0.0,0.0,0.0,0.0,1.0,0.0,0.0,1.0
5678,8,124.2,tornado,tornado,spell,3.5,16.67,zappies,3.11,4,1.0,0.0,0.0,0.0,0.0,0.0,1.0,0.1464,0.0,0.0,0.0,0.0,1.1464
5678,8,124.8,the_log,the_log,spell,3.5,18.0,zappies,2.13,4,0.0,0.0,0.0,0.0,0.0,0.0,0.7647,0.0,0.0,0.0,0.0,0.0,0.7647
5678,8,129.0,knight,knight,troop,5.5,22.0,zappies,0.42,4,0.0,0.0,0.0,0.0,0.0,1.0,0.0,0.0,0.0,1.0,0.0,0.0,2.0
5678,8,130.2,skeletons,skeletons,troop,9.5,31.33,zappies,10.23,4,0.0,0.0,0.0,0.0,0.0,0.0,0.0,0.0,0.0,0.0,0.0,0.0,0.0
5678,8,135.0,ice_wizard,ice_wizard,troop,1.5,18.0,golden_knight,2.38,3,0.0,0.0,0.0,0.0,0.0,0.0,0.0,0.0,0.0,0.0,0.0,0.0,0.0
5678,8,141.0,tesla,tesla,building,5.5,20.67,inferno_dragon,1.74,4,0.0,0.0,0.0,0.0,0.0,0.0,0.0,0.0,0.0,1.0,0.0,0.0,1.0
5678,9,0.0,ice_wizard,ice_wizard,troop,1.5,18.0,,0.0,0,0.0,0.0,0.0,0.0,0.5,0.0,0.0,0.0,0.0,0.0,0.0,0.0,0.5
5678,9,3.0,skeletons,skeletons,troop,9.5,31.33,wizard,27.71,1,0.0,0.0,0.0,0.0,0.5,0.0,0.0,0.0,0.0,0.0,0.0,-0.0,0.5
5678,9,12.6,tesla,tesla,building,1.5,18.0,wizard,14.89,2,0.0,0.0,0.0,0.0,0.5,0.0,0.0,0.0,0.0,0.0,0.0,0.0,0.5
5678,9,34.8,x_bow,x_bow,building,1.5,18.0,,0.0,0,0.0,0.0,0.0,0.0,0.5,0.0,0.0,0.0,0.0,0.0,1.0,0.0,1.5
5678,9,36.0,knight,knight,troop,3.5,18.0,,0.0,0,0.0,0.0,0.0,0.0,0.5,0.0,0.0,0.0,0.0,0.0,0.0,0.0,0.5
5678,9,42.6,ice_wizard,ice_wizard,troop,3.5,18.0,zappies,3.02,4,0.0,0.0,0.0,0.0,0.0333,0.0,0.0,0.0,0.0,0.0,0.0,0.0,0.0333
5678,9,45.6,skeletons,skeletons,troop,9.5,31.33,zappies,18.44,3,0.0,0.0,0.0,0.0,0.0,0.0,0.0,0.0,0.0,0.0,0.0,0.0,0.0
5678,9,57.0,tesla,tesla,building,1.5,18.0,giant_skeleton,12.0,2,0.0,0.0,0.0,-0.0,0.5,0.0,0.0,0.0,0.0,1.0,0.0,0.0,1.5
5678,9,67.8,the_log,the_log,spell,3.5,18.0,giant_skeleton,10.97,3,0.0,0.0,0.0,0.0,0.5,0.0,0.0,0.0,0.0,0.0,0.0,0.0,0.5
5678,9,70.2,knight,knight,troop,14.5,23.33,giant_skeleton,0.0,3,0.0,0.0,0.0,0.0,0.0,0.0,0.0,0.0,0.0,1.0,0.0,0.0,1.0
5678,9,81.6,ice_wizard,ice_wizard,troop,1.5,18.0,wizard,13.26,1,0.0,0.0,0.0,0.0,0.0,0.0,0.0,0.0,0.0,0.0,0.0,0.0,0.0
5678,9,82.2,skeletons,skeletons,troop,9.5,31.33,wizard,18.02,1,0.0,0.0,0.0,0.0,0.0,0.0,0.0,0.0,0.0,0.0,0.0,-0.0,0.0
5678,9,94.8,tesla_evo,tesla,building,12.5,18.0,mother_witch_hog,0.89,2,0.0,0.0,0.2859,-0.4893,0.0,0.0,0.0,0.0,0.0,1.0,0.0,0.0,0.7966
5678,9,115.8,x_bow,x_bow,building,1.5,18.0,,0.0,0,0.0,0.0,0.0,0.0,0.5,0.0,0.0,0.0,0.0,0.0,0.0,0.0,0.5
5678,9,117.6,the_log,the_log,spell,14.5,20.67,battle_ram,0.33,1,0.0,0.0,0.0,0.0,0.0,0.0,1.0,0.0,0.0,0.0,0.0,0.0,1.0
5678,9,121.8,knight_evo,knight,troop,12.5,23.33,battle_ram,0.0,1,0.0,0.0,0.0,0.0,0.3473,1.0,0.0,0.0,0.0,1.0,0.0,0.0,2.3473
5678,9,124.2,skeletons,skeletons,troop,9.5,31.33,barbarians,5.75,2,0.0,0.0,0.0,0.0,0.5,0.0,0.0,0.0,0.0,0.0,0.0,-0.0,0.5
5678,9,127.8,ice_wizard,ice_wizard,troop,3.5,18.0,giant_skeleton,11.0,1,0.0,0.0,0.0,0.0,0.5,1.0,0.0,0.0,0.0,0.0,0.0,0.0,1.5
5678,9,133.2,tesla,tesla,building,12.5,18.0,giant_skeleton,10.38,2,0.0,0.0,0.0,-0.0,0.0,0.0,0.0,0.0,0.0,0.0,0.0,0.0,0.0
5678,9,139.2,the_log,the_log,spell,3.5,18.0,giant_skeleton,2.67,5,0.0,0.0,0.0,0.0,0.5,0.0,0.0,0.0,0.0,0.0,0.0,0.0,0.5
5678,9,140.4,knight,knight,troop,3.5,18.0,giant_skeleton,2.67,4,0.0,0.0,0.0,0.0,0.2333,0.0,0.0,0.0,0.0,0.0,0.0,0.0,0.2333
5678,9,141.6,skeletons,skeletons,troop,9.5,31.33,giant_skeleton,17.3,4,0.0,0.0,0.0,0.0,0.2333,0.0,0.0,0.0,0.0,0.0,0.0,-0.0,0.2333
5678,9,147.0,ice_wizard,ice_wizard,troop,3.5,18.0,royal_ghost,9.49,3,0.0,0.0,0.0,0.0,0.1918,0.0,0.0,0.0,0.0,0.0,0.0,0.0,0.1918
5678,9,152.4,tesla,tesla,building,1.5,18.0,royal_ghost,11.32,3,0.0,0.0,0.0,-0.0,0.5,0.0,0.0,0.0,0.0,1.0,0.0,0.0,1.5
5678,9,160.2,x_bow,x_bow,building,3.5,18.0,zappies,6.74,3,0.0,0.0,0.0932,0.0,0.5,0.0,0.0,0.0,0.0,0.0,0.0,0.0,0.5932
5678,9,163.2,the_log,the_log,spell,5.5,18.0,mother_witch,3.14,4,0.0,0.0,0.0,0.0,0.5,0.0,0.0,0.0,0.0,0.0,0.0,0.0,0.5
5678,9,163.8,skeletons,skeletons,troop,9.5,31.33,mother_witch,17.06,4,0.0,0.0,0.0,0.0,0.5,0.0,0.0,0.0,0.0,0.0,0.0,0.0,0.5
5678,9,168.0,knight,knight,troop,12.5,30.0,,0.0,0,0.0,0.0,0.0,0.0,0.0,0.0,0.0,0.0,0.0,0.0,0.0,0.0,0.0
5678,9,172.8,ice_wizard,ice_wizard,troop,12.5,18.0,,0.0,0,0.0,0.0,0.0,0.0,0.0,0.0,0.0,0.0,0.0,0.0,0.0,0.0,0.0
5678,9,177.6,tornado,tornado,spell,12.5,18.0,wizard,4.11,2,0.0,0.0,0.0,0.0,0.0,0.0,0.4545,0.0064,0.0,0.0,0.0,0.0,0.461
5678,9,183.0,tesla_evo,tesla,building,12.5,18.0,royal_ghost,8.24,2,0.0,0.0,0.0,-0.0,0.0,0.0,0.0,0.0,0.0,0.4973,0.0,0.0,0.4973
5678,9,184.2,skeletons,skeletons,troop,9.5,31.33,royal_ghost,15.51,2,0.0,0.0,0.0,0.0,0.5,0.0,0.0,0.0,0.0,0.2998,0.0,-0.0,0.7998
5678,9,186.6,the_log,the_log,spell,3.5,18.0,royal_ghost,1.13,4,0.0,0.0,0.0,0.0,0.5,0.0,1.0,0.0,0.0,0.0,0.0,0.0,1.5
5678,9,190.8,knight_evo,knight,troop,2.5,18.0,royal_ghost,4.47,2,0.0,0.0,0.0,0.0,0.5,0.0,0.0,0.0,0.0,0.0,0.0,0.0,0.5
5678,9,195.0,ice_wizard,ice_wizard,troop,12.5,18.0,royal_ghost,9.44,2,0.0,0.0,0.0,0.0,0.5,0.0,0.0,0.0,0.0,0.0,0.0,0.0,0.5
5678,9,200.4,tesla,tesla,building,12.5,18.0,mother_witch_hog,3.61,2,0.0,0.0,0.5,-0.0,0.0,0.0,0.0,0.0,0.0,0.8144,0.0,0.0,1.3144
5678,9,201.6,skeletons,skeletons,troop,9.5,31.33,mother_witch_hog,15.56,1,0.0,0.0,0.0,0.0,0.0,0.0,0.0,0.0,0.0,0.0,0.0,0.0,0.0
5678,9,210.6,x_bow,x_bow,building,1.5,18.0,zappies,3.73,3,0.0,0.0,0.2188,0.0,0.5,0.0,0.0,0.0,0.0,1.0,0.0,0.0,1.7188
5678,9,213.0,the_log,the_log,spell,3.5,18.0,zappies,3.05,3,0.0,0.0,0.0,0.0,0.5,0.0,0.0,0.0,0.0,0.0,0.0,0.0,0.5
5678,9,217.2,knight,knight,troop,12.5,30.0,zappies,17.94,5,0.0,0.0,0.0,0.0,0.5,0.0,0.0,0.0,0.0,0.0,0.0,0.0,0.5
5678,9,221.4,ice_wizard,ice_wizard,troop,1.5,18.0,mother_witch_hog,11.19,3,0.0,0.0,0.0,0.0,0.0,0.0,0.0,0.0,0.0,0.0,0.0,0.0,0.0
5678,9,222.6,skeletons,skeletons,troop,9.5,31.33,mother_witch_hog,12.42,3,0.0,0.0,0.0,0.0,0.5,0.0,0.0,0.0,0.0,1.0,0.0,0.0,1.5
5678,9,229.2,tesla,tesla,building,1.5,18.0,zappies,3.64,2,0.0,0.0,0.4461,0.0,0.5,0.0,0.0,0.0,0.0,0.0,0.0,0.0,0.9461
5678,9,235.2,the_log,the_log,spell,12.5,18.0,wizard,4.11,3,0.0,0.0,0.0,0.0,0.0,0.0,0.0,0.0,0.0,0.0,0.0,0.0,0.0
5678,9,235.8,knight,knight,troop,14.5,18.0,royal_ghost,3.2,3,0.0,0.0,0.0,0.0,0.0,0.0,0.0,0.0,0.0,0.0,0.0,0.0,0.0
5678,9,239.4,ice_wizard,ice_wizard,troop,3.5,18.0,zappies,6.21,5,0.0,0.0,0.0,0.0,0.5,1.0,0.0,0.0,0.0,0.0,0.0,0.0,1.5
5678,9,240.6,skeletons,skeletons,troop,9.5,31.33,zappies,18.64,5,0.0,0.0,0.0,0.0,0.5,0.0,0.0,0.0,0.0,1.0,0.0,0.0,1.5
5678,9,244.2,tesla_evo,tesla,building,3.5,18.0,zappies,4.34,4,0.0,0.0,0.3531,0.0,0.5,0.0,0.0,0.0,0.0,0.0,0.0,0.0,0.8531
5678,9,249.0,the_log,the_log,spell,14.5,18.0,giant_skeleton,2.42,2,0.0,0.0,0.0,0.0,0.0,0.0,0.0,0.0,0.0,0.0,0.0,0.0,0.0
5678,9,249.6,knight_evo,knight,troop,3.5,18.0,mother_witch,4.11,3,0.0,0.0,0.0,0.0,0.5,1.0,0.0,0.0,0.0,0.0,0.0,0.0,1.5
5678,9,252.0,ice_wizard,ice_wizard,troop,12.5,18.0,giant_skeleton,2.55,2,0.0,0.0,0.0,0.0,0.0,0.0,0.0,0.0,0.0,0.0,0.0,0.0,0.0
5678,9,252.6,skeletons,skeletons,troop,9.5,31.33,giant_skeleton,15.7,2,0.0,0.0,0.0,0.0,0.0,0.0,0.0,0.0,0.0,0.0,0.0,-0.0,0.0
5678,9,256.2,tornado,tornado,spell,12.5,16.67,battle_ram,8.54,3,0.0,0.0,0.0,0.0,0.0,0.0,1.0,0.2066,0.0,0.0,0.0,0.0,1.2066
5678,9,258.6,the_log,the_log,spell,3.5,18.0,barbarians,1.27,7,0.0,0.0,0.0,0.0,0.5,0.0,0.625,0.0,0.0,0.0,0.0,0.0,1.125
5678,9,260.4,knight,knight,troop,12.5,18.0,zappies,9.61,4,0.0,0.0,0.0,0.0,0.1667,0.0,0.0,0.0,0.0,0.0,0.0,0.0,0.1667
5678,9,262.8,ice_wizard,ice_wizard,troop,1.5,18.0,royal_ghost,2.6,3,0.0,0.0,0.0,0.0,0.5,0.0,0.0,0.0,0.0,0.0,0.0,0.0,0.5
5678,9,264.0,skeletons,skeletons,troop,9.5,31.33,royal_ghost,14.83,3,0.0,0.0,0.0,0.0,0.5,0.0,0.0,0.0,0.0,0.0,0.0,-0.0,0.5
5678,9,267.0,tornado,tornado,spell,5.5,18.0,zappies,3.02,3,0.0,0.0,0.0,0.0,0.5,0.0,0.5714,0.003,0.0,0.0,0.0,0.0,1.0744
5678,9,270.6,tesla,tesla,building,1.5,18.0,mother_witch_hog,11.57,3,0.0,0.0,0.0,-0.0,0.5,0.0,0.0,0.0,0.0,1.0,0.0,0.0,1.5
5678,9,272.4,the_log,the_log,spell,14.5,18.0,mother_witch_hog,3.4,3,0.0,0.0,0.0,0.0,0.0,0.0,0.8571,0.0,0.0,0.0,0.0,0.0,0.8571
5678,9,275.4,knight,knight,troop,12.5,30.0,giant_skeleton,10.48,2,0.0,0.0,0.0,0.0,0.5,0.0,0.0,0.0,0.0,0.0,0.0,0.0,0.5
5678,9,276.0,skeletons,skeletons,troop,9.5,31.33,giant_skeleton,11.73,3,0.0,0.0,0.0,0.0,0.5,0.0,0.0,0.0,0.0,0.0,0.0,-0.0,0.5
5678,9,279.0,ice_wizard,ice_wizard,troop,3.5,18.0,mother_witch_hog,9.73,9,0.0,0.0,0.0,0.0,0.5,0.0,0.0,0.0,0.0,0.0,0.0,0.0,0.5
5678,9,282.0,tornado,tornado,spell,12.5,20.67,giant_skeleton,3.17,6,0.0,0.0,0.0,0.0,0.0,0.0,0.7692,0.3278,0.0,0.0,0.0,0.0,1.097
5678,9,285.0,the_log,the_log,spell,3.5,18.0,giant_skeleton,9.05,6,0.0,0.0,0.0,0.0,0.5,0.0,0.4118,0.0,0.0,0.0,0.0,0.0,0.9118
5678,9,286.2,knight_evo,knight,troop,1.5,18.0,mother_witch_hog,11.41,7,0.0,0.0,0.0,0.0,0.5,0.0,0.0,0.0,0.0,0.0,0.0,0.0,0.5
5678,9,287.4,skeletons,skeletons,troop,3.5,27.33,mother_witch_hog,5.85,7,0.0,0.0,0.0,0.0,0.5,0.0,0.0,0.0,0.0,0.0,0.0,0.0,0.5
5678,9,290.4,ice_wizard,ice_wizard,troop,1.5,18.0,battle_ram,4.87,5,0.0,0.0,0.0,0.0,0.5,0.0,0.0,0.0,0.0,0.0,0.0,0.0,0.5
5678,9,294.0,tesla,tesla,building,1.5,18.0,mother_witch_hog,12.69,8,0.0,0.0,0.0,-0.0,0.5,0.0,0.0,0.0,0.0,1.0,0.0,0.0,1.5
5678,9,299.4,x_bow,x_bow,building,3.5,18.0,mother_witch_hog,11.4,6,0.0,0.0,0.0,-0.0,0.5,0.0,0.0,0.0,0.0,0.0,0.0,0.0,0.5
5678,10,0.0,skeletons,skeletons,troop,9.5,31.33,,0.0,0,0.0,0.0,0.0,0.0,1.0,0.0,0.0,0.0,0.0,0.0,0.0,0.0,1.0
5678,10,1.8,tesla,tesla,building,1.5,18.0,ice_golem,12.64,1,0.0,0.0,0.0,-0.0,0.5,0.0,0.0,0.0,0.0,0.4667,0.0,0.0,0.9667
5678,10,6.6,the_log,the_log,spell,14.5,18.0,ice_golem,2.08,2,0.0,0.0,0.0,0.0,0.5,0.0,0.6667,0.0,0.0,0.0,0.0,0.0,1.1667
5678,10,14.4,knight,knight,troop,12.5,30.0,hog_rider,5.84,1,0.0,0.0,0.0,0.0,0.5,0.0,0.0,0.0,0.0,0.0,0.0,0.0,0.5
5678,10,25.8,ice_wizard,ice_wizard,troop,3.5,18.0,,0.0,0,0.0,0.0,0.0,0.0,0.5,0.0,0.0,0.0,0.0,0.0,0.0,0.0,0.5
5678,10,26.4,skeletons,skeletons,troop,9.5,31.33,,0.0,3,0.0,0.0,0.0,0.0,1.0,0.0,0.0,0.0,0.0,0.0,0.0,0.0,1.0
5678,10,38.4,tesla,tesla,building,1.5,18.0,ice_golem,2.05,1,0.0,0.0,0.75,-0.0,0.5,0.0,0.0,0.0,0.0,1.0,0.0,0.0,2.25
5678,10,54.6,x_bow,x_bow,building,3.5,18.0,hog_rider,2.72,1,0.0,0.0,0.75,-0.0,0.5,0.0,0.0,0.0,0.0,0.0752,1.0,0.0,2.3252
5678,10,59.4,the_log,the_log,spell,14.5,18.0,hog_rider,10.63,4,0.0,0.0,0.0,0.0,0.5,0.0,0.4286,0.0,0.0,0.0,0.0,0.0,0.9286
5678,10,67.8,knight,knight,troop,12.5,30.0,ice_golem,11.29,1,0.0,0.0,0.0,0.0,0.5,0.0,0.0,0.0,0.0,1.0,0.0,0.0,1.5
5678,10,70.8,skeletons,skeletons,troop,9.5,31.33,ice_golem,11.3,1,0.0,0.0,0.0,0.0,0.5,0.0,0.0,0.0,0.0,0.0965,0.0,0.0,0.5965
5678,10,82.8,tesla_evo,tesla,building,12.5,18.0,,0.0,0,0.0,0.0,0.0,0.0,0.5,0.0,0.0,0.0,0.0,0.0,0.0,0.0,0.5
5678,10,98.4,x_bow,x_bow,building,1.5,18.0,,0.0,0,0.0,0.0,0.0,0.0,0.5,0.0,0.0,0.0,0.0,0.0,1.0,0.0,1.5
5678,10,114.0,ice_wizard,ice_wizard,troop,3.5,18.0,,0.0,0,0.0,0.0,0.0,0.0,0.5,0.0,0.0,0.0,0.0,0.0,0.0,0.0,0.5
5678,10,114.6,the_log,the_log,spell,3.5,18.0,,0.0,0,0.0,0.0,0.0,0.0,0.5,0.0,0.0,0.0,0.0,0.0,0.0,0.0,0.5
5678,10,115.2,skeletons,skeletons,troop,9.5,31.33,,0.0,0,0.0,0.0,0.0,0.0,0.5,0.0,0.0,0.0,0.0,0.0,0.0,0.0,0.5
5678,10,121.8,knight_evo,knight,troop,3.5,18.0,musketeer,9.84,1,0.0,0.0,0.0,0.0,0.2682,0.0,0.0,0.0,0.0,0.0,0.0,0.0,0.2682
5678,10,127.8,tesla,tesla,building,3.5,18.0,ice_golem,9.48,1,0.0,0.0,0.0,-0.0,0.5,0.0,0.0,0.0,0.0,1.0,0.0,0.0,1.5
5678,10,132.6,ice_wizard,ice_wizard,troop,1.5,18.0,ice_golem,10.01,1,0.0,0.0,0.0,0.0,0.3205,0.0,0.0,0.0,0.0,0.0,0.0,0.0,0.3205
5678,10,139.2,the_log,the_log,spell,14.5,22.0,ice_golem,1.36,2,0.0,0.0,0.0,0.0,0.0,0.0,1.0,0.0,0.0,0.0,0.0,0.0,1.0
5678,10,139.8,skeletons,skeletons,troop,9.5,31.33,ice_golem,11.18,1,0.0,0.0,0.0,0.0,0.5,0.0,0.0,0.0,0.0,1.0,0.0,0.0,1.5
5678,10,140.4,knight,knight,troop,12.5,30.0,ice_golem,9.35,1,0.0,0.0,0.0,0.0,0.5,0.5,0.0,0.0,0.0,1.0,0.0,0.0,2.0
5678,10,147.0,tesla,tesla,building,1.5,18.0,,0.0,0,0.0,0.0,0.0,0.0,0.5,0.0,0.0,0.0,0.0,0.0,0.0,0.0,0.5
5678,10,150.0,ice_wizard,ice_wizard,troop,5.5,18.0,hog_rider,8.46,1,0.0,0.0,0.0,0.0,0.024,0.0,0.0,0.0,0.0,0.0,0.0,0.0,0.024
5678,10,157.2,the_log,the_log,spell,5.5,18.0,ice_golem,8.09,1,0.0,0.0,0.0,0.0,0.5,0.0,0.0,0.0,0.0,0.0,0.0,0.0,0.5
5678,10,157.8,skeletons,skeletons,troop,9.5,31.33,ice_golem,9.48,1,0.0,0.0,0.0,0.0,0.5,0.0,0.0,0.0,0.0,1.0,0.0,0.0,1.5
5678,10,158.4,knight,knight,troop,12.5,30.0,ice_golem,7.01,1,0.0,0.0,0.0,0.0,0.5,0.5,0.0,0.0,0.0,1.0,0.0,0.0,2.0
5678,10,164.4,tesla_evo,tesla,building,12.5,18.0,musketeer,8.4,1,0.0,0.0,0.0,0.0,0.0,0.0,0.0,0.0,0.0,0.0,0.0,0.0,0.0
5678,10,168.6,ice_wizard,ice_wizard,troop,12.5,18.0,ice_golem,1.8,4,0.0,0.0,0.0,0.0,0.0,0.0,0.0,0.0,0.0,1.0,0.0,0.0,1.0
5678,10,177.0,x_bow,x_bow,building,1.5,18.0,musketeer,2.29,1,0.0,0.0,0.0,0.0,0.5,0.0,0.0,0.0,0.0,0.0,0.0,0.0,0.5
5678,10,179.4,skeletons,skeletons,troop,9.5,31.33,musketeer,13.73,1,0.0,0.0,0.0,0.0,0.5,0.0,0.0,0.0,0.0,0.0,0.0,0.0,0.5
5678,10,183.0,knight_evo,knight,troop,14.5,18.0,ice_golem,0.66,1,0.0,0.0,0.0,0.0,0.0,1.0,0.0,0.0,0.0,0.1056,0.0,0.0,1.1056
5678,10,189.0,tesla,tesla,building,12.5,18.0,,0.0,0,0.0,0.0,0.0,0.0,0.0,0.0,0.0,0.0,0.0,0.0,0.0,0.0,0.0
5678,10,194.4,ice_wizard,ice_wizard,troop,14.5,18.0,musketeer,8.0,3,0.0,0.0,0.0,0.0,0.0,0.0,0.0,0.0,0.0,0.0,0.0,0.0,0.0
5678,10,199.8,the_log,the_log,spell,14.5,18.0,ice_golem,0.66,2,0.0,0.0,0.0,0.0,0.0,0.0,1.0,0.0,0.0,0.0,0.0,0.0,1.0
5678,10,200.4,skeletons,skeletons,troop,9.5,31.33,musketeer,19.95,1,0.0,0.0,0.0,0.0,0.0,0.0,0.0,0.0,0.0,0.0,0.0,0.0,0.0
5678,10,201.0,knight,knight,troop,14.5,18.0,musketeer,6.0,1,0.0,0.0,0.0,0.0,0.0,0.0,0.0,0.0,0.0,0.0,0.0,0.0,0.0
5678,10,206.4,tesla,tesla,building,12.5,18.0,hog_rider,0.0,2,0.0,0.0,0.05,-1.0,0.0,0.0,0.0,0.0,0.0,1.0,0.0,0.0,0.05
5678,10,211.8,ice_wizard,ice_wizard,troop,14.5,18.0,ice_golem,10.84,2,0.0,0.0,0.0,0.0,0.5,0.0,0.0,0.0,0.0,1.0,0.0,0.0,1.5
5678,10,217.8,the_log,the_log,spell,14.5,18.0,ice_golem,10.34,2,0.0,0.0,0.0,0.0,0.0,0.0,0.0,0.0,0.0,0.0,0.0,0.0,0.0
5678,10,218.4,skeletons,skeletons,troop,9.5,31.33,ice_golem,12.95,2,0.0,0.0,0.0,0.0,0.5,0.0,0.0,0.0,0.0,0.982,0.0,0.0,1.482
5678,10,219.0,knight,knight,troop,12.5,30.0,ice_golem,13.11,3,0.0,0.0,0.0,0.0,0.5,0.0,0.0,0.0,0.0,0.0,0.0,0.0,0.5
5678,10,225.0,tesla_evo,tesla,building,1.5,18.0,,0.0,2,0.0,0.0,0.0,0.0,0.5,0.0,0.0,0.0,0.0,0.0,0.0,0.0,0.5
5678,10,228.6,ice_wizard,ice_wizard,troop,14.5,18.0,ice_golem,0.66,1,0.0,0.0,0.0,0.0,0.0,1.0,0.0,0.0,0.0,0.1056,0.0,0.0,1.1056
5678,10,235.8,the_log,the_log,spell,12.5,18.0,hog_rider,0.11,1,0.0,0.0,0.0,0.0,0.0,0.0,1.0,0.0,0.0,0.0,0.0,0.0,1.0
5678,10,236.4,skeletons,skeletons,troop,9.5,31.33,hog_rider,12.88,1,0.0,0.0,0.0,0.0,0.5,0.0,0.0,0.0,0.0,1.0,0.0,0.0,1.5
5678,10,237.0,knight_evo,knight,troop,12.5,18.0,,0.0,0,0.0,0.0,0.0,0.0,0.0,0.0,0.0,0.0,0.0,0.0,0.0,0.0,0.0
5678,10,243.0,tesla,tesla,building,12.5,18.0,,0.0,0,0.0,0.0,0.0,0.0,0.0,0.0,0.0,0.0,0.0,0.0,0.0,0.0,0.0
5678,10,244.8,ice_wizard,ice_wizard,troop,14.5,18.0,ice_golem,0.77,1,0.0,0.0,0.0,0.0,0.0,1.0,0.0,0.0,0.0,0.1056,0.0,0.0,1.1056
5678,10,249.6,the_log,the_log,spell,14.5,18.0,,0.0,3,0.0,0.0,0.0,0.0,0.0,0.0,0.0,0.0,0.0,0.0,0.0,0.0,0.0
5678,10,250.2,skeletons,skeletons,troop,9.5,31.33,,0.0,3,0.0,0.0,0.0,0.0,0.5,0.0,0.0,0.0,0.0,0.0,0.0,0.0,0.5
5678,10,250.8,knight,knight,troop,12.5,30.0,,0.0,3,0.0,0.0,0.0,0.0,0.0,0.0,0.0,0.0,0.0,0.0,0.0,0.0,0.0
5678,10,254.4,tesla,tesla,building,14.5,18.0,ice_golem,10.84,2,0.0,0.0,0.0,-0.0,0.0,0.0,0.0,0.0,0.0,0.0,0.0,0.0,0.0
5678,10,256.8,ice_wizard,ice_wizard,troop,1.5,18.0,ice_golem,2.18,1,0.0,0.0,0.0,0.0,0.5,0.5,0.0,0.0,0.0,1.0,0.0,0.0,2.0
5678,10,262.8,x_bow,x_bow,building,1.5,18.0,ice_golem,1.73,1,0.0,0.0,0.75,-0.0,0.5,0.0,0.0,0.0,0.0,1.0,0.0,0.0,2.25
5678,10,264.0,skeletons,skeletons,troop,9.5,31.33,,0.0,0,0.0,0.0,0.0,0.0,0.5,0.0,0.0,0.0,0.0,0.0,0.0,0.0,0.5
5678,10,266.4,knight,knight,troop,3.5,18.0,hog_rider,1.14,2,0.0,0.0,0.0,0.0,0.5,1.0,0.0,0.0,0.0,0.0,0.0,0.0,1.5
5678,10,269.4,tesla_evo,tesla,building,1.5,18.0,hog_rider,0.9,1,0.0,0.0,0.4516,-0.4421,0.5,0.0,0.0,0.0,0.0,1.0,0.0,0.0,1.5094
5678,10,274.2,ice_wizard,ice_wizard,troop,3.5,18.0,,0.0,0,0.0,0.0,0.0,0.0,0.5,0.0,0.0,0.0,0.0,0.0,0.0,0.0,0.5
5678,10,277.8,x_bow,x_bow,building,3.5,18.0,ice_golem,9.83,1,0.0,0.0,0.0,-0.0,0.5,0.0,0.0,0.0,0.0,1.0,0.0,0.0,1.5
5678,10,279.0,skeletons,skeletons,troop,9.5,31.33,ice_golem,9.26,1,0.0,0.0,0.0,0.0,0.5,0.0,0.0,0.0,0.0,1.0,0.0,0.0,1.5
5678,10,282.0,knight_evo,knight,troop,5.5,18.0,,0.0,0,0.0,0.0,0.0,0.0,0.5,0.0,0.0,0.0,0.0,0.0,0.0,0.0,0.5
5678,10,285.6,tesla,tesla,building,2.5,18.0,ice_golem,10.91,1,0.0,0.0,0.0,-0.0,0.5,0.0,0.0,0.0,0.0,1.0,0.0,0.0,1.5
5678,10,289.2,ice_wizard,ice_wizard,troop,5.5,18.0,,0.0,1,0.0,0.0,0.0,0.0,0.5,0.0,0.0,0.0,0.0,0.0,0.0,0.0,0.5
5678,10,293.4,the_log,the_log,spell,5.5,18.0,ice_golem,8.96,2,0.0,0.0,0.0,0.0,0.5,0.0,0.0,0.0,0.0,0.0,0.0,0.0,0.5
5678,10,294.0,skeletons,skeletons,troop,9.5,31.33,ice_golem,16.79,1,0.0,0.0,0.0,0.0,0.5,0.0,0.0,0.0,0.0,1.0,0.0,0.0,1.5
5678,10,294.6,knight,knight,troop,14.5,18.0,ice_golem,2.28,2,0.0,0.0,0.0,0.0,0.0,0.5,0.0,0.0,0.0,1.0,0.0,0.0,1.5
5678,10,298.8,tesla,tesla,building,5.5,18.0,,0.0,0,0.0,0.0,0.0,0.0,0.5,0.0,0.0,0.0,0.0,0.0,0.0,0.0,0.5
5678,11,0.0,knight,knight,troop,12.5,30.0,,0.0,0,0.0,0.0,0.0,0.0,0.5,0.0,0.0,0.0,0.0,0.0,0.0,0.0,0.5
5678,11,3.6,ice_wizard,ice_wizard,troop,1.5,18.0,,0.0,0,0.0,0.0,0.0,0.0,0.5,0.0,0.0,0.0,0.0,0.0,0.0,0.0,0.5
5678,11,7.2,skeletons,skeletons,troop,9.5,31.33,valkyrie,18.14,2,0.0,0.0,0.0,0.0,0.5,0.0,0.0,0.0,0.0,0.0,0.0,-0.0,0.5
5678,11,17.4,tesla,tesla,building,12.5,18.0,valkyrie,9.74,3,0.0,0.0,0.0,-0.0,0.5,0.0,0.0,0.0,0.0,1.0,0.0,0.0,1.5
5678,11,42.0,x_bow,x_bow,building,1.5,18.0,,0.0,0,0.0,0.0,0.0,0.0,0.5,0.0,0.0,0.0,0.0,0.0,1.0,0.0,1.5
5678,11,45.0,knight,knight,troop,3.5,18.0,lava_hound,12.34,1,0.0,0.0,0.0,0.0,0.5,0.5,0.0,0.0,0.0,0.0,0.0,0.0,1.0
5678,11,54.0,ice_wizard,ice_wizard,troop,1.5,18.0,inferno_dragon,6.3,2,0.0,0.0,0.0,0.0,0.0,0.0,0.0,0.0,0.0,0.0,0.0,0.0,0.0
5678,11,56.4,skeletons,skeletons,troop,9.5,31.33,lava_hound,18.8,2,0.0,0.0,0.0,0.0,0.5,0.0,0.0,0.0,0.0,0.0,0.0,0.0,0.5
5678,11,65.4,tesla,tesla,building,3.5,18.0,inferno_dragon,3.34,2,0.0,0.0,0.3155,0.0,0.5,0.0,0.0,0.0,0.0,0.1138,0.0,0.0,0.9293
5678,11,79.8,the_log,the_log,spell,1.5,18.0,lava_hound,1.97,1,0.0,0.0,0.0,0.0,0.5,0.0,0.0,0.0,0.0,0.0,0.0,0.0,0.5
5678,11,80.4,knight_evo,knight,troop,5.5,18.0,lava_hound,3.25,1,0.0,0.0,0.0,0.0,0.5,0.5,0.0,0.0,0.0,1.0,0.0,0.0,2.0
5678,11,87.0,ice_wizard,ice_wizard,troop,1.5,18.0,lava_hound,2.12,7,0.0,0.0,0.0,0.0,0.5,0.0,0.0,0.0,0.0,0.0,0.0,0.0,0.5
5678,11,90.0,skeletons,skeletons,troop,9.5,31.33,lava_hound,11.93,7,0.0,0.0,0.0,0.0,0.5,0.0,0.0,0.0,0.0,0.0,0.0,0.0,0.5
5678,11,103.2,tesla_evo,tesla,building,1.5,18.0,minions,8.35,8,0.0,0.0,0.0,0.0,0.0,0.0,0.0,0.0,0.0,1.0,0.0,0.0,1.0
5678,11,121.2,x_bow,x_bow,building,3.5,18.0,,0.0,0,0.0,0.0,0.0,0.0,0.0,0.0,0.0,0.0,0.0,0.0,0.0,0.0,0.0
5678,11,123.6,knight,knight,troop,12.5,30.0,,0.0,0,0.0,0.0,0.0,0.0,0.5,0.0,0.0,0.0,0.0,0.0,0.0,0.0,0.5
5678,11,129.0,ice_wizard,ice_wizard,troop,1.5,18.0,lava_hound,11.14,1,0.0,0.0,0.0,0.0,0.0,0.5,0.0,0.0,0.0,0.0,0.0,0.0,0.5
5678,11,130.2,skeletons,skeletons,troop,9.5,31.33,lava_hound,24.14,1,0.0,0.0,0.0,0.0,0.0,0.0,0.0,0.0,0.0,0.0,0.0,0.0,0.0
5678,11,134.4,tesla,tesla,building,1.5,18.0,minions,2.44,5,0.0,0.0,0.2355,0.0,0.0,0.0,0.0,0.0,0.0,0.9926,0.0,0.0,1.2281
5678,11,142.2,the_log,the_log,spell,14.5,18.0,valkyrie,4.11,5,0.0,0.0,0.0,0.0,0.5,0.0,0.0,0.0,0.0,0.0,0.0,0.0,0.5
5678,11,142.8,knight,knight,troop,14.5,18.0,valkyrie,4.11,5,0.0,0.0,0.0,0.0,0.0513,0.0,0.0,0.0,0.0,0.0,0.0,0.0,0.0513
5678,11,146.4,ice_wizard,ice_wizard,troop,5.5,18.0,minions,2.67,5,0.0,0.0,0.0,0.0,0.0,0.0,0.0,0.0,0.0,0.7124,0.0,0.0,0.7124
5678,11,147.0,skeletons,skeletons,troop,9.5,31.33,minions,10.15,5,0.0,0.0,0.0,0.0,0.0607,0.0,0.0,0.0,0.0,0.0,0.0,0.0,0.0607
5678,11,155.4,x_bow,x_bow,building,1.5,18.0,lava_hound,6.6,3,0.0,0.0,0.0,0.0,0.0,0.0,0.0,0.0,0.0,0.143,0.0,0.0,0.143
5678,11,162.6,tesla,tesla,building,3.5,18.0,lava_hound,6.18,7,0.0,0.0,0.0,0.0,0.0,0.0,0.0,0.0,0.0,1.0,0.0,0.0,1.0
5678,11,163.8,the_log,the_log,spell,14.5,18.0,lava_hound,2.58,11,0.0,0.0,0.0,0.0,0.5,0.0,0.0,0.0,0.0,0.0,0.0,0.0,0.5
5678,11,168.0,knight_evo,knight,troop,5.5,18.0,minions,8.38,6,0.0,0.0,0.0,0.0,0.5,0.0,0.0,0.0,0.0,0.0,0.0,0.0,0.5
5678,11,169.8,skeletons,skeletons,troop,9.5,31.33,minions,10.29,6,0.0,0.0,0.0,0.0,0.5,0.0,0.0,0.0,0.0,0.0,0.0,0.0,0.5
5678,11,178.2,ice_wizard,ice_wizard,troop,1.5,18.0,lava_hound,12.55,2,0.0,0.0,0.0,0.0,0.0,0.0,0.0,0.0,0.0,0.0,0.0,0.0,0.0
5678,12,0.0,ice_wizard,ice_wizard,troop,1.5,18.0,,0.0,0,0.0,0.0,0.0,0.0,0.5,0.0,0.0,0.0,0.0,0.0,0.0,0.0,0.5
5678,12,2.4,skeletons,skeletons,troop,9.5,31.33,,0.0,0,0.0,0.0,0.0,0.0,1.0,0.0,0.0,0.0,0.0,0.0,0.0,0.0,1.0
5678,12,9.6,tesla,tesla,building,1.5,18.0,,0.0,1,0.0,0.0,0.0,0.0,0.5,0.0,0.0,0.0,0.0,0.0,0.0,0.0,0.5
5678,12,17.4,knight,knight,troop,12.5,30.0,,0.0,0,0.0,0.0,0.0,0.0,0.5,0.0,0.0,0.0,0.0,0.0,0.0,0.0,0.5
5678,12,35.4,x_bow,x_bow,building,1.5,18.0,cannon_cart,12.22,1,0.0,0.0,0.0,0.0,0.5,0.0,0.0,0.0,0.0,0.0,1.0,0.0,1.5
5678,12,48.6,ice_wizard,ice_wizard,troop,3.5,18.0,,0.0,0,0.0,0.0,0.0,0.0,0.5,0.0,0.0,0.0,0.0,0.0,0.0,0.0,0.5
5678,12,49.2,skeletons,skeletons,troop,9.5,31.33,,0.0,0,0.0,0.0,0.0,0.0,1.0,0.0,0.0,0.0,0.0,0.0,0.0,0.0,1.0
5678,12,56.4,tesla,tesla,building,3.5,18.0,,0.0,1,0.0,0.0,0.0,0.0,0.5,0.0,0.0,0.0,0.0,0.0,0.0,0.0,0.5
5678,12,66.6,knight,knight,troop,12.5,30.0,,0.0,0,0.0,0.0,0.0,0.0,0.5,0.0,0.0,0.0,0.0,0.0,0.0,0.0,0.5
5678,12,82.8,x_bow,x_bow,building,1.5,18.0,cannon_cart,13.16,1,0.0,0.0,0.0,0.0,0.5,0.0,0.0,0.0,0.0,0.0,1.0,0.0,1.5
5678,12,96.6,ice_wizard,ice_wizard,troop,3.5,18.0,,0.0,1,0.0,0.0,0.0,0.0,0.5,0.0,0.0,0.0,0.0,0.0,0.0,0.0,0.5
5678,12,97.2,skeletons,skeletons,troop,9.5,31.33,,0.0,1,0.0,0.0,0.0,0.0,1.0,0.0,0.0,0.0,0.0,0.0,0.0,0.0,1.0
5678,12,102.6,the_log,the_log,spell,14.5,18.0,,0.0,2,0.0,0.0,0.0,0.0,0.5,0.0,0.0,0.0,0.0,0.0,0.0,0.0,0.5
5678,12,106.8,knight_evo,knight,troop,3.5,18.0,,0.0,0,0.0,0.0,0.0,0.0,0.5,0.0,0.0,0.0,0.0,0.0,0.0,0.0,0.5
5678,12,118.2,tesla_evo,tesla,building,1.5,18.0,skeleton_barrel,2.04,4,0.0,0.0,0.75,-0.0,0.5,0.0,0.0,0.0,0.0,1.0,0.0,0.0,2.25
5678,12,126.0,ice_wizard,ice_wizard,troop,1.5,18.0,cannon_cart,13.12,4,0.0,0.0,0.0,0.0,0.5,0.0,0.0,0.0,0.0,0.0,0.0,0.0,0.5
5678,12,126.6,skeletons,skeletons,troop,9.5,31.33,cannon_cart,17.25,4,0.0,0.0,0.0,0.0,0.5,0.0,0.0,0.0,0.0,0.452,0.0,0.0,0.952
5678,12,133.8,x_bow,x_bow,building,14.5,18.0,cannon_cart,0.0,2,0.0,0.0,0.0,0.0,0.5,0.0,0.0,0.0,0.0,0.0,0.0,0.0,0.5
5678,12,136.2,the_log,the_log,spell,14.5,18.0,cannon_cart,0.0,2,0.0,0.0,0.0,0.0,0.5,0.0,1.0,0.0,0.0,0.0,0.0,0.0,1.5
5678,12,140.4,knight,knight,troop,12.5,30.0,minions,18.42,4,0.0,0.0,0.0,0.0,0.5,0.0,0.0,0.0,0.0,0.0,0.0,0.0,0.5
5678,12,144.6,ice_wizard,ice_wizard,troop,16.5,18.0,minions,12.5,5,0.0,0.0,0.0,0.0,0.5,0.0,0.0,0.0,0.0,0.0,0.0,0.0,0.5
5678,12,145.8,skeletons,skeletons,troop,9.5,31.33,minions,11.01,5,0.0,0.0,0.0,0.0,0.5,0.0,0.0,0.0,0.0,0.0,0.0,0.0,0.5
5678,12,151.8,tesla,tesla,building,1.5,18.0,rascals,12.32,3,0.0,0.0,0.0,-0.0,0.5,0.0,0.0,0.0,0.0,1.0,0.0,0.0,1.5
5678,12,158.4,the_log,the_log,spell,14.5,18.0,rascals,3.37,3,0.0,0.0,0.0,0.0,0.5,0.0,0.0,0.0,0.0,0.0,0.0,0.0,0.5
5678,12,159.0,knight,knight,troop,3.5,18.0,rascals,11.84,3,0.0,0.0,0.0,0.0,0.5,0.0,0.0,0.0,0.0,0.0,0.0,0.0,0.5
5678,12,162.6,ice_wizard,ice_wizard,troop,1.5,18.0,minions,12.05,3,0.0,0.0,0.0,0.0,0.46,0.0,0.0,0.0,0.0,0.0,0.0,0.0,0.46
5678,12,163.8,skeletons,skeletons,troop,9.5,31.33,minions,15.22,3,0.0,0.0,0.0,0.0,0.5,0.0,0.0,0.0,0.0,0.0,0.0,0.0,0.5
5678,12,171.0,tesla,tesla,building,3.5,18.0,skeleton_barrel,9.21,1,0.0,0.0,0.0,-0.0,0.5,0.0,0.0,0.0,0.0,1.0,0.0,0.0,1.5
5678,12,177.0,the_log,the_log,spell,14.5,18.0,cannon_cart,14.24,8,0.0,0.0,0.0,0.0,0.0,0.0,0.0,0.0,0.0,0.0,0.0,0.0,0.0
5678,12,177.6,knight_evo,knight,troop,3.5,18.0,cannon_cart,12.25,8,0.0,0.0,0.0,0.0,0.0,0.0,0.0,0.0,0.0,0.0,0.0,0.0,0.0
5678,12,182.4,ice_wizard,ice_wizard,troop,5.5,18.0,minions,4.58,5,0.0,0.0,0.0,0.0,0.5,0.5,0.0,0.0,0.0,1.0,0.0,0.0,2.0
5678,12,183.0,skeletons,skeletons,troop,9.5,31.33,minions,18.5,4,0.0,0.0,0.0,0.0,0.077,0.0,0.0,0.0,0.0,0.0,0.0,0.0,0.077
5678,12,189.0,tesla_evo,tesla,building,3.5,18.0,skeleton_barrel,9.71,2,0.0,0.0,0.0,-0.0,0.5,0.0,0.0,0.0,0.0,1.0,0.0,0.0,1.5
5678,12,195.6,the_log,the_log,spell,12.5,18.0,,0.0,7,0.0,0.0,0.0,0.0,0.0,0.0,0.0,0.0,0.0,0.0,0.0,0.0,0.0
5678,12,196.2,knight,knight,troop,14.5,18.0,,0.0,5,0.0,0.0,0.0,0.0,0.0,0.0,0.0,0.0,0.0,0.0,0.0,0.0,0.0
5678,12,199.8,ice_wizard,ice_wizard,troop,7.5,18.0,,0.0,2,0.0,0.0,0.0,0.0,0.5,0.0,0.0,0.0,0.0,0.0,0.0,0.0,0.5
5678,12,201.0,skeletons,skeletons,troop,9.5,31.33,,0.0,1,0.0,0.0,0.0,0.0,0.5,0.0,0.0,0.0,0.0,0.0,0.0,0.0,0.5
5678,12,207.6,tesla,tesla,building,5.5,18.0,skeleton_barrel,4.42,4,0.0,0.0,0.75,-0.0,0.5,0.0,0.0,0.0,0.0,0.2222,0.0,0.0,1.4722
5678,12,214.2,x_bow,x_bow,building,1.5,18.0,minions,10.6,3,0.0,0.0,0.0,0.0,0.5,0.0,0.0,0.0,0.0,1.0,0.0,0.0,1.5
5678,12,219.0,knight,knight,troop,12.5,30.0,,0.0,0,0.0,0.0,0.0,0.0,0.0,0.0,0.0,0.0,0.0,0.0,0.0,0.0,0.0
5678,12,223.8,ice_wizard,ice_wizard,troop,7.5,18.0,rascals,6.44,4,0.0,0.0,0.0,0.0,0.5,0.5,0.0,0.0,0.0,0.4238,0.0,0.0,1.4238
5678,12,225.0,skeletons,skeletons,troop,9.5,31.33,rascals,18.68,4,0.0,0.0,0.0,0.0,0.5,0.0,0.0,0.0,0.0,1.0,0.0,-0.0,1.5
5678,12,230.4,tesla,tesla,building,16.5,18.0,minions,2.46,4,0.0,0.0,0.239,0.0,0.0,0.0,0.0,0.0,0.0,1.0,0.0,0.0,1.239
5678,12,238.2,x_bow,x_bow,building,3.5,18.0,,0.0,0,0.0,0.0,0.0,0.0,0.5,0.0,0.0,0.0,0.0,0.0,0.0,0.0,0.5
5678,12,241.8,knight_evo,knight,troop,14.5,18.0,,0.0,1,0.0,0.0,0.0,0.0,0.0,0.0,0.0,0.0,0.0,0.0,0.0,0.0,0.0
5678,12,245.4,ice_wizard,ice_wizard,troop,14.5,18.0,minions,3.4,4,0.0,0.0,0.0,0.0,0.0,0.0,0.0,0.0,0.0,0.0,0.0,0.0,0.0
5678,12,246.0,skeletons,skeletons,troop,9.5,31.33,minions,17.62,4,0.0,0.0,0.0,0.0,0.0,0.0,0.0,0.0,0.0,0.0,0.0,0.0,0.0
5678,12,249.0,tesla_evo,tesla,building,14.5,18.0,skeleton_barrel,11.03,4,0.0,0.0,0.0,-0.0,0.0,0.0,0.0,0.0,0.0,0.6889,0.0,0.0,0.6889
5678,12,253.8,the_log,the_log,spell,3.5,18.0,,0.0,7,0.0,0.0,0.0,0.0,0.5,0.0,1.0,0.0,0.0,0.0,0.0,0.0,1.5
5678,12,254.4,knight,knight,troop,3.5,18.0,,0.0,6,0.0,0.0,0.0,0.0,0.5,0.0,0.0,0.0,0.0,0.0,0.0,0.0,0.5
5678,12,258.0,ice_wizard,ice_wizard,troop,12.5,18.0,cannon_cart,8.95,2,0.0,0.0,0.0,0.0,0.0,0.0,0.0,0.0,0.0,0.0,0.0,0.0,0.0
5678,12,258.6,skeletons,skeletons,troop,9.5,31.33,cannon_cart,22.58,2,0.0,0.0,0.0,0.0,0.0,0.0,0.0,0.0,0.0,0.0,0.0,0.0,0.0
5678,12,262.2,tesla,tesla,building,12.5,18.0,cannon_cart,8.95,3,0.0,0.0,0.0,0.0,0.0,0.0,0.0,0.0,0.0,1.0,0.0,0.0,1.0
5678,12,265.8,the_log,the_log,spell,3.5,18.0,skeleton_barrel,3.85,5,0.0,0.0,0.0,0.0,0.5,0.0,0.0,0.0,0.0,0.0,0.0,0.0,0.5
5678,12,266.4,knight,knight,troop,12.5,30.0,skeleton_barrel,17.38,5,0.0,0.0,0.0,0.0,0.5,0.0,0.0,0.0,0.0,0.0,0.0,0.0,0.5
5678,12,269.4,ice_wizard,ice_wizard,troop,12.5,18.0,skeleton_barrel,8.56,5,0.0,0.0,0.0,0.0,0.5,0.0,0.0,0.0,0.0,0.0,0.0,0.0,0.5
5678,12,270.0,skeletons,skeletons,troop,9.5,31.33,skeleton_barrel,12.37,5,0.0,0.0,0.0,0.0,0.5,0.0,0.0,0.0,0.0,0.0,0.0,0.0,0.5
5678,12,273.0,tesla,tesla,building,3.5,23.33,minions,8.43,12,0.0,0.0,0.0,0.0,0.5,0.0,0.0,0.0,0.0,0.6628,0.0,0.0,1.1628
5678,12,278.4,the_log,the_log,spell,14.5,18.0,minions,10.98,10,0.0,0.0,0.0,0.0,0.0,0.0,0.3571,0.0,0.0,0.0,0.0,0.0,0.3571
5678,12,279.0,knight_evo,knight,troop,1.5,18.0,minions,3.68,10,0.0,0.0,0.0,0.0,0.5,0.0,0.0,0.0,0.0,0.0,0.0,0.0,0.5
5678,12,280.8,ice_wizard,ice_wizard,troop,1.5,18.0,minions,3.22,6,0.0,0.0,0.0,0.0,0.5,0.0,0.0,0.0,0.0,0.8068,0.0,0.0,1.3068
5678,12,281.4,skeletons,skeletons,troop,9.5,31.33,minions,11.56,7,0.0,0.0,0.0,0.0,0.5,0.0,0.0,0.0,0.0,0.0,0.0,0.0,0.5
5678,12,285.6,tesla_evo,tesla,building,1.5,18.0,minions,10.9,6,0.0,0.0,0.0,0.0,0.5,0.0,0.0,0.0,0.0,1.0,0.0,0.0,1.5
5678,12,289.8,the_log,the_log,spell,3.5,18.0,skeleton_barrel,9.09,5,0.0,0.0,0.0,0.0,0.5,0.0,0.0,0.0,0.0,0.0,0.0,0.0,0.5
5678,12,290.4,knight,knight,troop,3.5,18.0,skeleton_barrel,9.49,4,0.0,0.0,0.0,0.0,0.5,0.0,0.0,0.0,0.0,0.0,0.0,0.0,0.5
5678,12,292.8,ice_wizard,ice_wizard,troop,3.5,18.0,minions,10.15,10,0.0,0.0,0.0,0.0,0.5,0.0,0.0,0.0,0.0,0.0,0.0,0.0,0.5
5678,12,294.0,skeletons,skeletons,troop,3.5,27.33,cannon_cart,9.06,9,0.0,0.0,0.0,0.0,0.5,0.0,0.0,0.0,0.0,0.0,0.0,0.0,0.5
5678,12,298.8,tesla,tesla,building,3.5,18.0,cannon_cart,8.33,3,0.0,0.0,0.0,0.0,0.5,0.0,0.0,0.0,0.0,1.0,0.0,0.0,1.5
5678,13,0.6,tesla,tesla,building,1.5,18.0,knight,12.96,1,0.0,0.0,0.0,-0.0,0.5,0.0,0.0,0.0,0.0,0.3333,0.0,0.0,0.8333
5678,13,10.8,ice_wizard,ice_wizard,troop,14.5,23.33,knight,0.03,2,0.0,0.0,0.0,0.0,0.5,1.0,0.0,0.0,0.0,1.0,0.0,0.0,2.5
5678,13,12.6,the_log,the_log,spell,14.5,23.33,knight,0.23,2,0.0,0.0,0.0,0.0,0.5,0.0,1.0,0.0,0.0,0.0,0.0,0.0,1.5
5678,13,18.6,skeletons,skeletons,troop,9.5,31.33,mega_minion,9.59,2,0.0,0.0,0.0,0.0,0.5,0.0,0.0,0.0,0.0,0.0,0.0,-0.0,0.5
5678,13,22.8,knight,knight,troop,14.5,22.0,ram_rider,0.8,1,0.0,0.0,0.0,0.0,0.5,1.0,0.0,0.0,0.0,1.0,0.0,0.0,2.5
5678,13,37.8,tesla,tesla,building,1.5,18.0,little_prince,14.03,1,0.0,0.0,0.0,0.0,0.5,0.0,0.0,0.0,0.0,1.0,0.0,0.0,1.5
5678,13,48.0,ice_wizard,ice_wizard,troop,3.5,18.0,knight,13.52,1,0.0,0.0,0.0,0.0,0.5,0.0,0.0,0.0,0.0,1.0,0.0,0.0,1.5
5678,13,58.2,the_log,the_log,spell,3.5,18.0,knight,10.6,2,0.0,0.0,0.0,0.0,0.5,0.0,0.0,0.0,0.0,0.0,0.0,0.0,0.5
5678,13,58.8,skeletons,skeletons,troop,9.5,31.33,knight,11.8,2,0.0,0.0,0.0,0.0,0.5,0.0,0.0,0.0,0.0,0.0,0.0,-0.0,0.5
5678,13,59.4,knight,knight,troop,14.5,22.0,knight,0.8,2,0.0,0.0,0.0,0.0,0.5,1.0,0.0,0.0,0.0,1.0,0.0,0.0,2.5
5678,13,73.8,tesla_evo,tesla,building,1.5,18.0,,0.0,1,0.0,0.0,0.0,0.0,0.5,0.0,0.0,0.0,0.0,0.0,0.0,0.0,0.5
5678,13,79.8,ice_wizard,ice_wizard,troop,3.5,18.0,ram_rider,2.81,1,0.0,0.0,0.0,0.0,0.5,1.0,0.0,0.0,0.0,1.0,0.0,0.0,2.5
5678,13,94.2,the_log,the_log,spell,3.5,18.0,little_prince,3.0,1,0.0,0.0,0.0,0.0,0.5,0.0,0.0,0.0,0.0,0.0,0.0,0.0,0.5
5678,13,94.8,skeletons,skeletons,troop,9.5,31.33,little_prince,17.3,1,0.0,0.0,0.0,0.0,0.5,0.0,0.0,0.0,0.0,0.0,0.0,0.0,0.5
5678,13,95.4,knight_evo,knight,troop,1.5,18.0,little_prince,3.11,1,0.0,0.0,0.0,0.0,0.5,0.5,0.0,0.0,0.0,1.0,0.0,0.0,2.0
5678,13,105.6,tornado,tornado,spell,0.5,18.0,knight,3.83,3,0.0,0.0,0.0,0.0,0.4741,0.0,1.0,0.0546,0.0,0.0,0.0,0.0,1.5287
5678,13,115.2,tesla,tesla,building,1.5,18.0,mega_minion,4.2,2,0.0,0.0,0.0,-0.0,0.5,0.0,0.0,0.0,0.0,1.0,0.0,0.0,1.5
5678,13,123.6,ice_wizard,ice_wizard,troop,3.5,18.0,pekka,2.23,1,0.0,0.0,0.0,0.0,0.5,1.0,0.0,0.0,0.0,1.0,0.0,0.0,2.5
5678,13,124.2,skeletons,skeletons,troop,9.5,31.33,pekka,16.21,1,0.0,0.0,0.0,0.0,0.5,0.0,0.0,0.0,0.0,0.0,0.0,-0.0,0.5
5678,13,127.2,the_log,the_log,spell,3.5,18.0,pekka,0.57,1,0.0,0.0,0.0,0.0,0.5,0.0,1.0,0.0,0.0,0.0,0.0,0.0,1.5
5678,13,130.2,knight,knight,troop,3.5,18.0,pekka,0.0,2,0.0,0.0,0.0,0.0,0.5,1.0,0.0,0.0,0.0,1.0,0.0,0.0,2.5
5678,13,134.4,tornado,tornado,spell,0.5,18.0,ram_rider,3.85,3,0.0,0.0,0.0,0.0,0.4741,0.0,1.0,0.2843,0.0,0.0,0.0,0.0,1.7584
5678,13,138.6,ice_wizard,ice_wizard,troop,1.5,18.0,ram_rider,4.75,4,0.0,0.0,0.0,0.0,0.5,0.0,0.0,0.0,0.0,0.0,0.0,0.0,0.5
5678,13,140.4,skeletons,skeletons,troop,9.5,31.33,ram_rider,8.32,4,0.0,0.0,0.0,0.0,0.5,0.0,0.0,0.0,0.0,1.0,0.0,0.0,1.5
5678,13,147.0,tesla,tesla,building,1.5,18.0,ram_rider,10.12,4,0.0,0.0,0.0,-0.0,0.0,0.0,0.0,0.0,0.0,1.0,0.0,0.0,1.0
5678,13,149.4,the_log,the_log,spell,12.5,24.67,pekka,5.14,3,0.0,0.0,0.0,0.0,0.0,0.0,0.2308,0.0,0.0,0.0,0.0,0.0,0.2308
5678,13,153.0,knight,knight,troop,12.5,30.0,knight,3.62,2,0.0,0.0,0.0,0.0,0.0,0.0,0.0,0.0,0.0,0.0,0.0,0.0,0.0
5678,13,158.4,ice_wizard,ice_wizard,troop,1.5,18.0,pekka,6.12,1,0.0,0.0,0.0,0.0,0.0,0.0,0.0,0.0,0.0,0.0,0.0,0.0,0.0
5678,13,159.0,skeletons,skeletons,troop,9.5,31.33,pekka,7.58,2,0.0,0.0,0.0,0.0,0.0,0.0,0.0,0.0,0.0,1.0,0.0,-0.0,1.0
5678,13,165.6,tesla_evo,tesla,building,1.5,18.0,pekka,9.4,3,0.0,0.0,0.0,-0.0,0.0,0.0,0.0,0.0,0.0,1.0,0.0,0.0,1.0
5678,14,0.0,knight,knight,troop,12.5,30.0,,0.0,0,0.0,0.0,0.0,0.0,0.5,0.0,0.0,0.0,0.0,0.0,0.0,0.0,0.5
5678,14,16.2,x_bow,x_bow,building,1.5,18.0,skeleton_dragons,16.69,2,0.0,0.0,0.0,0.0,0.5,0.0,0.0,0.0,0.0,0.0,1.0,0.0,1.5
5678,14,20.4,ice_wizard,ice_wizard,troop,3.5,18.0,guards,9.72,7,0.0,0.0,0.0,0.0,0.116,0.0,0.0,0.0,0.0,0.0,0.0,0.0,0.116
5678,14,28.8,the_log,the_log,spell,3.5,18.0,guards,10.62,6,0.0,0.0,0.0,0.0,0.5,0.0,0.0,0.0,0.0,0.0,0.0,0.0,0.5
5678,14,29.4,skeletons,skeletons,troop,9.5,31.33,guards,8.62,6,0.0,0.0,0.0,0.0,0.5,0.0,0.0,0.0,0.0,0.0,0.0,-0.0,0.5
5678,14,36.6,knight,knight,troop,12.5,30.0,guards,2.1,4,0.0,0.0,0.0,0.0,0.5,0.5,0.0,0.0,0.0,0.0,0.0,0.0,1.0
5678,14,52.2,tesla,tesla,building,12.5,18.0,,0.0,0,0.0,0.0,0.0,0.0,0.0,0.0,0.0,0.0,0.0,0.0,0.0,0.0,0.0
5678,14,61.8,ice_wizard,ice_wizard,troop,1.5,18.0,lava_hound,13.55,1,0.0,0.0,0.0,0.0,0.2581,0.0,0.0,0.0,0.0,1.0,0.0,0.0,1.2581
5678,14,73.2,x_bow,x_bow,building,12.5,18.0,lava_hound,3.3,2,0.0,0.0,0.2379,0.0,0.0,0.0,0.0,0.0,0.0,0.0,1.0,0.0,1.2379
5678,14,79.2,skeletons,skeletons,troop,9.5,31.33,lava_hound,15.93,2,0.0,0.0,0.0,0.0,0.0,0.0,0.0,0.0,0.0,0.0,0.0,0.0,0.0
5678,14,84.6,knight_evo,knight,troop,16.5,18.0,inferno_dragon,3.45,3,0.0,0.0,0.0,0.0,0.0,0.5,0.0,0.0,0.0,0.0,0.0,0.0,0.5
5678,14,96.6,tesla,tesla,building,1.5,18.0,lava_hound,6.06,4,0.0,0.0,0.0,0.0,0.5,0.0,0.0,0.0,0.0,1.0,0.0,0.0,1.5
5678,15,0.0,ice_wizard,ice_wizard,troop,1.5,18.0,,0.0,0,0.0,0.0,0.0,0.0,0.5,0.0,0.0,0.0,0.0,0.0,0.0,0.0,0.5
5678,15,0.6,skeletons,skeletons,troop,9.5,31.33,golden_knight,17.07,1,0.0,0.0,0.0,0.0,0.5,0.0,0.0,0.0,0.0,1.0,0.0,-0.0,1.5
5678,15,6.0,knight,knight,troop,12.5,30.0,golden_knight,15.57,1,0.0,0.0,0.0,0.0,0.5,0.0,0.0,0.0,0.0,0.0,0.0,0.0,0.5
5678,15,20.4,tesla,tesla,building,1.5,18.0,inferno_dragon,2.8,1,0.0,0.0,0.1135,0.0,0.5,0.0,0.0,0.0,0.0,1.0,0.0,0.0,1.6135
5678,15,31.8,the_log,the_log,spell,12.5,18.0,guards,2.44,4,0.0,0.0,0.0,0.0,0.5,0.0,0.0,0.0,0.0,0.0,0.0,0.0,0.5
5678,15,32.4,ice_wizard,ice_wizard,troop,12.5,18.0,guards,2.44,4,0.0,0.0,0.0,0.0,0.4903,0.0,0.0,0.0,0.0,0.0,0.0,0.0,0.4903
5678,15,34.2,skeletons,skeletons,troop,9.5,31.33,guards,17.2,3,0.0,0.0,0.0,0.0,0.4237,0.0,0.0,0.0,0.0,0.0,0.0,-0.0,0.4237
5678,15,42.6,knight,knight,troop,14.5,18.0,,0.0,0,0.0,0.0,0.0,0.0,0.5,0.0,0.0,0.0,0.0,0.0,0.0,0.0,0.5
5678,15,58.2,tesla,tesla,building,1.5,18.0,golden_knight,13.73,1,0.0,0.0,0.0,-0.0,0.0,0.0,0.0,0.0,0.0,1.0,0.0,0.0,1.0
5678,15,68.4,tornado,tornado,spell,3.5,16.67,golden_knight,9.52,2,0.0,0.0,0.0,0.0,0.0,0.0,0.0,0.0,0.0,0.0,0.0,0.0,0.0
5678,15,73.8,ice_wizard,ice_wizard,troop,1.5,18.0,golden_knight,12.37,2,0.0,0.0,0.0,0.0,0.5,0.0,0.0,0.0,0.0,0.0,0.0,0.0,0.5
5678,15,74.4,skeletons,skeletons,troop,9.5,31.33,golden_knight,9.6,2,0.0,0.0,0.0,0.0,0.5,0.0,0.0,0.0,0.0,0.0,0.0,-0.0,0.5
5678,15,85.2,knight_evo,knight,troop,1.5,18.0,inferno_dragon,6.44,2,0.0,0.0,0.0,0.0,0.4727,0.0,0.0,0.0,0.0,0.0,0.0,0.0,0.4727
5678,15,92.4,the_log,the_log,spell,3.5,18.0,bowler,2.53,1,0.0,0.0,0.0,0.0,0.0,0.0,0.0,0.0,0.0,0.0,0.0,0.0,0.0
5678,15,97.2,tornado,tornado,spell,14.5,16.67,guards,2.72,4,0.0,0.0,0.0,0.0,0.2222,0.0,1.0,0.5261,0.0,0.0,0.0,0.0,1.7483
5678,15,103.8,ice_wizard,ice_wizard,troop,1.5,18.0,bowler,3.7,1,0.0,0.0,0.0,0.0,0.0,0.0,0.0,0.0,0.0,0.5206,0.0,0.0,0.5206
5678,15,108.0,skeletons,skeletons,troop,9.5,31.33,executioner,19.49,1,0.0,0.0,0.0,0.0,0.5,0.0,0.0,0.0,0.0,0.0,0.0,0.0,0.5
5678,15,115.2,knight,knight,troop,3.5,18.0,executioner,2.15,1,0.0,0.0,0.0,0.0,0.0,1.0,0.0,0.0,0.0,1.0,0.0,0.0,2.0
5678,15,124.2,tesla_evo,tesla,building,1.5,18.0,golden_knight,1.7,1,0.0,0.0,0.45,-0.0909,0.0,0.0,0.0,0.0,0.0,1.0,0.0,0.0,1.3591
5678,15,131.4,tornado,tornado,spell,0.5,16.67,inferno_dragon,3.63,1,0.0,0.0,0.0,0.0,0.0,0.0,1.0,0.0053,0.0,0.0,0.0,0.0,1.0053
5678,15,132.6,ice_wizard,ice_wizard,troop,16.5,18.0,bowler,3.28,2,0.0,0.0,0.0,0.0,0.5,0.5,0.0,0.0,0.0,1.0,0.0,0.0,2.0
5678,15,133.2,skeletons,skeletons,troop,9.5,31.33,bowler,16.81,2,0.0,0.0,0.0,0.0,0.5,0.0,0.0,0.0,0.0,0.0,0.0,-0.0,0.5
5678,15,136.8,the_log,the_log,spell,14.5,18.0,guards,10.72,5,0.0,0.0,0.0,0.0,0.5,0.0,0.0,0.0,0.0,0.0,0.0,0.0,0.5
5678,15,140.4,knight,knight,troop,14.5,18.0,guards,10.41,5,0.0,0.0,0.0,0.0,0.3661,0.0,0.0,0.0,0.0,0.0,0.0,0.0,0.3661
5678,15,145.8,tesla,tesla,building,1.5,18.0,inferno_dragon,7.39,3,0.0,0.0,0.0,0.0,0.0,0.0,0.0,0.0,0.0,1.0,0.0,0.0,1.0
5678,15,150.0,ice_wizard,ice_wizard,troop,3.5,18.0,bowler,10.47,3,0.0,0.0,0.0,0.0,0.2524,0.0,0.0,0.0,0.0,0.0,0.0,0.0,0.2524
5678,15,151.2,skeletons,skeletons,troop,9.5,31.33,executioner,15.26,2,0.0,0.0,0.0,0.0,0.0,0.0,0.0,0.0,0.0,0.0,0.0,0.0,0.0
5678,15,159.6,x_bow,x_bow,building,1.5,18.0,golden_knight,1.86,2,0.0,0.0,0.4659,-0.062,0.0,0.0,0.0,0.0,0.0,0.0,1.0,0.0,1.4038
5678,15,162.6,the_log,the_log,spell,3.5,18.0,inferno_dragon,10.81,3,0.0,0.0,0.0,0.0,0.0,0.0,1.0,0.0,0.0,0.0,0.0,0.0,1.0
5678,15,166.8,knight_evo,knight,troop,14.5,27.33,inferno_dragon,8.35,5,0.0,0.0,0.0,0.0,0.5,0.0,0.0,0.0,0.0,1.0,0.0,0.0,1.5
5678,15,171.0,ice_wizard,ice_wizard,troop,1.5,18.0,guards,7.45,5,0.0,0.0,0.0,0.0,0.5,0.0,0.0,0.0,0.0,0.0,0.0,0.0,0.5
5678,15,174.6,skeletons,skeletons,troop,9.5,31.33,guards,5.27,4,0.0,0.0,0.0,0.0,0.0,0.0,0.0,0.0,0.0,0.0,0.0,-0.0,0.0
5678,15,180.0,tesla,tesla,building,5.5,18.0,inferno_dragon,7.68,4,0.0,0.0,0.0,0.0,0.0,0.0,0.0,0.0,0.0,1.0,0.0,0.0,1.0
5678,16,0.0,ice_wizard,ice_wizard,troop,1.5,18.0,,0.0,0,0.0,0.0,0.0,0.0,0.5,0.0,0.0,0.0,0.0,0.0,0.0,0.0,0.5
5678,16,0.6,skeletons,skeletons,troop,9.5,31.33,ice_golem,17.17,1,0.0,0.0,0.0,0.0,0.5,0.0,0.0,0.0,0.0,1.0,0.0,0.0,1.5
5678,16,15.0,x_bow,x_bow,building,1.5,18.0,musketeer,1.5,4,0.0,0.0,0.0,0.0,0.5,0.0,0.0,0.0,0.0,0.0,1.0,0.0,1.5
5678,16,23.4,knight,knight,troop,14.5,18.0,ice_golem,2.8,1,0.0,0.0,0.0,0.0,0.5,1.0,0.0,0.0,0.0,0.0,0.0,0.0,1.5
5678,16,34.8,tesla,tesla,building,3.5,18.0,musketeer,10.91,1,0.0,0.0,0.0,0.0,0.5,0.0,0.0,0.0,0.0,0.0,0.0,0.0,0.5
5678,16,46.2,ice_wizard,ice_wizard,troop,5.5,18.0,hog_rider,3.26,1,0.0,0.0,0.0,0.0,0.5,0.5,0.0,0.0,0.0,0.1667,0.0,0.0,1.1667
5678,16,47.4,skeletons,skeletons,troop,9.5,31.33,hog_rider,15.22,1,0.0,0.0,0.0,0.0,0.5,0.0,0.0,0.0,0.0,0.0,0.0,0.0,0.5
5678,16,60.6,the_log,the_log,spell,3.5,18.0,ice_golem,1.17,1,0.0,0.0,0.0,0.0,0.5,0.0,1.0,0.0,0.0,0.0,0.0,0.0,1.5
5678,16,61.2,knight,knight,troop,3.5,18.0,ice_golem,0.86,1,0.0,0.0,0.0,0.0,0.5,1.0,0.0,0.0,0.0,1.0,0.0,0.0,2.5
5678,16,75.6,tesla,tesla,building,1.5,18.0,,0.0,0,0.0,0.0,0.0,0.0,0.5,0.0,0.0,0.0,0.0,0.0,0.0,0.0,0.5
5678,16,83.4,ice_wizard,ice_wizard,troop,3.5,18.0,musketeer,8.69,4,0.0,0.0,0.0,0.0,0.5,1.0,0.0,0.0,0.0,0.0,0.0,0.0,1.5
5678,16,84.0,skeletons,skeletons,troop,9.5,31.33,musketeer,21.27,4,0.0,0.0,0.0,0.0,0.5,0.0,0.0,0.0,0.0,0.4962,0.0,0.0,0.9962
5678,16,105.6,x_bow,x_bow,building,1.5,18.0,,0.0,0,0.0,0.0,0.0,0.0,0.5,0.0,0.0,0.0,0.0,0.0,0.0,0.0,0.5
5678,16,108.0,knight_evo,knight,troop,1.5,18.0,hog_rider,12.81,1,0.0,0.0,0.0,0.0,0.5,0.0,0.0,0.0,0.0,0.0,0.0,0.0,0.5
5678,16,115.2,the_log,the_log,spell,14.5,23.33,hog_rider,0.0,1,0.0,0.0,0.0,0.0,0.5,0.0,1.0,0.0,0.0,0.0,0.0,0.0,1.5
5678,16,120.6,ice_wizard,ice_wizard,troop,3.5,18.0,hog_rider,11.65,2,0.0,0.0,0.0,0.0,0.5,0.0,0.0,0.0,0.0,0.0,0.0,0.0,0.5
5678,16,121.8,skeletons,skeletons,troop,9.5,31.33,ice_golem,15.55,1,0.0,0.0,0.0,0.0,0.5,0.0,0.0,0.0,0.0,0.0,0.0,0.0,0.5
5678,16,130.8,x_bow,x_bow,building,3.5,18.0,musketeer,10.42,3,0.0,0.0,0.0,0.0,0.5,0.0,0.0,0.0,0.0,0.0,0.0,0.0,0.5
5678,16,134.4,knight,knight,troop,5.5,18.0,,0.0,0,0.0,0.0,0.0,0.0,0.5,0.0,0.0,0.0,0.0,0.0,0.0,0.0,0.5
5678,16,138.6,the_log,the_log,spell,14.5,18.0,ice_golem,2.73,1,0.0,0.0,0.0,0.0,0.5,0.0,0.0,0.0,0.0,0.0,0.0,0.0,0.5
5678,16,141.6,ice_wizard,ice_wizard,troop,1.5,18.0,ice_golem,12.43,1,0.0,0.0,0.0,0.0,0.5,0.0,0.0,0.0,0.0,0.0,0.0,0.0,0.5
5678,16,143.4,skeletons,skeletons,troop,9.5,31.33,ice_golem,14.03,3,0.0,0.0,0.0,0.0,0.5,0.0,0.0,0.0,0.0,1.0,0.0,0.0,1.5
5678,16,150.6,tesla_evo,tesla,building,1.5,18.0,musketeer,11.13,1,0.0,0.0,0.0,0.0,0.5,0.0,0.0,0.0,0.0,0.0,0.0,0.0,0.5
5678,16,153.0,knight,knight,troop,12.5,30.0,,0.0,0,0.0,0.0,0.0,0.0,0.5,0.0,0.0,0.0,0.0,0.0,0.0,0.0,0.5
5678,16,160.8,the_log,the_log,spell,5.5,18.0,,0.0,3,0.0,0.0,0.0,0.0,0.5,0.0,0.0,0.0,0.0,0.0,0.0,0.0,0.5
5678,16,161.4,ice_wizard,ice_wizard,troop,5.5,18.0,,0.0,3,0.0,0.0,0.0,0.0,0.5,0.0,0.0,0.0,0.0,0.0,0.0,0.0,0.5
5678,16,162.0,skeletons,skeletons,troop,9.5,31.33,,0.0,3,0.0,0.0,0.0,0.0,1.0,0.0,0.0,0.0,0.0,0.0,0.0,0.0,1.0
5678,16,168.0,tesla,tesla,building,5.5,18.0,hog_rider,2.78,1,0.0,0.0,0.75,-0.0,0.5,0.0,0.0,0.0,0.0,1.0,0.0,0.0,2.25
5678,16,171.0,knight_evo,knight,troop,12.5,18.0,hog_rider,8.61,2,0.0,0.0,0.0,0.0,0.5,0.0,0.0,0.0,0.0,0.0,0.0,0.0,0.5
5678,16,178.8,the_log,the_log,spell,5.5,18.0,,0.0,2,0.0,0.0,0.0,0.0,0.5,0.0,0.0,0.0,0.0,0.0,0.0,0.0,0.5
5678,16,179.4,ice_wizard,ice_wizard,troop,1.5,18.0,,0.0,1,0.0,0.0,0.0,0.0,0.5,0.0,0.0,0.0,0.0,0.0,0.0,0.0,0.5
5678,17,0.0,knight,knight,troop,12.5,30.0,,0.0,0,0.0,0.0,0.0,0.0,0.5,0.0,0.0,0.0,0.0,0.0,0.0,0.0,0.5
5678,17,3.6,ice_wizard,ice_wizard,troop,1.5,18.0,mini_pekka,1.65,2,0.0,0.0,0.0,0.0,0.5,0.5,0.0,0.0,0.0,1.0,0.0,0.0,2.0
5678,17,6.0,skeletons,skeletons,troop,9.5,31.33,mini_pekka,11.92,1,0.0,0.0,0.0,0.0,0.5,0.0,0.0,0.0,0.0,0.0,0.0,-0.0,0.5
5678,17,18.6,tesla,tesla,building,1.5,18.0,giant,12.39,1,0.0,0.0,0.0,-0.0,0.5,0.0,0.0,0.0,0.0,1.0,0.0,0.0,1.5
5678,17,36.6,x_bow,x_bow,building,1.5,18.0,wizard,14.94,1,0.0,0.0,0.0,0.0,0.5,0.0,0.0,0.0,0.0,0.0,1.0,0.0,1.5
5678,17,43.2,knight,knight,troop,12.5,30.0,,0.0,0,0.0,0.0,0.0,0.0,0.5,0.0,0.0,0.0,0.0,0.0,0.0,0.0,0.5
5678,17,52.2,ice_wizard,ice_wizard,troop,1.5,18.0,sparky,2.97,1,0.0,0.0,0.0,0.0,0.5,1.0,0.0,0.0,0.0,1.0,0.0,0.0,2.5
5678,17,53.4,skeletons,skeletons,troop,9.5,31.33,sparky,16.1,1,0.0,0.0,0.0,0.0,0.5,0.0,0.0,0.0,0.0,0.5474,0.0,-0.0,1.0474
5678,17,70.2,tesla,tesla,building,1.5,18.0,,0.0,0,0.0,0.0,0.0,0.0,0.0,0.0,0.0,0.0,0.0,0.0,0.0,0.0,0.0
5678,17,82.2,x_bow,x_bow,building,3.5,18.0,mini_pekka,1.05,1,0.0,0.0,0.275,-0.5,0.0,0.0,0.0,0.0,0.0,1.0,1.0,0.0,1.775
5678,17,90.6,knight_evo,knight,troop,1.5,18.0,mini_pekka,6.06,1,0.0,0.0,0.0,0.0,0.2182,0.0,0.0,0.0,0.0,0.0,0.0,0.0,0.2182
5678,17,100.2,ice_wizard,ice_wizard,troop,1.5,18.0,wizard,4.11,1,0.0,0.0,0.0,0.0,0.0,0.0,0.0,0.0,0.0,0.0,0.0,0.0,0.0
5678,17,103.2,skeletons,skeletons,troop,9.5,31.33,,0.0,0,0.0,0.0,0.0,0.0,0.5,0.0,0.0,0.0,0.0,0.0,0.0,0.0,0.5
5678,17,111.0,the_log,the_log,spell,3.5,18.0,giant,2.68,1,0.0,0.0,0.0,0.0,0.0,0.0,0.0,0.0,0.0,0.0,0.0,0.0,0.0
5678,17,120.0,tesla_evo,tesla,building,1.5,18.0,giant,3.51,1,0.0,0.0,0.5,-0.0,0.0,0.0,0.0,0.0,0.0,1.0,0.0,0.0,1.5
5678,17,123.6,knight,knight,troop,12.5,30.0,giant,13.05,1,0.0,0.0,0.0,0.0,0.0,0.0,0.0,0.0,0.0,0.0,0.0,0.0,0.0
5678,17,129.0,ice_wizard,ice_wizard,troop,1.5,18.0,giant,2.55,2,0.0,0.0,0.0,0.0,0.0,0.0,0.0,0.0,0.0,1.0,0.0,0.0,1.0
5678,17,129.6,skeletons,skeletons,troop,9.5,31.33,giant,11.22,2,0.0,0.0,0.0,0.0,0.5,0.0,0.0,0.0,0.0,1.0,0.0,0.0,1.5
5678,17,138.0,x_bow,x_bow,building,1.5,18.0,giant,7.86,3,0.0,0.0,0.0,-0.0,0.0,0.0,0.0,0.0,0.0,0.6867,1.0,0.0,1.6867
5678,18,0.0,tesla,tesla,building,1.5,18.0,,0.0,0,0.0,0.0,0.0,0.0,0.5,0.0,0.0,0.0,0.0,0.0,0.0,0.0,0.5
5678,18,4.8,skeletons,skeletons,troop,9.5,31.33,,0.0,0,0.0,0.0,0.0,0.0,1.0,0.0,0.0,0.0,0.0,0.0,0.0,0.0,1.0
5678,18,16.2,ice_wizard,ice_wizard,troop,3.5,18.0,valkyrie,12.75,1,0.0,0.0,0.0,0.0,0.1691,0.0,0.0,0.0,0.0,0.0,0.0,0.0,0.1691
5678,18,16.8,the_log,the_log,spell,14.5,18.0,guards,3.4,4,0.0,0.0,0.0,0.0,0.5,0.0,0.0,0.0,0.0,0.0,0.0,0.0,0.5
5678,18,22.8,knight,knight,troop,12.5,30.0,guards,8.4,4,0.0,0.0,0.0,0.0,0.5,0.0,0.0,0.0,0.0,0.0,0.0,0.0,0.5
5678,18,40.2,x_bow,x_bow,building,1.5,18.0,,0.0,0,0.0,0.0,0.0,0.0,0.5,0.0,0.0,0.0,0.0,0.0,1.0,0.0,1.5
5678,18,42.6,skeletons,skeletons,troop,9.5,31.33,guards,17.06,3,0.0,0.0,0.0,0.0,0.2486,0.0,0.0,0.0,0.0,0.0,0.0,-0.0,0.2486
5678,18,52.8,ice_wizard,ice_wizard,troop,14.5,23.33,guards,0.36,3,0.0,0.0,0.0,0.0,0.5,1.0,0.0,0.0,0.0,0.968,0.0,0.0,2.468
5678,18,65.4,tesla,tesla,building,14.5,18.0,guards,11.0,4,0.0,0.0,0.0,-0.0,0.5,0.0,0.0,0.0,0.0,1.0,0.0,0.0,1.5
5678,18,67.8,the_log,the_log,spell,14.5,18.0,guards,1.69,3,0.0,0.0,0.0,0.0,0.5,0.0,0.3333,0.0,0.0,0.0,0.0,0.0,0.8333
5678,18,76.2,knight,knight,troop,12.5,30.0,,0.0,0,0.0,0.0,0.0,0.0,0.5,0.0,0.0,0.0,0.0,0.0,0.0,0.0,0.5
5678,18,80.4,skeletons,skeletons,troop,9.5,31.33,balloon,24.73,1,0.0,0.0,0.0,0.0,0.5,0.0,0.0,0.0,0.0,0.0,0.0,0.0,0.5
5678,18,91.2,ice_wizard,ice_wizard,troop,1.5,18.0,balloon,12.51,2,0.0,0.0,0.0,0.0,0.5,0.0,0.0,0.0,0.0,0.0,0.0,0.0,0.5
5678,18,99.0,tesla_evo,tesla,building,12.5,18.0,balloon,5.73,4,0.0,0.0,0.0,-0.0,0.5,0.0,0.0,0.0,0.0,1.0,0.0,0.0,1.5
5678,18,121.2,x_bow,x_bow,building,1.5,18.0,,0.0,0,0.0,0.0,0.0,0.0,0.5,0.0,0.0,0.0,0.0,0.0,1.0,0.0,1.5
5678,18,122.4,knight_evo,knight,troop,1.5,18.0,,0.0,0,0.0,0.0,0.0,0.0,0.5,0.0,0.0,0.0,0.0,0.0,0.0,0.0,0.5
5678,18,124.8,skeletons,skeletons,troop,9.5,31.33,lava_hound,26.55,1,0.0,0.0,0.0,0.0,0.5,0.0,0.0,0.0,0.0,0.0,0.0,0.0,0.5
5678,18,129.6,ice_wizard,ice_wizard,troop,3.5,18.0,inferno_dragon,4.11,5,0.0,0.0,0.0,0.0,0.0,0.0,0.0,0.0,0.0,0.0,0.0,0.0,0.0
5678,18,133.2,tesla,tesla,building,3.5,18.0,inferno_dragon,3.73,4,0.0,0.0,0.4609,0.0,0.5,0.0,0.0,0.0,0.0,0.0,0.0,0.0,0.9609
5678,18,139.2,the_log,the_log,spell,5.5,18.0,inferno_dragon,4.62,3,0.0,0.0,0.0,0.0,0.5,0.0,0.0,0.0,0.0,0.0,0.0,0.0,0.5
5678,18,140.4,knight,knight,troop,12.5,30.0,valkyrie,13.64,2,0.0,0.0,0.0,0.0,0.5,0.5,0.0,0.0,0.0,1.0,0.0,0.0,2.0
5678,18,141.6,skeletons,skeletons,troop,9.5,31.33,valkyrie,14.25,2,0.0,0.0,0.0,0.0,0.5,0.0,0.0,0.0,0.0,1.0,0.0,-0.0,1.5
5678,18,147.0,ice_wizard,ice_wizard,troop,1.5,18.0,valkyrie,10.93,2,0.0,0.0,0.0,0.0,0.2497,0.0,0.0,0.0,0.0,0.0,0.0,0.0,0.2497
5678,18,151.2,tesla,tesla,building,5.5,18.0,valkyrie,7.43,3,0.0,0.0,0.0,-0.0,0.5,0.0,0.0,0.0,0.0,1.0,0.0,0.0,1.5
5678,18,157.8,the_log,the_log,spell,3.5,18.0,inferno_dragon,3.62,6,0.0,0.0,0.0,0.0,0.5,0.0,0.6667,0.0,0.0,0.0,0.0,0.0,1.1667
5678,18,158.4,knight,knight,troop,12.5,30.0,inferno_dragon,16.5,6,0.0,0.0,0.0,0.0,0.5,0.0,0.0,0.0,0.0,0.0,0.0,0.0,0.5
5678,18,159.6,skeletons,skeletons,troop,9.5,31.33,skeleton_dragons,16.7,5,0.0,0.0,0.0,0.0,0.5,0.0,0.0,0.0,0.0,0.0,0.0,0.0,0.5
5678,18,163.8,ice_wizard,ice_wizard,troop,12.5,18.0,balloon,8.73,5,0.0,0.0,0.0,0.0,0.5,0.0,0.0,0.0,0.0,0.0,0.0,0.0,0.5
5678,18,168.6,tornado,tornado,spell,17.5,18.0,balloon,13.73,5,0.0,0.0,0.0,0.0,0.0,0.0,0.3158,0.0535,0.0,0.0,0.0,0.0,0.3693
5678,18,177.0,tesla_evo,tesla,building,1.5,18.0,inferno_dragon,5.43,2,0.0,0.0,0.0,0.0,0.0,0.0,0.0,0.0,0.0,1.0,0.0,0.0,1.0
5678,18,178.2,knight_evo,knight,troop,1.5,18.0,inferno_dragon,6.63,2,0.0,0.0,0.0,0.0,0.0,0.0,0.0,0.0,0.0,0.0,0.0,0.0,0.0
5678,18,179.4,skeletons,skeletons,troop,9.5,31.33,inferno_dragon,7.26,3,0.0,0.0,0.0,0.0,0.0,0.0,0.0,0.0,0.0,0.0,0.0,0.0,0.0
5678,19,0.0,knight,knight,troop,12.5,30.0,,0.0,0,0.0,0.0,0.0,0.0,0.5,0.0,0.0,0.0,0.0,0.0,0.0,0.0,0.5
5678,19,7.8,tesla,tesla,building,14.5,18.0,executioner,0.0,1,0.0,0.0,0.0,0.0,0.5,0.0,0.0,0.0,0.0,1.0,0.0,0.0,1.5
5678,19,27.0,x_bow,x_bow,building,1.5,18.0,hog_rider,3.26,1,0.0,0.0,0.75,-0.0,0.5,0.0,0.0,0.0,0.0,1.0,1.0,0.0,3.25
5678,19,27.6,skeletons,skeletons,troop,9.5,31.33,hog_rider,16.21,1,0.0,0.0,0.0,0.0,0.5,0.0,0.0,0.0,0.0,0.0,0.0,0.0,0.5
5678,19,42.0,ice_wizard,ice_wizard,troop,1.5,18.0,hog_rider,5.08,1,0.0,0.0,0.0,0.0,0.5,0.0,0.0,0.0,0.0,0.0,0.0,0.0,0.5
5678,19,43.8,knight,knight,troop,12.5,30.0,hog_rider,11.26,3,0.0,0.0,0.0,0.0,0.5,0.0,0.0,0.0,0.0,0.0,0.0,0.0,0.5
5678,19,52.2,the_log,the_log,spell,3.5,18.0,executioner,2.8,1,0.0,0.0,0.0,0.0,0.5,0.0,0.0,0.0,0.0,0.0,0.0,0.0,0.5
5678,19,60.6,tesla,tesla,building,12.5,18.0,executioner,7.98,1,0.0,0.0,0.0,0.0,0.5,0.0,0.0,0.0,0.0,1.0,0.0,0.0,1.5
5678,19,61.8,skeletons,skeletons,troop,9.5,31.33,executioner,9.08,1,0.0,0.0,0.0,0.0,0.5,0.0,0.0,0.0,0.0,0.5243,0.0,0.0,1.0243
5678,19,73.8,ice_wizard,ice_wizard,troop,2.5,18.0,valkyrie,1.3,1,0.0,0.0,0.0,0.0,0.0,0.0,0.0,0.0,0.0,1.0,0.0,0.0,1.0
5678,19,78.6,knight_evo,knight,troop,1.5,18.0,valkyrie,2.33,1,0.0,0.0,0.0,0.0,0.0,0.0,0.0,0.0,0.0,1.0,0.0,0.0,1.0
5678,19,102.0,x_bow,x_bow,building,1.5,18.0,,0.0,0,0.0,0.0,0.0,0.0,0.0,0.0,0.0,0.0,0.0,0.0,1.0,0.0,1.0
5678,19,108.0,tesla_evo,tesla,building,3.5,18.0,,0.0,0,0.0,0.0,0.0,0.0,0.0,0.0,0.0,0.0,0.0,0.0,0.0,0.0,0.0
5678,19,110.4,skeletons,skeletons,troop,9.5,31.33,executioner,12.67,1,0.0,0.0,0.0,0.0,0.5,0.0,0.0,0.0,0.0,1.0,0.0,0.0,1.5
5678,19,121.2,ice_wizard,ice_wizard,troop,12.5,18.0,valkyrie,8.62,1,0.0,0.0,0.0,0.0,0.024,0.0,0.0,0.0,0.0,0.4912,0.0,0.0,0.5152
5678,19,122.4,the_log,the_log,spell,14.5,18.0,valkyrie,10.6,1,0.0,0.0,0.0,0.0,0.5,0.0,0.0,0.0,0.0,0.0,0.0,0.0,0.5
5678,19,126.0,knight,knight,troop,12.5,30.0,valkyrie,12.15,1,0.0,0.0,0.0,0.0,0.5,0.0,0.0,0.0,0.0,1.0,0.0,0.0,1.5
5678,19,131.4,tornado,tornado,spell,0.5,18.0,valkyrie,10.35,7,0.0,0.0,0.0,0.0,0.0,0.0,0.0,0.0,0.0,0.0,0.0,0.0,0.0
5678,19,132.0,skeletons,skeletons,troop,9.5,31.33,hog_rider,4.57,7,0.0,0.0,0.0,0.0,0.5,0.0,0.0,0.0,0.0,0.0,0.0,0.0,0.5
5678,20,0.0,ice_wizard,ice_wizard,troop,1.5,18.0,,0.0,0,0.0,0.0,0.0,0.0,0.5,0.0,0.0,0.0,0.0,0.0,0.0,0.0,0.5
5678,20,0.6,skeletons,skeletons,troop,9.5,31.33,,0.0,1,0.0,0.0,0.0,0.0,1.0,0.0,0.0,0.0,0.0,0.0,0.0,0.0,1.0
5678,20,6.0,knight,knight,troop,12.5,30.0,,0.0,2,0.0,0.0,0.0,0.0,0.5,0.0,0.0,0.0,0.0,0.0,0.0,0.0,0.5
5678,20,23.4,x_bow,x_bow,building,1.5,18.0,miner,12.32,1,0.0,0.0,0.0,-0.0,0.5,0.0,0.0,0.0,0.0,1.0,1.0,0.0,2.5
5678,20,37.2,tesla,tesla,building,3.5,18.0,,0.0,5,0.0,0.0,0.0,0.0,0.5,0.0,0.0,0.0,0.0,0.0,0.0,0.0,0.5
5678,20,51.0,ice_wizard,ice_wizard,troop,5.5,18.0,miner,8.0,1,0.0,0.0,0.0,0.0,0.5,0.0,0.0,0.0,0.0,0.0,0.0,0.0,0.5
5678,20,51.6,skeletons,skeletons,troop,9.5,31.33,miner,9.4,1,0.0,0.0,0.0,0.0,0.5,0.0,0.0,0.0,0.0,0.0,0.0,-0.0,0.5
5678,20,57.0,knight,knight,troop,5.5,18.0,,0.0,1,0.0,0.0,0.0,0.0,0.5,0.0,0.0,0.0,0.0,0.0,0.0,0.0,0.5
5678,20,71.4,x_bow,x_bow,building,1.5,18.0,wall_breakers,12.59,7,0.0,0.0,0.0,-0.0,0.5,0.0,0.0,0.0,0.0,1.0,0.0,0.0,1.5
5678,20,81.6,tesla,tesla,building,14.5,23.33,miner,2.45,5,0.0,0.0,0.0,-0.0,0.5,0.0,0.0,0.0,0.0,1.0,0.0,0.0,1.5
5678,20,93.0,ice_wizard,ice_wizard,troop,1.5,18.0,,0.0,6,0.0,0.0,0.0,0.0,0.5,0.0,0.0,0.0,0.0,0.0,0.0,0.0,0.5
5678,20,93.6,skeletons,skeletons,troop,9.5,31.33,,0.0,6,0.0,0.0,0.0,0.0,1.0,0.0,0.0,0.0,0.0,0.0,0.0,0.0,1.0
5678,20,100.8,the_log,the_log,spell,14.5,18.0,wall_breakers,0.58,2,0.0,0.0,0.0,0.0,0.5,0.0,1.0,0.0,0.0,0.0,0.0,0.0,1.5
5678,20,106.8,knight_evo,knight,troop,12.5,18.0,,0.0,0,0.0,0.0,0.0,0.0,0.5,0.0,0.0,0.0,0.0,0.0,0.0,0.0,0.5
5678,20,120.6,tesla_evo,tesla,building,1.5,18.0,,0.0,5,0.0,0.0,0.0,0.0,0.0,0.0,0.0,0.0,0.0,0.0,0.0,0.0,0.0
5678,20,123.6,ice_wizard,ice_wizard,troop,3.5,18.0,wall_breakers,10.37,7,0.0,0.0,0.0,0.0,0.13,0.0,0.0,0.0,0.0,0.0,0.0,0.0,0.13
5678,20,124.8,skeletons,skeletons,troop,9.5,31.33,wall_breakers,13.67,7,0.0,0.0,0.0,0.0,0.5,0.0,0.0,0.0,0.0,0.0,0.0,0.0,0.5
5678,20,134.4,x_bow,x_bow,building,3.5,18.0,,0.0,7,0.0,0.0,0.0,0.0,0.0,0.0,0.0,0.0,0.0,0.0,0.0,0.0,0.0
5678,20,136.2,the_log,the_log,spell,3.5,18.0,wall_breakers,1.16,5,0.0,0.0,0.0,0.0,0.0,0.0,1.0,0.0,0.0,0.0,0.0,0.0,1.0
5678,20,140.4,knight,knight,troop,12.5,30.0,miner,4.0,2,0.0,0.0,0.0,0.0,0.5,0.0,0.0,0.0,0.0,0.0,0.0,0.0,0.5
5678,20,144.6,ice_wizard,ice_wizard,troop,1.5,18.0,,0.0,2,0.0,0.0,0.0,0.0,0.0,0.0,0.0,0.0,0.0,0.0,0.0,0.0,0.0
5678,20,147.6,skeletons,skeletons,troop,9.5,31.33,,0.0,6,0.0,0.0,0.0,0.0,0.5,0.0,0.0,0.0,0.0,0.0,0.0,0.0,0.5
5678,20,151.2,tesla,tesla,building,1.5,18.0,wall_breakers,3.25,7,0.0,0.0,0.5,-0.0,0.0,0.0,0.0,0.0,0.0,0.8759,0.0,0.0,1.3759
5678,20,157.8,the_log,the_log,spell,3.5,18.0,miner,4.01,3,0.0,0.0,0.0,0.0,0.0,0.0,0.0,0.0,0.0,0.0,0.0,0.0,0.0
5678,20,158.4,knight,knight,troop,5.5,24.67,miner,1.16,3,0.0,0.0,0.0,0.0,0.5,1.0,0.0,0.0,0.0,1.0,0.0,0.0,2.5
5678,20,163.2,ice_wizard,ice_wizard,troop,1.5,18.0,miner,6.23,7,0.0,0.0,0.0,0.0,0.3025,0.0,0.0,0.0,0.0,0.0,0.0,0.0,0.3025
5678,20,164.4,skeletons,skeletons,troop,9.5,31.33,wall_breakers,17.33,8,0.0,0.0,0.0,0.0,0.5,0.0,0.0,0.0,0.0,1.0,0.0,0.0,1.5
5678,20,170.4,tesla,tesla,building,1.5,18.0,miner,12.81,4,0.0,0.0,0.0,-0.0,0.0,0.0,0.0,0.0,0.0,1.0,0.0,0.0,1.0
5678,20,178.2,x_bow,x_bow,building,3.5,18.0,wall_breakers,1.16,4,0.0,0.0,0.3658,-0.3579,0.0,0.0,0.0,0.0,0.0,1.0,0.0,0.0,1.0079
5678,20,182.4,knight_evo,knight,troop,5.5,18.0,miner,7.0,1,0.0,0.0,0.0,0.0,0.0,1.0,0.0,0.0,0.0,0.0,0.0,0.0,1.0
5678,20,188.4,ice_wizard,ice_wizard,troop,5.5,18.0,,0.0,0,0.0,0.0,0.0,0.0,0.0,0.0,0.0,0.0,0.0,0.0,0.0,0.0,0.0
5678,20,189.6,skeletons,skeletons,troop,9.5,31.33,,0.0,5,0.0,0.0,0.0,0.0,0.5,0.0,0.0,0.0,0.0,0.0,0.0,0.0,0.5
5678,20,195.0,tesla_evo,tesla,building,1.5,18.0,,0.0,0,0.0,0.0,0.0,0.0,0.0,0.0,0.0,0.0,0.0,0.0,0.0,0.0,0.0
5678,20,201.6,x_bow,x_bow,building,12.5,18.0,,0.0,1,0.0,0.0,0.0,0.0,0.5,0.0,0.0,0.0,0.0,0.0,1.0,0.0,1.5
5678,20,205.2,the_log,the_log,spell,5.5,18.0,wall_breakers,1.76,8,0.0,0.0,0.0,0.0,0.0,0.0,0.5,0.0,0.0,0.0,0.0,0.0,0.5
5678,20,208.8,knight,knight,troop,3.5,18.0,,0.0,3,0.0,0.0,0.0,0.0,0.0,0.0,0.0,0.0,0.0,0.0,0.0,0.0,0.0
5678,20,210.6,skeletons,skeletons,troop,9.5,31.33,miner,6.06,4,0.0,0.0,0.0,0.0,0.5,0.0,0.0,0.0,0.0,0.0,0.0,-0.0,0.5
5678,20,215.4,ice_wizard,ice_wizard,troop,3.5,18.0,,0.0,3,0.0,0.0,0.0,0.0,0.0,0.0,0.0,0.0,0.0,0.0,0.0,0.0,0.0
5678,20,221.4,tesla,tesla,building,1.5,18.0,,0.0,1,0.0,0.0,0.0,0.0,0.0,0.0,0.0,0.0,0.0,0.0,0.0,0.0,0.0
5678,20,228.0,the_log,the_log,spell,5.5,18.0,,0.0,2,0.0,0.0,0.0,0.0,0.0,0.0,0.0,0.0,0.0,0.0,0.0,0.0,0.0
5678,20,228.6,knight,knight,troop,12.5,30.0,,0.0,2,0.0,0.0,0.0,0.0,0.5,0.0,0.0,0.0,0.0,0.0,0.0,0.0,0.5
5678,20,229.2,skeletons,skeletons,troop,9.5,31.33,,0.0,1,0.0,0.0,0.0,0.0,0.5,0.0,0.0,0.0,0.0,0.0,0.0,0.0,0.5
5678,20,234.0,ice_wizard,ice_wizard,troop,1.5,18.0,,0.0,3,0.0,0.0,0.0,0.0,0.0,0.0,0.0,0.0,0.0,0.0,0.0,0.0,0.0
5678,20,238.2,tesla,tesla,building,3.5,18.0,miner,4.0,1,0.0,0.0,0.5,-0.0,0.0,0.0,0.0,0.0,0.0,1.0,0.0,0.0,1.5
5678,20,245.4,x_bow,x_bow,building,1.5,18.0,,0.0,5,0.0,0.0,0.0,0.0,0.0,0.0,0.0,0.0,0.0,0.0,0.0,0.0,0.0
5678,20,246.6,the_log,the_log,spell,14.5,18.0,wall_breakers,10.72,7,0.0,0.0,0.0,0.0,0.5,0.0,0.0,0.0,0.0,0.0,0.0,0.0,0.5
5678,20,247.2,skeletons,skeletons,troop,9.5,31.33,wall_breakers,17.19,7,0.0,0.0,0.0,0.0,0.0,0.0,0.0,0.0,0.0,0.0,0.0,0.0,0.0
5678,20,250.2,knight_evo,knight,troop,14.5,23.33,,0.0,6,0.0,0.0,0.0,0.0,0.5,0.0,0.0,0.0,0.0,0.0,0.0,0.0,0.5
5678,20,252.6,ice_wizard,ice_wizard,troop,1.5,18.0,,0.0,6,0.0,0.0,0.0,0.0,0.0,0.0,0.0,0.0,0.0,0.0,0.0,0.0,0.0
5678,20,256.2,tornado,tornado,spell,14.5,26.0,miner,1.56,4,0.0,0.0,0.0,0.0,0.5,0.0,0.4286,0.1146,0.0,0.0,0.0,0.0,1.0432
5678,20,259.8,tesla_evo,tesla,building,3.5,18.0,,0.0,2,0.0,0.0,0.0,0.0,0.0,0.0,0.0,0.0,0.0,0.0,0.0,0.0,0.0
5678,20,260.4,skeletons,skeletons,troop,9.5,31.33,,0.0,2,0.0,0.0,0.0,0.0,0.5,0.0,0.0,0.0,0.0,0.0,0.0,0.0,0.5
5678,20,263.4,knight,knight,troop,3.5,18.0,miner,4.11,2,0.0,0.0,0.0,0.0,0.0,1.0,0.0,0.0,0.0,0.6562,0.0,0.0,1.6562
5678,20,267.6,ice_wizard,ice_wizard,troop,12.5,18.0,,0.0,1,0.0,0.0,0.0,0.0,0.5,0.0,0.0,0.0,0.0,0.0,0.0,0.0,0.5
5678,20,271.2,x_bow,x_bow,building,12.5,18.0,,0.0,4,0.0,0.0,0.0,0.0,0.5,0.0,0.0,0.0,0.0,0.0,1.0,0.0,1.5
5678,20,275.4,tesla,tesla,building,14.5,18.0,wall_breakers,1.38,3,0.0,0.0,0.6667,-0.1481,0.5,0.0,0.0,0.0,0.0,1.0,0.0,0.0,2.0186
5678,20,277.8,skeletons,skeletons,troop,9.5,31.33,,0.0,1,0.0,0.0,0.0,0.0,0.5,0.0,0.0,0.0,0.0,0.0,0.0,0.0,0.5
5678,20,279.0,knight,knight,troop,12.5,30.0,,0.0,6,0.0,0.0,0.0,0.0,0.5,0.0,0.0,0.0,0.0,0.0,0.0,0.0,0.5
5678,21,0.0,knight,knight,troop,12.5,30.0,,0.0,0,0.0,0.0,0.0,0.0,0.5,0.0,0.0,0.0,0.0,0.0,0.0,0.0,0.5
5678,21,11.4,x_bow,x_bow,building,1.5,18.0,,0.0,0,0.0,0.0,0.0,0.0,0.5,0.0,0.0,0.0,0.0,0.0,1.0,0.0,1.5
5678,21,22.2,ice_wizard,ice_wizard,troop,3.5,18.0,balloon,11.7,3,0.0,0.0,0.0,0.0,0.5,0.0,0.0,0.0,0.0,0.6757,0.0,0.0,1.1757
5678,21,25.2,skeletons,skeletons,troop,9.5,31.33,balloon,15.43,3,0.0,0.0,0.0,0.0,0.5,0.0,0.0,0.0,0.0,1.0,0.0,0.0,1.5
5678,21,33.6,the_log,the_log,spell,3.5,18.0,balloon,12.05,7,0.0,0.0,0.0,0.0,0.5,0.0,0.0,0.0,0.0,0.0,0.0,0.0,0.5
5678,21,36.6,knight,knight,troop,12.5,30.0,balloon,5.88,6,0.0,0.0,0.0,0.0,0.5,0.0,0.0,0.0,0.0,0.0,0.0,0.0,0.5
5678,21,52.2,tesla,tesla,building,12.5,18.0,,0.0,0,0.0,0.0,0.0,0.0,0.0,0.0,0.0,0.0,0.0,0.0,0.0,0.0,0.0
5678,21,58.2,ice_wizard,ice_wizard,troop,14.5,18.0,barbarians,5.66,5,0.0,0.0,0.0,0.0,0.0,1.0,0.0,0.0,0.0,0.0,0.0,0.0,1.0
5678,21,59.4,skeletons,skeletons,troop,9.5,31.33,barbarians,18.18,5,0.0,0.0,0.0,0.0,0.0,0.0,0.0,0.0,0.0,0.0,0.0,-0.0,0.0
5678,21,80.4,x_bow,x_bow,building,1.5,18.0,skeleton_dragons,2.06,2,0.0,0.0,0.0,0.0,0.5,0.0,0.0,0.0,0.0,0.0,0.0,0.0,0.5
5678,21,86.4,knight_evo,knight,troop,3.5,18.0,,0.0,0,0.0,0.0,0.0,0.0,0.5,0.0,0.0,0.0,0.0,0.0,0.0,0.0,0.5
5678,21,98.4,tesla,tesla,building,3.5,18.0,mega_minion,8.13,2,0.0,0.0,0.0,-0.0,0.5,0.0,0.0,0.0,0.0,0.0,0.0,0.0,0.5
5678,21,107.4,ice_wizard,ice_wizard,troop,5.5,18.0,mega_minion,6.67,8,0.0,0.0,0.0,0.0,0.5,1.0,0.0,0.0,0.0,0.0,0.0,0.0,1.5
5678,21,109.2,skeletons,skeletons,troop,9.5,31.33,mega_minion,18.6,6,0.0,0.0,0.0,0.0,0.5,0.0,0.0,0.0,0.0,0.0,0.0,-0.0,0.5
5678,21,121.8,x_bow,x_bow,building,12.5,18.0,lava_hound,3.9,6,0.0,0.0,0.3883,0.0,0.0,0.0,0.0,0.0,0.0,0.0,1.0,0.0,1.3883
5678,21,124.8,the_log,the_log,spell,5.5,18.0,lava_hound,1.75,6,0.0,0.0,0.0,0.0,0.5,0.0,0.3182,0.0,0.0,0.0,0.0,0.0,0.8182
5678,21,129.0,knight,knight,troop,12.5,20.67,lava_hound,4.8,8,0.0,0.0,0.0,0.0,0.5,0.0,0.0,0.0,0.0,0.3521,0.0,0.0,0.8521
5678,21,133.2,ice_wizard,ice_wizard,troop,5.5,18.0,barbarians,6.84,13,0.0,0.0,0.0,0.0,0.5,0.0,0.0,0.0,0.0,0.0,0.0,0.0,0.5
5678,21,134.4,skeletons,skeletons,troop,9.5,31.33,barbarians,6.39,13,0.0,0.0,0.0,0.0,0.5,0.0,0.0,0.0,0.0,1.0,0.0,-0.0,1.5
5678,21,141.0,tesla_evo,tesla,building,1.5,18.0,barbarians,10.84,7,0.0,0.0,0.0,-0.0,0.5,0.0,0.0,0.0,0.0,1.0,0.0,0.0,1.5
5678,21,148.8,x_bow,x_bow,building,3.5,18.0,balloon,10.56,2,0.0,0.0,0.0,-0.0,0.5,0.0,0.0,0.0,0.0,1.0,0.0,0.0,1.5
5678,21,152.4,the_log,the_log,spell,12.5,23.33,balloon,0.15,2,0.0,0.0,0.0,0.0,0.081,0.0,1.0,0.0,0.0,0.0,0.0,0.0,1.081
5678,21,155.4,knight,knight,troop,12.5,30.0,balloon,4.39,8,0.0,0.0,0.0,0.0,0.5,0.5,0.0,0.0,0.0,0.0981,0.0,0.0,1.0981
5678,21,157.2,skeletons,skeletons,troop,3.5,27.33,balloon,6.26,8,0.0,0.0,0.0,0.0,0.5,0.0,0.0,0.0,0.0,0.0,0.0,0.0,0.5
5678,22,0.0,knight,knight,troop,12.5,30.0,,0.0,0,0.0,0.0,0.0,0.0,0.5,0.0,0.0,0.0,0.0,0.0,0.0,0.0,0.5
5678,22,3.0,ice_wizard,ice_wizard,troop,1.5,18.0,wizard,13.22,1,0.0,0.0,0.0,0.0,0.5,0.5,0.0,0.0,0.0,0.0,0.0,0.0,1.0
5678,22,12.0,skeletons,skeletons,troop,9.5,31.33,wizard,20.99,1,0.0,0.0,0.0,0.0,0.5,0.0,0.0,0.0,0.0,1.0,0.0,-0.0,1.5
5678,22,18.6,tesla,tesla,building,1.5,18.0,wizard,2.82,4,0.0,0.0,0.0,0.0,0.5,0.0,0.0,0.0,0.0,1.0,0.0,0.0,1.5
5678,22,35.4,x_bow,x_bow,building,14.5,18.0,zappies,1.25,3,0.0,0.0,0.0,0.0,0.5,0.0,0.0,0.0,0.0,0.0,1.0,0.0,1.5
5678,22,40.8,the_log,the_log,spell,14.5,22.0,zappies,1.65,4,0.0,0.0,0.0,0.0,0.5,0.0,0.6667,0.0,0.0,0.0,0.0,0.0,1.1667
5678,22,48.0,knight,knight,troop,14.5,18.0,royal_ghost,1.25,1,0.0,0.0,0.0,0.0,0.5,1.0,0.0,0.0,0.0,0.8851,0.0,0.0,2.3851
5678,22,51.0,skeletons,skeletons,troop,9.5,31.33,royal_ghost,15.48,2,0.0,0.0,0.0,0.0,0.5,0.0,0.0,0.0,0.0,0.0,0.0,-0.0,0.5
5678,22,60.0,ice_wizard,ice_wizard,troop,1.5,18.0,royal_ghost,4.8,2,0.0,0.0,0.0,0.0,0.5,0.0,0.0,0.0,0.0,0.0,0.0,0.0,0.5
5678,22,74.4,tesla,tesla,building,1.5,18.0,royal_ghost,4.55,1,0.0,0.0,0.0,-0.0,0.5,0.0,0.0,0.0,0.0,1.0,0.0,0.0,1.5
5678,22,88.8,x_bow,x_bow,building,3.5,18.0,royal_ghost,3.73,1,0.0,0.0,0.0,-0.0,0.5,0.0,0.0,0.0,0.0,0.0,1.0,0.0,1.5
5678,22,95.4,knight_evo,knight,troop,5.5,18.0,battle_ram,11.41,2,0.0,0.0,0.0,0.0,0.5,0.0,0.0,0.0,0.0,1.0,0.0,0.0,1.5
5678,22,98.4,skeletons,skeletons,troop,9.5,31.33,battle_ram,14.29,2,0.0,0.0,0.0,0.0,0.5,0.0,0.0,0.0,0.0,1.0,0.0,0.0,1.5
5678,22,111.6,ice_wizard,ice_wizard,troop,2.5,18.0,barbarians,11.66,2,0.0,0.0,0.0,0.0,0.5,0.0,0.0,0.0,0.0,0.0,0.0,0.0,0.5
5678,22,118.2,tesla_evo,tesla,building,1.5,18.0,,0.0,1,0.0,0.0,0.0,0.0,0.5,0.0,0.0,0.0,0.0,0.0,0.0,0.0,0.5
5678,22,126.0,the_log,the_log,spell,3.5,18.0,wizard,6.0,1,0.0,0.0,0.0,0.0,0.5,0.0,0.0,0.0,0.0,0.0,0.0,0.0,0.5
5678,22,126.6,knight,knight,troop,12.5,30.0,wizard,20.07,1,0.0,0.0,0.0,0.0,0.0,0.0,0.0,0.0,0.0,0.0,0.0,0.0,0.0
5678,22,127.8,skeletons,skeletons,troop,9.5,31.33,wizard,19.75,1,0.0,0.0,0.0,0.0,0.5,0.0,0.0,0.0,0.0,1.0,0.0,-0.0,1.5
5678,22,133.2,ice_wizard,ice_wizard,troop,3.5,18.0,,0.0,0,0.0,0.0,0.0,0.0,0.5,0.0,0.0,0.0,0.0,0.0,0.0,0.0,0.5
5678,22,137.4,tesla,tesla,building,3.5,18.0,giant_skeleton,17.26,1,0.0,0.0,0.0,-0.0,0.5,0.0,0.0,0.0,0.0,0.0,0.0,0.0,0.5
5678,22,144.6,the_log,the_log,spell,14.5,18.0,giant_skeleton,7.5,2,0.0,0.0,0.0,0.0,0.0,0.0,1.0,0.0,0.0,0.0,0.0,0.0,1.0
5678,22,145.2,knight,knight,troop,12.5,30.0,giant_skeleton,19.67,2,0.0,0.0,0.0,0.0,0.0,0.0,0.0,0.0,0.0,0.0,0.0,0.0,0.0
5678,22,145.8,skeletons,skeletons,troop,9.5,31.33,giant_skeleton,21.63,2,0.0,0.0,0.0,0.0,0.0,0.0,0.0,0.0,0.0,0.0,0.0,-0.0,0.0
5678,22,150.0,ice_wizard,ice_wizard,troop,1.5,18.0,giant_skeleton,14.63,5,0.0,0.0,0.0,0.0,0.3728,0.0,0.0,0.0,0.0,1.0,0.0,0.0,1.3728
5678,22,154.2,tornado,tornado,spell,0.5,16.67,giant_skeleton,12.88,5,0.0,0.0,0.0,0.0,0.057,0.0,0.0,0.0,0.0,0.0,0.0,0.0,0.057
5678,22,159.6,tesla,tesla,building,1.5,18.0,giant_skeleton,11.9,6,0.0,0.0,0.0,-0.0,0.5,0.0,0.0,0.0,0.0,1.0,0.0,0.0,1.5
5678,22,162.6,the_log,the_log,spell,12.5,23.33,giant_skeleton,0.1,5,0.0,0.0,0.0,0.0,0.081,0.0,0.3333,0.0,0.0,0.0,0.0,0.0,0.4143
5678,22,163.8,skeletons,skeletons,troop,9.5,31.33,giant_skeleton,8.13,5,0.0,0.0,0.0,0.0,0.5,0.0,0.0,0.0,0.0,1.0,0.0,-0.0,1.5
5678,22,168.0,knight_evo,knight,troop,5.5,18.0,giant_skeleton,8.93,5,0.0,0.0,0.0,0.0,0.5,0.0,0.0,0.0,0.0,0.0,0.0,0.0,0.5
5678,22,174.0,ice_wizard,ice_wizard,troop,3.5,18.0,zappies,10.34,2,0.0,0.0,0.0,0.0,0.367,0.0,0.0,0.0,0.0,0.0,0.0,0.0,0.367
5678,22,179.4,tesla_evo,tesla,building,3.5,18.0,giant_skeleton,15.0,1,0.0,0.0,0.0,-0.0,0.5,0.0,0.0,0.0,0.0,0.0,0.0,0.0,0.5
5678,22,184.8,the_log,the_log,spell,14.5,18.0,zappies,11.9,2,0.0,0.0,0.0,0.0,0.0,0.0,0.0,0.0,0.0,0.0,0.0,0.0,0.0
5678,22,185.4,skeletons,skeletons,troop,9.5,31.33,giant_skeleton,16.7,3,0.0,0.0,0.0,0.0,0.5,0.0,0.0,0.0,0.0,1.0,0.0,-0.0,1.5
5678,22,186.6,knight,knight,troop,14.5,18.0,giant_skeleton,2.04,3,0.0,0.0,0.0,0.0,0.0,1.0,0.0,0.0,0.0,1.0,0.0,0.0,2.0
5678,22,192.0,ice_wizard,ice_wizard,troop,3.5,18.0,giant_skeleton,10.45,2,0.0,0.0,0.0,0.0,0.0,0.0,0.0,0.0,0.0,0.0,0.0,0.0,0.0
5678,22,196.2,tesla,tesla,building,1.5,18.0,giant_skeleton,12.44,2,0.0,0.0,0.0,-0.0,0.5,0.0,0.0,0.0,0.0,1.0,0.0,0.0,1.5
5678,22,202.8,the_log,the_log,spell,3.5,18.0,giant_skeleton,9.01,2,0.0,0.0,0.0,0.0,0.5,0.0,0.0,0.0,0.0,0.0,0.0,0.0,0.5
5678,22,203.4,skeletons,skeletons,troop,9.5,31.33,giant_skeleton,10.44,2,0.0,0.0,0.0,0.0,0.5,0.0,0.0,0.0,0.0,1.0,0.0,-0.0,1.5
5678,22,204.6,knight,knight,troop,3.5,18.0,giant_skeleton,8.72,2,0.0,0.0,0.0,0.0,0.2116,0.0,0.0,0.0,0.0,0.0,0.0,0.0,0.2116
5678,22,210.0,ice_wizard,ice_wizard,troop,3.5,18.0,giant_skeleton,9.66,1,0.0,0.0,0.0,0.0,0.5,0.0,0.0,0.0,0.0,0.0,0.0,0.0,0.5
5678,23,0.0,ice_wizard,ice_wizard,troop,1.5,18.0,,0.0,0,0.0,0.0,0.0,0.0,0.5,0.0,0.0,0.0,0.0,0.0,0.0,0.0,0.5
5678,23,0.6,skeletons,skeletons,troop,9.5,31.33,giant,16.81,1,0.0,0.0,0.0,0.0,0.5,0.0,0.0,0.0,0.0,1.0,0.0,0.0,1.5
5678,23,6.0,knight,knight,troop,14.5,19.33,giant,0.41,1,0.0,0.0,0.0,0.0,0.5,1.0,0.0,0.0,0.0,1.0,0.0,0.0,2.5
5678,23,18.0,tesla,tesla,building,1.5,18.0,giant,13.39,2,0.0,0.0,0.0,-0.0,0.5,0.0,0.0,0.0,0.0,1.0,0.0,0.0,1.5
5678,23,36.0,x_bow,x_bow,building,3.5,18.0,wizard,10.85,1,0.0,0.0,0.0,0.0,0.5,0.0,0.0,0.0,0.0,1.0,1.0,0.0,2.5
5678,23,49.8,ice_wizard,ice_wizard,troop,1.5,18.0,,0.0,0,0.0,0.0,0.0,0.0,0.5,0.0,0.0,0.0,0.0,0.0,0.0,0.0,0.5
5678,23,50.4,skeletons,skeletons,troop,9.5,31.33,,0.0,0,0.0,0.0,0.0,0.0,1.0,0.0,0.0,0.0,0.0,0.0,0.0,0.0,1.0
5678,23,52.2,the_log,the_log,spell,14.5,18.0,sparky,2.43,1,0.0,0.0,0.0,0.0,0.5,0.0,0.0,0.0,0.0,0.0,0.0,0.0,0.5
5678,23,59.4,knight,knight,troop,12.5,30.0,sparky,10.18,1,0.0,0.0,0.0,0.0,0.5,0.5,0.0,0.0,0.0,1.0,0.0,0.0,2.0
5678,23,70.2,tesla,tesla,building,1.5,18.0,giant,11.36,1,0.0,0.0,0.0,-0.0,0.5,0.0,0.0,0.0,0.0,1.0,0.0,0.0,1.5
5678,23,82.2,ice_wizard,ice_wizard,troop,14.5,18.0,mini_pekka,3.05,1,0.0,0.0,0.0,0.0,0.0,1.0,0.0,0.0,0.0,1.0,0.0,0.0,2.0
5678,23,82.8,skeletons,skeletons,troop,9.5,31.33,mini_pekka,16.97,1,0.0,0.0,0.0,0.0,0.0,0.0,0.0,0.0,0.0,0.0,0.0,-0.0,0.0
5678,23,102.6,x_bow,x_bow,building,1.5,18.0,wizard,3.44,1,0.0,0.0,0.0,0.0,0.5,0.0,0.0,0.0,0.0,1.0,0.0,0.0,1.5
5678,23,105.0,the_log,the_log,spell,3.5,18.0,wizard,2.7,1,0.0,0.0,0.0,0.0,0.5,0.0,0.0,0.0,0.0,0.0,0.0,0.0,0.5
5678,23,112.2,knight_evo,knight,troop,1.5,18.0,,0.0,0,0.0,0.0,0.0,0.0,0.5,0.0,0.0,0.0,0.0,0.0,0.0,0.0,0.5
5678,23,120.6,ice_wizard,ice_wizard,troop,1.5,18.0,sparky,4.85,1,0.0,0.0,0.0,0.0,0.0,1.0,0.0,0.0,0.0,0.0,0.0,0.0,1.0
5678,23,121.8,skeletons,skeletons,troop,9.5,31.33,sparky,18.77,1,0.0,0.0,0.0,0.0,0.0,0.0,0.0,0.0,0.0,0.0,0.0,-0.0,0.0
5678,23,127.2,tornado,tornado,spell,17.5,18.0,sparky,13.74,2,0.0,0.0,0.0,0.0,0.0,0.0,0.4545,0.0097,0.0,0.0,0.0,0.0,0.4642
5678,23,132.0,tesla_evo,tesla,building,1.5,18.0,giant,12.84,2,0.0,0.0,0.0,-0.0,0.5,0.0,0.0,0.0,0.0,1.0,0.0,0.0,1.5
5678,23,136.2,knight,knight,troop,12.5,30.0,giant,7.0,2,0.0,0.0,0.0,0.0,0.5,0.5,0.0,0.0,0.0,1.0,0.0,0.0,2.0
5678,23,141.6,ice_wizard,ice_wizard,troop,1.5,18.0,giant,11.58,3,0.0,0.0,0.0,0.0,0.5,0.0,0.0,0.0,0.0,0.0,0.0,0.0,0.5
5678,23,142.2,skeletons,skeletons,troop,9.5,31.33,giant,4.69,2,0.0,0.0,0.0,0.0,0.5,0.0,0.0,0.0,0.0,0.1913,0.0,0.0,0.6913
5678,23,150.0,x_bow,x_bow,building,1.5,18.0,wizard,11.83,2,0.0,0.0,0.0,0.0,0.5,0.0,0.0,0.0,0.0,0.0,0.0,0.0,0.5
5678,23,155.4,tesla,tesla,building,3.5,18.0,sparky,3.71,1,0.0,0.0,0.0806,0.0,0.5,0.0,0.0,0.0,0.0,0.0,0.0,0.0,0.5806
5678,23,158.4,the_log,the_log,spell,3.5,18.0,giant,9.9,2,0.0,0.0,0.0,0.0,0.5,0.0,0.0,0.0,0.0,0.0,0.0,0.0,0.5
5678,23,162.6,knight,knight,troop,3.5,18.0,giant,9.53,3,0.0,0.0,0.0,0.0,0.3522,0.0,0.0,0.0,0.0,0.0,0.0,0.0,0.3522
5678,23,163.8,skeletons,skeletons,troop,9.5,31.33,giant,6.69,4,0.0,0.0,0.0,0.0,0.5,0.0,0.0,0.0,0.0,1.0,0.0,0.0,1.5
5678,23,169.8,ice_wizard,ice_wizard,troop,2.5,18.0,mini_pekka,11.58,1,0.0,0.0,0.0,0.0,0.4624,0.0,0.0,0.0,0.0,0.0,0.0,0.0,0.4624
9012,0,0.0,knight,knight,troop,12.5,30.0,,0.0,0,0.0,0.0,0.0,0.0,0.5,0.0,0.0,0.0,0.0,0.0,0.0,0.0,0.5
9012,0,1.2,skeletons,skeletons,troop,9.5,31.33,archers,17.78,2,0.0,0.0,0.0,0.0,0.5,0.0,0.0,0.0,0.0,1.0,0.0,0.0,1.5
9012,0,8.4,the_log,the_log,spell,3.5,18.0,archers,10.15,2,0.0,0.0,0.0,0.0,0.5,0.0,0.5,0.0,0.0,0.0,0.0,0.0,1.0
9012,0,15.6,tesla,tesla,building,1.5,18.0,knight,4.88,4,0.0,0.0,0.0,-0.0,0.5,0.0,0.0,0.0,0.0,1.0,0.0,0.0,1.5
9012,0,24.0,ice_wizard,ice_wizard,troop,3.5,18.0,archers,10.84,2,0.0,0.0,0.0,0.0,0.5,0.0,0.0,0.0,0.0,0.0,0.0,0.0,0.5
9012,0,31.2,knight,knight,troop,12.5,30.0,archers,10.52,1,0.0,0.0,0.0,0.0,0.5,0.0,0.0,0.0,0.0,0.0,0.0,0.0,0.5
9012,0,34.2,skeletons,skeletons,troop,9.5,31.33,knight,19.17,1,0.0,0.0,0.0,0.0,0.5,0.0,0.0,0.0,0.0,1.0,0.0,-0.0,1.5
9012,0,51.6,x_bow,x_bow,building,1.5,18.0,knight,4.7,3,0.0,0.0,0.0,-0.0,0.5,0.0,0.0,0.0,0.0,0.0,1.0,0.0,1.5
9012,0,63.0,tesla,tesla,building,3.5,18.0,archers,12.08,2,0.0,0.0,0.0,0.0,0.5,0.0,0.0,0.0,0.0,0.0,0.0,0.0,0.5
9012,0,73.2,ice_wizard,ice_wizard,troop,14.5,18.0,archers,0.67,2,0.0,0.0,0.0,0.0,0.5,0.0,0.0,0.0,0.0,0.2214,0.0,0.0,0.7214
9012,0,78.6,knight_evo,knight,troop,5.5,18.0,knight,9.0,1,0.0,0.0,0.0,0.0,0.5,0.0,0.0,0.0,0.0,0.0,0.0,0.0,0.5
9012,0,81.6,skeletons,skeletons,troop,9.5,31.33,knight,10.06,1,0.0,0.0,0.0,0.0,0.5,0.0,0.0,0.0,0.0,0.0,0.0,-0.0,0.5
9012,0,102.0,x_bow,x_bow,building,1.5,18.0,,0.0,3,0.0,0.0,0.0,0.0,0.5,0.0,0.0,0.0,0.0,0.0,0.0,0.0,0.5
9012,0,105.0,the_log,the_log,spell,14.5,18.0,archers,3.93,5,0.0,0.0,0.0,0.0,0.5,0.0,0.0,0.0,0.0,0.0,0.0,0.0,0.5
9012,0,112.2,ice_wizard,ice_wizard,troop,14.5,27.33,,0.0,8,0.0,0.0,0.0,0.0,0.5,0.0,0.0,0.0,0.0,0.0,0.0,0.0,0.5
9012,0,120.6,knight,knight,troop,14.5,20.67,knight,0.24,1,0.0,0.0,0.0,0.0,0.5,1.0,0.0,0.0,0.0,1.0,0.0,0.0,2.5
9012,0,121.8,skeletons,skeletons,troop,9.5,31.33,knight,11.38,1,0.0,0.0,0.0,0.0,0.5,0.0,0.0,0.0,0.0,0.0,0.0,-0.0,0.5
9012,0,128.4,tesla_evo,tesla,building,1.5,18.0,,0.0,0,0.0,0.0,0.0,0.0,0.5,0.0,0.0,0.0,0.0,0.0,0.0,0.0,0.5
9012,0,135.6,the_log,the_log,spell,3.5,18.0,archers,11.31,1,0.0,0.0,0.0,0.0,0.5,0.0,0.0,0.0,0.0,0.0,0.0,0.0,0.5
9012,0,138.0,ice_wizard,ice_wizard,troop,12.5,18.0,,0.0,0,0.0,0.0,0.0,0.0,0.5,0.0,0.0,0.0,0.0,0.0,0.0,0.0,0.5
9012,0,138.6,knight,knight,troop,14.5,18.0,,0.0,0,0.0,0.0,0.0,0.0,0.5,0.0,0.0,0.0,0.0,0.0,0.0,0.0,0.5
9012,0,141.6,skeletons,skeletons,troop,9.5,31.33,,0.0,0,0.0,0.0,0.0,0.0,1.0,0.0,0.0,0.0,0.0,0.0,0.0,0.0,1.0
9012,0,145.8,tesla,tesla,building,14.5,18.0,knight,4.96,4,0.0,0.0,0.75,-0.0,0.5,0.0,0.0,0.0,0.0,1.0,0.0,0.0,2.25
9012,0,153.0,the_log,the_log,spell,12.5,18.0,archers,5.55,1,0.0,0.0,0.0,0.0,0.5,0.0,0.0,0.0,0.0,0.0,0.0,0.0,0.5
9012,0,153.6,ice_wizard,ice_wizard,troop,14.5,18.0,archers,5.14,1,0.0,0.0,0.0,0.0,0.5,1.0,0.0,0.0,0.0,0.0,0.0,0.0,1.5
9012,0,157.2,knight_evo,knight,troop,1.5,18.0,,0.0,0,0.0,0.0,0.0,0.0,0.5,0.0,0.0,0.0,0.0,0.0,0.0,0.0,0.5
9012,0,159.0,skeletons,skeletons,troop,9.5,31.33,knight,22.53,1,0.0,0.0,0.0,0.0,0.5,0.0,0.0,0.0,0.0,0.0,0.0,-0.0,0.5
9012,0,165.0,tesla,tesla,building,1.5,18.0,knight,6.18,1,0.0,0.0,0.432,-0.0,0.5,0.0,0.0,0.0,0.0,1.0,0.0,0.0,1.932
9012,0,171.0,the_log,the_log,spell,3.5,18.0,knight,4.77,3,0.0,0.0,0.0,0.0,0.5,0.0,0.0,0.0,0.0,0.0,0.0,0.0,0.5
9012,0,171.6,ice_wizard,ice_wizard,troop,3.5,18.0,knight,4.17,3,0.0,0.0,0.0,0.0,0.5,1.0,0.0,0.0,0.0,0.0,0.0,0.0,1.5
9012,0,175.2,knight,knight,troop,12.5,30.0,,0.0,0,0.0,0.0,0.0,0.0,0.5,0.0,0.0,0.0,0.0,0.0,0.0,0.0,0.5
9012,0,176.4,skeletons,skeletons,troop,9.5,31.33,knight,17.92,1,0.0,0.0,0.0,0.0,0.5,0.0,0.0,0.0,0.0,0.0,0.0,-0.0,0.5
9012,1,1.2,tesla,tesla,building,1.5,18.0,firecracker,12.96,4,0.0,0.0,0.0,0.0,0.5,0.0,0.0,0.0,0.0,0.6667,0.0,0.0,1.1667
9012,1,1.8,skeletons,skeletons,troop,9.5,31.33,firecracker,16.92,4,0.0,0.0,0.0,0.0,0.5,0.0,0.0,0.0,0.0,0.0,0.0,0.0,0.5
9012,1,13.8,ice_wizard,ice_wizard,troop,1.5,18.0,mighty_miner,12.43,1,0.0,0.0,0.0,0.0,0.5,0.0,0.0,0.0,0.0,0.0,0.0,0.0,0.5
9012,1,24.0,the_log,the_log,spell,3.5,18.0,mighty_miner,11.35,3,0.0,0.0,0.0,0.0,0.5,0.0,0.0,0.0,0.0,0.0,0.0,0.0,0.5
9012,1,24.6,knight,knight,troop,12.5,30.0,mighty_miner,7.18,2,0.0,0.0,0.0,0.0,0.5,0.5,0.0,0.0,0.0,1.0,0.0,0.0,2.0
9012,1,33.0,tornado,tornado,spell,5.5,18.0,firecracker,2.66,1,0.0,0.0,0.0,0.0,0.5,0.0,1.0,0.0479,0.0,0.0,0.0,0.0,1.5479
9012,1,36.0,skeletons,skeletons,troop,9.5,31.33,firecracker,12.94,1,0.0,0.0,0.0,0.0,0.5,0.0,0.0,0.0,0.0,0.0,0.0,0.0,0.5
9012,1,45.6,ice_wizard,ice_wizard,troop,12.5,18.0,mighty_miner,6.08,1,0.0,0.0,0.0,0.0,0.0,0.0,0.0,0.0,0.0,0.0,0.0,0.0,0.0
9012,1,54.0,tesla,tesla,building,1.5,18.0,mighty_miner,11.87,5,0.0,0.0,0.0,-0.0,0.5,0.0,0.0,0.0,0.0,0.3945,0.0,0.0,0.8945
9012,1,62.4,knight,knight,troop,12.5,30.0,mighty_miner,9.63,2,0.0,0.0,0.0,0.0,0.5,0.5,0.0,0.0,0.0,1.0,0.0,0.0,2.0
9012,1,76.8,the_log,the_log,spell,12.5,24.67,hog_rider,0.26,2,0.0,0.0,0.0,0.0,0.1538,0.0,0.5714,0.0,0.0,0.0,0.0,0.0,0.7253
9012,1,77.4,skeletons,skeletons,troop,9.5,31.33,hog_rider,6.23,2,0.0,0.0,0.0,0.0,0.5,0.0,0.0,0.0,0.0,0.6468,0.0,0.0,1.1468
9012,1,85.2,ice_wizard,ice_wizard,troop,1.5,18.0,mighty_miner,12.59,2,0.0,0.0,0.0,0.0,0.4941,0.0,0.0,0.0,0.0,0.0,0.0,0.0,0.4941
9012,1,90.6,tesla_evo,tesla,building,1.5,18.0,mighty_miner,11.52,6,0.0,0.0,0.0,-0.0,0.5,0.0,0.0,0.0,0.0,1.0,0.0,0.0,1.5
9012,2,1.2,tesla,tesla,building,1.5,18.0,witch,13.22,1,0.0,0.0,0.0,0.0,0.5,0.0,0.0,0.0,0.0,0.0,0.0,0.0,0.5
9012,2,9.6,ice_wizard,ice_wizard,troop,3.5,18.0,witch,10.97,5,0.0,0.0,0.0,0.0,0.5,0.0,0.0,0.0,0.0,0.0,0.0,0.0,0.5
9012,2,11.4,the_log,the_log,spell,3.5,18.0,witch,10.97,5,0.0,0.0,0.0,0.0,0.5,0.0,0.0,0.0,0.0,0.0,0.0,0.0,0.5
9012,2,19.8,knight,knight,troop,12.5,30.0,,0.0,0,0.0,0.0,0.0,0.0,0.5,0.0,0.0,0.0,0.0,0.0,0.0,0.0,0.5
9012,2,26.4,skeletons,skeletons,troop,9.5,31.33,,0.0,0,0.0,0.0,0.0,0.0,1.0,0.0,0.0,0.0,0.0,0.0,0.0,0.0,1.0
9012,2,35.4,tesla,tesla,building,12.5,18.0,zappies,3.16,3,0.0,0.0,0.2746,0.0,0.5,0.0,0.0,0.0,0.0,0.0641,0.0,0.0,0.8387
9012,2,45.6,ice_wizard,ice_wizard,troop,1.5,18.0,skeleton_barrel,2.09,1,0.0,0.0,0.0,0.0,0.5,0.5,0.0,0.0,0.0,1.0,0.0,0.0,2.0
9012,2,59.4,x_bow,x_bow,building,1.5,18.0,,0.0,2,0.0,0.0,0.0,0.0,0.5,0.0,0.0,0.0,0.0,0.0,1.0,0.0,1.5
9012,2,68.4,knight,knight,troop,12.5,30.0,witch,18.29,1,0.0,0.0,0.0,0.0,0.5,0.0,0.0,0.0,0.0,0.0,0.0,0.0,0.5
9012,2,70.2,skeletons,skeletons,troop,9.5,31.33,witch,18.32,5,0.0,0.0,0.0,0.0,0.5,0.0,0.0,0.0,0.0,0.0,0.0,-0.0,0.5
9012,2,78.0,the_log,the_log,spell,3.5,18.0,witch,1.78,5,0.0,0.0,0.0,0.0,0.5,0.0,1.0,0.0,0.0,0.0,0.0,0.0,1.5
9012,2,84.6,ice_wizard,ice_wizard,troop,1.5,18.0,witch,1.97,5,0.0,0.0,0.0,0.0,0.5,0.0,0.0,0.0,0.0,0.0,0.0,0.0,0.5
9012,2,99.6,tesla_evo,tesla,building,1.5,18.0,skeleton_barrel,13.21,2,0.0,0.0,0.0,-0.0,0.5,0.0,0.0,0.0,0.0,0.2889,0.0,0.0,0.7889
9012,2,103.8,knight_evo,knight,troop,3.5,18.0,skeleton_barrel,10.67,2,0.0,0.0,0.0,0.0,0.5,0.0,0.0,0.0,0.0,0.0,0.0,0.0,0.5
9012,2,106.8,skeletons,skeletons,troop,9.5,31.33,zappies,14.87,8,0.0,0.0,0.0,0.0,0.5,0.0,0.0,0.0,0.0,0.0,0.0,0.0,0.5
9012,2,123.0,x_bow,x_bow,building,3.5,18.0,rascals,7.58,3,0.0,0.0,0.0,-0.0,0.5,0.0,0.0,0.0,0.0,0.0,0.0,0.0,0.5
9012,2,127.8,ice_wizard,ice_wizard,troop,1.5,18.0,rascals,4.29,3,0.0,0.0,0.0,0.0,0.5,0.5,0.0,0.0,0.0,0.8429,0.0,0.0,1.8429
9012,2,132.0,tesla,tesla,building,1.5,18.0,rascals,1.69,3,0.0,0.0,0.75,-0.0,0.5,0.0,0.0,0.0,0.0,0.8297,0.0,0.0,2.0797
9012,2,134.4,the_log,the_log,spell,3.5,18.0,rascals,0.4,6,0.0,0.0,0.0,0.0,0.5,0.0,1.0,0.0,0.0,0.0,0.0,0.0,1.5
9012,2,136.2,skeletons,skeletons,troop,9.5,31.33,rascals,18.13,5,0.0,0.0,0.0,0.0,0.5,0.0,0.0,0.0,0.0,0.0,0.0,0.0,0.5
9012,2,140.4,knight,knight,troop,12.5,20.67,zappies,0.0,4,0.0,0.0,0.0,0.0,0.0,1.0,0.0,0.0,0.0,1.0,0.0,0.0,2.0
9012,2,144.6,ice_wizard,ice_wizard,troop,0.5,26.0,skeleton_barrel,11.11,4,0.0,0.0,0.0,0.0,0.5,0.0,0.0,0.0,0.0,0.0,0.0,0.0,0.5
9012,2,150.6,tesla,tesla,building,1.5,18.0,witch,13.26,11,0.0,0.0,0.0,0.0,0.5,0.0,0.0,0.0,0.0,0.0,0.0,0.0,0.5
9012,2,157.2,the_log,the_log,spell,12.5,22.0,witch,1.43,5,0.0,0.0,0.0,0.0,0.0,0.0,0.8889,0.0,0.0,0.0,0.0,0.0,0.8889
9012,2,157.8,skeletons,skeletons,troop,9.5,31.33,witch,10.32,5,0.0,0.0,0.0,0.0,0.5,0.0,0.0,0.0,0.0,0.8439,0.0,-0.0,1.3439
9012,2,158.4,knight,knight,troop,3.5,18.0,witch,9.08,1,0.0,0.0,0.0,0.0,0.2025,0.0,0.0,0.0,0.0,0.0,0.0,0.0,0.2025
9012,2,163.2,ice_wizard,ice_wizard,troop,3.5,18.0,zappies,4.02,3,0.0,0.0,0.0,0.0,0.0522,1.0,0.0,0.0,0.0,0.0,0.0,0.0,1.0522
9012,2,168.6,tesla_evo,tesla,building,3.5,18.0,skeleton_barrel,9.71,2,0.0,0.0,0.0,-0.0,0.5,0.0,0.0,0.0,0.0,1.0,0.0,0.0,1.5
9012,2,178.8,x_bow,x_bow,building,1.5,18.0,,0.0,1,0.0,0.0,0.0,0.0,0.5,0.0,0.0,0.0,0.0,0.0,0.0,0.0,0.5
9012,2,179.4,skeletons,skeletons,troop,9.5,31.33,,0.0,1,0.0,0.0,0.0,0.0,0.5,0.0,0.0,0.0,0.0,0.0,0.0,0.0,0.5
9012,2,181.8,the_log,the_log,spell,3.5,18.0,,0.0,4,0.0,0.0,0.0,0.0,0.5,0.0,1.0,0.0,0.0,0.0,0.0,0.0,1.5
9012,2,184.8,knight_evo,knight,troop,5.5,18.0,,0.0,0,0.0,0.0,0.0,0.0,0.5,0.0,0.0,0.0,0.0,0.0,0.0,0.0,0.5
9012,2,189.0,ice_wizard,ice_wizard,troop,5.5,18.0,zappies,8.18,3,0.0,0.0,0.0,0.0,0.0,0.0,0.0,0.0,0.0,1.0,0.0,0.0,1.0
9012,2,195.0,tesla,tesla,building,3.5,18.0,zappies,8.33,8,0.0,0.0,0.0,0.0,0.5,0.0,0.0,0.0,0.0,1.0,0.0,0.0,1.5
9012,2,196.2,skeletons,skeletons,troop,9.5,31.33,zappies,11.09,4,0.0,0.0,0.0,0.0,0.5,0.0,0.0,0.0,0.0,1.0,0.0,0.0,1.5
9012,2,205.2,x_bow,x_bow,building,5.5,18.0,rascals,6.91,1,0.0,0.0,0.0,-0.0,0.5,0.0,0.0,0.0,0.0,0.0,0.0,0.0,0.5
9012,2,207.6,the_log,the_log,spell,0.5,26.0,,0.0,1,0.0,0.0,0.0,0.0,0.5,0.0,1.0,0.0,0.0,0.0,0.0,0.0,1.5
9012,2,211.8,knight,knight,troop,14.5,18.0,,0.0,0,0.0,0.0,0.0,0.0,0.0,0.0,0.0,0.0,0.0,0.0,0.0,0.0,0.0
9012,2,216.6,ice_wizard,ice_wizard,troop,1.5,18.0,zappies,3.54,3,0.0,0.0,0.0,0.0,0.2473,0.5715,0.0,0.0,0.0,0.0,0.0,0.0,0.8188
9012,2,217.8,skeletons,skeletons,troop,9.5,31.33,zappies,17.38,3,0.0,0.0,0.0,0.0,0.5,0.0,0.0,0.0,0.0,0.0,0.0,0.0,0.5
9012,2,222.6,tesla,tesla,building,1.5,18.0,zappies,2.39,4,0.0,0.0,0.0,0.0,0.5,0.0,0.0,0.0,0.0,1.0,0.0,0.0,1.5
9012,2,229.2,the_log,the_log,spell,3.5,23.33,zappies,3.69,16,0.0,0.0,0.0,0.0,0.5,0.0,0.3,0.0,0.0,0.0,0.0,0.0,0.8
9012,2,229.8,knight,knight,troop,3.5,23.33,zappies,3.14,15,0.0,0.0,0.0,0.0,0.5,1.0,0.0,0.0,0.0,0.9562,0.0,0.0,2.4562
9012,2,234.0,ice_wizard,ice_wizard,troop,1.5,18.0,zappies,0.37,6,0.0,0.0,0.0,0.0,0.5,0.0,0.0,0.0,0.0,0.3554,0.0,0.0,0.8554
9012,2,235.2,skeletons,skeletons,troop,9.5,31.33,witch,17.22,6,0.0,0.0,0.0,0.0,0.5,0.0,0.0,0.0,0.0,1.0,0.0,-0.0,1.5
9012,2,241.2,tesla_evo,tesla,building,1.5,18.0,witch,12.18,8,0.0,0.0,0.0,0.0,0.5,0.0,0.0,0.0,0.0,1.0,0.0,0.0,1.5
9012,2,244.8,the_log,the_log,spell,3.5,18.0,witch,9.36,13,0.0,0.0,0.0,0.0,0.5,0.0,0.0,0.0,0.0,0.0,0.0,0.0,0.5
9012,2,245.4,knight_evo,knight,troop,3.5,18.0,witch,9.4,11,0.0,0.0,0.0,0.0,0.2287,0.0,0.0,0.0,0.0,0.0,0.0,0.0,0.2287
9012,2,248.4,ice_wizard,ice_wizard,troop,3.5,18.0,witch,9.4,6,0.0,0.0,0.0,0.0,0.2287,0.0,0.0,0.0,0.0,0.0,0.0,0.0,0.2287
9012,2,249.0,skeletons,skeletons,troop,9.5,31.33,witch,8.93,5,0.0,0.0,0.0,0.0,0.5,0.0,0.0,0.0,0.0,0.0,0.0,-0.0,0.5
9012,2,253.8,tesla,tesla,building,0.5,26.0,skeleton_barrel,10.07,3,0.0,0.0,0.0,-0.0,0.5,0.0,0.0,0.0,0.0,1.0,0.0,0.0,1.5
9012,2,258.0,the_log,the_log,spell,10.5,27.33,witch,4.82,12,0.0,0.0,0.0,0.0,0.5,0.0,0.2778,0.0,0.0,0.0,0.0,0.0,0.7778
9012,2,258.6,knight,knight,troop,10.5,26.0,witch,3.6,12,0.0,0.0,0.0,0.0,0.5,1.0,0.0,0.0,0.0,0.9817,0.0,0.0,2.4817
9012,2,261.6,ice_wizard,ice_wizard,troop,1.5,18.0,zappies,13.33,3,0.0,0.0,0.0,0.0,0.0,0.0,0.0,0.0,0.0,0.0,0.0,0.0,0.0
9012,2,262.2,skeletons,skeletons,troop,9.5,31.33,zappies,25.04,3,0.0,0.0,0.0,0.0,0.0,0.0,0.0,0.0,0.0,0.0,0.0,0.0,0.0
9012,2,266.4,tesla,tesla,building,1.5,18.0,skeleton_barrel,2.24,3,0.0,0.0,0.75,-0.0,0.5,0.0,0.0,0.0,0.0,1.0,0.0,0.0,2.25
9012,2,270.0,the_log,the_log,spell,3.5,18.0,witch,4.0,14,0.0,0.0,0.0,0.0,0.5,0.0,0.8571,0.0,0.0,0.0,0.0,0.0,1.3571
9012,2,270.6,knight,knight,troop,3.5,18.0,witch,4.0,14,0.0,0.0,0.0,0.0,0.5,1.0,0.0,0.0,0.0,0.4996,0.0,0.0,1.9996
9012,2,273.6,ice_wizard,ice_wizard,troop,0.5,24.67,zappies,12.8,3,0.0,0.0,0.0,0.0,0.5,0.0,0.0,0.0,0.0,0.0,0.0,0.0,0.5
9012,2,274.2,skeletons,skeletons,troop,9.5,31.33,zappies,18.99,5,0.0,0.0,0.0,0.0,0.4333,0.0,0.0,0.0,0.0,0.0,0.0,0.0,0.4333
9012,2,278.4,tesla_evo,tesla,building,1.5,18.0,zappies,6.38,2,0.0,0.0,0.1589,0.0,0.5,0.0,0.0,0.0,0.0,1.0,0.0,0.0,1.6589
9012,2,282.6,x_bow,x_bow,building,3.5,18.0,zappies,5.51,5,0.0,0.0,0.5071,0.0,0.5,0.0,0.0,0.0,0.0,0.0,0.0,0.0,1.0071
9012,2,285.6,knight_evo,knight,troop,1.5,18.0,zappies,6.55,4,0.0,0.0,0.0,0.0,0.0,0.0,0.0,0.0,0.0,0.0,0.0,0.0,0.0
9012,2,288.0,ice_wizard,ice_wizard,troop,1.5,18.0,skeleton_barrel,5.26,6,0.0,0.0,0.0,0.0,0.5,0.0,0.0,0.0,0.0,0.5701,0.0,0.0,1.0701
9012,2,289.2,skeletons,skeletons,troop,9.5,31.33,skeleton_barrel,13.88,13,0.0,0.0,0.0,0.0,0.5,0.0,0.0,0.0,0.0,0.0,0.0,0.0,0.5
9012,2,293.4,tesla,tesla,building,0.5,26.0,zappies,17.03,7,0.0,0.0,0.0,0.0,0.5,0.0,0.0,0.0,0.0,1.0,0.0,0.0,1.5
9012,2,298.8,the_log,the_log,spell,14.5,18.0,zappies,3.4,5,0.0,0.0,0.0,0.0,0.0,0.0,0.0,0.0,0.0,0.0,0.0,0.0,0.0
9012,2,299.4,knight,knight,troop,12.5,30.0,zappies,7.64,4,0.0,0.0,0.0,0.0,0.5,0.5,0.0,0.0,0.0,0.0,0.0,0.0,1.0
9012,3,0.0,knight,knight,troop,12.5,30.0,,0.0,0,0.0,0.0,0.0,0.0,0.5,0.0,0.0,0.0,0.0,0.0,0.0,0.0,0.5
9012,3,4.2,ice_wizard,ice_wizard,troop,1.5,18.0,wizard,18.82,1,0.0,0.0,0.0,0.0,0.5,0.0,0.0,0.0,0.0,1.0,0.0,0.0,1.5
9012,3,12.6,skeletons,skeletons,troop,9.5,31.33,wizard,18.92,3,0.0,0.0,0.0,0.0,0.5,0.0,0.0,0.0,0.0,1.0,0.0,-0.0,1.5
9012,3,16.8,the_log,the_log,spell,3.5,18.0,furnace,2.48,2,0.0,0.0,0.0,0.0,0.5,0.0,0.0,0.0,0.0,0.0,0.0,0.0,0.5
9012,3,24.0,tesla,tesla,building,1.5,18.0,furnace,0.74,3,0.0,0.0,0.0,0.0,0.5,0.0,0.0,0.0,0.0,1.0,0.0,0.0,1.5
9012,3,31.2,knight,knight,troop,12.5,30.0,valkyrie,11.56,1,0.0,0.0,0.0,0.0,0.5,0.0,0.0,0.0,0.0,0.8658,0.0,0.0,1.3658
9012,3,43.8,ice_wizard,ice_wizard,troop,3.5,18.0,,0.0,0,0.0,0.0,0.0,0.0,0.5,0.0,0.0,0.0,0.0,0.0,0.0,0.0,0.5
9012,3,44.4,skeletons,skeletons,troop,9.5,31.33,,0.0,0,0.0,0.0,0.0,0.0,1.0,0.0,0.0,0.0,0.0,0.0,0.0,0.0,1.0
9012,3,69.6,x_bow,x_bow,building,1.5,18.0,,0.0,0,0.0,0.0,0.0,0.0,0.5,0.0,0.0,0.0,0.0,0.0,1.0,0.0,1.5
9012,3,77.4,tesla,tesla,building,3.5,18.0,,0.0,0,0.0,0.0,0.0,0.0,0.5,0.0,0.0,0.0,0.0,0.0,0.0,0.0,0.5
9012,3,79.2,knight_evo,knight,troop,5.5,18.0,mega_knight,13.29,1,0.0,0.0,0.0,0.0,0.5,0.5,0.0,0.0,0.0,0.0,0.0,0.0,1.0
9012,3,91.2,ice_wizard,ice_wizard,troop,5.5,18.0,mega_knight,6.05,2,0.0,0.0,0.0,0.0,0.0,0.0,0.0,0.0,0.0,0.0,0.0,0.0,0.0
9012,3,91.8,skeletons,skeletons,troop,9.5,31.33,mega_knight,19.6,2,0.0,0.0,0.0,0.0,0.0,0.0,0.0,0.0,0.0,0.0,0.0,-0.0,0.0
9012,3,103.8,the_log,the_log,spell,3.5,23.33,mega_knight,0.0,2,0.0,0.0,0.0,0.0,0.5,0.0,1.0,0.0,0.0,0.0,0.0,0.0,1.5
9012,3,105.6,tornado,tornado,spell,0.5,18.0,mega_knight,5.02,3,0.0,0.0,0.0,0.0,0.4741,0.0,0.5,0.0,0.0,0.0,0.0,0.0,0.9741
9012,3,112.2,knight,knight,troop,14.5,19.33,mega_knight,9.49,2,0.0,0.0,0.0,0.0,0.5,0.0,0.0,0.0,0.0,0.0,0.0,0.0,0.5
9012,3,120.6,ice_wizard,ice_wizard,troop,14.5,18.0,furnace,3.5,1,0.0,0.0,0.0,0.0,0.0,0.0,0.0,0.0,0.0,0.0,0.0,0.0,0.0
9012,3,123.0,skeletons,skeletons,troop,9.5,31.33,,0.0,0,0.0,0.0,0.0,0.0,0.5,0.0,0.0,0.0,0.0,0.0,0.0,0.0,0.5
9012,3,129.0,tesla_evo,tesla,building,1.5,18.0,valkyrie,14.03,1,0.0,0.0,0.0,-0.0,0.0,0.0,0.0,0.0,0.0,1.0,0.0,0.0,1.0
9012,3,135.0,the_log,the_log,spell,14.5,18.0,valkyrie,2.99,1,0.0,0.0,0.0,0.0,0.5,0.0,0.0,0.0,0.0,0.0,0.0,0.0,0.5
9012,3,135.6,knight,knight,troop,12.5,30.0,valkyrie,15.12,1,0.0,0.0,0.0,0.0,0.4333,0.0,0.0,0.0,0.0,0.0,0.0,0.0,0.4333
9012,3,140.4,ice_wizard,ice_wizard,troop,14.5,18.0,valkyrie,0.0,1,0.0,0.0,0.0,0.0,0.5,1.0,0.0,0.0,0.0,1.0,0.0,0.0,2.5
9012,3,141.0,skeletons,skeletons,troop,9.5,31.33,valkyrie,13.84,1,0.0,0.0,0.0,0.0,0.5,0.0,0.0,0.0,0.0,0.0,0.0,-0.0,0.5
9012,3,147.0,tesla,tesla,building,3.5,18.0,mega_knight,11.25,1,0.0,0.0,0.0,-0.0,0.0,0.0,0.0,0.0,0.0,0.0,0.0,0.0,0.0
9012,3,153.6,the_log,the_log,spell,3.5,18.0,wizard,11.84,3,0.0,0.0,0.0,0.0,0.0,0.0,0.0,0.0,0.0,0.0,0.0,0.0,0.0
9012,3,154.2,knight_evo,knight,troop,14.5,27.33,furnace,13.83,4,0.0,0.0,0.0,0.0,0.0,0.0,0.0,0.0,0.0,0.0,0.0,0.0,0.0
9012,3,157.2,ice_wizard,ice_wizard,troop,14.5,23.33,furnace,7.62,3,0.0,0.0,0.0,0.0,0.5,1.0,0.0,0.0,0.0,0.3481,0.0,0.0,1.8481
9012,3,158.4,skeletons,skeletons,troop,14.5,27.33,wizard,11.53,3,0.0,0.0,0.0,0.0,0.5,0.0,0.0,0.0,0.0,1.0,0.0,-0.0,1.5
9012,3,165.0,tesla,tesla,building,1.5,18.0,mega_knight,4.91,4,0.0,0.0,0.5,-0.0,0.0,0.0,0.0,0.0,0.0,1.0,0.0,0.0,1.5
9012,3,169.8,the_log,the_log,spell,14.5,18.0,valkyrie,10.23,4,0.0,0.0,0.0,0.0,0.5,0.0,0.0,0.0,0.0,0.0,0.0,0.0,0.5
9012,3,171.0,knight,knight,troop,3.5,22.0,valkyrie,1.38,2,0.0,0.0,0.0,0.0,0.0,0.5,0.0,0.0,0.0,1.0,0.0,0.0,1.5
9012,3,176.4,ice_wizard,ice_wizard,troop,1.5,18.0,hog_rider,8.22,3,0.0,0.0,0.0,0.0,0.5,0.0,0.0,0.0,0.0,0.0,0.0,0.0,0.5
9012,3,177.0,skeletons,skeletons,troop,9.5,31.33,hog_rider,5.27,3,0.0,0.0,0.0,0.0,0.5,0.0,0.0,0.0,0.0,0.1731,0.0,0.0,0.6731
9012,3,183.0,tesla_evo,tesla,building,1.5,18.0,mega_knight,3.97,2,0.0,0.0,0.5,-0.0,0.0,0.0,0.0,0.0,0.0,1.0,0.0,0.0,1.5
9012,3,190.2,the_log,the_log,spell,3.5,22.0,valkyrie,0.0,2,0.0,0.0,0.0,0.0,0.0,0.0,1.0,0.0,0.0,0.0,0.0,0.0,1.0
9012,3,190.8,knight,knight,troop,12.5,30.0,valkyrie,11.29,3,0.0,0.0,0.0,0.0,0.5,0.0,0.0,0.0,0.0,1.0,0.0,0.0,1.5
9012,3,193.2,ice_wizard,ice_wizard,troop,1.5,18.0,valkyrie,5.92,4,0.0,0.0,0.0,0.0,0.0195,0.0,0.0,0.0,0.0,0.0,0.0,0.0,0.0195
9012,3,195.6,skeletons,skeletons,troop,9.5,31.33,mega_knight,4.34,4,0.0,0.0,0.0,0.0,0.5,0.0,0.0,0.0,0.0,0.0,0.0,-0.0,0.5
9012,4,0.0,knight,knight,troop,12.5,30.0,,0.0,0,0.0,0.0,0.0,0.0,0.5,0.0,0.0,0.0,0.0,0.0,0.0,0.0,0.5
9012,4,0.6,skeletons,skeletons,troop,9.5,31.33,royal_hogs,17.06,4,0.0,0.0,0.0,0.0,0.5,0.0,0.0,0.0,0.0,0.2604,0.0,0.0,0.7604
9012,4,9.0,tesla,tesla,building,3.5,23.33,royal_hogs,0.0,4,0.0,0.0,0.1125,-1.0,0.5,0.0,0.0,0.0,0.0,1.0,0.0,0.0,0.6125
9012,4,27.0,ice_wizard,ice_wizard,troop,1.5,18.0,archer_queen,12.94,1,0.0,0.0,0.0,0.0,0.5,0.0,0.0,0.0,0.0,0.0,0.0,0.0,0.5
9012,4,30.6,the_log,the_log,spell,14.5,18.0,archer_queen,0.0,4,0.0,0.0,0.0,0.0,0.5,0.0,1.0,0.0,0.0,0.0,0.0,0.0,1.5
9012,4,31.2,knight,knight,troop,14.5,19.33,archer_queen,0.0,4,0.0,0.0,0.0,0.0,0.5,1.0,0.0,0.0,0.0,0.9897,0.0,0.0,2.4897
9012,4,36.6,skeletons,skeletons,troop,9.5,31.33,,0.0,0,0.0,0.0,0.0,0.0,1.0,0.0,0.0,0.0,0.0,0.0,0.0,0.0,1.0
9012,4,49.8,tesla,tesla,building,12.5,18.0,,0.0,0,0.0,0.0,0.0,0.0,0.5,0.0,0.0,0.0,0.0,0.0,0.0,0.0,0.5
9012,4,61.8,x_bow,x_bow,building,1.5,18.0,,0.0,0,0.0,0.0,0.0,0.0,0.5,0.0,0.0,0.0,0.0,0.0,1.0,0.0,1.5
9012,4,74.4,ice_wizard,ice_wizard,troop,3.5,18.0,royal_hogs,10.8,2,0.0,0.0,0.0,0.0,0.5015,0.0,0.0,0.0,0.0,0.0,0.0,0.0,0.5015
9012,4,76.8,the_log,the_log,spell,14.5,23.33,royal_hogs,0.0,2,0.0,0.0,0.0,0.0,0.5,0.0,1.0,0.0,0.0,0.0,0.0,0.0,1.5
9012,4,78.6,skeletons,skeletons,troop,9.5,31.33,royal_hogs,8.16,1,0.0,0.0,0.0,0.0,0.5,0.0,0.0,0.0,0.0,0.0,0.0,0.0,0.5
9012,4,87.0,knight_evo,knight,troop,3.5,18.0,,0.0,0,0.0,0.0,0.0,0.0,0.5,0.0,0.0,0.0,0.0,0.0,0.0,0.0,0.5
9012,4,102.6,tesla_evo,tesla,building,1.5,18.0,,0.0,0,0.0,0.0,0.0,0.0,0.5,0.0,0.0,0.0,0.0,0.0,0.0,0.0,0.5
9012,4,111.6,ice_wizard,ice_wizard,troop,3.5,18.0,archer_queen,5.07,2,0.0,0.0,0.0,0.0,0.5,1.0,0.0,0.0,0.0,0.0,0.0,0.0,1.5
9012,4,121.2,the_log,the_log,spell,15.5,18.0,royal_hogs,2.92,4,0.0,0.0,0.0,0.0,0.5,0.0,0.0,0.0,0.0,0.0,0.0,0.0,0.5
9012,4,121.8,skeletons,skeletons,troop,9.5,31.33,royal_hogs,16.59,4,0.0,0.0,0.0,0.0,0.5,0.0,0.0,0.0,0.0,0.503,0.0,0.0,1.003
9012,4,122.4,knight,knight,troop,14.5,18.0,royal_hogs,1.55,4,0.0,0.0,0.0,0.0,0.5,1.0,0.0,0.0,0.0,1.0,0.0,0.0,2.5
9012,4,127.2,tornado,tornado,spell,14.5,23.33,royal_hogs,0.0,4,0.0,0.0,0.0,0.0,0.5,0.0,1.0,0.2617,1.0,0.0,0.0,0.0,2.7617
9012,4,132.0,tesla,tesla,building,1.5,18.0,,0.0,0,0.0,0.0,0.0,0.0,0.5,0.0,0.0,0.0,0.0,0.0,0.0,0.0,0.5
9012,4,137.4,ice_wizard,ice_wizard,troop,3.5,18.0,archer_queen,3.0,4,0.0,0.0,0.0,0.0,0.5,1.0,0.0,0.0,0.0,0.1671,0.0,0.0,1.6671
9012,4,138.0,skeletons,skeletons,troop,9.5,31.33,archer_queen,17.37,3,0.0,0.0,0.0,0.0,0.5,0.0,0.0,0.0,0.0,0.0,0.0,0.0,0.5
9012,4,140.4,the_log,the_log,spell,3.5,18.0,,0.0,3,0.0,0.0,0.0,0.0,0.5,0.0,1.0,0.0,0.0,0.0,0.0,0.0,1.5
9012,4,144.6,knight,knight,troop,12.5,30.0,,0.0,3,0.0,0.0,0.0,0.0,0.5,0.0,0.0,0.0,0.0,0.0,0.0,0.0,0.5
9012,4,149.4,tornado,tornado,spell,12.5,18.0,,0.0,2,0.0,0.0,0.0,0.0,0.5,0.0,1.0,0.025,0.0,0.0,0.0,0.0,1.525
9012,4,153.6,ice_wizard,ice_wizard,troop,3.5,18.0,archer_queen,4.0,1,0.0,0.0,0.0,0.0,0.0,0.0,0.0,0.0,0.0,0.0,0.0,0.0,0.0
9012,4,154.2,skeletons,skeletons,troop,9.5,31.33,archer_queen,18.32,1,0.0,0.0,0.0,0.0,0.0,0.0,0.0,0.0,0.0,0.0,0.0,0.0,0.0
9012,4,160.2,tesla,tesla,building,1.5,18.0,royal_hogs,3.02,4,0.0,0.0,0.75,-0.0,0.5,0.0,0.0,0.0,0.0,0.8306,0.0,0.0,2.0806
9012,4,162.6,the_log,the_log,spell,14.5,18.0,royal_hogs,10.4,4,0.0,0.0,0.0,0.0,0.5,0.0,0.0,0.0,0.0,0.0,0.0,0.0,0.5
9012,4,166.8,knight_evo,knight,troop,12.5,18.0,royal_hogs,8.94,3,0.0,0.0,0.0,0.0,0.5,0.0,0.0,0.0,0.0,0.0,0.0,0.0,0.5
9012,4,172.2,ice_wizard,ice_wizard,troop,1.5,18.0,,0.0,0,0.0,0.0,0.0,0.0,0.5,0.0,0.0,0.0,0.0,0.0,0.0,0.0,0.5
9012,4,172.8,skeletons,skeletons,troop,9.5,31.33,,0.0,0,0.0,0.0,0.0,0.0,1.0,0.0,0.0,0.0,0.0,0.0,0.0,0.0,1.0
9012,4,177.6,tornado,tornado,spell,0.5,18.0,royal_recruits,4.55,1,0.0,0.0,0.0,0.0,0.4741,0.0,1.0,0.0006,0.0,0.0,0.0,0.0,1.4747
9012,5,0.6,ice_wizard,ice_wizard,troop,1.5,18.0,royal_hogs,3.15,4,0.0,0.0,0.0,0.0,0.5,0.5,0.0,0.0,0.0,1.0,0.0,0.0,2.0
9012,5,7.8,tesla,tesla,building,3.5,23.33,royal_hogs,1.38,8,0.0,0.0,0.0,-0.1293,0.5,0.0,0.0,0.0,0.0,1.0,0.0,0.0,1.3707
9012,5,20.4,knight,knight,troop,12.5,30.0,archer_queen,15.13,1,0.0,0.0,0.0,0.0,0.5,0.0,0.0,0.0,0.0,0.717,0.0,0.0,1.217
9012,5,21.0,skeletons,skeletons,troop,9.5,31.33,archer_queen,16.96,1,0.0,0.0,0.0,0.0,0.5,0.0,0.0,0.0,0.0,0.5187,0.0,0.0,1.0187
9012,5,43.2,x_bow,x_bow,building,1.5,18.0,,0.0,0,0.0,0.0,0.0,0.0,0.5,0.0,0.0,0.0,0.0,0.0,1.0,0.0,1.5
9012,5,45.6,ice_wizard,ice_wizard,troop,1.5,18.0,royal_hogs,3.15,4,0.0,0.0,0.0,0.0,0.5,0.5,0.0,0.0,0.0,1.0,0.0,0.0,2.0
9012,5,51.6,the_log,the_log,spell,3.5,18.0,royal_hogs,0.36,7,0.0,0.0,0.0,0.0,0.5,0.0,1.0,0.0,0.0,0.0,0.0,0.0,1.5
9012,5,56.4,knight,knight,troop,12.5,30.0,,0.0,0,0.0,0.0,0.0,0.0,0.5,0.0,0.0,0.0,0.0,0.0,0.0,0.0,0.5
9012,5,63.6,skeletons,skeletons,troop,9.5,31.33,,0.0,0,0.0,0.0,0.0,0.0,1.0,0.0,0.0,0.0,0.0,0.0,0.0,0.0,1.0
9012,5,70.8,tesla,tesla,building,12.5,18.0,archer_queen,9.6,1,0.0,0.0,0.0,0.0,0.5,0.0,0.0,0.0,0.0,1.0,0.0,0.0,1.5
9012,5,85.2,ice_wizard,ice_wizard,troop,1.5,18.0,,0.0,3,0.0,0.0,0.0,0.0,0.5,0.0,0.0,0.0,0.0,0.0,0.0,0.0,0.5
9012,5,102.0,x_bow,x_bow,building,1.5,18.0,royal_hogs,3.15,4,0.0,0.0,0.75,-0.0,0.5,0.0,0.0,0.0,0.0,1.0,1.0,0.0,3.25
9012,5,102.6,the_log,the_log,spell,3.5,18.0,royal_hogs,2.78,4,0.0,0.0,0.0,0.0,0.5,0.0,0.0,0.0,0.0,0.0,0.0,0.0,0.5
9012,5,103.8,skeletons,skeletons,troop,9.5,31.33,royal_hogs,15.49,4,0.0,0.0,0.0,0.0,0.5,0.0,0.0,0.0,0.0,0.0,0.0,0.0,0.5
9012,5,112.2,knight_evo,knight,troop,1.5,18.0,royal_hogs,2.64,3,0.0,0.0,0.0,0.0,0.5,0.0,0.0,0.0,0.0,0.0,0.0,0.0,0.5
9012,5,121.2,ice_wizard,ice_wizard,troop,1.5,18.0,archer_queen,2.55,1,0.0,0.0,0.0,0.0,0.5,0.0,0.0,0.0,0.0,0.3587,0.0,0.0,0.8587
9012,5,127.2,tesla_evo,tesla,building,1.5,18.0,,0.0,1,0.0,0.0,0.0,0.0,0.5,0.0,0.0,0.0,0.0,0.0,0.0,0.0,0.5
9012,5,133.2,the_log,the_log,spell,12.5,18.0,royal_hogs,2.97,4,0.0,0.0,0.0,0.0,0.5,0.0,0.0,0.0,0.0,0.0,0.0,0.0,0.5
9012,5,133.8,skeletons,skeletons,troop,9.5,31.33,royal_hogs,15.78,4,0.0,0.0,0.0,0.0,0.5,0.0,0.0,0.0,0.0,0.1991,0.0,0.0,0.6991
9012,5,134.4,knight,knight,troop,14.5,19.33,royal_hogs,1.22,4,0.0,0.0,0.0,0.0,0.5,1.0,0.0,0.0,0.0,1.0,0.0,0.0,2.5
9012,5,139.8,ice_wizard,ice_wizard,troop,3.5,18.0,royal_hogs,11.97,5,0.0,0.0,0.0,0.0,0.5,0.0,0.0,0.0,0.0,0.0,0.0,0.0,0.5
9012,5,145.2,tesla,tesla,building,3.5,18.0,,0.0,0,0.0,0.0,0.0,0.0,0.5,0.0,0.0,0.0,0.0,0.0,0.0,0.0,0.5
9012,5,153.0,x_bow,x_bow,building,1.5,18.0,,0.0,0,0.0,0.0,0.0,0.0,0.5,0.0,0.0,0.0,0.0,0.0,1.0,0.0,1.5
9012,5,156.6,skeletons,skeletons,troop,9.5,31.33,archer_queen,21.9,1,0.0,0.0,0.0,0.0,0.0,0.0,0.0,0.0,0.0,0.0,0.0,0.0,0.0
9012,5,160.2,knight,knight,troop,12.5,30.0,,0.0,0,0.0,0.0,0.0,0.0,0.5,0.0,0.0,0.0,0.0,0.0,0.0,0.0,0.5
9012,5,163.8,ice_wizard,ice_wizard,troop,3.5,18.0,,0.0,4,0.0,0.0,0.0,0.0,0.5,0.0,0.0,0.0,0.0,0.0,0.0,0.0,0.5
9012,5,169.2,tesla,tesla,building,5.5,18.0,,0.0,0,0.0,0.0,0.0,0.0,0.5,0.0,0.0,0.0,0.0,0.0,0.0,0.0,0.5
9012,5,177.6,x_bow,x_bow,building,3.5,18.0,,0.0,0,0.0,0.0,0.0,0.0,0.5,0.0,0.0,0.0,0.0,0.0,0.0,0.0,0.5
9012,5,178.8,skeletons,skeletons,troop,9.5,31.33,,0.0,2,0.0,0.0,0.0,0.0,1.0,0.0,0.0,0.0,0.0,0.0,0.0,0.0,1.0
9012,6,1.2,tesla,tesla,building,1.5,18.0,zappies,3.45,3,0.0,0.0,0.1307,0.0,0.5,0.0,0.0,0.0,0.0,0.32,0.0,0.0,0.9507
9012,6,1.8,skeletons,skeletons,troop,9.5,31.33,zappies,17.1,3,0.0,0.0,0.0,0.0,0.5,0.0,0.0,0.0,0.0,0.0,0.0,0.0,0.5
9012,6,10.8,ice_wizard,ice_wizard,troop,1.5,18.0,zappies,2.54,4,0.0,0.0,0.0,0.0,0.5,0.5,0.0,0.0,0.0,1.0,0.0,0.0,2.0
9012,6,14.4,the_log,the_log,spell,3.5,18.0,zappies,0.79,3,0.0,0.0,0.0,0.0,0.5,0.0,0.6667,0.0,0.0,0.0,0.0,0.0,1.1667
9012,6,22.8,knight,knight,troop,3.5,18.0,goblin_demolisher,3.09,1,0.0,0.0,0.0,0.0,0.5,1.0,0.0,0.0,0.0,0.2733,0.0,0.0,1.7733
9012,6,35.4,tesla,tesla,building,1.5,18.0,,0.0,1,0.0,0.0,0.0,0.0,0.5,0.0,0.0,0.0,0.0,0.0,0.0,0.0,0.5
9012,6,36.6,skeletons,skeletons,troop,9.5,31.33,,0.0,1,0.0,0.0,0.0,0.0,1.0,0.0,0.0,0.0,0.0,0.0,0.0,0.0,1.0
9012,6,46.2,ice_wizard,ice_wizard,troop,3.5,18.0,zappies,10.04,3,0.0,0.0,0.0,0.0,0.0,0.0,0.0,0.0,0.0,0.0,0.0,0.0,0.0
9012,6,58.8,the_log,the_log,spell,3.5,18.0,zappies,8.61,4,0.0,0.0,0.0,0.0,0.5,0.0,0.0,0.0,0.0,0.0,0.0,0.0,0.5
9012,6,59.4,knight,knight,troop,12.5,24.67,zappies,1.47,4,0.0,0.0,0.0,0.0,0.5,0.5,0.0,0.0,0.0,0.0,0.0,0.0,1.0
9012,6,69.0,tornado,tornado,spell,0.5,18.0,goblin_demolisher,4.83,2,0.0,0.0,0.0,0.0,0.4741,0.0,1.0,0.3743,0.0,0.0,0.0,0.0,1.8484
9012,6,70.2,skeletons,skeletons,troop,9.5,31.33,goblin_demolisher,15.08,1,0.0,0.0,0.0,0.0,0.5,0.0,0.0,0.0,0.0,0.0,0.0,-0.0,0.5
9012,6,82.2,tesla_evo,tesla,building,12.5,18.0,,0.0,1,0.0,0.0,0.0,0.0,0.0,0.0,0.0,0.0,0.0,0.0,0.0,0.0,0.0
9012,6,93.0,ice_wizard,ice_wizard,troop,1.5,18.0,,0.0,0,0.0,0.0,0.0,0.0,0.5,0.0,0.0,0.0,0.0,0.0,0.0,0.0,0.5
9012,6,97.2,the_log,the_log,spell,14.5,18.0,zappies,3.54,2,0.0,0.0,0.0,0.0,0.0,0.0,0.0,0.0,0.0,0.0,0.0,0.0,0.0
9012,6,103.8,knight_evo,knight,troop,14.5,18.0,zappies,0.71,2,0.0,0.0,0.0,0.0,0.0,0.0,0.0,0.0,0.0,1.0,0.0,0.0,1.0
9012,6,106.8,skeletons,skeletons,troop,9.5,31.33,zappies,12.12,3,0.0,0.0,0.0,0.0,0.0,0.0,0.0,0.0,0.0,0.0,0.0,0.0,0.0
9012,6,120.0,tesla,tesla,building,1.5,18.0,goblin_demolisher,2.2,1,0.0,0.0,0.0,0.0,0.0,0.0,0.0,0.0,0.0,1.0,0.0,0.0,1.0
9012,6,123.6,ice_wizard,ice_wizard,troop,3.5,18.0,goblin_demolisher,1.04,1,0.0,0.0,0.0,0.0,0.0,1.0,0.0,0.0,0.0,0.3283,0.0,0.0,1.3283
9012,6,135.0,x_bow,x_bow,building,1.5,18.0,zappies,11.62,3,0.0,0.0,0.0,0.0,0.0,0.0,0.0,0.0,0.0,1.0,0.0,0.0,1.0
9012,6,135.6,the_log,the_log,spell,14.5,19.33,zappies,0.73,3,0.0,0.0,0.0,0.0,0.0,0.0,1.0,0.0,0.0,0.0,0.0,0.0,1.0
9012,6,136.2,skeletons,skeletons,troop,9.5,31.33,zappies,12.24,3,0.0,0.0,0.0,0.0,0.0,0.0,0.0,0.0,0.0,1.0,0.0,0.0,1.0
9012,6,140.4,knight,knight,troop,12.5,23.33,zappies,0.51,4,0.0,0.0,0.0,0.0,0.0,1.0,0.0,0.0,0.0,0.3699,0.0,0.0,1.3699
9012,6,144.6,ice_wizard,ice_wizard,troop,1.5,18.0,furnace,1.26,3,0.0,0.0,0.0,0.0,0.0,0.5,0.0,0.0,0.0,1.0,0.0,0.0,1.5
9012,6,151.2,tesla,tesla,building,1.5,18.0,furnace,4.34,3,0.0,0.0,0.0852,0.0,0.0,0.0,0.0,0.0,0.0,1.0,0.0,0.0,1.0852
9012,6,156.6,the_log,the_log,spell,12.5,18.0,goblin_demolisher,7.76,4,0.0,0.0,0.0,0.0,0.0,0.0,0.0,0.0,0.0,0.0,0.0,0.0,0.0
9012,6,157.2,skeletons,skeletons,troop,9.5,31.33,goblin_demolisher,9.62,4,0.0,0.0,0.0,0.0,0.0,0.0,0.0,0.0,0.0,0.4762,0.0,-0.0,0.4762
9012,6,158.4,knight,knight,troop,12.5,30.0,goblin_demolisher,9.29,3,0.0,0.0,0.0,0.0,0.0,0.0,0.0,0.0,0.0,0.0,0.0,0.0,0.0
9012,6,163.8,ice_wizard,ice_wizard,troop,1.5,18.0,furnace,10.69,3,0.0,0.0,0.0,0.0,0.0,0.0,0.0,0.0,0.0,0.0,0.0,0.0,0.0
9012,6,166.8,tornado,tornado,spell,12.5,16.67,furnace,0.31,5,0.0,0.0,0.0,0.0,0.0,0.0,1.0,0.4294,0.0,0.0,0.0,0.0,1.4294
9012,6,173.4,tesla_evo,tesla,building,1.5,18.0,zappies,8.48,4,0.0,0.0,0.0,0.0,0.0,0.0,0.0,0.0,0.0,1.0,0.0,0.0,1.0
9012,6,174.0,skeletons,skeletons,troop,9.5,31.33,zappies,11.95,4,0.0,0.0,0.0,0.0,0.0,0.0,0.0,0.0,0.0,1.0,0.0,0.0,1.0
9012,6,177.6,the_log,the_log,spell,10.5,24.67,zappies,2.04,4,0.0,0.0,0.0,0.0,0.0,0.0,0.3846,0.0,0.0,0.0,0.0,0.0,0.3846
9012,7,7.2,x_bow,x_bow,building,1.5,18.0,,0.0,0,0.0,0.0,0.0,0.0,0.5,0.0,0.0,0.0,0.0,0.0,1.0,0.0,1.5
9012,7,11.4,knight,knight,troop,12.5,30.0,,0.0,0,0.0,0.0,0.0,0.0,0.5,0.0,0.0,0.0,0.0,0.0,0.0,0.0,0.5
9012,7,20.4,ice_wizard,ice_wizard,troop,3.5,18.0,dark_prince,2.39,2,0.0,0.0,0.0,0.0,0.5,1.0,0.0,0.0,0.0,1.0,0.0,0.0,2.5
9012,7,22.8,skeletons,skeletons,troop,9.5,31.33,dark_prince,15.45,3,0.0,0.0,0.0,0.0,0.5,0.0,0.0,0.0,0.0,0.0,0.0,-0.0,0.5
9012,7,34.2,tesla,tesla,building,1.5,18.0,balloon,13.78,4,0.0,0.0,0.0,-0.0,0.5,0.0,0.0,0.0,0.0,1.0,0.0,0.0,1.5
9012,7,54.0,x_bow,x_bow,building,3.5,18.0,,0.0,0,0.0,0.0,0.0,0.0,0.5,0.0,0.0,0.0,0.0,0.0,1.0,0.0,1.5
9012,7,57.6,the_log,the_log,spell,3.5,18.0,balloon,15.2,1,0.0,0.0,0.0,0.0,0.5,0.0,0.0,0.0,0.0,0.0,0.0,0.0,0.5
9012,7,64.8,knight,knight,troop,12.5,30.0,balloon,18.55,1,0.0,0.0,0.0,0.0,0.5,0.0,0.0,0.0,0.0,0.0,0.0,0.0,0.5
9012,7,69.0,skeletons,skeletons,troop,9.5,31.33,balloon,16.43,2,0.0,0.0,0.0,0.0,0.5,0.0,0.0,0.0,0.0,0.0,0.0,0.0,0.5
9012,7,76.8,ice_wizard,ice_wizard,troop,1.5,18.0,balloon,2.55,2,0.0,0.0,0.0,0.0,0.5,0.0,0.0,0.0,0.0,1.0,0.0,0.0,1.5
9012,7,85.8,tornado,tornado,spell,0.5,18.0,balloon,6.08,3,0.0,0.0,0.0,0.0,0.4741,0.0,0.0,0.0,0.0,0.0,0.0,0.0,0.4741
9012,7,100.2,tesla,tesla,building,1.5,18.0,rhino,11.41,3,0.0,0.0,0.0,-0.0,0.0,0.0,0.0,0.0,0.0,1.0,0.0,0.0,1.0
9012,7,105.0,knight_evo,knight,troop,1.5,18.0,rhino,11.41,3,0.0,0.0,0.0,0.0,0.0,0.0,0.0,0.0,0.0,0.0,0.0,0.0,0.0
9012,7,112.2,skeletons,skeletons,troop,9.5,31.33,,0.0,0,0.0,0.0,0.0,0.0,0.0,0.0,0.0,0.0,0.0,0.0,0.0,0.0,0.0
9012,7,126.0,x_bow,x_bow,building,1.5,18.0,,0.0,0,0.0,0.0,0.0,0.0,0.0,0.0,0.0,0.0,0.0,0.0,0.0,0.0,0.0
9012,7,132.0,ice_wizard,ice_wizard,troop,1.5,18.0,baby_dragon,12.3,1,0.0,0.0,0.0,0.0,0.0,0.3014,0.0,0.0,0.0,1.0,0.0,0.0,1.3014
9012,7,134.4,tesla_evo,tesla,building,3.5,18.0,baby_dragon,8.38,1,0.0,0.0,0.0,0.0,0.0,0.0,0.0,0.0,0.0,0.0,0.0,0.0,0.0
9012,7,136.2,knight,knight,troop,12.5,30.0,baby_dragon,17.76,1,0.0,0.0,0.0,0.0,0.0,0.0,0.0,0.0,0.0,1.0,0.0,0.0,1.0
9012,7,139.8,skeletons,skeletons,troop,9.5,31.33,pekka,13.0,2,0.0,0.0,0.0,0.0,0.0,0.0,0.0,0.0,0.0,1.0,0.0,-0.0,1.0
9012,7,146.4,x_bow,x_bow,building,1.5,18.0,pekka,0.84,1,0.0,0.0,0.1978,-0.5495,0.0,0.0,0.0,0.0,0.0,0.0,0.0,0.0,-0.3518
9012,7,156.0,ice_wizard,ice_wizard,troop,2.5,18.0,balloon,3.29,3,0.0,0.0,0.0,0.0,0.0,0.0,0.0,0.0,0.0,1.0,0.0,0.0,1.0
9012,7,159.0,tesla,tesla,building,12.5,18.0,balloon,8.49,4,0.0,0.0,0.0,-0.0,0.0,0.0,0.0,0.0,0.0,1.0,0.0,0.0,1.0
9012,7,160.8,knight,knight,troop,14.5,18.0,balloon,10.27,4,0.0,0.0,0.0,0.0,0.0,0.0,0.0,0.0,0.0,0.0,0.0,0.0,0.0
9012,8,5.4,x_bow,x_bow,building,1.5,18.0,,0.0,0,0.0,0.0,0.0,0.0,0.5,0.0,0.0,0.0,0.0,0.0,1.0,0.0,1.5
9012,8,21.0,ice_wizard,ice_wizard,troop,3.5,18.0,balloon,6.83,1,0.0,0.0,0.0,0.0,0.5,0.5,0.0,0.0,0.0,0.0,0.0,0.0,1.0
9012,8,21.6,knight,knight,troop,12.5,30.0,balloon,20.7,4,0.0,0.0,0.0,0.0,0.5,0.0,0.0,0.0,0.0,0.0,0.0,0.0,0.5
9012,8,28.2,the_log,the_log,spell,3.5,18.0,balloon,1.86,5,0.0,0.0,0.0,0.0,0.5,0.0,1.0,0.0,0.0,0.0,0.0,0.0,1.5
9012,8,28.8,skeletons,skeletons,troop,9.5,31.33,balloon,15.98,5,0.0,0.0,0.0,0.0,0.5,0.0,0.0,0.0,0.0,0.0,0.0,0.0,0.5
9012,8,39.6,tesla,tesla,building,1.5,18.0,balloon,5.67,5,0.0,0.0,0.0,-0.0,0.5,0.0,0.0,0.0,0.0,1.0,0.0,0.0,1.5
9012,8,52.8,ice_wizard,ice_wizard,troop,1.5,18.0,mega_minion,12.05,1,0.0,0.0,0.0,0.0,0.5,0.0,0.0,0.0,0.0,0.0,0.0,0.0,0.5
9012,8,56.4,knight,knight,troop,12.5,30.0,mega_minion,7.98,3,0.0,0.0,0.0,0.0,0.5,0.0,0.0,0.0,0.0,0.0,0.0,0.0,0.5
9012,8,73.8,x_bow,x_bow,building,1.5,18.0,skeleton_dragons,12.85,2,0.0,0.0,0.0,0.0,0.0,0.0,0.0,0.0,0.0,0.0,1.0,0.0,1.0
9012,8,76.2,skeletons,skeletons,troop,9.5,31.33,skeleton_dragons,17.62,3,0.0,0.0,0.0,0.0,0.0,0.0,0.0,0.0,0.0,0.0,0.0,0.0,0.0
9012,8,87.0,tesla,tesla,building,14.5,23.33,skeleton_dragons,1.92,7,0.0,0.0,0.0,0.0,0.5,0.0,0.0,0.0,0.0,1.0,0.0,0.0,1.5
9012,8,101.4,ice_wizard,ice_wizard,troop,1.5,18.0,valkyrie,5.76,1,0.0,0.0,0.0,0.0,0.2924,0.0,0.0,0.0,0.0,0.0,0.0,0.0,0.2924
9012,8,105.0,knight_evo,knight,troop,1.5,18.0,,0.0,0,0.0,0.0,0.0,0.0,0.0,0.0,0.0,0.0,0.0,0.0,0.0,0.0,0.0
9012,8,121.8,x_bow,x_bow,building,1.5,18.0,mega_minion,6.56,2,0.0,0.0,0.2353,-0.0,0.0,0.0,0.0,0.0,0.0,0.0,0.0,0.0,0.2353
9012,8,123.0,skeletons,skeletons,troop,9.5,31.33,mega_minion,19.85,2,0.0,0.0,0.0,0.0,0.0,0.0,0.0,0.0,0.0,0.0,0.0,-0.0,0.0
9012,8,128.4,tesla_evo,tesla,building,3.5,18.0,lava_hound,13.2,4,0.0,0.0,0.0,0.0,0.0,0.0,0.0,0.0,0.0,0.0,0.0,0.0,0.0
9012,8,133.2,ice_wizard,ice_wizard,troop,5.5,18.0,lava_hound,9.53,4,0.0,0.0,0.0,0.0,0.5,0.0,0.0,0.0,0.0,1.0,0.0,0.0,1.5
9012,8,134.4,the_log,the_log,spell,5.5,18.0,lava_hound,9.13,4,0.0,0.0,0.0,0.0,0.0,0.0,0.1667,0.0,0.0,0.0,0.0,0.0,0.1667
9012,8,138.6,knight,knight,troop,12.5,30.0,lava_hound,12.33,4,0.0,0.0,0.0,0.0,0.5,0.0,0.0,0.0,0.0,0.7615,0.0,0.0,1.2615
9012,8,140.4,skeletons,skeletons,troop,9.5,31.33,skeleton_dragons,10.74,5,0.0,0.0,0.0,0.0,0.5,0.0,0.0,0.0,0.0,0.0,0.0,0.0,0.5
9012,8,147.0,tesla,tesla,building,5.5,18.0,valkyrie,9.48,7,0.0,0.0,0.0,-0.0,0.0,0.0,0.0,0.0,0.0,1.0,0.0,0.0,1.0
9012,8,151.2,ice_wizard,ice_wizard,troop,3.5,18.0,valkyrie,11.26,5,0.0,0.0,0.0,0.0,0.5,0.0,0.0,0.0,0.0,0.0,0.0,0.0,0.5
9012,8,160.8,x_bow,x_bow,building,1.5,18.0,lava_hound,11.66,9,0.0,0.0,0.0,0.0,0.0,0.0,0.0,0.0,0.0,0.6251,0.0,0.0,0.6251
9012,8,163.2,knight,knight,troop,12.5,30.0,lava_hound,4.85,7,0.0,0.0,0.0,0.0,0.0,0.5,0.0,0.0,0.0,0.0,0.0,0.0,0.5
9012,8,164.4,skeletons,skeletons,troop,9.5,31.33,skeleton_dragons,17.32,14,0.0,0.0,0.0,0.0,0.0,0.0,0.0,0.0,0.0,0.0,0.0,0.0,0.0
9012,8,169.2,the_log,the_log,spell,5.5,18.0,skeleton_dragons,6.23,20,0.0,0.0,0.0,0.0,0.0,0.0,0.0,0.0,0.0,0.0,0.0,0.0,0.0
9012,8,171.0,ice_wizard,ice_wizard,troop,3.5,18.0,skeleton_dragons,8.37,17,0.0,0.0,0.0,0.0,0.0,0.0,0.0,0.0,0.0,0.0,0.0,0.0,0.0
9012,8,179.4,x_bow,x_bow,building,3.5,18.0,skeleton_dragons,8.67,3,0.0,0.0,0.0,0.0,0.0,0.0,0.0,0.0,0.0,0.0,0.0,0.0,0.0
9012,9,0.0,ice_wizard,ice_wizard,troop,1.5,18.0,,0.0,0,0.0,0.0,0.0,0.0,0.5,0.0,0.0,0.0,0.0,0.0,0.0,0.0,0.5
9012,9,0.6,skeletons,skeletons,troop,9.5,31.33,,0.0,0,0.0,0.0,0.0,0.0,1.0,0.0,0.0,0.0,0.0,0.0,0.0,0.0,1.0
9012,9,6.0,knight,knight,troop,3.5,18.0,,0.0,1,0.0,0.0,0.0,0.0,0.5,0.0,0.0,0.0,0.0,0.0,0.0,0.0,0.5
9012,9,22.8,x_bow,x_bow,building,1.5,18.0,inferno_dragon,9.21,1,0.0,0.0,0.0,0.0,0.5,0.0,0.0,0.0,0.0,0.0,1.0,0.0,1.5
9012,9,36.6,tesla,tesla,building,1.5,18.0,inferno_dragon,1.77,1,0.0,0.0,0.0,0.0,0.5,0.0,0.0,0.0,0.0,1.0,0.0,0.0,1.5
9012,9,45.6,ice_wizard,ice_wizard,troop,1.5,18.0,inferno_dragon,2.59,6,0.0,0.0,0.0,0.0,0.5,0.0,0.0,0.0,0.0,0.0,0.0,0.0,0.5
9012,9,46.2,skeletons,skeletons,troop,9.5,31.33,inferno_dragon,11.97,6,0.0,0.0,0.0,0.0,0.5,0.0,0.0,0.0,0.0,0.0,0.0,0.0,0.5
9012,9,51.0,the_log,the_log,spell,1.5,18.0,barbarians,13.27,10,0.0,0.0,0.0,0.0,0.5,0.0,0.0,0.0,0.0,0.0,0.0,0.0,0.5
9012,9,59.4,knight,knight,troop,14.5,23.33,barbarians,0.0,8,0.0,0.0,0.0,0.0,0.5,0.0,0.0,0.0,0.0,0.7874,0.0,0.0,1.2874
9012,9,75.0,tesla,tesla,building,1.5,18.0,lava_hound,18.72,1,0.0,0.0,0.0,0.0,0.5,0.0,0.0,0.0,0.0,0.0,0.0,0.0,0.5
9012,9,84.6,ice_wizard,ice_wizard,troop,3.5,18.0,lava_hound,12.66,1,0.0,0.0,0.0,0.0,0.5,0.0,0.0,0.0,0.0,1.0,0.0,0.0,1.5
9012,9,85.2,skeletons,skeletons,troop,9.5,31.33,lava_hound,20.41,2,0.0,0.0,0.0,0.0,0.5,0.0,0.0,0.0,0.0,0.1035,0.0,0.0,0.6035
9012,9,98.4,x_bow,x_bow,building,14.5,19.33,lava_hound,0.44,1,0.0,0.0,0.0,0.0,0.5,0.0,0.0,0.0,0.0,0.0,1.0,0.0,1.5
9012,9,103.8,the_log,the_log,spell,3.5,18.0,lava_hound,10.54,2,0.0,0.0,0.0,0.0,0.5,0.0,0.0,0.0,0.0,0.0,0.0,0.0,0.5
9012,9,112.2,knight_evo,knight,troop,1.5,18.0,lava_hound,12.49,1,0.0,0.0,0.0,0.0,0.5,0.0,0.0,0.0,0.0,0.0,0.0,0.0,0.5
9012,9,120.6,ice_wizard,ice_wizard,troop,1.5,18.0,barbarians,2.73,10,0.0,0.0,0.0,0.0,0.1492,0.0,0.0,0.0,0.0,0.0,0.0,0.0,0.1492
9012,9,121.8,skeletons,skeletons,troop,9.5,31.33,barbarians,15.65,9,0.0,0.0,0.0,0.0,0.5,0.0,0.0,0.0,0.0,0.0,0.0,-0.0,0.5
9012,9,127.2,tornado,tornado,spell,2.5,16.67,barbarians,3.26,6,0.0,0.0,0.0,0.0,0.2034,0.0,0.9524,0.4793,0.0,0.0,0.0,0.0,1.6351
9012,9,133.2,tesla_evo,tesla,building,1.5,18.0,barbarians,2.78,2,0.0,0.0,0.75,-0.0,0.5,0.0,0.0,0.0,0.0,1.0,0.0,0.0,2.25
9012,9,135.6,the_log,the_log,spell,14.5,18.0,lava_hound,14.18,2,0.0,0.0,0.0,0.0,0.5,0.0,0.0,0.0,0.0,0.0,0.0,0.0,0.5
9012,9,138.6,knight,knight,troop,12.5,30.0,lava_hound,20.95,1,0.0,0.0,0.0,0.0,0.5,0.0,0.0,0.0,0.0,1.0,0.0,0.0,1.5
9012,9,140.4,skeletons,skeletons,troop,9.5,31.33,lava_hound,19.85,1,0.0,0.0,0.0,0.0,0.5,0.0,0.0,0.0,0.0,1.0,0.0,0.0,1.5
9012,9,145.8,ice_wizard,ice_wizard,troop,3.5,18.0,lava_hound,3.16,2,0.0,0.0,0.0,0.0,0.5,0.5,0.0,0.0,0.0,0.844,0.0,0.0,1.844
9012,9,150.6,tesla,tesla,building,3.5,18.0,lava_hound,3.16,3,0.0,0.0,0.3423,0.0,0.5,0.0,0.0,0.0,0.0,0.0,0.0,0.0,0.8423
9012,9,156.0,the_log,the_log,spell,12.5,18.0,barbarians,1.24,14,0.0,0.0,0.0,0.0,0.5,0.0,0.5,0.0,0.0,0.0,0.0,0.0,1.0
9012,9,157.2,knight,knight,troop,17.5,24.67,barbarians,7.33,12,0.0,0.0,0.0,0.0,0.5,0.0,0.0,0.0,0.0,0.0,0.0,0.0,0.5
9012,9,158.4,skeletons,skeletons,troop,9.5,31.33,barbarians,14.17,11,0.0,0.0,0.0,0.0,0.5,0.0,0.0,0.0,0.0,0.0,0.0,-0.0,0.5
9012,9,163.2,ice_wizard,ice_wizard,troop,3.5,23.33,balloon,1.41,9,0.0,0.0,0.0,0.0,0.5,1.0,0.0,0.0,0.0,1.0,0.0,0.0,2.5
9012,9,168.6,tesla,tesla,building,1.5,18.0,inferno_dragon,12.53,4,0.0,0.0,0.0,0.0,0.5,0.0,0.0,0.0,0.0,1.0,0.0,0.0,1.5
9012,9,175.8,the_log,the_log,spell,14.5,19.33,inferno_dragon,0.69,3,0.0,0.0,0.0,0.0,0.5,0.0,1.0,0.0,0.0,0.0,0.0,0.0,1.5
9012,9,176.4,knight_evo,knight,troop,3.5,18.0,inferno_dragon,10.75,3,0.0,0.0,0.0,0.0,0.5,0.0,0.0,0.0,0.0,0.0,0.0,0.0,0.5
9012,9,177.0,skeletons,skeletons,troop,9.5,31.33,inferno_dragon,11.4,3,0.0,0.0,0.0,0.0,0.5,0.0,0.0,0.0,0.0,0.0,0.0,0.0,0.5
9012,10,0.0,tesla,tesla,building,1.5,18.0,,0.0,0,0.0,0.0,0.0,0.0,0.5,0.0,0.0,0.0,0.0,0.0,0.0,0.0,0.5
9012,10,4.8,skeletons,skeletons,troop,9.5,31.33,,0.0,0,0.0,0.0,0.0,0.0,1.0,0.0,0.0,0.0,0.0,0.0,0.0,0.0,1.0
9012,10,18.0,x_bow,x_bow,building,3.5,18.0,,0.0,0,0.0,0.0,0.0,0.0,0.5,0.0,0.0,0.0,0.0,0.0,1.0,0.0,1.5
9012,10,30.6,ice_wizard,ice_wizard,troop,5.5,18.0,skeleton_dragons,2.87,5,0.0,0.0,0.0,0.0,0.5,1.0,0.0,0.0,0.0,0.0,0.0,0.0,1.5
9012,10,31.2,the_log,the_log,spell,5.5,18.0,skeleton_dragons,4.02,7,0.0,0.0,0.0,0.0,0.5,0.0,0.0,0.0,0.0,0.0,0.0,0.0,0.5
9012,10,39.6,knight,knight,troop,12.5,30.0,skeleton_dragons,14.03,2,0.0,0.0,0.0,0.0,0.5,0.0,0.0,0.0,0.0,0.0,0.0,0.0,0.5
9012,10,46.2,skeletons,skeletons,troop,9.5,31.33,,0.0,0,0.0,0.0,0.0,0.0,1.0,0.0,0.0,0.0,0.0,0.0,0.0,0.0,1.0
9012,10,57.0,tesla,tesla,building,12.5,18.0,skeleton_dragons,0.15,3,0.0,0.0,0.0,0.0,0.5,0.0,0.0,0.0,0.0,1.0,0.0,0.0,1.5
9012,10,63.6,ice_wizard,ice_wizard,troop,14.5,18.0,skeleton_dragons,2.71,3,0.0,0.0,0.0,0.0,0.5,1.0,0.0,0.0,0.0,0.0,0.0,0.0,1.5
9012,10,79.2,x_bow,x_bow,building,1.5,18.0,,0.0,2,0.0,0.0,0.0,0.0,0.5,0.0,0.0,0.0,0.0,0.0,1.0,0.0,1.5
9012,10,86.4,the_log,the_log,spell,14.5,18.0,lava_hound,14.55,3,0.0,0.0,0.0,0.0,0.5,0.0,0.0,0.0,0.0,0.0,0.0,0.0,0.5
9012,10,87.0,skeletons,skeletons,troop,9.5,31.33,lava_hound,23.05,3,0.0,0.0,0.0,0.0,0.5,0.0,0.0,0.0,0.0,0.0,0.0,0.0,0.5
9012,10,95.4,knight,knight,troop,14.5,18.0,lava_hound,12.3,3,0.0,0.0,0.0,0.0,0.2162,0.0,0.0,0.0,0.0,0.0,0.0,0.0,0.2162
9012,10,103.8,ice_wizard,ice_wizard,troop,3.5,18.0,valkyrie,11.23,3,0.0,0.0,0.0,0.0,0.0,0.0,0.0,0.0,0.0,0.0,0.0,0.0,0.0
9012,10,115.8,tesla_evo,tesla,building,1.5,18.0,lava_hound,1.56,1,0.0,0.0,0.0,0.0,0.5,0.0,0.0,0.0,0.0,1.0,0.0,0.0,1.5
9012,10,126.6,x_bow,x_bow,building,3.5,18.0,lava_hound,13.68,6,0.0,0.0,0.0,0.0,0.5,0.0,0.0,0.0,0.0,0.0,0.0,0.0,0.5
9012,10,129.0,skeletons,skeletons,troop,9.5,31.33,lava_hound,25.9,3,0.0,0.0,0.0,0.0,0.5,0.0,0.0,0.0,0.0,0.0,0.0,0.0,0.5
9012,10,133.2,knight_evo,knight,troop,1.5,18.0,lava_hound,8.93,1,0.0,0.0,0.0,0.0,0.5,0.5,0.0,0.0,0.0,0.0,0.0,0.0,1.0
9012,10,138.0,ice_wizard,ice_wizard,troop,1.5,18.0,skeleton_dragons,3.13,4,0.0,0.0,0.0,0.0,0.5,0.5,0.0,0.0,0.0,1.0,0.0,0.0,2.0
9012,10,141.6,tesla,tesla,building,1.5,18.0,skeleton_dragons,3.13,5,0.0,0.0,0.3848,0.0,0.5,0.0,0.0,0.0,0.0,0.6667,0.0,0.0,1.5515
9012,10,149.4,the_log,the_log,spell,3.5,18.0,balloon,10.57,3,0.0,0.0,0.0,0.0,0.5,0.0,0.0,0.0,0.0,0.0,0.0,0.0,0.5
9012,10,150.0,skeletons,skeletons,troop,9.5,31.33,balloon,14.3,3,0.0,0.0,0.0,0.0,0.5,0.0,0.0,0.0,0.0,1.0,0.0,0.0,1.5
9012,10,150.6,knight,knight,troop,3.5,18.0,balloon,10.5,3,0.0,0.0,0.0,0.0,0.5,0.0,0.0,0.0,0.0,0.0,0.0,0.0,0.5
9012,10,154.8,ice_wizard,ice_wizard,troop,3.5,18.0,mega_minion,12.77,4,0.0,0.0,0.0,0.0,0.998,0.0,0.0,0.0,0.0,0.0,0.0,0.0,0.998
9012,10,160.2,tesla,tesla,building,3.5,18.0,balloon,11.98,10,0.0,0.0,0.0,-0.0,0.5,0.0,0.0,0.0,0.0,1.0,0.0,0.0,1.5
9012,10,167.4,the_log,the_log,spell,5.5,18.0,,0.0,3,0.0,0.0,0.0,0.0,0.5,0.0,0.0,0.0,0.0,0.0,0.0,0.0,0.5
9012,10,168.0,skeletons,skeletons,troop,9.5,31.33,,0.0,3,0.0,0.0,0.0,0.0,0.5,0.0,0.0,0.0,0.0,0.0,0.0,0.0,0.5
9012,10,168.6,knight,knight,troop,12.5,30.0,,0.0,0,0.0,0.0,0.0,0.0,0.0,0.0,0.0,0.0,0.0,0.0,0.0,0.0,0.0
9012,10,174.6,ice_wizard,ice_wizard,troop,1.5,18.0,mega_minion,6.16,1,0.0,0.0,0.0,0.0,0.0,0.0,0.0,0.0,0.0,0.0,0.0,0.0,0.0
9012,10,179.4,tesla_evo,tesla,building,1.5,18.0,,0.0,0,0.0,0.0,0.0,0.0,0.5,0.0,0.0,0.0,0.0,0.0,0.0,0.0,0.5
9012,10,185.4,the_log,the_log,spell,3.5,18.0,valkyrie,4.48,3,0.0,0.0,0.0,0.0,0.5,0.0,0.0,0.0,0.0,0.0,0.0,0.0,0.5
9012,10,186.0,skeletons,skeletons,troop,9.5,31.33,valkyrie,17.83,3,0.0,0.0,0.0,0.0,0.348,0.0,0.0,0.0,0.0,0.0,0.0,-0.0,0.348
9012,10,186.6,knight_evo,knight,troop,12.5,18.0,valkyrie,8.27,3,0.0,0.0,0.0,0.0,0.0,0.0,0.0,0.0,0.0,0.0,0.0,0.0,0.0
9012,10,192.0,ice_wizard,ice_wizard,troop,12.5,18.0,skeleton_dragons,4.02,4,0.0,0.0,0.0,0.0,0.0,0.0,0.0,0.0,0.0,0.0,0.0,0.0,0.0
9012,10,196.8,tesla,tesla,building,12.5,18.0,skeleton_dragons,4.02,3,0.0,0.0,0.4801,0.0,0.0,0.0,0.0,0.0,0.0,0.2222,0.0,0.0,0.7023
9012,10,204.6,x_bow,x_bow,building,14.5,18.0,mega_minion,6.8,1,0.0,0.0,0.1762,-0.0,0.0,0.0,0.0,0.0,0.0,0.0,1.0,0.0,1.1762
9012,10,207.0,skeletons,skeletons,troop,9.5,31.33,mega_minion,18.95,1,0.0,0.0,0.0,0.0,0.0,0.0,0.0,0.0,0.0,0.0,0.0,-0.0,0.0
9012,10,211.2,knight,knight,troop,14.5,18.0,valkyrie,4.11,1,0.0,0.0,0.0,0.0,0.0,1.0,0.0,0.0,0.0,0.0578,0.0,0.0,1.0578
9012,10,216.6,ice_wizard,ice_wizard,troop,12.5,18.0,skeleton_dragons,4.02,2,0.0,0.0,0.0,0.0,0.0,0.0,0.0,0.0,0.0,0.0,0.0,0.0,0.0
9012,10,220.2,tesla,tesla,building,1.5,18.0,skeleton_dragons,12.75,3,0.0,0.0,0.0,0.0,0.5,0.0,0.0,0.0,0.0,0.3622,0.0,0.0,0.8622
9012,11,0.0,knight,knight,troop,12.5,30.0,,0.0,0,0.0,0.0,0.0,0.0,0.5,0.0,0.0,0.0,0.0,0.0,0.0,0.0,0.5
9012,11,1.2,skeletons,skeletons,troop,9.5,31.33,bowler,17.05,1,0.0,0.0,0.0,0.0,0.5,0.0,0.0,0.0,0.0,1.0,0.0,-0.0,1.5
9012,11,8.4,the_log,the_log,spell,3.5,20.67,bowler,0.0,1,0.0,0.0,0.0,0.0,0.5,0.0,1.0,0.0,0.0,0.0,0.0,0.0,1.5
9012,11,13.2,tornado,tornado,spell,3.5,19.33,bowler,0.0,2,0.0,0.0,0.0,0.0,0.5,0.0,1.0,0.8742,0.0,0.0,0.0,0.0,2.3742
9012,11,24.0,tesla,tesla,building,1.5,18.0,zappies,12.65,3,0.0,0.0,0.0,0.0,0.5,0.0,0.0,0.0,0.0,1.0,0.0,0.0,1.5
9012,11,31.2,knight,knight,troop,14.5,18.0,zappies,2.31,2,0.0,0.0,0.0,0.0,0.5,1.0,0.0,0.0,0.0,0.7217,0.0,0.0,2.2217
9012,11,34.2,skeletons,skeletons,troop,9.5,31.33,zappies,16.23,2,0.0,0.0,0.0,0.0,0.5,0.0,0.0,0.0,0.0,0.0,0.0,0.0,0.5
9012,11,54.0,x_bow,x_bow,building,1.5,18.0,,0.0,0,0.0,0.0,0.0,0.0,0.5,0.0,0.0,0.0,0.0,0.0,1.0,0.0,1.5
9012,11,64.8,ice_wizard,ice_wizard,troop,3.5,18.0,inferno_dragon,10.78,1,0.0,0.0,0.0,0.0,0.5,0.0,0.0,0.0,0.0,0.0,0.0,0.0,0.5
9012,11,69.6,the_log,the_log,spell,3.5,18.0,inferno_dragon,10.78,2,0.0,0.0,0.0,0.0,0.5,0.0,0.0,0.0,0.0,0.0,0.0,0.0,0.5
9012,11,73.2,knight_evo,knight,troop,3.5,18.0,inferno_dragon,10.12,2,0.0,0.0,0.0,0.0,0.3122,0.0,0.0,0.0,0.0,0.0,0.0,0.0,0.3122
9012,11,76.8,skeletons,skeletons,troop,9.5,31.33,golden_knight,15.89,1,0.0,0.0,0.0,0.0,0.5,0.0,0.0,0.0,0.0,0.0,0.0,-0.0,0.5
9012,11,91.8,tesla,tesla,building,1.5,18.0,,0.0,0,0.0,0.0,0.0,0.0,0.5,0.0,0.0,0.0,0.0,0.0,0.0,0.0,0.5
9012,11,99.0,ice_wizard,ice_wizard,troop,3.5,18.0,bowler,11.35,1,0.0,0.0,0.0,0.0,0.5,1.0,0.0,0.0,0.0,0.0,0.0,0.0,1.5
9012,11,109.8,the_log,the_log,spell,3.5,18.0,executioner,9.93,2,0.0,0.0,0.0,0.0,0.5,0.0,0.0,0.0,0.0,0.0,0.0,0.0,0.5
9012,11,110.4,knight,knight,troop,12.5,30.0,executioner,7.77,2,0.0,0.0,0.0,0.0,0.5,0.5,0.0,0.0,0.0,0.0,0.0,0.0,1.0
9012,11,112.2,skeletons,skeletons,troop,9.5,31.33,executioner,8.0,2,0.0,0.0,0.0,0.0,0.5,0.0,0.0,0.0,0.0,0.0576,0.0,0.0,0.5576
9012,11,121.2,tornado,tornado,spell,0.5,18.0,bowler,3.16,2,0.0,0.0,0.0,0.0,0.4741,0.0,1.0,0.1422,0.0,0.0,0.0,0.0,1.6163
9012,11,125.4,ice_wizard,ice_wizard,troop,1.5,18.0,inferno_dragon,2.39,2,0.0,0.0,0.0,0.0,0.5,0.0,0.0,0.0,0.0,0.0,0.0,0.0,0.5
9012,11,133.2,tesla_evo,tesla,building,1.5,18.0,zappies,12.22,5,0.0,0.0,0.0,0.0,0.0,0.0,0.0,0.0,0.0,1.0,0.0,0.0,1.0
9012,11,134.4,knight,knight,troop,12.5,23.33,zappies,0.0,4,0.0,0.0,0.0,0.0,0.0,1.0,0.0,0.0,0.0,1.0,0.0,0.0,2.0
9012,11,136.2,skeletons,skeletons,troop,9.5,31.33,zappies,8.11,4,0.0,0.0,0.0,0.0,0.0,0.0,0.0,0.0,0.0,0.0,0.0,0.0,0.0
9012,11,145.2,x_bow,x_bow,building,3.5,18.0,executioner,10.5,2,0.0,0.0,0.0,0.0,0.0,0.0,0.0,0.0,0.0,1.0,0.0,0.0,1.0
9012,11,150.6,ice_wizard,ice_wizard,troop,5.5,18.0,executioner,7.95,2,0.0,0.0,0.0,0.0,0.0,0.0,0.0,0.0,0.0,0.0,0.0,0.0,0.0
9012,11,156.6,tesla,tesla,building,5.5,18.0,golden_knight,8.82,2,0.0,0.0,0.0,-0.0,0.0,0.0,0.0,0.0,0.0,0.4,0.0,0.0,0.4
9012,11,158.4,knight_evo,knight,troop,1.5,18.0,golden_knight,12.18,2,0.0,0.0,0.0,0.0,0.0,0.0,0.0,0.0,0.0,0.5402,0.0,0.0,0.5402
9012,11,161.4,skeletons,skeletons,troop,9.5,31.33,golden_knight,11.95,2,0.0,0.0,0.0,0.0,0.0,0.0,0.0,0.0,0.0,1.0,0.0,-0.0,1.0
9012,11,168.6,x_bow,x_bow,building,1.5,18.0,golden_knight,11.26,5,0.0,0.0,0.0,-0.0,0.0,0.0,0.0,0.0,0.0,0.2024,0.0,0.0,0.2024
9012,11,174.6,ice_wizard,ice_wizard,troop,1.5,18.0,golden_knight,11.49,6,0.0,0.0,0.0,0.0,0.0,0.0,0.0,0.0,0.0,0.0,0.0,0.0,0.0
9012,11,179.4,tesla,tesla,building,1.5,18.0,zappies,7.23,5,0.0,0.0,0.0,0.0,0.0,0.0,0.0,0.0,0.0,1.0,0.0,0.0,1.0
9012,12,0.0,knight,knight,troop,12.5,30.0,,0.0,0,0.0,0.0,0.0,0.0,0.5,0.0,0.0,0.0,0.0,0.0,0.0,0.0,0.5
9012,12,0.6,skeletons,skeletons,troop,9.5,31.33,executioner,27.68,1,0.0,0.0,0.0,0.0,0.5,0.0,0.0,0.0,0.0,0.0,0.0,0.0,0.5
9012,12,12.6,ice_wizard,ice_wizard,troop,1.5,18.0,inferno_dragon,12.96,2,0.0,0.0,0.0,0.0,0.0,0.0,0.0,0.0,0.0,0.0,0.0,0.0,0.0
9012,12,24.6,x_bow,x_bow,building,1.5,18.0,inferno_dragon,12.74,2,0.0,0.0,0.0,0.0,0.5,0.0,0.0,0.0,0.0,0.0,1.0,0.0,1.5
9012,12,32.4,the_log,the_log,spell,14.5,22.0,executioner,0.27,2,0.0,0.0,0.0,0.0,0.0,0.0,0.5,0.0,0.0,0.0,0.0,0.0,0.5
9012,12,36.6,knight,knight,troop,12.5,22.0,bowler,0.0,4,0.0,0.0,0.0,0.0,0.2095,1.0,0.0,0.0,0.0,1.0,0.0,0.0,2.2095
9012,12,39.6,skeletons,skeletons,troop,9.5,31.33,bowler,8.83,4,0.0,0.0,0.0,0.0,0.0,0.0,0.0,0.0,0.0,0.0,0.0,-0.0,0.0
9012,12,48.0,ice_wizard,ice_wizard,troop,3.5,18.0,guards,11.65,4,0.0,0.0,0.0,0.0,0.5,0.0,0.0,0.0,0.0,0.0,0.0,0.0,0.5
9012,12,60.6,tesla,tesla,building,14.5,18.0,executioner,0.99,1,0.0,0.0,0.0,0.0,0.0,0.0,0.0,0.0,0.0,1.0,0.0,0.0,1.0
9012,12,76.8,x_bow,x_bow,building,1.5,18.0,inferno_dragon,2.33,1,0.0,0.0,0.0,0.0,0.5,0.0,0.0,0.0,0.0,0.0,0.0,0.0,0.5
9012,12,85.2,knight_evo,knight,troop,1.5,18.0,bowler,3.28,1,0.0,0.0,0.0,0.0,0.5,0.5,0.0,0.0,0.0,1.0,0.0,0.0,2.0
9012,12,87.0,skeletons,skeletons,troop,9.5,31.33,bowler,16.91,1,0.0,0.0,0.0,0.0,0.5,0.0,0.0,0.0,0.0,0.0,0.0,-0.0,0.5
9012,12,99.6,ice_wizard,ice_wizard,troop,1.5,18.0,guards,10.97,3,0.0,0.0,0.0,0.0,0.5,0.0,0.0,0.0,0.0,0.0,0.0,0.0,0.5
9012,12,106.8,tesla,tesla,building,1.5,18.0,golden_knight,1.76,1,0.0,0.0,0.698,-0.0631,0.5,0.0,0.0,0.0,0.0,1.0,0.0,0.0,2.1349
9012,12,121.2,the_log,the_log,spell,14.5,22.0,executioner,0.68,1,0.0,0.0,0.0,0.0,0.0,0.0,1.0,0.0,0.0,0.0,0.0,0.0,1.0
9012,12,121.8,knight,knight,troop,12.5,30.0,executioner,7.77,1,0.0,0.0,0.0,0.0,0.5,0.5,0.0,0.0,0.0,0.0,0.0,0.0,1.0
9012,12,122.4,skeletons,skeletons,troop,9.5,31.33,executioner,9.83,1,0.0,0.0,0.0,0.0,0.5,0.0,0.0,0.0,0.0,1.0,0.0,0.0,1.5
9012,12,128.4,ice_wizard,ice_wizard,troop,1.5,18.0,executioner,11.17,2,0.0,0.0,0.0,0.0,0.452,0.0,0.0,0.0,0.0,0.0,0.0,0.0,0.452
9012,12,132.0,tesla_evo,tesla,building,1.5,18.0,inferno_dragon,11.06,1,0.0,0.0,0.0,0.0,0.5,0.0,0.0,0.0,0.0,1.0,0.0,0.0,1.5
9012,12,138.6,the_log,the_log,spell,12.5,22.0,inferno_dragon,0.13,5,0.0,0.0,0.0,0.0,0.0,0.0,1.0,0.0,0.0,0.0,0.0,0.0,1.0
9012,12,139.2,knight,knight,troop,12.5,23.33,inferno_dragon,0.82,5,0.0,0.0,0.0,0.0,0.5,1.0,0.0,0.0,0.0,1.0,0.0,0.0,2.5
9012,12,140.4,skeletons,skeletons,troop,9.5,31.33,inferno_dragon,8.62,5,0.0,0.0,0.0,0.0,0.3989,0.0,0.0,0.0,0.0,0.0,0.0,0.0,0.3989
9012,13,0.0,knight,knight,troop,12.5,30.0,,0.0,0,0.0,0.0,0.0,0.0,0.5,0.0,0.0,0.0,0.0,0.0,0.0,0.0,0.5
9012,13,12.6,x_bow,x_bow,building,1.5,18.0,wizard,5.51,1,0.0,0.0,0.385,0.0,0.5,0.0,0.0,0.0,0.0,0.8011,1.0,0.0,2.6861
9012,13,19.8,ice_wizard,ice_wizard,troop,3.5,18.0,goblin_demolisher,10.08,2,0.0,0.0,0.0,0.0,0.0,0.0,0.0,0.0,0.0,0.0,0.0,0.0,0.0
9012,13,32.4,tesla,tesla,building,1.5,18.0,goblin_demolisher,1.54,2,0.0,0.0,0.0,0.0,0.5,0.0,0.0,0.0,0.0,1.0,0.0,0.0,1.5
9012,13,34.8,skeletons,skeletons,troop,9.5,31.33,goblin_demolisher,13.86,2,0.0,0.0,0.0,0.0,0.5,0.0,0.0,0.0,0.0,0.0,0.0,0.0,0.5
9012,13,43.8,knight,knight,troop,12.5,30.0,,0.0,0,0.0,0.0,0.0,0.0,0.5,0.0,0.0,0.0,0.0,0.0,0.0,0.0,0.5
9012,13,61.8,x_bow,x_bow,building,1.5,18.0,royal_ghost,12.23,1,0.0,0.0,0.0,-0.0,0.5,0.0,0.0,0.0,0.0,0.0,1.0,0.0,1.5
9012,13,77.4,ice_wizard,ice_wizard,troop,3.5,18.0,,0.0,0,0.0,0.0,0.0,0.0,0.5,0.0,0.0,0.0,0.0,0.0,0.0,0.0,0.5
9012,13,81.0,tesla,tesla,building,3.5,18.0,wizard,4.0,1,0.0,0.0,0.0,0.0,0.5,0.0,0.0,0.0,0.0,0.0,0.0,0.0,0.5
9012,13,82.8,skeletons,skeletons,troop,9.5,31.33,wizard,18.32,1,0.0,0.0,0.0,0.0,0.5,0.0,0.0,0.0,0.0,0.0,0.0,-0.0,0.5
9012,13,90.0,knight_evo,knight,troop,2.5,18.0,,0.0,0,0.0,0.0,0.0,0.0,0.5,0.0,0.0,0.0,0.0,0.0,0.0,0.0,0.5
9012,13,123.0,x_bow,x_bow,building,1.5,18.0,pekka,18.72,1,0.0,0.0,0.0,-0.0,0.5,0.0,0.0,0.0,0.0,0.0,1.0,0.0,1.5
9012,13,127.8,ice_wizard,ice_wizard,troop,3.5,18.0,pekka,17.24,1,0.0,0.0,0.0,0.0,0.5,0.0,0.0,0.0,0.0,0.0,0.0,0.0,0.5
9012,13,129.0,tesla_evo,tesla,building,3.5,18.0,pekka,16.81,1,0.0,0.0,0.0,-0.0,0.5,0.0,0.0,0.0,0.0,0.0,0.0,0.0,0.5
9012,13,130.8,skeletons,skeletons,troop,9.5,31.33,pekka,23.76,1,0.0,0.0,0.0,0.0,0.5,0.0,0.0,0.0,0.0,0.0,0.0,-0.0,0.5
9012,13,133.2,knight,knight,troop,17.5,24.67,bandit,17.24,3,0.0,0.0,0.0,0.0,0.0435,0.0,0.0,0.0,0.0,0.0,0.0,0.0,0.0435
9012,13,139.2,the_log,the_log,spell,3.5,18.0,royal_ghost,0.52,2,0.0,0.0,0.0,0.0,0.5,0.0,1.0,0.0,0.0,0.0,0.0,0.0,1.5
9012,13,140.4,ice_wizard,ice_wizard,troop,12.5,18.0,royal_ghost,8.97,2,0.0,0.0,0.0,0.0,0.3126,0.0,0.0,0.0,0.0,0.0,0.0,0.0,0.3126
9012,13,145.8,tesla,tesla,building,1.5,18.0,pekka,13.17,1,0.0,0.0,0.0,-0.0,0.5,0.0,0.0,0.0,0.0,0.6488,0.0,0.0,1.1488
9012,13,147.0,skeletons,skeletons,troop,9.5,31.33,pekka,15.79,2,0.0,0.0,0.0,0.0,0.5,0.0,0.0,0.0,0.0,0.0,0.0,-0.0,0.5
9012,13,151.2,knight,knight,troop,14.5,18.0,pekka,1.55,2,0.0,0.0,0.0,0.0,0.5,1.0,0.0,0.0,0.0,0.6488,0.0,0.0,2.1488
9012,13,159.0,the_log,the_log,spell,12.5,19.33,barbarians,0.87,3,0.0,0.0,0.0,0.0,0.5,0.0,1.0,0.0,0.0,0.0,0.0,0.0,1.5
9012,13,159.6,ice_wizard,ice_wizard,troop,12.5,18.0,barbarians,1.75,3,0.0,0.0,0.0,0.0,0.5,0.0,0.0,0.0,0.0,1.0,0.0,0.0,1.5
9012,13,163.2,tornado,tornado,spell,5.5,18.0,bandit,2.81,3,0.0,0.0,0.0,0.0,0.5,0.0,1.0,0.2765,0.0,0.0,0.0,0.0,1.7765
9012,13,163.8,skeletons,skeletons,troop,9.5,31.33,bandit,14.43,3,0.0,0.0,0.0,0.0,0.5,0.0,0.0,0.0,0.0,0.0,0.0,-0.0,0.5
9012,13,168.0,knight_evo,knight,troop,1.5,18.0,goblin_demolisher,3.49,3,0.0,0.0,0.0,0.0,0.5,0.0,0.0,0.0,0.0,0.0,0.0,0.0,0.5
9012,13,173.4,tesla,tesla,building,1.5,18.0,royal_ghost,11.62,2,0.0,0.0,0.0,-0.0,0.5,0.0,0.0,0.0,0.0,1.0,0.0,0.0,1.5
9012,13,178.8,ice_wizard,ice_wizard,troop,3.5,18.0,royal_ghost,11.05,4,0.0,0.0,0.0,0.0,0.5,0.0,0.0,0.0,0.0,0.0,0.0,0.0,0.5
9012,14,0.0,tesla,tesla,building,1.5,18.0,,0.0,0,0.0,0.0,0.0,0.0,0.5,0.0,0.0,0.0,0.0,0.0,0.0,0.0,0.5
9012,14,5.4,skeletons,skeletons,troop,9.5,31.33,,0.0,0,0.0,0.0,0.0,0.0,1.0,0.0,0.0,0.0,0.0,0.0,0.0,0.0,1.0
9012,14,13.2,ice_wizard,ice_wizard,troop,1.5,18.0,night_witch,16.53,5,0.0,0.0,0.0,0.0,0.5,0.0,0.0,0.0,0.0,1.0,0.0,0.0,1.5
9012,14,14.4,the_log,the_log,spell,3.5,18.0,night_witch,14.08,6,0.0,0.0,0.0,0.0,0.5,0.0,0.0,0.0,0.0,0.0,0.0,0.0,0.5
9012,14,22.8,knight,knight,troop,12.5,30.0,night_witch,10.94,4,0.0,0.0,0.0,0.0,0.5,0.0,0.0,0.0,0.0,0.0857,0.0,0.0,0.5857
9012,14,39.6,x_bow,x_bow,building,1.5,18.0,elite_barbarians,12.33,2,0.0,0.0,0.0,-0.0,0.5,0.0,0.0,0.0,0.0,0.0,1.0,0.0,1.5
9012,14,45.0,skeletons,skeletons,troop,9.5,31.33,elite_barbarians,18.35,2,0.0,0.0,0.0,0.0,0.5,0.0,0.0,0.0,0.0,0.0,0.0,-0.0,0.5
9012,14,51.0,ice_wizard,ice_wizard,troop,2.5,18.0,elite_barbarians,1.03,5,0.0,0.0,0.0,0.0,0.5,0.0,0.0,0.0,0.0,1.0,0.0,0.0,1.5
9012,14,64.2,tesla,tesla,building,1.5,18.0,night_witch,13.24,3,0.0,0.0,0.0,-0.0,0.0,0.0,0.0,0.0,0.0,1.0,0.0,0.0,1.0
9012,14,69.6,the_log,the_log,spell,3.5,18.0,mini_pekka,8.52,1,0.0,0.0,0.0,0.0,0.0,0.0,0.0,0.0,0.0,0.0,0.0,0.0,0.0
9012,14,76.2,knight,knight,troop,12.5,30.0,mini_pekka,15.41,1,0.0,0.0,0.0,0.0,0.0,0.0,0.0,0.0,0.0,1.0,0.0,0.0,1.0
9012,14,78.6,skeletons,skeletons,troop,9.5,31.33,mini_pekka,11.4,2,0.0,0.0,0.0,0.0,0.0,0.0,0.0,0.0,0.0,1.0,0.0,-0.0,1.0
9012,14,90.0,ice_wizard,ice_wizard,troop,1.5,18.0,mini_pekka,11.8,1,0.0,0.0,0.0,0.0,0.0,0.0,0.0,0.0,0.0,0.0,0.0,0.0,0.0
9012,14,100.8,tesla_evo,tesla,building,1.5,18.0,mini_pekka,4.5,2,0.0,0.0,0.5,-0.0,0.0,0.0,0.0,0.0,0.0,1.0,0.0,0.0,1.5
9012,15,0.0,ice_wizard,ice_wizard,troop,1.5,18.0,,0.0,0,0.0,0.0,0.0,0.0,0.5,0.0,0.0,0.0,0.0,0.0,0.0,0.0,0.5
9012,15,1.2,skeletons,skeletons,troop,9.5,31.33,,0.0,2,0.0,0.0,0.0,0.0,1.0,0.0,0.0,0.0,0.0,0.0,0.0,0.0,1.0
9012,15,10.2,tesla,tesla,building,1.5,18.0,,0.0,4,0.0,0.0,0.0,0.0,0.5,0.0,0.0,0.0,0.0,0.0,0.0,0.0,0.5
9012,15,21.0,knight,knight,troop,14.5,18.0,dart_goblin,2.8,1,0.0,0.0,0.0,0.0,0.5,1.0,0.0,0.0,0.0,0.9,0.0,0.0,2.4
9012,15,37.2,x_bow,x_bow,building,1.5,18.0,,0.0,4,0.0,0.0,0.0,0.0,0.5,0.0,0.0,0.0,0.0,0.0,1.0,0.0,1.5
9012,15,46.2,ice_wizard,ice_wizard,troop,3.5,18.0,dart_goblin,10.98,4,0.0,0.0,0.0,0.0,0.5,0.0,0.0,0.0,0.0,0.0,0.0,0.0,0.5
9012,15,46.8,skeletons,skeletons,troop,9.5,31.33,dart_goblin,15.72,4,0.0,0.0,0.0,0.0,0.5,0.0,0.0,0.0,0.0,0.0,0.0,0.0,0.5
9012,15,58.8,tesla,tesla,building,3.5,18.0,,0.0,2,0.0,0.0,0.0,0.0,0.5,0.0,0.0,0.0,0.0,0.0,0.0,0.0,0.5
9012,15,64.2,the_log,the_log,spell,5.5,18.0,,0.0,0,0.0,0.0,0.0,0.0,0.5,0.0,0.0,0.0,0.0,0.0,0.0,0.0,0.5
9012,15,70.2,knight,knight,troop,12.5,30.0,wall_breakers,3.44,1,0.0,0.0,0.0,0.0,0.5,0.5,0.0,0.0,0.0,0.0,0.0,0.0,1.0
9012,15,84.6,ice_wizard,ice_wizard,troop,1.5,18.0,dart_goblin,12.59,1,0.0,0.0,0.0,0.0,0.4941,0.0,0.0,0.0,0.0,0.0,0.0,0.0,0.4941
9012,15,85.2,skeletons,skeletons,troop,9.5,31.33,dart_goblin,12.35,1,0.0,0.0,0.0,0.0,0.0843,0.0,0.0,0.0,0.0,0.0,0.0,0.0,0.0843
9012,15,94.8,tesla_evo,tesla,building,1.5,18.0,,0.0,0,0.0,0.0,0.0,0.0,0.5,0.0,0.0,0.0,0.0,0.0,0.0,0.0,0.5
9012,15,106.2,the_log,the_log,spell,3.5,18.0,,0.0,3,0.0,0.0,0.0,0.0,0.5,0.0,1.0,0.0,0.0,0.0,0.0,0.0,1.5
9012,15,106.8,knight_evo,knight,troop,3.5,27.33,,0.0,3,0.0,0.0,0.0,0.0,0.5,0.0,0.0,0.0,0.0,0.0,0.0,0.0,0.5
9012,15,116.4,ice_wizard,ice_wizard,troop,3.5,18.0,,0.0,1,0.0,0.0,0.0,0.0,0.5,0.0,0.0,0.0,0.0,0.0,0.0,0.0,0.5
9012,15,118.8,skeletons,skeletons,troop,9.5,31.33,,0.0,1,0.0,0.0,0.0,0.0,0.5,0.0,0.0,0.0,0.0,0.0,0.0,0.0,0.5
9012,15,124.8,tesla,tesla,building,3.5,18.0,wall_breakers,9.91,4,0.0,0.0,0.0,-0.0,0.5,0.0,0.0,0.0,0.0,1.0,0.0,0.0,1.5
9012,15,133.2,x_bow,x_bow,building,12.5,18.0,,0.0,0,0.0,0.0,0.0,0.0,0.0,0.0,0.0,0.0,0.0,0.0,1.0,0.0,1.0
9012,15,136.2,the_log,the_log,spell,12.5,18.0,,0.0,4,0.0,0.0,0.0,0.0,0.0,0.0,0.0,0.0,0.0,0.0,0.0,0.0,0.0
9012,15,140.4,knight,knight,troop,12.5,30.0,dart_goblin,20.58,3,0.0,0.0,0.0,0.0,0.5,0.0,0.0,0.0,0.0,0.0,0.0,0.0,0.5
9012,15,142.2,skeletons,skeletons,troop,9.5,31.33,dart_goblin,21.14,4,0.0,0.0,0.0,0.0,0.5,0.0,0.0,0.0,0.0,0.0,0.0,0.0,0.5
9012,15,145.8,ice_wizard,ice_wizard,troop,1.5,18.0,dart_goblin,3.7,3,0.0,0.0,0.0,0.0,0.5,0.5,0.0,0.0,0.0,0.7381,0.0,0.0,1.7381
9012,15,151.2,tesla,tesla,building,1.5,18.0,dart_goblin,1.5,4,0.0,0.0,0.0,0.0,0.5,0.0,0.0,0.0,0.0,1.0,0.0,0.0,1.5
9012,15,161.4,x_bow,x_bow,building,12.5,18.0,wall_breakers,0.02,6,0.0,0.0,0.125,-1.0,0.0,0.0,0.0,0.0,0.0,1.0,0.0,0.0,0.125
9012,15,163.2,the_log,the_log,spell,14.5,18.0,,0.0,4,0.0,0.0,0.0,0.0,0.0,0.0,0.75,0.0,0.0,0.0,0.0,0.0,0.75
9012,15,163.8,skeletons,skeletons,troop,9.5,31.33,,0.0,4,0.0,0.0,0.0,0.0,0.5,0.0,0.0,0.0,0.0,0.0,0.0,0.0,0.5
9012,15,168.0,knight,knight,troop,12.5,23.33,dart_goblin,2.18,3,0.0,0.0,0.0,0.0,0.0765,1.0,0.0,0.0,0.0,0.6029,0.0,0.0,1.6794
9012,15,173.4,ice_wizard,ice_wizard,troop,3.5,18.0,wall_breakers,0.83,1,0.0,0.0,0.0,0.0,0.5,1.0,0.0,0.0,0.0,0.4435,0.0,0.0,1.9435
9012,15,178.2,tesla_evo,tesla,building,1.5,18.0,dart_goblin,5.76,4,0.0,0.0,0.1757,0.0,0.5,0.0,0.0,0.0,0.0,0.12,0.0,0.0,0.7957
9012,16,0.0,knight,knight,troop,12.5,30.0,,0.0,0,0.0,0.0,0.0,0.0,0.5,0.0,0.0,0.0,0.0,0.0,0.0,0.0,0.5
9012,16,0.6,skeletons,skeletons,troop,9.5,31.33,,0.0,3,0.0,0.0,0.0,0.0,1.0,0.0,0.0,0.0,0.0,0.0,0.0,0.0,1.0
9012,16,9.6,tesla,tesla,building,1.5,18.0,,0.0,5,0.0,0.0,0.0,0.0,0.5,0.0,0.0,0.0,0.0,0.0,0.0,0.0,0.5
9012,16,24.0,ice_wizard,ice_wizard,troop,3.5,18.0,miner,7.26,3,0.0,0.0,0.0,0.0,0.5,0.0,0.0,0.0,0.0,0.0,0.0,0.0,0.5
9012,16,31.8,the_log,the_log,spell,3.5,18.0,,0.0,6,0.0,0.0,0.0,0.0,0.5,0.0,0.0,0.0,0.0,0.0,0.0,0.0,0.5
9012,16,32.4,knight,knight,troop,12.5,30.0,,0.0,6,0.0,0.0,0.0,0.0,0.5,0.0,0.0,0.0,0.0,0.0,0.0,0.0,0.5
9012,16,34.2,skeletons,skeletons,troop,9.5,31.33,,0.0,5,0.0,0.0,0.0,0.0,1.0,0.0,0.0,0.0,0.0,0.0,0.0,0.0,1.0
9012,16,49.2,tesla,tesla,building,1.5,18.0,wall_breakers,12.59,2,0.0,0.0,0.0,-0.0,0.5,0.0,0.0,0.0,0.0,0.8759,0.0,0.0,1.3759
9012,16,57.0,ice_wizard,ice_wizard,troop,16.5,18.0,,0.0,5,0.0,0.0,0.0,0.0,0.5,0.0,0.0,0.0,0.0,0.0,0.0,0.0,0.5
9012,16,76.2,x_bow,x_bow,building,3.5,18.0,miner,7.26,6,0.0,0.0,0.0,-0.0,0.5,0.0,0.0,0.0,0.0,0.0,1.0,0.0,1.5
9012,16,76.8,the_log,the_log,spell,14.5,18.0,miner,14.51,6,0.0,0.0,0.0,0.0,0.5,0.0,0.5714,0.0,0.0,0.0,0.0,0.0,1.0714
9012,16,80.4,skeletons,skeletons,troop,9.5,31.33,,0.0,0,0.0,0.0,0.0,0.0,1.0,0.0,0.0,0.0,0.0,0.0,0.0,0.0,1.0
9012,16,87.0,knight_evo,knight,troop,1.5,18.0,,0.0,2,0.0,0.0,0.0,0.0,0.5,0.0,0.0,0.0,0.0,0.0,0.0,0.0,0.5
9012,16,95.4,ice_wizard,ice_wizard,troop,1.5,18.0,miner,5.09,1,0.0,0.0,0.0,0.0,0.0,0.0,0.0,0.0,0.0,0.0,0.0,0.0,0.0
9012,16,112.2,x_bow,x_bow,building,1.5,18.0,,0.0,0,0.0,0.0,0.0,0.0,0.5,0.0,0.0,0.0,0.0,0.0,0.0,0.0,0.5
9012,16,123.0,tesla_evo,tesla,building,14.5,23.33,miner,2.45,3,0.0,0.0,0.0,-0.0,0.5,0.0,0.0,0.0,0.0,1.0,0.0,0.0,1.5
9012,16,123.6,skeletons,skeletons,troop,9.5,31.33,miner,6.06,5,0.0,0.0,0.0,0.0,0.8333,0.0,0.0,0.0,0.0,0.0,0.0,-0.0,0.8333
9012,16,126.6,the_log,the_log,spell,3.5,18.0,wall_breakers,11.18,6,0.0,0.0,0.0,0.0,0.5,0.0,0.0,0.0,0.0,0.0,0.0,0.0,0.5
9012,16,130.2,knight,knight,troop,12.5,30.0,,0.0,5,0.0,0.0,0.0,0.0,0.5,0.0,0.0,0.0,0.0,0.0,0.0,0.0,0.5
9012,16,135.6,ice_wizard,ice_wizard,troop,1.5,18.0,wall_breakers,3.25,6,0.0,0.0,0.0,0.0,0.5,0.5,0.0,0.0,0.0,1.0,0.0,0.0,2.0
9012,16,139.2,tornado,tornado,spell,0.5,16.67,wall_breakers,5.4,13,0.0,0.0,0.0,0.0,0.057,0.0,0.5385,0.0843,0.0,0.0,0.0,0.0,0.6798
9012,16,140.4,skeletons,skeletons,troop,9.5,31.33,wall_breakers,9.72,13,0.0,0.0,0.0,0.0,0.5,0.0,0.0,0.0,0.0,0.0,0.0,0.0,0.5
9012,16,147.6,tesla,tesla,building,1.5,18.0,miner,8.36,3,0.0,0.0,0.0,-0.0,0.5,0.0,0.0,0.0,0.0,1.0,0.0,0.0,1.5
9012,16,149.4,the_log,the_log,spell,14.5,18.0,miner,14.8,5,0.0,0.0,0.0,0.0,0.5,0.0,0.4,0.0,0.0,0.0,0.0,0.0,0.9
9012,16,153.0,knight,knight,troop,12.5,30.0,miner,10.45,4,0.0,0.0,0.0,0.0,0.5,0.0,0.0,0.0,0.0,0.0,0.0,0.0,0.5
9012,16,159.6,ice_wizard,ice_wizard,troop,3.5,18.0,wall_breakers,10.66,2,0.0,0.0,0.0,0.0,0.5,0.0,0.0,0.0,0.0,0.0,0.0,0.0,0.5
9012,16,160.2,skeletons,skeletons,troop,9.5,31.33,wall_breakers,15.83,5,0.0,0.0,0.0,0.0,0.5,0.0,0.0,0.0,0.0,0.4714,0.0,0.0,0.9714
9012,16,163.8,tesla,tesla,building,3.5,18.0,wall_breakers,11.87,8,0.0,0.0,0.0,-0.0,0.5,0.0,0.0,0.0,0.0,1.0,0.0,0.0,1.5
9012,16,172.2,x_bow,x_bow,building,12.5,18.0,wall_breakers,8.77,1,0.0,0.0,0.0,-0.0,0.5,0.0,0.0,0.0,0.0,0.0,1.0,0.0,1.5
9012,16,177.0,knight_evo,knight,troop,14.5,18.0,,0.0,6,0.0,0.0,0.0,0.0,0.5,0.0,0.0,0.0,0.0,0.0,0.0,0.0,0.5
9012,17,0.0,knight,knight,troop,12.5,30.0,,0.0,0,0.0,0.0,0.0,0.0,0.5,0.0,0.0,0.0,0.0,0.0,0.0,0.0,0.5
9012,17,7.2,tesla,tesla,building,1.5,18.0,zappies,11.23,3,0.0,0.0,0.0,0.0,0.5,0.0,0.0,0.0,0.0,1.0,0.0,0.0,1.5
9012,17,21.0,ice_wizard,ice_wizard,troop,3.5,18.0,flying_machine,10.71,2,0.0,0.0,0.0,0.0,0.284,0.0,0.0,0.0,0.0,0.0,0.0,0.0,0.284
9012,17,21.6,skeletons,skeletons,troop,9.5,31.33,flying_machine,15.77,2,0.0,0.0,0.0,0.0,0.284,0.0,0.0,0.0,0.0,0.0,0.0,0.0,0.284
9012,17,43.2,x_bow,x_bow,building,1.5,18.0,,0.0,0,0.0,0.0,0.0,0.0,0.5,0.0,0.0,0.0,0.0,0.0,1.0,0.0,1.5
9012,17,44.4,knight,knight,troop,12.5,30.0,,0.0,0,0.0,0.0,0.0,0.0,0.0,0.0,0.0,0.0,0.0,0.0,0.0,0.0,0.0
9012,17,50.4,the_log,the_log,spell,1.5,18.0,royal_hogs,1.05,5,0.0,0.0,0.0,0.0,0.5,0.0,0.75,0.0,0.0,0.0,0.0,0.0,1.25
9012,17,56.4,ice_wizard,ice_wizard,troop,1.5,18.0,goblin_brawler,2.23,3,0.0,0.0,0.0,0.0,0.5,0.0,0.0,0.0,0.0,0.5642,0.0,0.0,1.0642
9012,17,60.0,skeletons,skeletons,troop,9.5,31.33,royal_hogs,9.5,6,0.0,0.0,0.0,0.0,0.5,0.0,0.0,0.0,0.0,0.0,0.0,0.0,0.5
9012,17,76.2,x_bow,x_bow,building,1.5,18.0,flying_machine,12.96,1,0.0,0.0,0.0,0.0,0.5,0.0,0.0,0.0,0.0,1.0,1.0,0.0,2.5
9012,17,84.6,knight_evo,knight,troop,3.5,18.0,flying_machine,8.56,2,0.0,0.0,0.0,0.0,0.2879,0.0,0.0,0.0,0.0,0.0,0.0,0.0,0.2879
9012,17,97.8,tesla,tesla,building,3.5,18.0,,0.0,0,0.0,0.0,0.0,0.0,0.5,0.0,0.0,0.0,0.0,0.0,0.0,0.0,0.5
9012,17,109.2,ice_wizard,ice_wizard,troop,5.5,18.0,,0.0,0,0.0,0.0,0.0,0.0,0.5,0.0,0.0,0.0,0.0,0.0,0.0,0.0,0.5
9012,17,110.4,skeletons,skeletons,troop,9.5,31.33,royal_hogs,17.06,4,0.0,0.0,0.0,0.0,0.5,0.0,0.0,0.0,0.0,0.2604,0.0,0.0,0.7604
9012,17,121.8,x_bow,x_bow,building,14.5,18.0,zappies,1.86,3,0.0,0.0,0.0,0.0,0.0,0.0,0.0,0.0,0.0,1.0,1.0,0.0,2.0
9012,17,125.4,the_log,the_log,spell,14.5,22.0,zappies,0.78,3,0.0,0.0,0.0,0.0,0.0,0.0,0.3333,0.0,0.0,0.0,0.0,0.0,0.3333
9012,17,129.0,knight,knight,troop,14.5,22.0,zappies,1.26,3,0.0,0.0,0.0,0.0,0.0,0.0,0.0,0.0,0.0,0.0,0.0,0.0,0.0
9012,17,133.2,ice_wizard,ice_wizard,troop,5.5,18.0,flying_machine,3.86,2,0.0,0.0,0.0,0.0,0.5,1.0,0.0,0.0,0.0,0.8427,0.0,0.0,2.3427
9012,17,134.4,skeletons,skeletons,troop,9.5,31.33,golden_knight,17.47,2,0.0,0.0,0.0,0.0,0.5,0.0,0.0,0.0,0.0,0.0,0.0,-0.0,0.5
9012,17,139.8,tornado,tornado,spell,8.5,18.0,golden_knight,3.42,2,0.0,0.0,0.0,0.0,0.162,0.0,1.0,0.1078,0.0,0.0,0.0,0.0,1.2698
9012,17,145.2,tesla_evo,tesla,building,1.5,18.0,golden_knight,5.69,6,0.0,0.0,0.0,-0.0,0.5,0.0,0.0,0.0,0.0,1.0,0.0,0.0,1.5
9012,17,148.8,knight,knight,troop,12.5,30.0,royal_hogs,10.67,4,0.0,0.0,0.0,0.0,0.5,0.0,0.0,0.0,0.0,0.0,0.0,0.0,0.5
9012,17,154.8,ice_wizard,ice_wizard,troop,3.5,18.0,royal_hogs,5.49,7,0.0,0.0,0.0,0.0,0.5,0.0,0.0,0.0,0.0,0.0,0.0,0.0,0.5
9012,17,155.4,skeletons,skeletons,troop,3.5,27.33,royal_hogs,4.67,6,0.0,0.0,0.0,0.0,0.5,0.5,0.0,0.0,0.0,0.0,0.0,0.0,1.0
9012,17,162.0,the_log,the_log,spell,12.5,19.33,goblin_brawler,0.54,6,0.0,0.0,0.0,0.0,0.0,0.0,1.0,0.0,0.0,0.0,0.0,0.0,1.0
9012,17,162.6,tesla,tesla,building,3.5,18.0,goblin_brawler,8.62,6,0.0,0.0,0.0,-0.0,0.5,0.0,0.0,0.0,0.0,1.0,0.0,0.0,1.5
9012,17,166.8,knight_evo,knight,troop,5.5,18.0,flying_machine,4.87,4,0.0,0.0,0.0,0.0,0.0,0.5,0.0,0.0,0.0,0.0,0.0,0.0,0.5
9012,17,171.0,ice_wizard,ice_wizard,troop,5.5,18.0,zappies,6.61,4,0.0,0.0,0.0,0.0,0.0,0.12,0.0,0.0,0.0,0.0,0.0,0.0,0.12
9012,17,172.2,skeletons,skeletons,troop,9.5,31.33,zappies,11.06,4,0.0,0.0,0.0,0.0,0.5,0.0,0.0,0.0,0.0,1.0,0.0,0.0,1.5
9012,17,181.2,x_bow,x_bow,building,5.5,18.0,royal_hogs,8.88,9,0.0,0.0,0.0,-0.0,0.5,0.0,0.0,0.0,0.0,0.0,0.0,0.0,0.5
9012,17,186.6,tesla,tesla,building,1.5,18.0,royal_hogs,11.2,8,0.0,0.0,0.0,-0.0,0.5,0.0,0.0,0.0,0.0,1.0,0.0,0.0,1.5
9012,17,189.0,the_log,the_log,spell,5.5,18.0,flying_machine,6.9,5,0.0,0.0,0.0,0.0,0.5,0.0,0.0,0.0,0.0,0.0,0.0,0.0,0.5
9012,17,193.2,knight,knight,troop,5.5,18.0,flying_machine,6.77,3,0.0,0.0,0.0,0.0,0.2879,0.0,0.0,0.0,0.0,0.0,0.0,0.0,0.2879
9012,17,195.0,skeletons,skeletons,troop,9.5,31.33,flying_machine,9.45,2,0.0,0.0,0.0,0.0,0.5,0.0,0.0,0.0,0.0,0.0,0.0,0.0,0.5
9012,17,200.4,ice_wizard,ice_wizard,troop,3.5,18.0,golden_knight,9.05,1,0.0,0.0,0.0,0.0,0.2598,0.0,0.0,0.0,0.0,0.0,0.0,0.0,0.2598
9012,18,1.2,ice_wizard,ice_wizard,troop,1.5,18.0,musketeer,12.94,4,0.0,0.0,0.0,0.0,0.5,0.0,0.0,0.0,0.0,0.0,0.0,0.0,0.5
9012,18,10.8,the_log,the_log,spell,3.5,18.0,ice_golem,0.85,1,0.0,0.0,0.0,0.0,0.5,0.0,1.0,0.0,0.0,0.0,0.0,0.0,1.5
9012,18,11.4,knight,knight,troop,12.5,30.0,ice_golem,15.25,1,0.0,0.0,0.0,0.0,0.5,0.0,0.0,0.0,0.0,0.0543,0.0,0.0,0.5543
9012,18,22.8,tesla,tesla,building,1.5,18.0,,0.0,0,0.0,0.0,0.0,0.0,0.5,0.0,0.0,0.0,0.0,0.0,0.0,0.0,0.5
9012,18,25.2,skeletons,skeletons,troop,9.5,31.33,,0.0,0,0.0,0.0,0.0,0.0,1.0,0.0,0.0,0.0,0.0,0.0,0.0,0.0,1.0
9012,18,37.2,ice_wizard,ice_wizard,troop,16.5,18.0,ice_golem,3.33,1,0.0,0.0,0.0,0.0,0.5,0.5,0.0,0.0,0.0,1.0,0.0,0.0,2.0
9012,18,54.0,x_bow,x_bow,building,3.5,18.0,,0.0,0,0.0,0.0,0.0,0.0,0.5,0.0,0.0,0.0,0.0,0.0,1.0,0.0,1.5
9012,18,57.0,knight,knight,troop,12.5,30.0,,0.0,0,0.0,0.0,0.0,0.0,0.5,0.0,0.0,0.0,0.0,0.0,0.0,0.0,0.5
9012,18,64.2,the_log,the_log,spell,3.5,18.0,hog_rider,11.07,5,0.0,0.0,0.0,0.0,0.5,0.0,0.4286,0.0,0.0,0.0,0.0,0.0,0.9286
9012,18,64.8,skeletons,skeletons,troop,9.5,31.33,hog_rider,9.03,5,0.0,0.0,0.0,0.0,0.5,0.0,0.0,0.0,0.0,0.0,0.0,0.0,0.5
9012,18,73.8,ice_wizard,ice_wizard,troop,1.5,18.0,ice_golem,12.3,1,0.0,0.0,0.0,0.0,0.5,0.0,0.0,0.0,0.0,0.0,0.0,0.0,0.5
9012,18,90.6,x_bow,x_bow,building,1.5,18.0,musketeer,15.6,1,0.0,0.0,0.0,0.0,0.5,0.0,0.0,0.0,0.0,0.0,1.0,0.0,1.5
9012,18,98.4,knight_evo,knight,troop,3.5,18.0,musketeer,11.31,1,0.0,0.0,0.0,0.0,0.5,0.0,0.0,0.0,0.0,0.0,0.0,0.0,0.5
9012,18,110.4,tesla,tesla,building,3.5,18.0,ice_golem,11.24,1,0.0,0.0,0.0,-0.0,0.5,0.0,0.0,0.0,0.0,1.0,0.0,0.0,1.5
9012,18,112.2,skeletons,skeletons,troop,9.5,31.33,ice_golem,8.58,1,0.0,0.0,0.0,0.0,0.5,0.0,0.0,0.0,0.0,1.0,0.0,0.0,1.5
9012,18,121.8,ice_wizard,ice_wizard,troop,1.5,18.0,hog_rider,12.41,1,0.0,0.0,0.0,0.0,0.4941,0.0,0.0,0.0,0.0,0.0,0.0,0.0,0.4941
9012,18,127.8,the_log,the_log,spell,10.5,27.33,hog_rider,0.29,5,0.0,0.0,0.0,0.0,0.5,0.0,1.0,0.0,0.0,0.0,0.0,0.0,1.5
9012,18,128.4,knight,knight,troop,10.5,27.33,hog_rider,0.29,5,0.0,0.0,0.0,0.0,0.5,1.0,0.0,0.0,0.0,0.5675,0.0,0.0,2.0675
9012,18,133.8,tesla_evo,tesla,building,1.5,18.0,,0.0,0,0.0,0.0,0.0,0.0,0.5,0.0,0.0,0.0,0.0,0.0,0.0,0.0,0.5
9012,18,135.0,skeletons,skeletons,troop,9.5,31.33,,0.0,0,0.0,0.0,0.0,0.0,0.5,0.0,0.0,0.0,0.0,0.0,0.0,0.0,0.5
9012,18,140.4,ice_wizard,ice_wizard,troop,12.5,18.0,,0.0,0,0.0,0.0,0.0,0.0,0.0,0.0,0.0,0.0,0.0,0.0,0.0,0.0,0.0
9012,18,147.6,x_bow,x_bow,building,12.5,18.0,,0.0,0,0.0,0.0,0.0,0.0,0.0,0.0,0.0,0.0,0.0,0.0,1.0,0.0,1.0
9012,18,151.2,knight,knight,troop,14.5,18.0,,0.0,0,0.0,0.0,0.0,0.0,0.0,0.0,0.0,0.0,0.0,0.0,0.0,0.0,0.0
9012,18,156.6,the_log,the_log,spell,14.5,18.0,ice_golem,1.14,1,0.0,0.0,0.0,0.0,0.0,0.0,1.0,0.0,0.0,0.0,0.0,0.0,1.0
9012,18,157.2,skeletons,skeletons,troop,9.5,31.33,ice_golem,14.86,1,0.0,0.0,0.0,0.0,0.0,0.0,0.0,0.0,0.0,0.0,0.0,0.0,0.0
9012,18,160.8,ice_wizard,ice_wizard,troop,14.5,18.0,,0.0,0,0.0,0.0,0.0,0.0,0.0,0.0,0.0,0.0,0.0,0.0,0.0,0.0,0.0
9012,18,165.6,tesla,tesla,building,1.5,18.0,,0.0,3,0.0,0.0,0.0,0.0,0.5,0.0,0.0,0.0,0.0,0.0,0.0,0.0,0.5
9012,18,169.8,knight_evo,knight,troop,14.5,18.0,ice_golem,0.69,2,0.0,0.0,0.0,0.0,0.0,1.0,0.0,0.0,0.0,0.1056,0.0,0.0,1.1056
9012,18,177.6,the_log,the_log,spell,14.5,18.0,,0.0,0,0.0,0.0,0.0,0.0,0.0,0.0,0.0,0.0,0.0,0.0,0.0,0.0,0.0
9012,18,178.2,skeletons,skeletons,troop,9.5,31.33,,0.0,0,0.0,0.0,0.0,0.0,0.5,0.0,0.0,0.0,0.0,0.0,0.0,0.0,0.5
9012,18,180.0,ice_wizard,ice_wizard,troop,14.5,18.0,musketeer,6.0,1,0.0,0.0,0.0,0.0,0.0,1.0,0.0,0.0,0.0,0.0,0.0,0.0,1.0
9012,19,0.0,knight,knight,troop,12.5,30.0,,0.0,0,0.0,0.0,0.0,0.0,0.5,0.0,0.0,0.0,0.0,0.0,0.0,0.0,0.5
9012,19,4.2,ice_wizard,ice_wizard,troop,1.5,18.0,hog_rider,12.68,1,0.0,0.0,0.0,0.0,0.5,0.0,0.0,0.0,0.0,0.0,0.0,0.0,0.5
9012,19,6.6,skeletons,skeletons,troop,9.5,31.33,hog_rider,8.86,1,0.0,0.0,0.0,0.0,0.5,0.0,0.0,0.0,0.0,0.0,0.0,0.0,0.5
9012,19,18.6,tesla,tesla,building,12.5,18.0,mighty_miner,9.04,1,0.0,0.0,0.0,-0.0,0.5,0.0,0.0,0.0,0.0,1.0,0.0,0.0,1.5
9012,19,33.6,the_log,the_log,spell,16.5,18.0,firecracker,4.82,2,0.0,0.0,0.0,0.0,0.5,0.0,0.0,0.0,0.0,0.0,0.0,0.0,0.5
9012,19,34.2,knight,knight,troop,12.5,30.0,firecracker,16.19,2,0.0,0.0,0.0,0.0,0.5,0.0,0.0,0.0,0.0,0.0,0.0,0.0,0.5
9012,19,41.4,ice_wizard,ice_wizard,troop,1.5,18.0,hog_rider,3.23,1,0.0,0.0,0.0,0.0,0.0,0.0,0.0,0.0,0.0,0.7073,0.0,0.0,0.7073
9012,19,43.2,skeletons,skeletons,troop,9.5,31.33,hog_rider,7.68,1,0.0,0.0,0.0,0.0,0.5,0.0,0.0,0.0,0.0,0.9985,0.0,0.0,1.4985
9012,19,54.6,tesla,tesla,building,1.5,18.0,mighty_miner,4.7,1,0.0,0.0,0.4786,-0.0,0.0,0.0,0.0,0.0,0.0,0.0,0.0,0.0,0.4786
9012,19,68.4,the_log,the_log,spell,14.5,18.0,mighty_miner,9.87,5,0.0,0.0,0.0,0.0,0.5,0.0,0.0,0.0,0.0,0.0,0.0,0.0,0.5
9012,19,69.0,knight_evo,knight,troop,1.5,18.0,mighty_miner,3.19,5,0.0,0.0,0.0,0.0,0.0,0.0,0.0,0.0,0.0,1.0,0.0,0.0,1.0
9012,19,79.8,ice_wizard,ice_wizard,troop,1.5,18.0,,0.0,0,0.0,0.0,0.0,0.0,0.0,0.0,0.0,0.0,0.0,0.0,0.0,0.0,0.0
9012,19,80.4,skeletons,skeletons,troop,9.5,31.33,,0.0,0,0.0,0.0,0.0,0.0,0.5,0.0,0.0,0.0,0.0,0.0,0.0,0.0,0.5
9012,19,91.2,tesla_evo,tesla,building,1.5,18.0,mighty_miner,5.03,2,0.0,0.0,0.4053,-0.0,0.0,0.0,0.0,0.0,0.0,0.0,0.0,0.0,0.4053
9012,19,110.4,x_bow,x_bow,building,1.5,18.0,,0.0,0,0.0,0.0,0.0,0.0,0.0,0.0,0.0,0.0,0.0,0.0,1.0,0.0,1.0
9012,19,113.4,the_log,the_log,spell,3.5,19.33,hog_rider,0.0,1,0.0,0.0,0.0,0.0,0.0,0.0,1.0,0.0,0.0,0.0,0.0,0.0,1.0
9012,19,120.6,knight,knight,troop,12.5,30.0,hog_rider,14.13,1,0.0,0.0,0.0,0.0,0.0,0.0,0.0,0.0,0.0,0.0,0.0,0.0,0.0
9012,19,123.0,skeletons,skeletons,troop,9.5,31.33,hog_rider,11.67,2,0.0,0.0,0.0,0.0,0.5,0.0,0.0,0.0,0.0,1.0,0.0,0.0,1.5
9012,19,127.8,tesla,tesla,building,1.5,18.0,mighty_miner,8.57,1,0.0,0.0,0.0,-0.0,0.0,0.0,0.0,0.0,0.0,1.0,0.0,0.0,1.0
9012,19,134.4,ice_wizard,ice_wizard,troop,3.5,18.0,,0.0,0,0.0,0.0,0.0,0.0,0.0,0.0,0.0,0.0,0.0,0.0,0.0,0.0,0.0
9012,19,139.2,the_log,the_log,spell,3.5,18.0,hog_rider,11.07,1,0.0,0.0,0.0,0.0,0.0,0.0,0.0,0.0,0.0,0.0,0.0,0.0,0.0
9012,19,139.8,knight,knight,troop,12.5,30.0,hog_rider,6.58,1,0.0,0.0,0.0,0.0,0.5,0.0,0.0,0.0,0.0,0.0,0.0,0.0,0.5
9012,19,140.4,skeletons,skeletons,troop,9.5,31.33,hog_rider,8.86,1,0.0,0.0,0.0,0.0,0.5,0.0,0.0,0.0,0.0,0.0,0.0,0.0,0.5
9012,19,146.4,tesla,tesla,building,1.5,18.0,firecracker,2.0,2,0.0,0.0,0.0,0.0,0.0,0.0,0.0,0.0,0.0,1.0,0.0,0.0,1.0
9012,19,150.6,ice_wizard,ice_wizard,troop,3.5,18.0,firecracker,2.49,2,0.0,0.0,0.0,0.0,0.0,1.0,0.0,0.0,0.0,0.1056,0.0,0.0,1.1056
9012,19,158.4,x_bow,x_bow,building,1.5,18.0,mighty_miner,1.97,3,0.0,0.0,0.3184,-0.2793,0.0,0.0,0.0,0.0,0.0,1.0,1.0,0.0,2.0391
9012,19,162.0,the_log,the_log,spell,3.5,19.33,mighty_miner,0.64,3,0.0,0.0,0.0,0.0,0.0,0.0,1.0,0.0,0.0,0.0,0.0,0.0,1.0
9012,19,162.6,skeletons,skeletons,troop,9.5,31.33,mighty_miner,13.59,3,0.0,0.0,0.0,0.0,0.0,0.0,0.0,0.0,0.0,0.0,0.0,-0.0,0.0
9012,19,166.8,knight_evo,knight,troop,1.5,18.0,mighty_miner,4.03,5,0.0,0.0,0.0,0.0,0.0,0.0,0.0,0.0,0.0,1.0,0.0,0.0,1.0
9012,19,171.0,ice_wizard,ice_wizard,troop,1.5,18.0,mighty_miner,2.71,3,0.0,0.0,0.0,0.0,0.0,0.0,0.0,0.0,0.0,0.3068,0.0,0.0,0.3068
9012,19,177.6,tesla_evo,tesla,building,1.5,18.0,hog_rider,10.19,3,0.0,0.0,0.0,-0.0,0.0,0.0,0.0,0.0,0.0,1.0,0.0,0.0,1.0
9012,19,183.6,tornado,tornado,spell,3.5,16.67,mighty_miner,11.63,1,0.0,0.0,0.0,0.0,0.0,0.0,0.0,0.0,0.0,0.0,0.0,0.0,0.0
9012,19,184.2,skeletons,skeletons,troop,9.5,31.33,mighty_miner,9.52,1,0.0,0.0,0.0,0.0,0.5,0.0,0.0,0.0,0.0,0.0,0.0,-0.0,0.5
9012,20,0.0,skeletons,skeletons,troop,9.5,31.33,,0.0,0,0.0,0.0,0.0,0.0,1.0,0.0,0.0,0.0,0.0,0.0,0.0,0.0,1.0
9012,20,6.0,x_bow,x_bow,building,1.5,18.0,,0.0,0,0.0,0.0,0.0,0.0,0.5,0.0,0.0,0.0,0.0,0.0,1.0,0.0,1.5
9012,20,15.6,the_log,the_log,spell,14.5,18.0,,0.0,2,0.0,0.0,0.0,0.0,0.5,0.0,0.5,0.0,0.0,0.0,0.0,0.0,1.0
9012,20,19.8,knight,knight,troop,14.5,18.0,,0.0,1,0.0,0.0,0.0,0.0,0.5,0.0,0.0,0.0,0.0,0.0,0.0,0.0,0.5
9012,20,28.8,ice_wizard,ice_wizard,troop,1.5,18.0,minions,12.79,7,0.0,0.0,0.0,0.0,0.5,0.0,0.0,0.0,0.0,0.0,0.0,0.0,0.5
9012,20,31.2,skeletons,skeletons,troop,9.5,31.33,minions,16.36,3,0.0,0.0,0.0,0.0,0.0,0.0,0.0,0.0,0.0,0.0,0.0,0.0,0.0
9012,20,47.4,tesla,tesla,building,1.5,18.0,,0.0,6,0.0,0.0,0.0,0.0,0.5,0.0,0.0,0.0,0.0,0.0,0.0,0.0,0.5
9012,20,59.4,x_bow,x_bow,building,1.5,18.0,,0.0,1,0.0,0.0,0.0,0.0,0.5,0.0,0.0,0.0,0.0,0.0,1.0,0.0,1.5
9012,20,65.4,the_log,the_log,spell,3.5,18.0,minions,4.4,3,0.0,0.0,0.0,0.0,0.5,0.0,0.0,0.0,0.0,0.0,0.0,0.0,0.5
9012,20,73.2,knight,knight,troop,12.5,30.0,,0.0,0,0.0,0.0,0.0,0.0,0.0,0.0,0.0,0.0,0.0,0.0,0.0,0.0,0.0
9012,20,76.8,skeletons,skeletons,troop,9.5,31.33,skeleton_barrel,15.85,1,0.0,0.0,0.0,0.0,0.5,0.0,0.0,0.0,0.0,0.0,0.0,0.0,0.5
9012,20,84.6,ice_wizard,ice_wizard,troop,1.5,18.0,skeleton_barrel,2.09,1,0.0,0.0,0.0,0.0,0.5,0.5,0.0,0.0,0.0,1.0,0.0,0.0,2.0
9012,20,99.6,tesla,tesla,building,1.5,18.0,,0.0,0,0.0,0.0,0.0,0.0,0.5,0.0,0.0,0.0,0.0,0.0,0.0,0.0,0.5
9012,20,111.0,the_log,the_log,spell,3.5,18.0,minions,4.26,2,0.0,0.0,0.0,0.0,0.5,0.0,0.0,0.0,0.0,0.0,0.0,0.0,0.5
9012,20,111.6,knight_evo,knight,troop,3.5,18.0,minions,3.42,1,0.0,0.0,0.0,0.0,0.5,0.5,0.0,0.0,0.0,0.3351,0.0,0.0,1.3351
9012,20,112.2,skeletons,skeletons,troop,9.5,31.33,minions,16.95,1,0.0,0.0,0.0,0.0,0.5,0.0,0.0,0.0,0.0,0.0,0.0,0.0,0.5
9012,20,121.8,ice_wizard,ice_wizard,troop,12.5,18.0,skeleton_barrel,0.72,1,0.0,0.0,0.0,0.0,0.0,1.0,0.0,0.0,0.0,1.0,0.0,0.0,2.0
9012,20,127.8,tesla_evo,tesla,building,1.5,18.0,skeleton_barrel,10.44,1,0.0,0.0,0.0,-0.0,0.5,0.0,0.0,0.0,0.0,1.0,0.0,0.0,1.5
9012,20,133.8,the_log,the_log,spell,14.5,18.0,minions,2.44,4,0.0,0.0,0.0,0.0,0.0,0.0,0.0,0.0,0.0,0.0,0.0,0.0,0.0
9012,20,134.4,knight,knight,troop,14.5,18.0,minions,2.44,4,0.0,0.0,0.0,0.0,0.0,0.0,0.0,0.0,0.0,0.0,0.0,0.0,0.0
9012,20,135.0,skeletons,skeletons,troop,9.5,31.33,minions,16.09,4,0.0,0.0,0.0,0.0,0.0,0.0,0.0,0.0,0.0,0.0,0.0,0.0,0.0
9012,20,139.8,ice_wizard,ice_wizard,troop,16.5,18.0,skeleton_barrel,2.95,5,0.0,0.0,0.0,0.0,0.0,0.5,0.0,0.0,0.0,1.0,0.0,0.0,1.5
9012,20,145.2,tesla,tesla,building,12.5,18.0,skeleton_barrel,2.92,3,0.0,0.0,0.5,-0.0,0.0,0.0,0.0,0.0,0.0,1.0,0.0,0.0,1.5
9012,20,151.2,the_log,the_log,spell,14.5,18.0,,0.0,5,0.0,0.0,0.0,0.0,0.0,0.0,0.5,0.0,0.0,0.0,0.0,0.0,0.5
9012,20,151.8,knight,knight,troop,3.5,18.0,minions,4.4,3,0.0,0.0,0.0,0.0,0.5,1.0,0.0,0.0,0.0,0.2814,0.0,0.0,1.7814
9012,20,153.0,skeletons,skeletons,troop,9.5,31.33,minions,17.45,3,0.0,0.0,0.0,0.0,0.5,0.0,0.0,0.0,0.0,0.0,0.0,0.0,0.5
9012,20,157.8,ice_wizard,ice_wizard,troop,14.5,18.0,skeleton_barrel,10.73,4,0.0,0.0,0.0,0.0,0.5,0.0,0.0,0.0,0.0,0.0,0.0,0.0,0.5
9012,20,163.2,tesla,tesla,building,3.5,23.33,skeleton_barrel,0.0,3,0.0,0.0,0.2437,-1.0,0.5,0.0,0.0,0.0,0.0,1.0,0.0,0.0,0.7437
9012,20,170.4,the_log,the_log,spell,12.5,19.33,minions,4.55,4,0.0,0.0,0.0,0.0,0.0,0.0,1.0,0.0,0.0,0.0,0.0,0.0,1.0
9012,20,171.0,knight_evo,knight,troop,1.5,18.0,minions,11.52,4,0.0,0.0,0.0,0.0,0.2983,0.0,0.0,0.0,0.0,0.0,0.0,0.0,0.2983
9012,20,171.6,skeletons,skeletons,troop,9.5,31.33,minions,15.12,4,0.0,0.0,0.0,0.0,0.5,0.0,0.0,0.0,0.0,1.0,0.0,0.0,1.5
9012,20,176.4,ice_wizard,ice_wizard,troop,1.5,18.0,minions,10.4,4,0.0,0.0,0.0,0.0,0.5,0.0,0.0,0.0,0.0,0.0,0.0,0.0,0.5
9012,20,182.4,tesla_evo,tesla,building,1.5,18.0,,0.0,7,0.0,0.0,0.0,0.0,0.5,0.0,0.0,0.0,0.0,0.0,0.0,0.0,0.5
9012,20,189.0,x_bow,x_bow,building,3.5,18.0,minions,6.34,4,0.0,0.0,0.4724,0.0,0.5,0.0,0.0,0.0,0.0,0.8815,0.0,0.0,1.8539
9012,20,193.2,knight,knight,troop,12.5,30.0,skeleton_barrel,16.94,1,0.0,0.0,0.0,0.0,0.5,0.0,0.0,0.0,0.0,0.0,0.0,0.0,0.5
9012,20,196.8,skeletons,skeletons,troop,9.5,31.33,skeleton_barrel,15.52,1,0.0,0.0,0.0,0.0,0.5,0.0,0.0,0.0,0.0,0.0,0.0,0.0,0.5
9012,20,201.0,ice_wizard,ice_wizard,troop,1.5,18.0,skeleton_barrel,3.02,2,0.0,0.0,0.0,0.0,0.5,0.0,0.0,0.0,0.0,0.0,0.0,0.0,0.5
9012,20,204.0,the_log,the_log,spell,5.5,18.0,,0.0,4,0.0,0.0,0.0,0.0,0.5,0.0,1.0,0.0,0.0,0.0,0.0,0.0,1.5
9012,20,207.0,tornado,tornado,spell,17.5,18.0,minions,4.32,4,0.0,0.0,0.0,0.0,0.0,0.0,0.8182,0.0101,0.0,0.0,0.0,0.0,0.8283
9012,20,210.0,knight,knight,troop,14.5,18.0,minions,1.11,3,0.0,0.0,0.0,0.0,0.0,0.5,0.0,0.0,0.0,0.0,0.0,0.0,0.5
9012,20,211.8,skeletons,skeletons,troop,9.5,31.33,skeleton_barrel,17.62,4,0.0,0.0,0.0,0.0,0.5,0.0,0.0,0.0,0.0,1.0,0.0,0.0,1.5
9012,20,216.0,ice_wizard,ice_wizard,troop,1.5,18.0,skeleton_barrel,1.6,4,0.0,0.0,0.0,0.0,0.5,0.0,0.0,0.0,0.0,1.0,0.0,0.0,1.5
9012,20,222.0,tesla,tesla,building,1.5,18.0,minions,12.15,4,0.0,0.0,0.0,0.0,0.5,0.0,0.0,0.0,0.0,1.0,0.0,0.0,1.5
9012,20,229.8,x_bow,x_bow,building,3.5,18.0,skeleton_barrel,10.21,2,0.0,0.0,0.0,-0.0,0.5,0.0,0.0,0.0,0.0,1.0,0.0,0.0,1.5
9012,20,233.4,the_log,the_log,spell,12.5,18.0,skeleton_barrel,3.9,1,0.0,0.0,0.0,0.0,0.0,0.0,0.0,0.0,0.0,0.0,0.0,0.0,0.0
9012,20,234.0,skeletons,skeletons,troop,9.5,31.33,skeleton_barrel,14.51,1,0.0,0.0,0.0,0.0,0.5,0.0,0.0,0.0,0.0,0.0,0.0,0.0,0.5
9012,20,238.2,knight_evo,knight,troop,3.5,27.33,,0.0,6,0.0,0.0,0.0,0.0,0.5,0.0,0.0,0.0,0.0,0.0,0.0,0.0,0.5
9012,20,242.4,tesla,tesla,building,3.5,18.0,minions,3.27,4,0.0,0.0,0.6625,0.0,0.5,0.0,0.0,0.0,0.0,0.5481,0.0,0.0,1.7106
9012,20,246.0,ice_wizard,ice_wizard,troop,1.5,18.0,minions,2.74,4,0.0,0.0,0.0,0.0,0.5,0.5,0.0,0.0,0.0,0.0,0.0,0.0,1.0
9012,20,250.2,the_log,the_log,spell,3.5,18.0,skeleton_barrel,1.07,4,0.0,0.0,0.0,0.0,0.5,0.0,1.0,0.0,0.0,0.0,0.0,0.0,1.5
9012,20,250.8,skeletons,skeletons,troop,9.5,31.33,skeleton_barrel,12.13,3,0.0,0.0,0.0,0.0,0.5,0.0,0.0,0.0,0.0,0.0,0.0,0.0,0.5
9012,20,251.4,knight,knight,troop,3.5,18.0,skeleton_barrel,2.33,4,0.0,0.0,0.0,0.0,0.5,0.0,0.0,0.0,0.0,0.3627,0.0,0.0,0.8627
9012,20,253.8,tornado,tornado,spell,0.5,16.67,minions,3.01,8,0.0,0.0,0.0,0.0,0.057,0.0,1.0,0.0142,0.0,0.0,0.0,0.0,1.0712
9012,20,256.8,ice_wizard,ice_wizard,troop,3.5,27.33,minions,9.81,5,0.0,0.0,0.0,0.0,0.5,0.0,0.0,0.0,0.0,0.0,0.0,0.0,0.5
9012,20,261.0,tesla_evo,tesla,building,3.5,27.33,skeleton_barrel,8.68,6,0.0,0.0,0.0,-0.0,0.5,0.0,0.0,0.0,0.0,1.0,0.0,0.0,1.5
9012,20,261.6,skeletons,skeletons,troop,9.5,31.33,skeleton_barrel,13.17,6,0.0,0.0,0.0,0.0,0.5,0.0,0.0,0.0,0.0,0.0,0.0,0.0,0.5
9012,20,263.4,the_log,the_log,spell,14.5,18.0,skeleton_barrel,10.98,6,0.0,0.0,0.0,0.0,0.0,0.0,0.25,0.0,0.0,0.0,0.0,0.0,0.25
9012,20,265.8,knight,knight,troop,3.5,22.0,minions,5.85,10,0.0,0.0,0.0,0.0,0.0507,0.0,0.0,0.0,0.0,0.0,0.0,0.0,0.0507
9012,20,268.8,ice_wizard,ice_wizard,troop,3.5,23.33,minions,4.88,7,0.0,0.0,0.0,0.0,0.5,0.0,0.0,0.0,0.0,0.0,0.0,0.0,0.5
9012,20,271.8,tornado,tornado,spell,17.5,18.0,minions,13.08,5,0.0,0.0,0.0,0.0,0.0,0.0,0.5,0.0308,0.0,0.0,0.0,0.0,0.5308
9012,20,272.4,skeletons,skeletons,troop,9.5,31.33,minions,15.62,5,0.0,0.0,0.0,0.0,0.5,0.0,0.0,0.0,0.0,0.0,0.0,0.0,0.5
9012,20,277.2,tesla,tesla,building,2.5,18.0,skeleton_barrel,11.93,4,0.0,0.0,0.0,-0.0,0.5,0.0,0.0,0.0,0.0,1.0,0.0,0.0,1.5
9012,20,279.0,knight_evo,knight,troop,1.5,18.0,skeleton_barrel,12.31,6,0.0,0.0,0.0,0.0,0.5,0.0,0.0,0.0,0.0,0.0,0.0,0.0,0.5
9012,20,283.2,ice_wizard,ice_wizard,troop,1.5,18.0,minions,11.09,9,0.0,0.0,0.0,0.0,0.3916,0.0,0.0,0.0,0.0,0.0,0.0,0.0,0.3916
9012,20,286.8,the_log,the_log,spell,3.5,18.0,minions,9.58,4,0.0,0.0,0.0,0.0,0.5,0.0,0.0,0.0,0.0,0.0,0.0,0.0,0.5
9012,20,287.4,skeletons,skeletons,troop,9.5,31.33,minions,5.79,3,0.0,0.0,0.0,0.0,0.5,0.0,0.0,0.0,0.0,0.0,0.0,0.0,0.5
9012,20,288.6,tesla,tesla,building,1.5,18.0,minions,12.11,3,0.0,0.0,0.0,0.0,0.5,0.0,0.0,0.0,0.0,1.0,0.0,0.0,1.5
9012,20,291.0,knight,knight,troop,12.5,30.0,skeleton_barrel,3.95,4,0.0,0.0,0.0,0.0,0.5,0.5,0.0,0.0,0.0,0.0,0.0,0.0,1.0
9012,20,294.6,ice_wizard,ice_wizard,troop,14.5,30.0,skeleton_barrel,15.01,5,0.0,0.0,0.0,0.0,0.5,0.4956,0.0,0.0,0.0,1.0,0.0,0.0,1.9956
9012,20,298.8,the_log,the_log,spell,3.5,18.0,skeleton_barrel,5.7,1,0.0,0.0,0.0,0.0,0.5,0.0,0.0,0.0,0.0,0.0,0.0,0.0,0.5
9012,20,299.4,skeletons,skeletons,troop,9.5,31.33,skeleton_barrel,12.7,1,0.0,0.0,0.0,0.0,0.5,0.0,0.0,0.0,0.0,0.5633,0.0,0.0,1.0633
9012,21,0.0,tesla,tesla,building,1.5,18.0,,0.0,0,0.0,0.0,0.0,0.0,0.5,0.0,0.0,0.0,0.0,0.0,0.0,0.0,0.5
9012,21,1.2,skeletons,skeletons,troop,9.5,31.33,,0.0,3,0.0,0.0,0.0,0.0,1.0,0.0,0.0,0.0,0.0,0.0,0.0,0.0,1.0
9012,21,20.4,ice_wizard,ice_wizard,troop,3.5,18.0,royal_hogs,10.32,4,0.0,0.0,0.0,0.0,0.0,0.0,0.0,0.0,0.0,0.0,0.0,0.0,0.0
9012,21,21.0,knight,knight,troop,12.5,18.0,royal_hogs,2.97,4,0.0,0.0,0.0,0.0,0.5,0.5,0.0,0.0,0.0,1.0,0.0,0.0,2.0
9012,21,34.8,x_bow,x_bow,building,1.5,18.0,,0.0,3,0.0,0.0,0.0,0.0,0.5,0.0,0.0,0.0,0.0,0.0,1.0,0.0,1.5
9012,21,49.8,tesla,tesla,building,3.5,18.0,archer_queen,14.03,1,0.0,0.0,0.0,0.0,0.5,0.0,0.0,0.0,0.0,1.0,0.0,0.0,1.5
9012,21,52.2,skeletons,skeletons,troop,9.5,31.33,archer_queen,22.48,1,0.0,0.0,0.0,0.0,0.5,0.0,0.0,0.0,0.0,0.0146,0.0,0.0,0.5146
9012,21,61.2,ice_wizard,ice_wizard,troop,5.5,18.0,archer_queen,8.72,1,0.0,0.0,0.0,0.0,0.5,0.0,0.0,0.0,0.0,0.0,0.0,0.0,0.5
9012,21,63.6,the_log,the_log,spell,14.5,19.33,archer_queen,0.98,1,0.0,0.0,0.0,0.0,0.5,0.0,1.0,0.0,0.0,0.0,0.0,0.0,1.5
9012,21,70.2,knight,knight,troop,14.5,23.33,royal_hogs,0.99,4,0.0,0.0,0.0,0.0,0.0226,0.0,0.0,0.0,0.0,1.0,0.0,0.0,1.0226
9012,21,84.6,tesla_evo,tesla,building,1.5,18.0,,0.0,0,0.0,0.0,0.0,0.0,0.5,0.0,0.0,0.0,0.0,0.0,0.0,0.0,0.5
9012,21,85.2,skeletons,skeletons,troop,9.5,31.33,,0.0,2,0.0,0.0,0.0,0.0,0.5,0.0,0.0,0.0,0.0,0.0,0.0,0.0,0.5
9012,21,95.4,ice_wizard,ice_wizard,troop,16.5,18.0,,0.0,1,0.0,0.0,0.0,0.0,0.0,0.0,0.0,0.0,0.0,0.0,0.0,0.0,0.0
9012,21,109.2,the_log,the_log,spell,14.5,18.0,archer_queen,1.15,1,0.0,0.0,0.0,0.0,0.0,0.0,1.0,0.0,0.0,0.0,0.0,0.0,1.0
9012,21,109.8,knight_evo,knight,troop,3.5,18.0,archer_queen,11.04,1,0.0,0.0,0.0,0.0,0.2253,0.0,0.0,0.0,0.0,0.0,0.0,0.0,0.2253
9012,21,121.2,tesla,tesla,building,1.5,18.0,archer_queen,11.0,5,0.0,0.0,0.0,0.0,0.5,0.0,0.0,0.0,0.0,1.0,0.0,0.0,1.5
9012,21,121.8,skeletons,skeletons,troop,9.5,31.33,archer_queen,8.44,5,0.0,0.0,0.0,0.0,0.5,0.0,0.0,0.0,0.0,0.0,0.0,0.0,0.5
9012,21,126.0,ice_wizard,ice_wizard,troop,3.5,18.0,royal_hogs,4.42,4,0.0,0.0,0.0,0.0,0.5,0.5,0.0,0.0,0.0,0.0,0.0,0.0,1.0
9012,21,135.6,x_bow,x_bow,building,1.5,18.0,archer_queen,4.42,1,0.0,0.0,0.2732,0.0,0.5,0.0,0.0,0.0,0.0,0.0,0.0,0.0,0.7732
9012,21,136.2,the_log,the_log,spell,3.5,18.0,archer_queen,4.0,1,0.0,0.0,0.0,0.0,0.5,0.0,0.0,0.0,0.0,0.0,0.0,0.0,0.5
9012,21,140.4,knight,knight,troop,12.5,30.0,,0.0,0,0.0,0.0,0.0,0.0,0.0,0.0,0.0,0.0,0.0,0.0,0.0,0.0,0.0
9012,21,142.2,skeletons,skeletons,troop,9.5,31.33,royal_hogs,16.78,4,0.0,0.0,0.0,0.0,0.5,0.0,0.0,0.0,0.0,1.0,0.0,0.0,1.5
9012,21,146.4,ice_wizard,ice_wizard,troop,3.5,18.0,royal_hogs,7.88,4,0.0,0.0,0.0,0.0,0.5,0.0,0.0,0.0,0.0,0.0,0.0,0.0,0.5
9012,21,151.8,tesla,tesla,building,3.5,18.0,,0.0,3,0.0,0.0,0.0,0.0,0.5,0.0,0.0,0.0,0.0,0.0,0.0,0.0,0.5
9012,21,160.8,x_bow,x_bow,building,1.5,18.0,archer_queen,6.41,1,0.0,0.0,0.3505,0.0,0.5,0.0,0.0,0.0,0.0,0.1088,0.0,0.0,0.9593
9012,21,164.4,knight,knight,troop,3.5,18.0,,0.0,0,0.0,0.0,0.0,0.0,0.5,0.0,0.0,0.0,0.0,0.0,0.0,0.0,0.5
9012,21,166.2,skeletons,skeletons,troop,9.5,31.33,,0.0,3,0.0,0.0,0.0,0.0,0.5,0.0,0.0,0.0,0.0,0.0,0.0,0.0,0.5
9012,21,171.6,ice_wizard,ice_wizard,troop,5.5,18.0,,0.0,3,0.0,0.0,0.0,0.0,0.5,0.0,0.0,0.0,0.0,0.0,0.0,0.0,0.5
9012,21,175.2,tesla_evo,tesla,building,5.5,18.0,,0.0,3,0.0,0.0,0.0,0.0,0.5,0.0,0.0,0.0,0.0,0.0,0.0,0.0,0.5
9012,21,184.2,x_bow,x_bow,building,3.5,18.0,,0.0,3,0.0,0.0,0.0,0.0,0.5,0.0,0.0,0.0,0.0,0.0,0.0,0.0,0.5
9012,21,187.2,the_log,the_log,spell,3.5,18.0,,0.0,0,0.0,0.0,0.0,0.0,0.5,0.0,0.0,0.0,0.0,0.0,0.0,0.0,0.5
9012,21,187.8,skeletons,skeletons,troop,9.5,31.33,,0.0,0,0.0,0.0,0.0,0.0,0.5,0.0,0.0,0.0,0.0,0.0,0.0,0.0,0.5
9012,21,192.0,knight_evo,knight,troop,3.5,27.33,royal_hogs,14.36,3,0.0,0.0,0.0,0.0,0.5,0.0,0.0,0.0,0.0,0.0,0.0,0.0,0.5
9012,21,196.8,ice_wizard,ice_wizard,troop,5.5,18.0,royal_hogs,1.14,2,0.0,0.0,0.0,0.0,0.5,1.0,0.0,0.0,0.0,0.6747,0.0,0.0,2.1747
9012,21,202.2,tesla,tesla,building,1.5,18.0,archer_queen,11.64,1,0.0,0.0,0.0,0.0,0.5,0.0,0.0,0.0,0.0,1.0,0.0,0.0,1.5
9012,21,208.2,the_log,the_log,spell,3.5,18.0,,0.0,3,0.0,0.0,0.0,0.0,0.5,0.0,0.0,0.0,0.0,0.0,0.0,0.0,0.5
9012,21,208.8,skeletons,skeletons,troop,9.5,31.33,,0.0,1,0.0,0.0,0.0,0.0,0.5,0.0,0.0,0.0,0.0,0.0,0.0,0.0,0.5
9012,21,210.0,knight,knight,troop,12.5,30.0,,0.0,0,0.0,0.0,0.0,0.0,0.0,0.0,0.0,0.0,0.0,0.0,0.0,0.0,0.0
9012,21,215.4,ice_wizard,ice_wizard,troop,5.5,18.0,royal_hogs,2.26,4,0.0,0.0,0.0,0.0,0.5,1.0,0.0,0.0,0.0,1.0,0.0,0.0,2.5
9012,21,220.2,tesla,tesla,building,12.5,18.0,royal_hogs,8.77,3,0.0,0.0,0.0,-0.0,0.0,0.0,0.0,0.0,0.0,1.0,0.0,0.0,1.0
9012,21,227.4,the_log,the_log,spell,5.5,18.0,archer_queen,8.32,3,0.0,0.0,0.0,0.0,0.5,0.0,0.0,0.0,0.0,0.0,0.0,0.0,0.5
9012,21,228.0,skeletons,skeletons,troop,9.5,31.33,archer_queen,21.84,1,0.0,0.0,0.0,0.0,0.0,0.0,0.0,0.0,0.0,0.0,0.0,0.0,0.0
9012,21,228.6,knight,knight,troop,14.5,18.0,archer_queen,12.03,1,0.0,0.0,0.0,0.0,0.0,0.0,0.0,0.0,0.0,0.0,0.0,0.0,0.0
9012,21,234.6,ice_wizard,ice_wizard,troop,1.5,18.0,royal_hogs,10.52,5,0.0,0.0,0.0,0.0,0.0,0.0,0.0,0.0,0.0,0.0,0.0,0.0,0.0
9012,21,238.2,tesla_evo,tesla,building,1.5,18.0,royal_hogs,11.68,3,0.0,0.0,0.0,-0.0,0.5,0.0,0.0,0.0,0.0,1.0,0.0,0.0,1.5
9012,21,243.6,the_log,the_log,spell,14.5,18.0,archer_queen,1.0,1,0.0,0.0,0.0,0.0,0.0,0.0,1.0,0.0,0.0,0.0,0.0,0.0,1.0
9012,21,244.2,skeletons,skeletons,troop,9.5,31.33,archer_queen,12.35,1,0.0,0.0,0.0,0.0,0.0,0.0,0.0,0.0,0.0,0.0,0.0,0.0,0.0
9012,21,244.8,knight_evo,knight,troop,12.5,18.0,archer_queen,1.65,1,0.0,0.0,0.0,0.0,0.0,0.0,0.0,0.0,0.0,0.4056,0.0,0.0,0.4056
9012,21,248.4,ice_wizard,ice_wizard,troop,12.5,18.0,,0.0,0,0.0,0.0,0.0,0.0,0.0,0.0,0.0,0.0,0.0,0.0,0.0,0.0,0.0
9012,21,251.4,tesla,tesla,building,12.5,18.0,royal_hogs,8.48,4,0.0,0.0,0.0,-0.0,0.0,0.0,0.0,0.0,0.0,0.8526,0.0,0.0,0.8526
9012,21,255.6,the_log,the_log,spell,14.5,18.0,royal_hogs,11.2,4,0.0,0.0,0.0,0.0,0.0,0.0,0.0,0.0,0.0,0.0,0.0,0.0,0.0
9012,21,256.2,skeletons,skeletons,troop,9.5,31.33,royal_hogs,9.38,4,0.0,0.0,0.0,0.0,0.5,0.0,0.0,0.0,0.0,0.0,0.0,0.0,0.5
9012,21,256.8,knight,knight,troop,3.5,23.33,royal_hogs,0.68,4,0.0,0.0,0.0,0.0,0.5,1.0,0.0,0.0,0.0,0.1717,0.0,0.0,1.6717
9012,21,259.8,ice_wizard,ice_wizard,troop,1.5,18.0,royal_hogs,5.21,1,0.0,0.0,0.0,0.0,0.5,0.0,0.0,0.0,0.0,0.0,0.0,0.0,0.5
9012,21,263.4,tesla,tesla,building,14.5,18.0,archer_queen,4.99,1,0.0,0.0,0.261,0.0,0.0,0.0,0.0,0.0,0.0,0.0,0.0,0.0,0.261
9012,21,268.2,the_log,the_log,spell,3.5,18.0,royal_hogs,1.19,4,0.0,0.0,0.0,0.0,0.5,0.0,1.0,0.0,0.0,0.0,0.0,0.0,1.5
9012,21,268.8,skeletons,skeletons,troop,9.5,31.33,royal_hogs,14.39,4,0.0,0.0,0.0,0.0,0.5,0.0,0.0,0.0,0.0,0.0,0.0,0.0,0.5
9012,21,269.4,knight,knight,troop,12.5,30.0,royal_hogs,14.02,3,0.0,0.0,0.0,0.0,0.5,0.0,0.0,0.0,0.0,0.0,0.0,0.0,0.5
9012,21,272.4,ice_wizard,ice_wizard,troop,16.5,18.0,royal_hogs,13.82,2,0.0,0.0,0.0,0.0,0.5,0.0,0.0,0.0,0.0,0.0,0.0,0.0,0.5
9012,21,275.4,tesla_evo,tesla,building,1.5,18.0,,0.0,0,0.0,0.0,0.0,0.0,0.5,0.0,0.0,0.0,0.0,0.0,0.0,0.0,0.5
9012,21,280.2,the_log,the_log,spell,12.5,18.0,archer_queen,4.91,1,0.0,0.0,0.0,0.0,0.0,0.0,0.0,0.0,0.0,0.0,0.0,0.0,0.0
9012,21,280.8,skeletons,skeletons,troop,9.5,31.33,archer_queen,18.32,1,0.0,0.0,0.0,0.0,0.0,0.0,0.0,0.0,0.0,0.0,0.0,0.0,0.0
9012,21,281.4,knight_evo,knight,troop,12.5,18.0,,0.0,0,0.0,0.0,0.0,0.0,0.0,0.0,0.0,0.0,0.0,0.0,0.0,0.0,0.0
9012,21,283.8,ice_wizard,ice_wizard,troop,16.5,18.0,,0.0,1,0.0,0.0,0.0,0.0,0.0,0.0,0.0,0.0,0.0,0.0,0.0,0.0,0.0
9012,21,287.4,tesla,tesla,building,12.5,18.0,,0.0,0,0.0,0.0,0.0,0.0,0.0,0.0,0.0,0.0,0.0,0.0,0.0,0.0,0.0
9012,21,292.8,the_log,the_log,spell,14.5,18.0,,0.0,1,0.0,0.0,0.0,0.0,0.0,0.0,0.0,0.0,0.0,0.0,0.0,0.0,0.0
9012,21,293.4,skeletons,skeletons,troop,9.5,31.33,,0.0,0,0.0,0.0,0.0,0.0,0.5,0.0,0.0,0.0,0.0,0.0,0.0,0.0,0.5
9012,21,294.0,knight,knight,troop,12.5,30.0,,0.0,0,0.0,0.0,0.0,0.0,0.0,0.0,0.0,0.0,0.0,0.0,0.0,0.0,0.0
9012,21,297.0,ice_wizard,ice_wizard,troop,14.5,18.0,,0.0,0,0.0,0.0,0.0,0.0,0.0,0.0,0.0,0.0,0.0,0.0,0.0,0.0,0.0
9012,21,300.0,tesla,tesla,building,14.5,18.0,archer_queen,6.08,1,0.0,0.0,0.3476,0.0,0.0,0.0,0.0,0.0,0.0,0.0,0.0,0.0,0.3476
9012,22,3.0,x_bow,x_bow,building,1.5,18.0,knight,2.06,1,0.0,0.0,0.6605,-0.1085,0.5,0.0,0.0,0.0,0.0,1.0,1.0,0.0,3.0519
9012,22,16.8,tesla,tesla,building,1.5,18.0,knight,4.73,2,0.0,0.0,0.0,-0.0,0.5,0.0,0.0,0.0,0.0,1.0,0.0,0.0,1.5
9012,22,23.4,ice_wizard,ice_wizard,troop,1.5,18.0,witch,12.52,5,0.0,0.0,0.0,0.0,0.5,0.0,0.0,0.0,0.0,0.0,0.0,0.0,0.5
9012,22,25.8,skeletons,skeletons,troop,9.5,31.33,witch,13.21,3,0.0,0.0,0.0,0.0,0.5,0.0,0.0,0.0,0.0,0.0,0.0,-0.0,0.5
9012,22,34.8,knight,knight,troop,3.5,18.0,,0.0,2,0.0,0.0,0.0,0.0,0.5,0.0,0.0,0.0,0.0,0.0,0.0,0.0,0.5
9012,22,54.0,x_bow,x_bow,building,1.5,18.0,knight,7.67,1,0.0,0.0,0.0,-0.0,0.5,0.0,0.0,0.0,0.0,0.0,1.0,0.0,1.5
9012,22,62.4,tesla,tesla,building,3.5,18.0,baby_dragon,3.79,1,0.0,0.0,0.4821,0.0,0.5,0.0,0.0,0.0,0.0,0.3893,0.0,0.0,1.3714
9012,22,72.0,ice_wizard,ice_wizard,troop,1.5,18.0,bowler,2.9,1,0.0,0.0,0.0,0.0,0.5,0.5,0.0,0.0,0.0,1.0,0.0,0.0,2.0
9012,22,73.8,skeletons,skeletons,troop,9.5,31.33,bowler,16.56,1,0.0,0.0,0.0,0.0,0.5,0.0,0.0,0.0,0.0,0.0,0.0,-0.0,0.5
9012,22,78.6,the_log,the_log,spell,3.5,18.0,bowler,1.21,1,0.0,0.0,0.0,0.0,0.5,0.0,1.0,0.0,0.0,0.0,0.0,0.0,1.5
9012,22,87.0,knight,knight,troop,14.5,18.0,bowler,10.37,6,0.0,0.0,0.0,0.0,0.5,0.0,0.0,0.0,0.0,0.0,0.0,0.0,0.5
9012,22,96.0,tornado,tornado,spell,17.5,18.0,witch,3.24,6,0.0,0.0,0.0,0.0,0.4741,0.0,1.0,0.1371,0.0,0.0,0.0,0.0,1.6111
9012,22,109.8,tesla_evo,tesla,building,1.5,18.0,,0.0,0,0.0,0.0,0.0,0.0,0.5,0.0,0.0,0.0,0.0,0.0,0.0,0.0,0.5
9012,22,112.2,skeletons,skeletons,troop,9.5,31.33,,0.0,0,0.0,0.0,0.0,0.0,1.0,0.0,0.0,0.0,0.0,0.0,0.0,0.0,1.0
9012,22,123.6,x_bow,x_bow,building,12.5,18.0,,0.0,0,0.0,0.0,0.0,0.0,0.5,0.0,0.0,0.0,0.0,0.0,1.0,0.0,1.5
9012,22,126.0,the_log,the_log,spell,14.5,18.0,knight,5.09,4,0.0,0.0,0.0,0.0,0.5,0.0,0.0,0.0,0.0,0.0,0.0,0.0,0.5
9012,22,130.2,knight_evo,knight,troop,3.5,18.0,knight,9.89,4,0.0,0.0,0.0,0.0,0.5,0.0,0.0,0.0,0.0,0.0,0.0,0.0,0.5
9012,22,134.4,ice_wizard,ice_wizard,troop,1.5,18.0,knight,11.55,7,0.0,0.0,0.0,0.0,0.5,0.0,0.0,0.0,0.0,0.0,0.0,0.0,0.5
9012,22,136.2,skeletons,skeletons,troop,9.5,31.33,knight,13.33,8,0.0,0.0,0.0,0.0,0.5,0.0,0.0,0.0,0.0,0.7246,0.0,-0.0,1.2246
9012,22,141.0,tornado,tornado,spell,0.5,16.67,baby_dragon,13.51,12,0.0,0.0,0.0,0.0,0.057,0.0,0.0,0.0,0.0,0.0,0.0,0.0,0.057
9012,22,147.0,tesla,tesla,building,1.5,18.0,baby_dragon,11.54,10,0.0,0.0,0.0,0.0,0.5,0.0,0.0,0.0,0.0,1.0,0.0,0.0,1.5
9012,22,148.8,the_log,the_log,spell,3.5,18.0,baby_dragon,9.89,10,0.0,0.0,0.0,0.0,0.5,0.0,0.0,0.0,0.0,0.0,0.0,0.0,0.5
9012,22,153.0,knight,knight,troop,12.5,22.0,baby_dragon,13.33,8,0.0,0.0,0.0,0.0,0.5,0.0,0.0,0.0,0.0,0.0,0.0,0.0,0.5
9012,22,154.2,skeletons,skeletons,troop,9.5,31.33,baby_dragon,19.57,10,0.0,0.0,0.0,0.0,0.5,0.0,0.0,0.0,0.0,0.0,0.0,-0.0,0.5
9012,22,159.0,ice_wizard,ice_wizard,troop,1.5,18.0,baby_dragon,3.59,11,0.0,0.0,0.0,0.0,0.5,1.0,0.0,0.0,0.0,0.6106,0.0,0.0,2.1106
9012,22,163.8,tesla,tesla,building,1.5,18.0,baby_dragon,2.61,9,0.0,0.0,0.0397,0.0,0.5,0.0,0.0,0.0,0.0,0.9511,0.0,0.0,1.4908
9012,22,170.4,the_log,the_log,spell,3.5,18.0,bowler,8.99,9,0.0,0.0,0.0,0.0,0.5,0.0,0.0,0.0,0.0,0.0,0.0,0.0,0.5
9012,22,171.0,knight,knight,troop,14.5,18.0,bowler,2.01,11,0.0,0.0,0.0,0.0,0.0,0.0,0.0,0.0,0.0,1.0,0.0,0.0,1.0
9012,22,172.2,skeletons,skeletons,troop,9.5,31.33,bowler,10.57,9,0.0,0.0,0.0,0.0,0.0,0.0,0.0,0.0,0.0,0.0,0.0,-0.0,0.0
9012,22,177.6,ice_wizard,ice_wizard,troop,1.5,18.0,bowler,10.77,15,0.0,0.0,0.0,0.0,0.0,0.0,0.0,0.0,0.0,0.0,0.0,0.0,0.0
9012,23,0.0,skeletons,skeletons,troop,9.5,31.33,,0.0,0,0.0,0.0,0.0,0.0,1.0,0.0,0.0,0.0,0.0,0.0,0.0,0.0,1.0
9012,23,0.6,tesla,tesla,building,1.5,18.0,musketeer,3.53,1,0.0,0.0,0.0,0.0,0.5,0.0,0.0,0.0,0.0,0.3333,0.0,0.0,0.8333
9012,23,17.4,ice_wizard,ice_wizard,troop,1.5,18.0,ice_golem,12.76,1,0.0,0.0,0.0,0.0,0.5,0.0,0.0,0.0,0.0,0.1111,0.0,0.0,0.6111
9012,23,23.4,the_log,the_log,spell,3.5,18.0,ice_golem,10.6,2,0.0,0.0,0.0,0.0,0.5,0.0,0.0,0.0,0.0,0.0,0.0,0.0,0.5
9012,23,24.0,knight,knight,troop,12.5,30.0,ice_golem,7.78,2,0.0,0.0,0.0,0.0,0.5,0.0,0.0,0.0,0.0,0.0,0.0,0.0,0.5
9012,23,25.8,skeletons,skeletons,troop,9.5,31.33,ice_golem,8.82,1,0.0,0.0,0.0,0.0,0.5,0.0,0.0,0.0,0.0,0.0,0.0,0.0,0.5
9012,23,35.4,tornado,tornado,spell,17.5,18.0,hog_rider,13.66,4,0.0,0.0,0.0,0.0,0.4741,0.0,0.0,0.0,0.0,0.0,0.0,0.0,0.4741
9012,23,45.6,tesla,tesla,building,1.5,18.0,ice_golem,3.33,1,0.0,0.0,0.75,-0.0,0.5,0.0,0.0,0.0,0.0,0.0,0.0,0.0,1.25
9012,23,61.2,ice_wizard,ice_wizard,troop,1.5,18.0,hog_rider,12.57,1,0.0,0.0,0.0,0.0,0.5,0.0,0.0,0.0,0.0,0.0,0.0,0.0,0.5
9012,23,62.4,knight,knight,troop,14.5,18.0,hog_rider,0.0,4,0.0,0.0,0.0,0.0,0.5,0.0,0.0,0.0,0.0,1.0,0.0,0.0,1.5
9012,23,64.8,skeletons,skeletons,troop,9.5,31.33,hog_rider,9.03,3,0.0,0.0,0.0,0.0,0.5,0.0,0.0,0.0,0.0,0.0,0.0,0.0,0.5
9012,23,87.6,x_bow,x_bow,building,1.5,18.0,,0.0,3,0.0,0.0,0.0,0.0,0.5,0.0,0.0,0.0,0.0,0.0,1.0,0.0,1.5
9012,23,91.8,the_log,the_log,spell,16.5,18.0,,0.0,3,0.0,0.0,0.0,0.0,0.5,0.0,0.0,0.0,0.0,0.0,0.0,0.0,0.5
9012,23,98.4,tesla_evo,tesla,building,3.5,18.0,,0.0,0,0.0,0.0,0.0,0.0,0.5,0.0,0.0,0.0,0.0,0.0,0.0,0.0,0.5
9012,23,106.8,knight_evo,knight,troop,14.5,23.33,hog_rider,0.0,2,0.0,0.0,0.0,0.0,0.5,1.0,0.0,0.0,0.0,1.0,0.0,0.0,2.5
9012,23,111.6,skeletons,skeletons,troop,3.5,27.33,hog_rider,6.97,1,0.0,0.0,0.0,0.0,0.5,0.0,0.0,0.0,0.0,0.0,0.0,0.0,0.5
9012,23,120.6,ice_wizard,ice_wizard,troop,3.5,18.0,musketeer,11.04,1,0.0,0.0,0.0,0.0,0.0,0.0,0.0,0.0,0.0,0.0,0.0,0.0,0.0
9012,23,127.2,the_log,the_log,spell,14.5,18.0,ice_golem,0.87,1,0.0,0.0,0.0,0.0,0.0,0.0,1.0,0.0,0.0,0.0,0.0,0.0,1.0
9012,23,127.8,tesla,tesla,building,1.5,18.0,ice_golem,12.19,1,0.0,0.0,0.0,-0.0,0.5,0.0,0.0,0.0,0.0,1.0,0.0,0.0,1.5
9012,23,132.0,knight,knight,troop,12.5,30.0,ice_golem,6.62,1,0.0,0.0,0.0,0.0,0.5,0.5,0.0,0.0,0.0,1.0,0.0,0.0,2.0
9012,23,133.2,skeletons,skeletons,troop,9.5,31.33,ice_golem,7.63,1,0.0,0.0,0.0,0.0,0.5,0.0,0.0,0.0,0.0,1.0,0.0,0.0,1.5
9012,23,139.2,ice_wizard,ice_wizard,troop,3.5,18.0,hog_rider,10.94,1,0.0,0.0,0.0,0.0,0.1879,0.0,0.0,0.0,0.0,0.0,0.0,0.0,0.1879
9012,23,144.6,the_log,the_log,spell,3.5,18.0,hog_rider,8.36,2,0.0,0.0,0.0,0.0,0.5,0.0,0.0,0.0,0.0,0.0,0.0,0.0,0.5
9012,23,146.4,tesla,tesla,building,3.5,18.0,hog_rider,9.88,1,0.0,0.0,0.0,-0.0,0.5,0.0,0.0,0.0,0.0,1.0,0.0,0.0,1.5
9012,23,150.0,knight,knight,troop,14.5,18.0,,0.0,2,0.0,0.0,0.0,0.0,0.0,0.0,0.0,0.0,0.0,0.0,0.0,0.0,0.0
9012,23,151.2,skeletons,skeletons,troop,9.5,31.33,,0.0,0,0.0,0.0,0.0,0.0,0.5,0.0,0.0,0.0,0.0,0.0,0.0,0.0,0.5
9012,23,156.6,ice_wizard,ice_wizard,troop,14.5,18.0,ice_golem,1.69,1,0.0,0.0,0.0,0.0,0.0,0.0,0.0,0.0,0.0,1.0,0.0,0.0,1.0
9012,23,164.4,x_bow,x_bow,building,12.5,18.0,,0.0,2,0.0,0.0,0.0,0.0,0.0,0.0,0.0,0.0,0.0,0.0,0.0,0.0,0.0
9012,23,171.6,tesla_evo,tesla,building,1.5,18.0,,0.0,0,0.0,0.0,0.0,0.0,0.5,0.0,0.0,0.0,0.0,0.0,0.0,0.0,0.5
9012,23,174.6,knight_evo,knight,troop,5.5,18.0,,0.0,3,0.0,0.0,0.0,0.0,0.5,0.0,0.0,0.0,0.0,0.0,0.0,0.0,0.5
9012,23,178.2,skeletons,skeletons,troop,9.5,31.33,,0.0,0,0.0,0.0,0.0,0.0,0.5,0.0,0.0,0.0,0.0,0.0,0.0,0.0,0.5
