[play] policy policy_rl.pt loaded (RL gate ON).
.\icebow\.venv\Scripts\python.exe : 
C:\Users\benpe\ClashBot\pipeline\model_v3.py:92: 
UserWarning: enable_nested_tensor is True, but 
self.use_nested_tensor is False because 
encoder_layer.norm_first was True
At line:1 char:1
+ .\icebow\.venv\Scripts\python.exe -u 
icebow\run.py play --student dat ...
+ ~~~~~~~~~~~~~~~~~~~~~~~~~~~~~~~~~~~~~~~~~~~~~~~~~
~~~~~~~~~~~~~~~~~~~~
    + CategoryInfo          : NotSpecified: (C:\Us 
   ers\benpe\..._first was True:String) [], Remot  
  eException
    + FullyQualifiedErrorId : NativeCommandError
 
  self.encoder = nn.TransformerEncoder(enc, layers)
[play] S1 STUDENT ON: s1_icebow_v6lat_s0.pt (epoch 15, grid lattice, gate tau 0.27, anti-stall 9 elixir / 12s) -- the old policy is loaded but only used for the frames the student declines to answer.
[play] opp-memory slot 5 source: opp_estimate
[play] live search unavailable (name 'card_db' is not defined); continuing on the policy alone
11:04:55 [play] running on cuda. Ctrl+C to stop, or slam the mouse into a screen corner for the failsafe. It navigates menus and plays in-match on its own.
11:04:55 [play] logging to C:\Users\benpe\ClashBot\icebow\data\play_20260912_110455.log
11:04:56 [play] state: HOME
11:04:56 [nav] HOME -> Battle (located) (0.509,0.789)
11:04:57 [play] state: UNKNOWN
11:05:01 [play] state: IN_MATCH
[student] PLAY rocket p=0.66 cell 76 board (0.25, 0.17) units 0 33 ms tap [ice_wizard,rocket,tornado,skeletons] hand [ice_wizard,rocket,tornado,skeletons] elixir 10 wall=11:05:09.213
[student] TAP slot 1 rocket cell 163 wall=11:05:09.566
[student] TRAY first +0.27s tapped slot 1 meant rocket before [ice_wizard,rocket,tornado,skeletons] now [ice_wizard,?,tornado,skeletons] slot_now ? elixir 10->6 wall=11:05:09.840
[student] WAIT | exact=0 opp=? next=149 t=8s hand=[2, -1, 0, 7] tw=1.01.01.01.01.01.0 sp=2 unk=0 p=0.01 elixir 6 opp~? units 0 dets 2 (waits 10/11 badhand 2/11) tap [ice_wizard,?,tornado,skeletons] wall=11:05:09.890
[student] TRAY settled +0.84s tapped slot 1 meant rocket before [ice_wizard,rocket,tornado,skeletons] now [ice_wizard,?,tornado,skeletons] slot_now ? elixir 10->4 wall=11:05:10.401
[student] PLAY tornado p=0.52 cell 385 board (0.42, 0.89) units 3 30 ms tap [ice_wizard,knight,tornado,skeletons] hand [ice_wizard,knight,tornado,skeletons] elixir 4 wall=11:05:11.164
[student] TAP slot 2 tornado cell 385 wall=11:05:11.528
[student] TRAY first +0.31s tapped slot 2 meant tornado before [ice_wizard,knight,tornado,skeletons] now [ice_wizard,knight,?,skeletons] slot_now ? elixir 4->3 wall=11:05:11.841
[student] PLAY skeletons p=0.71 cell 363 board (0.19, 0.86) units 3 26 ms tap [?,?,?,skeletons] hand [ice_wizard,knight,?,skeletons] elixir 3 wall=11:05:11.926
[student] TAP slot 3 skeletons cell 363 wall=11:05:12.283
[student] TRAY first +0.27s tapped slot 3 meant skeletons before [ice_wizard,knight,?,skeletons] now [ice_wizard,knight,?,?] slot_now ? elixir 3->1 wall=11:05:12.553
[student] TRAY settled +0.64s tapped slot 3 meant skeletons before [ice_wizard,knight,?,skeletons] now [ice_wizard,knight,?,?] slot_now ? elixir 3->0 wall=11:05:12.922
[student] WAIT | exact=0 opp=? next=6 t=21s hand=[2, 149, 3, 164] tw=1.01.01.01.01.01.0 sp=0 unk=0 p=0.02 elixir 4 opp~? units 1 dets 1 (waits 17/20 badhand 4/23) tap [ice_wizard,knight,?,tesla] wall=11:05:22.684
[student] WAIT p=0.05 elixir 6 opp~? units 1 dets 1 (waits 27/30 badhand 4/33) tap [ice_wizard,knight,x_bow,tesla] wall=11:05:29.505
[student] PLAY ice_wizard p=0.47 cell 422 board (0.47, 0.98) units 1 30 ms tap [ice_wizard,knight,x_bow,tesla] hand [ice_wizard,knight,x_bow,tesla] elixir 8 wall=11:05:33.526
[student] TAP slot 0 ice_wizard cell 422 wall=11:05:33.862
[student] TRAY first +0.30s tapped slot 0 meant ice_wizard before [ice_wizard,knight,x_bow,tesla] now [?,knight,x_bow,tesla] slot_now ? elixir 8->5 wall=11:05:34.162
[student] TRAY settled +0.90s tapped slot 0 meant ice_wizard before [ice_wizard,knight,x_bow,tesla] now [?,knight,x_bow,tesla] slot_now ? elixir 8->5 wall=11:05:34.765
[student] PLAY tesla p=0.72 cell 241 board (0.39, 0.56) units 3 19 ms tap [?,knight,?,tesla] hand [?,knight,x_bow,tesla] elixir 5 wall=11:05:34.842
[student] TAP slot 3 tesla cell 241 wall=11:05:35.177
[student] TRAY first +0.32s tapped slot 3 meant tesla before [?,knight,x_bow,tesla] now [the_log,knight,tesla,?] slot_now ? elixir 5->4 wall=11:05:35.494
[student] TRAY settled +0.70s tapped slot 3 meant tesla before [?,knight,x_bow,tesla] now [the_log,knight,tesla,?] slot_now ? elixir 5->1 wall=11:05:35.878
[student] WAIT NO-TRAY-MATCH p=0.28 elixir 2 opp~? units 4 dets 4 (waits 33/38 badhand 7/45) tap [?,?,?,?] wall=11:05:37.691
[student] PLAY the_log p=0.75 cell 237 board (0.19, 0.55) units 4 25 ms tap [the_log,?,?,?] hand [the_log,knight,ice_wizard,rocket] elixir 2 wall=11:05:38.747
[student] TAP slot 0 the_log cell 238 wall=11:05:39.112
[student] TRAY first +0.28s tapped slot 0 meant the_log before [the_log,knight,ice_wizard,rocket] now [?,knight,ice_wizard,rocket] slot_now ? elixir 2->2 wall=11:05:39.397
[student] TRAY settled +0.65s tapped slot 0 meant the_log before [the_log,knight,ice_wizard,rocket] now [?,knight,ice_wizard,rocket] slot_now ? elixir 2->1 wall=11:05:39.763
[student] PLAY knight p=0.28 cell 309 board (0.19, 0.73) units 1 26 ms tap [tornado,knight,?,?] hand [tornado,knight,x_bow,rocket] elixir 4 wall=11:05:48.120
[student] TAP slot 1 knight cell 255 wall=11:05:48.464
[student] TRAY first +0.25s tapped slot 1 meant knight before [tornado,knight,x_bow,rocket] now [tornado,?,ice_wizard,rocket] slot_now ? elixir 4->3 wall=11:05:48.717
[student] TRAY settled +0.86s tapped slot 1 meant knight before [tornado,knight,x_bow,rocket] now [tornado,?,tesla,rocket] slot_now ? elixir 4->1 wall=11:05:49.328
[student] WAIT p=0.11 elixir 1 opp~? units 1 dets 1 (waits 39/46 badhand 8/57) tap [?,skeletons,?,?] wall=11:05:50.009
[student] PLAY skeletons p=0.39 cell 297 board (0.53, 0.67) units 2 13 ms tap [tornado,skeletons,?,?] hand [tornado,skeletons,ice_wizard,rocket] elixir 3 wall=11:05:55.760
[student] TAP slot 1 skeletons cell 297 wall=11:05:56.136
[student] TRAY first +0.24s tapped slot 1 meant skeletons before [tornado,skeletons,ice_wizard,rocket] now [tornado,?,ice_wizard,rocket] slot_now ? elixir 3->3 wall=11:05:56.380
[student] PLAY tornado p=0.36 cell 333 board (0.53, 0.77) units 3 18 ms tap [tornado,?,?,?] hand [tornado,?,ice_wizard,rocket] elixir 3 wall=11:05:56.456
[student] TAP slot 0 tornado cell 333 wall=11:05:56.804
[student] TRAY first +0.24s tapped slot 0 meant tornado before [tornado,?,ice_wizard,rocket] now [?,?,?,rocket] slot_now ? elixir 3->3 wall=11:05:57.046
[student] TRAY settled +0.54s tapped slot 0 meant tornado before [tornado,?,ice_wizard,rocket] now [?,?,?,rocket] slot_now ? elixir 3->0 wall=11:05:57.348
[student] WAIT NO-TRAY-MATCH p=0.04 elixir 2 opp~? units 3 dets 3 (waits 47/56 badhand 9/69) tap [?,?,?,?] wall=11:06:03.257
[student] PLAY tesla p=0.89 cell 325 board (0.06, 0.75) units 3 25 ms tap [tesla,?,?,?] hand [tesla,ice_wizard,ice_wizard,rocket] elixir 4 wall=11:06:07.237
[student] TAP slot 0 tesla cell 325 wall=11:06:07.581
[student] TRAY first +0.26s tapped slot 0 meant tesla before [tesla,ice_wizard,ice_wizard,rocket] now [?,tornado,?,rocket] slot_now ? elixir 4->4 wall=11:06:07.845
[student] TRAY settled +1.07s tapped slot 0 meant tesla before [tesla,ice_wizard,ice_wizard,rocket] now [?,ice_wizard,?,rocket] slot_now ? elixir 4->0 wall=11:06:08.650
[student] WAIT | exact=0 opp=? next=149 t=74s hand=[6, 2, 2, 4] tw=1.01.01.01.01.01.0 sp=0 unk=0 p=0.02 elixir 2 opp~? units 1 dets 1 (waits 49/59 badhand 10/80) tap [the_log,?,?,?] wall=11:06:15.564
[student] WAIT p=0.09 elixir 5 opp~? units 1 dets 1 (waits 59/69 badhand 10/90) tap [the_log,ice_wizard,?,?] wall=11:06:22.345
[student] PLAY x_bow p=0.29 cell 267 board (0.86, 0.61) units 2 32 ms tap [the_log,ice_wizard,x_bow,rocket] hand [the_log,ice_wizard,x_bow,rocket] elixir 6 wall=11:06:26.193
[student] TAP slot 2 x_bow cell 267 wall=11:06:26.568
[student] TRAY first +0.23s tapped slot 2 meant x_bow before [the_log,ice_wizard,x_bow,rocket] now [the_log,ice_wizard,?,rocket] slot_now ? elixir 6->6 wall=11:06:26.800
[student] TRAY settled +1.04s tapped slot 2 meant x_bow before [the_log,ice_wizard,x_bow,rocket] now [the_log,ice_wizard,?,rocket] slot_now ? elixir 6->1 wall=11:06:27.605
[student] PLAY the_log p=0.34 cell 238 board (0.25, 0.55) units 3 23 ms tap [the_log,?,?,?] hand [the_log,ice_wizard,knight,rocket] elixir 2 wall=11:06:31.344
[student] TAP slot 0 the_log cell 237 wall=11:06:31.709
[student] TRAY first +0.25s tapped slot 0 meant the_log before [the_log,ice_wizard,knight,rocket] now [?,tornado,knight,rocket] slot_now ? elixir 2->2 wall=11:06:31.963
[student] TRAY settled +0.57s tapped slot 0 meant the_log before [the_log,ice_wizard,knight,rocket] now [?,tornado,knight,rocket] slot_now ? elixir 2->0 wall=11:06:32.275
[student] WAIT p=0.08 elixir 1 opp~? units 3 dets 4 (waits 68/80 badhand 11/102) tap [skeletons,?,?,?] wall=11:06:34.157
[student] PLAY skeletons p=0.28 cell 247 board (0.75, 0.55) units 2 22 ms tap [skeletons,?,?,?] hand [skeletons,ice_wizard,knight,rocket] elixir 2 wall=11:06:36.032
[student] TAP slot 0 skeletons cell 247 wall=11:06:36.376
[student] TRAY first +0.30s tapped slot 0 meant skeletons before [skeletons,ice_wizard,knight,rocket] now [?,ice_wizard,knight,rocket] slot_now ? elixir 2->1 wall=11:06:36.676
[student] TRAY settled +0.63s tapped slot 0 meant skeletons before [skeletons,ice_wizard,knight,rocket] now [?,ice_wizard,knight,rocket] slot_now ? elixir 2->1 wall=11:06:37.009
[student] WAIT p=0.08 elixir 5 opp~? units 1 dets 1 (waits 78/91 badhand 11/113) tap [tornado,ice_wizard,knight,?] wall=11:06:48.559
[student] PLAY knight p=0.28 cell 423 board (0.53, 0.98) units 3 24 ms tap [tornado,ice_wizard,knight,rocket] hand [tornado,ice_wizard,knight,rocket] elixir 7 wall=11:06:52.996
[student] TAP slot 2 knight cell 423 wall=11:06:53.382
[student] TRAY first +1.03s tapped slot 2 meant knight before [tornado,ice_wizard,knight,rocket] now [tornado,ice_wizard,?,rocket] slot_now ? elixir 7->4 wall=11:06:54.408
[clock] icon reads x3 but the clock reads x1 -> using the clock (x1)
[student] PLAY ice_wizard p=0.28 cell 423 board (0.53, 0.98) units 3 26 ms tap [tornado,ice_wizard,tesla_evo,rocket] hand [tornado,ice_wizard,tesla_evo,rocket] elixir 7 wall=11:06:59.985
[student] TAP slot 1 ice_wizard cell 423 wall=11:07:00.332
[student] TRAY first +0.66s tapped slot 1 meant ice_wizard before [tornado,ice_wizard,tesla_evo,rocket] now [tornado,?,tesla_evo,rocket] slot_now ? elixir 7->5 wall=11:07:00.996
[student] WAIT p=0.09 elixir 5 opp~? units 1 dets 1 (waits 88/103 badhand 14/125) tap [tornado,?,tesla_evo,?] wall=11:07:01.071
[clock] icon reads x3 but the clock reads x2 -> using the clock (x2)
11:07:02 [play] elixir x2
[student] PLAY x_bow p=0.30 cell 267 board (0.86, 0.61) units 3 22 ms tap [tornado,x_bow,tesla_evo,rocket] hand [tornado,x_bow,tesla_evo,rocket] elixir 6 wall=11:07:03.337
[student] TAP slot 1 x_bow cell 267 wall=11:07:03.693
[student] TRAY first +0.71s tapped slot 1 meant x_bow before [tornado,x_bow,tesla_evo,rocket] now [tornado,?,?,rocket] slot_now ? elixir 6->6 wall=11:07:04.403
[student] PLAY the_log p=0.76 cell 363 board (0.19, 0.86) units 7 23 ms tap [?,the_log,?,?] hand [tornado,the_log,tesla,rocket] elixir 2 wall=11:07:05.736
[student] TAP slot 1 the_log cell 363 wall=11:07:06.098
[student] TRAY first +0.64s tapped slot 1 meant the_log before [tornado,the_log,tesla,rocket] now [tornado,?,?,rocket] slot_now ? elixir 2->2 wall=11:07:06.742
[student] PLAY skeletons p=0.73 cell 363 board (0.19, 0.86) units 5 25 ms tap [?,skeletons,?,?] hand [tornado,skeletons,tesla,rocket] elixir 2 wall=11:07:08.238
[student] TAP slot 1 skeletons cell 363 wall=11:07:08.585
[student] TRAY first +0.68s tapped slot 1 meant skeletons before [tornado,skeletons,tesla,rocket] now [tornado,?,tesla,rocket] slot_now ? elixir 2->1 wall=11:07:09.268
[student] PLAY knight_evo p=0.76 cell 247 board (0.75, 0.55) units 7 17 ms tap [tornado,knight_evo,?,?] hand [tornado,knight_evo,tesla_evo,rocket] elixir 3 wall=11:07:10.910
[student] TAP slot 1 knight_evo cell 247 wall=11:07:11.241
[student] TRAY first +0.69s tapped slot 1 meant knight_evo before [tornado,knight_evo,tesla_evo,rocket] now [tornado,?,?,rocket] slot_now ? elixir 3->3 wall=11:07:11.932
[student] PLAY ice_wizard p=0.88 cell 236 board (0.14, 0.55) units 7 25 ms tap [tornado,ice_wizard,?,?] hand [tornado,ice_wizard,tesla_evo,rocket] elixir 3 wall=11:07:15.209
[student] TAP slot 1 ice_wizard cell 236 wall=11:07:15.541
[student] TRAY first +0.70s tapped slot 1 meant ice_wizard before [tornado,ice_wizard,tesla_evo,rocket] now [tornado,?,?,rocket] slot_now ? elixir 3->3 wall=11:07:16.240
[student] PLAY tornado p=0.44 cell 176 board (0.81, 0.39) units 4 29 ms tap [tornado,?,?,?] hand [tornado,ice_wizard,tesla_evo,rocket] elixir 3 wall=11:07:19.386
[student] TAP slot 0 tornado cell 176 wall=11:07:19.713
[student] TRAY first +0.64s tapped slot 0 meant tornado before [tornado,ice_wizard,tesla_evo,rocket] now [?,?,?,rocket] slot_now ? elixir 3->3 wall=11:07:20.350
[student] PLAY the_log p=0.33 cell 247 board (0.75, 0.55) units 3 22 ms tap [the_log,?,?,?] hand [the_log,ice_wizard,tesla_evo,rocket] elixir 3 wall=11:07:23.567
[student] TAP slot 0 the_log cell 247 wall=11:07:23.905
[student] TRAY first +0.25s tapped slot 0 meant the_log before [the_log,ice_wizard,tesla_evo,rocket] now [?,the_log,tesla,rocket] slot_now ? elixir 3->2 wall=11:07:24.153
[student] WAIT NO-TRAY-MATCH p=0.03 elixir 2 opp~? units 3 dets 5 (waits 90/112 badhand 19/142) tap [?,?,?,?] wall=11:07:24.230
[student] TRAY settled +0.61s tapped slot 0 meant the_log before [the_log,ice_wizard,tesla_evo,rocket] now [?,the_log,?,rocket] slot_now ? elixir 3->2 wall=11:07:24.515
[student] PLAY skeletons p=0.32 cell 374 board (0.81, 0.86) units 3 22 ms tap [skeletons,?,?,?] hand [skeletons,ice_wizard,tesla_evo,rocket] elixir 3 wall=11:07:26.335
[student] TAP slot 0 skeletons cell 374 wall=11:07:26.680
[student] TRAY first +0.26s tapped slot 0 meant skeletons before [skeletons,ice_wizard,tesla_evo,rocket] now [?,the_log,tesla,rocket] slot_now ? elixir 3->2 wall=11:07:26.942
[student] TRAY settled +0.60s tapped slot 0 meant skeletons before [skeletons,ice_wizard,tesla_evo,rocket] now [?,ice_wizard,tesla_evo,rocket] slot_now ? elixir 3->3 wall=11:07:27.281
[student] PLAY knight p=0.72 cell 343 board (0.08, 0.8) units 6 28 ms tap [knight,?,tesla_evo,?] hand [knight,x_bow,tesla_evo,rocket] elixir 4 wall=11:07:28.837
[student] TAP slot 0 knight cell 343 wall=11:07:29.202
[student] TRAY first +0.25s tapped slot 0 meant knight before [knight,x_bow,tesla_evo,rocket] now [?,the_log,?,rocket] slot_now ? elixir 4->3 wall=11:07:29.457
[student] TRAY settled +0.64s tapped slot 0 meant knight before [knight,x_bow,tesla_evo,rocket] now [?,the_log,tesla,rocket] slot_now ? elixir 4->1 wall=11:07:29.840
[student] WAIT NO-TRAY-MATCH p=0.57 elixir 2 opp~? units 3 dets 3 (waits 91/115 badhand 26/154) tap [?,?,?,?] wall=11:07:31.275
[student] PLAY ice_wizard p=0.47 cell 236 board (0.14, 0.55) units 5 15 ms tap [ice_wizard,?,tesla_evo,?] hand [ice_wizard,x_bow,tesla_evo,rocket] elixir 4 wall=11:07:32.901
[student] TAP slot 0 ice_wizard cell 236 wall=11:07:33.243
[student] TRAY first +0.24s tapped slot 0 meant ice_wizard before [ice_wizard,x_bow,tesla_evo,rocket] now [?,the_log,?,rocket] slot_now ? elixir 4->3 wall=11:07:33.480
[student] TRAY settled +1.01s tapped slot 0 meant ice_wizard before [ice_wizard,x_bow,tesla_evo,rocket] now [?,the_log,?,rocket] slot_now ? elixir 4->2 wall=11:07:34.252
[student] PLAY tornado p=0.58 cell 237 board (0.19, 0.58) units 5 26 ms tap [tornado,?,?,?] hand [tornado,ice_wizard,tesla_evo,rocket] elixir 3 wall=11:07:35.761
[student] TAP slot 0 tornado cell 237 wall=11:07:36.108
[student] TRAY first +0.24s tapped slot 0 meant tornado before [tornado,ice_wizard,tesla_evo,rocket] now [?,tornado,?,rocket] slot_now ? elixir 3->3 wall=11:07:36.345
[student] TRAY settled +0.55s tapped slot 0 meant tornado before [tornado,ice_wizard,tesla_evo,rocket] now [?,?,?,rocket] slot_now ? elixir 3->0 wall=11:07:36.657
[student] PLAY the_log p=0.71 cell 248 board (0.81, 0.55) units 3 21 ms tap [the_log,?,?,?] hand [the_log,ice_wizard,tesla_evo,rocket] elixir 3 wall=11:07:39.999
[student] TAP slot 0 the_log cell 248 wall=11:07:40.361
[student] TRAY first +0.25s tapped slot 0 meant the_log before [the_log,ice_wizard,tesla_evo,rocket] now [?,the_log,?,rocket] slot_now ? elixir 3->2 wall=11:07:40.612
[student] TRAY settled +0.61s tapped slot 0 meant the_log before [the_log,ice_wizard,tesla_evo,rocket] now [?,the_log,tesla,rocket] slot_now ? elixir 3->1 wall=11:07:40.971
[student] WAIT NO-TRAY-MATCH p=0.10 elixir 2 opp~? units 3 dets 5 (waits 91/118 badhand 31/167) tap [?,?,?,?] wall=11:07:41.638
[student] PLAY skeletons p=0.43 cell 237 board (0.19, 0.55) units 2 20 ms tap [skeletons,x_bow,tesla_evo,rocket] hand [skeletons,x_bow,tesla_evo,rocket] elixir 6 wall=11:07:47.225
[student] TAP slot 0 skeletons cell 237 wall=11:07:47.568
[student] TRAY first +0.25s tapped slot 0 meant skeletons before [skeletons,x_bow,tesla_evo,rocket] now [?,x_bow,tesla_evo,rocket] slot_now ? elixir 6->5 wall=11:07:47.815
[student] PLAY tesla_evo p=0.28 cell 296 board (0.44, 0.69) units 1 27 ms tap [?,?,tesla_evo,?] hand [?,x_bow,tesla_evo,rocket] elixir 5 wall=11:07:47.893
[student] TAP slot 2 tesla_evo cell 296 wall=11:07:48.269
[student] TRAY first +0.28s tapped slot 2 meant tesla_evo before [?,x_bow,tesla_evo,rocket] now [?,the_log,?,rocket] slot_now ? elixir 5->4 wall=11:07:48.547
[student] WAIT NO-TRAY-MATCH p=0.40 elixir 4 opp~? units 4 dets 4 (waits 100/129 badhand 33/179) tap [?,?,?,?] wall=11:07:48.616
[student] TRAY settled +0.60s tapped slot 2 meant tesla_evo before [?,x_bow,tesla_evo,rocket] now [?,the_log,?,rocket] slot_now ? elixir 5->2 wall=11:07:48.866
[student] PLAY knight p=0.29 cell 320 board (0.81, 0.73) units 3 27 ms tap [knight,?,ice_wizard,?] hand [knight,x_bow,ice_wizard,rocket] elixir 4 wall=11:07:52.400
[student] TAP slot 0 knight cell 266 wall=11:07:52.742
[student] TRAY first +0.29s tapped slot 0 meant knight before [knight,x_bow,ice_wizard,rocket] now [?,the_log,ice_wizard,rocket] slot_now ? elixir 4->3 wall=11:07:53.036
[student] TRAY settled +0.65s tapped slot 0 meant knight before [knight,x_bow,ice_wizard,rocket] now [?,the_log,ice_wizard,rocket] slot_now ? elixir 4->2 wall=11:07:53.393
[student] PLAY tornado p=0.53 cell 248 board (0.81, 0.58) units 4 27 ms tap [tornado,?,?,?] hand [tornado,ice_wizard,ice_wizard,rocket] elixir 3 wall=11:07:54.295
[student] TAP slot 0 tornado cell 248 wall=11:07:54.668
[student] TRAY first +0.26s tapped slot 0 meant tornado before [tornado,ice_wizard,ice_wizard,rocket] now [?,?,ice_wizard,rocket] slot_now ? elixir 3->3 wall=11:07:54.930
[student] TRAY settled +0.56s tapped slot 0 meant tornado before [tornado,ice_wizard,ice_wizard,rocket] now [?,?,ice_wizard,rocket] slot_now ? elixir 3->1 wall=11:07:55.231
[student] WAIT NO-TRAY-MATCH p=0.10 elixir 2 opp~? units 2 dets 2 (waits 105/136 badhand 37/191) tap [?,?,?,?] wall=11:07:57.195
11:07:58 [play] UNKNOWN 0.4s after in-match -> grace hold (label lost: overtime / end animation / dropout; up to 150s)
11:07:58 [play] in-match read re-acquired -> grace hold released
[student] PLAY ice_wizard p=0.27 cell 248 board (0.81, 0.55) units 1 21 ms tap [the_log,?,ice_wizard,?] hand [the_log,x_bow,ice_wizard,rocket] elixir 5 wall=11:08:01.302
[student] TAP slot 2 ice_wizard cell 248 wall=11:08:01.664
[student] TRAY first +0.31s tapped slot 2 meant ice_wizard before [the_log,x_bow,ice_wizard,rocket] now [the_log,the_log,?,rocket] slot_now ? elixir 5->3 wall=11:08:01.973
[student] TRAY settled +0.74s tapped slot 2 meant ice_wizard before [the_log,x_bow,ice_wizard,rocket] now [the_log,ice_wizard,?,rocket] slot_now ? elixir 5->3 wall=11:08:02.405
[student] PLAY the_log p=0.55 cell 248 board (0.81, 0.55) units 1 24 ms tap [the_log,?,?,?] hand [the_log,ice_wizard,?,rocket] elixir 3 wall=11:08:02.493
[student] TAP slot 0 the_log cell 278 wall=11:08:02.867
[student] TRAY first +0.35s tapped slot 0 meant the_log before [the_log,ice_wizard,?,rocket] now [?,the_log,skeletons,rocket] slot_now ? elixir 3->2 wall=11:08:03.213
[student] TRAY settled +0.76s tapped slot 0 meant the_log before [the_log,ice_wizard,?,rocket] now [?,the_log,skeletons,rocket] slot_now ? elixir 3->2 wall=11:08:03.628
[student] WAIT p=0.16 elixir 2 opp~? units 3 dets 4 (waits 113/146 badhand 41/203) tap [?,?,skeletons,?] wall=11:08:05.014
[student] PLAY skeletons p=0.32 cell 351 board (0.53, 0.83) units 3 19 ms tap [tesla,?,skeletons,?] hand [tesla,x_bow,skeletons,rocket] elixir 4 wall=11:08:06.627
[student] TAP slot 2 skeletons cell 351 wall=11:08:06.958
[student] TRAY first +0.37s tapped slot 2 meant skeletons before [tesla,x_bow,skeletons,rocket] now [tesla,ice_wizard,?,rocket] slot_now ? elixir 4->3 wall=11:08:07.329
[student] TRAY settled +1.05s tapped slot 2 meant skeletons before [tesla,x_bow,skeletons,rocket] now [tesla,x_bow,?,rocket] slot_now ? elixir 4->4 wall=11:08:08.008
[student] PLAY tesla p=0.39 cell 243 board (0.5, 0.56) units 3 23 ms tap [tesla,?,?,?] hand [tesla,x_bow,?,rocket] elixir 4 wall=11:08:08.096
[student] TAP slot 0 tesla cell 243 wall=11:08:08.452
[student] TRAY first +0.38s tapped slot 0 meant tesla before [tesla,x_bow,?,rocket] now [?,tornado,?,rocket] slot_now ? elixir 4->4 wall=11:08:08.837
[student] TRAY settled +0.84s tapped slot 0 meant tesla before [tesla,x_bow,?,rocket] now [?,?,?,rocket] slot_now ? elixir 4->1 wall=11:08:09.294
[student] PLAY knight_evo p=0.34 cell 247 board (0.75, 0.55) units 6 18 ms tap [tornado,?,knight_evo,?] hand [tornado,ice_wizard,knight_evo,rocket] elixir 3 wall=11:08:12.945
[student] TAP slot 2 knight_evo cell 247 wall=11:08:13.302
[student] TRAY first +0.37s tapped slot 2 meant knight_evo before [tornado,ice_wizard,knight_evo,rocket] now [tornado,tesla,?,rocket] slot_now ? elixir 3->3 wall=11:08:13.670
[student] TRAY settled +0.83s tapped slot 2 meant knight_evo before [tornado,ice_wizard,knight_evo,rocket] now [tornado,tesla,?,rocket] slot_now ? elixir 3->1 wall=11:08:14.130
[student] WAIT NO-TRAY-MATCH p=0.04 elixir 2 opp~? units 5 dets 6 (waits 116/152 badhand 45/216) tap [?,?,?,?] wall=11:08:15.356
[student] PLAY tornado p=0.91 cell 352 board (0.58, 0.83) units 9 18 ms tap [tornado,?,?,?] hand [tornado,ice_wizard,ice_wizard,rocket] elixir 3 wall=11:08:16.595
[student] TAP slot 0 tornado cell 352 wall=11:08:16.945
[student] TRAY first +0.31s tapped slot 0 meant tornado before [tornado,ice_wizard,ice_wizard,rocket] now [?,?,ice_wizard,rocket] slot_now ? elixir 3->3 wall=11:08:17.259
[student] TRAY settled +0.73s tapped slot 0 meant tornado before [tornado,ice_wizard,ice_wizard,rocket] now [?,?,ice_wizard,rocket] slot_now ? elixir 3->1 wall=11:08:17.673
[student] PLAY the_log p=0.38 cell 247 board (0.75, 0.55) units 2 28 ms tap [the_log,?,?,?] hand [the_log,ice_wizard,ice_wizard,rocket] elixir 3 wall=11:08:20.888
[student] TAP slot 0 the_log cell 373 wall=11:08:21.238
[student] TRAY first +0.36s tapped slot 0 meant the_log before [the_log,ice_wizard,ice_wizard,rocket] now [?,the_log,ice_wizard,rocket] slot_now ? elixir 3->2 wall=11:08:21.598
[student] TRAY settled +0.77s tapped slot 0 meant the_log before [the_log,ice_wizard,ice_wizard,rocket] now [?,the_log,ice_wizard,rocket] slot_now ? elixir 3->2 wall=11:08:22.012
[student] PLAY skeletons p=0.43 cell 248 board (0.81, 0.55) units 3 27 ms tap [skeletons,?,?,?] hand [skeletons,the_log,ice_wizard,rocket] elixir 2 wall=11:08:22.900
[student] TAP slot 0 skeletons cell 248 wall=11:08:23.242
[student] TRAY first +0.32s tapped slot 0 meant skeletons before [skeletons,the_log,ice_wizard,rocket] now [?,the_log,ice_wizard,rocket] slot_now ? elixir 2->2 wall=11:08:23.565
[student] TRAY settled +0.67s tapped slot 0 meant skeletons before [skeletons,the_log,ice_wizard,rocket] now [?,the_log,ice_wizard,rocket] slot_now ? elixir 2->2 wall=11:08:23.915
[student] WAIT NO-TRAY-MATCH p=0.58 elixir 3 opp~? units 5 dets 6 (waits 116/155 badhand 50/229) tap [?,?,?,?] wall=11:08:25.596
[student] PLAY ice_wizard p=0.38 cell 247 board (0.75, 0.55) units 5 26 ms tap [?,?,ice_wizard,?] hand [tesla,tesla,ice_wizard,rocket] elixir 3 wall=11:08:25.995
[student] TAP slot 2 ice_wizard cell 247 wall=11:08:26.367
[student] TRAY first +0.38s tapped slot 2 meant ice_wizard before [tesla,tesla,ice_wizard,rocket] now [tesla,tesla,?,rocket] slot_now ? elixir 3->3 wall=11:08:26.744
[student] TRAY settled +0.81s tapped slot 2 meant ice_wizard before [tesla,tesla,ice_wizard,rocket] now [tesla,the_log,?,rocket] slot_now ? elixir 3->1 wall=11:08:27.175
[student] PLAY knight p=0.40 cell 248 board (0.81, 0.55) units 5 25 ms tap [?,?,knight,?] hand [tesla,ice_wizard,knight,rocket] elixir 3 wall=11:08:29.120
[student] TAP slot 2 knight cell 248 wall=11:08:29.475
[student] TRAY first +0.35s tapped slot 2 meant knight before [tesla,ice_wizard,knight,rocket] now [tesla,tornado,?,rocket] slot_now ? elixir 3->3 wall=11:08:29.830
[student] TRAY settled +0.77s tapped slot 2 meant knight before [tesla,ice_wizard,knight,rocket] now [tesla,?,?,rocket] slot_now ? elixir 3->1 wall=11:08:30.249
[student] PLAY tornado p=0.51 cell 121 board (0.75, 0.27) units 3 27 ms tap [?,?,tornado,?] hand [tesla,ice_wizard,tornado,rocket] elixir 3 wall=11:08:33.448
[student] TAP slot 2 tornado cell 121 wall=11:08:33.809
[student] TRAY first +0.31s tapped slot 2 meant tornado before [tesla,ice_wizard,tornado,rocket] now [tesla,?,?,rocket] slot_now ? elixir 3->3 wall=11:08:34.119
[student] TRAY settled +0.74s tapped slot 2 meant tornado before [tesla,ice_wizard,tornado,rocket] now [tesla,?,?,rocket] slot_now ? elixir 3->1 wall=11:08:34.546
[student] PLAY the_log p=0.71 cell 248 board (0.81, 0.55) units 4 16 ms tap [?,?,the_log,?] hand [tesla,ice_wizard,the_log,rocket] elixir 3 wall=11:08:37.268
[student] TAP slot 2 the_log cell 357 wall=11:08:37.621
[student] TRAY first +0.35s tapped slot 2 meant the_log before [tesla,ice_wizard,the_log,rocket] now [tesla,tesla,?,rocket] slot_now ? elixir 3->2 wall=11:08:37.976
[student] TRAY settled +0.79s tapped slot 2 meant the_log before [tesla,ice_wizard,the_log,rocket] now [tesla,the_log,?,rocket] slot_now ? elixir 3->1 wall=11:08:38.415
[student] PLAY skeletons p=0.87 cell 374 board (0.81, 0.86) units 6 24 ms tap [?,?,skeletons,?] hand [tesla,the_log,skeletons,rocket] elixir 2 wall=11:08:39.288
[student] TAP slot 2 skeletons cell 374 wall=11:08:39.650
[student] TRAY first +0.34s tapped slot 2 meant skeletons before [tesla,the_log,skeletons,rocket] now [tesla,the_log,?,rocket] slot_now ? elixir 2->1 wall=11:08:39.986
[student] TRAY settled +0.77s tapped slot 2 meant skeletons before [tesla,the_log,skeletons,rocket] now [tesla,the_log,?,rocket] slot_now ? elixir 2->2 wall=11:08:40.425
[student] WAIT NO-TRAY-MATCH p=0.24 elixir 2 opp~? units 4 dets 5 (waits 116/160 badhand 54/244) tap [?,?,?,?] wall=11:08:40.915
[student] PLAY ice_wizard p=0.85 cell 374 board (0.81, 0.86) units 4 23 ms tap [?,?,ice_wizard,?] hand [tesla,tesla,ice_wizard,rocket] elixir 4 wall=11:08:43.164
[student] TAP slot 2 ice_wizard cell 374 wall=11:08:43.534
[student] TRAY first +0.78s tapped slot 2 meant ice_wizard before [tesla,tesla,ice_wizard,rocket] now [tesla,the_log,?,rocket] slot_now ? elixir 4->3 wall=11:08:44.315
[student] PLAY knight p=0.31 cell 248 board (0.81, 0.55) units 4 27 ms tap [tesla,?,knight,?] hand [tesla,x_bow,knight,rocket] elixir 4 wall=11:08:47.754
[student] TAP slot 2 knight cell 248 wall=11:08:48.114
[student] TRAY first +0.80s tapped slot 2 meant knight before [tesla,x_bow,knight,rocket] now [tesla,the_log,?,rocket] slot_now ? elixir 4->3 wall=11:08:48.915
[student] PLAY tornado p=0.48 cell 158 board (0.81, 0.36) units 4 30 ms tap [?,?,tornado,?] hand [tesla,ice_wizard,tornado,rocket] elixir 3 wall=11:08:50.761
[student] TAP slot 2 tornado cell 158 wall=11:08:51.134
[student] TRAY first +0.79s tapped slot 2 meant tornado before [tesla,ice_wizard,tornado,rocket] now [tesla,tesla,?,rocket] slot_now ? elixir 3->3 wall=11:08:51.921
[student] WAIT NO-TRAY-MATCH p=0.43 elixir 2 opp~? units 2 dets 3 (waits 117/164 badhand 58/257) tap [?,?,?,?] wall=11:08:54.397
[student] PLAY the_log p=0.53 cell 248 board (0.81, 0.55) units 3 18 ms tap [?,?,the_log,?] hand [tesla,ice_wizard,the_log,rocket] elixir 3 wall=11:08:55.293
[student] TAP slot 2 the_log cell 248 wall=11:08:55.629
[student] TRAY first +0.68s tapped slot 2 meant the_log before [tesla,ice_wizard,the_log,rocket] now [tesla,the_log,?,rocket] slot_now ? elixir 3->2 wall=11:08:56.309
[student] PLAY skeletons p=0.45 cell 320 board (0.81, 0.73) units 2 19 ms tap [?,?,skeletons,?] hand [tesla,ice_wizard,skeletons,rocket] elixir 3 wall=11:08:58.120
[student] TAP slot 2 skeletons cell 266 wall=11:08:58.486
[student] TRAY first +0.66s tapped slot 2 meant skeletons before [tesla,ice_wizard,skeletons,rocket] now [tesla,tesla,?,rocket] slot_now ? elixir 3->3 wall=11:08:59.150
[student] PLAY tesla p=0.36 cell 247 board (0.72, 0.56) units 4 27 ms tap [tesla,?,?,?] hand [tesla,x_bow,?,rocket] elixir 4 wall=11:09:00.045
[student] TAP slot 0 tesla cell 247 wall=11:09:00.401
[student] TRAY first +0.77s tapped slot 0 meant tesla before [tesla,x_bow,?,rocket] now [?,the_log,ice_wizard,rocket] slot_now ? elixir 4->4 wall=11:09:01.170
11:09:02 [play] elixir x3
[student] PLAY ice_wizard p=0.30 cell 248 board (0.81, 0.55) units 4 24 ms tap [knight_evo,?,ice_wizard,?] hand [knight_evo,tesla,ice_wizard,rocket] elixir 3 wall=11:09:02.858
[student] TAP slot 2 ice_wizard cell 248 wall=11:09:03.215
[student] TRAY first +0.74s tapped slot 2 meant ice_wizard before [knight_evo,tesla,ice_wizard,rocket] now [tesla,the_log,?,rocket] slot_now ? elixir 3->3 wall=11:09:03.960
[student] PLAY tornado p=0.43 cell 82 board (0.58, 0.17) units 5 24 ms tap [knight_evo,?,tornado,?] hand [knight_evo,tesla,tornado,rocket] elixir 3 wall=11:09:05.677
[student] TAP slot 2 tornado cell 82 wall=11:09:06.022
[student] TRAY first +0.67s tapped slot 2 meant tornado before [knight_evo,tesla,tornado,rocket] now [tesla,the_log,?,rocket] slot_now ? elixir 3->3 wall=11:09:06.693
[student] PLAY knight_evo p=0.93 cell 358 board (0.92, 0.8) units 4 17 ms tap [knight_evo,?,the_log,?] hand [knight_evo,ice_wizard,the_log,rocket] elixir 3 wall=11:09:08.536
[student] TAP slot 0 knight_evo cell 358 wall=11:09:08.885
[student] TRAY first +0.69s tapped slot 0 meant knight_evo before [knight_evo,ice_wizard,the_log,rocket] now [?,the_log,the_log,rocket] slot_now ? elixir 3->3 wall=11:09:09.577
[student] WAIT NO-TRAY-MATCH p=0.75 elixir 2 opp~? units 5 dets 5 (waits 117/170 badhand 69/273) tap [?,?,?,?] wall=11:09:11.016
[student] PLAY skeletons p=0.60 cell 374 board (0.81, 0.86) units 4 25 ms tap [skeletons,?,the_log,?] hand [skeletons,x_bow,the_log,rocket] elixir 4 wall=11:09:12.329
[student] TAP slot 0 skeletons cell 374 wall=11:09:12.683
[student] TRAY first +0.76s tapped slot 0 meant skeletons before [skeletons,x_bow,the_log,rocket] now [?,x_bow,the_log,rocket] slot_now ? elixir 4->4 wall=11:09:13.443
[student] PLAY the_log p=0.60 cell 247 board (0.75, 0.55) units 8 21 ms tap [?,?,the_log,?] hand [?,x_bow,the_log,rocket] elixir 4 wall=11:09:13.551
[student] TAP slot 2 the_log cell 247 wall=11:09:13.897
[student] TRAY first +0.75s tapped slot 2 meant the_log before [?,x_bow,the_log,rocket] now [tesla_evo,x_bow,?,rocket] slot_now ? elixir 4->3 wall=11:09:14.646
[student] PLAY tesla_evo p=0.74 cell 245 board (0.61, 0.56) units 9 26 ms tap [tesla_evo,?,?,?] hand [tesla_evo,x_bow,?,rocket] elixir 5 wall=11:09:15.641
[student] TAP slot 0 tesla_evo cell 245 wall=11:09:16.017
[student] TRAY first +0.72s tapped slot 0 meant tesla_evo before [tesla_evo,x_bow,?,rocket] now [?,the_log,ice_wizard,rocket] slot_now ? elixir 5->4 wall=11:09:16.733
[student] PLAY ice_wizard p=0.57 cell 250 board (0.92, 0.55) units 7 32 ms tap [tornado,?,ice_wizard,?] hand [tornado,x_bow,ice_wizard,rocket] elixir 4 wall=11:09:18.578
[student] TAP slot 2 ice_wizard cell 250 wall=11:09:18.913
[student] TRAY first +0.76s tapped slot 2 meant ice_wizard before [tornado,x_bow,ice_wizard,rocket] now [tornado,the_log,?,rocket] slot_now ? elixir 4->3 wall=11:09:19.675
[student] PLAY tornado p=0.62 cell 158 board (0.81, 0.36) units 8 26 ms tap [tornado,?,?,?] hand [tornado,ice_wizard,?,rocket] elixir 3 wall=11:09:20.512
[student] TAP slot 0 tornado cell 158 wall=11:09:20.884
[student] TRAY first +0.74s tapped slot 0 meant tornado before [tornado,ice_wizard,?,rocket] now [?,the_log,knight,rocket] slot_now ? elixir 3->3 wall=11:09:21.625
[student] PLAY skeletons p=0.78 cell 248 board (0.81, 0.55) units 7 15 ms tap [skeletons,?,knight,?] hand [skeletons,ice_wizard,knight,rocket] elixir 3 wall=11:09:22.599
[student] TAP slot 0 skeletons cell 248 wall=11:09:22.939
[student] TRAY first +0.33s tapped slot 0 meant skeletons before [skeletons,ice_wizard,knight,rocket] now [?,the_log,knight,rocket] slot_now ? elixir 3->2 wall=11:09:23.266
[student] TRAY settled +0.75s tapped slot 0 meant skeletons before [skeletons,ice_wizard,knight,rocket] now [?,ice_wizard,knight,rocket] slot_now ? elixir 3->3 wall=11:09:23.692
[student] PLAY knight p=0.71 cell 248 board (0.81, 0.55) units 5 26 ms tap [?,?,knight,?] hand [?,ice_wizard,knight,rocket] elixir 3 wall=11:09:23.790
[student] TAP slot 2 knight cell 248 wall=11:09:24.155
[student] TRAY first +0.42s tapped slot 2 meant knight before [?,ice_wizard,knight,rocket] now [the_log,tesla,?,rocket] slot_now ? elixir 3->3 wall=11:09:24.573
[student] TRAY settled +0.89s tapped slot 2 meant knight before [?,ice_wizard,knight,rocket] now [the_log,the_log,?,rocket] slot_now ? elixir 3->1 wall=11:09:25.046
[student] PLAY the_log p=0.64 cell 248 board (0.81, 0.55) units 7 26 ms tap [the_log,?,?,?] hand [the_log,ice_wizard,tesla,rocket] elixir 3 wall=11:09:26.412
[student] TAP slot 0 the_log cell 248 wall=11:09:26.774
[student] TRAY first +0.36s tapped slot 0 meant the_log before [the_log,ice_wizard,tesla,rocket] now [?,the_log,tesla,rocket] slot_now ? elixir 3->2 wall=11:09:27.136
[student] TRAY settled +0.84s tapped slot 0 meant the_log before [the_log,ice_wizard,tesla,rocket] now [?,the_log,tesla,rocket] slot_now ? elixir 3->2 wall=11:09:27.616
[student] WAIT NO-TRAY-MATCH p=0.89 elixir 2 opp~? units 12 dets 14 (waits 117/178 badhand 82/291) tap [?,?,?,?] wall=11:09:27.723
[student] PLAY ice_wizard p=0.64 cell 358 board (0.92, 0.8) units 7 17 ms tap [ice_wizard,?,tesla,?] hand [ice_wizard,x_bow,tesla,rocket] elixir 4 wall=11:09:29.385
[student] TAP slot 0 ice_wizard cell 358 wall=11:09:29.714
[student] TRAY first +0.42s tapped slot 0 meant ice_wizard before [ice_wizard,x_bow,tesla,rocket] now [?,the_log,tesla,rocket] slot_now ? elixir 4->3 wall=11:09:30.130
[student] TRAY settled +0.94s tapped slot 0 meant ice_wizard before [ice_wizard,x_bow,tesla,rocket] now [?,the_log,tesla,rocket] slot_now ? elixir 4->2 wall=11:09:30.654
[student] PLAY tornado p=0.39 cell 139 board (0.75, 0.3) units 3 25 ms tap [tornado,?,?,?] hand [tornado,tesla,tesla,rocket] elixir 3 wall=11:09:31.730
[student] TAP slot 0 tornado cell 139 wall=11:09:32.103
[student] TRAY first +0.33s tapped slot 0 meant tornado before [tornado,tesla,tesla,rocket] now [?,the_log,tesla,rocket] slot_now ? elixir 3->3 wall=11:09:32.437
[student] TRAY settled +1.09s tapped slot 0 meant tornado before [tornado,tesla,tesla,rocket] now [?,the_log,tesla,rocket] slot_now ? elixir 3->2 wall=11:09:33.192
[student] PLAY skeletons p=0.74 cell 248 board (0.81, 0.55) units 2 28 ms tap [skeletons,?,?,?] hand [skeletons,ice_wizard,tesla,rocket] elixir 3 wall=11:09:34.246
[student] TAP slot 0 skeletons cell 248 wall=11:09:34.607
[student] TRAY first +0.43s tapped slot 0 meant skeletons before [skeletons,ice_wizard,tesla,rocket] now [?,ice_wizard,tesla,rocket] slot_now ? elixir 3->3 wall=11:09:35.042
[student] TRAY settled +0.99s tapped slot 0 meant skeletons before [skeletons,ice_wizard,tesla,rocket] now [?,x_bow,tesla,rocket] slot_now ? elixir 3->4 wall=11:09:35.596
[student] PLAY tesla p=0.64 cell 243 board (0.5, 0.56) units 4 32 ms tap [?,?,tesla,?] hand [?,x_bow,tesla,rocket] elixir 4 wall=11:09:35.709
[student] TAP slot 2 tesla cell 243 wall=11:09:36.046
[student] TRAY first +0.39s tapped slot 2 meant tesla before [?,x_bow,tesla,rocket] now [knight,?,?,rocket] slot_now ? elixir 4->4 wall=11:09:36.438
[student] TRAY settled +0.88s tapped slot 2 meant tesla before [?,x_bow,tesla,rocket] now [knight,the_log,?,rocket] slot_now ? elixir 4->1 wall=11:09:36.930
[student] WAIT NO-TRAY-MATCH p=0.05 elixir 2 opp~? units 5 dets 5 (waits 117/182 badhand 92/305) tap [?,?,?,?] wall=11:09:37.481
[student] PLAY knight p=0.61 cell 248 board (0.81, 0.55) units 5 16 ms tap [knight,?,the_log,?] hand [knight,tesla,the_log,rocket] elixir 3 wall=11:09:38.943
[student] TAP slot 0 knight cell 248 wall=11:09:39.295
[student] TRAY first +0.32s tapped slot 0 meant knight before [knight,tesla,the_log,rocket] now [?,the_log,the_log,rocket] slot_now ? elixir 3->3 wall=11:09:39.618
[student] TRAY settled +0.82s tapped slot 0 meant knight before [knight,tesla,the_log,rocket] now [?,the_log,the_log,rocket] slot_now ? elixir 3->1 wall=11:09:40.110
[student] PLAY the_log p=0.82 cell 247 board (0.75, 0.55) units 8 30 ms tap [?,?,the_log,?] hand [ice_wizard,ice_wizard,the_log,rocket] elixir 3 wall=11:09:41.521
[student] TAP slot 2 the_log cell 332 wall=11:09:41.880
[student] TRAY first +0.36s tapped slot 2 meant the_log before [ice_wizard,ice_wizard,the_log,rocket] now [ice_wizard,the_log,?,rocket] slot_now ? elixir 3->2 wall=11:09:42.243
[student] TRAY settled +1.23s tapped slot 2 meant the_log before [ice_wizard,ice_wizard,the_log,rocket] now [ice_wizard,ice_wizard,?,rocket] slot_now ? elixir 3->3 wall=11:09:43.110
[student] PLAY ice_wizard p=0.52 cell 250 board (0.92, 0.55) units 5 30 ms tap [ice_wizard,?,tornado,?] hand [ice_wizard,tesla,tornado,rocket] elixir 3 wall=11:09:43.701
[student] TAP slot 0 ice_wizard cell 250 wall=11:09:44.048
[student] TRAY first +0.39s tapped slot 0 meant ice_wizard before [ice_wizard,tesla,tornado,rocket] now [?,the_log,tornado,rocket] slot_now ? elixir 3->3 wall=11:09:44.435
[student] TRAY settled +0.83s tapped slot 0 meant ice_wizard before [ice_wizard,tesla,tornado,rocket] now [?,the_log,tornado,rocket] slot_now ? elixir 3->2 wall=11:09:44.874
[student] PLAY skeletons p=0.65 cell 248 board (0.81, 0.55) units 5 24 ms tap [skeletons,?,tornado,?] hand [skeletons,ice_wizard,tornado,rocket] elixir 3 wall=11:09:46.238
[student] TAP slot 0 skeletons cell 248 wall=11:09:46.572
[student] TRAY first +0.35s tapped slot 0 meant skeletons before [skeletons,ice_wizard,tornado,rocket] now [?,ice_wizard,tornado,rocket] slot_now ? elixir 3->3 wall=11:09:46.925
[student] TRAY settled +0.82s tapped slot 0 meant skeletons before [skeletons,ice_wizard,tornado,rocket] now [?,tesla,tornado,rocket] slot_now ? elixir 3->3 wall=11:09:47.390
[student] WAIT p=0.09 elixir 3 opp~? units 3 dets 5 (waits 119/188 badhand 100/319) tap [?,?,tornado,?] wall=11:09:47.484
[student] PLAY tesla p=0.42 cell 247 board (0.72, 0.56) units 5 18 ms tap [tesla,?,tornado,?] hand [tesla,x_bow,tornado,rocket] elixir 5 wall=11:09:48.763
[student] TAP slot 0 tesla cell 247 wall=11:09:49.103
[student] TRAY first +0.29s tapped slot 0 meant tesla before [tesla,x_bow,tornado,rocket] now [?,the_log,tornado,rocket] slot_now ? elixir 5->4 wall=11:09:49.398
[student] TRAY settled +0.75s tapped slot 0 meant tesla before [tesla,x_bow,tornado,rocket] now [?,the_log,tornado,rocket] slot_now ? elixir 5->2 wall=11:09:49.853
[student] PLAY knight_evo p=0.88 cell 358 board (0.92, 0.8) units 7 25 ms tap [knight_evo,?,tornado,?] hand [knight_evo,tesla,tornado,rocket] elixir 3 wall=11:09:51.150
[student] TAP slot 0 knight_evo cell 358 wall=11:09:51.515
[student] TRAY first +0.38s tapped slot 0 meant knight_evo before [knight_evo,tesla,tornado,rocket] now [?,the_log,tornado,rocket] slot_now ? elixir 3->3 wall=11:09:51.891
[student] TRAY settled +1.20s tapped slot 0 meant knight_evo before [knight_evo,tesla,tornado,rocket] now [?,the_log,knight,rocket] slot_now ? elixir 3->2 wall=11:09:52.719
[student] PLAY the_log p=0.33 cell 248 board (0.81, 0.55) units 2 32 ms tap [the_log,?,tornado,?] hand [the_log,ice_wizard,tornado,rocket] elixir 3 wall=11:09:53.392
[student] TAP slot 0 the_log cell 392 wall=11:09:53.741
[student] TRAY first +0.44s tapped slot 0 meant the_log before [the_log,ice_wizard,tornado,rocket] now [?,the_log,tornado,rocket] slot_now ? elixir 3->2 wall=11:09:54.180
[student] TRAY settled +1.05s tapped slot 0 meant the_log before [the_log,ice_wizard,tornado,rocket] now [knight_evo,?,?,?] slot_now knight_evo elixir 3->0 wall=11:09:54.791
11:10:01 [play] state: MATCH_END
[overlay-replay] saved C:\Users\benpe\ClashBot\icebow\data\overlayed_replays\match_20260912_110502.mp4 (14965 frames, captured 28.8 fps)
11:10:01 [nav] MATCH_END -> Play Again (located) (0.348,0.914)
11:10:02 [play] state: UNKNOWN
11:10:09 [play] state: IN_MATCH
[student] WAIT | exact=0 opp=? next=7 t=2s hand=[0, 6, 164, 3] tw=1.01.01.01.01.01.0 sp=0 unk=0 p=0.00 elixir 8 opp~? units 0 dets 0 (waits 123/195 badhand 108/332) tap [tornado,the_log,tesla,x_bow] wall=11:10:11.179
[student] WAIT | exact=0 opp=? next=7 t=9s hand=[0, 6, 164, 3] tw=1.01.01.01.01.01.0 sp=0 unk=0 p=0.01 elixir 10 opp~? units 0 dets 0 (waits 133/205 badhand 108/342) tap [tornado,the_log,tesla,x_bow] wall=11:10:18.395
[student] STALL-PLAY the_log p=0.01 cell 237 board (0.19, 0.55) units 0 29 ms tap [tornado,the_log,tesla,x_bow] hand [tornado,the_log,tesla,x_bow] elixir 10 wall=11:10:21.390
[student] TAP slot 1 the_log cell 237 wall=11:10:21.747
[student] TRAY first +0.31s tapped slot 1 meant the_log before [tornado,the_log,tesla,x_bow] now [tornado,?,tesla,x_bow] slot_now ? elixir 10->8 wall=11:10:22.053
[student] TRAY settled +0.65s tapped slot 1 meant the_log before [tornado,the_log,tesla,x_bow] now [tornado,?,tesla,x_bow] slot_now ? elixir 10->8 wall=11:10:22.402
[student] WAIT | exact=0 opp=? next=2 t=17s hand=[0, 7, 164, 3] tw=1.01.01.01.01.01.0 sp=1 unk=0 p=0.02 elixir 8 opp~? units 1 dets 2 (waits 143/216 badhand 111/353) tap [tornado,skeletons,tesla,x_bow] wall=11:10:25.620
[student] PLAY x_bow p=0.30 cell 254 board (0.14, 0.61) units 1 22 ms tap [tornado,skeletons,tesla,x_bow] hand [tornado,skeletons,tesla,x_bow] elixir 10 wall=11:10:29.288
[student] TAP slot 3 x_bow cell 254 wall=11:10:29.659
[student] TRAY first +0.24s tapped slot 3 meant x_bow before [tornado,skeletons,tesla,x_bow] now [tornado,skeletons,tesla,?] slot_now ? elixir 10->6 wall=11:10:29.901
[student] TRAY settled +1.03s tapped slot 3 meant x_bow before [tornado,skeletons,tesla,x_bow] now [tornado,skeletons,tesla,?] slot_now ? elixir 10->4 wall=11:10:30.687
[student] PLAY skeletons p=0.43 cell 234 board (0.03, 0.58) units 3 6 ms tap [tornado,skeletons,tesla,ice_wizard] hand [tornado,skeletons,tesla,ice_wizard] elixir 4 wall=11:10:32.361
[student] TAP slot 1 skeletons cell 235 wall=11:10:32.711
[student] TRAY first +0.27s tapped slot 1 meant skeletons before [tornado,skeletons,tesla,ice_wizard] now [tornado,?,tesla,ice_wizard] slot_now ? elixir 4->3 wall=11:10:32.984
[student] TRAY settled +0.63s tapped slot 1 meant skeletons before [tornado,skeletons,tesla,ice_wizard] now [tornado,?,tesla,ice_wizard] slot_now ? elixir 4->3 wall=11:10:33.340
[student] WAIT | exact=0 opp=? next=4 t=25s hand=[0, -1, 164, 2] tw=1.01.01.01.01.01.0 sp=0 unk=0 p=0.02 elixir 3 opp~? units 2 dets 2 (waits 153/228 badhand 115/365) tap [tornado,?,?,ice_wizard] wall=11:10:33.588
[student] PLAY ice_wizard p=0.59 cell 309 board (0.19, 0.73) units 2 23 ms tap [?,?,tesla,ice_wizard] hand [?,?,tesla,ice_wizard] elixir 4 wall=11:10:34.168
[student] TAP slot 3 ice_wizard cell 255 wall=11:10:34.511
[student] TRAY first +0.24s tapped slot 3 meant ice_wizard before [?,?,tesla,ice_wizard] now [tornado,rocket,tesla,?] slot_now ? elixir 4->3 wall=11:10:34.752
[student] TRAY settled +0.60s tapped slot 3 meant ice_wizard before [?,?,tesla,ice_wizard] now [tornado,rocket,tesla,?] slot_now ? elixir 4->1 wall=11:10:35.115
[student] PLAY knight p=0.38 cell 238 board (0.25, 0.55) units 3 27 ms tap [tornado,?,?,knight] hand [tornado,rocket,tesla,knight] elixir 3 wall=11:10:39.431
[student] TAP slot 3 knight cell 238 wall=11:10:39.786
[student] TRAY first +0.25s tapped slot 3 meant knight before [tornado,rocket,tesla,knight] now [tornado,rocket,tesla,?] slot_now ? elixir 3->3 wall=11:10:40.038
[student] TRAY settled +0.65s tapped slot 3 meant knight before [tornado,rocket,tesla,knight] now [tornado,rocket,tesla,?] slot_now ? elixir 3->0 wall=11:10:40.432
[student] PLAY the_log p=0.28 cell 237 board (0.19, 0.55) units 4 18 ms tap [tornado,?,?,the_log] hand [tornado,rocket,tesla,the_log] elixir 3 wall=11:10:47.975
[student] TAP slot 3 the_log cell 239 wall=11:10:48.334
[student] TRAY first +0.28s tapped slot 3 meant the_log before [tornado,rocket,tesla,the_log] now [tornado,rocket,tesla,?] slot_now ? elixir 3->2 wall=11:10:48.615
[student] TRAY settled +0.58s tapped slot 3 meant the_log before [tornado,rocket,tesla,the_log] now [tornado,rocket,tesla,?] slot_now ? elixir 3->1 wall=11:10:48.911
[student] WAIT NO-TRAY-MATCH p=0.07 elixir 2 opp~? units 3 dets 5 (waits 158/236 badhand 118/378) tap [?,?,?,?] wall=11:10:51.561
[student] PLAY tornado p=0.43 cell 220 board (0.25, 0.52) units 2 19 ms tap [tornado,?,?,?] hand [tornado,rocket,tesla,ice_wizard] elixir 3 wall=11:10:53.418
[student] TAP slot 0 tornado cell 220 wall=11:10:53.755
[student] TRAY first +0.25s tapped slot 0 meant tornado before [tornado,rocket,tesla,ice_wizard] now [?,rocket,tesla,x_bow] slot_now ? elixir 3->3 wall=11:10:54.008
[student] TRAY settled +0.82s tapped slot 0 meant tornado before [tornado,rocket,tesla,ice_wizard] now [?,rocket,tesla,x_bow] slot_now ? elixir 3->0 wall=11:10:54.577
[student] PLAY skeletons p=0.76 cell 238 board (0.25, 0.55) units 2 24 ms tap [skeletons,?,?,?] hand [skeletons,rocket,tesla,?] elixir 1 wall=11:10:56.725
[student] TAP slot 0 skeletons cell 238 wall=11:10:57.128
[student] TRAY first +0.26s tapped slot 0 meant skeletons before [skeletons,rocket,tesla,?] now [?,rocket,tesla,?] slot_now ? elixir 1->1 wall=11:10:57.388
[student] TRAY settled +0.62s tapped slot 0 meant skeletons before [skeletons,rocket,tesla,?] now [?,rocket,tesla,?] slot_now ? elixir 1->0 wall=11:10:57.744
[student] WAIT NO-TRAY-MATCH p=0.09 elixir 3 opp~? units 2 dets 2 (waits 159/239 badhand 118/390) tap [?,?,?,?] wall=11:11:06.759
[student] WAIT p=0.11 elixir 6 opp~? units 0 dets 0 (waits 169/249 badhand 118/400) tap [ice_wizard,rocket,tesla,x_bow] wall=11:11:14.173
[student] PLAY x_bow p=0.44 cell 267 board (0.86, 0.61) units 1 19 ms tap [ice_wizard,rocket,tesla,x_bow] hand [ice_wizard,rocket,tesla,x_bow] elixir 8 wall=11:11:19.327
[student] TAP slot 3 x_bow cell 267 wall=11:11:19.674
[student] TRAY first +0.27s tapped slot 3 meant x_bow before [ice_wizard,rocket,tesla,x_bow] now [ice_wizard,rocket,tesla,?] slot_now ? elixir 8->6 wall=11:11:19.948
[student] TRAY settled +0.64s tapped slot 3 meant x_bow before [ice_wizard,rocket,tesla,x_bow] now [ice_wizard,rocket,tesla,?] slot_now ? elixir 8->2 wall=11:11:20.312
[student] PLAY knight p=0.52 cell 247 board (0.75, 0.55) units 2 25 ms tap [ice_wizard,?,?,knight] hand [ice_wizard,rocket,tesla,knight] elixir 3 wall=11:11:22.039
[student] TAP slot 3 knight cell 247 wall=11:11:22.394
[student] TRAY first +0.27s tapped slot 3 meant knight before [ice_wizard,rocket,tesla,knight] now [tornado,rocket,tesla,?] slot_now ? elixir 3->3 wall=11:11:22.662
[student] TRAY settled +1.08s tapped slot 3 meant knight before [ice_wizard,rocket,tesla,knight] now [ice_wizard,rocket,tesla,?] slot_now ? elixir 3->0 wall=11:11:23.479
[student] PLAY the_log p=0.36 cell 249 board (0.86, 0.55) units 4 17 ms tap [?,?,?,the_log] hand [ice_wizard,rocket,tesla,the_log] elixir 2 wall=11:11:28.115
[student] TAP slot 3 the_log cell 248 wall=11:11:28.485
[student] TRAY first +0.26s tapped slot 3 meant the_log before [ice_wizard,rocket,tesla,the_log] now [ice_wizard,rocket,tesla,?] slot_now ? elixir 2->2 wall=11:11:28.743
[student] TRAY settled +0.56s tapped slot 3 meant the_log before [ice_wizard,rocket,tesla,the_log] now [ice_wizard,rocket,tesla,?] slot_now ? elixir 2->0 wall=11:11:29.043
[student] PLAY ice_wizard p=0.81 cell 246 board (0.69, 0.55) units 3 25 ms tap [ice_wizard,?,?,tornado] hand [ice_wizard,rocket,tesla,tornado] elixir 3 wall=11:11:36.292
[student] TAP slot 0 ice_wizard cell 246 wall=11:11:36.648
[student] TRAY first +0.24s tapped slot 0 meant ice_wizard before [ice_wizard,rocket,tesla,tornado] now [?,rocket,tesla,tornado] slot_now ? elixir 3->3 wall=11:11:36.884
[student] WAIT NO-TRAY-MATCH p=0.66 elixir 3 opp~? units 2 dets 2 (waits 176/260 badhand 121/414) tap [?,?,?,?] wall=11:11:36.960
[student] TRAY settled +0.57s tapped slot 0 meant ice_wizard before [ice_wizard,rocket,tesla,tornado] now [?,rocket,tesla,tornado] slot_now ? elixir 3->0 wall=11:11:37.221
[student] WAIT p=0.10 elixir 3 opp~? units 3 dets 4 (waits 186/270 badhand 121/424) tap [skeletons,?,?,tornado] wall=11:11:44.675
[student] PLAY skeletons p=0.44 cell 298 board (0.58, 0.7) units 1 30 ms tap [skeletons,?,tesla,tornado] hand [skeletons,rocket,tesla,tornado] elixir 4 wall=11:11:50.190
[student] TAP slot 0 skeletons cell 298 wall=11:11:50.544
[student] TRAY first +0.96s tapped slot 0 meant skeletons before [skeletons,rocket,tesla,tornado] now [?,rocket,tesla,tornado] slot_now ? elixir 4->3 wall=11:11:51.505
[student] PLAY tornado p=0.74 cell 333 board (0.53, 0.77) units 2 22 ms tap [?,?,tesla,tornado] hand [?,rocket,tesla,tornado] elixir 4 wall=11:11:52.637
[student] TAP slot 3 tornado cell 333 wall=11:11:52.985
[student] TRAY first +1.09s tapped slot 3 meant tornado before [?,rocket,tesla,tornado] now [the_log,rocket,tesla,?] slot_now ? elixir 4->3 wall=11:11:54.079
[student] WAIT p=0.12 elixir 3 opp~? units 1 dets 2 (waits 195/281 badhand 124/436) tap [?,?,?,knight_evo] wall=11:11:58.814
[clock] icon reads x3 but the clock reads x1 -> using the clock (x1)
[student] PLAY knight_evo p=0.53 cell 297 board (0.53, 0.7) units 2 30 ms tap [x_bow,rocket,tesla,knight_evo] hand [x_bow,rocket,tesla,knight_evo] elixir 8 wall=11:12:07.414
[student] TAP slot 3 knight_evo cell 297 wall=11:12:07.770
[student] TRAY first +0.64s tapped slot 3 meant knight_evo before [x_bow,rocket,tesla,knight_evo] now [x_bow,rocket,tesla,?] slot_now ? elixir 8->5 wall=11:12:08.414
[student] WAIT p=0.08 elixir 6 opp~? units 1 dets 1 (waits 205/292 badhand 126/447) tap [x_bow,rocket,tesla,?] wall=11:12:09.201
[clock] icon reads x3 but the clock reads x2 -> using the clock (x2)
11:12:09 [play] elixir x2
[student] PLAY the_log p=0.70 cell 338 board (0.81, 0.77) units 3 26 ms tap [x_bow,rocket,tesla,the_log] hand [x_bow,rocket,tesla,the_log] elixir 7 wall=11:12:11.438
[student] TAP slot 3 the_log cell 266 wall=11:12:11.789
[student] TRAY first +0.65s tapped slot 3 meant the_log before [x_bow,rocket,tesla,the_log] now [x_bow,rocket,tesla,?] slot_now ? elixir 7->6 wall=11:12:12.439
[student] PLAY x_bow p=0.64 cell 267 board (0.86, 0.61) units 2 26 ms tap [x_bow,rocket,tesla,?] hand [x_bow,rocket,tesla,?] elixir 6 wall=11:12:12.531
[student] TAP slot 0 x_bow cell 267 wall=11:12:12.890
[student] TRAY first +0.63s tapped slot 0 meant x_bow before [x_bow,rocket,tesla,?] now [?,rocket,tesla,?] slot_now ? elixir 6->6 wall=11:12:13.522
[student] PLAY skeletons p=0.52 cell 247 board (0.75, 0.55) units 3 22 ms tap [skeletons,?,?,ice_wizard] hand [skeletons,rocket,tesla,ice_wizard] elixir 3 wall=11:12:16.591
[student] TAP slot 0 skeletons cell 247 wall=11:12:16.941
[student] TRAY first +0.63s tapped slot 0 meant skeletons before [skeletons,rocket,tesla,ice_wizard] now [?,rocket,tesla,ice_wizard] slot_now ? elixir 3->3 wall=11:12:17.570
[student] PLAY tesla p=0.73 cell 247 board (0.72, 0.56) units 7 17 ms tap [tornado,?,tesla,ice_wizard] hand [tornado,rocket,tesla,ice_wizard] elixir 4 wall=11:12:19.130
[student] TAP slot 2 tesla cell 299 wall=11:12:19.466
[student] TRAY first +0.66s tapped slot 2 meant tesla before [tornado,rocket,tesla,ice_wizard] now [tornado,rocket,?,ice_wizard] slot_now ? elixir 4->4 wall=11:12:20.129
[student] PLAY knight p=0.30 cell 248 board (0.81, 0.55) units 5 27 ms tap [tornado,?,knight,ice_wizard] hand [tornado,rocket,knight,ice_wizard] elixir 3 wall=11:12:23.791
[student] TAP slot 2 knight cell 248 wall=11:12:24.148
[student] TRAY first +0.67s tapped slot 2 meant knight before [tornado,rocket,knight,ice_wizard] now [tornado,rocket,?,ice_wizard] slot_now ? elixir 3->3 wall=11:12:24.817
[student] WAIT NO-TRAY-MATCH p=0.07 elixir 3 opp~? units 3 dets 3 (waits 212/304 badhand 132/462) tap [?,?,?,?] wall=11:12:24.905
[student] PLAY ice_wizard p=0.37 cell 251 board (0.97, 0.58) units 3 18 ms tap [tornado,rocket,the_log,ice_wizard] hand [tornado,rocket,the_log,ice_wizard] elixir 6 wall=11:12:31.271
[student] TAP slot 3 ice_wizard cell 250 wall=11:12:31.614
[student] TRAY first +0.26s tapped slot 3 meant ice_wizard before [tornado,rocket,the_log,ice_wizard] now [tornado,rocket,the_log,?] slot_now ? elixir 6->3 wall=11:12:31.870
[student] TRAY settled +0.61s tapped slot 3 meant ice_wizard before [tornado,rocket,the_log,ice_wizard] now [tornado,rocket,the_log,?] slot_now ? elixir 6->4 wall=11:12:32.225
[student] PLAY the_log p=0.46 cell 248 board (0.81, 0.55) units 4 22 ms tap [tornado,?,the_log,?] hand [tornado,rocket,the_log,?] elixir 4 wall=11:12:32.325
[student] TAP slot 2 the_log cell 247 wall=11:12:32.681
[student] TRAY first +0.30s tapped slot 2 meant the_log before [tornado,rocket,the_log,?] now [tornado,rocket,?,x_bow] slot_now ? elixir 4->2 wall=11:12:32.981
[student] TRAY settled +1.15s tapped slot 2 meant the_log before [tornado,rocket,the_log,?] now [tornado,rocket,?,ice_wizard] slot_now ? elixir 4->3 wall=11:12:33.827
[student] PLAY skeletons p=0.64 cell 248 board (0.81, 0.55) units 4 23 ms tap [tornado,?,skeletons,?] hand [tornado,rocket,skeletons,ice_wizard] elixir 3 wall=11:12:34.557
[student] TAP slot 2 skeletons cell 248 wall=11:12:34.919
[student] TRAY first +0.29s tapped slot 2 meant skeletons before [tornado,rocket,skeletons,ice_wizard] now [tornado,rocket,?,ice_wizard] slot_now ? elixir 3->3 wall=11:12:35.208
[student] WAIT | exact=0 opp=? next=164 t=146s hand=[0, 4, -1, 2] tw=1.00.0x1.01.01.00.9 sp=0 unk=0 p=0.05 elixir 3 opp~? units 3 dets 3 (waits 222/317 badhand 136/475) tap [tornado,?,?,?] wall=11:12:35.303
[student] TRAY settled +0.67s tapped slot 2 meant skeletons before [tornado,rocket,skeletons,ice_wizard] now [tornado,rocket,?,ice_wizard] slot_now ? elixir 3->3 wall=11:12:35.587
[student] PLAY tesla p=0.43 cell 246 board (0.67, 0.56) units 4 24 ms tap [tornado,?,tesla,?] hand [tornado,rocket,tesla,x_bow] elixir 4 wall=11:12:37.755
[student] TAP slot 2 tesla cell 246 wall=11:12:38.097
[student] TRAY first +0.26s tapped slot 2 meant tesla before [tornado,rocket,tesla,x_bow] now [tornado,rocket,?,tesla] slot_now ? elixir 4->4 wall=11:12:38.360
[student] TRAY settled +0.59s tapped slot 2 meant tesla before [tornado,rocket,tesla,x_bow] now [tornado,rocket,?,tesla] slot_now ? elixir 4->1 wall=11:12:38.686
[student] PLAY knight p=0.36 cell 248 board (0.81, 0.55) units 3 18 ms tap [tornado,?,knight,?] hand [tornado,rocket,knight,ice_wizard] elixir 3 wall=11:12:41.565
[student] TAP slot 2 knight cell 248 wall=11:12:41.906
[student] TRAY first +0.30s tapped slot 2 meant knight before [tornado,rocket,knight,ice_wizard] now [tornado,rocket,?,?] slot_now ? elixir 3->3 wall=11:12:42.205
[student] TRAY settled +0.64s tapped slot 2 meant knight before [tornado,rocket,knight,ice_wizard] now [tornado,rocket,?,?] slot_now ? elixir 3->1 wall=11:12:42.544
[student] WAIT NO-TRAY-MATCH p=0.03 elixir 2 opp~? units 0 dets 0 (waits 227/324 badhand 140/487) tap [?,?,?,?] wall=11:12:43.812
[student] PLAY tornado p=0.30 cell 157 board (0.75, 0.36) units 3 27 ms tap [tornado,?,?,?] hand [tornado,rocket,ice_wizard,ice_wizard] elixir 3 wall=11:12:45.267
[student] TAP slot 0 tornado cell 157 wall=11:12:45.620
[student] TRAY first +0.25s tapped slot 0 meant tornado before [tornado,rocket,ice_wizard,ice_wizard] now [?,rocket,ice_wizard,?] slot_now ? elixir 3->3 wall=11:12:45.870
[student] TRAY settled +0.60s tapped slot 0 meant tornado before [tornado,rocket,ice_wizard,ice_wizard] now [?,rocket,tornado,?] slot_now ? elixir 3->1 wall=11:12:46.219
[student] PLAY the_log p=0.29 cell 248 board (0.81, 0.55) units 3 21 ms tap [the_log,?,?,?] hand [the_log,rocket,ice_wizard,ice_wizard] elixir 3 wall=11:12:49.228
[student] TAP slot 0 the_log cell 248 wall=11:12:49.593
[student] TRAY first +0.25s tapped slot 0 meant the_log before [the_log,rocket,ice_wizard,ice_wizard] now [?,rocket,ice_wizard,tesla] slot_now ? elixir 3->2 wall=11:12:49.840
[student] TRAY settled +0.85s tapped slot 0 meant the_log before [the_log,rocket,ice_wizard,ice_wizard] now [?,rocket,ice_wizard,the_log] slot_now ? elixir 3->2 wall=11:12:50.441
[student] PLAY skeletons p=0.39 cell 320 board (0.81, 0.73) units 2 20 ms tap [skeletons,?,?,?] hand [skeletons,rocket,ice_wizard,ice_wizard] elixir 2 wall=11:12:51.515
[student] TAP slot 0 skeletons cell 266 wall=11:12:51.872
[student] TRAY first +0.28s tapped slot 0 meant skeletons before [skeletons,rocket,ice_wizard,ice_wizard] now [?,rocket,ice_wizard,the_log] slot_now ? elixir 2->2 wall=11:12:52.154
[student] TRAY settled +0.65s tapped slot 0 meant skeletons before [skeletons,rocket,ice_wizard,ice_wizard] now [?,rocket,ice_wizard,the_log] slot_now ? elixir 2->2 wall=11:12:52.520
[student] WAIT NO-TRAY-MATCH p=0.04 elixir 2 opp~? units 1 dets 2 (waits 228/328 badhand 145/500) tap [?,?,?,?] wall=11:12:52.613
[student] PLAY tesla_evo p=0.48 cell 321 board (0.83, 0.72) units 4 20 ms tap [tesla_evo,?,?,?] hand [tesla_evo,rocket,ice_wizard,ice_wizard] elixir 4 wall=11:12:54.629
[student] TAP slot 0 tesla_evo cell 299 wall=11:12:54.973
[student] TRAY first +0.27s tapped slot 0 meant tesla_evo before [tesla_evo,rocket,ice_wizard,ice_wizard] now [?,rocket,tornado,?] slot_now ? elixir 4->4 wall=11:12:55.246
[student] TRAY settled +0.66s tapped slot 0 meant tesla_evo before [tesla_evo,rocket,ice_wizard,ice_wizard] now [?,rocket,ice_wizard,?] slot_now ? elixir 4->0 wall=11:12:55.636
[student] PLAY knight_evo p=0.63 cell 243 board (0.53, 0.55) units 2 23 ms tap [knight_evo,?,?,?] hand [knight_evo,rocket,ice_wizard,ice_wizard] elixir 3 wall=11:13:00.042
[student] TAP slot 0 knight_evo cell 243 wall=11:13:00.397
[student] TRAY first +0.30s tapped slot 0 meant knight_evo before [knight_evo,rocket,ice_wizard,ice_wizard] now [?,rocket,tesla,tesla] slot_now ? elixir 3->3 wall=11:13:00.692
[student] TRAY settled +0.69s tapped slot 0 meant knight_evo before [knight_evo,rocket,ice_wizard,ice_wizard] now [?,rocket,ice_wizard,tesla] slot_now ? elixir 3->1 wall=11:13:01.087
[student] WAIT NO-TRAY-MATCH p=0.05 elixir 2 opp~? units 1 dets 2 (waits 230/332 badhand 147/512) tap [?,?,?,?] wall=11:13:02.146
[student] PLAY tornado p=0.94 cell 245 board (0.64, 0.58) units 3 28 ms tap [tornado,?,?,?] hand [tornado,rocket,ice_wizard,ice_wizard] elixir 3 wall=11:13:03.396
[student] TAP slot 0 tornado cell 245 wall=11:13:03.744
[student] TRAY first +0.30s tapped slot 0 meant tornado before [tornado,rocket,ice_wizard,ice_wizard] now [?,rocket,ice_wizard,?] slot_now ? elixir 3->3 wall=11:13:04.041
[student] TRAY settled +0.78s tapped slot 0 meant tornado before [tornado,rocket,ice_wizard,ice_wizard] now [?,rocket,tornado,?] slot_now ? elixir 3->1 wall=11:13:04.524
11:13:05 [play] UNKNOWN 0.6s after in-match -> grace hold (label lost: overtime / end animation / dropout; up to 150s)
11:13:12 [play] state: MATCH_END
[overlay-replay] saved C:\Users\benpe\ClashBot\icebow\data\overlayed_replays\match_20260912_111009.mp4 (9151 frames, captured 30.3 fps)
11:13:12 [nav] MATCH_END -> Play Again (located) (0.348,0.914)
11:13:12 [play] state: UNKNOWN
11:13:19 [play] state: IN_MATCH
[student] WAIT p=0.06 elixir 9 opp~? units 0 dets 0 (waits 238/341 badhand 149/523) tap [skeletons,rocket,x_bow,tesla] wall=11:13:25.308
[student] PLAY skeletons p=0.28 cell 423 board (0.53, 0.98) units 1 19 ms tap [skeletons,rocket,x_bow,tesla] hand [skeletons,rocket,x_bow,tesla] elixir 10 wall=11:13:27.400
[student] TAP slot 0 skeletons cell 423 wall=11:13:27.746
[student] TRAY first +0.25s tapped slot 0 meant skeletons before [skeletons,rocket,x_bow,tesla] now [?,rocket,x_bow,tesla] slot_now ? elixir 10->8 wall=11:13:27.994
[student] PLAY x_bow p=0.29 cell 254 board (0.14, 0.61) units 2 22 ms tap [?,rocket,x_bow,tesla] hand [?,rocket,x_bow,tesla] elixir 8 wall=11:13:28.085
[student] TAP slot 2 x_bow cell 254 wall=11:13:28.434
[student] TRAY first +0.30s tapped slot 2 meant x_bow before [?,rocket,x_bow,tesla] now [?,rocket,?,tesla] slot_now ? elixir 8->6 wall=11:13:28.736
[student] TRAY settled +0.67s tapped slot 2 meant x_bow before [?,rocket,x_bow,tesla] now [ice_wizard,rocket,?,tesla] slot_now ? elixir 8->3 wall=11:13:29.101
[student] PLAY ice_wizard p=0.79 cell 343 board (0.08, 0.8) units 4 17 ms tap [ice_wizard,?,?,?] hand [ice_wizard,rocket,?,tesla] elixir 3 wall=11:13:29.183
[student] TAP slot 0 ice_wizard cell 343 wall=11:13:29.551
[student] TRAY first +0.27s tapped slot 0 meant ice_wizard before [ice_wizard,rocket,?,tesla] now [?,rocket,?,tesla] slot_now ? elixir 3->3 wall=11:13:29.821
[student] TRAY settled +1.15s tapped slot 0 meant ice_wizard before [ice_wizard,rocket,?,tesla] now [?,rocket,knight,tesla] slot_now ? elixir 3->0 wall=11:13:30.701
[student] PLAY knight p=0.34 cell 238 board (0.25, 0.55) units 5 29 ms tap [the_log,?,knight,?] hand [the_log,rocket,knight,tesla] elixir 3 wall=11:13:37.793
[student] TAP slot 2 knight cell 238 wall=11:13:38.130
[student] TRAY first +0.28s tapped slot 2 meant knight before [the_log,rocket,knight,tesla] now [the_log,rocket,?,tesla] slot_now ? elixir 3->3 wall=11:13:38.410
[student] WAIT NO-TRAY-MATCH p=0.15 elixir 3 opp~? units 7 dets 7 (waits 246/353 badhand 153/537) tap [?,?,?,?] wall=11:13:38.483
[student] TRAY settled +0.62s tapped slot 2 meant knight before [the_log,rocket,knight,tesla] now [the_log,rocket,?,tesla] slot_now ? elixir 3->0 wall=11:13:38.751
[student] WAIT p=0.08 elixir 3 opp~? units 3 dets 3 (waits 256/363 badhand 153/547) tap [the_log,?,tornado,?] wall=11:13:48.399
[student] WAIT p=0.17 elixir 5 opp~? units 1 dets 1 (waits 266/373 badhand 153/557) tap [the_log,?,tornado,tesla] wall=11:13:53.765
[student] PLAY the_log p=0.44 cell 327 board (0.19, 0.77) units 1 25 ms tap [the_log,rocket,tornado,tesla] hand [the_log,rocket,tornado,tesla] elixir 7 wall=11:13:57.814
[student] TAP slot 0 the_log cell 309 wall=11:13:58.167
[student] TRAY first +0.25s tapped slot 0 meant the_log before [the_log,rocket,tornado,tesla] now [?,rocket,tornado,tesla] slot_now ? elixir 7->4 wall=11:13:58.418
[student] TRAY settled +0.63s tapped slot 0 meant the_log before [the_log,rocket,tornado,tesla] now [?,rocket,tornado,tesla] slot_now ? elixir 7->5 wall=11:13:58.793
[student] PLAY tesla p=0.74 cell 297 board (0.5, 0.69) units 2 29 ms tap [?,?,tornado,tesla] hand [?,rocket,tornado,tesla] elixir 5 wall=11:13:59.265
[student] TAP slot 3 tesla cell 297 wall=11:13:59.596
[student] TRAY first +0.30s tapped slot 3 meant tesla before [?,rocket,tornado,tesla] now [skeletons,rocket,tornado,?] slot_now ? elixir 5->4 wall=11:13:59.894
[student] PLAY skeletons p=0.52 cell 237 board (0.19, 0.58) units 2 19 ms tap [skeletons,?,?,?] hand [skeletons,rocket,tornado,?] elixir 4 wall=11:13:59.977
[student] TAP slot 0 skeletons cell 237 wall=11:14:00.338
[student] TRAY first +0.28s tapped slot 0 meant skeletons before [skeletons,rocket,tornado,?] now [?,rocket,tornado,?] slot_now ? elixir 4->1 wall=11:14:00.613
[student] TRAY settled +0.63s tapped slot 0 meant skeletons before [skeletons,rocket,tornado,?] now [?,rocket,tornado,x_bow] slot_now ? elixir 4->1 wall=11:14:00.965
[student] WAIT NO-TRAY-MATCH p=0.00 elixir 2 opp~? units 2 dets 2 (waits 273/383 badhand 157/570) tap [?,?,?,?] wall=11:14:04.355
[student] PLAY tornado p=0.65 cell 349 board (0.42, 0.83) units 2 28 ms tap [?,?,tornado,?] hand [ice_wizard,rocket,tornado,ice_wizard] elixir 3 wall=11:14:05.962
[student] TAP slot 2 tornado cell 349 wall=11:14:06.340
[student] TRAY first +0.25s tapped slot 2 meant tornado before [ice_wizard,rocket,tornado,ice_wizard] now [tornado,rocket,?,x_bow] slot_now ? elixir 3->3 wall=11:14:06.587
[student] TRAY settled +0.56s tapped slot 2 meant tornado before [ice_wizard,rocket,tornado,ice_wizard] now [tornado,rocket,?,?] slot_now ? elixir 3->0 wall=11:14:06.898
[student] WAIT | exact=0 opp=? next=6 t=58s hand=[2, 4, 149, 3] tw=1.01.01.01.01.01.0 sp=0 unk=0 p=0.03 elixir 4 opp~? units 1 dets 1 (waits 278/389 badhand 158/581) tap [ice_wizard,?,knight,?] wall=11:14:17.341
[student] WAIT p=0.11 elixir 6 opp~? units 2 dets 2 (waits 288/399 badhand 158/591) tap [ice_wizard,rocket,knight,x_bow] wall=11:14:23.997
[student] PLAY x_bow p=0.36 cell 265 board (0.75, 0.61) units 2 20 ms tap [ice_wizard,rocket,knight,x_bow] hand [ice_wizard,rocket,knight,x_bow] elixir 7 wall=11:14:25.600
[student] TAP slot 3 x_bow cell 265 wall=11:14:25.951
[student] TRAY first +0.32s tapped slot 3 meant x_bow before [ice_wizard,rocket,knight,x_bow] now [ice_wizard,rocket,knight,?] slot_now ? elixir 7->6 wall=11:14:26.270
[student] TRAY settled +0.89s tapped slot 3 meant x_bow before [ice_wizard,rocket,knight,x_bow] now [ice_wizard,rocket,knight,?] slot_now ? elixir 7->1 wall=11:14:26.836
[student] WAIT p=0.17 elixir 3 opp~? units 2 dets 2 (waits 297/409 badhand 159/602) tap [ice_wizard,?,knight,the_log] wall=11:14:32.205
[student] PLAY knight p=0.81 cell 249 board (0.86, 0.55) units 4 19 ms tap [ice_wizard,?,knight,the_log] hand [ice_wizard,rocket,knight,the_log] elixir 3 wall=11:14:33.679
[student] TAP slot 2 knight cell 249 wall=11:14:34.018
[student] TRAY first +0.31s tapped slot 2 meant knight before [ice_wizard,rocket,knight,the_log] now [ice_wizard,rocket,?,the_log] slot_now ? elixir 3->3 wall=11:14:34.330
[student] TRAY settled +0.70s tapped slot 2 meant knight before [ice_wizard,rocket,knight,the_log] now [ice_wizard,rocket,?,the_log] slot_now ? elixir 3->1 wall=11:14:34.721
[student] PLAY the_log p=0.46 cell 284 board (0.81, 0.64) units 3 25 ms tap [?,?,?,the_log] hand [ice_wizard,rocket,tesla,the_log] elixir 2 wall=11:14:37.815
[student] TAP slot 3 the_log cell 301 wall=11:14:38.158
[student] TRAY first +0.27s tapped slot 3 meant the_log before [ice_wizard,rocket,tesla,the_log] now [ice_wizard,rocket,tesla,?] slot_now ? elixir 2->2 wall=11:14:38.432
[student] TRAY settled +0.65s tapped slot 3 meant the_log before [ice_wizard,rocket,tesla,the_log] now [ice_wizard,rocket,tesla,?] slot_now ? elixir 2->0 wall=11:14:38.809
[student] PLAY skeletons p=0.27 cell 237 board (0.19, 0.55) units 3 29 ms tap [?,?,?,skeletons] hand [ice_wizard,rocket,tesla,skeletons] elixir 1 wall=11:14:39.834
[student] TAP slot 3 skeletons cell 237 wall=11:14:40.190
[student] TRAY first +0.31s tapped slot 3 meant skeletons before [ice_wizard,rocket,tesla,skeletons] now [tornado,rocket,tesla,?] slot_now ? elixir 1->1 wall=11:14:40.505
[student] TRAY settled +0.92s tapped slot 3 meant skeletons before [ice_wizard,rocket,tesla,skeletons] now [ice_wizard,rocket,tesla,?] slot_now ? elixir 1->0 wall=11:14:41.105
[student] PLAY ice_wizard p=0.50 cell 309 board (0.19, 0.73) units 1 23 ms tap [ice_wizard,?,?,tornado] hand [ice_wizard,rocket,tesla,tornado] elixir 3 wall=11:14:48.378
[student] TAP slot 0 ice_wizard cell 255 wall=11:14:48.755
[student] TRAY first +0.25s tapped slot 0 meant ice_wizard before [ice_wizard,rocket,tesla,tornado] now [?,rocket,tesla,tornado] slot_now ? elixir 3->3 wall=11:14:49.009
[student] TRAY settled +0.87s tapped slot 0 meant ice_wizard before [ice_wizard,rocket,tesla,tornado] now [?,rocket,tesla,tornado] slot_now ? elixir 3->0 wall=11:14:49.627
[student] WAIT p=0.20 elixir 3 opp~? units 1 dets 1 (waits 303/419 badhand 161/616) tap [?,?,?,tornado] wall=11:14:56.774
[student] PLAY tesla p=0.54 cell 279 board (0.5, 0.66) units 1 26 ms tap [?,?,tesla,tornado] hand [x_bow,rocket,tesla,tornado] elixir 4 wall=11:15:00.758
[student] TAP slot 2 tesla cell 279 wall=11:15:01.113
[student] TRAY first +1.06s tapped slot 2 meant tesla before [x_bow,rocket,tesla,tornado] now [tornado,rocket,?,tornado] slot_now ? elixir 4->4 wall=11:15:02.173
[student] WAIT p=0.07 elixir 4 opp~? units 2 dets 2 (waits 310/427 badhand 162/627) tap [?,?,knight_evo,tornado] wall=11:15:11.248
[clock] icon reads x3 but the clock reads x1 -> using the clock (x1)
[student] PLAY x_bow p=0.29 cell 267 board (0.86, 0.61) units 2 24 ms tap [x_bow,rocket,knight_evo,tornado] hand [x_bow,rocket,knight_evo,tornado] elixir 7 wall=11:15:17.396
[student] TAP slot 0 x_bow cell 267 wall=11:15:17.730
[student] TRAY first +0.64s tapped slot 0 meant x_bow before [x_bow,rocket,knight_evo,tornado] now [?,rocket,tesla,tornado] slot_now ? elixir 7->6 wall=11:15:18.372
[clock] icon reads x3 but the clock reads x2 -> using the clock (x2)
11:15:20 [play] elixir x2
[student] PLAY knight_evo p=0.44 cell 249 board (0.86, 0.55) units 4 25 ms tap [the_log,?,knight_evo,tornado] hand [the_log,rocket,knight_evo,tornado] elixir 3 wall=11:15:20.589
[student] TAP slot 2 knight_evo cell 249 wall=11:15:20.956
[student] TRAY first +0.64s tapped slot 2 meant knight_evo before [the_log,rocket,knight_evo,tornado] now [the_log,rocket,?,tornado] slot_now ? elixir 3->3 wall=11:15:21.600
[student] PLAY skeletons p=0.53 cell 241 board (0.42, 0.55) units 7 26 ms tap [the_log,?,skeletons,?] hand [the_log,rocket,skeletons,tornado] elixir 2 wall=11:15:23.851
[student] TAP slot 2 skeletons cell 241 wall=11:15:24.213
[student] TRAY first +0.66s tapped slot 2 meant skeletons before [the_log,rocket,skeletons,tornado] now [the_log,rocket,?,tornado] slot_now ? elixir 2->1 wall=11:15:24.871
[student] PLAY the_log p=0.46 cell 327 board (0.19, 0.77) units 7 27 ms tap [the_log,?,?,tornado] hand [the_log,rocket,?,tornado] elixir 3 wall=11:15:25.730
[student] TAP slot 0 the_log cell 362 wall=11:15:26.080
[student] TRAY first +0.71s tapped slot 0 meant the_log before [the_log,rocket,?,tornado] now [?,rocket,ice_wizard,tornado] slot_now ? elixir 3->2 wall=11:15:26.795
[student] PLAY ice_wizard p=0.65 cell 343 board (0.08, 0.8) units 5 15 ms tap [?,?,ice_wizard,tornado] hand [tesla_evo,rocket,ice_wizard,tornado] elixir 3 wall=11:15:29.020
[student] TAP slot 2 ice_wizard cell 343 wall=11:15:29.348
[student] TRAY first +0.65s tapped slot 2 meant ice_wizard before [tesla_evo,rocket,ice_wizard,tornado] now [tesla,rocket,?,tornado] slot_now ? elixir 3->3 wall=11:15:29.994
[student] WAIT NO-TRAY-MATCH p=0.03 elixir 3 opp~? units 6 dets 7 (waits 317/439 badhand 166/642) tap [?,?,?,?] wall=11:15:30.091
[student] PLAY tornado p=0.53 cell 80 board (0.47, 0.2) units 2 26 ms tap [?,?,?,tornado] hand [tesla_evo,rocket,ice_wizard,tornado] elixir 3 wall=11:15:33.107
[assist] TORNADO nearest cell 80->211 target berserker at (0.70,0.41) enemy tracks 5 wall=11:15:33.107
[student] TAP slot 3 tornado cell 211 wall=11:15:33.480
[student] TRAY first +0.57s tapped slot 3 meant tornado before [tesla_evo,rocket,ice_wizard,tornado] now [tesla,rocket,ice_wizard,?] slot_now ? elixir 3->3 wall=11:15:34.053
[student] PLAY knight p=0.82 cell 247 board (0.75, 0.55) units 6 35 ms tap [?,?,?,knight] hand [tesla_evo,rocket,ice_wizard,knight] elixir 3 wall=11:15:37.046
[student] TAP slot 3 knight cell 247 wall=11:15:37.399
[student] TRAY first +0.70s tapped slot 3 meant knight before [tesla_evo,rocket,ice_wizard,knight] now [tesla,rocket,rocket,?] slot_now ? elixir 3->3 wall=11:15:38.096
[student] PLAY skeletons p=0.61 cell 248 board (0.81, 0.55) units 4 27 ms tap [?,?,?,skeletons] hand [?,rocket,tesla,skeletons] elixir 1 wall=11:15:39.660
[student] TAP slot 3 skeletons cell 248 wall=11:15:40.012
[student] TRAY first +0.29s tapped slot 3 meant skeletons before [?,rocket,tesla,skeletons] now [tesla,rocket,tesla,?] slot_now ? elixir 1->1 wall=11:15:40.299
[student] TRAY settled +0.63s tapped slot 3 meant skeletons before [?,rocket,tesla,skeletons] now [?,rocket,tesla_evo,?] slot_now ? elixir 1->1 wall=11:15:40.638
[student] PLAY the_log p=0.56 cell 249 board (0.86, 0.55) units 3 28 ms tap [?,?,?,the_log] hand [tesla_evo,rocket,ice_wizard,the_log] elixir 3 wall=11:15:42.183
[student] TAP slot 3 the_log cell 266 wall=11:15:42.529
[student] TRAY first +0.28s tapped slot 3 meant the_log before [tesla_evo,rocket,ice_wizard,the_log] now [tesla,rocket,tesla,?] slot_now ? elixir 3->2 wall=11:15:42.811
[student] TRAY settled +0.60s tapped slot 3 meant the_log before [tesla_evo,rocket,ice_wizard,the_log] now [tesla,rocket,tesla,?] slot_now ? elixir 3->1 wall=11:15:43.128
[student] PLAY tesla_evo p=0.74 cell 243 board (0.5, 0.56) units 2 24 ms tap [tesla_evo,?,?,?] hand [tesla_evo,rocket,ice_wizard,ice_wizard] elixir 4 wall=11:15:46.476
[student] TAP slot 0 tesla_evo cell 243 wall=11:15:46.838
[student] TRAY first +0.27s tapped slot 0 meant tesla_evo before [tesla_evo,rocket,ice_wizard,ice_wizard] now [?,rocket,?,ice_wizard] slot_now ? elixir 4->4 wall=11:15:47.104
[student] WAIT NO-TRAY-MATCH p=0.61 elixir 4 opp~? units 3 dets 3 (waits 317/444 badhand 168/657) tap [?,?,?,?] wall=11:15:47.128
[student] TRAY settled +0.54s tapped slot 0 meant tesla_evo before [tesla_evo,rocket,ice_wizard,ice_wizard] now [?,rocket,?,ice_wizard] slot_now ? elixir 4->0 wall=11:15:47.381
[student] PLAY ice_wizard p=0.29 cell 297 board (0.53, 0.7) units 2 24 ms tap [tornado,?,?,ice_wizard] hand [tornado,rocket,x_bow,ice_wizard] elixir 4 wall=11:15:52.574
[student] TAP slot 3 ice_wizard cell 297 wall=11:15:52.985
[student] TRAY first +0.28s tapped slot 3 meant ice_wizard before [tornado,rocket,x_bow,ice_wizard] now [tornado,rocket,tesla_evo,?] slot_now ? elixir 4->3 wall=11:15:53.270
[student] TRAY settled +0.64s tapped slot 3 meant ice_wizard before [tornado,rocket,x_bow,ice_wizard] now [tornado,rocket,the_log,?] slot_now ? elixir 4->2 wall=11:15:53.628
[student] PLAY tornado p=0.38 cell 175 board (0.75, 0.39) units 4 16 ms tap [tornado,?,?,knight] hand [tornado,rocket,ice_wizard,knight] elixir 3 wall=11:15:55.645
[student] TAP slot 0 tornado cell 175 wall=11:15:55.983
[student] TRAY first +0.26s tapped slot 0 meant tornado before [tornado,rocket,ice_wizard,knight] now [?,rocket,ice_wizard,knight] slot_now ? elixir 3->3 wall=11:15:56.242
[student] TRAY settled +0.57s tapped slot 0 meant tornado before [tornado,rocket,ice_wizard,knight] now [?,rocket,ice_wizard,knight] slot_now ? elixir 3->1 wall=11:15:56.554
[student] WAIT p=0.23 elixir 2 opp~? units 2 dets 3 (waits 322/451 badhand 172/669) tap [skeletons,?,?,?] wall=11:15:57.765
[student] PLAY skeletons p=0.68 cell 325 board (0.08, 0.77) units 3 24 ms tap [skeletons,?,?,?] hand [skeletons,rocket,ice_wizard,knight] elixir 2 wall=11:15:58.736
[student] TAP slot 0 skeletons cell 325 wall=11:15:59.115
[student] TRAY first +0.27s tapped slot 0 meant skeletons before [skeletons,rocket,ice_wizard,knight] now [?,rocket,the_log,knight] slot_now ? elixir 2->1 wall=11:15:59.388
[student] TRAY settled +0.96s tapped slot 0 meant skeletons before [skeletons,rocket,ice_wizard,knight] now [?,rocket,ice_wizard,knight] slot_now ? elixir 2->2 wall=11:16:00.071
[student] PLAY knight p=0.28 cell 240 board (0.36, 0.55) units 3 25 ms tap [the_log,?,?,knight] hand [the_log,rocket,x_bow,knight] elixir 4 wall=11:16:02.053
[student] TAP slot 3 knight cell 240 wall=11:16:02.392
[student] TRAY first +0.25s tapped slot 3 meant knight before [the_log,rocket,x_bow,knight] now [the_log,rocket,tesla,?] slot_now ? elixir 4->3 wall=11:16:02.641
[student] TRAY settled +0.61s tapped slot 3 meant knight before [the_log,rocket,x_bow,knight] now [the_log,rocket,tesla,?] slot_now ? elixir 4->1 wall=11:16:03.003
[student] PLAY tesla p=0.34 cell 240 board (0.33, 0.56) units 3 23 ms tap [the_log,?,?,tesla] hand [the_log,rocket,ice_wizard,tesla] elixir 4 wall=11:16:06.109
[student] TAP slot 3 tesla cell 240 wall=11:16:06.462
[student] TRAY first +0.30s tapped slot 3 meant tesla before [the_log,rocket,ice_wizard,tesla] now [the_log,rocket,?,?] slot_now ? elixir 4->4 wall=11:16:06.763
[student] WAIT NO-TRAY-MATCH p=0.80 elixir 4 opp~? units 6 dets 6 (waits 328/460 badhand 175/682) tap [?,?,?,?] wall=11:16:06.833
[student] TRAY settled +0.65s tapped slot 3 meant tesla before [the_log,rocket,ice_wizard,tesla] now [the_log,rocket,?,?] slot_now ? elixir 4->0 wall=11:16:07.116
[student] PLAY the_log p=0.34 cell 238 board (0.25, 0.55) units 5 19 ms tap [the_log,?,?,?] hand [the_log,rocket,ice_wizard,ice_wizard] elixir 3 wall=11:16:10.328
[student] TAP slot 0 the_log cell 260 wall=11:16:10.678
[student] TRAY first +0.25s tapped slot 0 meant the_log before [the_log,rocket,ice_wizard,ice_wizard] now [?,rocket,tesla,ice_wizard] slot_now ? elixir 3->2 wall=11:16:10.924
[student] TRAY settled +0.60s tapped slot 0 meant the_log before [the_log,rocket,ice_wizard,ice_wizard] now [?,rocket,tesla,ice_wizard] slot_now ? elixir 3->1 wall=11:16:11.273
[student] PLAY tornado p=0.31 cell 166 board (0.25, 0.39) units 3 25 ms tap [tornado,?,?,?] hand [tornado,rocket,ice_wizard,ice_wizard] elixir 3 wall=11:16:13.788
[student] TAP slot 0 tornado cell 166 wall=11:16:14.149
[student] TRAY first +0.28s tapped slot 0 meant tornado before [tornado,rocket,ice_wizard,ice_wizard] now [?,rocket,ice_wizard,ice_wizard] slot_now ? elixir 3->3 wall=11:16:14.425
[student] TRAY settled +0.63s tapped slot 0 meant tornado before [tornado,rocket,ice_wizard,ice_wizard] now [?,rocket,ice_wizard,ice_wizard] slot_now ? elixir 3->1 wall=11:16:14.784
[student] PLAY skeletons p=0.35 cell 237 board (0.19, 0.55) units 2 30 ms tap [skeletons,?,?,?] hand [skeletons,rocket,tesla_evo,ice_wizard] elixir 2 wall=11:16:16.034
[student] TAP slot 0 skeletons cell 237 wall=11:16:16.378
[student] TRAY first +0.39s tapped slot 0 meant skeletons before [skeletons,rocket,tesla_evo,ice_wizard] now [?,rocket,tesla,ice_wizard] slot_now ? elixir 2->1 wall=11:16:16.766
[student] TRAY settled +0.94s tapped slot 0 meant skeletons before [skeletons,rocket,tesla_evo,ice_wizard] now [?,rocket,tesla_evo,ice_wizard] slot_now ? elixir 2->2 wall=11:16:17.319
[student] PLAY knight_evo p=0.81 cell 343 board (0.08, 0.8) units 5 27 ms tap [knight_evo,?,?,?] hand [knight_evo,rocket,ice_wizard,ice_wizard] elixir 3 wall=11:16:18.777
[student] TAP slot 0 knight_evo cell 343 wall=11:16:19.127
[student] TRAY first +0.33s tapped slot 0 meant knight_evo before [knight_evo,rocket,ice_wizard,ice_wizard] now [?,rocket,?,ice_wizard] slot_now ? elixir 3->3 wall=11:16:19.457
[student] TRAY settled +0.86s tapped slot 0 meant knight_evo before [knight_evo,rocket,ice_wizard,ice_wizard] now [?,rocket,?,ice_wizard] slot_now ? elixir 3->0 wall=11:16:19.986
[student] WAIT NO-TRAY-MATCH p=0.07 elixir 2 opp~? units 2 dets 2 (waits 330/466 badhand 179/696) tap [?,?,?,?] wall=11:16:22.195
[student] PLAY ice_wizard p=0.56 cell 296 board (0.47, 0.67) units 3 29 ms tap [tesla,?,?,ice_wizard] hand [tesla,rocket,x_bow,ice_wizard] elixir 4 wall=11:16:24.777
[student] TAP slot 3 ice_wizard cell 296 wall=11:16:25.111
[student] TRAY first +0.38s tapped slot 3 meant ice_wizard before [tesla,rocket,x_bow,ice_wizard] now [tesla,rocket,tesla,?] slot_now ? elixir 4->3 wall=11:16:25.491
[student] TRAY settled +1.15s tapped slot 3 meant ice_wizard before [tesla,rocket,x_bow,ice_wizard] now [tesla,rocket,the_log,?] slot_now ? elixir 4->2 wall=11:16:26.261
[student] PLAY the_log p=0.48 cell 237 board (0.19, 0.55) units 4 27 ms tap [?,?,?,the_log] hand [tesla,rocket,ice_wizard,the_log] elixir 3 wall=11:16:27.686
[student] TAP slot 3 the_log cell 292 wall=11:16:28.044
[student] TRAY first +0.37s tapped slot 3 meant the_log before [tesla,rocket,ice_wizard,the_log] now [tesla,rocket,tesla,?] slot_now ? elixir 3->2 wall=11:16:28.414
[student] TRAY settled +0.83s tapped slot 3 meant the_log before [tesla,rocket,ice_wizard,the_log] now [tesla,rocket,the_log,?] slot_now ? elixir 3->2 wall=11:16:28.878
[student] PLAY tornado p=0.55 cell 239 board (0.31, 0.58) units 3 19 ms tap [?,?,?,tornado] hand [tesla,rocket,ice_wizard,tornado] elixir 3 wall=11:16:30.483
[student] TAP slot 3 tornado cell 239 wall=11:16:30.845
[student] TRAY first +0.33s tapped slot 3 meant tornado before [tesla,rocket,ice_wizard,tornado] now [tesla,rocket,ice_wizard,?] slot_now ? elixir 3->3 wall=11:16:31.178
[student] TRAY settled +0.78s tapped slot 3 meant tornado before [tesla,rocket,ice_wizard,tornado] now [tesla,rocket,ice_wizard,?] slot_now ? elixir 3->1 wall=11:16:31.630
[student] PLAY skeletons p=0.30 cell 237 board (0.19, 0.55) units 3 16 ms tap [?,?,?,skeletons] hand [tesla,rocket,the_log,skeletons] elixir 2 wall=11:16:32.791
[student] TAP slot 3 skeletons cell 237 wall=11:16:33.149
[student] TRAY first +0.35s tapped slot 3 meant skeletons before [tesla,rocket,the_log,skeletons] now [tesla,rocket,tesla,?] slot_now ? elixir 2->1 wall=11:16:33.495
[student] TRAY settled +1.11s tapped slot 3 meant skeletons before [tesla,rocket,the_log,skeletons] now [tesla,rocket,the_log,?] slot_now ? elixir 2->2 wall=11:16:34.259
[student] PLAY knight p=0.30 cell 237 board (0.19, 0.55) units 3 29 ms tap [?,?,?,knight] hand [tesla,rocket,ice_wizard,knight] elixir 3 wall=11:16:35.863
[student] TAP slot 3 knight cell 237 wall=11:16:36.216
[student] TRAY first +0.44s tapped slot 3 meant knight before [tesla,rocket,ice_wizard,knight] now [tesla,rocket,rocket,?] slot_now ? elixir 3->3 wall=11:16:36.655
[student] TRAY settled +0.91s tapped slot 3 meant knight before [tesla,rocket,ice_wizard,knight] now [tesla,rocket,ice_wizard,?] slot_now ? elixir 3->1 wall=11:16:37.129
[student] WAIT NO-TRAY-MATCH p=0.76 elixir 3 opp~? units 8 dets 8 (waits 331/472 badhand 183/711) tap [?,?,?,?] wall=11:16:39.858
[student] PLAY ice_wizard p=0.71 cell 343 board (0.08, 0.83) units 5 28 ms tap [tesla,?,?,ice_wizard] hand [tesla,rocket,x_bow,ice_wizard] elixir 4 wall=11:16:41.358
[student] TAP slot 3 ice_wizard cell 343 wall=11:16:41.707
[student] TRAY first +0.37s tapped slot 3 meant ice_wizard before [tesla,rocket,x_bow,ice_wizard] now [tesla,rocket,tesla,?] slot_now ? elixir 4->3 wall=11:16:42.080
[student] TRAY settled +0.88s tapped slot 3 meant ice_wizard before [tesla,rocket,x_bow,ice_wizard] now [tesla,rocket,the_log,?] slot_now ? elixir 4->2 wall=11:16:42.586
[student] PLAY the_log p=0.31 cell 237 board (0.19, 0.55) units 5 24 ms tap [?,?,?,the_log] hand [tesla,rocket,ice_wizard,the_log] elixir 2 wall=11:16:43.705
[student] TAP slot 3 the_log cell 362 wall=11:16:44.057
[student] TRAY first +0.35s tapped slot 3 meant the_log before [tesla,rocket,ice_wizard,the_log] now [tesla,rocket,ice_wizard,?] slot_now ? elixir 2->2 wall=11:16:44.407
[student] TRAY settled +0.82s tapped slot 3 meant the_log before [tesla,rocket,ice_wizard,the_log] now [tesla,rocket,tesla,?] slot_now ? elixir 2->1 wall=11:16:44.876
11:16:51 [play] state: MATCH_END
[overlay-replay] saved C:\Users\benpe\ClashBot\icebow\data\overlayed_replays\match_20260912_111319.mp4 (10586 frames, captured 28.8 fps)
11:16:51 [nav] MATCH_END -> Play Again (located) (0.348,0.914)
11:16:52 [play] state: UNKNOWN
11:16:58 [play] state: IN_MATCH
[student] WAIT | exact=0 opp=? next=149 t=4s hand=[0, 3, 4, 2] tw=1.01.01.01.01.01.0 sp=0 unk=0 p=0.00 elixir 8 opp~? units 0 dets 0 (waits 337/480 badhand 186/723) tap [tornado,x_bow,rocket,ice_wizard] wall=11:17:02.621
[student] WAIT | exact=0 opp=? next=149 t=11s hand=[0, 3, 4, 2] tw=1.01.01.01.01.01.0 sp=0 unk=0 p=0.04 elixir 10 opp~? units 1 dets 1 (waits 347/490 badhand 186/733) tap [tornado,x_bow,rocket,ice_wizard] wall=11:17:08.993
[student] PLAY tornado p=0.57 cell 332 board (0.47, 0.77) units 1 17 ms tap [tornado,x_bow,rocket,ice_wizard] hand [tornado,x_bow,rocket,ice_wizard] elixir 10 wall=11:17:09.773
[student] TAP slot 0 tornado cell 332 wall=11:17:10.137
[student] TRAY first +0.25s tapped slot 0 meant tornado before [tornado,x_bow,rocket,ice_wizard] now [?,x_bow,rocket,ice_wizard] slot_now ? elixir 10->7 wall=11:17:10.383
[student] TRAY settled +1.03s tapped slot 0 meant tornado before [tornado,x_bow,rocket,ice_wizard] now [?,x_bow,rocket,ice_wizard] slot_now ? elixir 10->7 wall=11:17:11.168
[student] PLAY x_bow p=0.29 cell 267 board (0.86, 0.61) units 1 25 ms tap [?,x_bow,rocket,ice_wizard] hand [?,x_bow,rocket,ice_wizard] elixir 7 wall=11:17:11.222
[student] TAP slot 1 x_bow cell 267 wall=11:17:11.583
[student] TRAY first +0.29s tapped slot 1 meant x_bow before [?,x_bow,rocket,ice_wizard] now [knight,?,rocket,ice_wizard] slot_now ? elixir 7->6 wall=11:17:11.877
[student] TRAY settled +0.90s tapped slot 1 meant x_bow before [?,x_bow,rocket,ice_wizard] now [knight,?,rocket,ice_wizard] slot_now ? elixir 7->1 wall=11:17:12.484
[student] PLAY the_log p=0.49 cell 249 board (0.86, 0.55) units 3 25 ms tap [knight,the_log,?,ice_wizard] hand [knight,the_log,rocket,ice_wizard] elixir 3 wall=11:17:17.511
[student] TAP slot 1 the_log cell 371 wall=11:17:17.849
[student] TRAY first +0.31s tapped slot 1 meant the_log before [knight,the_log,rocket,ice_wizard] now [knight,?,rocket,ice_wizard] slot_now ? elixir 3->2 wall=11:17:18.164
[student] TRAY settled +0.82s tapped slot 1 meant the_log before [knight,the_log,rocket,ice_wizard] now [knight,?,rocket,ice_wizard] slot_now ? elixir 3->1 wall=11:17:18.671
[student] PLAY knight p=0.80 cell 298 board (0.58, 0.67) units 2 30 ms tap [knight,?,?,ice_wizard] hand [knight,tesla,rocket,ice_wizard] elixir 3 wall=11:17:22.891
[student] TAP slot 0 knight cell 298 wall=11:17:23.243
[student] TRAY first +0.28s tapped slot 0 meant knight before [knight,tesla,rocket,ice_wizard] now [?,tesla,rocket,ice_wizard] slot_now ? elixir 3->3 wall=11:17:23.519
[student] PLAY ice_wizard p=0.59 cell 320 board (0.81, 0.73) units 3 22 ms tap [?,?,?,ice_wizard] hand [?,tesla,rocket,ice_wizard] elixir 3 wall=11:17:23.601
[student] TAP slot 3 ice_wizard cell 266 wall=11:17:23.960
[student] TRAY first +0.30s tapped slot 3 meant ice_wizard before [?,tesla,rocket,ice_wizard] now [?,?,rocket,tornado] slot_now tornado elixir 3->0 wall=11:17:24.261
[student] TRAY settled +0.71s tapped slot 3 meant ice_wizard before [?,tesla,rocket,ice_wizard] now [skeletons,?,rocket,tornado] slot_now tornado elixir 3->0 wall=11:17:24.671
[student] PLAY skeletons p=0.33 cell 320 board (0.81, 0.73) units 2 29 ms tap [skeletons,?,?,?] hand [skeletons,?,rocket,the_log] elixir 1 wall=11:17:26.129
[student] TAP slot 0 skeletons cell 266 wall=11:17:26.460
[student] TRAY first +0.29s tapped slot 0 meant skeletons before [skeletons,?,rocket,the_log] now [?,?,rocket,tornado] slot_now ? elixir 1->1 wall=11:17:26.752
[student] TRAY settled +1.04s tapped slot 0 meant skeletons before [skeletons,?,rocket,the_log] now [?,?,rocket,ice_wizard] slot_now ? elixir 1->0 wall=11:17:27.501
[student] WAIT p=0.07 elixir 3 opp~? units 2 dets 2 (waits 356/505 badhand 190/749) tap [tornado,?,?,ice_wizard] wall=11:17:36.047
[student] PLAY tesla p=0.34 cell 279 board (0.5, 0.66) units 3 16 ms tap [tornado,tesla,rocket,ice_wizard] hand [tornado,tesla,rocket,ice_wizard] elixir 6 wall=11:17:42.568
[student] TAP slot 1 tesla cell 279 wall=11:17:42.915
[student] TRAY first +0.30s tapped slot 1 meant tesla before [tornado,tesla,rocket,ice_wizard] now [tornado,?,rocket,ice_wizard] slot_now ? elixir 6->4 wall=11:17:43.220
[student] WAIT NO-TRAY-MATCH p=0.10 elixir 4 opp~? units 4 dets 4 (waits 365/515 badhand 191/760) tap [?,?,?,?] wall=11:17:43.303
[student] TRAY settled +0.64s tapped slot 1 meant tesla before [tornado,tesla,rocket,ice_wizard] now [tornado,?,rocket,ice_wizard] slot_now ? elixir 6->2 wall=11:17:43.557
[student] WAIT p=0.06 elixir 4 opp~? units 2 dets 2 (waits 374/524 badhand 191/770) tap [tornado,?,?,ice_wizard] wall=11:17:50.282
[student] PLAY x_bow p=0.48 cell 254 board (0.14, 0.61) units 2 30 ms tap [tornado,x_bow,rocket,ice_wizard] hand [tornado,x_bow,rocket,ice_wizard] elixir 7 wall=11:17:57.120
[student] TAP slot 1 x_bow cell 254 wall=11:17:57.488
[student] TRAY first +0.25s tapped slot 1 meant x_bow before [tornado,x_bow,rocket,ice_wizard] now [tornado,?,rocket,ice_wizard] slot_now ? elixir 7->6 wall=11:17:57.741
[student] WAIT NO-TRAY-MATCH p=0.54 elixir 6 opp~? units 3 dets 3 (waits 383/534 badhand 192/781) tap [?,?,?,?] wall=11:17:57.821
[student] TRAY settled +1.04s tapped slot 1 meant x_bow before [tornado,x_bow,rocket,ice_wizard] now [tornado,?,rocket,ice_wizard] slot_now ? elixir 7->1 wall=11:17:58.523
[student] PLAY ice_wizard p=0.55 cell 239 board (0.31, 0.55) units 3 18 ms tap [tornado,the_log,?,ice_wizard] hand [tornado,the_log,rocket,ice_wizard] elixir 3 wall=11:18:02.567
[student] TAP slot 3 ice_wizard cell 239 wall=11:18:02.898
[student] TRAY first +0.31s tapped slot 3 meant ice_wizard before [tornado,the_log,rocket,ice_wizard] now [tornado,the_log,rocket,?] slot_now ? elixir 3->3 wall=11:18:03.210
[student] TRAY settled +0.67s tapped slot 3 meant ice_wizard before [tornado,the_log,rocket,ice_wizard] now [tornado,the_log,rocket,?] slot_now ? elixir 3->0 wall=11:18:03.570
[student] PLAY the_log p=0.28 cell 237 board (0.19, 0.55) units 2 16 ms tap [?,the_log,?,?] hand [tornado,the_log,rocket,knight] elixir 2 wall=11:18:08.498
[student] TAP slot 1 the_log cell 236 wall=11:18:08.865
[student] TRAY first +0.25s tapped slot 1 meant the_log before [tornado,the_log,rocket,knight] now [tornado,?,rocket,knight] slot_now ? elixir 2->2 wall=11:18:09.114
[student] TRAY settled +1.02s tapped slot 1 meant the_log before [tornado,the_log,rocket,knight] now [tornado,?,rocket,knight] slot_now ? elixir 2->0 wall=11:18:09.884
[student] PLAY skeletons p=0.27 cell 235 board (0.08, 0.55) units 3 32 ms tap [?,skeletons,?,?] hand [tornado,skeletons,rocket,knight] elixir 1 wall=11:18:10.590
[student] TAP slot 1 skeletons cell 235 wall=11:18:10.943
[student] TRAY first +0.32s tapped slot 1 meant skeletons before [tornado,skeletons,rocket,knight] now [tornado,?,rocket,knight] slot_now ? elixir 1->1 wall=11:18:11.259
[student] TRAY settled +0.97s tapped slot 1 meant skeletons before [tornado,skeletons,rocket,knight] now [tornado,?,rocket,knight] slot_now ? elixir 1->0 wall=11:18:11.917
[student] PLAY knight p=0.62 cell 295 board (0.42, 0.67) units 1 23 ms tap [tornado,?,?,knight] hand [tornado,tesla,rocket,knight] elixir 3 wall=11:18:19.332
[student] TAP slot 3 knight cell 295 wall=11:18:19.677
[student] TRAY first +0.29s tapped slot 3 meant knight before [tornado,tesla,rocket,knight] now [tornado,?,rocket,?] slot_now ? elixir 3->3 wall=11:18:19.967
[student] TRAY settled +0.66s tapped slot 3 meant knight before [tornado,tesla,rocket,knight] now [tornado,?,rocket,?] slot_now ? elixir 3->0 wall=11:18:20.335
[student] WAIT NO-TRAY-MATCH p=0.21 elixir 2 opp~? units 3 dets 3 (waits 387/542 badhand 194/795) tap [?,?,?,?] wall=11:18:26.391
[student] PLAY tornado p=0.92 cell 349 board (0.42, 0.83) units 5 28 ms tap [tornado,?,?,?] hand [tornado,tesla,rocket,ice_wizard] elixir 3 wall=11:18:27.832
[student] TAP slot 0 tornado cell 349 wall=11:18:28.178
[student] TRAY first +0.26s tapped slot 0 meant tornado before [tornado,tesla,rocket,ice_wizard] now [?,?,rocket,x_bow] slot_now ? elixir 3->3 wall=11:18:28.442
[student] TRAY settled +1.10s tapped slot 0 meant tornado before [tornado,tesla,rocket,ice_wizard] now [?,?,rocket,?] slot_now ? elixir 3->0 wall=11:18:29.275
[student] PLAY ice_wizard p=0.83 cell 249 board (0.86, 0.55) units 2 31 ms tap [ice_wizard,tesla,?,?] hand [ice_wizard,tesla,rocket,x_bow] elixir 4 wall=11:18:41.512
[student] TAP slot 0 ice_wizard cell 249 wall=11:18:41.859
[student] TRAY first +1.04s tapped slot 0 meant ice_wizard before [ice_wizard,tesla,rocket,x_bow] now [?,tesla,rocket,the_log] slot_now ? elixir 4->3 wall=11:18:42.899
[student] WAIT NO-TRAY-MATCH p=0.53 elixir 3 opp~? units 2 dets 3 (waits 388/545 badhand 195/807) tap [?,?,?,?] wall=11:18:42.992
[student] PLAY tesla p=0.62 cell 297 board (0.5, 0.69) units 2 25 ms tap [the_log,tesla,?,?] hand [the_log,tesla,rocket,x_bow] elixir 4 wall=11:18:48.737
[student] TAP slot 1 tesla cell 297 wall=11:18:49.092
[student] TRAY first +1.09s tapped slot 1 meant tesla before [the_log,tesla,rocket,x_bow] now [the_log,?,rocket,?] slot_now ? elixir 4->4 wall=11:18:50.181
[student] PLAY skeletons p=0.58 cell 309 board (0.19, 0.73) units 3 23 ms tap [?,skeletons,?,?] hand [the_log,skeletons,rocket,?] elixir 1 wall=11:18:51.318
[student] TAP slot 1 skeletons cell 255 wall=11:18:51.664
[student] TRAY first +1.05s tapped slot 1 meant skeletons before [the_log,skeletons,rocket,?] now [the_log,?,rocket,?] slot_now ? elixir 1->1 wall=11:18:52.714
[clock] icon reads x3 but the clock reads x1 -> using the clock (x1)
[clock] icon reads x3 but the clock reads x2 -> using the clock (x2)
11:18:58 [play] elixir x2
[student] WAIT p=0.08 elixir 4 opp~? units 3 dets 3 (waits 395/554 badhand 196/819) tap [the_log,knight_evo,?,?] wall=11:18:59.012
[student] PLAY x_bow p=0.27 cell 267 board (0.86, 0.61) units 1 21 ms tap [the_log,knight_evo,rocket,x_bow] hand [the_log,knight_evo,rocket,x_bow] elixir 6 wall=11:19:01.196
[student] TAP slot 3 x_bow cell 267 wall=11:19:01.552
[student] TRAY first +0.59s tapped slot 3 meant x_bow before [the_log,knight_evo,rocket,x_bow] now [the_log,knight_evo,rocket,?] slot_now ? elixir 6->6 wall=11:19:02.142
[student] PLAY knight_evo p=0.42 cell 247 board (0.75, 0.55) units 2 27 ms tap [the_log,knight_evo,?,tornado] hand [the_log,knight_evo,rocket,tornado] elixir 3 wall=11:19:05.205
[student] TAP slot 1 knight_evo cell 247 wall=11:19:05.556
[student] TRAY first +0.67s tapped slot 1 meant knight_evo before [the_log,knight_evo,rocket,tornado] now [the_log,?,rocket,tornado] slot_now ? elixir 3->3 wall=11:19:06.228
[student] PLAY ice_wizard p=0.48 cell 250 board (0.92, 0.55) units 4 27 ms tap [the_log,ice_wizard,?,tornado] hand [the_log,ice_wizard,rocket,tornado] elixir 3 wall=11:19:09.615
[student] TAP slot 1 ice_wizard cell 250 wall=11:19:09.977
[student] TRAY first +0.73s tapped slot 1 meant ice_wizard before [the_log,ice_wizard,rocket,tornado] now [the_log,?,rocket,tornado] slot_now ? elixir 3->3 wall=11:19:10.706
[student] WAIT p=0.22 elixir 3 opp~? units 3 dets 3 (waits 402/564 badhand 200/832) tap [the_log,?,?,tornado] wall=11:19:14.386
[student] PLAY the_log p=0.44 cell 250 board (0.92, 0.55) units 4 37 ms tap [the_log,?,?,tornado] hand [the_log,?,rocket,tornado] elixir 4 wall=11:19:15.214
[student] TAP slot 0 the_log cell 267 wall=11:19:15.564
[student] TRAY first +0.65s tapped slot 0 meant the_log before [the_log,?,rocket,tornado] now [?,tesla,rocket,tornado] slot_now ? elixir 4->2 wall=11:19:16.210
[student] PLAY skeletons p=0.53 cell 248 board (0.81, 0.55) units 2 25 ms tap [skeletons,?,?,tornado] hand [skeletons,?,rocket,tornado] elixir 4 wall=11:19:17.984
[student] TAP slot 0 skeletons cell 248 wall=11:19:18.330
[student] TRAY first +0.30s tapped slot 0 meant skeletons before [skeletons,?,rocket,tornado] now [?,?,rocket,tornado] slot_now ? elixir 4->2 wall=11:19:18.626
[student] TRAY settled +0.60s tapped slot 0 meant skeletons before [skeletons,?,rocket,tornado] now [?,?,rocket,tornado] slot_now ? elixir 4->4 wall=11:19:18.928
[student] PLAY tornado p=0.47 cell 194 board (0.81, 0.45) units 3 21 ms tap [?,?,?,tornado] hand [?,?,rocket,tornado] elixir 4 wall=11:19:19.650
[student] TAP slot 3 tornado cell 194 wall=11:19:19.993
[student] TRAY first +0.28s tapped slot 3 meant tornado before [?,?,rocket,tornado] now [the_log,?,rocket,?] slot_now ? elixir 4->3 wall=11:19:20.272
[student] TRAY settled +0.59s tapped slot 3 meant tornado before [?,?,rocket,tornado] now [the_log,tesla,rocket,?] slot_now ? elixir 4->2 wall=11:19:20.578
[student] PLAY knight p=0.30 cell 248 board (0.81, 0.55) units 1 24 ms tap [?,?,?,knight] hand [ice_wizard,?,rocket,knight] elixir 3 wall=11:19:22.081
[student] TAP slot 3 knight cell 248 wall=11:19:22.448
[student] TRAY first +0.30s tapped slot 3 meant knight before [ice_wizard,?,rocket,knight] now [tornado,?,rocket,?] slot_now ? elixir 3->3 wall=11:19:22.744
[student] TRAY settled +1.09s tapped slot 3 meant knight before [ice_wizard,?,rocket,knight] now [tesla,?,rocket,?] slot_now ? elixir 3->1 wall=11:19:23.540
[student] WAIT p=0.13 elixir 3 opp~? units 2 dets 3 (waits 406/572 badhand 207/846) tap [?,?,?,ice_wizard] wall=11:19:27.067
[student] PLAY ice_wizard p=0.37 cell 297 board (0.53, 0.7) units 1 30 ms tap [?,?,?,ice_wizard] hand [x_bow,?,rocket,ice_wizard] elixir 4 wall=11:19:27.659
[student] TAP slot 3 ice_wizard cell 297 wall=11:19:28.009
[student] TRAY first +0.28s tapped slot 3 meant ice_wizard before [x_bow,?,rocket,ice_wizard] now [tesla,?,rocket,?] slot_now ? elixir 4->3 wall=11:19:28.291
[student] TRAY settled +0.61s tapped slot 3 meant ice_wizard before [x_bow,?,rocket,ice_wizard] now [the_log,?,rocket,?] slot_now ? elixir 4->2 wall=11:19:28.622
[student] PLAY the_log p=0.57 cell 248 board (0.81, 0.55) units 4 19 ms tap [?,?,?,the_log] hand [ice_wizard,?,rocket,the_log] elixir 3 wall=11:19:30.514
[student] TAP slot 3 the_log cell 248 wall=11:19:30.882
[student] TRAY first +0.26s tapped slot 3 meant the_log before [ice_wizard,?,rocket,the_log] now [tesla,?,rocket,?] slot_now ? elixir 3->2 wall=11:19:31.141
[student] TRAY settled +1.05s tapped slot 3 meant the_log before [ice_wizard,?,rocket,the_log] now [the_log,tesla,rocket,?] slot_now ? elixir 3->2 wall=11:19:31.930
[student] PLAY skeletons p=0.92 cell 309 board (0.19, 0.73) units 2 28 ms tap [?,?,?,skeletons] hand [ice_wizard,tesla,rocket,skeletons] elixir 3 wall=11:19:32.825
[student] TAP slot 3 skeletons cell 255 wall=11:19:33.169
[student] TRAY first +0.29s tapped slot 3 meant skeletons before [ice_wizard,tesla,rocket,skeletons] now [the_log,tesla,rocket,?] slot_now ? elixir 3->2 wall=11:19:33.462
[student] TRAY settled +0.68s tapped slot 3 meant skeletons before [ice_wizard,tesla,rocket,skeletons] now [ice_wizard,tesla,rocket,?] slot_now ? elixir 3->2 wall=11:19:33.850
[student] PLAY tornado p=0.53 cell 332 board (0.47, 0.77) units 3 28 ms tap [?,?,?,tornado] hand [ice_wizard,?,rocket,tornado] elixir 3 wall=11:19:34.784
[assist] TORNADO king-spot cell 332->332 trigger hog_rider at (0.38,0.70) enemy tracks 5 wall=11:19:34.785
[student] TAP slot 3 tornado cell 332 wall=11:19:35.137
[student] TRAY first +0.28s tapped slot 3 meant tornado before [ice_wizard,?,rocket,tornado] now [ice_wizard,?,rocket,?] slot_now ? elixir 3->3 wall=11:19:35.414
[student] TRAY settled +0.61s tapped slot 3 meant tornado before [ice_wizard,?,rocket,tornado] now [ice_wizard,?,rocket,?] slot_now ? elixir 3->1 wall=11:19:35.743
[student] PLAY knight p=0.32 cell 248 board (0.81, 0.55) units 3 36 ms tap [?,?,?,knight] hand [ice_wizard,tesla,rocket,knight] elixir 3 wall=11:19:38.503
[student] TAP slot 3 knight cell 248 wall=11:19:38.874
[student] TRAY first +0.35s tapped slot 3 meant knight before [ice_wizard,tesla,rocket,knight] now [tornado,?,rocket,?] slot_now ? elixir 3->3 wall=11:19:39.222
[student] TRAY settled +0.73s tapped slot 3 meant knight before [ice_wizard,tesla,rocket,knight] now [ice_wizard,?,rocket,?] slot_now ? elixir 3->0 wall=11:19:39.605
[student] WAIT NO-TRAY-MATCH p=0.07 elixir 2 opp~? units 3 dets 3 (waits 407/578 badhand 212/861) tap [?,?,?,?] wall=11:19:41.275
[student] PLAY x_bow p=0.28 cell 254 board (0.14, 0.61) units 2 22 ms tap [x_bow,?,rocket,ice_wizard] hand [x_bow,?,rocket,ice_wizard] elixir 6 wall=11:19:47.249
[student] TAP slot 0 x_bow cell 254 wall=11:19:47.607
[student] TRAY first +0.26s tapped slot 0 meant x_bow before [x_bow,?,rocket,ice_wizard] now [?,?,rocket,ice_wizard] slot_now ? elixir 6->6 wall=11:19:47.864
[student] TRAY settled +1.07s tapped slot 0 meant x_bow before [x_bow,?,rocket,ice_wizard] now [?,?,rocket,ice_wizard] slot_now ? elixir 6->1 wall=11:19:48.680
[student] WAIT p=0.26 elixir 2 opp~? units 2 dets 3 (waits 413/585 badhand 213/872) tap [the_log,?,?,?] wall=11:19:49.886
[student] PLAY ice_wizard p=0.30 cell 239 board (0.31, 0.55) units 3 20 ms tap [the_log,?,?,ice_wizard] hand [the_log,tesla,rocket,ice_wizard] elixir 3 wall=11:19:51.286
[student] TAP slot 3 ice_wizard cell 239 wall=11:19:51.651
[student] TRAY first +0.24s tapped slot 3 meant ice_wizard before [the_log,tesla,rocket,ice_wizard] now [the_log,?,rocket,?] slot_now ? elixir 3->3 wall=11:19:51.894
[student] TRAY settled +1.07s tapped slot 3 meant ice_wizard before [the_log,tesla,rocket,ice_wizard] now [the_log,tesla,rocket,?] slot_now ? elixir 3->1 wall=11:19:52.722
[student] PLAY skeletons p=0.31 cell 237 board (0.19, 0.55) units 4 16 ms tap [the_log,?,?,skeletons] hand [the_log,tesla,rocket,skeletons] elixir 2 wall=11:19:54.300
[student] TAP slot 3 skeletons cell 237 wall=11:19:54.648
11:19:55 [play] UNKNOWN 0.9s after in-match -> grace hold (label lost: overtime / end animation / dropout; up to 150s)
[student] TRAY first +0.48s tapped slot 3 meant skeletons before [the_log,tesla,rocket,skeletons] now [tesla,?,?,?] slot_now ? elixir 2->0 wall=11:19:55.124
[student] TRAY settled +1.52s tapped slot 3 meant skeletons before [the_log,tesla,rocket,skeletons] now [knight_evo,?,?,?] slot_now ? elixir 2->0 wall=11:19:56.165
11:20:01 [play] state: MATCH_END
[overlay-replay] saved C:\Users\benpe\ClashBot\icebow\data\overlayed_replays\match_20260912_111658.mp4 (9171 frames, captured 29.5 fps)
11:20:01 [nav] MATCH_END -> Play Again (located) (0.348,0.914)
11:20:02 [play] state: UNKNOWN
11:20:09 [play] state: IN_MATCH
[student] WAIT | exact=0 opp=? next=164 t=5s hand=[7, 4, 0, 3] tw=1.01.01.01.01.01.0 sp=0 unk=0 p=0.01 elixir 9 opp~? units 0 dets 0 (waits 422/596 badhand 215/884) tap [skeletons,rocket,tornado,x_bow] wall=11:20:14.500
[student] WAIT | exact=0 opp=? next=164 t=11s hand=[7, 4, 0, 3] tw=1.01.01.01.01.01.0 sp=0 unk=0 p=0.02 elixir 10 opp~? units 0 dets 0 (waits 432/606 badhand 215/894) tap [skeletons,rocket,tornado,x_bow] wall=11:20:20.905
[student] STALL-PLAY x_bow p=0.15 cell 254 board (0.14, 0.61) units 1 27 ms tap [skeletons,rocket,tornado,x_bow] hand [skeletons,rocket,tornado,x_bow] elixir 10 wall=11:20:22.528
[student] TAP slot 3 x_bow cell 254 wall=11:20:22.891
[student] TRAY first +0.29s tapped slot 3 meant x_bow before [skeletons,rocket,tornado,x_bow] now [skeletons,rocket,tornado,?] slot_now ? elixir 10->6 wall=11:20:23.182
[student] PLAY skeletons p=0.28 cell 238 board (0.25, 0.55) units 2 26 ms tap [skeletons,?,tornado,?] hand [skeletons,rocket,tornado,?] elixir 6 wall=11:20:23.269
[student] TAP slot 0 skeletons cell 238 wall=11:20:23.595
[student] TRAY first +0.27s tapped slot 0 meant skeletons before [skeletons,rocket,tornado,?] now [?,rocket,tornado,?] slot_now ? elixir 6->2 wall=11:20:23.863
[student] TRAY settled +1.08s tapped slot 0 meant skeletons before [skeletons,rocket,tornado,?] now [?,rocket,tornado,tesla] slot_now ? elixir 6->3 wall=11:20:24.679
[student] PLAY tesla p=0.38 cell 239 board (0.28, 0.56) units 3 18 ms tap [the_log,?,tornado,tesla] hand [the_log,rocket,tornado,tesla] elixir 5 wall=11:20:29.894
[student] TAP slot 3 tesla cell 239 wall=11:20:30.247
[student] TRAY first +0.27s tapped slot 3 meant tesla before [the_log,rocket,tornado,tesla] now [the_log,rocket,tornado,?] slot_now ? elixir 5->4 wall=11:20:30.515
[student] WAIT NO-TRAY-MATCH p=0.62 elixir 4 opp~? units 4 dets 4 (waits 441/618 badhand 218/907) tap [?,?,?,?] wall=11:20:30.583
[student] TRAY settled +1.22s tapped slot 3 meant tesla before [the_log,rocket,tornado,tesla] now [the_log,rocket,ice_wizard,?] slot_now ? elixir 5->1 wall=11:20:31.465
[student] PLAY the_log p=0.45 cell 236 board (0.14, 0.55) units 4 16 ms tap [the_log,?,?,?] hand [the_log,rocket,tornado,knight] elixir 2 wall=11:20:33.299
[student] TAP slot 0 the_log cell 235 wall=11:20:33.720
[student] TRAY first +0.27s tapped slot 0 meant the_log before [the_log,rocket,tornado,knight] now [?,rocket,tornado,knight] slot_now ? elixir 2->2 wall=11:20:33.995
[student] TRAY settled +0.87s tapped slot 0 meant the_log before [the_log,rocket,tornado,knight] now [?,rocket,tornado,knight] slot_now ? elixir 2->0 wall=11:20:34.591
[student] PLAY knight p=0.71 cell 320 board (0.81, 0.73) units 4 25 ms tap [ice_wizard,?,tornado,knight] hand [ice_wizard,rocket,tornado,knight] elixir 3 wall=11:20:41.564
[student] TAP slot 3 knight cell 266 wall=11:20:41.923
[student] TRAY first +0.27s tapped slot 3 meant knight before [ice_wizard,rocket,tornado,knight] now [tornado,rocket,tornado,?] slot_now ? elixir 3->3 wall=11:20:42.196
[student] TRAY settled +0.89s tapped slot 3 meant knight before [ice_wizard,rocket,tornado,knight] now [ice_wizard,rocket,tornado,?] slot_now ? elixir 3->0 wall=11:20:42.810
[student] WAIT p=0.26 elixir 4 opp~? units 3 dets 3 (waits 447/626 badhand 219/919) tap [ice_wizard,?,tornado,?] wall=11:20:52.784
[student] PLAY tornado p=0.33 cell 147 board (0.19, 0.36) units 4 26 ms tap [ice_wizard,?,tornado,?] hand [ice_wizard,rocket,tornado,x_bow] elixir 4 wall=11:20:53.617
[student] TAP slot 2 tornado cell 147 wall=11:20:53.980
[student] TRAY first +0.29s tapped slot 2 meant tornado before [ice_wizard,rocket,tornado,x_bow] now [ice_wizard,rocket,?,tesla] slot_now ? elixir 4->3 wall=11:20:54.266
[student] TRAY settled +0.68s tapped slot 2 meant tornado before [ice_wizard,rocket,tornado,x_bow] now [ice_wizard,rocket,?,the_log] slot_now ? elixir 4->1 wall=11:20:54.665
[student] WAIT | exact=0 opp=? next=164 t=51s hand=[2, 4, 7, 2] tw=1.01.01.01.01.01.0 sp=0 unk=0 p=0.04 elixir 4 opp~? units 1 dets 1 (waits 456/636 badhand 220/930) tap [?,?,skeletons,?] wall=11:21:00.915
[student] PLAY skeletons p=0.36 cell 248 board (0.81, 0.55) units 1 25 ms tap [ice_wizard,rocket,skeletons,x_bow] hand [ice_wizard,rocket,skeletons,x_bow] elixir 6 wall=11:21:06.545
[student] TAP slot 2 skeletons cell 248 wall=11:21:06.901
[student] TRAY first +0.28s tapped slot 2 meant skeletons before [ice_wizard,rocket,skeletons,x_bow] now [ice_wizard,rocket,?,x_bow] slot_now ? elixir 6->5 wall=11:21:07.177
[student] TRAY settled +0.88s tapped slot 2 meant skeletons before [ice_wizard,rocket,skeletons,x_bow] now [ice_wizard,rocket,?,x_bow] slot_now ? elixir 6->5 wall=11:21:07.777
[student] PLAY tesla p=0.55 cell 279 board (0.5, 0.66) units 3 22 ms tap [ice_wizard,?,tesla,?] hand [ice_wizard,rocket,tesla,x_bow] elixir 5 wall=11:21:08.440
[student] TAP slot 2 tesla cell 279 wall=11:21:08.789
[student] TRAY first +0.27s tapped slot 2 meant tesla before [ice_wizard,rocket,tesla,x_bow] now [ice_wizard,rocket,?,the_log] slot_now ? elixir 5->4 wall=11:21:09.054
[student] WAIT NO-TRAY-MATCH p=0.37 elixir 4 opp~? units 4 dets 4 (waits 465/647 badhand 223/942) tap [?,?,?,?] wall=11:21:09.124
[student] TRAY settled +0.64s tapped slot 2 meant tesla before [ice_wizard,rocket,tesla,x_bow] now [ice_wizard,rocket,?,the_log] slot_now ? elixir 5->2 wall=11:21:09.428
[student] WAIT p=0.05 elixir 4 opp~? units 1 dets 1 (waits 471/653 badhand 225/952) tap [ice_wizard,?,the_log,?] wall=11:21:15.647
[student] PLAY ice_wizard p=0.51 cell 251 board (0.97, 0.58) units 2 31 ms tap [ice_wizard,?,the_log,?] hand [ice_wizard,rocket,the_log,x_bow] elixir 5 wall=11:21:19.477
[student] TAP slot 0 ice_wizard cell 250 wall=11:21:19.837
[student] TRAY first +0.26s tapped slot 0 meant ice_wizard before [ice_wizard,rocket,the_log,x_bow] now [?,rocket,the_log,ice_wizard] slot_now ? elixir 5->3 wall=11:21:20.101
[student] PLAY the_log p=0.51 cell 249 board (0.86, 0.55) units 3 29 ms tap [?,?,the_log,?] hand [?,rocket,the_log,ice_wizard] elixir 3 wall=11:21:20.190
[student] TAP slot 2 the_log cell 249 wall=11:21:20.546
[student] TRAY first +0.24s tapped slot 2 meant the_log before [?,rocket,the_log,ice_wizard] now [?,rocket,?,?] slot_now ? elixir 3->2 wall=11:21:20.787
[student] TRAY settled +0.56s tapped slot 2 meant the_log before [?,rocket,the_log,ice_wizard] now [?,rocket,?,?] slot_now ? elixir 3->1 wall=11:21:21.105
[student] PLAY knight p=0.65 cell 323 board (0.97, 0.73) units 3 25 ms tap [knight,?,tornado,?] hand [knight,rocket,tornado,ice_wizard] elixir 3 wall=11:21:26.621
[student] TAP slot 0 knight cell 323 wall=11:21:26.953
[student] TRAY first +0.26s tapped slot 0 meant knight before [knight,rocket,tornado,ice_wizard] now [?,rocket,tornado,?] slot_now ? elixir 3->3 wall=11:21:27.210
[student] TRAY settled +0.85s tapped slot 0 meant knight before [knight,rocket,tornado,ice_wizard] now [?,rocket,tornado,?] slot_now ? elixir 3->0 wall=11:21:27.805
[student] PLAY skeletons p=0.32 cell 244 board (0.58, 0.55) units 4 19 ms tap [skeletons,?,?,?] hand [skeletons,rocket,tornado,?] elixir 1 wall=11:21:29.552
[student] TAP slot 0 skeletons cell 244 wall=11:21:29.892
[student] TRAY first +0.26s tapped slot 0 meant skeletons before [skeletons,rocket,tornado,?] now [?,rocket,tornado,?] slot_now ? elixir 1->1 wall=11:21:30.148
[student] TRAY settled +1.02s tapped slot 0 meant skeletons before [skeletons,rocket,tornado,?] now [?,rocket,tornado,?] slot_now ? elixir 1->0 wall=11:21:30.917
[student] WAIT NO-TRAY-MATCH p=0.10 elixir 2 opp~? units 7 dets 7 (waits 475/661 badhand 228/966) tap [?,?,?,?] wall=11:21:34.626
[student] PLAY tornado p=0.54 cell 158 board (0.81, 0.36) units 3 17 ms tap [?,?,tornado,?] hand [tesla_evo,rocket,tornado,ice_wizard] elixir 3 wall=11:21:37.570
[student] TAP slot 2 tornado cell 158 wall=11:21:37.908
[student] TRAY first +0.28s tapped slot 2 meant tornado before [tesla_evo,rocket,tornado,ice_wizard] now [?,rocket,?,x_bow] slot_now ? elixir 3->3 wall=11:21:38.189
[student] TRAY settled +1.02s tapped slot 2 meant tornado before [tesla_evo,rocket,tornado,ice_wizard] now [?,rocket,?,?] slot_now ? elixir 3->0 wall=11:21:38.925
[student] WAIT NO-TRAY-MATCH p=0.19 elixir 3 opp~? units 1 dets 2 (waits 475/662 badhand 228/977) tap [?,?,?,?] wall=11:21:47.839
[student] PLAY ice_wizard p=0.31 cell 320 board (0.81, 0.73) units 1 27 ms tap [tesla_evo,?,ice_wizard,?] hand [tesla_evo,rocket,ice_wizard,x_bow] elixir 4 wall=11:21:49.304
[student] TAP slot 2 ice_wizard cell 266 wall=11:21:49.646
[student] TRAY first +0.91s tapped slot 2 meant ice_wizard before [tesla_evo,rocket,ice_wizard,x_bow] now [tesla,rocket,?,tesla] slot_now ? elixir 4->3 wall=11:21:50.553
[student] PLAY the_log p=0.64 cell 320 board (0.81, 0.73) units 1 24 ms tap [tesla_evo,?,the_log,?] hand [tesla_evo,rocket,the_log,x_bow] elixir 5 wall=11:22:00.991
[student] TAP slot 2 the_log cell 266 wall=11:22:01.341
[student] TRAY first +1.03s tapped slot 2 meant the_log before [tesla_evo,rocket,the_log,x_bow] now [tesla_evo,rocket,?,ice_wizard] slot_now ? elixir 5->3 wall=11:22:02.372
[student] WAIT p=0.08 elixir 4 opp~? units 0 dets 1 (waits 481/670 badhand 229/989) tap [tesla_evo,?,knight_evo,?] wall=11:22:03.811
[clock] icon reads x3 but the clock reads x1 -> using the clock (x1)
[clock] icon reads x3 but the clock reads x2 -> using the clock (x2)
11:22:10 [play] elixir x2
[student] PLAY x_bow p=0.64 cell 254 board (0.14, 0.61) units 0 21 ms tap [tesla_evo,rocket,knight_evo,x_bow] hand [tesla_evo,rocket,knight_evo,x_bow] elixir 8 wall=11:22:10.535
[student] TAP slot 3 x_bow cell 254 wall=11:22:10.892
[student] TRAY first +0.62s tapped slot 3 meant x_bow before [tesla_evo,rocket,knight_evo,x_bow] now [tesla,rocket,knight_evo,?] slot_now ? elixir 8->6 wall=11:22:11.513
[student] PLAY knight_evo p=0.86 cell 238 board (0.25, 0.55) units 2 22 ms tap [?,?,knight_evo,?] hand [tesla_evo,rocket,knight_evo,?] elixir 3 wall=11:22:12.358
[student] TAP slot 2 knight_evo cell 238 wall=11:22:12.698
[student] TRAY first +0.72s tapped slot 2 meant knight_evo before [tesla_evo,rocket,knight_evo,?] now [tesla,rocket,?,skeletons] slot_now ? elixir 3->3 wall=11:22:13.417
[student] WAIT p=0.07 elixir 1 opp~? units 4 dets 4 (waits 490/681 badhand 233/1001) tap [?,?,?,skeletons] wall=11:22:14.227
[student] PLAY skeletons p=0.39 cell 238 board (0.25, 0.55) units 4 23 ms tap [?,?,tornado,skeletons] hand [tesla_evo,rocket,tornado,skeletons] elixir 3 wall=11:22:16.476
[student] TAP slot 3 skeletons cell 238 wall=11:22:16.836
[student] TRAY first +0.65s tapped slot 3 meant skeletons before [tesla_evo,rocket,tornado,skeletons] now [tesla_evo,rocket,tornado,?] slot_now ? elixir 3->3 wall=11:22:17.484
[student] PLAY tornado p=0.75 cell 80 board (0.47, 0.2) units 5 25 ms tap [?,?,tornado,?] hand [tesla_evo,rocket,tornado,?] elixir 3 wall=11:22:17.578
[student] TAP slot 2 tornado cell 80 wall=11:22:17.914
[student] TRAY first +0.69s tapped slot 2 meant tornado before [tesla_evo,rocket,tornado,?] now [tesla,rocket,?,?] slot_now ? elixir 3->3 wall=11:22:18.600
[student] PLAY the_log p=0.34 cell 236 board (0.14, 0.55) units 5 22 ms tap [?,?,the_log,?] hand [?,rocket,the_log,ice_wizard] elixir 2 wall=11:22:20.635
[student] TAP slot 2 the_log cell 238 wall=11:22:20.996
[student] TRAY first +0.62s tapped slot 2 meant the_log before [?,rocket,the_log,ice_wizard] now [tesla,rocket,?,ice_wizard] slot_now ? elixir 2->2 wall=11:22:21.618
[student] PLAY tesla_evo p=0.80 cell 239 board (0.28, 0.56) units 3 27 ms tap [tesla_evo,?,?,ice_wizard] hand [tesla_evo,rocket,x_bow,ice_wizard] elixir 4 wall=11:22:26.050
[student] TAP slot 0 tesla_evo cell 239 wall=11:22:26.381
[student] TRAY first +0.68s tapped slot 0 meant tesla_evo before [tesla_evo,rocket,x_bow,ice_wizard] now [?,rocket,ice_wizard,ice_wizard] slot_now ? elixir 4->4 wall=11:22:27.064
[student] PLAY knight p=0.79 cell 236 board (0.14, 0.55) units 3 30 ms tap [knight,?,?,?] hand [knight,rocket,ice_wizard,ice_wizard] elixir 3 wall=11:22:30.317
[student] TAP slot 0 knight cell 236 wall=11:22:30.675
[student] TRAY first +0.30s tapped slot 0 meant knight before [knight,rocket,ice_wizard,ice_wizard] now [?,rocket,ice_wizard,ice_wizard] slot_now ? elixir 3->4 wall=11:22:30.975
[student] TRAY settled +0.68s tapped slot 0 meant knight before [knight,rocket,ice_wizard,ice_wizard] now [?,rocket,ice_wizard,ice_wizard] slot_now ? elixir 3->1 wall=11:22:31.359
[student] PLAY skeletons p=0.32 cell 309 board (0.19, 0.73) units 3 20 ms tap [skeletons,?,?,?] hand [skeletons,rocket,the_log,ice_wizard] elixir 2 wall=11:22:32.578
[student] TAP slot 0 skeletons cell 255 wall=11:22:32.926
[student] TRAY first +0.26s tapped slot 0 meant skeletons before [skeletons,rocket,the_log,ice_wizard] now [?,rocket,tesla,ice_wizard] slot_now ? elixir 2->1 wall=11:22:33.187
[student] TRAY settled +0.61s tapped slot 0 meant skeletons before [skeletons,rocket,the_log,ice_wizard] now [?,rocket,tesla,ice_wizard] slot_now ? elixir 2->1 wall=11:22:33.535
[student] PLAY tornado p=0.33 cell 148 board (0.25, 0.36) units 3 16 ms tap [tornado,?,?,?] hand [tornado,rocket,ice_wizard,ice_wizard] elixir 3 wall=11:22:35.579
[student] TAP slot 0 tornado cell 148 wall=11:22:35.936
[student] TRAY first +0.23s tapped slot 0 meant tornado before [tornado,rocket,ice_wizard,ice_wizard] now [?,rocket,rocket,ice_wizard] slot_now ? elixir 3->3 wall=11:22:36.165
[student] WAIT NO-TRAY-MATCH p=0.36 elixir 3 opp~? units 3 dets 4 (waits 492/690 badhand 238/1018) tap [?,?,?,?] wall=11:22:36.244
[student] TRAY settled +0.53s tapped slot 0 meant tornado before [tornado,rocket,ice_wizard,ice_wizard] now [?,rocket,ice_wizard,ice_wizard] slot_now ? elixir 3->1 wall=11:22:36.463
[student] PLAY the_log p=0.27 cell 237 board (0.19, 0.55) units 5 21 ms tap [the_log,?,?,ice_wizard] hand [the_log,rocket,x_bow,ice_wizard] elixir 4 wall=11:22:41.110
[student] TAP slot 0 the_log cell 237 wall=11:22:41.458
[student] TRAY first +0.28s tapped slot 0 meant the_log before [the_log,rocket,x_bow,ice_wizard] now [?,rocket,ice_wizard,ice_wizard] slot_now ? elixir 4->2 wall=11:22:41.734
[student] TRAY settled +0.61s tapped slot 0 meant the_log before [the_log,rocket,x_bow,ice_wizard] now [?,rocket,ice_wizard,ice_wizard] slot_now ? elixir 4->2 wall=11:22:42.072
[student] PLAY tesla p=0.53 cell 240 board (0.33, 0.56) units 7 18 ms tap [tesla,?,?,?] hand [tesla,rocket,ice_wizard,ice_wizard] elixir 4 wall=11:22:43.630
[student] TAP slot 0 tesla cell 240 wall=11:22:43.972
[student] TRAY first +0.30s tapped slot 0 meant tesla before [tesla,rocket,ice_wizard,ice_wizard] now [?,rocket,?,ice_wizard] slot_now ? elixir 4->4 wall=11:22:44.274
[student] TRAY settled +0.91s tapped slot 0 meant tesla before [tesla,rocket,ice_wizard,ice_wizard] now [?,rocket,?,ice_wizard] slot_now ? elixir 4->0 wall=11:22:44.878
[student] PLAY knight p=0.67 cell 235 board (0.08, 0.55) units 3 18 ms tap [knight,?,?,?] hand [knight,rocket,ice_wizard,ice_wizard] elixir 3 wall=11:22:47.830
[student] TAP slot 0 knight cell 235 wall=11:22:48.185
[student] TRAY first +0.29s tapped slot 0 meant knight before [knight,rocket,ice_wizard,ice_wizard] now [?,rocket,?,ice_wizard] slot_now ? elixir 3->3 wall=11:22:48.477
[student] WAIT NO-TRAY-MATCH p=0.67 elixir 3 opp~? units 5 dets 5 (waits 495/696 badhand 240/1031) tap [?,?,?,?] wall=11:22:48.557
[student] TRAY settled +0.88s tapped slot 0 meant knight before [knight,rocket,ice_wizard,ice_wizard] now [?,rocket,?,ice_wizard] slot_now ? elixir 3->0 wall=11:22:49.066
[student] PLAY skeletons p=0.41 cell 237 board (0.19, 0.55) units 5 32 ms tap [skeletons,?,?,?] hand [skeletons,rocket,ice_wizard,ice_wizard] elixir 1 wall=11:22:49.935
[student] TAP slot 0 skeletons cell 237 wall=11:22:50.316
[student] TRAY first +0.25s tapped slot 0 meant skeletons before [skeletons,rocket,ice_wizard,ice_wizard] now [?,rocket,ice_wizard,ice_wizard] slot_now ? elixir 1->1 wall=11:22:50.562
[student] TRAY settled +0.60s tapped slot 0 meant skeletons before [skeletons,rocket,ice_wizard,ice_wizard] now [?,rocket,ice_wizard,ice_wizard] slot_now ? elixir 1->1 wall=11:22:50.918
[student] PLAY tornado p=0.41 cell 201 board (0.19, 0.48) units 5 30 ms tap [tornado,?,?,?] hand [tornado,rocket,ice_wizard,ice_wizard] elixir 3 wall=11:22:53.436
[student] TAP slot 0 tornado cell 201 wall=11:22:53.802
[student] TRAY first +0.26s tapped slot 0 meant tornado before [tornado,rocket,ice_wizard,ice_wizard] now [?,rocket,?,ice_wizard] slot_now ? elixir 3->3 wall=11:22:54.067
[student] TRAY settled +0.61s tapped slot 0 meant tornado before [tornado,rocket,ice_wizard,ice_wizard] now [?,rocket,?,ice_wizard] slot_now ? elixir 3->0 wall=11:22:54.409
[student] PLAY the_log p=0.65 cell 238 board (0.25, 0.55) units 8 19 ms tap [the_log,?,?,?] hand [the_log,rocket,ice_wizard,ice_wizard] elixir 2 wall=11:22:57.099
[student] TAP slot 0 the_log cell 237 wall=11:22:57.472
[student] TRAY first +0.25s tapped slot 0 meant the_log before [the_log,rocket,ice_wizard,ice_wizard] now [?,rocket,ice_wizard,ice_wizard] slot_now ? elixir 2->2 wall=11:22:57.721
[student] TRAY settled +0.58s tapped slot 0 meant the_log before [the_log,rocket,ice_wizard,ice_wizard] now [?,rocket,ice_wizard,ice_wizard] slot_now ? elixir 2->1 wall=11:22:58.048
[student] PLAY ice_wizard p=0.31 cell 235 board (0.08, 0.55) units 3 22 ms tap [tesla,?,?,ice_wizard] hand [tesla,rocket,x_bow,ice_wizard] elixir 4 wall=11:23:02.034
[student] TAP slot 3 ice_wizard cell 235 wall=11:23:02.406
[student] TRAY first +0.29s tapped slot 3 meant ice_wizard before [tesla,rocket,x_bow,ice_wizard] now [tesla,rocket,tesla,?] slot_now ? elixir 4->3 wall=11:23:02.691
[student] TRAY settled +0.63s tapped slot 3 meant ice_wizard before [tesla,rocket,x_bow,ice_wizard] now [tesla,rocket,tesla,?] slot_now ? elixir 4->1 wall=11:23:03.039
[student] PLAY knight_evo p=0.53 cell 237 board (0.19, 0.55) units 4 28 ms tap [?,?,?,knight_evo] hand [tesla,rocket,ice_wizard,knight_evo] elixir 3 wall=11:23:04.800
[student] TAP slot 3 knight_evo cell 237 wall=11:23:05.153
[student] TRAY first +0.29s tapped slot 3 meant knight_evo before [tesla,rocket,ice_wizard,knight_evo] now [tesla,rocket,rocket,?] slot_now ? elixir 3->3 wall=11:23:05.438
[student] TRAY settled +1.08s tapped slot 3 meant knight_evo before [tesla,rocket,ice_wizard,knight_evo] now [tesla,rocket,ice_wizard,?] slot_now ? elixir 3->1 wall=11:23:06.234
[student] PLAY skeletons p=0.42 cell 237 board (0.19, 0.55) units 5 27 ms tap [?,?,?,skeletons] hand [tesla,rocket,the_log,skeletons] elixir 2 wall=11:23:08.247
[student] TAP slot 3 skeletons cell 237 wall=11:23:08.628
[student] TRAY first +0.41s tapped slot 3 meant skeletons before [tesla,rocket,the_log,skeletons] now [tesla,rocket,the_log,?] slot_now ? elixir 2->1 wall=11:23:09.039
[student] TRAY settled +0.84s tapped slot 3 meant skeletons before [tesla,rocket,the_log,skeletons] now [tesla,rocket,the_log,?] slot_now ? elixir 2->2 wall=11:23:09.467
[student] WAIT NO-TRAY-MATCH p=0.28 elixir 2 opp~? units 3 dets 3 (waits 497/704 badhand 242/1047) tap [?,?,?,?] wall=11:23:09.553
[student] PLAY tornado p=0.35 cell 148 board (0.25, 0.36) units 7 15 ms tap [?,?,?,tornado] hand [tesla,rocket,ice_wizard,tornado] elixir 3 wall=11:23:10.291
[student] TAP slot 3 tornado cell 148 wall=11:23:10.651
[student] TRAY first +0.37s tapped slot 3 meant tornado before [tesla,rocket,ice_wizard,tornado] now [tesla,rocket,ice_wizard,?] slot_now ? elixir 3->3 wall=11:23:11.018
[student] TRAY settled +0.87s tapped slot 3 meant tornado before [tesla,rocket,ice_wizard,tornado] now [tesla,rocket,rocket,?] slot_now ? elixir 3->0 wall=11:23:11.526
[student] PLAY the_log p=0.39 cell 238 board (0.25, 0.55) units 5 21 ms tap [?,?,?,the_log] hand [tesla,rocket,tesla_evo,the_log] elixir 2 wall=11:23:13.218
[student] TAP slot 3 the_log cell 240 wall=11:23:13.575
[student] TRAY first +0.40s tapped slot 3 meant the_log before [tesla,rocket,tesla_evo,the_log] now [tesla,rocket,?,?] slot_now ? elixir 2->2 wall=11:23:13.973
[student] TRAY settled +0.87s tapped slot 3 meant the_log before [tesla,rocket,tesla_evo,the_log] now [tesla,rocket,?,?] slot_now ? elixir 2->1 wall=11:23:14.443
[student] PLAY tesla p=0.52 cell 297 board (0.5, 0.69) units 2 20 ms tap [tesla,?,?,?] hand [tesla,rocket,ice_wizard,ice_wizard] elixir 4 wall=11:23:18.732
[student] TAP slot 0 tesla cell 297 wall=11:23:19.068
[student] TRAY first +0.37s tapped slot 0 meant tesla before [tesla,rocket,ice_wizard,ice_wizard] now [?,rocket,?,ice_wizard] slot_now ? elixir 4->4 wall=11:23:19.442
[student] TRAY settled +0.85s tapped slot 0 meant tesla before [tesla,rocket,ice_wizard,ice_wizard] now [?,rocket,?,ice_wizard] slot_now ? elixir 4->0 wall=11:23:19.922
[student] PLAY knight p=0.66 cell 306 board (0.03, 0.73) units 3 28 ms tap [knight,?,?,?] hand [knight,rocket,ice_wizard,ice_wizard] elixir 3 wall=11:23:23.557
[student] TAP slot 0 knight cell 306 wall=11:23:23.894
[student] TRAY first +0.35s tapped slot 0 meant knight before [knight,rocket,ice_wizard,ice_wizard] now [?,rocket,ice_wizard,ice_wizard] slot_now ? elixir 3->3 wall=11:23:24.241
[student] TRAY settled +0.84s tapped slot 0 meant knight before [knight,rocket,ice_wizard,ice_wizard] now [?,rocket,ice_wizard,ice_wizard] slot_now ? elixir 3->1 wall=11:23:24.730
[student] WAIT p=0.26 elixir 1 opp~? units 4 dets 4 (waits 498/709 badhand 245/1061) tap [skeletons,?,?,?] wall=11:23:25.574
[student] PLAY skeletons p=0.47 cell 306 board (0.03, 0.73) units 4 33 ms tap [skeletons,?,?,?] hand [skeletons,rocket,the_log,ice_wizard] elixir 2 wall=11:23:26.074
[student] TAP slot 0 skeletons cell 306 wall=11:23:26.421
[student] TRAY first +0.33s tapped slot 0 meant skeletons before [skeletons,rocket,the_log,ice_wizard] now [?,rocket,tesla,ice_wizard] slot_now ? elixir 2->1 wall=11:23:26.754
[student] TRAY settled +1.10s tapped slot 0 meant skeletons before [skeletons,rocket,the_log,ice_wizard] now [?,rocket,the_log,ice_wizard] slot_now ? elixir 2->2 wall=11:23:27.519
[student] PLAY tornado p=0.51 cell 165 board (0.19, 0.39) units 8 27 ms tap [tornado,?,?,?] hand [tornado,rocket,ice_wizard,ice_wizard] elixir 3 wall=11:23:28.791
[student] TAP slot 0 tornado cell 165 wall=11:23:29.135
[student] TRAY first +0.37s tapped slot 0 meant tornado before [tornado,rocket,ice_wizard,ice_wizard] now [?,rocket,rocket,ice_wizard] slot_now ? elixir 3->3 wall=11:23:29.504
[student] TRAY settled +0.83s tapped slot 0 meant tornado before [tornado,rocket,ice_wizard,ice_wizard] now [?,rocket,ice_wizard,ice_wizard] slot_now ? elixir 3->1 wall=11:23:29.965
[student] PLAY the_log p=0.70 cell 309 board (0.19, 0.73) units 6 30 ms tap [the_log,?,?,?] hand [the_log,rocket,ice_wizard,ice_wizard] elixir 3 wall=11:23:32.817
[student] TAP slot 0 the_log cell 255 wall=11:23:33.164
[student] TRAY first +0.36s tapped slot 0 meant the_log before [the_log,rocket,ice_wizard,ice_wizard] now [?,rocket,tesla,ice_wizard] slot_now ? elixir 3->2 wall=11:23:33.520
[student] TRAY settled +0.77s tapped slot 0 meant the_log before [the_log,rocket,ice_wizard,ice_wizard] now [?,rocket,tesla,ice_wizard] slot_now ? elixir 3->1 wall=11:23:33.937
[student] PLAY tesla_evo p=0.55 cell 239 board (0.28, 0.56) units 6 28 ms tap [tesla_evo,?,?,ice_wizard] hand [tesla_evo,rocket,x_bow,ice_wizard] elixir 4 wall=11:23:37.243
[student] TAP slot 0 tesla_evo cell 239 wall=11:23:37.624
[student] TRAY first +0.36s tapped slot 0 meant tesla_evo before [tesla_evo,rocket,x_bow,ice_wizard] now [?,rocket,rocket,ice_wizard] slot_now ? elixir 4->4 wall=11:23:37.986
[student] TRAY settled +1.17s tapped slot 0 meant tesla_evo before [tesla_evo,rocket,x_bow,ice_wizard] now [?,rocket,ice_wizard,ice_wizard] slot_now ? elixir 4->1 wall=11:23:38.796
[student] PLAY knight p=0.69 cell 236 board (0.14, 0.55) units 3 22 ms tap [knight,?,?,?] hand [knight,rocket,ice_wizard,ice_wizard] elixir 3 wall=11:23:41.218
[student] TAP slot 0 knight cell 236 wall=11:23:41.568
[student] TRAY first +0.40s tapped slot 0 meant knight before [knight,rocket,ice_wizard,ice_wizard] now [?,rocket,?,ice_wizard] slot_now ? elixir 3->3 wall=11:23:41.970
[student] TRAY settled +0.88s tapped slot 0 meant knight before [knight,rocket,ice_wizard,ice_wizard] now [?,rocket,?,ice_wizard] slot_now ? elixir 3->1 wall=11:23:42.452
[student] WAIT p=0.27 elixir 1 opp~? units 3 dets 3 (waits 499/715 badhand 250/1076) tap [skeletons,?,?,?] wall=11:23:43.379
[student] PLAY skeletons p=0.34 cell 237 board (0.19, 0.55) units 1 16 ms tap [skeletons,?,?,?] hand [skeletons,rocket,ice_wizard,ice_wizard] elixir 3 wall=11:23:45.403
[student] TAP slot 0 skeletons cell 237 wall=11:23:45.757
[student] TRAY first +0.37s tapped slot 0 meant skeletons before [skeletons,rocket,ice_wizard,ice_wizard] now [?,rocket,the_log,ice_wizard] slot_now ? elixir 3->2 wall=11:23:46.129
[student] TRAY settled +0.81s tapped slot 0 meant skeletons before [skeletons,rocket,ice_wizard,ice_wizard] now [?,rocket,ice_wizard,ice_wizard] slot_now ? elixir 3->2 wall=11:23:46.566
[student] PLAY tornado p=0.35 cell 148 board (0.25, 0.36) units 2 23 ms tap [tornado,?,?,?] hand [tornado,rocket,ice_wizard,ice_wizard] elixir 4 wall=11:23:48.232
[student] TAP slot 0 tornado cell 148 wall=11:23:48.581
[student] TRAY first +0.44s tapped slot 0 meant tornado before [tornado,rocket,ice_wizard,ice_wizard] now [?,rocket,tesla,ice_wizard] slot_now ? elixir 4->3 wall=11:23:49.018
[student] TRAY settled +0.92s tapped slot 0 meant tornado before [tornado,rocket,ice_wizard,ice_wizard] now [?,rocket,tesla_evo,ice_wizard] slot_now ? elixir 4->2 wall=11:23:49.506
[student] PLAY the_log p=0.67 cell 238 board (0.25, 0.55) units 4 25 ms tap [the_log,?,?,?] hand [the_log,rocket,ice_wizard,ice_wizard] elixir 2 wall=11:23:51.211
[student] TAP slot 0 the_log cell 238 wall=11:23:51.585
[student] TRAY first +0.75s tapped slot 0 meant the_log before [the_log,rocket,ice_wizard,ice_wizard] now [?,rocket,tesla,ice_wizard] slot_now ? elixir 2->2 wall=11:23:52.335
[student] PLAY ice_wizard p=0.59 cell 296 board (0.47, 0.67) units 2 18 ms tap [tesla,?,?,ice_wizard] hand [tesla,rocket,x_bow,ice_wizard] elixir 4 wall=11:23:55.780
[student] TAP slot 3 ice_wizard cell 296 wall=11:23:56.123
[student] TRAY first +0.67s tapped slot 3 meant ice_wizard before [tesla,rocket,x_bow,ice_wizard] now [tesla,rocket,tesla_evo,?] slot_now ? elixir 4->3 wall=11:23:56.792
[student] WAIT NO-TRAY-MATCH p=0.64 elixir 2 opp~? units 3 dets 3 (waits 501/721 badhand 256/1090) tap [?,?,?,?] wall=11:23:57.635
[student] PLAY knight_evo p=0.84 cell 306 board (0.03, 0.73) units 3 17 ms tap [?,?,?,knight_evo] hand [tesla,rocket,ice_wizard,knight_evo] elixir 3 wall=11:23:58.485
[student] TAP slot 3 knight_evo cell 306 wall=11:23:58.840
[student] TRAY first +0.84s tapped slot 3 meant knight_evo before [tesla,rocket,ice_wizard,knight_evo] now [tesla,rocket,ice_wizard,?] slot_now ? elixir 3->3 wall=11:23:59.679
[student] PLAY skeletons p=0.34 cell 241 board (0.42, 0.55) units 4 23 ms tap [?,?,?,skeletons] hand [tesla,rocket,the_log,skeletons] elixir 2 wall=11:24:01.531
[student] TAP slot 3 skeletons cell 241 wall=11:24:01.872
[student] TRAY first +0.75s tapped slot 3 meant skeletons before [tesla,rocket,the_log,skeletons] now [tesla,rocket,the_log,?] slot_now ? elixir 2->2 wall=11:24:02.627
[student] PLAY tornado p=0.77 cell 147 board (0.19, 0.36) units 4 21 ms tap [?,?,?,tornado] hand [tesla,rocket,ice_wizard,tornado] elixir 3 wall=11:24:04.320
[assist] TORNADO king-spot cell 147->333 trigger knight at (0.53,0.54) enemy tracks 1 wall=11:24:04.320
[student] TAP slot 3 tornado cell 333 wall=11:24:04.672
[student] TRAY first +0.83s tapped slot 3 meant tornado before [tesla,rocket,ice_wizard,tornado] now [tesla,rocket,ice_wizard,?] slot_now ? elixir 3->3 wall=11:24:05.498
[student] PLAY the_log p=0.79 cell 237 board (0.19, 0.55) units 4 27 ms tap [?,?,?,the_log] hand [tesla,rocket,ice_wizard,the_log] elixir 2 wall=11:24:07.224
[student] TAP slot 3 the_log cell 348 wall=11:24:07.576
[student] TRAY first +0.76s tapped slot 3 meant the_log before [tesla,rocket,ice_wizard,the_log] now [tesla,rocket,tesla,?] slot_now ? elixir 2->2 wall=11:24:08.338
11:24:10 [play] elixir x3
[student] PLAY ice_wizard p=0.64 cell 234 board (0.03, 0.58) units 2 31 ms tap [tesla,?,?,ice_wizard] hand [tesla,rocket,x_bow,ice_wizard] elixir 4 wall=11:24:11.054
[student] TAP slot 3 ice_wizard cell 235 wall=11:24:11.416
[student] TRAY first +0.81s tapped slot 3 meant ice_wizard before [tesla,rocket,x_bow,ice_wizard] now [tesla,rocket,ice_wizard,?] slot_now ? elixir 4->3 wall=11:24:12.229
[student] PLAY knight p=0.79 cell 236 board (0.14, 0.55) units 5 29 ms tap [tesla,?,?,knight] hand [tesla,rocket,x_bow,knight] elixir 4 wall=11:24:14.183
[student] TAP slot 3 knight cell 236 wall=11:24:14.544
[student] TRAY first +0.84s tapped slot 3 meant knight before [tesla,rocket,x_bow,knight] now [tesla,rocket,x_bow,?] slot_now ? elixir 4->6 wall=11:24:15.383
[student] PLAY rocket p=0.93 cell 183 board (0.19, 0.42) units 4 32 ms tap [tesla,rocket,x_bow,?] hand [tesla,rocket,x_bow,?] elixir 6 wall=11:24:15.485
[student] TAP slot 1 rocket cell 164 wall=11:24:15.828
[student] TRAY first +0.85s tapped slot 1 meant rocket before [tesla,rocket,x_bow,?] now [tesla,rocket,x_bow,skeletons] slot_now rocket elixir 6->4 wall=11:24:16.680
[student] PLAY skeletons p=0.61 cell 237 board (0.19, 0.55) units 3 31 ms tap [tesla,?,?,skeletons] hand [tesla,rocket,x_bow,skeletons] elixir 4 wall=11:24:16.781
[student] TAP slot 3 skeletons cell 237 wall=11:24:17.149
[student] TRAY first +0.79s tapped slot 3 meant skeletons before [tesla,rocket,x_bow,skeletons] now [tesla,rocket,x_bow,?] slot_now ? elixir 4->5 wall=11:24:17.939
[student] PLAY tesla p=0.87 cell 239 board (0.28, 0.56) units 4 23 ms tap [tesla,?,?,?] hand [tesla,rocket,x_bow,?] elixir 5 wall=11:24:18.035
[student] TAP slot 0 tesla cell 239 wall=11:24:18.378
[student] TRAY first +0.85s tapped slot 0 meant tesla before [tesla,rocket,x_bow,?] now [?,rocket,the_log,tornado] slot_now ? elixir 5->4 wall=11:24:19.226
[student] PLAY the_log p=0.43 cell 237 board (0.19, 0.55) units 6 28 ms tap [the_log,?,?,tornado] hand [the_log,rocket,x_bow,tornado] elixir 5 wall=11:24:22.015
[student] TAP slot 0 the_log cell 236 wall=11:24:22.362
[student] TRAY first +0.74s tapped slot 0 meant the_log before [the_log,rocket,x_bow,tornado] now [?,rocket,x_bow,tornado] slot_now ? elixir 5->4 wall=11:24:23.105
[student] WAIT p=0.26 elixir 4 opp~? units 7 dets 8 (waits 504/734 badhand 266/1110) tap [?,?,?,tornado] wall=11:24:23.193
[student] PLAY tornado p=0.45 cell 147 board (0.19, 0.36) units 8 18 ms tap [?,?,?,tornado] hand [?,rocket,x_bow,tornado] elixir 5 wall=11:24:23.993
[student] TAP slot 3 tornado cell 147 wall=11:24:24.352
[student] TRAY first +0.73s tapped slot 3 meant tornado before [?,rocket,x_bow,tornado] now [ice_wizard,rocket,ice_wizard,?] slot_now ? elixir 5->3 wall=11:24:25.087
[student] PLAY ice_wizard p=0.74 cell 234 board (0.03, 0.58) units 2 20 ms tap [ice_wizard,?,?,?] hand [ice_wizard,rocket,x_bow,?] elixir 4 wall=11:24:26.100
[student] TAP slot 0 ice_wizard cell 235 wall=11:24:26.453
[student] TRAY first +0.76s tapped slot 0 meant ice_wizard before [ice_wizard,rocket,x_bow,?] now [?,rocket,ice_wizard,knight] slot_now ? elixir 4->3 wall=11:24:27.214
[student] PLAY knight p=0.42 cell 237 board (0.19, 0.55) units 3 18 ms tap [?,?,?,knight] hand [?,rocket,ice_wizard,knight] elixir 3 wall=11:24:27.302
[student] TAP slot 3 knight cell 237 wall=11:24:27.634
[student] TRAY first +0.79s tapped slot 3 meant knight before [?,rocket,ice_wizard,knight] now [skeletons,rocket,ice_wizard,?] slot_now ? elixir 3->3 wall=11:24:28.426
[student] PLAY skeletons p=0.83 cell 237 board (0.19, 0.55) units 5 24 ms tap [skeletons,?,?,?] hand [skeletons,rocket,ice_wizard,?] elixir 3 wall=11:24:28.517
[student] TAP slot 0 skeletons cell 237 wall=11:24:28.877
[student] TRAY first +0.73s tapped slot 0 meant skeletons before [skeletons,rocket,ice_wizard,?] now [?,rocket,tesla,tesla] slot_now ? elixir 3->1 wall=11:24:29.609
[student] PLAY the_log p=0.65 cell 237 board (0.19, 0.55) units 6 20 ms tap [the_log,?,?,?] hand [the_log,rocket,ice_wizard,tesla] elixir 3 wall=11:24:30.614
[student] TAP slot 0 the_log cell 237 wall=11:24:30.953
[student] TRAY first +0.35s tapped slot 0 meant the_log before [the_log,rocket,ice_wizard,tesla] now [?,rocket,tesla_evo,tesla] slot_now ? elixir 3->2 wall=11:24:31.301
[student] TRAY settled +0.75s tapped slot 0 meant the_log before [the_log,rocket,ice_wizard,tesla] now [?,rocket,the_log,tesla] slot_now ? elixir 3->2 wall=11:24:31.700
[student] PLAY tornado p=0.58 cell 148 board (0.25, 0.36) units 7 27 ms tap [tornado,?,?,?] hand [tornado,rocket,ice_wizard,tesla] elixir 3 wall=11:24:33.010
[student] TAP slot 0 tornado cell 148 wall=11:24:33.351
[student] TRAY first +0.33s tapped slot 0 meant tornado before [tornado,rocket,ice_wizard,tesla] now [?,rocket,tesla,tesla] slot_now ? elixir 3->3 wall=11:24:33.682
[student] TRAY settled +0.77s tapped slot 0 meant tornado before [tornado,rocket,ice_wizard,tesla] now [?,rocket,tesla_evo,tesla] slot_now ? elixir 3->2 wall=11:24:34.125
[student] PLAY tesla p=0.46 cell 240 board (0.33, 0.56) units 5 20 ms tap [ice_wizard,?,?,tesla] hand [ice_wizard,rocket,x_bow,tesla] elixir 4 wall=11:24:36.684
[student] TAP slot 3 tesla cell 240 wall=11:24:37.047
[student] TRAY first +0.37s tapped slot 3 meant tesla before [ice_wizard,rocket,x_bow,tesla] now [ice_wizard,rocket,tesla,?] slot_now ? elixir 4->4 wall=11:24:37.420
[student] TRAY settled +0.85s tapped slot 3 meant tesla before [ice_wizard,rocket,x_bow,tesla] now [ice_wizard,rocket,tesla_evo,?] slot_now ? elixir 4->2 wall=11:24:37.900
[student] PLAY knight_evo p=0.65 cell 248 board (0.81, 0.55) units 8 21 ms tap [?,?,?,knight_evo] hand [ice_wizard,rocket,ice_wizard,knight_evo] elixir 3 wall=11:24:39.189
[student] TAP slot 3 knight_evo cell 248 wall=11:24:39.536
[student] TRAY first +0.35s tapped slot 3 meant knight_evo before [ice_wizard,rocket,ice_wizard,knight_evo] now [ice_wizard,rocket,ice_wizard,?] slot_now ? elixir 3->3 wall=11:24:39.886
[student] TRAY settled +0.83s tapped slot 3 meant knight_evo before [ice_wizard,rocket,ice_wizard,knight_evo] now [ice_wizard,rocket,tesla,?] slot_now ? elixir 3->1 wall=11:24:40.368
[student] PLAY skeletons p=0.44 cell 248 board (0.81, 0.55) units 6 25 ms tap [?,?,?,skeletons] hand [ice_wizard,rocket,the_log,skeletons] elixir 2 wall=11:24:41.332
[student] TAP slot 3 skeletons cell 248 wall=11:24:41.697
[student] TRAY first +0.35s tapped slot 3 meant skeletons before [ice_wizard,rocket,the_log,skeletons] now [ice_wizard,rocket,the_log,?] slot_now ? elixir 2->2 wall=11:24:42.044
[student] TRAY settled +0.88s tapped slot 3 meant skeletons before [ice_wizard,rocket,the_log,skeletons] now [ice_wizard,rocket,ice_wizard,?] slot_now ? elixir 2->3 wall=11:24:42.578
[student] WAIT NO-TRAY-MATCH p=0.76 elixir 3 opp~? units 6 dets 6 (waits 504/743 badhand 278/1129) tap [?,?,?,?] wall=11:24:42.673
[student] PLAY the_log p=0.59 cell 247 board (0.75, 0.55) units 7 32 ms tap [?,?,?,the_log] hand [ice_wizard,rocket,ice_wizard,the_log] elixir 3 wall=11:24:43.559
[student] TAP slot 3 the_log cell 262 wall=11:24:43.896
[student] TRAY first +0.36s tapped slot 3 meant the_log before [ice_wizard,rocket,ice_wizard,the_log] now [ice_wizard,rocket,ice_wizard,?] slot_now ? elixir 3->2 wall=11:24:44.257
[student] TRAY settled +0.83s tapped slot 3 meant the_log before [ice_wizard,rocket,ice_wizard,the_log] now [ice_wizard,rocket,ice_wizard,?] slot_now ? elixir 3->3 wall=11:24:44.728
[student] PLAY ice_wizard p=0.57 cell 234 board (0.03, 0.58) units 6 20 ms tap [ice_wizard,?,?,tornado] hand [ice_wizard,rocket,x_bow,tornado] elixir 4 wall=11:24:45.685
[student] TAP slot 0 ice_wizard cell 235 wall=11:24:46.018
[student] TRAY first +0.41s tapped slot 0 meant ice_wizard before [ice_wizard,rocket,x_bow,tornado] now [?,rocket,the_log,tornado] slot_now ? elixir 4->3 wall=11:24:46.428
[student] TRAY settled +0.89s tapped slot 0 meant ice_wizard before [ice_wizard,rocket,x_bow,tornado] now [?,rocket,ice_wizard,tornado] slot_now ? elixir 4->2 wall=11:24:46.905
[student] PLAY tornado p=0.67 cell 129 board (0.19, 0.3) units 5 27 ms tap [?,?,?,tornado] hand [?,rocket,ice_wizard,tornado] elixir 3 wall=11:24:47.481
[student] TAP slot 3 tornado cell 129 wall=11:24:47.846
[student] TRAY first +0.35s tapped slot 3 meant tornado before [?,rocket,ice_wizard,tornado] now [tesla,rocket,ice_wizard,?] slot_now ? elixir 3->3 wall=11:24:48.199
[student] TRAY settled +0.84s tapped slot 3 meant tornado before [?,rocket,ice_wizard,tornado] now [tesla,rocket,tesla,?] slot_now ? elixir 3->1 wall=11:24:48.683
[student] PLAY knight p=0.80 cell 238 board (0.25, 0.55) units 9 19 ms tap [?,?,?,knight] hand [tesla_evo,rocket,ice_wizard,knight] elixir 3 wall=11:24:50.348
[student] TAP slot 3 knight cell 238 wall=11:24:50.678
[student] TRAY first +0.40s tapped slot 3 meant knight before [tesla_evo,rocket,ice_wizard,knight] now [tesla,rocket,ice_wizard,?] slot_now ? elixir 3->3 wall=11:24:51.075
[student] TRAY settled +0.84s tapped slot 3 meant knight before [tesla_evo,rocket,ice_wizard,knight] now [tesla,rocket,tesla,?] slot_now ? elixir 3->1 wall=11:24:51.515
[student] PLAY skeletons p=0.52 cell 237 board (0.19, 0.55) units 6 24 ms tap [?,?,?,skeletons] hand [tesla,rocket,the_log,skeletons] elixir 2 wall=11:24:52.534
[student] TAP slot 3 skeletons cell 237 wall=11:24:52.877
[student] TRAY first +0.36s tapped slot 3 meant skeletons before [tesla,rocket,the_log,skeletons] now [tesla,rocket,the_log,?] slot_now ? elixir 2->2 wall=11:24:53.235
[student] TRAY settled +0.87s tapped slot 3 meant skeletons before [tesla,rocket,the_log,skeletons] now [tesla_evo,rocket,ice_wizard,?] slot_now ? elixir 2->2 wall=11:24:53.747
[student] PLAY tesla_evo p=0.74 cell 236 board (0.11, 0.56) units 5 22 ms tap [tesla_evo,?,?,the_log] hand [tesla_evo,rocket,x_bow,the_log] elixir 4 wall=11:24:55.246
[student] TAP slot 0 tesla_evo cell 236 wall=11:24:55.579
[student] TRAY first +0.35s tapped slot 0 meant tesla_evo before [tesla_evo,rocket,x_bow,the_log] now [?,rocket,ice_wizard,the_log] slot_now ? elixir 4->4 wall=11:24:55.930
[student] TRAY settled +0.88s tapped slot 0 meant tesla_evo before [tesla_evo,rocket,x_bow,the_log] now [?,rocket,tesla,the_log] slot_now ? elixir 4->1 wall=11:24:56.457
[student] PLAY the_log p=0.85 cell 237 board (0.19, 0.55) units 5 25 ms tap [?,?,?,the_log] hand [ice_wizard,rocket,ice_wizard,the_log] elixir 2 wall=11:24:57.364
[student] TAP slot 3 the_log cell 237 wall=11:24:57.724
[student] TRAY first +0.41s tapped slot 3 meant the_log before [ice_wizard,rocket,ice_wizard,the_log] now [ice_wizard,rocket,tesla,?] slot_now ? elixir 2->2 wall=11:24:58.134
[student] TRAY settled +0.96s tapped slot 3 meant the_log before [ice_wizard,rocket,ice_wizard,the_log] now [ice_wizard,rocket,the_log,?] slot_now ? elixir 2->2 wall=11:24:58.686
[student] PLAY tornado p=0.70 cell 148 board (0.25, 0.36) units 4 17 ms tap [?,?,?,tornado] hand [ice_wizard,rocket,ice_wizard,tornado] elixir 3 wall=11:24:59.591
[student] TAP slot 3 tornado cell 148 wall=11:24:59.933
[student] TRAY first +0.35s tapped slot 3 meant tornado before [ice_wizard,rocket,ice_wizard,tornado] now [ice_wizard,rocket,ice_wizard,?] slot_now ? elixir 3->3 wall=11:25:00.280
[student] WAIT NO-TRAY-MATCH p=0.92 elixir 3 opp~? units 3 dets 6 (waits 504/751 badhand 288/1147) tap [?,?,?,?] wall=11:25:00.372
[student] TRAY settled +0.79s tapped slot 3 meant tornado before [ice_wizard,rocket,ice_wizard,tornado] now [ice_wizard,rocket,tesla,?] slot_now ? elixir 3->1 wall=11:25:00.719
[student] PLAY knight p=0.88 cell 320 board (0.81, 0.73) units 5 26 ms tap [?,?,?,knight] hand [ice_wizard,rocket,ice_wizard,knight] elixir 3 wall=11:25:02.433
[student] TAP slot 3 knight cell 266 wall=11:25:02.803
[student] TRAY first +0.37s tapped slot 3 meant knight before [ice_wizard,rocket,ice_wizard,knight] now [ice_wizard,rocket,ice_wizard,?] slot_now ? elixir 3->3 wall=11:25:03.171
[student] TRAY settled +0.83s tapped slot 3 meant knight before [ice_wizard,rocket,ice_wizard,knight] now [ice_wizard,rocket,tesla,?] slot_now ? elixir 3->1 wall=11:25:03.632
[student] PLAY skeletons p=0.58 cell 320 board (0.81, 0.73) units 5 28 ms tap [?,?,?,skeletons] hand [ice_wizard,rocket,the_log,skeletons] elixir 2 wall=11:25:04.630
[student] TAP slot 3 skeletons cell 266 wall=11:25:04.989
[student] TRAY first +0.37s tapped slot 3 meant skeletons before [ice_wizard,rocket,the_log,skeletons] now [ice_wizard,rocket,the_log,?] slot_now ? elixir 2->2 wall=11:25:05.357
[student] TRAY settled +0.79s tapped slot 3 meant skeletons before [ice_wizard,rocket,the_log,skeletons] now [ice_wizard,rocket,ice_wizard,?] slot_now ? elixir 2->2 wall=11:25:05.778
[student] PLAY skeletons p=0.37 cell 248 board (0.81, 0.55) units 0 23 ms tap [?,?,?,skeletons] hand [ice_wizard,rocket,ice_wizard,skeletons] elixir 3 wall=11:25:08.836
[student] TAP slot 3 skeletons cell 248 wall=11:25:09.186
[student] TRAY first +0.34s tapped slot 3 meant skeletons before [ice_wizard,rocket,ice_wizard,skeletons] now [ice_wizard,rocket,ice_wizard,skeletons] slot_now skeletons elixir 3->3 wall=11:25:09.526
[student] PLAY skeletons p=0.39 cell 248 board (0.81, 0.55) units 0 18 ms tap [?,?,?,skeletons] hand [ice_wizard,rocket,ice_wizard,skeletons] elixir 3 wall=11:25:09.595
[student] TAP slot 3 skeletons cell 248 wall=11:25:09.954
[student] TRAY first +0.33s tapped slot 3 meant skeletons before [ice_wizard,rocket,ice_wizard,skeletons] now [ice_wizard,rocket,ice_wizard,skeletons] slot_now skeletons elixir 3->3 wall=11:25:10.287
[student] PLAY skeletons p=0.39 cell 248 board (0.81, 0.55) units 0 26 ms tap [?,?,?,skeletons] hand [ice_wizard,rocket,ice_wizard,skeletons] elixir 3 wall=11:25:10.373
[student] TAP slot 3 skeletons cell 248 wall=11:25:10.717
[student] TRAY first +0.33s tapped slot 3 meant skeletons before [ice_wizard,rocket,ice_wizard,skeletons] now [ice_wizard,rocket,ice_wizard,skeletons] slot_now skeletons elixir 3->3 wall=11:25:11.048
[student] PLAY skeletons p=0.38 cell 248 board (0.81, 0.55) units 0 16 ms tap [?,?,?,skeletons] hand [ice_wizard,rocket,ice_wizard,skeletons] elixir 3 wall=11:25:11.118
[student] TAP slot 3 skeletons cell 248 wall=11:25:11.459
[student] TRAY first +0.36s tapped slot 3 meant skeletons before [ice_wizard,rocket,ice_wizard,skeletons] now [ice_wizard,rocket,ice_wizard,skeletons] slot_now skeletons elixir 3->3 wall=11:25:11.821
[student] PLAY skeletons p=0.38 cell 248 board (0.81, 0.55) units 0 27 ms tap [?,?,?,skeletons] hand [ice_wizard,rocket,ice_wizard,skeletons] elixir 3 wall=11:25:11.906
[student] TAP slot 3 skeletons cell 248 wall=11:25:12.262
[student] TRAY first +0.36s tapped slot 3 meant skeletons before [ice_wizard,rocket,ice_wizard,skeletons] now [ice_wizard,rocket,ice_wizard,skeletons] slot_now skeletons elixir 3->3 wall=11:25:12.622
[student] PLAY skeletons p=0.37 cell 248 board (0.81, 0.55) units 0 17 ms tap [?,?,?,skeletons] hand [ice_wizard,rocket,ice_wizard,skeletons] elixir 3 wall=11:25:12.696
[student] TAP slot 3 skeletons cell 248 wall=11:25:13.051
[student] TRAY first +0.39s tapped slot 3 meant skeletons before [ice_wizard,rocket,ice_wizard,skeletons] now [tesla,?,?,?] slot_now ? elixir 3->0 wall=11:25:13.444
[student] TRAY settled +1.18s tapped slot 3 meant skeletons before [ice_wizard,rocket,ice_wizard,skeletons] now [knight_evo,?,?,?] slot_now ? elixir 3->0 wall=11:25:14.234
11:25:19 [play] UNKNOWN 0.4s after in-match -> grace hold (label lost: overtime / end animation / dropout; up to 150s)
11:25:19 [play] in-match read re-acquired -> grace hold released
11:25:19 [play] state: MATCH_END
[overlay-replay] saved C:\Users\benpe\ClashBot\icebow\data\overlayed_replays\match_20260912_112009.mp4 (15507 frames, captured 28.8 fps)
11:25:20 [nav] MATCH_END -> Play Again (fixed) (0.335,0.905)
11:25:20 [play] state: UNKNOWN
11:25:26 [play] state: IN_MATCH
[student] WAIT | exact=0 opp=? next=2 t=3s hand=[7, 3, 149, 164] tw=1.01.01.01.01.01.0 sp=0 unk=0 p=0.02 elixir 8 opp~? units 0 dets 0 (waits 508/763 badhand 295/1165) tap [skeletons,x_bow,knight,tesla] wall=11:25:29.839
[student] PLAY skeletons p=0.97 cell 325 board (0.08, 0.77) units 2 22 ms tap [skeletons,x_bow,knight,tesla] hand [skeletons,x_bow,knight,tesla] elixir 10 wall=11:25:34.352
[student] TAP slot 0 skeletons cell 325 wall=11:25:34.697
[student] TRAY first +0.26s tapped slot 0 meant skeletons before [skeletons,x_bow,knight,tesla] now [?,x_bow,knight,tesla] slot_now ? elixir 10->8 wall=11:25:34.961
[student] PLAY knight p=0.74 cell 343 board (0.08, 0.8) units 5 24 ms tap [?,x_bow,knight,tesla] hand [?,x_bow,knight,tesla] elixir 8 wall=11:25:35.075
[student] TAP slot 2 knight cell 343 wall=11:25:35.438
[student] TRAY first +0.24s tapped slot 2 meant knight before [?,x_bow,knight,tesla] now [?,x_bow,?,tesla] slot_now ? elixir 8->6 wall=11:25:35.679
[student] TRAY settled +0.62s tapped slot 2 meant knight before [?,x_bow,knight,tesla] now [ice_wizard,x_bow,?,tesla] slot_now ? elixir 8->6 wall=11:25:36.055
[student] WAIT p=0.06 elixir 6 opp~? units 1 dets 1 (waits 518/775 badhand 299/1177) tap [ice_wizard,x_bow,?,tesla] wall=11:25:36.940
[student] PLAY x_bow p=0.43 cell 254 board (0.14, 0.61) units 2 19 ms tap [ice_wizard,x_bow,rocket,tesla] hand [ice_wizard,x_bow,rocket,tesla] elixir 8 wall=11:25:41.818
[student] TAP slot 1 x_bow cell 254 wall=11:25:42.162
[student] TRAY first +0.24s tapped slot 1 meant x_bow before [ice_wizard,x_bow,rocket,tesla] now [ice_wizard,?,rocket,tesla] slot_now ? elixir 8->6 wall=11:25:42.403
[student] TRAY settled +1.07s tapped slot 1 meant x_bow before [ice_wizard,x_bow,rocket,tesla] now [ice_wizard,?,rocket,tesla] slot_now ? elixir 8->2 wall=11:25:43.232
[student] WAIT p=0.14 elixir 3 opp~? units 2 dets 2 (waits 527/785 badhand 300/1188) tap [ice_wizard,the_log,?,?] wall=11:25:44.712
[student] PLAY ice_wizard p=0.46 cell 239 board (0.31, 0.55) units 3 27 ms tap [ice_wizard,the_log,?,tesla] hand [ice_wizard,the_log,rocket,tesla] elixir 4 wall=11:25:47.700
[student] TAP slot 0 ice_wizard cell 239 wall=11:25:48.067
[student] TRAY first +0.28s tapped slot 0 meant ice_wizard before [ice_wizard,the_log,rocket,tesla] now [?,the_log,rocket,tesla] slot_now ? elixir 4->3 wall=11:25:48.347
[student] TRAY settled +0.67s tapped slot 0 meant ice_wizard before [ice_wizard,the_log,rocket,tesla] now [?,the_log,rocket,tesla] slot_now ? elixir 4->1 wall=11:25:48.738
[student] WAIT | exact=0 opp=? next=7 t=26s hand=[0, 6, 4, 164] tw=1.01.01.01.01.01.0 sp=0 unk=0 p=0.02 elixir 2 opp~? units 3 dets 3 (waits 536/795 badhand 301/1199) tap [?,the_log,?,?] wall=11:25:52.451
[student] PLAY the_log p=0.72 cell 236 board (0.14, 0.55) units 3 28 ms tap [tornado,the_log,?,?] hand [tornado,the_log,rocket,tesla] elixir 3 wall=11:25:53.131
[student] TAP slot 1 the_log cell 237 wall=11:25:53.480
[student] TRAY first +0.28s tapped slot 1 meant the_log before [tornado,the_log,rocket,tesla] now [tornado,?,rocket,tesla] slot_now ? elixir 3->2 wall=11:25:53.758
[student] TRAY settled +0.61s tapped slot 1 meant the_log before [tornado,the_log,rocket,tesla] now [tornado,?,rocket,tesla] slot_now ? elixir 3->1 wall=11:25:54.090
[student] PLAY skeletons p=0.41 cell 238 board (0.25, 0.55) units 2 20 ms tap [?,skeletons,?,?] hand [tornado,skeletons,rocket,tesla] elixir 2 wall=11:25:58.065
[student] TAP slot 1 skeletons cell 238 wall=11:25:58.437
[student] TRAY first +0.24s tapped slot 1 meant skeletons before [tornado,skeletons,rocket,tesla] now [tornado,?,rocket,tesla] slot_now ? elixir 2->2 wall=11:25:58.675
[student] TRAY settled +1.01s tapped slot 1 meant skeletons before [tornado,skeletons,rocket,tesla] now [tornado,?,rocket,tesla] slot_now ? elixir 2->2 wall=11:25:59.444
[student] PLAY knight p=0.67 cell 237 board (0.19, 0.55) units 4 24 ms tap [tornado,knight,?,?] hand [tornado,knight,rocket,tesla] elixir 3 wall=11:26:01.420
[student] TAP slot 1 knight cell 237 wall=11:26:01.778
[student] TRAY first +0.26s tapped slot 1 meant knight before [tornado,knight,rocket,tesla] now [tornado,?,rocket,tesla] slot_now ? elixir 3->3 wall=11:26:02.043
[student] TRAY settled +0.64s tapped slot 1 meant knight before [tornado,knight,rocket,tesla] now [tornado,?,rocket,tesla] slot_now ? elixir 3->0 wall=11:26:02.423
[student] WAIT NO-TRAY-MATCH p=0.14 elixir 2 opp~? units 5 dets 6 (waits 542/804 badhand 302/1212) tap [?,?,?,?] wall=11:26:08.885
[student] PLAY tornado p=0.64 cell 147 board (0.19, 0.36) units 2 16 ms tap [tornado,?,?,?] hand [tornado,ice_wizard,rocket,tesla] elixir 3 wall=11:26:09.992
[student] TAP slot 0 tornado cell 147 wall=11:26:10.354
[student] TRAY first +0.26s tapped slot 0 meant tornado before [tornado,ice_wizard,rocket,tesla] now [?,x_bow,rocket,tesla] slot_now ? elixir 3->3 wall=11:26:10.619
[student] TRAY settled +1.04s tapped slot 0 meant tornado before [tornado,ice_wizard,rocket,tesla] now [?,tornado,rocket,tesla] slot_now ? elixir 3->0 wall=11:26:11.397
[student] WAIT p=0.08 elixir 3 opp~? units 0 dets 0 (waits 544/807 badhand 302/1223) tap [ice_wizard,?,?,?] wall=11:26:20.888
[student] PLAY ice_wizard p=0.44 cell 237 board (0.19, 0.55) units 2 21 ms tap [ice_wizard,x_bow,rocket,tesla] hand [ice_wizard,x_bow,rocket,tesla] elixir 6 wall=11:26:28.031
[student] TAP slot 0 ice_wizard cell 237 wall=11:26:28.397
[student] TRAY first +0.28s tapped slot 0 meant ice_wizard before [ice_wizard,x_bow,rocket,tesla] now [?,tesla,rocket,tesla] slot_now ? elixir 6->3 wall=11:26:28.673
[student] TRAY settled +0.57s tapped slot 0 meant ice_wizard before [ice_wizard,x_bow,rocket,tesla] now [?,tesla,rocket,tesla] slot_now ? elixir 6->3 wall=11:26:28.970
[student] WAIT p=0.13 elixir 4 opp~? units 1 dets 1 (waits 554/818 badhand 302/1234) tap [the_log,?,?,tesla] wall=11:26:29.854
[student] WAIT p=0.24 elixir 6 opp~? units 1 dets 1 (waits 564/828 badhand 302/1244) tap [the_log,x_bow,rocket,tesla] wall=11:26:35.208
[student] PLAY x_bow p=0.29 cell 267 board (0.86, 0.61) units 2 26 ms tap [the_log,x_bow,rocket,tesla] hand [the_log,x_bow,rocket,tesla] elixir 7 wall=11:26:38.515
[student] TAP slot 1 x_bow cell 267 wall=11:26:38.860
[student] TRAY first +0.25s tapped slot 1 meant x_bow before [the_log,x_bow,rocket,tesla] now [the_log,?,rocket,tesla] slot_now ? elixir 7->6 wall=11:26:39.113
[student] TRAY settled +0.60s tapped slot 1 meant x_bow before [the_log,x_bow,rocket,tesla] now [the_log,?,rocket,tesla] slot_now ? elixir 7->1 wall=11:26:39.458
[student] PLAY skeletons p=0.33 cell 247 board (0.75, 0.55) units 2 29 ms tap [?,skeletons,?,?] hand [the_log,skeletons,rocket,tesla] elixir 1 wall=11:26:40.492
[student] TAP slot 1 skeletons cell 247 wall=11:26:40.922
[student] TRAY first +0.28s tapped slot 1 meant skeletons before [the_log,skeletons,rocket,tesla] now [the_log,?,rocket,tesla] slot_now ? elixir 1->1 wall=11:26:41.198
[student] TRAY settled +0.63s tapped slot 1 meant skeletons before [the_log,skeletons,rocket,tesla] now [the_log,?,rocket,tesla] slot_now ? elixir 1->1 wall=11:26:41.556
[student] WAIT p=0.19 elixir 2 opp~? units 6 dets 7 (waits 573/839 badhand 303/1256) tap [the_log,?,?,?] wall=11:26:45.249
[student] PLAY the_log p=0.41 cell 237 board (0.19, 0.55) units 3 29 ms tap [the_log,?,?,?] hand [the_log,knight_evo,rocket,tesla] elixir 2 wall=11:26:46.185
[student] TAP slot 0 the_log cell 255 wall=11:26:46.540
[student] TRAY first +0.29s tapped slot 0 meant the_log before [the_log,knight_evo,rocket,tesla] now [?,knight_evo,rocket,tesla] slot_now ? elixir 2->2 wall=11:26:46.833
[student] TRAY settled +0.67s tapped slot 0 meant the_log before [the_log,knight_evo,rocket,tesla] now [?,knight_evo,rocket,tesla] slot_now ? elixir 2->1 wall=11:26:47.206
[student] PLAY knight_evo p=0.55 cell 248 board (0.81, 0.55) units 2 45 ms tap [tornado,knight_evo,?,?] hand [tornado,knight_evo,rocket,tesla] elixir 3 wall=11:26:52.316
[student] TAP slot 1 knight_evo cell 248 wall=11:26:52.680
[student] TRAY first +0.28s tapped slot 1 meant knight_evo before [tornado,knight_evo,rocket,tesla] now [tornado,?,rocket,tesla] slot_now ? elixir 3->3 wall=11:26:52.964
[student] TRAY settled +0.67s tapped slot 1 meant knight_evo before [tornado,knight_evo,rocket,tesla] now [tornado,?,rocket,tesla] slot_now ? elixir 3->0 wall=11:26:53.347
[student] PLAY tornado p=0.32 cell 139 board (0.75, 0.3) units 3 15 ms tap [tornado,ice_wizard,?,?] hand [tornado,ice_wizard,rocket,tesla] elixir 3 wall=11:27:00.535
[student] TAP slot 0 tornado cell 139 wall=11:27:00.874
[student] TRAY first +0.27s tapped slot 0 meant tornado before [tornado,ice_wizard,rocket,tesla] now [?,tornado,rocket,tesla] slot_now ? elixir 3->3 wall=11:27:01.140
[student] TRAY settled +0.59s tapped slot 0 meant tornado before [tornado,ice_wizard,rocket,tesla] now [?,tornado,rocket,tesla] slot_now ? elixir 3->0 wall=11:27:01.461
[student] PLAY ice_wizard p=0.71 cell 343 board (0.08, 0.83) units 1 18 ms tap [?,ice_wizard,?,tesla] hand [x_bow,ice_wizard,rocket,tesla] elixir 4 wall=11:27:13.236
[student] TAP slot 1 ice_wizard cell 343 wall=11:27:13.587
[student] TRAY first +1.18s tapped slot 1 meant ice_wizard before [x_bow,ice_wizard,rocket,tesla] now [tesla,?,rocket,tesla] slot_now ? elixir 4->3 wall=11:27:14.770
[student] WAIT p=0.23 elixir 2 opp~? units 1 dets 1 (waits 575/845 badhand 305/1270) tap [?,skeletons,?,?] wall=11:27:16.137
[student] PLAY skeletons p=0.42 cell 237 board (0.19, 0.55) units 2 29 ms tap [?,skeletons,?,?] hand [ice_wizard,skeletons,rocket,tesla] elixir 3 wall=11:27:18.438
[student] TAP slot 1 skeletons cell 237 wall=11:27:18.795
[student] TRAY first +1.06s tapped slot 1 meant skeletons before [ice_wizard,skeletons,rocket,tesla] now [the_log,?,rocket,tesla] slot_now ? elixir 3->2 wall=11:27:19.856
[student] PLAY the_log p=0.54 cell 327 board (0.19, 0.77) units 2 22 ms tap [?,the_log,?,?] hand [ice_wizard,the_log,rocket,tesla] elixir 3 wall=11:27:22.224
[student] TAP slot 1 the_log cell 255 wall=11:27:22.576
[clock] icon reads x3 but the clock reads x1 -> using the clock (x1)
[student] TRAY first +0.68s tapped slot 1 meant the_log before [ice_wizard,the_log,rocket,tesla] now [the_log,?,rocket,tesla] slot_now ? elixir 3->2 wall=11:27:23.255
[student] PLAY knight p=0.40 cell 238 board (0.25, 0.55) units 2 27 ms tap [?,knight,?,?] hand [ice_wizard,knight,rocket,tesla] elixir 3 wall=11:27:24.928
[student] TAP slot 1 knight cell 238 wall=11:27:25.278
[student] TRAY first +0.73s tapped slot 1 meant knight before [ice_wizard,knight,rocket,tesla] now [ice_wizard,?,rocket,tesla] slot_now ? elixir 3->4 wall=11:27:26.007
[clock] icon reads x3 but the clock reads x2 -> using the clock (x2)
11:27:27 [play] elixir x2
[student] PLAY tornado p=0.31 cell 147 board (0.19, 0.36) units 1 27 ms tap [?,tornado,?,?] hand [ice_wizard,tornado,rocket,tesla] elixir 3 wall=11:27:29.109
[student] TAP slot 1 tornado cell 147 wall=11:27:29.462
[student] TRAY first +0.68s tapped slot 1 meant tornado before [ice_wizard,tornado,rocket,tesla] now [ice_wizard,?,rocket,tesla] slot_now ? elixir 3->3 wall=11:27:30.143
[student] WAIT NO-TRAY-MATCH p=0.33 elixir 3 opp~? units 1 dets 1 (waits 576/850 badhand 309/1284) tap [?,?,?,?] wall=11:27:33.176
[student] PLAY ice_wizard p=0.49 cell 237 board (0.19, 0.55) units 2 18 ms tap [?,ice_wizard,?,tesla] hand [x_bow,ice_wizard,rocket,tesla] elixir 4 wall=11:27:34.568
[student] TAP slot 1 ice_wizard cell 237 wall=11:27:34.920
[student] TRAY first +0.68s tapped slot 1 meant ice_wizard before [x_bow,ice_wizard,rocket,tesla] now [the_log,?,rocket,tesla] slot_now ? elixir 4->3 wall=11:27:35.596
[student] PLAY skeletons p=0.62 cell 296 board (0.47, 0.7) units 3 28 ms tap [?,skeletons,?,?] hand [ice_wizard,skeletons,rocket,tesla] elixir 3 wall=11:27:37.378
[student] TAP slot 1 skeletons cell 296 wall=11:27:37.732
[student] TRAY first +0.70s tapped slot 1 meant skeletons before [ice_wizard,skeletons,rocket,tesla] now [ice_wizard,?,rocket,tesla] slot_now ? elixir 3->2 wall=11:27:38.433
[student] PLAY the_log p=0.93 cell 327 board (0.19, 0.77) units 5 27 ms tap [?,the_log,?,tesla] hand [x_bow,the_log,rocket,tesla] elixir 4 wall=11:27:40.063
[student] TAP slot 1 the_log cell 362 wall=11:27:40.428
[student] TRAY first +0.69s tapped slot 1 meant the_log before [x_bow,the_log,rocket,tesla] now [ice_wizard,?,rocket,tesla] slot_now ? elixir 4->2 wall=11:27:41.120
[student] PLAY knight p=0.33 cell 325 board (0.08, 0.77) units 4 24 ms tap [?,knight,?,tesla] hand [x_bow,knight,rocket,tesla] elixir 4 wall=11:27:42.875
[student] TAP slot 1 knight cell 325 wall=11:27:43.222
[student] TRAY first +0.72s tapped slot 1 meant knight before [x_bow,knight,rocket,tesla] now [tesla,?,rocket,tesla] slot_now ? elixir 4->3 wall=11:27:43.938
[student] WAIT p=0.10 elixir 4 opp~? units 4 dets 4 (waits 580/858 badhand 314/1298) tap [?,tornado,?,tesla] wall=11:27:47.414
[student] PLAY tesla p=0.30 cell 241 board (0.39, 0.56) units 5 24 ms tap [?,tornado,?,tesla] hand [x_bow,tornado,rocket,tesla] elixir 5 wall=11:27:48.287
[student] TAP slot 3 tesla cell 241 wall=11:27:48.644
[student] TRAY first +0.26s tapped slot 3 meant tesla before [x_bow,tornado,rocket,tesla] now [tesla,tornado,rocket,?] slot_now ? elixir 5->4 wall=11:27:48.900
[student] TRAY settled +0.63s tapped slot 3 meant tesla before [x_bow,tornado,rocket,tesla] now [tesla,tornado,rocket,?] slot_now ? elixir 5->1 wall=11:27:49.275
[student] PLAY ice_wizard p=0.30 cell 235 board (0.08, 0.55) units 4 18 ms tap [?,tornado,?,ice_wizard] hand [x_bow,tornado,rocket,ice_wizard] elixir 5 wall=11:27:53.948
[student] TAP slot 3 ice_wizard cell 235 wall=11:27:54.283
[student] TRAY first +0.28s tapped slot 3 meant ice_wizard before [x_bow,tornado,rocket,ice_wizard] now [ice_wizard,tornado,rocket,?] slot_now ? elixir 5->3 wall=11:27:54.563
[student] TRAY settled +0.92s tapped slot 3 meant ice_wizard before [x_bow,tornado,rocket,ice_wizard] now [ice_wizard,tornado,rocket,?] slot_now ? elixir 5->3 wall=11:27:55.205
[student] PLAY tornado p=0.41 cell 165 board (0.19, 0.39) units 5 28 ms tap [?,tornado,?,?] hand [ice_wizard,tornado,rocket,?] elixir 3 wall=11:27:55.300
[student] TAP slot 1 tornado cell 165 wall=11:27:55.662
[student] TRAY first +0.30s tapped slot 1 meant tornado before [ice_wizard,tornado,rocket,?] now [tornado,?,rocket,skeletons] slot_now ? elixir 3->3 wall=11:27:55.958
[student] TRAY settled +0.72s tapped slot 1 meant tornado before [ice_wizard,tornado,rocket,?] now [ice_wizard,?,rocket,skeletons] slot_now ? elixir 3->0 wall=11:27:56.385
[student] PLAY skeletons p=0.31 cell 237 board (0.19, 0.55) units 5 19 ms tap [?,?,?,skeletons] hand [ice_wizard,?,rocket,skeletons] elixir 1 wall=11:27:56.850
[student] TAP slot 3 skeletons cell 237 wall=11:27:57.218
[student] TRAY first +0.29s tapped slot 3 meant skeletons before [ice_wizard,?,rocket,skeletons] now [tornado,the_log,rocket,?] slot_now ? elixir 1->1 wall=11:27:57.508
[student] TRAY settled +0.66s tapped slot 3 meant skeletons before [ice_wizard,?,rocket,skeletons] now [ice_wizard,the_log,rocket,?] slot_now ? elixir 1->1 wall=11:27:57.882
[student] WAIT NO-TRAY-MATCH p=0.11 elixir 2 opp~? units 6 dets 6 (waits 585/867 badhand 320/1312) tap [?,?,?,?] wall=11:27:59.431
[student] PLAY knight_evo p=0.36 cell 237 board (0.19, 0.55) units 7 30 ms tap [?,the_log,?,knight_evo] hand [ice_wizard,the_log,rocket,knight_evo] elixir 3 wall=11:28:00.666
[student] TAP slot 3 knight_evo cell 237 wall=11:28:01.016
[student] TRAY first +0.28s tapped slot 3 meant knight_evo before [ice_wizard,the_log,rocket,knight_evo] now [tornado,the_log,rocket,?] slot_now ? elixir 3->3 wall=11:28:01.295
[student] TRAY settled +0.78s tapped slot 3 meant knight_evo before [ice_wizard,the_log,rocket,knight_evo] now [tornado,the_log,rocket,?] slot_now ? elixir 3->0 wall=11:28:01.796
[student] PLAY the_log p=0.74 cell 238 board (0.25, 0.55) units 6 32 ms tap [?,the_log,?,?] hand [ice_wizard,the_log,rocket,tesla] elixir 2 wall=11:28:04.616
[student] TAP slot 1 the_log cell 237 wall=11:28:04.977
[student] TRAY first +0.30s tapped slot 1 meant the_log before [ice_wizard,the_log,rocket,tesla] now [ice_wizard,?,rocket,tesla] slot_now ? elixir 2->2 wall=11:28:05.274
[student] TRAY settled +0.63s tapped slot 1 meant the_log before [ice_wizard,the_log,rocket,tesla] now [tesla,?,rocket,tesla] slot_now ? elixir 2->1 wall=11:28:05.603
[student] PLAY ice_wizard p=0.71 cell 343 board (0.08, 0.83) units 7 25 ms tap [?,ice_wizard,?,tesla] hand [x_bow,ice_wizard,rocket,tesla] elixir 4 wall=11:28:09.375
[student] TAP slot 1 ice_wizard cell 343 wall=11:28:09.708
[student] TRAY first +0.26s tapped slot 1 meant ice_wizard before [x_bow,ice_wizard,rocket,tesla] now [tesla,?,rocket,tesla] slot_now ? elixir 4->3 wall=11:28:09.968
[student] TRAY settled +0.61s tapped slot 1 meant ice_wizard before [x_bow,ice_wizard,rocket,tesla] now [the_log,?,rocket,tesla] slot_now ? elixir 4->1 wall=11:28:10.315
[student] WAIT NO-TRAY-MATCH p=0.17 elixir 2 opp~? units 5 dets 5 (waits 585/870 badhand 321/1325) tap [?,?,?,?] wall=11:28:11.212
[student] PLAY tornado p=0.46 cell 165 board (0.19, 0.39) units 5 23 ms tap [?,tornado,?,?] hand [ice_wizard,tornado,rocket,tesla] elixir 3 wall=11:28:12.051
[student] TAP slot 1 tornado cell 165 wall=11:28:12.429
[student] TRAY first +0.26s tapped slot 1 meant tornado before [ice_wizard,tornado,rocket,tesla] now [tornado,?,rocket,tesla] slot_now ? elixir 3->3 wall=11:28:12.692
[student] TRAY settled +0.58s tapped slot 1 meant tornado before [ice_wizard,tornado,rocket,tesla] now [ice_wizard,?,rocket,tesla] slot_now ? elixir 3->0 wall=11:28:13.007
[student] PLAY skeletons p=0.27 cell 237 board (0.19, 0.55) units 2 29 ms tap [?,skeletons,?,?] hand [the_log,skeletons,rocket,tesla] elixir 1 wall=11:28:14.559
[student] TAP slot 1 skeletons cell 237 wall=11:28:14.937
[student] TRAY first +0.27s tapped slot 1 meant skeletons before [the_log,skeletons,rocket,tesla] now [tesla,?,rocket,tesla] slot_now ? elixir 1->1 wall=11:28:15.207
[student] TRAY settled +0.61s tapped slot 1 meant skeletons before [the_log,skeletons,rocket,tesla] now [tesla,?,rocket,tesla] slot_now ? elixir 1->1 wall=11:28:15.544
[student] PLAY knight p=0.84 cell 325 board (0.08, 0.77) units 5 23 ms tap [?,knight,?,?] hand [ice_wizard,knight,rocket,tesla] elixir 3 wall=11:28:17.657
[student] TAP slot 1 knight cell 325 wall=11:28:18.015
[student] TRAY first +0.28s tapped slot 1 meant knight before [ice_wizard,knight,rocket,tesla] now [ice_wizard,?,rocket,tesla] slot_now ? elixir 3->3 wall=11:28:18.292
[student] TRAY settled +0.69s tapped slot 1 meant knight before [ice_wizard,knight,rocket,tesla] now [ice_wizard,?,rocket,tesla] slot_now ? elixir 3->0 wall=11:28:18.701
[student] PLAY the_log p=0.96 cell 291 board (0.19, 0.7) units 6 18 ms tap [?,the_log,?,?] hand [ice_wizard,the_log,rocket,tesla] elixir 3 wall=11:28:21.843
[student] TAP slot 1 the_log cell 363 wall=11:28:22.247
[student] TRAY first +0.32s tapped slot 1 meant the_log before [ice_wizard,the_log,rocket,tesla] now [tesla,?,rocket,tesla] slot_now ? elixir 3->2 wall=11:28:22.571
[student] TRAY settled +0.70s tapped slot 1 meant the_log before [ice_wizard,the_log,rocket,tesla] now [knight_evo,?,?,?] slot_now ? elixir 3->0 wall=11:28:22.946
11:28:23 [play] UNKNOWN 0.6s after in-match -> grace hold (label lost: overtime / end animation / dropout; up to 150s)
11:28:29 [play] state: MATCH_END
[overlay-replay] saved C:\Users\benpe\ClashBot\icebow\data\overlayed_replays\match_20260912_112526.mp4 (9159 frames, captured 28.1 fps)
11:28:29 [nav] MATCH_END -> Play Again (located) (0.348,0.914)
11:28:30 [play] state: UNKNOWN
11:28:36 [play] state: IN_MATCH
[student] WAIT | exact=0 opp=? next=2 t=3s hand=[0, 3, 149, 6] tw=1.01.01.01.01.01.0 sp=0 unk=0 p=0.00 elixir 8 opp~? units 1 dets 1 (waits 589/878 badhand 324/1339) tap [tornado,x_bow,knight,the_log] wall=11:28:39.687
[student] WAIT | exact=0 opp=? next=2 t=10s hand=[0, 3, 149, 6] tw=1.01.01.01.01.01.0 sp=0 unk=0 p=0.00 elixir 10 opp~? units 1 dets 1 (waits 599/888 badhand 324/1349) tap [tornado,x_bow,knight,the_log] wall=11:28:46.745
[student] STALL-PLAY the_log p=0.00 cell 238 board (0.25, 0.55) units 1 28 ms tap [tornado,x_bow,knight,the_log] hand [tornado,x_bow,knight,the_log] elixir 10 wall=11:28:48.850
[student] TAP slot 3 the_log cell 238 wall=11:28:49.204
[student] TRAY first +0.26s tapped slot 3 meant the_log before [tornado,x_bow,knight,the_log] now [tornado,x_bow,knight,?] slot_now ? elixir 10->8 wall=11:28:49.465
[student] TRAY settled +0.62s tapped slot 3 meant the_log before [tornado,x_bow,knight,the_log] now [tornado,x_bow,knight,?] slot_now ? elixir 10->8 wall=11:28:49.822
[student] PLAY x_bow p=0.50 cell 297 board (0.53, 0.7) units 3 25 ms tap [tornado,x_bow,knight,ice_wizard] hand [tornado,x_bow,knight,ice_wizard] elixir 9 wall=11:28:53.368
[student] TAP slot 1 x_bow cell 297 wall=11:28:53.718
[student] TRAY first +0.29s tapped slot 1 meant x_bow before [tornado,x_bow,knight,ice_wizard] now [tornado,?,knight,ice_wizard] slot_now ? elixir 9->6 wall=11:28:54.009
[student] TRAY settled +0.68s tapped slot 1 meant x_bow before [tornado,x_bow,knight,ice_wizard] now [tornado,?,knight,ice_wizard] slot_now ? elixir 9->3 wall=11:28:54.393
[student] WAIT | exact=0 opp=? next=7 t=18s hand=[0, -1, 149, 2] tw=1.01.01.01.01.01.0 sp=0 unk=0 p=0.01 elixir 3 opp~? units 3 dets 3 (waits 609/900 badhand 328/1361) tap [tornado,?,knight,ice_wizard] wall=11:28:54.496
[student] PLAY tornado p=0.47 cell 227 board (0.64, 0.52) units 6 26 ms tap [tornado,skeletons,knight,ice_wizard] hand [tornado,skeletons,knight,ice_wizard] elixir 5 wall=11:28:59.358
[assist] TORNADO king-spot cell 227->333 trigger minions at (0.61,0.57) enemy tracks 6 wall=11:28:59.358
[student] TAP slot 0 tornado cell 333 wall=11:28:59.710
[student] TRAY first +0.26s tapped slot 0 meant tornado before [tornado,skeletons,knight,ice_wizard] now [?,skeletons,knight,ice_wizard] slot_now ? elixir 5->3 wall=11:28:59.968
[student] TRAY settled +0.60s tapped slot 0 meant tornado before [tornado,skeletons,knight,ice_wizard] now [?,skeletons,knight,ice_wizard] slot_now ? elixir 5->2 wall=11:29:00.312
[student] WAIT p=0.18 elixir 2 opp~? units 2 dets 3 (waits 619/911 badhand 330/1372) tap [?,skeletons,?,?] wall=11:29:01.229
[student] WAIT | exact=0 opp=? next=4 t=31s hand=[164, 7, 149, 2] tw=1.01.01.01.01.01.0 sp=0 unk=0 p=0.02 elixir 5 opp~? units 2 dets 2 (waits 629/921 badhand 330/1382) tap [tesla,skeletons,knight,ice_wizard] wall=11:29:07.608
[student] WAIT p=0.10 elixir 7 opp~? units 1 dets 1 (waits 639/931 badhand 330/1392) tap [tesla,skeletons,knight,ice_wizard] wall=11:29:14.210
[student] PLAY ice_wizard p=0.29 cell 423 board (0.53, 0.98) units 1 32 ms tap [tesla,skeletons,knight,ice_wizard] hand [tesla,skeletons,knight,ice_wizard] elixir 8 wall=11:29:16.430
[student] TAP slot 3 ice_wizard cell 423 wall=11:29:16.794
[student] TRAY first +0.27s tapped slot 3 meant ice_wizard before [tesla,skeletons,knight,ice_wizard] now [tesla,skeletons,knight,?] slot_now ? elixir 8->5 wall=11:29:17.064
[student] TRAY settled +0.89s tapped slot 3 meant ice_wizard before [tesla,skeletons,knight,ice_wizard] now [tesla,skeletons,knight,?] slot_now ? elixir 8->5 wall=11:29:17.687
[student] WAIT p=0.12 elixir 7 opp~? units 2 dets 2 (waits 649/942 badhand 332/1403) tap [tesla,skeletons,knight,rocket] wall=11:29:22.013
[student] PLAY rocket p=0.44 cell 113 board (0.31, 0.27) units 2 24 ms tap [tesla,skeletons,knight,rocket] hand [tesla,skeletons,knight,rocket] elixir 8 wall=11:29:24.811
[student] TAP slot 3 rocket cell 113 wall=11:29:25.177
[student] TRAY first +0.27s tapped slot 3 meant rocket before [tesla,skeletons,knight,rocket] now [tesla,skeletons,knight,?] slot_now ? elixir 8->6 wall=11:29:25.443
[student] PLAY skeletons p=0.33 cell 422 board (0.47, 0.98) units 1 28 ms tap [?,skeletons,?,?] hand [tesla,skeletons,knight,?] elixir 6 wall=11:29:25.539
[student] TAP slot 1 skeletons cell 422 wall=11:29:25.877
[student] TRAY first +0.30s tapped slot 1 meant skeletons before [tesla,skeletons,knight,?] now [tesla,?,knight,?] slot_now ? elixir 6->1 wall=11:29:26.179
[student] TRAY settled +0.69s tapped slot 1 meant skeletons before [tesla,skeletons,knight,?] now [tesla,?,knight,the_log] slot_now ? elixir 6->1 wall=11:29:26.570
[student] WAIT p=0.05 elixir 3 opp~? units 3 dets 4 (waits 655/950 badhand 333/1415) tap [?,?,knight,the_log] wall=11:29:30.659
[student] WAIT p=0.19 elixir 5 opp~? units 6 dets 6 (waits 665/960 badhand 333/1425) tap [tesla,?,knight,the_log] wall=11:29:35.696
[student] PLAY tesla p=0.29 cell 297 board (0.5, 0.69) units 7 27 ms tap [tesla,?,knight,the_log] hand [tesla,x_bow,knight,the_log] elixir 5 wall=11:29:36.900
[student] TAP slot 0 tesla cell 297 wall=11:29:37.258
[student] TRAY first +0.27s tapped slot 0 meant tesla before [tesla,x_bow,knight,the_log] now [?,the_log,knight,the_log] slot_now ? elixir 5->4 wall=11:29:37.531
[student] TRAY settled +0.64s tapped slot 0 meant tesla before [tesla,x_bow,knight,the_log] now [?,the_log,knight,the_log] slot_now ? elixir 5->1 wall=11:29:37.897
[student] WAIT p=0.17 elixir 3 opp~? units 4 dets 4 (waits 669/965 badhand 335/1436) tap [tornado,?,knight,the_log] wall=11:29:42.741
[student] PLAY knight p=0.38 cell 247 board (0.75, 0.55) units 5 27 ms tap [tornado,?,knight,the_log] hand [tornado,tesla,knight,the_log] elixir 3 wall=11:29:43.106
[student] TAP slot 2 knight cell 247 wall=11:29:43.460
[student] TRAY first +0.25s tapped slot 2 meant knight before [tornado,tesla,knight,the_log] now [tornado,?,?,the_log] slot_now ? elixir 3->3 wall=11:29:43.713
[student] TRAY settled +0.63s tapped slot 2 meant knight before [tornado,tesla,knight,the_log] now [tornado,?,?,the_log] slot_now ? elixir 3->1 wall=11:29:44.089
[student] PLAY ice_wizard p=0.71 cell 341 board (0.97, 0.77) units 8 26 ms tap [tornado,?,ice_wizard,?] hand [tornado,the_log,ice_wizard,the_log] elixir 3 wall=11:29:49.574
[student] TAP slot 2 ice_wizard cell 341 wall=11:29:49.936
[student] TRAY first +0.29s tapped slot 2 meant ice_wizard before [tornado,the_log,ice_wizard,the_log] now [tornado,x_bow,?,the_log] slot_now ? elixir 3->3 wall=11:29:50.229
[student] TRAY settled +0.70s tapped slot 2 meant ice_wizard before [tornado,the_log,ice_wizard,the_log] now [tornado,x_bow,?,the_log] slot_now ? elixir 3->0 wall=11:29:50.634
[student] WAIT NO-TRAY-MATCH p=0.16 elixir 2 opp~? units 3 dets 3 (waits 669/967 badhand 337/1448) tap [?,?,?,?] wall=11:29:56.553
[student] PLAY the_log p=0.42 cell 248 board (0.81, 0.55) units 3 26 ms tap [tornado,?,?,the_log] hand [tornado,ice_wizard,rocket,the_log] elixir 3 wall=11:29:58.190
[student] TAP slot 3 the_log cell 392 wall=11:29:58.549
[student] TRAY first +0.31s tapped slot 3 meant the_log before [tornado,ice_wizard,rocket,the_log] now [tornado,tesla,rocket,?] slot_now ? elixir 3->2 wall=11:29:58.857
[student] TRAY settled +0.66s tapped slot 3 meant the_log before [tornado,ice_wizard,rocket,the_log] now [tornado,tesla,rocket,?] slot_now ? elixir 3->1 wall=11:29:59.210
[student] PLAY skeletons p=0.62 cell 248 board (0.81, 0.58) units 4 22 ms tap [?,?,?,skeletons] hand [tornado,the_log,rocket,skeletons] elixir 1 wall=11:30:00.532
[student] TAP slot 3 skeletons cell 248 wall=11:30:00.892
[student] TRAY first +0.25s tapped slot 3 meant skeletons before [tornado,the_log,rocket,skeletons] now [tornado,?,rocket,?] slot_now ? elixir 1->1 wall=11:30:01.145
[student] TRAY settled +0.60s tapped slot 3 meant skeletons before [tornado,the_log,rocket,skeletons] now [tornado,?,rocket,?] slot_now ? elixir 1->1 wall=11:30:01.489
[student] WAIT p=0.09 elixir 3 opp~? units 2 dets 2 (waits 673/973 badhand 337/1460) tap [tornado,?,?,?] wall=11:30:08.609
[student] WAIT p=0.16 elixir 6 opp~? units 3 dets 3 (waits 683/983 badhand 337/1470) tap [tornado,x_bow,rocket,tesla] wall=11:30:15.007
[student] PLAY tesla p=0.41 cell 279 board (0.5, 0.66) units 3 22 ms tap [tornado,x_bow,rocket,tesla] hand [tornado,x_bow,rocket,tesla] elixir 7 wall=11:30:19.349
[student] TAP slot 3 tesla cell 279 wall=11:30:19.691
[student] TRAY first +1.18s tapped slot 3 meant tesla before [tornado,x_bow,rocket,tesla] now [tornado,tesla,rocket,?] slot_now ? elixir 7->4 wall=11:30:20.871
[student] PLAY knight p=0.28 cell 242 board (0.47, 0.55) units 7 24 ms tap [tornado,x_bow,rocket,knight] hand [tornado,x_bow,rocket,knight] elixir 5 wall=11:30:26.938
[student] TAP slot 3 knight cell 242 wall=11:30:27.302
[student] TRAY first +1.24s tapped slot 3 meant knight before [tornado,x_bow,rocket,knight] now [tornado,ice_wizard,rocket,?] slot_now ? elixir 5->3 wall=11:30:28.544
[student] PLAY tornado p=0.54 cell 211 board (0.75, 0.48) units 10 29 ms tap [tornado,?,?,?] hand [tornado,ice_wizard,rocket,?] elixir 3 wall=11:30:28.640
[assist] TORNADO king-spot cell 211->333 trigger skeletons at (0.55,0.53) enemy tracks 13 wall=11:30:28.641
[student] TAP slot 0 tornado cell 333 wall=11:30:28.991
[student] TRAY first +1.10s tapped slot 0 meant tornado before [tornado,ice_wizard,rocket,?] now [?,?,rocket,ice_wizard] slot_now ? elixir 3->3 wall=11:30:30.096
[student] WAIT NO-TRAY-MATCH p=0.41 elixir 3 opp~? units 7 dets 7 (waits 692/995 badhand 340/1483) tap [?,?,?,?] wall=11:30:30.174
[clock] icon reads x3 but the clock reads x1 -> using the clock (x1)
[student] PLAY ice_wizard p=0.33 cell 251 board (0.97, 0.58) units 3 23 ms tap [the_log,?,?,ice_wizard] hand [the_log,tesla,rocket,ice_wizard] elixir 3 wall=11:30:35.169
[student] TAP slot 3 ice_wizard cell 250 wall=11:30:35.515
[student] TRAY first +0.71s tapped slot 3 meant ice_wizard before [the_log,tesla,rocket,ice_wizard] now [the_log,the_log,rocket,?] slot_now ? elixir 3->3 wall=11:30:36.226
[clock] icon reads x3 but the clock reads x2 -> using the clock (x2)
11:30:37 [play] elixir x2
[student] PLAY skeletons p=0.33 cell 250 board (0.92, 0.55) units 6 26 ms tap [?,?,?,skeletons] hand [the_log,the_log,rocket,skeletons] elixir 2 wall=11:30:37.941
[student] TAP slot 3 skeletons cell 250 wall=11:30:38.298
[student] TRAY first +0.75s tapped slot 3 meant skeletons before [the_log,the_log,rocket,skeletons] now [the_log,the_log,rocket,?] slot_now ? elixir 2->2 wall=11:30:39.051
[student] PLAY the_log p=0.43 cell 248 board (0.81, 0.55) units 4 24 ms tap [the_log,?,?,?] hand [the_log,ice_wizard,rocket,?] elixir 3 wall=11:30:39.992
[student] TAP slot 0 the_log cell 246 wall=11:30:40.348
[student] TRAY first +0.73s tapped slot 0 meant the_log before [the_log,ice_wizard,rocket,?] now [?,the_log,rocket,?] slot_now ? elixir 3->2 wall=11:30:41.075
[student] WAIT p=0.24 elixir 3 opp~? units 6 dets 7 (waits 695/1001 badhand 346/1496) tap [knight_evo,?,?,?] wall=11:30:43.598
[student] PLAY tesla_evo p=0.44 cell 297 board (0.5, 0.69) units 7 27 ms tap [knight_evo,?,?,tesla_evo] hand [knight_evo,x_bow,rocket,tesla_evo] elixir 4 wall=11:30:44.297
[student] TAP slot 3 tesla_evo cell 297 wall=11:30:44.669
[student] TRAY first +0.64s tapped slot 3 meant tesla_evo before [knight_evo,x_bow,rocket,tesla_evo] now [knight_evo,tesla,rocket,?] slot_now ? elixir 4->4 wall=11:30:45.308
[student] PLAY tornado p=0.52 cell 176 board (0.81, 0.39) units 7 32 ms tap [knight_evo,?,?,tornado] hand [knight_evo,ice_wizard,rocket,tornado] elixir 3 wall=11:30:48.510
[student] TAP slot 3 tornado cell 176 wall=11:30:48.841
[student] TRAY first +0.71s tapped slot 3 meant tornado before [knight_evo,ice_wizard,rocket,tornado] now [knight_evo,?,rocket,?] slot_now ? elixir 3->3 wall=11:30:49.550
[student] PLAY knight_evo p=0.91 cell 247 board (0.75, 0.55) units 6 22 ms tap [knight_evo,?,?,?] hand [knight_evo,ice_wizard,rocket,ice_wizard] elixir 3 wall=11:30:53.021
[student] TAP slot 0 knight_evo cell 247 wall=11:30:53.376
[student] TRAY first +0.75s tapped slot 0 meant knight_evo before [knight_evo,ice_wizard,rocket,ice_wizard] now [?,tesla,rocket,ice_wizard] slot_now ? elixir 3->3 wall=11:30:54.126
[student] PLAY skeletons p=0.93 cell 374 board (0.81, 0.86) units 7 31 ms tap [skeletons,?,?,?] hand [skeletons,the_log,rocket,ice_wizard] elixir 2 wall=11:30:55.942
[student] TAP slot 0 skeletons cell 374 wall=11:30:56.291
[student] TRAY first +0.77s tapped slot 0 meant skeletons before [skeletons,the_log,rocket,ice_wizard] now [?,the_log,rocket,ice_wizard] slot_now ? elixir 2->2 wall=11:30:57.059
[student] PLAY the_log p=0.47 cell 247 board (0.75, 0.55) units 6 18 ms tap [the_log,?,?,?] hand [the_log,ice_wizard,rocket,ice_wizard] elixir 3 wall=11:30:58.197
[student] TAP slot 0 the_log cell 373 wall=11:30:58.549
[student] TRAY first +0.30s tapped slot 0 meant the_log before [the_log,ice_wizard,rocket,ice_wizard] now [?,the_log,rocket,ice_wizard] slot_now ? elixir 3->2 wall=11:30:58.850
[student] WAIT NO-TRAY-MATCH p=0.60 elixir 2 opp~? units 5 dets 6 (waits 695/1006 badhand 352/1511) tap [?,?,?,?] wall=11:30:58.950
[student] TRAY settled +0.73s tapped slot 0 meant the_log before [the_log,ice_wizard,rocket,ice_wizard] now [?,the_log,rocket,ice_wizard] slot_now ? elixir 3->2 wall=11:30:59.275
[student] PLAY ice_wizard p=0.30 cell 248 board (0.81, 0.55) units 4 32 ms tap [?,?,?,ice_wizard] hand [tesla,tesla,rocket,ice_wizard] elixir 3 wall=11:31:01.615
[student] TAP slot 3 ice_wizard cell 248 wall=11:31:01.965
[student] TRAY first +0.26s tapped slot 3 meant ice_wizard before [tesla,tesla,rocket,ice_wizard] now [tesla,tesla,rocket,?] slot_now ? elixir 3->3 wall=11:31:02.229
[student] TRAY settled +0.63s tapped slot 3 meant ice_wizard before [tesla,tesla,rocket,ice_wizard] now [tesla,the_log,rocket,?] slot_now ? elixir 3->1 wall=11:31:02.599
[student] PLAY tornado p=0.47 cell 157 board (0.75, 0.36) units 5 22 ms tap [?,?,?,tornado] hand [tesla,ice_wizard,rocket,tornado] elixir 3 wall=11:31:04.939
[student] TAP slot 3 tornado cell 157 wall=11:31:05.276
[student] TRAY first +0.34s tapped slot 3 meant tornado before [tesla,ice_wizard,rocket,tornado] now [tesla,?,rocket,?] slot_now ? elixir 3->3 wall=11:31:05.611
[student] TRAY settled +0.69s tapped slot 3 meant tornado before [tesla,ice_wizard,rocket,tornado] now [tesla,?,rocket,?] slot_now ? elixir 3->1 wall=11:31:05.962
[student] WAIT NO-TRAY-MATCH p=0.18 elixir 2 opp~? units 4 dets 4 (waits 695/1008 badhand 355/1523) tap [?,?,?,?] wall=11:31:07.891
[student] PLAY knight p=0.34 cell 247 board (0.75, 0.55) units 2 19 ms tap [?,?,?,knight] hand [tesla,ice_wizard,rocket,knight] elixir 3 wall=11:31:08.863
[student] TAP slot 3 knight cell 247 wall=11:31:09.212
[student] TRAY first +0.27s tapped slot 3 meant knight before [tesla,ice_wizard,rocket,knight] now [tesla,tornado,rocket,?] slot_now ? elixir 3->3 wall=11:31:09.478
[student] TRAY settled +0.63s tapped slot 3 meant knight before [tesla,ice_wizard,rocket,knight] now [tesla,?,rocket,?] slot_now ? elixir 3->0 wall=11:31:09.842
[student] PLAY skeletons p=0.42 cell 248 board (0.81, 0.55) units 3 22 ms tap [?,?,?,skeletons] hand [tesla,the_log,rocket,skeletons] elixir 1 wall=11:31:11.183
[student] TAP slot 3 skeletons cell 248 wall=11:31:11.531
[student] TRAY first +0.31s tapped slot 3 meant skeletons before [tesla,the_log,rocket,skeletons] now [tesla,tesla,rocket,?] slot_now ? elixir 1->1 wall=11:31:11.836
[student] TRAY settled +0.66s tapped slot 3 meant skeletons before [tesla,the_log,rocket,skeletons] now [tesla,the_log,rocket,?] slot_now ? elixir 1->1 wall=11:31:12.195
[student] PLAY the_log p=0.92 cell 266 board (0.81, 0.61) units 8 30 ms tap [?,?,?,the_log] hand [tesla,ice_wizard,rocket,the_log] elixir 3 wall=11:31:14.458
[student] TAP slot 3 the_log cell 265 wall=11:31:14.808
[student] TRAY first +0.24s tapped slot 3 meant the_log before [tesla,ice_wizard,rocket,the_log] now [tesla,the_log,rocket,?] slot_now ? elixir 3->2 wall=11:31:15.052
[student] TRAY settled +0.59s tapped slot 3 meant the_log before [tesla,ice_wizard,rocket,the_log] now [tesla,the_log,rocket,?] slot_now ? elixir 3->1 wall=11:31:15.395
[student] WAIT NO-TRAY-MATCH p=0.08 elixir 2 opp~? units 7 dets 7 (waits 695/1011 badhand 359/1536) tap [?,?,?,?] wall=11:31:16.683
[student] PLAY ice_wizard p=0.57 cell 305 board (0.97, 0.7) units 4 29 ms tap [?,?,?,ice_wizard] hand [tesla,the_log,rocket,ice_wizard] elixir 3 wall=11:31:17.075
[student] TAP slot 3 ice_wizard cell 305 wall=11:31:17.442
[student] TRAY first +0.28s tapped slot 3 meant ice_wizard before [tesla,the_log,rocket,ice_wizard] now [tesla,tornado,rocket,?] slot_now ? elixir 3->3 wall=11:31:17.725
[student] TRAY settled +0.65s tapped slot 3 meant ice_wizard before [tesla,the_log,rocket,ice_wizard] now [tesla,?,rocket,?] slot_now ? elixir 3->0 wall=11:31:18.094
[student] PLAY tornado p=0.94 cell 247 board (0.75, 0.55) units 9 31 ms tap [?,?,?,tornado] hand [tesla,ice_wizard,rocket,tornado] elixir 3 wall=11:31:21.649
[student] TAP slot 3 tornado cell 247 wall=11:31:22.018
[student] TRAY first +0.32s tapped slot 3 meant tornado before [tesla,ice_wizard,rocket,tornado] now [tesla,?,rocket,?] slot_now ? elixir 3->3 wall=11:31:22.334
[student] TRAY settled +0.70s tapped slot 3 meant tornado before [tesla,ice_wizard,rocket,tornado] now [tesla,?,rocket,?] slot_now ? elixir 3->1 wall=11:31:22.722
[student] PLAY knight p=0.97 cell 249 board (0.86, 0.55) units 1 27 ms tap [?,?,?,knight] hand [tesla,ice_wizard,rocket,knight] elixir 3 wall=11:31:25.649
[student] TAP slot 3 knight cell 249 wall=11:31:25.993
[student] TRAY first +0.31s tapped slot 3 meant knight before [tesla,ice_wizard,rocket,knight] now [tesla,tornado,rocket,?] slot_now ? elixir 3->3 wall=11:31:26.300
[student] TRAY settled +0.70s tapped slot 3 meant knight before [tesla,ice_wizard,rocket,knight] now [tesla,?,rocket,?] slot_now ? elixir 3->0 wall=11:31:26.692
[student] PLAY skeletons p=0.77 cell 374 board (0.81, 0.86) units 3 38 ms tap [?,?,?,skeletons] hand [tesla,the_log,rocket,skeletons] elixir 1 wall=11:31:28.084
[student] TAP slot 3 skeletons cell 374 wall=11:31:28.453
[student] TRAY first +0.34s tapped slot 3 meant skeletons before [tesla,the_log,rocket,skeletons] now [tesla,tesla,rocket,?] slot_now ? elixir 1->1 wall=11:31:28.794
[student] TRAY settled +0.73s tapped slot 3 meant skeletons before [tesla,the_log,rocket,skeletons] now [tesla,the_log,rocket,?] slot_now ? elixir 1->1 wall=11:31:29.179
[student] WAIT NO-TRAY-MATCH p=0.29 elixir 2 opp~? units 4 dets 4 (waits 695/1015 badhand 361/1550) tap [?,?,?,?] wall=11:31:30.253
[student] PLAY the_log p=0.28 cell 238 board (0.25, 0.55) units 4 28 ms tap [?,?,?,the_log] hand [tesla,ice_wizard,rocket,the_log] elixir 3 wall=11:31:31.303
[student] TAP slot 3 the_log cell 238 wall=11:31:31.671
[student] TRAY first +0.32s tapped slot 3 meant the_log before [tesla,ice_wizard,rocket,the_log] now [tesla,the_log,rocket,?] slot_now ? elixir 3->2 wall=11:31:31.994
[student] TRAY settled +0.75s tapped slot 3 meant the_log before [tesla,ice_wizard,rocket,the_log] now [tesla,the_log,rocket,?] slot_now ? elixir 3->2 wall=11:31:32.421
11:31:33 [play] UNKNOWN 0.7s after in-match -> grace hold (label lost: overtime / end animation / dropout; up to 150s)
11:31:33 [play] in-match read re-acquired -> grace hold released
11:31:39 [play] UNKNOWN 0.5s after in-match -> grace hold (label lost: overtime / end animation / dropout; up to 150s)
11:31:40 [play] state: MATCH_END
[overlay-replay] saved C:\Users\benpe\ClashBot\icebow\data\overlayed_replays\match_20260912_112836.mp4 (9165 frames, captured 26.3 fps)
11:31:40 [nav] MATCH_END -> Play Again (located) (0.348,0.914)
11:31:40 [play] state: UNKNOWN
11:31:47 [play] state: IN_MATCH
[student] WAIT | exact=0 opp=? next=2 t=5s hand=[3, 7, 4, 6] tw=1.01.01.01.01.01.0 sp=0 unk=0 p=0.00 elixir 9 opp~? units 0 dets 0 (waits 701/1022 badhand 365/1561) tap [x_bow,skeletons,rocket,the_log] wall=11:31:51.860
[student] WAIT | exact=0 opp=? next=2 t=12s hand=[3, 7, 4, 6] tw=1.01.01.01.01.01.0 sp=0 unk=0 p=0.01 elixir 10 opp~? units 1 dets 1 (waits 711/1032 badhand 365/1571) tap [x_bow,skeletons,rocket,the_log] wall=11:31:59.254
[student] STALL-PLAY the_log p=0.01 cell 237 board (0.19, 0.55) units 2 17 ms tap [x_bow,skeletons,rocket,the_log] hand [x_bow,skeletons,rocket,the_log] elixir 10 wall=11:32:00.015
[student] TAP slot 3 the_log cell 237 wall=11:32:00.348
[student] TRAY first +0.26s tapped slot 3 meant the_log before [x_bow,skeletons,rocket,the_log] now [x_bow,skeletons,rocket,?] slot_now ? elixir 10->8 wall=11:32:00.607
[student] TRAY settled +0.62s tapped slot 3 meant the_log before [x_bow,skeletons,rocket,the_log] now [x_bow,skeletons,rocket,?] slot_now ? elixir 10->8 wall=11:32:00.968
[student] PLAY x_bow p=0.47 cell 267 board (0.86, 0.61) units 1 18 ms tap [x_bow,skeletons,rocket,?] hand [x_bow,skeletons,rocket,?] elixir 8 wall=11:32:01.026
[student] TAP slot 0 x_bow cell 267 wall=11:32:01.362
[student] TRAY first +0.28s tapped slot 0 meant x_bow before [x_bow,skeletons,rocket,?] now [?,skeletons,?,?] slot_now ? elixir 8->6 wall=11:32:01.644
[student] PLAY skeletons p=0.93 cell 309 board (0.19, 0.73) units 2 16 ms tap [?,skeletons,?,?] hand [?,skeletons,?,?] elixir 6 wall=11:32:01.729
[student] TAP slot 1 skeletons cell 255 wall=11:32:02.067
[student] TRAY first +0.27s tapped slot 1 meant skeletons before [?,skeletons,?,?] now [?,?,rocket,ice_wizard] slot_now ? elixir 6->1 wall=11:32:02.339
[student] TRAY settled +0.61s tapped slot 1 meant skeletons before [?,skeletons,?,?] now [?,?,rocket,ice_wizard] slot_now ? elixir 6->1 wall=11:32:02.676
[student] PLAY ice_wizard p=0.62 cell 343 board (0.08, 0.8) units 6 25 ms tap [tornado,knight,?,ice_wizard] hand [tornado,knight,rocket,ice_wizard] elixir 3 wall=11:32:08.304
[student] TAP slot 3 ice_wizard cell 343 wall=11:32:08.658
[student] TRAY first +0.29s tapped slot 3 meant ice_wizard before [tornado,knight,rocket,ice_wizard] now [tornado,knight,rocket,?] slot_now ? elixir 3->3 wall=11:32:08.945
[student] TRAY settled +1.12s tapped slot 3 meant ice_wizard before [tornado,knight,rocket,ice_wizard] now [tornado,knight,rocket,?] slot_now ? elixir 3->0 wall=11:32:09.783
[student] PLAY knight p=0.34 cell 297 board (0.53, 0.7) units 5 20 ms tap [tornado,knight,?,?] hand [tornado,knight,rocket,tesla] elixir 3 wall=11:32:16.033
[student] TAP slot 1 knight cell 297 wall=11:32:16.366
[student] TRAY first +0.26s tapped slot 1 meant knight before [tornado,knight,rocket,tesla] now [tornado,?,rocket,tesla] slot_now ? elixir 3->3 wall=11:32:16.628
[student] TRAY settled +0.65s tapped slot 1 meant knight before [tornado,knight,rocket,tesla] now [tornado,?,rocket,tesla] slot_now ? elixir 3->0 wall=11:32:17.019
[student] WAIT p=0.23 elixir 3 opp~? units 3 dets 3 (waits 719/1045 badhand 370/1586) tap [tornado,the_log,?,?] wall=11:32:24.357
[student] PLAY the_log p=0.29 cell 266 board (0.81, 0.61) units 3 21 ms tap [tornado,the_log,?,?] hand [tornado,the_log,rocket,tesla] elixir 3 wall=11:32:26.594
[student] TAP slot 1 the_log cell 282 wall=11:32:26.938
[student] TRAY first +0.26s tapped slot 1 meant the_log before [tornado,the_log,rocket,tesla] now [tornado,?,rocket,tesla] slot_now ? elixir 3->2 wall=11:32:27.194
[student] TRAY settled +0.61s tapped slot 1 meant the_log before [tornado,the_log,rocket,tesla] now [tornado,?,rocket,tesla] slot_now ? elixir 3->2 wall=11:32:27.552
[student] PLAY tornado p=0.61 cell 350 board (0.47, 0.83) units 3 29 ms tap [tornado,?,?,?] hand [tornado,ice_wizard,rocket,tesla] elixir 3 wall=11:32:30.266
[assist] TORNADO king-spot cell 350->332 trigger skeletons at (0.33,0.64) enemy tracks 7 wall=11:32:30.267
[student] TAP slot 0 tornado cell 332 wall=11:32:30.607
[student] TRAY first +0.27s tapped slot 0 meant tornado before [tornado,ice_wizard,rocket,tesla] now [?,x_bow,rocket,tesla] slot_now ? elixir 3->3 wall=11:32:30.873
[student] TRAY settled +0.62s tapped slot 0 meant tornado before [tornado,ice_wizard,rocket,tesla] now [?,tornado,rocket,tesla] slot_now ? elixir 3->0 wall=11:32:31.225
[student] WAIT | exact=0 opp=? next=2 t=48s hand=[7, 6, 4, 164] tw=1.01.01.01.01.01.0 sp=0 unk=0 p=0.04 elixir 2 opp~? units 1 dets 1 (waits 726/1054 badhand 370/1598) tap [skeletons,?,?,?] wall=11:32:35.624
[student] WAIT | exact=0 opp=? next=2 t=55s hand=[7, 3, 4, 164] tw=1.01.01.01.01.01.0 sp=0 unk=0 p=0.04 elixir 4 opp~? units 0 dets 0 (waits 736/1064 badhand 370/1608) tap [skeletons,?,?,tesla] wall=11:32:42.182
[student] PLAY skeletons p=0.94 cell 242 board (0.47, 0.55) units 1 19 ms tap [skeletons,?,?,tesla] hand [skeletons,x_bow,rocket,tesla] elixir 5 wall=11:32:44.995
[student] TAP slot 0 skeletons cell 242 wall=11:32:45.347
[student] TRAY first +0.26s tapped slot 0 meant skeletons before [skeletons,x_bow,rocket,tesla] now [?,x_bow,rocket,tesla] slot_now ? elixir 5->3 wall=11:32:45.607
[student] TRAY settled +0.61s tapped slot 0 meant skeletons before [skeletons,x_bow,rocket,tesla] now [?,x_bow,rocket,tesla] slot_now ? elixir 5->4 wall=11:32:45.961
[student] PLAY ice_wizard p=0.79 cell 309 board (0.19, 0.73) units 2 27 ms tap [ice_wizard,?,?,tesla] hand [ice_wizard,x_bow,rocket,tesla] elixir 5 wall=11:32:47.453
[student] TAP slot 0 ice_wizard cell 255 wall=11:32:47.797
[student] TRAY first +0.29s tapped slot 0 meant ice_wizard before [ice_wizard,x_bow,rocket,tesla] now [?,the_log,rocket,tesla] slot_now ? elixir 5->3 wall=11:32:48.088
[student] TRAY settled +0.69s tapped slot 0 meant ice_wizard before [ice_wizard,x_bow,rocket,tesla] now [?,the_log,rocket,tesla] slot_now ? elixir 5->2 wall=11:32:48.490
[student] WAIT p=0.15 elixir 3 opp~? units 3 dets 4 (waits 743/1073 badhand 373/1620) tap [knight,?,?,?] wall=11:32:49.884
[student] PLAY knight p=0.92 cell 310 board (0.25, 0.73) units 5 22 ms tap [knight,?,?,?] hand [knight,tesla,rocket,tesla] elixir 4 wall=11:32:52.262
[student] TAP slot 0 knight cell 256 wall=11:32:52.606
[student] TRAY first +0.26s tapped slot 0 meant knight before [knight,tesla,rocket,tesla] now [?,x_bow,rocket,tesla] slot_now ? elixir 4->4 wall=11:32:52.868
[student] TRAY settled +1.09s tapped slot 0 meant knight before [knight,tesla,rocket,tesla] now [?,tesla,rocket,tesla] slot_now ? elixir 4->1 wall=11:32:53.695
[student] PLAY the_log p=0.36 cell 237 board (0.19, 0.55) units 2 20 ms tap [the_log,?,?,?] hand [the_log,ice_wizard,rocket,tesla] elixir 3 wall=11:32:58.231
[student] TAP slot 0 the_log cell 292 wall=11:32:58.577
[student] TRAY first +0.27s tapped slot 0 meant the_log before [the_log,ice_wizard,rocket,tesla] now [?,tesla,rocket,tesla] slot_now ? elixir 3->2 wall=11:32:58.844
[student] TRAY settled +0.63s tapped slot 0 meant the_log before [the_log,ice_wizard,rocket,tesla] now [?,tesla,rocket,tesla] slot_now ? elixir 3->1 wall=11:32:59.203
[student] WAIT NO-TRAY-MATCH p=0.14 elixir 2 opp~? units 3 dets 4 (waits 747/1079 badhand 374/1632) tap [?,?,?,?] wall=11:33:01.092
[student] PLAY tornado p=0.74 cell 352 board (0.58, 0.83) units 4 15 ms tap [tornado,?,?,?] hand [tornado,ice_wizard,rocket,tesla] elixir 3 wall=11:33:03.931
[student] TAP slot 0 tornado cell 352 wall=11:33:04.263
[student] TRAY first +0.25s tapped slot 0 meant tornado before [tornado,ice_wizard,rocket,tesla] now [?,x_bow,rocket,tesla] slot_now ? elixir 3->3 wall=11:33:04.514
[student] TRAY settled +1.00s tapped slot 0 meant tornado before [tornado,ice_wizard,rocket,tesla] now [?,tornado,rocket,tesla] slot_now ? elixir 3->0 wall=11:33:05.267
[student] PLAY skeletons p=0.37 cell 336 board (0.69, 0.77) units 3 28 ms tap [skeletons,?,?,?] hand [skeletons,?,rocket,tesla] elixir 1 wall=11:33:06.816
[student] TAP slot 0 skeletons cell 336 wall=11:33:07.165
[student] TRAY first +0.28s tapped slot 0 meant skeletons before [skeletons,?,rocket,tesla] now [?,x_bow,rocket,tesla] slot_now ? elixir 1->1 wall=11:33:07.446
[student] TRAY settled +0.62s tapped slot 0 meant skeletons before [skeletons,?,rocket,tesla] now [?,tornado,rocket,tesla] slot_now ? elixir 1->0 wall=11:33:07.789
[student] WAIT NO-TRAY-MATCH p=0.07 elixir 3 opp~? units 2 dets 2 (waits 748/1082 badhand 374/1644) tap [?,?,?,?] wall=11:33:15.681
[student] PLAY tesla p=0.36 cell 279 board (0.5, 0.66) units 2 24 ms tap [ice_wizard,?,?,tesla] hand [ice_wizard,x_bow,rocket,tesla] elixir 5 wall=11:33:21.815
[student] TAP slot 3 tesla cell 279 wall=11:33:22.163
[student] TRAY first +0.26s tapped slot 3 meant tesla before [ice_wizard,x_bow,rocket,tesla] now [ice_wizard,the_log,rocket,?] slot_now ? elixir 5->4 wall=11:33:22.425
[student] TRAY settled +1.13s tapped slot 3 meant tesla before [ice_wizard,x_bow,rocket,tesla] now [ice_wizard,the_log,rocket,?] slot_now ? elixir 5->2 wall=11:33:23.289
[student] WAIT NO-TRAY-MATCH p=0.02 elixir 2 opp~? units 1 dets 1 (waits 755/1090 badhand 376/1655) tap [?,?,?,?] wall=11:33:23.377
[student] PLAY knight_evo p=0.35 cell 237 board (0.19, 0.55) units 4 33 ms tap [ice_wizard,?,?,knight_evo] hand [ice_wizard,tesla,rocket,knight_evo] elixir 3 wall=11:33:29.237
[student] TAP slot 3 knight_evo cell 237 wall=11:33:29.598
[student] TRAY first +0.94s tapped slot 3 meant knight_evo before [ice_wizard,tesla,rocket,knight_evo] now [ice_wizard,tesla,rocket,?] slot_now ? elixir 3->3 wall=11:33:30.540
[student] WAIT NO-TRAY-MATCH p=0.03 elixir 2 opp~? units 2 dets 2 (waits 759/1095 badhand 377/1666) tap [?,?,?,?] wall=11:33:32.967
[student] PLAY ice_wizard p=0.33 cell 320 board (0.81, 0.73) units 2 20 ms tap [ice_wizard,?,?,the_log] hand [ice_wizard,x_bow,rocket,the_log] elixir 4 wall=11:33:39.544
[student] TAP slot 0 ice_wizard cell 266 wall=11:33:39.898
[student] TRAY first +1.10s tapped slot 0 meant ice_wizard before [ice_wizard,x_bow,rocket,the_log] now [?,the_log,rocket,the_log] slot_now ? elixir 4->3 wall=11:33:40.995
[clock] icon reads x3 but the clock reads x1 -> using the clock (x1)
[student] WAIT p=0.12 elixir 3 opp~? units 2 dets 3 (waits 765/1102 badhand 378/1677) tap [tornado,?,?,the_log] wall=11:33:44.694
[clock] icon reads x3 but the clock reads x2 -> using the clock (x2)
11:33:48 [play] elixir x2
[student] PLAY x_bow p=0.37 cell 254 board (0.14, 0.61) units 1 27 ms tap [tornado,x_bow,rocket,the_log] hand [tornado,x_bow,rocket,the_log] elixir 9 wall=11:33:52.286
[student] TAP slot 1 x_bow cell 254 wall=11:33:52.631
[student] TRAY first +0.76s tapped slot 1 meant x_bow before [tornado,x_bow,rocket,the_log] now [tornado,?,rocket,the_log] slot_now ? elixir 9->6 wall=11:33:53.395
[student] PLAY tornado p=0.51 cell 80 board (0.47, 0.2) units 2 26 ms tap [tornado,?,?,the_log] hand [tornado,?,rocket,the_log] elixir 6 wall=11:33:53.484
[assist] TORNADO king-spot cell 80->333 trigger boss_bandit at (0.58,0.69) enemy tracks 1 wall=11:33:53.484
[student] TAP slot 0 tornado cell 333 wall=11:33:53.846
[student] TRAY first +0.65s tapped slot 0 meant tornado before [tornado,?,rocket,the_log] now [?,skeletons,rocket,the_log] slot_now ? elixir 6->3 wall=11:33:54.492
[student] WAIT p=0.26 elixir 3 opp~? units 1 dets 3 (waits 775/1114 badhand 380/1689) tap [?,skeletons,?,?] wall=11:33:54.583
11:33:55 [play] UNKNOWN 1.0s after in-match -> grace hold (label lost: overtime / end animation / dropout; up to 150s)
11:34:03 [play] state: MATCH_END
11:34:03 [nav] MATCH_END -> Play Again (located) (0.348,0.914)
[overlay-replay] saved C:\Users\benpe\ClashBot\icebow\data\overlayed_replays\match_20260912_113147.mp4 (6823 frames, captured 29.2 fps)
11:34:04 [play] state: UNKNOWN
11:34:10 [play] state: IN_MATCH
[student] PLAY x_bow p=0.39 cell 267 board (0.86, 0.61) units 0 12 ms tap [knight,rocket,ice_wizard,x_bow] hand [knight,rocket,ice_wizard,x_bow] elixir 10 wall=11:34:17.580
[student] TAP slot 3 x_bow cell 267 wall=11:34:17.927
[student] TRAY first +0.28s tapped slot 3 meant x_bow before [knight,rocket,ice_wizard,x_bow] now [knight,rocket,ice_wizard,?] slot_now ? elixir 10->6 wall=11:34:18.202
[student] PLAY knight p=0.81 cell 247 board (0.75, 0.55) units 1 22 ms tap [knight,?,ice_wizard,?] hand [knight,rocket,ice_wizard,?] elixir 6 wall=11:34:18.288
[student] TAP slot 0 knight cell 247 wall=11:34:18.645
[student] TRAY first +0.28s tapped slot 0 meant knight before [knight,rocket,ice_wizard,?] now [?,rocket,tornado,?] slot_now ? elixir 6->3 wall=11:34:18.924
[student] WAIT NO-TRAY-MATCH p=0.07 elixir 3 opp~? units 2 dets 2 (waits 784/1125 badhand 384/1701) tap [?,?,?,?] wall=11:34:19.032
[student] TRAY settled +0.69s tapped slot 0 meant knight before [knight,rocket,ice_wizard,?] now [?,rocket,tornado,the_log] slot_now ? elixir 6->1 wall=11:34:19.330
[student] PLAY the_log p=0.49 cell 309 board (0.19, 0.73) units 5 22 ms tap [?,?,?,the_log] hand [tesla,rocket,ice_wizard,the_log] elixir 2 wall=11:34:22.144
[student] TAP slot 3 the_log cell 361 wall=11:34:22.502
[student] TRAY first +0.28s tapped slot 3 meant the_log before [tesla,rocket,ice_wizard,the_log] now [tesla,rocket,tornado,?] slot_now ? elixir 2->2 wall=11:34:22.785
[student] TRAY settled +0.87s tapped slot 3 meant the_log before [tesla,rocket,ice_wizard,the_log] now [tesla,rocket,tornado,?] slot_now ? elixir 2->0 wall=11:34:23.377
[student] PLAY skeletons p=0.29 cell 251 board (0.97, 0.58) units 3 20 ms tap [?,?,?,skeletons] hand [tesla,rocket,ice_wizard,skeletons] elixir 2 wall=11:34:27.973
[student] TAP slot 3 skeletons cell 250 wall=11:34:28.314
[student] TRAY first +0.26s tapped slot 3 meant skeletons before [tesla,rocket,ice_wizard,skeletons] now [tesla,rocket,ice_wizard,?] slot_now ? elixir 2->1 wall=11:34:28.578
[student] TRAY settled +0.62s tapped slot 3 meant skeletons before [tesla,rocket,ice_wizard,skeletons] now [tesla,rocket,ice_wizard,?] slot_now ? elixir 2->1 wall=11:34:28.934
[student] PLAY ice_wizard p=0.71 cell 249 board (0.86, 0.55) units 4 28 ms tap [?,?,ice_wizard,tornado] hand [tesla,rocket,ice_wizard,tornado] elixir 3 wall=11:34:33.789
[student] TAP slot 2 ice_wizard cell 249 wall=11:34:34.168
[student] TRAY first +0.28s tapped slot 2 meant ice_wizard before [tesla,rocket,ice_wizard,tornado] now [tesla,rocket,?,tornado] slot_now ? elixir 3->3 wall=11:34:34.450
[student] TRAY settled +1.08s tapped slot 2 meant ice_wizard before [tesla,rocket,ice_wizard,tornado] now [tesla,rocket,?,tornado] slot_now ? elixir 3->0 wall=11:34:35.247
[student] PLAY tornado p=0.31 cell 80 board (0.47, 0.2) units 2 28 ms tap [?,?,?,tornado] hand [tesla,rocket,ice_wizard,tornado] elixir 3 wall=11:34:41.829
[assist] TORNADO nearest cell 80->212 target royal_recruit at (0.77,0.44) enemy tracks 1 wall=11:34:41.830
[student] TAP slot 3 tornado cell 212 wall=11:34:42.175
[student] TRAY first +0.29s tapped slot 3 meant tornado before [tesla,rocket,ice_wizard,tornado] now [tesla,rocket,x_bow,?] slot_now ? elixir 3->3 wall=11:34:42.468
[student] TRAY settled +0.75s tapped slot 3 meant tornado before [tesla,rocket,ice_wizard,tornado] now [tesla,rocket,?,?] slot_now ? elixir 3->0 wall=11:34:42.926
[student] WAIT NO-TRAY-MATCH p=0.11 elixir 2 opp~? units 1 dets 1 (waits 789/1134 badhand 385/1715) tap [?,?,?,?] wall=11:34:48.446
[student] PLAY knight p=0.72 cell 273 board (0.19, 0.64) units 3 20 ms tap [?,?,?,knight] hand [tesla,rocket,ice_wizard,knight] elixir 3 wall=11:34:50.237
[student] TAP slot 3 knight cell 273 wall=11:34:50.608
[student] TRAY first +0.29s tapped slot 3 meant knight before [tesla,rocket,ice_wizard,knight] now [tesla,rocket,?,?] slot_now ? elixir 3->3 wall=11:34:50.894
[student] TRAY settled +0.88s tapped slot 3 meant knight before [tesla,rocket,ice_wizard,knight] now [tesla,rocket,?,?] slot_now ? elixir 3->0 wall=11:34:51.484
[student] WAIT p=0.12 elixir 4 opp~? units 1 dets 1 (waits 796/1142 badhand 385/1726) tap [tesla,?,?,the_log] wall=11:35:02.232
[student] WAIT p=0.12 elixir 6 opp~? units 0 dets 0 (waits 806/1152 badhand 385/1736) tap [tesla,rocket,x_bow,the_log] wall=11:35:07.436
[student] PLAY tesla p=0.33 cell 279 board (0.5, 0.66) units 1 23 ms tap [tesla,rocket,x_bow,the_log] hand [tesla,rocket,x_bow,the_log] elixir 6 wall=11:35:08.562
[student] TAP slot 0 tesla cell 279 wall=11:35:08.897
[student] TRAY first +0.24s tapped slot 0 meant tesla before [tesla,rocket,x_bow,the_log] now [?,rocket,ice_wizard,the_log] slot_now ? elixir 6->4 wall=11:35:09.141
[student] TRAY settled +1.07s tapped slot 0 meant tesla before [tesla,rocket,x_bow,the_log] now [?,rocket,ice_wizard,the_log] slot_now ? elixir 6->3 wall=11:35:09.967
[student] PLAY skeletons p=0.49 cell 241 board (0.42, 0.55) units 2 16 ms tap [skeletons,?,?,the_log] hand [skeletons,rocket,ice_wizard,the_log] elixir 3 wall=11:35:10.777
[student] TAP slot 0 skeletons cell 241 wall=11:35:11.123
[student] TRAY first +0.31s tapped slot 0 meant skeletons before [skeletons,rocket,ice_wizard,the_log] now [?,rocket,the_log,the_log] slot_now ? elixir 3->2 wall=11:35:11.429
[student] TRAY settled +0.65s tapped slot 0 meant skeletons before [skeletons,rocket,ice_wizard,the_log] now [?,rocket,ice_wizard,the_log] slot_now ? elixir 3->2 wall=11:35:11.777
[student] PLAY the_log p=0.48 cell 238 board (0.25, 0.55) units 2 17 ms tap [?,?,?,the_log] hand [ice_wizard,rocket,ice_wizard,the_log] elixir 3 wall=11:35:13.098
[student] TAP slot 3 the_log cell 275 wall=11:35:13.435
[student] TRAY first +0.32s tapped slot 3 meant the_log before [ice_wizard,rocket,ice_wizard,the_log] now [ice_wizard,rocket,ice_wizard,?] slot_now ? elixir 3->2 wall=11:35:13.758
[student] TRAY settled +0.66s tapped slot 3 meant the_log before [ice_wizard,rocket,ice_wizard,the_log] now [ice_wizard,rocket,ice_wizard,?] slot_now ? elixir 3->1 wall=11:35:14.091
[student] WAIT NO-TRAY-MATCH p=0.01 elixir 2 opp~? units 2 dets 3 (waits 811/1160 badhand 390/1749) tap [?,?,?,?] wall=11:35:17.158
[student] PLAY tornado p=0.69 cell 385 board (0.42, 0.89) units 2 29 ms tap [?,?,?,tornado] hand [ice_wizard,rocket,ice_wizard,tornado] elixir 3 wall=11:35:18.613
[student] TAP slot 3 tornado cell 385 wall=11:35:18.963
[student] TRAY first +0.28s tapped slot 3 meant tornado before [ice_wizard,rocket,ice_wizard,tornado] now [tornado,rocket,x_bow,?] slot_now ? elixir 3->3 wall=11:35:19.244
[student] TRAY settled +1.09s tapped slot 3 meant tornado before [ice_wizard,rocket,ice_wizard,tornado] now [ice_wizard,rocket,?,?] slot_now ? elixir 3->0 wall=11:35:20.052
[student] WAIT | exact=0 opp=? next=164 t=80s hand=[2, 4, 3, 149] tw=1.01.01.01.01.00.0x sp=0 unk=0 p=0.05 elixir 4 opp~? units 2 dets 2 (waits 818/1168 badhand 391/1760) tap [ice_wizard,?,?,knight_evo] wall=11:35:30.143
[student] PLAY ice_wizard p=0.33 cell 235 board (0.08, 0.55) units 3 20 ms tap [ice_wizard,?,?,knight_evo] hand [ice_wizard,rocket,x_bow,knight_evo] elixir 5 wall=11:35:33.745
[student] TAP slot 0 ice_wizard cell 235 wall=11:35:34.092
[student] TRAY first +0.25s tapped slot 0 meant ice_wizard before [ice_wizard,rocket,x_bow,knight_evo] now [?,rocket,ice_wizard,knight_evo] slot_now ? elixir 5->3 wall=11:35:34.340
[student] TRAY settled +0.56s tapped slot 0 meant ice_wizard before [ice_wizard,rocket,x_bow,knight_evo] now [?,rocket,ice_wizard,knight_evo] slot_now ? elixir 5->2 wall=11:35:34.653
[student] PLAY knight_evo p=0.64 cell 329 board (0.31, 0.77) units 3 31 ms tap [?,?,?,knight_evo] hand [tesla,rocket,ice_wizard,knight_evo] elixir 3 wall=11:35:36.266
[student] TAP slot 3 knight_evo cell 329 wall=11:35:36.620
[student] TRAY first +0.30s tapped slot 3 meant knight_evo before [tesla,rocket,ice_wizard,knight_evo] now [tesla,rocket,?,?] slot_now ? elixir 3->3 wall=11:35:36.920
[student] TRAY settled +0.68s tapped slot 3 meant knight_evo before [tesla,rocket,ice_wizard,knight_evo] now [tesla,rocket,?,?] slot_now ? elixir 3->0 wall=11:35:37.305
[student] PLAY skeletons p=0.46 cell 310 board (0.25, 0.73) units 2 25 ms tap [?,?,?,skeletons] hand [tesla,rocket,ice_wizard,skeletons] elixir 1 wall=11:35:38.940
[student] TAP slot 3 skeletons cell 256 wall=11:35:39.288
[student] TRAY first +0.26s tapped slot 3 meant skeletons before [tesla,rocket,ice_wizard,skeletons] now [tesla,rocket,?,?] slot_now ? elixir 1->1 wall=11:35:39.551
[student] TRAY settled +1.08s tapped slot 3 meant skeletons before [tesla,rocket,ice_wizard,skeletons] now [tesla,rocket,?,?] slot_now ? elixir 1->0 wall=11:35:40.365
[student] WAIT NO-TRAY-MATCH p=0.14 elixir 2 opp~? units 3 dets 3 (waits 826/1179 badhand 392/1773) tap [?,?,?,?] wall=11:35:44.020
[student] PLAY the_log p=0.30 cell 238 board (0.25, 0.55) units 3 24 ms tap [?,?,?,the_log] hand [tesla,rocket,ice_wizard,the_log] elixir 2 wall=11:35:46.077
[student] TAP slot 3 the_log cell 237 wall=11:35:46.418
[student] TRAY first +0.28s tapped slot 3 meant the_log before [tesla,rocket,ice_wizard,the_log] now [tesla,rocket,ice_wizard,?] slot_now ? elixir 2->2 wall=11:35:46.700
[student] TRAY settled +0.91s tapped slot 3 meant the_log before [tesla,rocket,ice_wizard,the_log] now [tesla,rocket,ice_wizard,?] slot_now ? elixir 2->1 wall=11:35:47.328
[student] PLAY tornado p=0.69 cell 148 board (0.25, 0.36) units 4 30 ms tap [?,?,?,tornado] hand [tesla,rocket,ice_wizard,tornado] elixir 3 wall=11:35:53.916
[student] TAP slot 3 tornado cell 148 wall=11:35:54.281
[student] TRAY first +1.05s tapped slot 3 meant tornado before [tesla,rocket,ice_wizard,tornado] now [tesla,rocket,rocket,?] slot_now ? elixir 3->3 wall=11:35:55.336
[student] WAIT NO-TRAY-MATCH p=0.10 elixir 3 opp~? units 0 dets 0 (waits 826/1181 badhand 392/1785) tap [?,?,?,?] wall=11:36:03.682
[clock] icon reads x2 but the clock reads x1 -> using the clock (x1)
[clock] icon reads x3 but the clock reads x1 -> using the clock (x1)
[student] PLAY x_bow p=0.36 cell 267 board (0.86, 0.61) units 0 17 ms tap [tesla,rocket,x_bow,ice_wizard] hand [tesla,rocket,x_bow,ice_wizard] elixir 7 wall=11:36:09.348
[student] TAP slot 2 x_bow cell 267 wall=11:36:09.702
[student] TRAY first +0.73s tapped slot 2 meant x_bow before [tesla,rocket,x_bow,ice_wizard] now [tesla,rocket,?,ice_wizard] slot_now ? elixir 7->6 wall=11:36:10.428
[clock] icon reads x3 but the clock reads x2 -> using the clock (x2)
11:36:11 [play] elixir x2
[student] PLAY knight p=0.79 cell 247 board (0.75, 0.55) units 1 21 ms tap [?,?,knight,ice_wizard] hand [tesla,rocket,knight,ice_wizard] elixir 3 wall=11:36:12.822
[student] TAP slot 2 knight cell 247 wall=11:36:13.180
[student] TRAY first +0.70s tapped slot 2 meant knight before [tesla,rocket,knight,ice_wizard] now [tesla,rocket,?,ice_wizard] slot_now ? elixir 3->4 wall=11:36:13.881
[student] PLAY ice_wizard p=0.32 cell 247 board (0.75, 0.55) units 3 23 ms tap [?,?,skeletons,ice_wizard] hand [tesla,rocket,skeletons,ice_wizard] elixir 3 wall=11:36:17.010
[student] TAP slot 3 ice_wizard cell 247 wall=11:36:17.368
[student] TRAY first +0.61s tapped slot 3 meant ice_wizard before [tesla,rocket,skeletons,ice_wizard] now [tesla,rocket,skeletons,?] slot_now ? elixir 3->3 wall=11:36:17.978
[student] PLAY skeletons p=0.56 cell 248 board (0.81, 0.55) units 3 26 ms tap [?,?,skeletons,?] hand [tesla,rocket,skeletons,?] elixir 3 wall=11:36:18.073
[student] TAP slot 2 skeletons cell 248 wall=11:36:18.435
[student] TRAY first +0.68s tapped slot 2 meant skeletons before [tesla,rocket,skeletons,?] now [tesla,rocket,?,?] slot_now ? elixir 3->1 wall=11:36:19.115
[student] WAIT p=0.12 elixir 2 opp~? units 3 dets 3 (waits 834/1193 badhand 395/1799) tap [?,?,?,the_log] wall=11:36:20.856
[student] PLAY the_log p=0.33 cell 237 board (0.19, 0.55) units 5 18 ms tap [?,?,tornado,the_log] hand [tesla,rocket,tornado,the_log] elixir 3 wall=11:36:22.368
[student] TAP slot 3 the_log cell 237 wall=11:36:22.746
[student] TRAY first +0.68s tapped slot 3 meant the_log before [tesla,rocket,tornado,the_log] now [tesla,rocket,tornado,?] slot_now ? elixir 3->2 wall=11:36:23.431
[student] PLAY tornado p=0.55 cell 129 board (0.19, 0.3) units 5 24 ms tap [?,?,tornado,?] hand [tesla,rocket,tornado,ice_wizard] elixir 3 wall=11:36:25.049
[student] TAP slot 2 tornado cell 129 wall=11:36:25.415
[student] TRAY first +0.76s tapped slot 2 meant tornado before [tesla,rocket,tornado,ice_wizard] now [tesla,rocket,?,?] slot_now ? elixir 3->3 wall=11:36:26.177
[student] PLAY knight p=0.65 cell 248 board (0.81, 0.55) units 5 17 ms tap [?,?,knight,?] hand [tesla,rocket,knight,ice_wizard] elixir 3 wall=11:36:29.521
[student] TAP slot 2 knight cell 248 wall=11:36:29.882
[student] TRAY first +0.80s tapped slot 2 meant knight before [tesla,rocket,knight,ice_wizard] now [tesla,rocket,?,?] slot_now ? elixir 3->3 wall=11:36:30.687
[student] PLAY tesla p=0.95 cell 246 board (0.67, 0.56) units 6 28 ms tap [tesla,?,?,?] hand [tesla,rocket,ice_wizard,ice_wizard] elixir 4 wall=11:36:34.326
[student] TAP slot 0 tesla cell 246 wall=11:36:34.662
[student] TRAY first +0.28s tapped slot 0 meant tesla before [tesla,rocket,ice_wizard,ice_wizard] now [?,rocket,ice_wizard,?] slot_now ? elixir 4->4 wall=11:36:34.940
[student] TRAY settled +0.85s tapped slot 0 meant tesla before [tesla,rocket,ice_wizard,ice_wizard] now [?,rocket,tornado,?] slot_now ? elixir 4->0 wall=11:36:35.517
[student] PLAY skeletons p=0.34 cell 250 board (0.92, 0.55) units 4 30 ms tap [skeletons,?,?,?] hand [skeletons,rocket,ice_wizard,tesla] elixir 1 wall=11:36:36.498
[student] TAP slot 0 skeletons cell 250 wall=11:36:36.835
[student] TRAY first +0.32s tapped slot 0 meant skeletons before [skeletons,rocket,ice_wizard,tesla] now [?,rocket,ice_wizard,?] slot_now ? elixir 1->1 wall=11:36:37.156
[student] TRAY settled +0.68s tapped slot 0 meant skeletons before [skeletons,rocket,ice_wizard,tesla] now [?,rocket,ice_wizard,?] slot_now ? elixir 1->1 wall=11:36:37.513
[student] PLAY the_log p=0.86 cell 343 board (0.08, 0.83) units 7 24 ms tap [the_log,?,?,?] hand [the_log,rocket,ice_wizard,ice_wizard] elixir 2 wall=11:36:39.493
[student] TAP slot 0 the_log cell 362 wall=11:36:39.858
[student] TRAY first +0.29s tapped slot 0 meant the_log before [the_log,rocket,ice_wizard,ice_wizard] now [?,rocket,tesla,tesla] slot_now ? elixir 2->2 wall=11:36:40.150
[student] TRAY settled +0.68s tapped slot 0 meant the_log before [the_log,rocket,ice_wizard,ice_wizard] now [?,rocket,ice_wizard,tesla] slot_now ? elixir 2->1 wall=11:36:40.539
[student] WAIT NO-TRAY-MATCH p=0.04 elixir 2 opp~? units 4 dets 5 (waits 835/1200 badhand 397/1815) tap [?,?,?,?] wall=11:36:41.675
[student] PLAY tornado p=0.56 cell 165 board (0.19, 0.39) units 5 37 ms tap [tornado,?,?,?] hand [tornado,rocket,ice_wizard,ice_wizard] elixir 3 wall=11:36:42.741
[student] TAP slot 0 tornado cell 165 wall=11:36:43.084
[student] TRAY first +0.28s tapped slot 0 meant tornado before [tornado,rocket,ice_wizard,ice_wizard] now [?,rocket,ice_wizard,?] slot_now ? elixir 3->3 wall=11:36:43.368
[student] TRAY settled +0.68s tapped slot 0 meant tornado before [tornado,rocket,ice_wizard,ice_wizard] now [?,rocket,ice_wizard,?] slot_now ? elixir 3->0 wall=11:36:43.761
[student] PLAY knight_evo p=0.39 cell 248 board (0.81, 0.55) units 4 39 ms tap [knight_evo,?,?,?] hand [knight_evo,rocket,ice_wizard,ice_wizard] elixir 3 wall=11:36:47.375
[student] TAP slot 0 knight_evo cell 248 wall=11:36:47.728
[student] TRAY first +0.31s tapped slot 0 meant knight_evo before [knight_evo,rocket,ice_wizard,ice_wizard] now [?,rocket,tornado,?] slot_now ? elixir 3->3 wall=11:36:48.040
[student] TRAY settled +0.76s tapped slot 0 meant knight_evo before [knight_evo,rocket,ice_wizard,ice_wizard] now [?,rocket,ice_wizard,?] slot_now ? elixir 3->1 wall=11:36:48.487
[student] PLAY tesla_evo p=0.96 cell 309 board (0.17, 0.72) units 3 32 ms tap [tesla_evo,?,?,?] hand [tesla_evo,rocket,ice_wizard,ice_wizard] elixir 4 wall=11:36:52.611
[student] TAP slot 0 tesla_evo cell 255 wall=11:36:52.980
[student] TRAY first +0.30s tapped slot 0 meant tesla_evo before [tesla_evo,rocket,ice_wizard,ice_wizard] now [?,rocket,ice_wizard,?] slot_now ? elixir 4->4 wall=11:36:53.285
[student] TRAY settled +0.67s tapped slot 0 meant tesla_evo before [tesla_evo,rocket,ice_wizard,ice_wizard] now [?,rocket,tornado,?] slot_now ? elixir 4->0 wall=11:36:53.652
[student] WAIT p=0.19 elixir 1 opp~? units 3 dets 3 (waits 836/1204 badhand 400/1828) tap [skeletons,?,?,?] wall=11:36:55.053
[student] PLAY skeletons p=0.48 cell 237 board (0.19, 0.55) units 4 27 ms tap [skeletons,?,?,?] hand [skeletons,rocket,ice_wizard,the_log] elixir 2 wall=11:36:55.741
[student] TAP slot 0 skeletons cell 237 wall=11:36:56.097
[student] TRAY first +0.26s tapped slot 0 meant skeletons before [skeletons,rocket,ice_wizard,the_log] now [?,rocket,ice_wizard,the_log] slot_now ? elixir 2->1 wall=11:36:56.359
[student] TRAY settled +0.72s tapped slot 0 meant skeletons before [skeletons,rocket,ice_wizard,the_log] now [?,rocket,ice_wizard,the_log] slot_now ? elixir 2->2 wall=11:36:56.816
[student] PLAY the_log p=0.74 cell 327 board (0.19, 0.77) units 5 22 ms tap [the_log,?,?,?] hand [the_log,rocket,ice_wizard,ice_wizard] elixir 2 wall=11:36:57.869
[student] TAP slot 0 the_log cell 380 wall=11:36:58.247
[student] TRAY first +0.30s tapped slot 0 meant the_log before [the_log,rocket,ice_wizard,ice_wizard] now [?,rocket,ice_wizard,tesla] slot_now ? elixir 2->2 wall=11:36:58.542
[student] TRAY settled +0.62s tapped slot 0 meant the_log before [the_log,rocket,ice_wizard,ice_wizard] now [?,rocket,ice_wizard,tesla] slot_now ? elixir 2->1 wall=11:36:58.867
[student] PLAY tornado p=0.44 cell 80 board (0.47, 0.2) units 4 28 ms tap [tornado,?,?,?] hand [tornado,rocket,ice_wizard,ice_wizard] elixir 3 wall=11:37:01.412
[student] TAP slot 0 tornado cell 80 wall=11:37:01.770
[student] TRAY first +0.30s tapped slot 0 meant tornado before [tornado,rocket,ice_wizard,ice_wizard] now [?,rocket,tornado,?] slot_now ? elixir 3->3 wall=11:37:02.075
[student] TRAY settled +0.63s tapped slot 0 meant tornado before [tornado,rocket,ice_wizard,ice_wizard] now [?,rocket,ice_wizard,?] slot_now ? elixir 3->1 wall=11:37:02.402
[student] PLAY knight p=0.41 cell 237 board (0.19, 0.55) units 2 27 ms tap [knight,?,?,?] hand [knight,rocket,ice_wizard,ice_wizard] elixir 3 wall=11:37:05.283
[student] TAP slot 0 knight cell 237 wall=11:37:05.638
[student] TRAY first +0.28s tapped slot 0 meant knight before [knight,rocket,ice_wizard,ice_wizard] now [?,rocket,ice_wizard,?] slot_now ? elixir 3->3 wall=11:37:05.914
11:37:06 [play] UNKNOWN 0.5s after in-match -> grace hold (label lost: overtime / end animation / dropout; up to 150s)
[student] TRAY settled +1.63s tapped slot 0 meant knight before [knight,rocket,ice_wizard,ice_wizard] now [tesla,?,?,?] slot_now tesla elixir 3->0 wall=11:37:07.266
11:37:12 [play] state: MATCH_END
[overlay-replay] saved C:\Users\benpe\ClashBot\icebow\data\overlayed_replays\match_20260912_113410.mp4 (9120 frames, captured 27.6 fps)
11:37:13 [nav] MATCH_END -> Play Again (located) (0.348,0.914)
11:37:13 [play] state: UNKNOWN
11:37:19 [play] state: IN_MATCH
[student] WAIT | exact=0 opp=? next=149 t=2s hand=[6, 7, 2, 0] tw=1.01.01.01.01.01.0 sp=0 unk=0 p=0.01 elixir 8 opp~? units 0 dets 0 (waits 838/1210 badhand 406/1842) tap [the_log,skeletons,ice_wizard,tornado] wall=11:37:21.602
[student] WAIT p=0.05 elixir 10 opp~? units 1 dets 1 (waits 848/1220 badhand 406/1852) tap [the_log,skeletons,ice_wizard,tornado] wall=11:37:28.253
[student] STALL-PLAY the_log p=0.09 cell 248 board (0.81, 0.55) units 1 17 ms tap [the_log,skeletons,ice_wizard,tornado] hand [the_log,skeletons,ice_wizard,tornado] elixir 10 wall=11:37:32.562
[student] TAP slot 0 the_log cell 247 wall=11:37:32.924
[student] TRAY first +0.24s tapped slot 0 meant the_log before [the_log,skeletons,ice_wizard,tornado] now [?,skeletons,ice_wizard,tornado] slot_now ? elixir 10->8 wall=11:37:33.168
[student] PLAY tornado p=0.31 cell 157 board (0.75, 0.36) units 2 26 ms tap [?,skeletons,ice_wizard,tornado] hand [?,skeletons,ice_wizard,tornado] elixir 8 wall=11:37:33.250
[student] TAP slot 3 tornado cell 157 wall=11:37:33.630
[student] TRAY first +0.28s tapped slot 3 meant tornado before [?,skeletons,ice_wizard,tornado] now [?,skeletons,ice_wizard,?] slot_now ? elixir 8->5 wall=11:37:33.911
[student] TRAY settled +0.61s tapped slot 3 meant tornado before [?,skeletons,ice_wizard,tornado] now [?,skeletons,ice_wizard,?] slot_now ? elixir 8->5 wall=11:37:34.244
[student] WAIT | exact=0 opp=? next=164 t=16s hand=[149, 7, 2, 4] tw=1.01.01.01.01.01.0 sp=1 unk=0 p=0.03 elixir 5 opp~? units 1 dets 2 (waits 858/1232 badhand 410/1864) tap [knight,skeletons,ice_wizard,?] wall=11:37:36.012
[student] PLAY skeletons p=0.43 cell 248 board (0.81, 0.55) units 2 7 ms tap [knight,skeletons,ice_wizard,rocket] hand [knight,skeletons,ice_wizard,rocket] elixir 7 wall=11:37:42.113
[student] TAP slot 1 skeletons cell 248 wall=11:37:42.462
[student] TRAY first +0.28s tapped slot 1 meant skeletons before [knight,skeletons,ice_wizard,rocket] now [knight,?,ice_wizard,rocket] slot_now ? elixir 7->7 wall=11:37:42.741
[student] TRAY settled +0.64s tapped slot 1 meant skeletons before [knight,skeletons,ice_wizard,rocket] now [knight,?,ice_wizard,rocket] slot_now ? elixir 7->7 wall=11:37:43.105
[student] WAIT p=0.10 elixir 7 opp~? units 5 dets 5 (waits 868/1243 badhand 412/1875) tap [knight,?,ice_wizard,rocket] wall=11:37:43.200
[student] PLAY ice_wizard p=0.31 cell 297 board (0.53, 0.7) units 4 15 ms tap [knight,?,ice_wizard,rocket] hand [knight,?,ice_wizard,rocket] elixir 7 wall=11:37:43.849
[student] TAP slot 2 ice_wizard cell 297 wall=11:37:44.188
[student] TRAY first +0.24s tapped slot 2 meant ice_wizard before [knight,?,ice_wizard,rocket] now [knight,tesla,?,rocket] slot_now ? elixir 7->4 wall=11:37:44.428
[student] TRAY settled +0.52s tapped slot 2 meant ice_wizard before [knight,?,ice_wizard,rocket] now [knight,tesla,?,rocket] slot_now ? elixir 7->4 wall=11:37:44.709
[student] WAIT p=0.11 elixir 6 opp~? units 4 dets 4 (waits 878/1254 badhand 417/1886) tap [knight,tesla,x_bow,rocket] wall=11:37:49.004
[student] PLAY knight p=0.30 cell 248 board (0.81, 0.55) units 3 23 ms tap [knight,tesla,x_bow,rocket] hand [knight,tesla,x_bow,rocket] elixir 7 wall=11:37:51.972
[student] TAP slot 0 knight cell 248 wall=11:37:52.317
[student] TRAY first +0.28s tapped slot 0 meant knight before [knight,tesla,x_bow,rocket] now [?,tesla,x_bow,rocket] slot_now ? elixir 7->7 wall=11:37:52.600
[student] PLAY tesla p=0.71 cell 261 board (0.5, 0.59) units 5 21 ms tap [?,tesla,x_bow,rocket] hand [?,tesla,x_bow,rocket] elixir 7 wall=11:37:52.679
[student] TAP slot 1 tesla cell 261 wall=11:37:53.021
[student] TRAY first +0.26s tapped slot 1 meant tesla before [?,tesla,x_bow,rocket] now [?,?,rocket,rocket] slot_now ? elixir 7->4 wall=11:37:53.281
[student] TRAY settled +0.61s tapped slot 1 meant tesla before [?,tesla,x_bow,rocket] now [the_log,?,rocket,rocket] slot_now ? elixir 7->0 wall=11:37:53.629
[student] PLAY the_log p=0.35 cell 247 board (0.75, 0.55) units 6 25 ms tap [the_log,?,?,?] hand [the_log,tornado,ice_wizard,rocket] elixir 2 wall=11:37:59.072
[student] TAP slot 0 the_log cell 248 wall=11:37:59.434
[student] TRAY first +0.25s tapped slot 0 meant the_log before [the_log,tornado,ice_wizard,rocket] now [?,tornado,ice_wizard,rocket] slot_now ? elixir 2->2 wall=11:37:59.685
[student] TRAY settled +1.12s tapped slot 0 meant the_log before [the_log,tornado,ice_wizard,rocket] now [?,tornado,ice_wizard,rocket] slot_now ? elixir 2->1 wall=11:38:00.555
[student] WAIT p=0.10 elixir 2 opp~? units 3 dets 4 (waits 886/1265 badhand 418/1899) tap [skeletons,?,?,?] wall=11:38:03.361
[student] PLAY skeletons p=0.32 cell 247 board (0.75, 0.55) units 6 23 ms tap [skeletons,tornado,?,?] hand [skeletons,tornado,ice_wizard,rocket] elixir 3 wall=11:38:05.347
[student] TAP slot 0 skeletons cell 247 wall=11:38:05.692
[student] TRAY first +0.33s tapped slot 0 meant skeletons before [skeletons,tornado,ice_wizard,rocket] now [?,tornado,the_log,rocket] slot_now ? elixir 3->1 wall=11:38:06.021
[student] TRAY settled +0.68s tapped slot 0 meant skeletons before [skeletons,tornado,ice_wizard,rocket] now [?,tornado,the_log,rocket] slot_now ? elixir 3->2 wall=11:38:06.371
[student] WAIT p=0.08 elixir 4 opp~? units 1 dets 1 (waits 895/1275 badhand 419/1910) tap [ice_wizard,tornado,?,?] wall=11:38:13.105
[student] PLAY ice_wizard p=0.32 cell 250 board (0.92, 0.55) units 2 19 ms tap [ice_wizard,tornado,x_bow,rocket] hand [ice_wizard,tornado,x_bow,rocket] elixir 6 wall=11:38:17.206
[student] TAP slot 0 ice_wizard cell 250 wall=11:38:17.563
[student] TRAY first +0.28s tapped slot 0 meant ice_wizard before [ice_wizard,tornado,x_bow,rocket] now [?,tornado,ice_wizard,rocket] slot_now ? elixir 6->3 wall=11:38:17.839
[student] TRAY settled +0.66s tapped slot 0 meant ice_wizard before [ice_wizard,tornado,x_bow,rocket] now [?,tornado,ice_wizard,rocket] slot_now ? elixir 6->3 wall=11:38:18.225
[student] PLAY knight p=0.51 cell 247 board (0.75, 0.55) units 2 29 ms tap [knight,tornado,?,?] hand [knight,tornado,ice_wizard,rocket] elixir 4 wall=11:38:19.542
[student] TAP slot 0 knight cell 247 wall=11:38:19.920
[student] TRAY first +0.29s tapped slot 0 meant knight before [knight,tornado,ice_wizard,rocket] now [?,tornado,ice_wizard,rocket] slot_now ? elixir 4->3 wall=11:38:20.207
[student] TRAY settled +0.67s tapped slot 0 meant knight before [knight,tornado,ice_wizard,rocket] now [?,tornado,ice_wizard,rocket] slot_now ? elixir 4->1 wall=11:38:20.589
[student] WAIT NO-TRAY-MATCH p=0.05 elixir 2 opp~? units 3 dets 3 (waits 903/1285 badhand 423/1922) tap [?,?,?,?] wall=11:38:22.545
[student] PLAY tornado p=0.90 cell 352 board (0.58, 0.83) units 3 27 ms tap [?,tornado,?,?] hand [tesla,tornado,ice_wizard,rocket] elixir 3 wall=11:38:25.133
[student] TAP slot 1 tornado cell 352 wall=11:38:25.503
[student] TRAY first +0.28s tapped slot 1 meant tornado before [tesla,tornado,ice_wizard,rocket] now [tesla,?,x_bow,rocket] slot_now ? elixir 3->3 wall=11:38:25.782
[student] TRAY settled +1.14s tapped slot 1 meant tornado before [tesla,tornado,ice_wizard,rocket] now [tesla,?,?,rocket] slot_now ? elixir 3->0 wall=11:38:26.639
[student] WAIT | exact=0 opp=? next=7 t=75s hand=[164, 6, 2, 4] tw=1.01.01.01.01.01.0 sp=0 unk=0 p=0.05 elixir 3 opp~? units 3 dets 3 (waits 908/1291 badhand 423/1933) tap [?,the_log,?,?] wall=11:38:35.004
[student] PLAY tesla p=0.33 cell 279 board (0.5, 0.66) units 1 30 ms tap [tesla,the_log,?,?] hand [tesla,the_log,x_bow,rocket] elixir 5 wall=11:38:40.099
[student] TAP slot 0 tesla cell 279 wall=11:38:40.443
[student] TRAY first +0.25s tapped slot 0 meant tesla before [tesla,the_log,x_bow,rocket] now [?,the_log,tesla,rocket] slot_now ? elixir 5->4 wall=11:38:40.689
[student] TRAY settled +0.87s tapped slot 0 meant tesla before [tesla,the_log,x_bow,rocket] now [?,the_log,tesla,rocket] slot_now ? elixir 5->1 wall=11:38:41.308
[student] PLAY skeletons p=0.37 cell 250 board (0.92, 0.55) units 2 20 ms tap [skeletons,?,?,?] hand [skeletons,the_log,the_log,rocket] elixir 2 wall=11:38:42.183
[student] TAP slot 0 skeletons cell 250 wall=11:38:42.555
[student] TRAY first +0.26s tapped slot 0 meant skeletons before [skeletons,the_log,the_log,rocket] now [?,the_log,ice_wizard,rocket] slot_now ? elixir 2->1 wall=11:38:42.811
[student] TRAY settled +0.84s tapped slot 0 meant skeletons before [skeletons,the_log,the_log,rocket] now [?,the_log,tesla,rocket] slot_now ? elixir 2->1 wall=11:38:43.399
[student] WAIT NO-TRAY-MATCH p=0.08 elixir 2 opp~? units 3 dets 3 (waits 916/1301 badhand 424/1945) tap [?,?,?,?] wall=11:38:45.124
[student] PLAY the_log p=0.39 cell 265 board (0.75, 0.61) units 2 31 ms tap [?,the_log,?,?] hand [ice_wizard,the_log,ice_wizard,rocket] elixir 2 wall=11:38:46.875
[student] TAP slot 1 the_log cell 265 wall=11:38:47.211
[student] TRAY first +0.27s tapped slot 1 meant the_log before [ice_wizard,the_log,ice_wizard,rocket] now [tornado,?,ice_wizard,rocket] slot_now ? elixir 2->2 wall=11:38:47.483
[student] TRAY settled +0.97s tapped slot 1 meant the_log before [ice_wizard,the_log,ice_wizard,rocket] now [ice_wizard,?,ice_wizard,rocket] slot_now ? elixir 2->1 wall=11:38:48.181
[student] WAIT p=0.05 elixir 4 opp~? units 1 dets 1 (waits 922/1308 badhand 424/1956) tap [ice_wizard,knight_evo,?,?] wall=11:38:57.196
[student] PLAY x_bow p=0.46 cell 265 board (0.75, 0.61) units 1 17 ms tap [ice_wizard,knight_evo,x_bow,rocket] hand [ice_wizard,knight_evo,x_bow,rocket] elixir 7 wall=11:39:05.782
[student] TAP slot 2 x_bow cell 265 wall=11:39:06.128
[student] TRAY first +0.95s tapped slot 2 meant x_bow before [ice_wizard,knight_evo,x_bow,rocket] now [ice_wizard,tesla,?,rocket] slot_now ? elixir 7->6 wall=11:39:07.075
[student] PLAY knight_evo p=0.37 cell 247 board (0.75, 0.55) units 2 20 ms tap [ice_wizard,knight_evo,tornado,?] hand [ice_wizard,knight_evo,tornado,rocket] elixir 3 wall=11:39:11.032
[student] TAP slot 1 knight_evo cell 247 wall=11:39:11.366
[student] TRAY first +1.05s tapped slot 1 meant knight_evo before [ice_wizard,knight_evo,tornado,rocket] now [ice_wizard,?,tornado,rocket] slot_now ? elixir 3->3 wall=11:39:12.413
[clock] icon reads x3 but the clock reads x1 -> using the clock (x1)
[student] PLAY ice_wizard p=0.58 cell 247 board (0.75, 0.55) units 4 25 ms tap [ice_wizard,?,tornado,?] hand [ice_wizard,tesla,tornado,rocket] elixir 3 wall=11:39:17.846
[student] TAP slot 0 ice_wizard cell 247 wall=11:39:18.217
[student] TRAY first +0.68s tapped slot 0 meant ice_wizard before [ice_wizard,tesla,tornado,rocket] now [?,tesla,tornado,rocket] slot_now ? elixir 3->3 wall=11:39:18.893
[student] WAIT NO-TRAY-MATCH p=0.30 elixir 3 opp~? units 3 dets 3 (waits 929/1318 badhand 427/1969) tap [?,?,?,?] wall=11:39:18.991
[clock] icon reads x3 but the clock reads x2 -> using the clock (x2)
11:39:20 [play] elixir x2
[student] PLAY skeletons p=0.51 cell 248 board (0.81, 0.55) units 4 30 ms tap [skeletons,?,?,?] hand [skeletons,tesla,tornado,rocket] elixir 2 wall=11:39:20.592
[student] TAP slot 0 skeletons cell 248 wall=11:39:20.948
[student] TRAY first +0.75s tapped slot 0 meant skeletons before [skeletons,tesla,tornado,rocket] now [?,?,tornado,rocket] slot_now ? elixir 2->2 wall=11:39:21.699
[student] PLAY the_log p=0.48 cell 249 board (0.86, 0.55) units 6 20 ms tap [the_log,?,tornado,?] hand [the_log,tesla_evo,tornado,rocket] elixir 3 wall=11:39:24.075
[student] TAP slot 0 the_log cell 249 wall=11:39:24.432
[student] TRAY first +0.66s tapped slot 0 meant the_log before [the_log,tesla_evo,tornado,rocket] now [?,tesla,tornado,rocket] slot_now ? elixir 3->2 wall=11:39:25.097
[student] PLAY tornado p=0.43 cell 80 board (0.47, 0.2) units 1 18 ms tap [?,?,tornado,?] hand [ice_wizard,?,tornado,rocket] elixir 3 wall=11:39:26.785
[student] TAP slot 2 tornado cell 80 wall=11:39:27.163
[student] TRAY first +0.81s tapped slot 2 meant tornado before [ice_wizard,?,tornado,rocket] now [tesla,?,?,rocket] slot_now ? elixir 3->3 wall=11:39:27.968
[student] WAIT p=0.16 elixir 6 opp~? units 1 dets 1 (waits 937/1329 badhand 429/1982) tap [x_bow,?,knight,rocket] wall=11:39:34.602
[student] PLAY knight p=0.38 cell 340 board (0.92, 0.77) units 1 28 ms tap [x_bow,?,knight,rocket] hand [x_bow,?,knight,rocket] elixir 7 wall=11:39:36.115
[student] TAP slot 2 knight cell 340 wall=11:39:36.466
[student] TRAY first +0.77s tapped slot 2 meant knight before [x_bow,?,knight,rocket] now [x_bow,?,?,rocket] slot_now ? elixir 7->8 wall=11:39:37.241
[student] PLAY ice_wizard p=0.89 cell 316 board (0.58, 0.73) units 2 22 ms tap [x_bow,?,ice_wizard,rocket] hand [x_bow,?,ice_wizard,rocket] elixir 6 wall=11:39:39.021
[student] TAP slot 2 ice_wizard cell 316 wall=11:39:39.361
[student] TRAY first +0.67s tapped slot 2 meant ice_wizard before [x_bow,?,ice_wizard,rocket] now [x_bow,?,?,rocket] slot_now ? elixir 6->4 wall=11:39:40.033
[student] PLAY skeletons p=0.82 cell 248 board (0.81, 0.55) units 4 26 ms tap [?,?,skeletons,?] hand [x_bow,?,skeletons,rocket] elixir 5 wall=11:39:41.313
[student] TAP slot 2 skeletons cell 248 wall=11:39:41.665
[student] TRAY first +0.28s tapped slot 2 meant skeletons before [x_bow,?,skeletons,rocket] now [x_bow,?,?,rocket] slot_now ? elixir 5->4 wall=11:39:41.941
[student] TRAY settled +0.60s tapped slot 2 meant skeletons before [x_bow,?,skeletons,rocket] now [x_bow,?,?,rocket] slot_now ? elixir 5->5 wall=11:39:42.260
[student] PLAY the_log p=0.81 cell 248 board (0.81, 0.55) units 5 26 ms tap [?,?,the_log,?] hand [x_bow,?,the_log,rocket] elixir 5 wall=11:39:43.210
[student] TAP slot 2 the_log cell 248 wall=11:39:43.547
[student] TRAY first +0.27s tapped slot 2 meant the_log before [x_bow,?,the_log,rocket] now [x_bow,?,?,rocket] slot_now ? elixir 5->3 wall=11:39:43.814
[student] TRAY settled +0.62s tapped slot 2 meant the_log before [x_bow,?,the_log,rocket] now [x_bow,?,?,rocket] slot_now ? elixir 5->4 wall=11:39:44.167
[student] PLAY tornado p=0.89 cell 352 board (0.58, 0.83) units 3 17 ms tap [?,?,tornado,?] hand [x_bow,?,tornado,rocket] elixir 5 wall=11:39:45.260
[student] TAP slot 2 tornado cell 352 wall=11:39:45.625
[student] TRAY first +0.31s tapped slot 2 meant tornado before [x_bow,?,tornado,rocket] now [the_log,tesla,?,rocket] slot_now ? elixir 5->3 wall=11:39:45.936
[student] TRAY settled +0.70s tapped slot 2 meant tornado before [x_bow,?,tornado,rocket] now [ice_wizard,tesla,?,rocket] slot_now ? elixir 5->2 wall=11:39:46.320
[student] PLAY knight p=0.86 cell 320 board (0.81, 0.73) units 3 25 ms tap [?,?,knight,?] hand [ice_wizard,tesla_evo,knight,rocket] elixir 3 wall=11:39:47.357
[student] TAP slot 2 knight cell 266 wall=11:39:47.711
[student] TRAY first +0.29s tapped slot 2 meant knight before [ice_wizard,tesla_evo,knight,rocket] now [ice_wizard,tesla,?,rocket] slot_now ? elixir 3->3 wall=11:39:47.997
[student] TRAY settled +0.92s tapped slot 2 meant knight before [ice_wizard,tesla_evo,knight,rocket] now [tesla,?,?,rocket] slot_now ? elixir 3->1 wall=11:39:48.630
[student] WAIT p=0.18 elixir 4 opp~? units 2 dets 2 (waits 940/1338 badhand 433/1998) tap [?,?,ice_wizard,?] wall=11:39:52.886
[student] PLAY ice_wizard p=0.29 cell 250 board (0.92, 0.55) units 3 11 ms tap [?,?,ice_wizard,?] hand [x_bow,?,ice_wizard,rocket] elixir 5 wall=11:39:54.596
[student] TAP slot 2 ice_wizard cell 250 wall=11:39:54.958
[student] TRAY first +0.25s tapped slot 2 meant ice_wizard before [x_bow,?,ice_wizard,rocket] now [ice_wizard,?,?,rocket] slot_now ? elixir 5->3 wall=11:39:55.208
[student] TRAY settled +1.09s tapped slot 2 meant ice_wizard before [x_bow,?,ice_wizard,rocket] now [ice_wizard,tesla_evo,?,rocket] slot_now ? elixir 5->3 wall=11:39:56.047
[student] WAIT p=0.24 elixir 6 opp~? units 4 dets 4 (waits 948/1347 badhand 435/2009) tap [x_bow,?,skeletons,rocket] wall=11:39:59.616
[student] PLAY x_bow p=0.34 cell 254 board (0.14, 0.61) units 4 25 ms tap [x_bow,?,skeletons,rocket] hand [x_bow,?,skeletons,rocket] elixir 6 wall=11:40:00.025
[student] TAP slot 0 x_bow cell 254 wall=11:40:00.377
[student] TRAY first +0.27s tapped slot 0 meant x_bow before [x_bow,?,skeletons,rocket] now [?,tesla,skeletons,rocket] slot_now ? elixir 6->6 wall=11:40:00.650
[student] PLAY skeletons p=0.88 cell 238 board (0.25, 0.55) units 3 24 ms tap [?,?,skeletons,?] hand [?,tesla,skeletons,rocket] elixir 6 wall=11:40:00.746
[student] TAP slot 2 skeletons cell 238 wall=11:40:01.101
[student] TRAY first +0.32s tapped slot 2 meant skeletons before [?,tesla,skeletons,rocket] now [?,?,?,rocket] slot_now ? elixir 6->1 wall=11:40:01.422
[student] TRAY settled +0.69s tapped slot 2 meant skeletons before [?,tesla,skeletons,rocket] now [rocket,?,?,rocket] slot_now ? elixir 6->0 wall=11:40:01.793
[student] PLAY the_log p=0.37 cell 236 board (0.14, 0.55) units 4 18 ms tap [the_log,?,tornado,?] hand [the_log,tesla,tornado,rocket] elixir 3 wall=11:40:04.991
[student] TAP slot 0 the_log cell 236 wall=11:40:05.329
[student] TRAY first +0.33s tapped slot 0 meant the_log before [the_log,tesla,tornado,rocket] now [?,?,tornado,rocket] slot_now ? elixir 3->2 wall=11:40:05.657
[student] TRAY settled +0.69s tapped slot 0 meant the_log before [the_log,tesla,tornado,rocket] now [?,?,tornado,rocket] slot_now ? elixir 3->1 wall=11:40:06.021
[student] PLAY knight_evo p=0.34 cell 238 board (0.25, 0.55) units 4 21 ms tap [knight_evo,?,tornado,?] hand [knight_evo,?,tornado,rocket] elixir 3 wall=11:40:07.912
[student] TAP slot 0 knight_evo cell 238 wall=11:40:08.266
[student] TRAY first +0.30s tapped slot 0 meant knight_evo before [knight_evo,?,tornado,rocket] now [?,?,tornado,rocket] slot_now ? elixir 3->3 wall=11:40:08.563
[student] TRAY settled +0.68s tapped slot 0 meant knight_evo before [knight_evo,?,tornado,rocket] now [?,?,tornado,rocket] slot_now ? elixir 3->1 wall=11:40:08.944
[student] PLAY tornado p=0.83 cell 245 board (0.64, 0.58) units 7 27 ms tap [ice_wizard,?,tornado,?] hand [ice_wizard,tesla,tornado,rocket] elixir 3 wall=11:40:11.851
[student] TAP slot 2 tornado cell 245 wall=11:40:12.226
[student] TRAY first +0.27s tapped slot 2 meant tornado before [ice_wizard,tesla,tornado,rocket] now [ice_wizard,?,?,rocket] slot_now ? elixir 3->3 wall=11:40:12.494
[student] TRAY settled +0.91s tapped slot 2 meant tornado before [ice_wizard,tesla,tornado,rocket] now [ice_wizard,?,?,rocket] slot_now ? elixir 3->1 wall=11:40:13.135
11:40:16 [play] UNKNOWN 0.6s after in-match -> grace hold (label lost: overtime / end animation / dropout; up to 150s)
11:40:16 [play] in-match read re-acquired -> grace hold released
11:40:22 [play] UNKNOWN 0.4s after in-match -> grace hold (label lost: overtime / end animation / dropout; up to 150s)
11:40:23 [play] state: MATCH_END
[overlay-replay] saved C:\Users\benpe\ClashBot\icebow\data\overlayed_replays\match_20260912_113719.mp4 (9203 frames, captured 27.8 fps)
[overlay-replay] 10/10 clip(s) recorded -- cap reached, recorder off for this session
11:40:24 [nav] MATCH_END -> Play Again (located) (0.348,0.914)
11:40:24 [play] state: UNKNOWN
11:40:30 [play] state: IN_MATCH
[student] WAIT | exact=0 opp=? next=2 t=2s hand=[6, 164, 4, 3] tw=1.01.01.01.01.01.0 sp=0 unk=0 p=0.00 elixir 8 opp~? units 0 dets 0 (waits 953/1357 badhand 439/2024) tap [the_log,tesla,rocket,x_bow] wall=11:40:32.916
[student] WAIT | exact=0 opp=? next=2 t=10s hand=[6, 164, 4, 3] tw=1.01.01.01.01.01.0 sp=0 unk=0 p=0.00 elixir 10 opp~? units 0 dets 0 (waits 963/1367 badhand 439/2034) tap [the_log,tesla,rocket,x_bow] wall=11:40:40.545
[student] STALL-PLAY the_log p=0.00 cell 237 board (0.19, 0.55) units 0 16 ms tap [the_log,tesla,rocket,x_bow] hand [the_log,tesla,rocket,x_bow] elixir 10 wall=11:40:43.271
[student] TAP slot 0 the_log cell 237 wall=11:40:43.597
[student] TRAY first +0.25s tapped slot 0 meant the_log before [the_log,tesla,rocket,x_bow] now [?,tesla,rocket,x_bow] slot_now ? elixir 10->8 wall=11:40:43.843
[student] TRAY settled +0.59s tapped slot 0 meant the_log before [the_log,tesla,rocket,x_bow] now [?,tesla,rocket,x_bow] slot_now ? elixir 10->8 wall=11:40:44.189
[student] WAIT p=0.06 elixir 9 opp~? units 1 dets 1 (waits 973/1378 badhand 441/2045) tap [ice_wizard,tesla,rocket,x_bow] wall=11:40:48.142
[student] WAIT p=0.08 elixir 10 opp~? units 1 dets 1 (waits 983/1388 badhand 441/2055) tap [ice_wizard,tesla,rocket,x_bow] wall=11:40:55.578
[student] STALL-PLAY x_bow p=0.22 cell 254 board (0.14, 0.61) units 1 5 ms tap [ice_wizard,tesla,rocket,x_bow] hand [ice_wizard,tesla,rocket,x_bow] elixir 10 wall=11:40:56.105
[student] TAP slot 3 x_bow cell 254 wall=11:40:56.443
[student] TRAY first +0.24s tapped slot 3 meant x_bow before [ice_wizard,tesla,rocket,x_bow] now [ice_wizard,tesla,rocket,?] slot_now ? elixir 10->6 wall=11:40:56.683
[student] PLAY tesla p=0.72 cell 239 board (0.28, 0.56) units 1 24 ms tap [ice_wizard,tesla,?,?] hand [ice_wizard,tesla,rocket,?] elixir 6 wall=11:40:56.761
[student] TAP slot 1 tesla cell 239 wall=11:40:57.093
[student] TRAY first +0.23s tapped slot 1 meant tesla before [ice_wizard,tesla,rocket,?] now [ice_wizard,?,rocket,?] slot_now ? elixir 6->4 wall=11:40:57.326
[student] TRAY settled +0.50s tapped slot 1 meant tesla before [ice_wizard,tesla,rocket,?] now [ice_wizard,?,rocket,?] slot_now ? elixir 6->0 wall=11:40:57.595
[student] PLAY skeletons p=0.85 cell 235 board (0.08, 0.55) units 5 17 ms tap [?,?,?,skeletons] hand [ice_wizard,knight,rocket,skeletons] elixir 1 wall=11:41:01.293
[student] TAP slot 3 skeletons cell 235 wall=11:41:01.642
[student] TRAY first +0.25s tapped slot 3 meant skeletons before [ice_wizard,knight,rocket,skeletons] now [tornado,knight,rocket,?] slot_now ? elixir 1->1 wall=11:41:01.893
[student] TRAY settled +0.54s tapped slot 3 meant skeletons before [ice_wizard,knight,rocket,skeletons] now [tornado,knight,rocket,?] slot_now ? elixir 1->0 wall=11:41:02.184
[student] PLAY knight p=0.62 cell 236 board (0.14, 0.55) units 4 16 ms tap [ice_wizard,knight,?,tornado] hand [ice_wizard,knight,rocket,tornado] elixir 3 wall=11:41:09.560
[student] TAP slot 1 knight cell 236 wall=11:41:09.892
[student] TRAY first +0.23s tapped slot 1 meant knight before [ice_wizard,knight,rocket,tornado] now [tornado,?,rocket,tornado] slot_now ? elixir 3->3 wall=11:41:10.126
[student] TRAY settled +0.54s tapped slot 1 meant knight before [ice_wizard,knight,rocket,tornado] now [tornado,?,rocket,tornado] slot_now ? elixir 3->0 wall=11:41:10.430
[student] PLAY ice_wizard p=0.38 cell 235 board (0.08, 0.55) units 2 16 ms tap [ice_wizard,the_log,?,tornado] hand [ice_wizard,the_log,rocket,tornado] elixir 3 wall=11:41:17.529
[student] TAP slot 0 ice_wizard cell 235 wall=11:41:17.863
[student] TRAY first +0.27s tapped slot 0 meant ice_wizard before [ice_wizard,the_log,rocket,tornado] now [?,the_log,rocket,tornado] slot_now ? elixir 3->3 wall=11:41:18.129
[student] TRAY settled +0.61s tapped slot 0 meant ice_wizard before [ice_wizard,the_log,rocket,tornado] now [?,the_log,rocket,tornado] slot_now ? elixir 3->0 wall=11:41:18.469
[student] WAIT NO-TRAY-MATCH p=0.04 elixir 2 opp~? units 0 dets 0 (waits 988/1398 badhand 445/2070) tap [?,?,?,?] wall=11:41:24.059
[student] WAIT p=0.11 elixir 4 opp~? units 1 dets 1 (waits 996/1406 badhand 445/2080) tap [?,the_log,?,tornado] wall=11:41:30.315
[student] PLAY the_log p=0.31 cell 237 board (0.19, 0.55) units 1 28 ms tap [x_bow,the_log,rocket,tornado] hand [x_bow,the_log,rocket,tornado] elixir 7 wall=11:41:37.165
[student] TAP slot 1 the_log cell 237 wall=11:41:37.497
[student] TRAY first +0.22s tapped slot 1 meant the_log before [x_bow,the_log,rocket,tornado] now [x_bow,?,rocket,tornado] slot_now ? elixir 7->5 wall=11:41:37.712
[student] WAIT p=0.11 elixir 5 opp~? units 1 dets 2 (waits 1006/1417 badhand 446/2091) tap [?,?,?,tornado] wall=11:41:37.764
[student] TRAY settled +0.99s tapped slot 1 meant the_log before [x_bow,the_log,rocket,tornado] now [x_bow,?,rocket,tornado] slot_now ? elixir 7->5 wall=11:41:38.487
[student] PLAY tesla p=0.52 cell 243 board (0.5, 0.56) units 1 17 ms tap [x_bow,tesla,rocket,tornado] hand [x_bow,tesla,rocket,tornado] elixir 6 wall=11:41:42.046
[student] TAP slot 1 tesla cell 243 wall=11:41:42.374
[student] TRAY first +0.27s tapped slot 1 meant tesla before [x_bow,tesla,rocket,tornado] now [ice_wizard,?,rocket,tornado] slot_now ? elixir 6->4 wall=11:41:42.646
[student] TRAY settled +0.61s tapped slot 1 meant tesla before [x_bow,tesla,rocket,tornado] now [ice_wizard,?,rocket,tornado] slot_now ? elixir 6->3 wall=11:41:42.983
[student] PLAY skeletons p=0.60 cell 309 board (0.19, 0.73) units 2 23 ms tap [?,skeletons,?,tornado] hand [ice_wizard,skeletons,rocket,tornado] elixir 3 wall=11:41:43.887
[student] TAP slot 1 skeletons cell 255 wall=11:41:44.226
[student] TRAY first +0.23s tapped slot 1 meant skeletons before [ice_wizard,skeletons,rocket,tornado] now [the_log,?,rocket,tornado] slot_now ? elixir 3->1 wall=11:41:44.457
[student] TRAY settled +0.53s tapped slot 1 meant skeletons before [ice_wizard,skeletons,rocket,tornado] now [ice_wizard,?,rocket,tornado] slot_now ? elixir 3->2 wall=11:41:44.753
[student] PLAY knight p=0.27 cell 237 board (0.19, 0.55) units 3 16 ms tap [?,knight,?,tornado] hand [ice_wizard,knight,rocket,tornado] elixir 3 wall=11:41:46.046
[student] TAP slot 1 knight cell 237 wall=11:41:46.380
[student] TRAY first +0.28s tapped slot 1 meant knight before [ice_wizard,knight,rocket,tornado] now [x_bow,?,rocket,tornado] slot_now ? elixir 3->3 wall=11:41:46.665
[student] TRAY settled +0.66s tapped slot 1 meant knight before [ice_wizard,knight,rocket,tornado] now [tornado,?,rocket,tornado] slot_now ? elixir 3->0 wall=11:41:47.035
[student] WAIT NO-TRAY-MATCH p=0.01 elixir 2 opp~? units 3 dets 3 (waits 1014/1428 badhand 451/2104) tap [?,?,?,?] wall=11:41:51.293
[student] PLAY tornado p=0.36 cell 220 board (0.25, 0.52) units 4 18 ms tap [?,?,?,tornado] hand [ice_wizard,ice_wizard,rocket,tornado] elixir 3 wall=11:41:54.200
[student] TAP slot 3 tornado cell 220 wall=11:41:54.542
[student] TRAY first +0.21s tapped slot 3 meant tornado before [ice_wizard,ice_wizard,rocket,tornado] now [x_bow,tornado,rocket,?] slot_now ? elixir 3->3 wall=11:41:54.753
[student] TRAY settled +1.01s tapped slot 3 meant tornado before [ice_wizard,ice_wizard,rocket,tornado] now [x_bow,ice_wizard,rocket,?] slot_now ? elixir 3->0 wall=11:41:55.555
[student] WAIT p=0.10 elixir 3 opp~? units 1 dets 1 (waits 1018/1433 badhand 452/2115) tap [?,?,?,the_log] wall=11:42:04.539
[student] WAIT | exact=0 opp=? next=164 t=102s hand=[3, 2, 4, 6] tw=1.00.91.01.01.01.0 sp=0 unk=0 p=0.05 elixir 6 opp~? units 0 dets 0 (waits 1028/1443 badhand 452/2125) tap [x_bow,ice_wizard,rocket,the_log] wall=11:42:12.355
[student] PLAY ice_wizard p=0.83 cell 323 board (0.97, 0.73) units 1 23 ms tap [x_bow,ice_wizard,rocket,the_log] hand [x_bow,ice_wizard,rocket,the_log] elixir 7 wall=11:42:17.088
[student] TAP slot 1 ice_wizard cell 323 wall=11:42:17.435
[student] TRAY first +1.07s tapped slot 1 meant ice_wizard before [x_bow,ice_wizard,rocket,the_log] now [x_bow,?,rocket,the_log] slot_now ? elixir 7->5 wall=11:42:18.505
[student] PLAY the_log p=0.84 cell 248 board (0.81, 0.55) units 2 24 ms tap [?,?,?,the_log] hand [x_bow,?,rocket,the_log] elixir 5 wall=11:42:18.761
[student] TAP slot 3 the_log cell 248 wall=11:42:19.090
[student] TRAY first +1.19s tapped slot 3 meant the_log before [x_bow,?,rocket,the_log] now [x_bow,?,rocket,?] slot_now ? elixir 5->4 wall=11:42:20.285
[student] PLAY skeletons p=0.92 cell 248 board (0.81, 0.58) units 2 16 ms tap [?,?,?,skeletons] hand [x_bow,?,rocket,skeletons] elixir 4 wall=11:42:21.382
[student] TAP slot 3 skeletons cell 248 wall=11:42:21.713
[student] TRAY first +1.12s tapped slot 3 meant skeletons before [x_bow,?,rocket,skeletons] now [ice_wizard,?,rocket,?] slot_now ? elixir 4->2 wall=11:42:22.837
[student] PLAY knight_evo p=0.88 cell 248 board (0.81, 0.58) units 3 25 ms tap [?,?,?,knight_evo] hand [x_bow,?,rocket,knight_evo] elixir 4 wall=11:42:24.962
[student] TAP slot 3 knight_evo cell 248 wall=11:42:25.307
[student] TRAY first +1.12s tapped slot 3 meant knight_evo before [x_bow,?,rocket,knight_evo] now [the_log,tesla,rocket,?] slot_now ? elixir 4->3 wall=11:42:26.424
[clock] icon reads x3 but the clock reads x1 -> using the clock (x1)
[student] PLAY tornado p=0.73 cell 230 board (0.81, 0.52) units 5 25 ms tap [?,?,?,tornado] hand [ice_wizard,?,rocket,tornado] elixir 3 wall=11:42:29.161
[student] TAP slot 3 tornado cell 230 wall=11:42:29.497
[student] TRAY first +0.61s tapped slot 3 meant tornado before [ice_wizard,?,rocket,tornado] now [tesla,?,rocket,?] slot_now ? elixir 3->3 wall=11:42:30.109
[clock] icon reads x3 but the clock reads x2 -> using the clock (x2)
11:42:31 [play] elixir x2
[student] PLAY ice_wizard p=0.92 cell 251 board (0.97, 0.58) units 4 21 ms tap [?,?,?,ice_wizard] hand [x_bow,?,rocket,ice_wizard] elixir 4 wall=11:42:33.299
[student] TAP slot 3 ice_wizard cell 250 wall=11:42:33.640
[student] TRAY first +0.54s tapped slot 3 meant ice_wizard before [x_bow,?,rocket,ice_wizard] now [tesla,?,rocket,?] slot_now ? elixir 4->3 wall=11:42:34.175
[student] PLAY the_log p=0.30 cell 249 board (0.86, 0.55) units 2 27 ms tap [?,?,?,the_log] hand [ice_wizard,tesla,rocket,the_log] elixir 2 wall=11:42:35.746
[student] TAP slot 3 the_log cell 409 wall=11:42:36.080
[student] TRAY first +0.63s tapped slot 3 meant the_log before [ice_wizard,tesla,rocket,the_log] now [tesla,?,rocket,?] slot_now ? elixir 2->2 wall=11:42:36.709
[student] WAIT NO-TRAY-MATCH p=0.40 elixir 2 opp~? units 2 dets 3 (waits 1033/1455 badhand 460/2142) tap [?,?,?,?] wall=11:42:37.554
[student] PLAY skeletons p=0.32 cell 248 board (0.81, 0.55) units 3 21 ms tap [?,?,?,skeletons] hand [ice_wizard,tesla,rocket,skeletons] elixir 3 wall=11:42:39.050
[student] TAP slot 3 skeletons cell 248 wall=11:42:39.396
[student] TRAY first +0.52s tapped slot 3 meant skeletons before [ice_wizard,tesla,rocket,skeletons] now [ice_wizard,tesla,rocket,?] slot_now ? elixir 3->2 wall=11:42:39.912
[student] PLAY knight p=0.41 cell 248 board (0.81, 0.55) units 3 16 ms tap [?,?,?,knight] hand [ice_wizard,tesla_evo,rocket,knight] elixir 3 wall=11:42:41.186
[student] TAP slot 3 knight cell 248 wall=11:42:41.513
[student] TRAY first +0.70s tapped slot 3 meant knight before [ice_wizard,tesla_evo,rocket,knight] now [x_bow,?,rocket,?] slot_now ? elixir 3->4 wall=11:42:42.215
[student] PLAY tornado p=0.66 cell 240 board (0.36, 0.58) units 7 25 ms tap [?,?,?,tornado] hand [ice_wizard,tesla,rocket,tornado] elixir 3 wall=11:42:44.580
[student] TAP slot 3 tornado cell 240 wall=11:42:44.925
[student] TRAY first +0.67s tapped slot 3 meant tornado before [ice_wizard,tesla,rocket,tornado] now [ice_wizard,?,rocket,?] slot_now ? elixir 3->3 wall=11:42:45.591
[student] PLAY ice_wizard p=0.35 cell 249 board (0.86, 0.55) units 2 27 ms tap [?,?,?,ice_wizard] hand [x_bow,?,rocket,ice_wizard] elixir 4 wall=11:42:50.029
[student] TAP slot 3 ice_wizard cell 249 wall=11:42:50.364
[student] TRAY first +0.58s tapped slot 3 meant ice_wizard before [x_bow,?,rocket,ice_wizard] now [tesla,?,rocket,?] slot_now ? elixir 4->3 wall=11:42:50.949
[student] WAIT p=0.26 elixir 2 opp~? units 5 dets 6 (waits 1035/1461 badhand 465/2156) tap [?,?,?,the_log] wall=11:42:52.191
[student] PLAY the_log p=0.30 cell 248 board (0.81, 0.55) units 3 16 ms tap [?,?,?,the_log] hand [ice_wizard,tesla,rocket,the_log] elixir 3 wall=11:42:52.882
[student] TAP slot 3 the_log cell 248 wall=11:42:53.212
[student] TRAY first +0.25s tapped slot 3 meant the_log before [ice_wizard,tesla,rocket,the_log] now [tesla,?,rocket,?] slot_now ? elixir 3->2 wall=11:42:53.463
[student] TRAY settled +0.56s tapped slot 3 meant the_log before [ice_wizard,tesla,rocket,the_log] now [the_log,?,rocket,?] slot_now ? elixir 3->2 wall=11:42:53.770
[student] PLAY skeletons p=0.32 cell 248 board (0.81, 0.55) units 3 20 ms tap [?,?,?,skeletons] hand [ice_wizard,tesla,rocket,skeletons] elixir 2 wall=11:42:55.255
[student] TAP slot 3 skeletons cell 248 wall=11:42:55.591
[student] TRAY first +0.25s tapped slot 3 meant skeletons before [ice_wizard,tesla,rocket,skeletons] now [the_log,tesla,rocket,?] slot_now ? elixir 2->2 wall=11:42:55.842
[student] TRAY settled +0.59s tapped slot 3 meant skeletons before [ice_wizard,tesla,rocket,skeletons] now [ice_wizard,tesla,rocket,?] slot_now ? elixir 2->2 wall=11:42:56.179
[student] PLAY knight p=0.32 cell 248 board (0.81, 0.55) units 2 20 ms tap [?,?,?,knight] hand [x_bow,?,rocket,knight] elixir 4 wall=11:42:59.321
[student] TAP slot 3 knight cell 248 wall=11:42:59.677
[student] TRAY first +0.25s tapped slot 3 meant knight before [x_bow,?,rocket,knight] now [the_log,tesla,rocket,?] slot_now ? elixir 4->3 wall=11:42:59.927
[student] TRAY settled +0.60s tapped slot 3 meant knight before [x_bow,?,rocket,knight] now [the_log,tesla,rocket,?] slot_now ? elixir 4->2 wall=11:43:00.278
[student] WAIT NO-TRAY-MATCH p=0.19 elixir 2 opp~? units 5 dets 6 (waits 1040/1469 badhand 470/2169) tap [?,?,?,?] wall=11:43:00.332
[student] PLAY tornado p=0.43 cell 245 board (0.64, 0.58) units 4 7 ms tap [?,?,?,tornado] hand [x_bow,?,rocket,tornado] elixir 5 wall=11:43:03.742
[student] TAP slot 3 tornado cell 245 wall=11:43:04.074
[student] TRAY first +0.29s tapped slot 3 meant tornado before [x_bow,?,rocket,tornado] now [the_log,tesla,rocket,?] slot_now ? elixir 5->3 wall=11:43:04.362
[student] TRAY settled +0.65s tapped slot 3 meant tornado before [x_bow,?,rocket,tornado] now [ice_wizard,tesla,rocket,?] slot_now ? elixir 5->2 wall=11:43:04.725
[student] WAIT NO-TRAY-MATCH p=0.54 elixir 3 opp~? units 2 dets 3 (waits 1045/1475 badhand 473/2180) tap [?,?,?,?] wall=11:43:06.162
[student] PLAY ice_wizard p=0.87 cell 245 board (0.64, 0.55) units 4 24 ms tap [?,?,?,ice_wizard] hand [x_bow,?,rocket,ice_wizard] elixir 4 wall=11:43:07.534
[student] TAP slot 3 ice_wizard cell 245 wall=11:43:07.874
[student] TRAY first +0.25s tapped slot 3 meant ice_wizard before [x_bow,?,rocket,ice_wizard] now [the_log,tesla,rocket,?] slot_now ? elixir 4->3 wall=11:43:08.127
[student] TRAY settled +0.60s tapped slot 3 meant ice_wizard before [x_bow,?,rocket,ice_wizard] now [the_log,tesla,rocket,?] slot_now ? elixir 4->2 wall=11:43:08.479
[student] PLAY the_log p=0.91 cell 247 board (0.75, 0.55) units 4 26 ms tap [?,?,?,the_log] hand [ice_wizard,?,rocket,the_log] elixir 3 wall=11:43:09.719
[student] TAP slot 3 the_log cell 317 wall=11:43:10.061
[student] TRAY first +0.26s tapped slot 3 meant the_log before [ice_wizard,?,rocket,the_log] now [tesla,?,rocket,?] slot_now ? elixir 3->2 wall=11:43:10.319
[student] TRAY settled +0.66s tapped slot 3 meant the_log before [ice_wizard,?,rocket,the_log] now [the_log,?,rocket,?] slot_now ? elixir 3->2 wall=11:43:10.723
[student] PLAY skeletons p=0.81 cell 280 board (0.58, 0.64) units 4 15 ms tap [?,?,?,skeletons] hand [ice_wizard,tesla,rocket,skeletons] elixir 3 wall=11:43:12.209
[student] TAP slot 3 skeletons cell 280 wall=11:43:12.537
[student] TRAY first +0.26s tapped slot 3 meant skeletons before [ice_wizard,tesla,rocket,skeletons] now [the_log,tesla,rocket,?] slot_now ? elixir 3->2 wall=11:43:12.798
[student] TRAY settled +0.61s tapped slot 3 meant skeletons before [ice_wizard,tesla,rocket,skeletons] now [ice_wizard,tesla,rocket,?] slot_now ? elixir 3->2 wall=11:43:13.150
[student] PLAY knight_evo p=0.80 cell 278 board (0.47, 0.64) units 3 17 ms tap [?,?,?,knight_evo] hand [ice_wizard,?,rocket,knight_evo] elixir 3 wall=11:43:14.125
[student] TAP slot 3 knight_evo cell 278 wall=11:43:14.457
[student] TRAY first +0.27s tapped slot 3 meant knight_evo before [ice_wizard,?,rocket,knight_evo] now [ice_wizard,?,rocket,?] slot_now ? elixir 3->3 wall=11:43:14.729
[student] TRAY settled +0.84s tapped slot 3 meant knight_evo before [ice_wizard,?,rocket,knight_evo] now [ice_wizard,tesla,rocket,?] slot_now ? elixir 3->1 wall=11:43:15.292
[student] WAIT NO-TRAY-MATCH p=0.12 elixir 2 opp~? units 5 dets 5 (waits 1046/1480 badhand 481/2194) tap [?,?,?,?] wall=11:43:17.019
[student] PLAY tornado p=0.81 cell 332 board (0.47, 0.77) units 4 22 ms tap [?,?,?,tornado] hand [ice_wizard,tesla,rocket,tornado] elixir 3 wall=11:43:17.832
[assist] TORNADO king-spot cell 332->332 trigger goblinstein at (0.48,0.56) enemy tracks 7 wall=11:43:17.833
[student] TAP slot 3 tornado cell 332 wall=11:43:18.162
[student] TRAY first +0.26s tapped slot 3 meant tornado before [ice_wizard,tesla,rocket,tornado] now [tornado,?,rocket,?] slot_now ? elixir 3->3 wall=11:43:18.423
[student] TRAY settled +1.09s tapped slot 3 meant tornado before [ice_wizard,tesla,rocket,tornado] now [ice_wizard,tesla,rocket,?] slot_now ? elixir 3->1 wall=11:43:19.253
[student] PLAY ice_wizard p=0.58 cell 306 board (0.03, 0.73) units 4 17 ms tap [?,?,?,ice_wizard] hand [x_bow,?,rocket,ice_wizard] elixir 4 wall=11:43:23.385
[student] TAP slot 3 ice_wizard cell 306 wall=11:43:23.721
[student] TRAY first +0.25s tapped slot 3 meant ice_wizard before [x_bow,?,rocket,ice_wizard] now [tesla,?,rocket,?] slot_now ? elixir 4->3 wall=11:43:23.967
[student] TRAY settled +0.56s tapped slot 3 meant ice_wizard before [x_bow,?,rocket,ice_wizard] now [tesla,?,rocket,?] slot_now ? elixir 4->1 wall=11:43:24.279
[student] PLAY the_log p=0.70 cell 363 board (0.19, 0.86) units 5 34 ms tap [?,?,?,the_log] hand [ice_wizard,tesla,rocket,the_log] elixir 2 wall=11:43:25.683
[student] TAP slot 3 the_log cell 362 wall=11:43:26.012
[student] TRAY first +0.27s tapped slot 3 meant the_log before [ice_wizard,tesla,rocket,the_log] now [ice_wizard,tesla,rocket,?] slot_now ? elixir 2->2 wall=11:43:26.281
[student] TRAY settled +1.09s tapped slot 3 meant the_log before [ice_wizard,tesla,rocket,the_log] now [tesla,?,rocket,?] slot_now ? elixir 2->1 wall=11:43:27.098
[student] PLAY skeletons p=0.64 cell 364 board (0.25, 0.86) units 6 32 ms tap [?,?,?,skeletons] hand [the_log,tesla,rocket,skeletons] elixir 2 wall=11:43:28.518
[student] TAP slot 3 skeletons cell 364 wall=11:43:28.846
[student] TRAY first +0.38s tapped slot 3 meant skeletons before [the_log,tesla,rocket,skeletons] now [the_log,tesla,rocket,?] slot_now ? elixir 2->2 wall=11:43:29.230
[student] TRAY settled +0.96s tapped slot 3 meant skeletons before [the_log,tesla,rocket,skeletons] now [the_log,tesla,rocket,?] slot_now ? elixir 2->2 wall=11:43:29.805
[student] WAIT NO-TRAY-MATCH p=0.90 elixir 2 opp~? units 8 dets 10 (waits 1046/1484 badhand 486/2208) tap [?,?,?,?] wall=11:43:29.904
[student] PLAY knight p=0.59 cell 343 board (0.08, 0.8) units 7 25 ms tap [?,?,?,knight] hand [ice_wizard,?,rocket,knight] elixir 3 wall=11:43:31.120
[student] TAP slot 3 knight cell 343 wall=11:43:31.459
[student] TRAY first +0.38s tapped slot 3 meant knight before [ice_wizard,?,rocket,knight] now [ice_wizard,tesla,rocket,?] slot_now ? elixir 3->3 wall=11:43:31.841
[student] TRAY settled +0.84s tapped slot 3 meant knight before [ice_wizard,?,rocket,knight] now [ice_wizard,?,rocket,?] slot_now ? elixir 3->1 wall=11:43:32.299
11:43:39 [play] UNKNOWN 0.4s after in-match -> grace hold (label lost: overtime / end animation / dropout; up to 150s)
11:43:40 [play] in-match read re-acquired -> grace hold released
11:43:41 [play] state: MATCH_END
11:43:41 [nav] MATCH_END -> Play Again (located) (0.348,0.914)
11:43:42 [play] state: UNKNOWN
11:43:47 [play] state: IN_MATCH
[student] WAIT p=0.11 elixir 9 opp~? units 1 dets 1 (waits 1054/1493 badhand 488/2219) tap [skeletons,ice_wizard,tesla,x_bow] wall=11:43:53.706
[student] PLAY skeletons p=0.29 cell 423 board (0.53, 0.98) units 1 17 ms tap [skeletons,ice_wizard,tesla,x_bow] hand [skeletons,ice_wizard,tesla,x_bow] elixir 10 wall=11:43:55.624
[student] TAP slot 0 skeletons cell 423 wall=11:43:55.954
[student] TRAY first +0.25s tapped slot 0 meant skeletons before [skeletons,ice_wizard,tesla,x_bow] now [?,ice_wizard,tesla,x_bow] slot_now ? elixir 10->9 wall=11:43:56.202
[student] TRAY settled +1.09s tapped slot 0 meant skeletons before [skeletons,ice_wizard,tesla,x_bow] now [?,ice_wizard,tesla,x_bow] slot_now ? elixir 10->9 wall=11:43:57.041
[student] PLAY x_bow p=0.34 cell 254 board (0.14, 0.61) units 4 25 ms tap [tornado,ice_wizard,tesla,x_bow] hand [tornado,ice_wizard,tesla,x_bow] elixir 9 wall=11:43:57.494
[student] TAP slot 3 x_bow cell 254 wall=11:43:57.839
[student] TRAY first +0.24s tapped slot 3 meant x_bow before [tornado,ice_wizard,tesla,x_bow] now [tornado,ice_wizard,tesla,?] slot_now ? elixir 9->6 wall=11:43:58.084
[student] PLAY ice_wizard p=0.82 cell 363 board (0.19, 0.86) units 4 16 ms tap [tornado,ice_wizard,?,?] hand [tornado,ice_wizard,tesla,?] elixir 6 wall=11:43:58.154
[student] TAP slot 1 ice_wizard cell 363 wall=11:43:58.491
[student] TRAY first +0.29s tapped slot 1 meant ice_wizard before [tornado,ice_wizard,tesla,?] now [tornado,?,tesla,?] slot_now ? elixir 6->3 wall=11:43:58.786
[student] TRAY settled +0.65s tapped slot 1 meant ice_wizard before [tornado,ice_wizard,tesla,?] now [tornado,?,tesla,knight] slot_now ? elixir 6->0 wall=11:43:59.146
[student] PLAY knight p=0.44 cell 238 board (0.25, 0.55) units 5 21 ms tap [tornado,?,?,knight] hand [tornado,rocket,tesla,knight] elixir 3 wall=11:44:05.904
[student] TAP slot 3 knight cell 238 wall=11:44:06.240
[student] TRAY first +0.29s tapped slot 3 meant knight before [tornado,rocket,tesla,knight] now [tornado,rocket,tesla,?] slot_now ? elixir 3->3 wall=11:44:06.526
[student] TRAY settled +0.63s tapped slot 3 meant knight before [tornado,rocket,tesla,knight] now [tornado,rocket,tesla,?] slot_now ? elixir 3->0 wall=11:44:06.872
[student] WAIT p=0.24 elixir 2 opp~? units 4 dets 4 (waits 1062/1505 badhand 493/2233) tap [?,?,?,the_log] wall=11:44:12.867
[student] PLAY the_log p=0.52 cell 236 board (0.14, 0.55) units 6 20 ms tap [?,?,?,the_log] hand [tornado,rocket,tesla,the_log] elixir 2 wall=11:44:13.188
[student] TAP slot 3 the_log cell 237 wall=11:44:13.523
[student] TRAY first +0.29s tapped slot 3 meant the_log before [tornado,rocket,tesla,the_log] now [tornado,rocket,tesla,?] slot_now ? elixir 2->2 wall=11:44:13.812
[student] TRAY settled +0.62s tapped slot 3 meant the_log before [tornado,rocket,tesla,the_log] now [tornado,rocket,tesla,?] slot_now ? elixir 2->1 wall=11:44:14.146
[student] PLAY skeletons p=0.29 cell 238 board (0.25, 0.55) units 5 21 ms tap [?,?,?,skeletons] hand [tornado,rocket,tesla,skeletons] elixir 1 wall=11:44:16.698
[student] TAP slot 3 skeletons cell 238 wall=11:44:17.036
[student] TRAY first +0.27s tapped slot 3 meant skeletons before [tornado,rocket,tesla,skeletons] now [tornado,rocket,tesla,?] slot_now ? elixir 1->1 wall=11:44:17.302
[student] TRAY settled +0.58s tapped slot 3 meant skeletons before [tornado,rocket,tesla,skeletons] now [tornado,rocket,tesla,?] slot_now ? elixir 1->1 wall=11:44:17.613
[student] WAIT p=0.09 elixir 3 opp~? units 3 dets 3 (waits 1068/1513 badhand 493/2245) tap [tornado,?,?,?] wall=11:44:23.758
[student] WAIT p=0.05 elixir 5 opp~? units 0 dets 1 (waits 1078/1523 badhand 493/2255) tap [tornado,?,tesla,?] wall=11:44:30.097
[student] PLAY x_bow p=0.36 cell 254 board (0.14, 0.61) units 1 22 ms tap [tornado,rocket,tesla,x_bow] hand [tornado,rocket,tesla,x_bow] elixir 6 wall=11:44:32.731
[student] TAP slot 3 x_bow cell 254 wall=11:44:33.066
[student] TRAY first +0.24s tapped slot 3 meant x_bow before [tornado,rocket,tesla,x_bow] now [tornado,rocket,tesla,?] slot_now ? elixir 6->6 wall=11:44:33.308
[student] TRAY settled +0.53s tapped slot 3 meant x_bow before [tornado,rocket,tesla,x_bow] now [tornado,rocket,tesla,?] slot_now ? elixir 6->0 wall=11:44:33.601
[student] PLAY ice_wizard p=0.53 cell 238 board (0.25, 0.55) units 1 15 ms tap [tornado,?,?,ice_wizard] hand [tornado,rocket,tesla,ice_wizard] elixir 3 wall=11:44:40.133
[student] TAP slot 3 ice_wizard cell 238 wall=11:44:40.462
[student] TRAY first +0.27s tapped slot 3 meant ice_wizard before [tornado,rocket,tesla,ice_wizard] now [tornado,rocket,tesla,?] slot_now ? elixir 3->3 wall=11:44:40.733
[student] TRAY settled +0.63s tapped slot 3 meant ice_wizard before [tornado,rocket,tesla,ice_wizard] now [tornado,rocket,tesla,?] slot_now ? elixir 3->0 wall=11:44:41.094
[student] PLAY knight p=0.57 cell 238 board (0.25, 0.55) units 2 20 ms tap [tornado,?,?,knight] hand [tornado,rocket,tesla,knight] elixir 3 wall=11:44:47.938
[student] TAP slot 3 knight cell 238 wall=11:44:48.280
[student] TRAY first +0.25s tapped slot 3 meant knight before [tornado,rocket,tesla,knight] now [tornado,rocket,tesla,?] slot_now ? elixir 3->3 wall=11:44:48.529
[student] TRAY settled +1.05s tapped slot 3 meant knight before [tornado,rocket,tesla,knight] now [tornado,rocket,tesla,?] slot_now ? elixir 3->0 wall=11:44:49.332
[student] WAIT p=0.21 elixir 2 opp~? units 4 dets 4 (waits 1085/1533 badhand 496/2268) tap [?,?,?,the_log] wall=11:44:55.208
[student] PLAY the_log p=0.65 cell 236 board (0.14, 0.55) units 5 23 ms tap [tornado,?,?,the_log] hand [tornado,rocket,tesla,the_log] elixir 3 wall=11:44:56.366
[student] TAP slot 3 the_log cell 240 wall=11:44:56.702
[student] TRAY first +0.24s tapped slot 3 meant the_log before [tornado,rocket,tesla,the_log] now [tornado,rocket,tesla,?] slot_now ? elixir 3->2 wall=11:44:56.940
[student] TRAY settled +0.53s tapped slot 3 meant the_log before [tornado,rocket,tesla,the_log] now [tornado,rocket,tesla,?] slot_now ? elixir 3->1 wall=11:44:57.232
[student] PLAY skeletons p=0.33 cell 238 board (0.25, 0.55) units 4 21 ms tap [?,?,?,skeletons] hand [tornado,rocket,tesla,skeletons] elixir 1 wall=11:44:58.387
[student] TAP slot 3 skeletons cell 238 wall=11:44:58.723
[student] TRAY first +0.26s tapped slot 3 meant skeletons before [tornado,rocket,tesla,skeletons] now [tornado,rocket,tesla,?] slot_now ? elixir 1->1 wall=11:44:58.987
[student] TRAY settled +0.62s tapped slot 3 meant skeletons before [tornado,rocket,tesla,skeletons] now [tornado,rocket,tesla,?] slot_now ? elixir 1->1 wall=11:44:59.345
[student] WAIT p=0.14 elixir 4 opp~? units 2 dets 2 (waits 1092/1542 badhand 496/2280) tap [tornado,?,tesla,?] wall=11:45:07.904
[student] WAIT p=0.17 elixir 6 opp~? units 0 dets 1 (waits 1102/1552 badhand 496/2290) tap [tornado,rocket,tesla,x_bow] wall=11:45:14.427
[student] PLAY tesla p=0.28 cell 239 board (0.28, 0.56) units 1 20 ms tap [tornado,rocket,tesla,x_bow] hand [tornado,rocket,tesla,x_bow] elixir 6 wall=11:45:15.195
[student] TAP slot 2 tesla cell 239 wall=11:45:15.544
[student] TRAY first +0.25s tapped slot 2 meant tesla before [tornado,rocket,tesla,x_bow] now [tornado,rocket,?,ice_wizard] slot_now ? elixir 6->4 wall=11:45:15.791
[student] TRAY settled +0.59s tapped slot 2 meant tesla before [tornado,rocket,tesla,x_bow] now [tornado,rocket,?,ice_wizard] slot_now ? elixir 6->3 wall=11:45:16.137
[student] PLAY tornado p=0.85 cell 349 board (0.42, 0.83) units 5 27 ms tap [tornado,?,?,?] hand [tornado,rocket,?,ice_wizard] elixir 3 wall=11:45:16.229
[student] TAP slot 0 tornado cell 349 wall=11:45:16.562
[student] TRAY first +0.26s tapped slot 0 meant tornado before [tornado,rocket,?,ice_wizard] now [?,?,?,x_bow] slot_now ? elixir 3->3 wall=11:45:16.818
[student] TRAY settled +1.05s tapped slot 0 meant tornado before [tornado,rocket,?,ice_wizard] now [?,rocket,ice_wizard,?] slot_now ? elixir 3->0 wall=11:45:17.610
[student] WAIT p=0.22 elixir 4 opp~? units 1 dets 1 (waits 1108/1560 badhand 498/2302) tap [knight_evo,?,ice_wizard,?] wall=11:45:28.916
[student] PLAY ice_wizard p=0.32 cell 235 board (0.08, 0.55) units 1 24 ms tap [knight_evo,?,ice_wizard,?] hand [knight_evo,rocket,ice_wizard,x_bow] elixir 5 wall=11:45:30.657
[student] TAP slot 2 ice_wizard cell 235 wall=11:45:31.000
[student] TRAY first +0.95s tapped slot 2 meant ice_wizard before [knight_evo,rocket,ice_wizard,x_bow] now [knight_evo,rocket,?,the_log] slot_now ? elixir 5->3 wall=11:45:31.952
[student] WAIT p=0.13 elixir 5 opp~? units 2 dets 2 (waits 1117/1570 badhand 500/2313) tap [knight_evo,?,the_log,?] wall=11:45:39.726
[clock] icon reads x3 but the clock reads x1 -> using the clock (x1)
[student] PLAY the_log p=0.42 cell 237 board (0.19, 0.55) units 2 17 ms tap [knight_evo,rocket,the_log,x_bow] hand [knight_evo,rocket,the_log,x_bow] elixir 7 wall=11:45:45.197
[student] TAP slot 2 the_log cell 237 wall=11:45:45.527
[student] TRAY first +0.59s tapped slot 2 meant the_log before [knight_evo,rocket,the_log,x_bow] now [knight_evo,rocket,?,x_bow] slot_now ? elixir 7->6 wall=11:45:46.114
[student] PLAY knight_evo p=0.47 cell 235 board (0.08, 0.55) units 2 26 ms tap [knight_evo,rocket,?,x_bow] hand [knight_evo,rocket,?,x_bow] elixir 6 wall=11:45:46.960
[student] TAP slot 0 knight_evo cell 235 wall=11:45:47.301
[student] TRAY first +0.69s tapped slot 0 meant knight_evo before [knight_evo,rocket,?,x_bow] now [?,rocket,skeletons,x_bow] slot_now ? elixir 6->4 wall=11:45:47.987
[student] PLAY skeletons p=0.34 cell 238 board (0.25, 0.55) units 2 34 ms tap [?,?,skeletons,?] hand [?,rocket,skeletons,x_bow] elixir 4 wall=11:45:48.094
[student] TAP slot 2 skeletons cell 238 wall=11:45:48.428
[clock] icon reads x3 but the clock reads x2 -> using the clock (x2)
11:45:48 [play] elixir x2
[student] TRAY first +0.60s tapped slot 2 meant skeletons before [?,rocket,skeletons,x_bow] now [?,rocket,?,x_bow] slot_now ? elixir 4->4 wall=11:45:49.029
[student] PLAY tesla p=0.28 cell 296 board (0.44, 0.69) units 1 15 ms tap [tesla,rocket,tornado,x_bow] hand [tesla,rocket,tornado,x_bow] elixir 6 wall=11:45:51.912
[student] TAP slot 0 tesla cell 296 wall=11:45:52.245
[student] TRAY first +0.53s tapped slot 0 meant tesla before [tesla,rocket,tornado,x_bow] now [?,rocket,tornado,ice_wizard] slot_now ? elixir 6->4 wall=11:45:52.770
[student] WAIT p=0.13 elixir 4 opp~? units 2 dets 2 (waits 1127/1584 badhand 505/2327) tap [?,?,tornado,?] wall=11:45:52.848
[student] PLAY ice_wizard p=0.33 cell 250 board (0.92, 0.55) units 3 17 ms tap [ice_wizard,?,tornado,?] hand [ice_wizard,rocket,tornado,x_bow] elixir 4 wall=11:45:55.033
[student] TAP slot 0 ice_wizard cell 250 wall=11:45:55.360
[student] TRAY first +0.52s tapped slot 0 meant ice_wizard before [ice_wizard,rocket,tornado,x_bow] now [?,rocket,tornado,the_log] slot_now ? elixir 4->3 wall=11:45:55.878
[student] PLAY the_log p=0.55 cell 248 board (0.81, 0.55) units 6 30 ms tap [the_log,?,tornado,?] hand [the_log,rocket,tornado,ice_wizard] elixir 3 wall=11:45:57.535
[student] TAP slot 0 the_log cell 249 wall=11:45:57.879
[student] TRAY first +0.68s tapped slot 0 meant the_log before [the_log,rocket,tornado,ice_wizard] now [?,rocket,tornado,the_log] slot_now ? elixir 3->2 wall=11:45:58.555
[student] PLAY tornado p=0.89 cell 385 board (0.42, 0.89) units 5 23 ms tap [knight,?,tornado,?] hand [knight,rocket,tornado,ice_wizard] elixir 3 wall=11:46:00.215
[student] TAP slot 2 tornado cell 385 wall=11:46:00.560
[student] TRAY first +0.67s tapped slot 2 meant tornado before [knight,rocket,tornado,ice_wizard] now [knight,rocket,?,?] slot_now ? elixir 3->3 wall=11:46:01.231
[student] PLAY skeletons p=0.79 cell 343 board (0.08, 0.83) units 5 22 ms tap [?,?,skeletons,?] hand [knight,rocket,skeletons,the_log] elixir 2 wall=11:46:02.641
[student] TAP slot 2 skeletons cell 343 wall=11:46:02.971
[student] TRAY first +0.68s tapped slot 2 meant skeletons before [knight,rocket,skeletons,the_log] now [knight,rocket,?,tesla] slot_now ? elixir 2->1 wall=11:46:03.653
[student] PLAY knight p=0.44 cell 309 board (0.19, 0.73) units 2 16 ms tap [knight,?,?,?] hand [knight,rocket,tesla_evo,ice_wizard] elixir 3 wall=11:46:05.868
[student] TAP slot 0 knight cell 255 wall=11:46:06.209
[student] TRAY first +0.66s tapped slot 0 meant knight before [knight,rocket,tesla_evo,ice_wizard] now [?,rocket,?,?] slot_now ? elixir 3->3 wall=11:46:06.872
[student] WAIT NO-TRAY-MATCH p=0.34 elixir 3 opp~? units 2 dets 3 (waits 1129/1591 badhand 512/2342) tap [?,?,?,?] wall=11:46:10.067
[student] PLAY ice_wizard p=0.28 cell 235 board (0.08, 0.55) units 3 22 ms tap [ice_wizard,?,tesla_evo,?] hand [ice_wizard,rocket,tesla_evo,x_bow] elixir 4 wall=11:46:11.479
[student] TAP slot 0 ice_wizard cell 235 wall=11:46:11.830
[student] TRAY first +0.23s tapped slot 0 meant ice_wizard before [ice_wizard,rocket,tesla_evo,x_bow] now [?,rocket,?,the_log] slot_now ? elixir 4->3 wall=11:46:12.060
[student] TRAY settled +0.57s tapped slot 0 meant ice_wizard before [ice_wizard,rocket,tesla_evo,x_bow] now [?,rocket,tesla,the_log] slot_now ? elixir 4->2 wall=11:46:12.402
[student] PLAY the_log p=0.28 cell 236 board (0.14, 0.55) units 3 22 ms tap [the_log,?,?,?] hand [the_log,rocket,tesla_evo,ice_wizard] elixir 3 wall=11:46:13.786
[student] TAP slot 0 the_log cell 255 wall=11:46:14.121
[student] TRAY first +0.26s tapped slot 0 meant the_log before [the_log,rocket,tesla_evo,ice_wizard] now [?,rocket,?,tesla] slot_now ? elixir 3->2 wall=11:46:14.379
[student] TRAY settled +1.04s tapped slot 0 meant the_log before [the_log,rocket,tesla_evo,ice_wizard] now [?,rocket,tesla,the_log] slot_now ? elixir 3->2 wall=11:46:15.160
[student] PLAY tornado p=0.74 cell 147 board (0.19, 0.36) units 3 16 ms tap [tornado,?,?,?] hand [tornado,rocket,tesla_evo,ice_wizard] elixir 3 wall=11:46:16.345
[student] TAP slot 0 tornado cell 147 wall=11:46:16.677
[student] TRAY first +0.27s tapped slot 0 meant tornado before [tornado,rocket,tesla_evo,ice_wizard] now [?,rocket,?,?] slot_now ? elixir 3->3 wall=11:46:16.947
[student] TRAY settled +0.60s tapped slot 0 meant tornado before [tornado,rocket,tesla_evo,ice_wizard] now [?,rocket,?,?] slot_now ? elixir 3->0 wall=11:46:17.273
[student] WAIT p=0.11 elixir 1 opp~? units 2 dets 4 (waits 1133/1598 badhand 516/2355) tap [skeletons,?,?,?] wall=11:46:18.702
[student] PLAY skeletons p=0.27 cell 237 board (0.19, 0.55) units 2 23 ms tap [skeletons,?,?,?] hand [skeletons,rocket,tesla,the_log] elixir 1 wall=11:46:19.067
[student] TAP slot 0 skeletons cell 237 wall=11:46:19.393
[student] TRAY first +0.26s tapped slot 0 meant skeletons before [skeletons,rocket,tesla,the_log] now [?,rocket,?,tesla] slot_now ? elixir 1->1 wall=11:46:19.649
[student] TRAY settled +0.57s tapped slot 0 meant skeletons before [skeletons,rocket,tesla,the_log] now [?,rocket,?,tesla] slot_now ? elixir 1->1 wall=11:46:19.963
[student] PLAY knight p=0.39 cell 309 board (0.19, 0.73) units 1 24 ms tap [knight,?,?,?] hand [knight,rocket,tesla_evo,ice_wizard] elixir 3 wall=11:46:22.216
[student] TAP slot 0 knight cell 255 wall=11:46:22.546
[student] TRAY first +0.26s tapped slot 0 meant knight before [knight,rocket,tesla_evo,ice_wizard] now [?,rocket,?,?] slot_now ? elixir 3->3 wall=11:46:22.811
[student] TRAY settled +0.54s tapped slot 0 meant knight before [knight,rocket,tesla_evo,ice_wizard] now [?,rocket,?,?] slot_now ? elixir 3->0 wall=11:46:23.086
[student] PLAY tesla_evo p=0.60 cell 239 board (0.28, 0.56) units 1 24 ms tap [?,?,tesla_evo,?] hand [ice_wizard,rocket,tesla_evo,ice_wizard] elixir 4 wall=11:46:27.654
[student] TAP slot 2 tesla_evo cell 239 wall=11:46:27.985
[student] TRAY first +0.25s tapped slot 2 meant tesla_evo before [ice_wizard,rocket,tesla_evo,ice_wizard] now [ice_wizard,rocket,?,?] slot_now ? elixir 4->4 wall=11:46:28.238
[student] TRAY settled +0.60s tapped slot 2 meant tesla_evo before [ice_wizard,rocket,tesla_evo,ice_wizard] now [ice_wizard,rocket,?,?] slot_now ? elixir 4->0 wall=11:46:28.589
[student] PLAY the_log p=0.70 cell 356 board (0.81, 0.83) units 2 16 ms tap [?,?,the_log,?] hand [ice_wizard,rocket,the_log,ice_wizard] elixir 2 wall=11:46:31.767
[student] TAP slot 2 the_log cell 392 wall=11:46:32.116
[student] TRAY first +0.24s tapped slot 2 meant the_log before [ice_wizard,rocket,the_log,ice_wizard] now [ice_wizard,rocket,?,tesla] slot_now ? elixir 2->2 wall=11:46:32.359
[student] TRAY settled +0.98s tapped slot 2 meant the_log before [ice_wizard,rocket,the_log,ice_wizard] now [ice_wizard,rocket,?,the_log] slot_now ? elixir 2->1 wall=11:46:33.091
[student] WAIT p=0.21 elixir 3 opp~? units 1 dets 2 (waits 1134/1603 badhand 517/2369) tap [?,?,tornado,?] wall=11:46:34.627
[student] PLAY tornado p=0.34 cell 9 board (0.53, 0.02) units 1 22 ms tap [?,?,tornado,?] hand [ice_wizard,rocket,tornado,ice_wizard] elixir 4 wall=11:46:36.140
[student] TAP slot 2 tornado cell 9 wall=11:46:36.478
[student] TRAY first +0.24s tapped slot 2 meant tornado before [ice_wizard,rocket,tornado,ice_wizard] now [ice_wizard,rocket,?,tesla] slot_now ? elixir 4->3 wall=11:46:36.717
[student] TRAY settled +0.99s tapped slot 2 meant tornado before [ice_wizard,rocket,tornado,ice_wizard] now [ice_wizard,rocket,?,the_log] slot_now ? elixir 4->2 wall=11:46:37.465
[student] PLAY skeletons p=0.29 cell 248 board (0.81, 0.55) units 2 23 ms tap [?,?,skeletons,?] hand [ice_wizard,rocket,skeletons,ice_wizard] elixir 3 wall=11:46:39.524
[student] TAP slot 2 skeletons cell 248 wall=11:46:39.851
[student] TRAY first +0.24s tapped slot 2 meant skeletons before [ice_wizard,rocket,skeletons,ice_wizard] now [ice_wizard,rocket,?,ice_wizard] slot_now ? elixir 3->2 wall=11:46:40.089
[student] TRAY settled +0.55s tapped slot 2 meant skeletons before [ice_wizard,rocket,skeletons,ice_wizard] now [ice_wizard,rocket,?,ice_wizard] slot_now ? elixir 3->3 wall=11:46:40.397
[student] WAIT p=0.22 elixir 5 opp~? units 2 dets 2 (waits 1139/1610 badhand 522/2381) tap [ice_wizard,?,knight_evo,?] wall=11:46:43.074
[student] PLAY knight_evo p=0.45 cell 297 board (0.53, 0.67) units 2 22 ms tap [ice_wizard,?,knight_evo,?] hand [ice_wizard,rocket,knight_evo,x_bow] elixir 5 wall=11:46:44.053
[student] TAP slot 2 knight_evo cell 297 wall=11:46:44.393
[student] TRAY first +0.33s tapped slot 2 meant knight_evo before [ice_wizard,rocket,knight_evo,x_bow] now [ice_wizard,rocket,?,ice_wizard] slot_now ? elixir 5->3 wall=11:46:44.718
[student] TRAY settled +0.77s tapped slot 2 meant knight_evo before [ice_wizard,rocket,knight_evo,x_bow] now [ice_wizard,rocket,?,ice_wizard] slot_now ? elixir 5->3 wall=11:46:45.159
[student] PLAY ice_wizard p=0.39 cell 250 board (0.92, 0.55) units 4 23 ms tap [ice_wizard,?,tesla,?] hand [ice_wizard,rocket,tesla,x_bow] elixir 5 wall=11:46:47.674
[student] TAP slot 0 ice_wizard cell 250 wall=11:46:48.022
[student] TRAY first +0.33s tapped slot 0 meant ice_wizard before [ice_wizard,rocket,tesla,x_bow] now [?,rocket,tesla,ice_wizard] slot_now ? elixir 5->3 wall=11:46:48.351
[student] TRAY settled +0.74s tapped slot 0 meant ice_wizard before [ice_wizard,rocket,tesla,x_bow] now [?,rocket,tesla,ice_wizard] slot_now ? elixir 5->3 wall=11:46:48.759
[student] WAIT NO-TRAY-MATCH p=0.52 elixir 3 opp~? units 5 dets 5 (waits 1144/1617 badhand 527/2393) tap [?,?,?,?] wall=11:46:48.818
[student] PLAY the_log p=0.82 cell 283 board (0.75, 0.64) units 4 24 ms tap [the_log,?,tesla,?] hand [the_log,rocket,tesla,x_bow] elixir 4 wall=11:46:50.292
[student] TAP slot 0 the_log cell 355 wall=11:46:50.626
[student] TRAY first +0.37s tapped slot 0 meant the_log before [the_log,rocket,tesla,x_bow] now [?,rocket,tesla,ice_wizard] slot_now ? elixir 4->2 wall=11:46:50.997
[student] TRAY settled +0.84s tapped slot 0 meant the_log before [the_log,rocket,tesla,x_bow] now [?,rocket,tesla,ice_wizard] slot_now ? elixir 4->3 wall=11:46:51.471
[student] PLAY tornado p=0.38 cell 157 board (0.75, 0.36) units 2 18 ms tap [tornado,?,?,?] hand [tornado,rocket,tesla,ice_wizard] elixir 3 wall=11:46:52.240
[assist] TORNADO king-spot cell 157->332 trigger ice_wizard at (0.46,0.54) enemy tracks 8 wall=11:46:52.240
[student] TAP slot 0 tornado cell 332 wall=11:46:52.576
[student] TRAY first +0.38s tapped slot 0 meant tornado before [tornado,rocket,tesla,ice_wizard] now [?,rocket,tesla,?] slot_now ? elixir 3->3 wall=11:46:52.953
[student] TRAY settled +0.77s tapped slot 0 meant tornado before [tornado,rocket,tesla,ice_wizard] now [?,rocket,tesla,?] slot_now ? elixir 3->1 wall=11:46:53.349
[student] WAIT p=0.15 elixir 4 opp~? units 2 dets 2 (waits 1152/1627 badhand 529/2405) tap [skeletons,?,tesla,?] wall=11:46:58.284
[student] PLAY tesla p=0.28 cell 243 board (0.5, 0.56) units 2 23 ms tap [skeletons,?,tesla,?] hand [skeletons,rocket,tesla,x_bow] elixir 5 wall=11:46:59.455
[student] TAP slot 2 tesla cell 243 wall=11:46:59.801
[student] TRAY first +0.34s tapped slot 2 meant tesla before [skeletons,rocket,tesla,x_bow] now [skeletons,rocket,?,the_log] slot_now ? elixir 5->4 wall=11:47:00.140
[student] PLAY skeletons p=0.33 cell 247 board (0.75, 0.55) units 5 23 ms tap [skeletons,?,?,?] hand [skeletons,rocket,?,the_log] elixir 4 wall=11:47:00.228
[student] TAP slot 0 skeletons cell 247 wall=11:47:00.563
[student] TRAY first +0.38s tapped slot 0 meant skeletons before [skeletons,rocket,?,the_log] now [?,rocket,?,the_log] slot_now ? elixir 4->1 wall=11:47:00.945
[student] TRAY settled +0.81s tapped slot 0 meant skeletons before [skeletons,rocket,?,the_log] now [?,rocket,knight,the_log] slot_now ? elixir 4->2 wall=11:47:01.371
[student] PLAY knight p=0.29 cell 247 board (0.75, 0.55) units 3 18 ms tap [?,?,knight,?] hand [ice_wizard,rocket,knight,ice_wizard] elixir 4 wall=11:47:04.107
[student] TAP slot 2 knight cell 247 wall=11:47:04.434
[student] TRAY first +0.34s tapped slot 2 meant knight before [ice_wizard,rocket,knight,ice_wizard] now [ice_wizard,rocket,?,tesla] slot_now ? elixir 4->3 wall=11:47:04.770
[student] TRAY settled +0.76s tapped slot 2 meant knight before [ice_wizard,rocket,knight,ice_wizard] now [ice_wizard,rocket,?,the_log] slot_now ? elixir 4->1 wall=11:47:05.193
[student] PLAY the_log p=0.79 cell 374 board (0.81, 0.86) units 5 20 ms tap [?,?,the_log,?] hand [ice_wizard,rocket,the_log,ice_wizard] elixir 3 wall=11:47:06.965
[student] TAP slot 2 the_log cell 375 wall=11:47:07.304
[student] TRAY first +0.31s tapped slot 2 meant the_log before [ice_wizard,rocket,the_log,ice_wizard] now [ice_wizard,rocket,?,tesla] slot_now ? elixir 3->2 wall=11:47:07.610
[student] TRAY settled +1.06s tapped slot 2 meant the_log before [ice_wizard,rocket,the_log,ice_wizard] now [ice_wizard,rocket,?,the_log] slot_now ? elixir 3->2 wall=11:47:08.363
[student] WAIT NO-TRAY-MATCH p=0.04 elixir 2 opp~? units 5 dets 6 (waits 1156/1635 badhand 535/2419) tap [?,?,?,?] wall=11:47:08.439
[student] PLAY tornado p=0.32 cell 175 board (0.75, 0.39) units 3 23 ms tap [?,?,tornado,?] hand [ice_wizard,rocket,tornado,ice_wizard] elixir 3 wall=11:47:10.007
[student] TAP slot 2 tornado cell 175 wall=11:47:10.334
[student] TRAY first +0.34s tapped slot 2 meant tornado before [ice_wizard,rocket,tornado,ice_wizard] now [ice_wizard,rocket,?,?] slot_now ? elixir 3->3 wall=11:47:10.675
[student] TRAY settled +0.78s tapped slot 2 meant tornado before [ice_wizard,rocket,tornado,ice_wizard] now [ice_wizard,rocket,?,?] slot_now ? elixir 3->1 wall=11:47:11.115
[student] PLAY ice_wizard p=0.32 cell 247 board (0.75, 0.55) units 2 18 ms tap [ice_wizard,?,tesla,?] hand [ice_wizard,rocket,tesla,x_bow] elixir 4 wall=11:47:16.081
[student] TAP slot 0 ice_wizard cell 247 wall=11:47:16.411
[student] TRAY first +0.37s tapped slot 0 meant ice_wizard before [ice_wizard,rocket,tesla,x_bow] now [?,rocket,tesla,the_log] slot_now ? elixir 4->3 wall=11:47:16.782
[student] TRAY settled +0.79s tapped slot 0 meant ice_wizard before [ice_wizard,rocket,tesla,x_bow] now [?,rocket,tesla,the_log] slot_now ? elixir 4->2 wall=11:47:17.201
[student] WAIT p=0.25 elixir 3 opp~? units 1 dets 1 (waits 1158/1639 badhand 538/2431) tap [skeletons,?,?,?] wall=11:47:18.161
[student] PLAY skeletons p=0.42 cell 241 board (0.42, 0.55) units 3 20 ms tap [skeletons,?,?,?] hand [skeletons,rocket,tesla,ice_wizard] elixir 3 wall=11:47:18.858
[student] TAP slot 0 skeletons cell 241 wall=11:47:19.201
[student] TRAY first +0.34s tapped slot 0 meant skeletons before [skeletons,rocket,tesla,ice_wizard] now [?,rocket,tesla,ice_wizard] slot_now ? elixir 3->3 wall=11:47:19.540
[student] TRAY settled +0.73s tapped slot 0 meant skeletons before [skeletons,rocket,tesla,ice_wizard] now [?,rocket,tesla,ice_wizard] slot_now ? elixir 3->3 wall=11:47:19.932
[student] PLAY knight p=0.35 cell 248 board (0.81, 0.55) units 7 25 ms tap [knight,?,tesla,?] hand [knight,rocket,tesla,ice_wizard] elixir 3 wall=11:47:20.879
[student] TAP slot 0 knight cell 248 wall=11:47:21.209
[student] TRAY first +0.31s tapped slot 0 meant knight before [knight,rocket,tesla,ice_wizard] now [?,rocket,tesla,tesla] slot_now ? elixir 3->3 wall=11:47:21.515
[student] TRAY settled +0.70s tapped slot 0 meant knight before [knight,rocket,tesla,ice_wizard] now [?,rocket,tesla,the_log] slot_now ? elixir 3->1 wall=11:47:21.909
[student] PLAY the_log p=0.51 cell 249 board (0.86, 0.55) units 4 17 ms tap [the_log,?,?,?] hand [the_log,rocket,tesla,ice_wizard] elixir 3 wall=11:47:24.016
[student] TAP slot 0 the_log cell 357 wall=11:47:24.346
[student] TRAY first +0.34s tapped slot 0 meant the_log before [the_log,rocket,tesla,ice_wizard] now [?,rocket,tesla,the_log] slot_now ? elixir 3->2 wall=11:47:24.688
[student] TRAY settled +0.76s tapped slot 0 meant the_log before [the_log,rocket,tesla,ice_wizard] now [?,rocket,tesla,the_log] slot_now ? elixir 3->2 wall=11:47:25.104
[student] PLAY tornado p=0.64 cell 389 board (0.64, 0.89) units 4 17 ms tap [tornado,?,?,?] hand [tornado,rocket,tesla,ice_wizard] elixir 3 wall=11:47:26.729
[student] TAP slot 0 tornado cell 389 wall=11:47:27.065
[student] TRAY first +0.36s tapped slot 0 meant tornado before [tornado,rocket,tesla,ice_wizard] now [?,rocket,tesla,?] slot_now ? elixir 3->3 wall=11:47:27.427
[student] TRAY settled +0.75s tapped slot 0 meant tornado before [tornado,rocket,tesla,ice_wizard] now [?,rocket,tesla,?] slot_now ? elixir 3->1 wall=11:47:27.817
[student] WAIT NO-TRAY-MATCH p=0.50 elixir 3 opp~? units 3 dets 3 (waits 1158/1643 badhand 544/2445) tap [?,?,?,?] wall=11:47:31.909
[student] PLAY ice_wizard p=0.30 cell 247 board (0.75, 0.55) units 1 23 ms tap [ice_wizard,?,tesla,?] hand [ice_wizard,rocket,tesla,x_bow] elixir 4 wall=11:47:32.503
[student] TAP slot 0 ice_wizard cell 247 wall=11:47:32.834
[student] TRAY first +0.69s tapped slot 0 meant ice_wizard before [ice_wizard,rocket,tesla,x_bow] now [?,rocket,tesla,the_log] slot_now ? elixir 4->3 wall=11:47:33.522
[student] PLAY skeletons p=0.28 cell 248 board (0.81, 0.55) units 2 17 ms tap [skeletons,?,tesla,?] hand [skeletons,rocket,tesla,x_bow] elixir 5 wall=11:47:38.483
[student] TAP slot 0 skeletons cell 248 wall=11:47:38.812
[student] TRAY first +0.59s tapped slot 0 meant skeletons before [skeletons,rocket,tesla,x_bow] now [?,rocket,tesla,x_bow] slot_now ? elixir 5->5 wall=11:47:39.401
[student] PLAY tesla p=0.32 cell 243 board (0.5, 0.56) units 3 18 ms tap [?,?,tesla,?] hand [?,rocket,tesla,x_bow] elixir 5 wall=11:47:39.486
[student] TAP slot 2 tesla cell 243 wall=11:47:39.817
[student] TRAY first +0.67s tapped slot 2 meant tesla before [?,rocket,tesla,x_bow] now [?,rocket,?,the_log] slot_now ? elixir 5->4 wall=11:47:40.484
[student] PLAY the_log p=0.36 cell 247 board (0.75, 0.55) units 3 18 ms tap [?,?,the_log,?] hand [knight_evo,rocket,the_log,ice_wizard] elixir 2 wall=11:47:42.116
[student] TAP slot 2 the_log cell 247 wall=11:47:42.446
[student] TRAY first +0.57s tapped slot 2 meant the_log before [knight_evo,rocket,the_log,ice_wizard] now [tesla,rocket,?,tesla] slot_now ? elixir 2->2 wall=11:47:43.019
[student] PLAY knight_evo p=0.50 cell 247 board (0.75, 0.55) units 4 17 ms tap [knight_evo,?,tornado,?] hand [knight_evo,rocket,tornado,ice_wizard] elixir 4 wall=11:47:45.807
[student] TAP slot 0 knight_evo cell 247 wall=11:47:46.133
[student] TRAY first +0.63s tapped slot 0 meant knight_evo before [knight_evo,rocket,tornado,ice_wizard] now [?,rocket,tornado,the_log] slot_now ? elixir 4->3 wall=11:47:46.759
[student] WAIT NO-TRAY-MATCH p=0.24 elixir 3 opp~? units 3 dets 3 (waits 1162/1652 badhand 551/2460) tap [?,?,?,?] wall=11:47:46.851
11:47:48 [play] elixir x3
[student] PLAY tornado p=0.32 cell 157 board (0.75, 0.36) units 3 15 ms tap [?,?,tornado,?] hand [ice_wizard,rocket,tornado,ice_wizard] elixir 3 wall=11:47:48.627
[student] TAP slot 2 tornado cell 157 wall=11:47:48.962
[student] TRAY first +0.56s tapped slot 2 meant tornado before [ice_wizard,rocket,tornado,ice_wizard] now [ice_wizard,rocket,?,the_log] slot_now ? elixir 3->3 wall=11:47:49.520
[student] PLAY skeletons p=0.44 cell 247 board (0.75, 0.55) units 2 24 ms tap [?,?,skeletons,?] hand [ice_wizard,rocket,skeletons,ice_wizard] elixir 3 wall=11:47:51.107
[student] TAP slot 2 skeletons cell 247 wall=11:47:51.451
[student] TRAY first +0.65s tapped slot 2 meant skeletons before [ice_wizard,rocket,skeletons,ice_wizard] now [ice_wizard,rocket,?,ice_wizard] slot_now ? elixir 3->2 wall=11:47:52.101
[student] PLAY ice_wizard p=0.56 cell 358 board (0.92, 0.8) units 3 22 ms tap [ice_wizard,?,?,?] hand [ice_wizard,rocket,?,x_bow] elixir 4 wall=11:47:53.015
[student] TAP slot 0 ice_wizard cell 358 wall=11:47:53.343
[student] TRAY first +0.73s tapped slot 0 meant ice_wizard before [ice_wizard,rocket,?,x_bow] now [tesla,?,?,?] slot_now tesla elixir 4->0 wall=11:47:54.069
11:47:59 [play] UNKNOWN 0.7s after in-match -> grace hold (label lost: overtime / end animation / dropout; up to 150s)
11:48:00 [play] state: MATCH_END
11:48:00 [nav] MATCH_END -> Play Again (located) (0.348,0.914)
11:48:01 [play] state: UNKNOWN
11:48:07 [play] state: IN_MATCH
[student] WAIT | exact=0 opp=? next=164 t=6s hand=[3, 149, 0, 4] tw=1.01.01.01.01.01.0 sp=0 unk=0 p=0.01 elixir 9 opp~? units 0 dets 0 (waits 1171/1664 badhand 554/2473) tap [x_bow,knight,tornado,rocket] wall=11:48:14.080
[student] STALL-PLAY x_bow p=0.03 cell 254 board (0.14, 0.61) units 1 20 ms tap [x_bow,knight,tornado,rocket] hand [x_bow,knight,tornado,rocket] elixir 10 wall=11:48:19.769
[student] TAP slot 0 x_bow cell 254 wall=11:48:20.102
[student] TRAY first +0.28s tapped slot 0 meant x_bow before [x_bow,knight,tornado,rocket] now [?,knight,tornado,rocket] slot_now ? elixir 10->6 wall=11:48:20.381
[student] TRAY settled +0.63s tapped slot 0 meant x_bow before [x_bow,knight,tornado,rocket] now [?,knight,tornado,rocket] slot_now ? elixir 10->4 wall=11:48:20.734
[student] WAIT | exact=0 opp=? next=164 t=13s hand=[-1, 149, 0, 4] tw=1.01.01.01.01.01.0 sp=0 unk=0 p=0.01 elixir 4 opp~? units 3 dets 3 (waits 1181/1675 badhand 556/2484) tap [?,knight,tornado,?] wall=11:48:20.830
[student] PLAY knight p=0.41 cell 238 board (0.25, 0.55) units 2 24 ms tap [tesla,knight,tornado,?] hand [tesla,knight,tornado,rocket] elixir 5 wall=11:48:24.434
[student] TAP slot 1 knight cell 238 wall=11:48:24.784
[student] TRAY first +0.26s tapped slot 1 meant knight before [tesla,knight,tornado,rocket] now [tesla,?,tornado,rocket] slot_now ? elixir 5->3 wall=11:48:25.043
[student] TRAY settled +0.60s tapped slot 1 meant knight before [tesla,knight,tornado,rocket] now [tesla,?,tornado,rocket] slot_now ? elixir 5->2 wall=11:48:25.384
[student] WAIT | exact=0 opp=? next=7 t=20s hand=[164, 6, 0, 4] tw=1.01.01.01.01.01.0 sp=0 unk=0 p=0.00 elixir 3 opp~? units 4 dets 4 (waits 1190/1685 badhand 559/2495) tap [?,the_log,tornado,?] wall=11:48:27.485
[student] PLAY the_log p=0.43 cell 338 board (0.81, 0.77) units 5 27 ms tap [tesla,the_log,tornado,?] hand [tesla,the_log,tornado,rocket] elixir 4 wall=11:48:30.078
[student] TAP slot 1 the_log cell 356 wall=11:48:30.413
[student] TRAY first +0.31s tapped slot 1 meant the_log before [tesla,the_log,tornado,rocket] now [tesla,?,tornado,rocket] slot_now ? elixir 4->2 wall=11:48:30.718
[student] TRAY settled +0.68s tapped slot 1 meant the_log before [tesla,the_log,tornado,rocket] now [tesla,?,tornado,rocket] slot_now ? elixir 4->2 wall=11:48:31.088
[student] PLAY skeletons p=0.82 cell 251 board (0.97, 0.58) units 4 25 ms tap [?,skeletons,?,?] hand [tesla,skeletons,tornado,rocket] elixir 2 wall=11:48:32.115
[student] TAP slot 1 skeletons cell 250 wall=11:48:32.462
[student] TRAY first +0.27s tapped slot 1 meant skeletons before [tesla,skeletons,tornado,rocket] now [tesla,?,tornado,rocket] slot_now ? elixir 2->1 wall=11:48:32.731
[student] TRAY settled +0.86s tapped slot 1 meant skeletons before [tesla,skeletons,tornado,rocket] now [tesla,?,tornado,rocket] slot_now ? elixir 2->2 wall=11:48:33.325
[student] PLAY ice_wizard p=0.31 cell 238 board (0.25, 0.55) units 3 17 ms tap [?,ice_wizard,tornado,?] hand [tesla,ice_wizard,tornado,rocket] elixir 3 wall=11:48:38.250
[student] TAP slot 1 ice_wizard cell 238 wall=11:48:38.583
[student] TRAY first +0.27s tapped slot 1 meant ice_wizard before [tesla,ice_wizard,tornado,rocket] now [tesla,?,tornado,rocket] slot_now ? elixir 3->3 wall=11:48:38.857
[student] TRAY settled +0.64s tapped slot 1 meant ice_wizard before [tesla,ice_wizard,tornado,rocket] now [tesla,?,tornado,rocket] slot_now ? elixir 3->1 wall=11:48:39.219
[student] WAIT NO-TRAY-MATCH p=0.04 elixir 2 opp~? units 3 dets 3 (waits 1198/1696 badhand 560/2508) tap [?,?,?,?] wall=11:48:41.563
[student] PLAY tornado p=0.32 cell 165 board (0.19, 0.39) units 4 17 ms tap [tesla,?,tornado,?] hand [tesla,x_bow,tornado,rocket] elixir 4 wall=11:48:47.531
[student] TAP slot 2 tornado cell 165 wall=11:48:47.859
[student] TRAY first +0.25s tapped slot 2 meant tornado before [tesla,x_bow,tornado,rocket] now [tesla,tesla,?,rocket] slot_now ? elixir 4->3 wall=11:48:48.113
[student] TRAY settled +1.02s tapped slot 2 meant tornado before [tesla,x_bow,tornado,rocket] now [tesla,the_log,?,rocket] slot_now ? elixir 4->1 wall=11:48:48.878
[student] WAIT NO-TRAY-MATCH p=0.09 elixir 2 opp~? units 1 dets 1 (waits 1202/1701 badhand 560/2519) tap [?,?,?,?] wall=11:48:50.913
[student] WAIT p=0.11 elixir 5 opp~? units 0 dets 0 (waits 1211/1710 badhand 560/2529) tap [tesla,?,knight,?] wall=11:48:58.707
[student] PLAY knight p=0.50 cell 297 board (0.53, 0.7) units 2 27 ms tap [tesla,x_bow,knight,rocket] hand [tesla,x_bow,knight,rocket] elixir 6 wall=11:49:02.179
[student] TAP slot 2 knight cell 297 wall=11:49:02.517
[student] TRAY first +0.25s tapped slot 2 meant knight before [tesla,x_bow,knight,rocket] now [tesla,tesla,?,rocket] slot_now ? elixir 6->3 wall=11:49:02.767
[student] TRAY settled +0.59s tapped slot 2 meant knight before [tesla,x_bow,knight,rocket] now [tesla,tesla,?,rocket] slot_now ? elixir 6->3 wall=11:49:03.109
[student] PLAY the_log p=0.29 cell 284 board (0.81, 0.64) units 2 23 ms tap [tesla,?,the_log,?] hand [tesla,x_bow,the_log,rocket] elixir 4 wall=11:49:04.865
[student] TAP slot 2 the_log cell 284 wall=11:49:05.199
[student] TRAY first +0.26s tapped slot 2 meant the_log before [tesla,x_bow,the_log,rocket] now [tesla,the_log,?,rocket] slot_now ? elixir 4->2 wall=11:49:05.457
[student] TRAY settled +0.62s tapped slot 2 meant the_log before [tesla,x_bow,the_log,rocket] now [tesla,the_log,?,rocket] slot_now ? elixir 4->2 wall=11:49:05.821
[student] PLAY skeletons p=0.81 cell 248 board (0.81, 0.55) units 2 24 ms tap [?,?,skeletons,?] hand [tesla,ice_wizard,skeletons,rocket] elixir 3 wall=11:49:06.742
[student] TAP slot 2 skeletons cell 248 wall=11:49:07.083
[student] TRAY first +0.27s tapped slot 2 meant skeletons before [tesla,ice_wizard,skeletons,rocket] now [tesla,the_log,?,rocket] slot_now ? elixir 3->1 wall=11:49:07.358
[student] TRAY settled +0.65s tapped slot 2 meant skeletons before [tesla,ice_wizard,skeletons,rocket] now [tesla,the_log,?,rocket] slot_now ? elixir 3->2 wall=11:49:07.737
[student] WAIT NO-TRAY-MATCH p=0.02 elixir 2 opp~? units 3 dets 4 (waits 1217/1719 badhand 564/2542) tap [?,?,?,?] wall=11:49:08.568
[student] PLAY tesla p=0.30 cell 297 board (0.5, 0.69) units 2 14 ms tap [tesla,?,ice_wizard,?] hand [tesla,x_bow,ice_wizard,rocket] elixir 5 wall=11:49:15.410
[student] TAP slot 0 tesla cell 297 wall=11:49:15.746
[student] TRAY first +0.27s tapped slot 0 meant tesla before [tesla,x_bow,ice_wizard,rocket] now [?,tesla,ice_wizard,rocket] slot_now ? elixir 5->4 wall=11:49:16.018
[student] WAIT NO-TRAY-MATCH p=0.07 elixir 4 opp~? units 3 dets 3 (waits 1222/1725 badhand 565/2553) tap [?,?,?,?] wall=11:49:16.192
[student] TRAY settled +0.72s tapped slot 0 meant tesla before [tesla,x_bow,ice_wizard,rocket] now [?,the_log,ice_wizard,rocket] slot_now ? elixir 5->1 wall=11:49:16.468
[student] WAIT | exact=0 opp=? next=149 t=76s hand=[0, 3, 2, 4] tw=1.01.01.01.00.0x1.0 sp=0 unk=0 p=0.05 elixir 4 opp~? units 2 dets 2 (waits 1228/1731 badhand 565/2563) tap [tornado,?,ice_wizard,?] wall=11:49:23.847
[student] PLAY tornado p=0.67 cell 349 board (0.42, 0.8) units 3 18 ms tap [tornado,?,ice_wizard,?] hand [tornado,x_bow,ice_wizard,rocket] elixir 4 wall=11:49:25.613
[student] TAP slot 0 tornado cell 349 wall=11:49:25.945
[student] TRAY first +0.25s tapped slot 0 meant tornado before [tornado,x_bow,ice_wizard,rocket] now [?,the_log,ice_wizard,rocket] slot_now ? elixir 4->3 wall=11:49:26.196
[student] TRAY settled +1.10s tapped slot 0 meant tornado before [tornado,x_bow,ice_wizard,rocket] now [?,the_log,ice_wizard,rocket] slot_now ? elixir 4->2 wall=11:49:27.048
[student] PLAY knight_evo p=0.35 cell 243 board (0.53, 0.55) units 2 19 ms tap [knight_evo,?,?,?] hand [knight_evo,ice_wizard,ice_wizard,rocket] elixir 3 wall=11:49:30.167
[student] TAP slot 0 knight_evo cell 243 wall=11:49:30.513
[student] TRAY first +0.30s tapped slot 0 meant knight_evo before [knight_evo,ice_wizard,ice_wizard,rocket] now [?,tornado,ice_wizard,rocket] slot_now ? elixir 3->3 wall=11:49:30.808
[student] TRAY settled +0.67s tapped slot 0 meant knight_evo before [knight_evo,ice_wizard,ice_wizard,rocket] now [?,?,ice_wizard,rocket] slot_now ? elixir 3->0 wall=11:49:31.181
[student] WAIT NO-TRAY-MATCH p=0.07 elixir 2 opp~? units 2 dets 2 (waits 1231/1736 badhand 568/2575) tap [?,?,?,?] wall=11:49:34.865
[student] WAIT p=0.10 elixir 4 opp~? units 2 dets 2 (waits 1238/1743 badhand 568/2585) tap [the_log,?,ice_wizard,?] wall=11:49:41.416
[student] PLAY ice_wizard p=0.27 cell 245 board (0.64, 0.55) units 1 16 ms tap [the_log,?,ice_wizard,?] hand [the_log,x_bow,ice_wizard,rocket] elixir 5 wall=11:49:44.511
[student] TAP slot 2 ice_wizard cell 245 wall=11:49:44.849
[student] TRAY first +0.25s tapped slot 2 meant ice_wizard before [the_log,x_bow,ice_wizard,rocket] now [the_log,the_log,?,rocket] slot_now ? elixir 5->3 wall=11:49:45.104
[student] TRAY settled +0.86s tapped slot 2 meant ice_wizard before [the_log,x_bow,ice_wizard,rocket] now [the_log,the_log,?,rocket] slot_now ? elixir 5->3 wall=11:49:45.708
[student] PLAY skeletons p=0.28 cell 248 board (0.81, 0.55) units 2 15 ms tap [the_log,?,skeletons,?] hand [the_log,ice_wizard,skeletons,rocket] elixir 3 wall=11:49:46.564
[student] TAP slot 2 skeletons cell 248 wall=11:49:46.893
[student] TRAY first +0.25s tapped slot 2 meant skeletons before [the_log,ice_wizard,skeletons,rocket] now [the_log,the_log,?,rocket] slot_now ? elixir 3->2 wall=11:49:47.146
[student] TRAY settled +1.75s tapped slot 2 meant skeletons before [the_log,ice_wizard,skeletons,rocket] now [the_log,the_log,?,rocket] slot_now ? elixir 3->2 wall=11:49:48.647
[student] PLAY the_log p=0.30 cell 248 board (0.81, 0.55) units 3 23 ms tap [the_log,?,?,?] hand [the_log,ice_wizard,tesla,rocket] elixir 3 wall=11:49:49.966
[student] TAP slot 0 the_log cell 247 wall=11:49:50.300
[student] TRAY first +0.86s tapped slot 0 meant the_log before [the_log,ice_wizard,tesla,rocket] now [?,the_log,tesla,rocket] slot_now ? elixir 3->2 wall=11:49:51.157
[student] WAIT NO-TRAY-MATCH p=0.09 elixir 2 opp~? units 2 dets 3 (waits 1241/1749 badhand 574/2598) tap [?,?,?,?] wall=11:49:53.580
[student] PLAY tornado p=0.48 cell 176 board (0.81, 0.39) units 3 18 ms tap [tornado,?,?,?] hand [tornado,ice_wizard,tesla,rocket] elixir 3 wall=11:49:55.891
[student] TAP slot 0 tornado cell 176 wall=11:49:56.235
[student] TRAY first +0.82s tapped slot 0 meant tornado before [tornado,ice_wizard,tesla,rocket] now [?,?,tesla,rocket] slot_now ? elixir 3->3 wall=11:49:57.058
[student] PLAY knight p=0.95 cell 320 board (0.81, 0.73) units 4 14 ms tap [knight,?,?,?] hand [knight,ice_wizard,tesla,rocket] elixir 3 wall=11:50:03.893
[student] TAP slot 0 knight cell 266 wall=11:50:04.227
[clock] icon reads x3 but the clock reads x1 -> using the clock (x1)
[student] TRAY first +0.73s tapped slot 0 meant knight before [knight,ice_wizard,tesla,rocket] now [?,?,tesla,rocket] slot_now ? elixir 3->3 wall=11:50:04.956
[clock] icon reads x3 but the clock reads x2 -> using the clock (x2)
11:50:08 [play] elixir x2
[student] PLAY ice_wizard p=0.85 cell 284 board (0.81, 0.64) units 2 23 ms tap [ice_wizard,?,?,?] hand [ice_wizard,tesla,tesla,rocket] elixir 3 wall=11:50:08.902
[student] TAP slot 0 ice_wizard cell 284 wall=11:50:09.248
[student] TRAY first +0.57s tapped slot 0 meant ice_wizard before [ice_wizard,tesla,tesla,rocket] now [?,the_log,tesla,rocket] slot_now ? elixir 3->3 wall=11:50:09.820
[student] PLAY skeletons p=0.54 cell 336 board (0.69, 0.77) units 3 19 ms tap [skeletons,?,?,?] hand [skeletons,the_log,tesla,rocket] elixir 2 wall=11:50:11.481
[student] TAP slot 0 skeletons cell 336 wall=11:50:11.818
[student] TRAY first +0.64s tapped slot 0 meant skeletons before [skeletons,the_log,tesla,rocket] now [?,the_log,tesla,rocket] slot_now ? elixir 2->2 wall=11:50:12.454
[student] WAIT NO-TRAY-MATCH p=0.45 elixir 2 opp~? units 3 dets 3 (waits 1241/1753 badhand 578/2612) tap [?,?,?,?] wall=11:50:13.208
[student] PLAY the_log p=0.70 cell 337 board (0.75, 0.77) units 4 24 ms tap [the_log,?,?,?] hand [the_log,ice_wizard,tesla,rocket] elixir 3 wall=11:50:13.878
[student] TAP slot 0 the_log cell 390 wall=11:50:14.215
[student] TRAY first +0.63s tapped slot 0 meant the_log before [the_log,ice_wizard,tesla,rocket] now [?,the_log,tesla,rocket] slot_now ? elixir 3->2 wall=11:50:14.849
[student] PLAY tornado p=0.38 cell 157 board (0.75, 0.36) units 5 19 ms tap [tornado,?,?,?] hand [tornado,ice_wizard,tesla,rocket] elixir 3 wall=11:50:16.533
[assist] TORNADO king-spot cell 157->333 trigger hog_rider at (0.61,0.69) enemy tracks 3 wall=11:50:16.533
[student] TAP slot 0 tornado cell 333 wall=11:50:16.877
[student] TRAY first +0.73s tapped slot 0 meant tornado before [tornado,ice_wizard,tesla,rocket] now [?,?,tesla,rocket] slot_now ? elixir 3->3 wall=11:50:17.611
[student] WAIT p=0.14 elixir 5 opp~? units 4 dets 4 (waits 1247/1761 badhand 580/2624) tap [knight,?,tesla,?] wall=11:50:24.247
[student] PLAY tesla p=0.90 cell 279 board (0.5, 0.66) units 2 16 ms tap [knight,x_bow,tesla,rocket] hand [knight,x_bow,tesla,rocket] elixir 7 wall=11:50:26.445
[student] TAP slot 2 tesla cell 279 wall=11:50:26.776
[student] TRAY first +0.54s tapped slot 2 meant tesla before [knight,x_bow,tesla,rocket] now [knight,x_bow,?,rocket] slot_now ? elixir 7->4 wall=11:50:27.317
[student] PLAY knight p=0.60 cell 309 board (0.19, 0.73) units 4 27 ms tap [knight,?,?,?] hand [knight,x_bow,?,rocket] elixir 4 wall=11:50:27.406
[student] TAP slot 0 knight cell 255 wall=11:50:27.732
[student] TRAY first +0.25s tapped slot 0 meant knight before [knight,x_bow,?,rocket] now [?,the_log,?,rocket] slot_now ? elixir 4->3 wall=11:50:27.979
[student] TRAY settled +0.61s tapped slot 0 meant knight before [knight,x_bow,?,rocket] now [?,the_log,ice_wizard,rocket] slot_now ? elixir 4->2 wall=11:50:28.346
[student] PLAY skeletons p=0.88 cell 309 board (0.19, 0.73) units 4 23 ms tap [skeletons,?,?,?] hand [skeletons,ice_wizard,ice_wizard,rocket] elixir 3 wall=11:50:29.829
[student] TAP slot 0 skeletons cell 255 wall=11:50:30.164
[student] TRAY first +0.26s tapped slot 0 meant skeletons before [skeletons,ice_wizard,ice_wizard,rocket] now [?,the_log,ice_wizard,rocket] slot_now ? elixir 3->2 wall=11:50:30.422
[student] TRAY settled +0.87s tapped slot 0 meant skeletons before [skeletons,ice_wizard,ice_wizard,rocket] now [?,the_log,ice_wizard,rocket] slot_now ? elixir 3->2 wall=11:50:31.037
[student] PLAY the_log p=0.30 cell 247 board (0.75, 0.55) units 4 17 ms tap [the_log,?,?,?] hand [the_log,ice_wizard,ice_wizard,rocket] elixir 3 wall=11:50:31.759
[student] TAP slot 0 the_log cell 247 wall=11:50:32.094
[student] TRAY first +0.28s tapped slot 0 meant the_log before [the_log,ice_wizard,ice_wizard,rocket] now [?,the_log,ice_wizard,rocket] slot_now ? elixir 3->2 wall=11:50:32.376
[student] TRAY settled +0.64s tapped slot 0 meant the_log before [the_log,ice_wizard,ice_wizard,rocket] now [?,the_log,ice_wizard,rocket] slot_now ? elixir 3->2 wall=11:50:32.738
[student] WAIT NO-TRAY-MATCH p=0.06 elixir 2 opp~? units 4 dets 5 (waits 1249/1767 badhand 589/2638) tap [?,?,?,?] wall=11:50:33.453
[student] PLAY tornado p=0.49 cell 157 board (0.75, 0.36) units 6 25 ms tap [tornado,?,?,?] hand [tornado,ice_wizard,ice_wizard,rocket] elixir 3 wall=11:50:34.438
[student] TAP slot 0 tornado cell 157 wall=11:50:34.766
[student] TRAY first +0.26s tapped slot 0 meant tornado before [tornado,ice_wizard,ice_wizard,rocket] now [?,?,ice_wizard,rocket] slot_now ? elixir 3->3 wall=11:50:35.024
[student] TRAY settled +0.99s tapped slot 0 meant tornado before [tornado,ice_wizard,ice_wizard,rocket] now [?,tesla,ice_wizard,rocket] slot_now ? elixir 3->1 wall=11:50:35.755
[student] PLAY ice_wizard p=0.33 cell 235 board (0.08, 0.55) units 2 23 ms tap [?,?,ice_wizard,?] hand [tesla_evo,tesla,ice_wizard,rocket] elixir 3 wall=11:50:39.477
[student] TAP slot 2 ice_wizard cell 235 wall=11:50:39.816
[student] TRAY first +0.27s tapped slot 2 meant ice_wizard before [tesla_evo,tesla,ice_wizard,rocket] now [tesla,tesla,?,rocket] slot_now ? elixir 3->3 wall=11:50:40.087
[student] TRAY settled +1.00s tapped slot 2 meant ice_wizard before [tesla_evo,tesla,ice_wizard,rocket] now [?,the_log,?,rocket] slot_now ? elixir 3->1 wall=11:50:40.816
[student] PLAY knight_evo p=0.45 cell 237 board (0.19, 0.55) units 3 18 ms tap [?,?,knight_evo,?] hand [tesla_evo,ice_wizard,knight_evo,rocket] elixir 3 wall=11:50:42.495
[student] TAP slot 2 knight_evo cell 237 wall=11:50:42.844
[student] TRAY first +0.22s tapped slot 2 meant knight_evo before [tesla_evo,ice_wizard,knight_evo,rocket] now [?,tornado,?,rocket] slot_now ? elixir 3->3 wall=11:50:43.068
[student] TRAY settled +0.59s tapped slot 2 meant knight_evo before [tesla_evo,ice_wizard,knight_evo,rocket] now [?,?,?,rocket] slot_now ? elixir 3->0 wall=11:50:43.438
[student] PLAY skeletons p=0.37 cell 237 board (0.19, 0.55) units 6 17 ms tap [?,?,skeletons,?] hand [?,the_log,skeletons,rocket] elixir 2 wall=11:50:45.264
[student] TAP slot 2 skeletons cell 237 wall=11:50:45.594
[student] TRAY first +0.25s tapped slot 2 meant skeletons before [?,the_log,skeletons,rocket] now [tesla,the_log,?,rocket] slot_now ? elixir 2->1 wall=11:50:45.848
[student] TRAY settled +1.07s tapped slot 2 meant skeletons before [?,the_log,skeletons,rocket] now [?,the_log,?,rocket] slot_now ? elixir 2->2 wall=11:50:46.669
[student] WAIT NO-TRAY-MATCH p=0.44 elixir 2 opp~? units 8 dets 8 (waits 1252/1774 badhand 592/2652) tap [?,?,?,?] wall=11:50:47.358
[student] PLAY the_log p=0.53 cell 237 board (0.19, 0.55) units 4 26 ms tap [?,?,the_log,?] hand [tesla_evo,ice_wizard,the_log,rocket] elixir 3 wall=11:50:48.629
[student] TAP slot 2 the_log cell 234 wall=11:50:48.960
[student] TRAY first +0.24s tapped slot 2 meant the_log before [tesla_evo,ice_wizard,the_log,rocket] now [?,the_log,?,rocket] slot_now ? elixir 3->2 wall=11:50:49.199
[student] TRAY settled +0.61s tapped slot 2 meant the_log before [tesla_evo,ice_wizard,the_log,rocket] now [?,the_log,?,rocket] slot_now ? elixir 3->2 wall=11:50:49.574
[student] PLAY tornado p=0.33 cell 129 board (0.19, 0.3) units 3 20 ms tap [?,?,tornado,?] hand [tesla_evo,ice_wizard,tornado,rocket] elixir 3 wall=11:50:51.221
[student] TAP slot 2 tornado cell 129 wall=11:50:51.548
[student] TRAY first +0.25s tapped slot 2 meant tornado before [tesla_evo,ice_wizard,tornado,rocket] now [tesla,?,?,rocket] slot_now ? elixir 3->3 wall=11:50:51.797
[student] TRAY settled +0.56s tapped slot 2 meant tornado before [tesla_evo,ice_wizard,tornado,rocket] now [tesla,?,?,rocket] slot_now ? elixir 3->1 wall=11:50:52.109
[student] PLAY ice_wizard p=0.41 cell 235 board (0.08, 0.55) units 3 23 ms tap [tesla_evo,?,ice_wizard,?] hand [tesla_evo,x_bow,ice_wizard,rocket] elixir 4 wall=11:50:56.443
[student] TAP slot 2 ice_wizard cell 235 wall=11:50:56.777
[student] TRAY first +0.26s tapped slot 2 meant ice_wizard before [tesla_evo,x_bow,ice_wizard,rocket] now [tesla,tesla,?,rocket] slot_now ? elixir 4->3 wall=11:50:57.040
[student] TRAY settled +0.61s tapped slot 2 meant ice_wizard before [tesla_evo,x_bow,ice_wizard,rocket] now [tesla,the_log,?,rocket] slot_now ? elixir 4->1 wall=11:50:57.385
[student] WAIT NO-TRAY-MATCH p=0.28 elixir 2 opp~? units 2 dets 2 (waits 1253/1778 badhand 596/2665) tap [?,?,?,?] wall=11:50:57.749
[student] PLAY knight p=0.92 cell 309 board (0.19, 0.73) units 3 16 ms tap [?,?,knight,?] hand [tesla_evo,ice_wizard,knight,rocket] elixir 3 wall=11:50:59.419
[student] TAP slot 2 knight cell 255 wall=11:50:59.748
[student] TRAY first +0.28s tapped slot 2 meant knight before [tesla_evo,ice_wizard,knight,rocket] now [?,tornado,?,rocket] slot_now ? elixir 3->3 wall=11:51:00.029
[student] TRAY settled +0.60s tapped slot 2 meant knight before [tesla_evo,ice_wizard,knight,rocket] now [?,?,?,rocket] slot_now ? elixir 3->0 wall=11:51:00.346
[student] PLAY skeletons p=0.71 cell 309 board (0.19, 0.73) units 3 19 ms tap [?,?,skeletons,?] hand [tesla,the_log,skeletons,rocket] elixir 1 wall=11:51:01.505
[student] TAP slot 2 skeletons cell 255 wall=11:51:01.832
[student] TRAY first +0.33s tapped slot 2 meant skeletons before [tesla,the_log,skeletons,rocket] now [tesla,?,?,rocket] slot_now ? elixir 1->1 wall=11:51:02.166
[student] TRAY settled +0.69s tapped slot 2 meant skeletons before [tesla,the_log,skeletons,rocket] now [tesla,?,?,rocket] slot_now ? elixir 1->1 wall=11:51:02.519
11:51:04 [play] UNKNOWN 0.6s after in-match -> grace hold (label lost: overtime / end animation / dropout; up to 150s)
11:51:10 [play] state: MATCH_END
11:51:10 [nav] MATCH_END -> Play Again (located) (0.348,0.914)
11:51:11 [play] state: UNKNOWN
11:51:18 [play] state: IN_MATCH
[student] WAIT | exact=0 opp=? next=149 t=5s hand=[4, 6, 2, 3] tw=1.01.01.01.01.01.0 sp=0 unk=0 p=0.01 elixir 9 opp~? units 0 dets 0 (waits 1259/1786 badhand 598/2677) tap [rocket,the_log,ice_wizard,x_bow] wall=11:51:22.598
[student] WAIT p=0.13 elixir 10 opp~? units 1 dets 1 (waits 1269/1796 badhand 598/2687) tap [rocket,the_log,ice_wizard,x_bow] wall=11:51:29.798
[student] STALL-PLAY x_bow p=0.14 cell 254 board (0.14, 0.61) units 1 20 ms tap [rocket,the_log,ice_wizard,x_bow] hand [rocket,the_log,ice_wizard,x_bow] elixir 10 wall=11:51:30.523
[student] TAP slot 3 x_bow cell 254 wall=11:51:30.859
[student] TRAY first +0.25s tapped slot 3 meant x_bow before [rocket,the_log,ice_wizard,x_bow] now [rocket,the_log,ice_wizard,?] slot_now ? elixir 10->6 wall=11:51:31.111
[student] TRAY settled +1.05s tapped slot 3 meant x_bow before [rocket,the_log,ice_wizard,x_bow] now [rocket,the_log,ice_wizard,?] slot_now ? elixir 10->4 wall=11:51:31.911
[student] WAIT p=0.08 elixir 5 opp~? units 2 dets 2 (waits 1279/1807 badhand 600/2698) tap [?,the_log,ice_wizard,knight] wall=11:51:37.662
[student] PLAY the_log p=0.44 cell 237 board (0.19, 0.55) units 3 15 ms tap [rocket,the_log,ice_wizard,knight] hand [rocket,the_log,ice_wizard,knight] elixir 6 wall=11:51:38.755
[student] TAP slot 1 the_log cell 255 wall=11:51:39.092
[student] TRAY first +0.25s tapped slot 1 meant the_log before [rocket,the_log,ice_wizard,knight] now [rocket,?,ice_wizard,knight] slot_now ? elixir 6->3 wall=11:51:39.341
[student] TRAY settled +0.56s tapped slot 1 meant the_log before [rocket,the_log,ice_wizard,knight] now [rocket,?,ice_wizard,knight] slot_now ? elixir 6->4 wall=11:51:39.653
[student] PLAY knight p=0.41 cell 236 board (0.14, 0.55) units 3 17 ms tap [?,skeletons,ice_wizard,knight] hand [rocket,skeletons,ice_wizard,knight] elixir 5 wall=11:51:40.803
[student] TAP slot 3 knight cell 236 wall=11:51:41.131
[student] TRAY first +0.28s tapped slot 3 meant knight before [rocket,skeletons,ice_wizard,knight] now [rocket,skeletons,ice_wizard,?] slot_now ? elixir 5->3 wall=11:51:41.410
[student] PLAY skeletons p=0.35 cell 238 board (0.25, 0.55) units 3 16 ms tap [?,skeletons,?,?] hand [rocket,skeletons,ice_wizard,?] elixir 3 wall=11:51:41.481
[student] TAP slot 1 skeletons cell 238 wall=11:51:41.815
[student] TRAY first +0.27s tapped slot 1 meant skeletons before [rocket,skeletons,ice_wizard,?] now [rocket,?,ice_wizard,?] slot_now ? elixir 3->1 wall=11:51:42.087
[student] TRAY settled +0.64s tapped slot 1 meant skeletons before [rocket,skeletons,ice_wizard,?] now [rocket,?,?,?] slot_now ? elixir 3->1 wall=11:51:42.454
[student] PLAY ice_wizard p=0.28 cell 341 board (0.97, 0.77) units 5 14 ms tap [?,?,ice_wizard,tornado] hand [rocket,tesla,ice_wizard,tornado] elixir 3 wall=11:51:47.330
[student] TAP slot 2 ice_wizard cell 341 wall=11:51:47.670
[student] TRAY first +0.22s tapped slot 2 meant ice_wizard before [rocket,tesla,ice_wizard,tornado] now [rocket,?,?,tornado] slot_now ? elixir 3->3 wall=11:51:47.889
[student] TRAY settled +0.50s tapped slot 2 meant ice_wizard before [rocket,tesla,ice_wizard,tornado] now [rocket,?,?,tornado] slot_now ? elixir 3->0 wall=11:51:48.173
[student] WAIT NO-TRAY-MATCH p=0.48 elixir 2 opp~? units 3 dets 3 (waits 1285/1817 badhand 605/2712) tap [?,?,?,?] wall=11:51:53.778
[student] PLAY tornado p=0.76 cell 248 board (0.81, 0.55) units 4 23 ms tap [?,?,?,tornado] hand [rocket,tesla,ice_wizard,tornado] elixir 3 wall=11:51:55.361
[student] TAP slot 3 tornado cell 248 wall=11:51:55.692
[student] TRAY first +0.23s tapped slot 3 meant tornado before [rocket,tesla,ice_wizard,tornado] now [rocket,?,?,?] slot_now ? elixir 3->3 wall=11:51:55.927
[student] TRAY settled +0.51s tapped slot 3 meant tornado before [rocket,tesla,ice_wizard,tornado] now [rocket,?,?,?] slot_now ? elixir 3->0 wall=11:51:56.205
[student] PLAY the_log p=0.74 cell 302 board (0.81, 0.7) units 3 24 ms tap [?,?,?,the_log] hand [rocket,tesla,ice_wizard,the_log] elixir 2 wall=11:52:02.540
[student] TAP slot 3 the_log cell 320 wall=11:52:02.876
[student] TRAY first +0.21s tapped slot 3 meant the_log before [rocket,tesla,ice_wizard,the_log] now [rocket,?,ice_wizard,?] slot_now ? elixir 2->2 wall=11:52:03.091
[student] TRAY settled +0.94s tapped slot 3 meant the_log before [rocket,tesla,ice_wizard,the_log] now [rocket,?,ice_wizard,?] slot_now ? elixir 2->1 wall=11:52:03.814
[student] WAIT | exact=0 opp=? next=7 t=54s hand=[4, 164, 3, 149] tw=1.01.01.01.01.01.0 sp=0 unk=0 p=0.03 elixir 4 opp~? units 2 dets 2 (waits 1290/1824 badhand 605/2724) tap [?,tesla,?,knight] wall=11:52:12.334
[student] WAIT p=0.08 elixir 6 opp~? units 2 dets 2 (waits 1300/1834 badhand 605/2734) tap [rocket,tesla,x_bow,knight] wall=11:52:18.586
[student] PLAY x_bow p=0.38 cell 267 board (0.86, 0.61) units 2 14 ms tap [rocket,tesla,x_bow,knight] hand [rocket,tesla,x_bow,knight] elixir 8 wall=11:52:23.179
[student] TAP slot 2 x_bow cell 267 wall=11:52:23.513
[student] TRAY first +0.26s tapped slot 2 meant x_bow before [rocket,tesla,x_bow,knight] now [rocket,tesla,?,knight] slot_now ? elixir 8->6 wall=11:52:23.774
[student] TRAY settled +1.10s tapped slot 2 meant x_bow before [rocket,tesla,x_bow,knight] now [rocket,tesla,?,knight] slot_now ? elixir 8->2 wall=11:52:24.608
[student] PLAY skeletons p=0.50 cell 247 board (0.75, 0.55) units 3 24 ms tap [?,?,skeletons,knight] hand [rocket,tesla,skeletons,knight] elixir 3 wall=11:52:25.763
[student] TAP slot 2 skeletons cell 247 wall=11:52:26.109
[student] TRAY first +0.25s tapped slot 2 meant skeletons before [rocket,tesla,skeletons,knight] now [rocket,tesla,?,knight] slot_now ? elixir 3->1 wall=11:52:26.361
[student] TRAY settled +0.86s tapped slot 2 meant skeletons before [rocket,tesla,skeletons,knight] now [rocket,tesla,?,knight] slot_now ? elixir 3->2 wall=11:52:26.967
[student] PLAY knight p=0.29 cell 247 board (0.75, 0.55) units 4 17 ms tap [?,?,ice_wizard,knight] hand [rocket,tesla,ice_wizard,knight] elixir 3 wall=11:52:29.788
[student] TAP slot 3 knight cell 247 wall=11:52:30.125
[student] TRAY first +0.25s tapped slot 3 meant knight before [rocket,tesla,ice_wizard,knight] now [rocket,tesla,ice_wizard,?] slot_now ? elixir 3->3 wall=11:52:30.371
[student] PLAY ice_wizard p=0.29 cell 246 board (0.69, 0.55) units 5 25 ms tap [?,?,ice_wizard,?] hand [rocket,tesla,ice_wizard,?] elixir 3 wall=11:52:30.455
[student] TAP slot 2 ice_wizard cell 246 wall=11:52:30.792
[student] TRAY first +0.25s tapped slot 2 meant ice_wizard before [rocket,tesla,ice_wizard,?] now [rocket,tesla,ice_wizard,?] slot_now ice_wizard elixir 3->0 wall=11:52:31.042
[student] TRAY settled +0.57s tapped slot 2 meant ice_wizard before [rocket,tesla,ice_wizard,?] now [rocket,?,ice_wizard,?] slot_now ice_wizard elixir 3->1 wall=11:52:31.359
[student] PLAY ice_wizard p=0.49 cell 323 board (0.97, 0.73) units 4 15 ms tap [?,?,ice_wizard,tornado] hand [rocket,tesla,ice_wizard,tornado] elixir 3 wall=11:52:37.434
[student] TAP slot 2 ice_wizard cell 323 wall=11:52:37.763
[student] TRAY first +0.25s tapped slot 2 meant ice_wizard before [rocket,tesla,ice_wizard,tornado] now [rocket,?,?,tornado] slot_now ? elixir 3->3 wall=11:52:38.016
[student] TRAY settled +1.00s tapped slot 2 meant ice_wizard before [rocket,tesla,ice_wizard,tornado] now [rocket,?,?,tornado] slot_now ? elixir 3->0 wall=11:52:38.765
[student] WAIT p=0.16 elixir 2 opp~? units 6 dets 7 (waits 1308/1847 badhand 608/2749) tap [?,?,the_log,?] wall=11:52:43.361
[student] PLAY the_log p=0.32 cell 249 board (0.86, 0.55) units 6 16 ms tap [?,?,the_log,tornado] hand [rocket,tesla,the_log,tornado] elixir 3 wall=11:52:45.381
[student] TAP slot 2 the_log cell 248 wall=11:52:45.714
[student] TRAY first +0.26s tapped slot 2 meant the_log before [rocket,tesla,the_log,tornado] now [rocket,?,?,tornado] slot_now ? elixir 3->2 wall=11:52:45.972
[student] TRAY settled +0.59s tapped slot 2 meant the_log before [rocket,tesla,the_log,tornado] now [rocket,?,?,tornado] slot_now ? elixir 3->1 wall=11:52:46.309
[student] PLAY tornado p=0.27 cell 158 board (0.81, 0.36) units 4 5 ms tap [?,?,?,tornado] hand [rocket,tesla,ice_wizard,tornado] elixir 3 wall=11:52:51.231
[student] TAP slot 3 tornado cell 158 wall=11:52:51.576
[student] TRAY first +0.25s tapped slot 3 meant tornado before [rocket,tesla,ice_wizard,tornado] now [rocket,?,x_bow,?] slot_now ? elixir 3->3 wall=11:52:51.830
[student] TRAY settled +0.60s tapped slot 3 meant tornado before [rocket,tesla,ice_wizard,tornado] now [rocket,?,?,?] slot_now ? elixir 3->0 wall=11:52:52.181
[student] PLAY skeletons p=0.38 cell 248 board (0.81, 0.55) units 4 23 ms tap [?,?,?,skeletons] hand [rocket,?,ice_wizard,skeletons] elixir 1 wall=11:52:54.128
[student] TAP slot 3 skeletons cell 248 wall=11:52:54.458
[student] TRAY first +0.22s tapped slot 3 meant skeletons before [rocket,?,ice_wizard,skeletons] now [rocket,?,x_bow,?] slot_now ? elixir 1->1 wall=11:52:54.677
[student] TRAY settled +0.92s tapped slot 3 meant skeletons before [rocket,?,ice_wizard,skeletons] now [rocket,?,?,?] slot_now ? elixir 1->0 wall=11:52:55.382
[student] WAIT p=0.11 elixir 3 opp~? units 3 dets 3 (waits 1313/1855 badhand 608/2762) tap [?,?,?,knight_evo] wall=11:53:04.272
[clock] icon reads x3 but the clock reads x1 -> using the clock (x1)
[student] WAIT p=0.24 elixir 7 opp~? units 4 dets 4 (waits 1323/1865 badhand 608/2772) tap [rocket,tesla,x_bow,knight_evo] wall=11:53:14.479
[student] PLAY rocket p=0.38 cell 85 board (0.75, 0.17) units 4 25 ms tap [rocket,tesla,x_bow,knight_evo] hand [rocket,tesla,x_bow,knight_evo] elixir 8 wall=11:53:15.225
[student] TAP slot 0 rocket cell 30 wall=11:53:15.564
[student] TRAY first +0.70s tapped slot 0 meant rocket before [rocket,tesla,x_bow,knight_evo] now [?,tesla,ice_wizard,knight_evo] slot_now ? elixir 8->6 wall=11:53:16.263
[clock] icon reads x3 but the clock reads x2 -> using the clock (x2)
11:53:18 [play] elixir x2
[student] PLAY ice_wizard p=0.35 cell 323 board (0.97, 0.73) units 4 14 ms tap [ice_wizard,tesla,x_bow,knight_evo] hand [ice_wizard,tesla,x_bow,knight_evo] elixir 6 wall=11:53:21.782
[student] TAP slot 0 ice_wizard cell 323 wall=11:53:22.113
[student] TRAY first +0.63s tapped slot 0 meant ice_wizard before [ice_wizard,tesla,x_bow,knight_evo] now [?,tesla,x_bow,knight_evo] slot_now ? elixir 6->4 wall=11:53:22.748
[student] PLAY knight_evo p=0.28 cell 249 board (0.86, 0.55) units 6 10 ms tap [?,tesla,?,knight_evo] hand [?,tesla,x_bow,knight_evo] elixir 5 wall=11:53:23.514
[student] TAP slot 3 knight_evo cell 249 wall=11:53:23.858
[student] TRAY first +0.71s tapped slot 3 meant knight_evo before [?,tesla,x_bow,knight_evo] now [the_log,tesla,ice_wizard,?] slot_now ? elixir 5->3 wall=11:53:24.570
[student] PLAY the_log p=0.34 cell 248 board (0.81, 0.55) units 6 6 ms tap [the_log,?,?,?] hand [the_log,tesla,ice_wizard,?] elixir 3 wall=11:53:25.348
[student] TAP slot 0 the_log cell 303 wall=11:53:25.680
[student] TRAY first +0.73s tapped slot 0 meant the_log before [the_log,tesla,ice_wizard,?] now [?,tesla,tesla_evo,tornado] slot_now ? elixir 3->2 wall=11:53:26.407
[student] WAIT NO-TRAY-MATCH p=0.18 elixir 2 opp~? units 6 dets 7 (waits 1331/1877 badhand 614/2786) tap [?,?,?,?] wall=11:53:27.159
[student] PLAY tornado p=0.52 cell 212 board (0.81, 0.48) units 6 19 ms tap [skeletons,?,?,tornado] hand [skeletons,tesla,ice_wizard,tornado] elixir 3 wall=11:53:28.368
[student] TAP slot 3 tornado cell 212 wall=11:53:28.697
[student] TRAY first +0.61s tapped slot 3 meant tornado before [skeletons,tesla,ice_wizard,tornado] now [skeletons,?,ice_wizard,?] slot_now ? elixir 3->3 wall=11:53:29.303
[student] PLAY skeletons p=0.47 cell 250 board (0.92, 0.55) units 7 15 ms tap [skeletons,?,?,?] hand [skeletons,?,ice_wizard,?] elixir 3 wall=11:53:29.374
[student] TAP slot 0 skeletons cell 250 wall=11:53:29.708
[student] TRAY first +0.47s tapped slot 0 meant skeletons before [skeletons,?,ice_wizard,?] now [?,?,rocket,?] slot_now ? elixir 3->1 wall=11:53:30.181
[student] TRAY settled +1.08s tapped slot 0 meant skeletons before [skeletons,?,ice_wizard,?] now [?,?,ice_wizard,rocket] slot_now ? elixir 3->1 wall=11:53:30.784
[student] PLAY tesla p=0.27 cell 246 board (0.67, 0.56) units 4 19 ms tap [?,tesla,?,?] hand [ice_wizard,tesla,ice_wizard,rocket] elixir 4 wall=11:53:34.896
[student] TAP slot 1 tesla cell 246 wall=11:53:35.231
[student] TRAY first +0.63s tapped slot 1 meant tesla before [ice_wizard,tesla,ice_wizard,rocket] now [tornado,?,rocket,rocket] slot_now ? elixir 4->4 wall=11:53:35.858
[student] PLAY knight p=0.43 cell 320 board (0.81, 0.73) units 4 21 ms tap [?,knight,?,?] hand [ice_wizard,knight,ice_wizard,rocket] elixir 3 wall=11:53:38.650
[student] TAP slot 1 knight cell 266 wall=11:53:38.996
[student] TRAY first +0.28s tapped slot 1 meant knight before [ice_wizard,knight,ice_wizard,rocket] now [ice_wizard,?,?,rocket] slot_now ? elixir 3->3 wall=11:53:39.279
[student] TRAY settled +0.87s tapped slot 1 meant knight before [ice_wizard,knight,ice_wizard,rocket] now [tornado,?,?,rocket] slot_now ? elixir 3->1 wall=11:53:39.865
[student] PLAY the_log p=0.30 cell 248 board (0.81, 0.55) units 6 14 ms tap [?,the_log,?,?] hand [ice_wizard,the_log,ice_wizard,rocket] elixir 3 wall=11:53:43.307
[student] TAP slot 1 the_log cell 248 wall=11:53:43.641
[student] TRAY first +0.25s tapped slot 1 meant the_log before [ice_wizard,the_log,ice_wizard,rocket] now [ice_wizard,?,tesla,rocket] slot_now ? elixir 3->2 wall=11:53:43.891
[student] TRAY settled +1.09s tapped slot 1 meant the_log before [ice_wizard,the_log,ice_wizard,rocket] now [ice_wizard,?,the_log,rocket] slot_now ? elixir 3->2 wall=11:53:44.736
[student] PLAY tornado p=0.42 cell 157 board (0.75, 0.36) units 6 25 ms tap [?,tornado,?,?] hand [ice_wizard,tornado,ice_wizard,rocket] elixir 3 wall=11:53:45.594
[student] TAP slot 1 tornado cell 157 wall=11:53:45.943
[student] TRAY first +0.30s tapped slot 1 meant tornado before [ice_wizard,tornado,ice_wizard,rocket] now [ice_wizard,?,?,rocket] slot_now ? elixir 3->3 wall=11:53:46.246
[student] TRAY settled +0.64s tapped slot 1 meant tornado before [ice_wizard,tornado,ice_wizard,rocket] now [ice_wizard,?,?,rocket] slot_now ? elixir 3->0 wall=11:53:46.582
[student] WAIT p=0.07 elixir 1 opp~? units 6 dets 7 (waits 1333/1885 badhand 619/2802) tap [?,skeletons,?,?] wall=11:53:47.946
[student] PLAY skeletons p=0.28 cell 248 board (0.81, 0.55) units 6 14 ms tap [ice_wizard,skeletons,?,?] hand [ice_wizard,skeletons,x_bow,rocket] elixir 5 wall=11:53:53.071
[student] TAP slot 1 skeletons cell 248 wall=11:53:53.407
[student] TRAY first +0.24s tapped slot 1 meant skeletons before [ice_wizard,skeletons,x_bow,rocket] now [ice_wizard,?,x_bow,rocket] slot_now ? elixir 5->4 wall=11:53:53.642
[student] TRAY settled +0.55s tapped slot 1 meant skeletons before [ice_wizard,skeletons,x_bow,rocket] now [ice_wizard,?,x_bow,rocket] slot_now ? elixir 5->5 wall=11:53:53.958
[student] PLAY ice_wizard p=0.32 cell 245 board (0.64, 0.55) units 7 22 ms tap [ice_wizard,?,?,?] hand [ice_wizard,?,x_bow,rocket] elixir 5 wall=11:53:54.045
[student] TAP slot 0 ice_wizard cell 245 wall=11:53:54.379
[student] TRAY first +0.28s tapped slot 0 meant ice_wizard before [ice_wizard,?,x_bow,rocket] now [?,?,the_log,rocket] slot_now ? elixir 5->3 wall=11:53:54.657
[student] TRAY settled +0.65s tapped slot 0 meant ice_wizard before [ice_wizard,?,x_bow,rocket] now [?,tesla,ice_wizard,rocket] slot_now ? elixir 5->2 wall=11:53:55.033
[student] PLAY knight p=0.57 cell 157 board (0.75, 0.36) units 7 21 ms tap [knight,?,?,?] hand [knight,tesla,ice_wizard,rocket] elixir 3 wall=11:53:56.221
[student] TAP slot 0 knight cell 247 wall=11:53:56.558
[student] TRAY first +0.27s tapped slot 0 meant knight before [knight,tesla,ice_wizard,rocket] now [?,?,ice_wizard,rocket] slot_now ? elixir 3->3 wall=11:53:56.831
[student] WAIT NO-TRAY-MATCH p=0.56 elixir 3 opp~? units 7 dets 7 (waits 1340/1895 badhand 624/2815) tap [?,?,?,?] wall=11:53:57.012
[student] TRAY settled +0.92s tapped slot 0 meant knight before [knight,tesla,ice_wizard,rocket] now [?,tesla,tesla,rocket] slot_now ? elixir 3->1 wall=11:53:57.474
[student] PLAY the_log p=0.30 cell 248 board (0.81, 0.55) units 8 17 ms tap [the_log,?,?,?] hand [the_log,tesla,ice_wizard,rocket] elixir 2 wall=11:53:59.431
[student] TAP slot 0 the_log cell 248 wall=11:53:59.779
[student] TRAY first +0.27s tapped slot 0 meant the_log before [the_log,tesla,ice_wizard,rocket] now [?,tesla,ice_wizard,rocket] slot_now ? elixir 2->2 wall=11:54:00.050
[student] TRAY settled +0.59s tapped slot 0 meant the_log before [the_log,tesla,ice_wizard,rocket] now [?,tesla,tesla,rocket] slot_now ? elixir 2->1 wall=11:54:00.366
[student] PLAY tornado p=0.56 cell 139 board (0.75, 0.3) units 8 18 ms tap [tornado,?,?,?] hand [tornado,tesla,ice_wizard,rocket] elixir 3 wall=11:54:02.366
[student] TAP slot 0 tornado cell 139 wall=11:54:02.702
[student] TRAY first +0.27s tapped slot 0 meant tornado before [tornado,tesla,ice_wizard,rocket] now [?,?,?,rocket] slot_now ? elixir 3->3 wall=11:54:02.975
[student] TRAY settled +0.60s tapped slot 0 meant tornado before [tornado,tesla,ice_wizard,rocket] now [?,?,?,rocket] slot_now ? elixir 3->0 wall=11:54:03.300
[student] PLAY skeletons p=0.41 cell 248 board (0.81, 0.55) units 5 16 ms tap [skeletons,?,?,?] hand [skeletons,tesla,the_log,rocket] elixir 2 wall=11:54:05.655
[student] TAP slot 0 skeletons cell 248 wall=11:54:05.996
[student] TRAY first +0.25s tapped slot 0 meant skeletons before [skeletons,tesla,the_log,rocket] now [?,tesla,tesla,rocket] slot_now ? elixir 2->1 wall=11:54:06.249
[student] TRAY settled +0.62s tapped slot 0 meant skeletons before [skeletons,tesla,the_log,rocket] now [?,tesla,tesla_evo,rocket] slot_now ? elixir 2->2 wall=11:54:06.617
[student] WAIT NO-TRAY-MATCH p=0.90 elixir 3 opp~? units 6 dets 6 (waits 1342/1900 badhand 626/2828) tap [?,?,?,?] wall=11:54:08.654
[student] PLAY tesla p=0.93 cell 243 board (0.5, 0.56) units 7 24 ms tap [?,tesla,?,?] hand [ice_wizard,tesla,ice_wizard,rocket] elixir 4 wall=11:54:09.512
[student] TAP slot 1 tesla cell 299 wall=11:54:09.846
[student] TRAY first +0.24s tapped slot 1 meant tesla before [ice_wizard,tesla,ice_wizard,rocket] now [ice_wizard,?,?,rocket] slot_now ? elixir 4->4 wall=11:54:10.086
[student] TRAY settled +0.60s tapped slot 1 meant tesla before [ice_wizard,tesla,ice_wizard,rocket] now [ice_wizard,?,?,rocket] slot_now ? elixir 4->0 wall=11:54:10.446
11:54:13 [play] UNKNOWN 0.3s after in-match -> grace hold (label lost: overtime / end animation / dropout; up to 150s)
11:54:19 [play] state: MATCH_END
11:54:19 [nav] MATCH_END -> Play Again (located) (0.348,0.914)
11:54:20 [play] state: UNKNOWN
11:54:26 [play] state: IN_MATCH
[student] WAIT p=0.08 elixir 9 opp~? units 1 dets 1 (waits 1350/1909 badhand 628/2839) tap [tesla,x_bow,tornado,knight] wall=11:54:32.517
[student] PLAY tesla p=0.96 cell 239 board (0.28, 0.56) units 1 5 ms tap [tesla,x_bow,tornado,knight] hand [tesla,x_bow,tornado,knight] elixir 10 wall=11:54:36.200
[student] TAP slot 0 tesla cell 239 wall=11:54:36.529
[student] TRAY first +0.46s tapped slot 0 meant tesla before [tesla,x_bow,tornado,knight] now [?,x_bow,tornado,knight] slot_now ? elixir 10->6 wall=11:54:36.984
[student] TRAY settled +1.25s tapped slot 0 meant tesla before [tesla,x_bow,tornado,knight] now [?,x_bow,tornado,knight] slot_now ? elixir 10->6 wall=11:54:37.781
[student] WAIT p=0.07 elixir 6 opp~? units 2 dets 2 (waits 1360/1920 badhand 630/2850) tap [skeletons,x_bow,tornado,knight] wall=11:54:39.878
[student] PLAY skeletons p=0.40 cell 242 board (0.47, 0.55) units 2 16 ms tap [skeletons,x_bow,tornado,knight] hand [skeletons,x_bow,tornado,knight] elixir 7 wall=11:54:42.895
[student] TAP slot 0 skeletons cell 242 wall=11:54:43.241
[student] TRAY first +0.25s tapped slot 0 meant skeletons before [skeletons,x_bow,tornado,knight] now [?,x_bow,tornado,knight] slot_now ? elixir 7->6 wall=11:54:43.489
[student] PLAY tornado p=0.28 cell 333 board (0.53, 0.77) units 3 24 ms tap [?,x_bow,tornado,knight] hand [?,x_bow,tornado,knight] elixir 6 wall=11:54:43.572
[student] TAP slot 2 tornado cell 333 wall=11:54:43.908
[student] TRAY first +0.24s tapped slot 2 meant tornado before [?,x_bow,tornado,knight] now [?,x_bow,?,knight] slot_now ? elixir 6->4 wall=11:54:44.149
[student] PLAY knight p=0.92 cell 320 board (0.81, 0.73) units 4 17 ms tap [?,?,?,knight] hand [?,x_bow,?,knight] elixir 4 wall=11:54:44.227
[student] TAP slot 3 knight cell 266 wall=11:54:44.558
[student] TRAY first +0.28s tapped slot 3 meant knight before [?,x_bow,?,knight] now [the_log,tesla,?,?] slot_now ? elixir 4->3 wall=11:54:44.833
[student] TRAY settled +0.61s tapped slot 3 meant knight before [?,x_bow,?,knight] now [the_log,the_log,?,?] slot_now ? elixir 4->1 wall=11:54:45.165
[student] PLAY the_log p=0.41 cell 248 board (0.81, 0.55) units 3 19 ms tap [the_log,?,?,?] hand [the_log,?,rocket,?] elixir 2 wall=11:54:46.551
[student] TAP slot 0 the_log cell 354 wall=11:54:46.882
[student] TRAY first +0.25s tapped slot 0 meant the_log before [the_log,?,rocket,?] now [?,x_bow,rocket,tornado] slot_now ? elixir 2->2 wall=11:54:47.128
[student] TRAY settled +1.08s tapped slot 0 meant the_log before [the_log,?,rocket,?] now [?,tornado,rocket,ice_wizard] slot_now ? elixir 2->0 wall=11:54:47.959
[student] WAIT NO-TRAY-MATCH p=0.01 elixir 2 opp~? units 3 dets 4 (waits 1365/1929 badhand 634/2864) tap [?,?,?,?] wall=11:54:54.575
[student] WAIT | exact=0 opp=? next=7 t=35s hand=[164, 3, 4, 2] tw=1.01.01.01.01.01.0 sp=0 unk=0 p=0.02 elixir 5 opp~? units 1 dets 1 (waits 1373/1937 badhand 634/2874) tap [tesla,?,?,ice_wizard] wall=11:55:01.769
[student] PLAY ice_wizard p=0.55 cell 297 board (0.53, 0.7) units 3 24 ms tap [tesla,?,?,ice_wizard] hand [tesla,x_bow,rocket,ice_wizard] elixir 5 wall=11:55:02.905
[student] TAP slot 3 ice_wizard cell 297 wall=11:55:03.239
[student] TRAY first +0.28s tapped slot 3 meant ice_wizard before [tesla,x_bow,rocket,ice_wizard] now [tesla,ice_wizard,rocket,?] slot_now ? elixir 5->3 wall=11:55:03.517
[student] TRAY settled +0.64s tapped slot 3 meant ice_wizard before [tesla,x_bow,rocket,ice_wizard] now [tesla,ice_wizard,rocket,?] slot_now ? elixir 5->3 wall=11:55:03.877
[student] PLAY skeletons p=0.66 cell 243 board (0.53, 0.55) units 2 27 ms tap [?,?,?,skeletons] hand [tesla,ice_wizard,rocket,skeletons] elixir 3 wall=11:55:04.682
[student] TAP slot 3 skeletons cell 243 wall=11:55:05.013
[student] TRAY first +0.24s tapped slot 3 meant skeletons before [tesla,ice_wizard,rocket,skeletons] now [tesla,the_log,rocket,?] slot_now ? elixir 3->2 wall=11:55:05.252
[student] TRAY settled +0.62s tapped slot 3 meant skeletons before [tesla,ice_wizard,rocket,skeletons] now [tesla,the_log,rocket,?] slot_now ? elixir 3->2 wall=11:55:05.630
[student] PLAY tornado p=0.46 cell 245 board (0.64, 0.58) units 3 24 ms tap [?,?,?,tornado] hand [tesla,ice_wizard,rocket,tornado] elixir 3 wall=11:55:07.142
[assist] TORNADO king-spot cell 245->333 trigger phoenix at (0.68,0.57) enemy tracks 9 wall=11:55:07.142
[student] TAP slot 3 tornado cell 333 wall=11:55:07.473
[student] TRAY first +0.26s tapped slot 3 meant tornado before [tesla,ice_wizard,rocket,tornado] now [tesla,tornado,rocket,?] slot_now ? elixir 3->3 wall=11:55:07.730
[student] TRAY settled +0.60s tapped slot 3 meant tornado before [tesla,ice_wizard,rocket,tornado] now [tesla,?,rocket,?] slot_now ? elixir 3->0 wall=11:55:08.070
[student] WAIT NO-TRAY-MATCH p=0.27 elixir 2 opp~? units 3 dets 3 (waits 1375/1942 badhand 641/2887) tap [?,?,?,?] wall=11:55:11.950
[student] PLAY knight p=0.93 cell 323 board (0.97, 0.73) units 2 17 ms tap [?,?,?,knight] hand [tesla,ice_wizard,rocket,knight] elixir 3 wall=11:55:14.685
[student] TAP slot 3 knight cell 323 wall=11:55:15.012
[student] TRAY first +0.25s tapped slot 3 meant knight before [tesla,ice_wizard,rocket,knight] now [tesla,x_bow,rocket,?] slot_now ? elixir 3->3 wall=11:55:15.266
[student] TRAY settled +1.05s tapped slot 3 meant knight before [tesla,ice_wizard,rocket,knight] now [tesla,tornado,rocket,?] slot_now ? elixir 3->0 wall=11:55:16.062
[student] PLAY the_log p=0.68 cell 338 board (0.81, 0.77) units 2 14 ms tap [?,?,?,the_log] hand [tesla,ice_wizard,rocket,the_log] elixir 3 wall=11:55:23.300
[student] TAP slot 3 the_log cell 267 wall=11:55:23.636
[student] TRAY first +0.27s tapped slot 3 meant the_log before [tesla,ice_wizard,rocket,the_log] now [tesla,tesla,rocket,?] slot_now ? elixir 3->2 wall=11:55:23.911
[student] TRAY settled +1.05s tapped slot 3 meant the_log before [tesla,ice_wizard,rocket,the_log] now [tesla,the_log,rocket,?] slot_now ? elixir 3->1 wall=11:55:24.687
[student] WAIT NO-TRAY-MATCH p=0.03 elixir 2 opp~? units 2 dets 3 (waits 1375/1944 badhand 641/2899) tap [?,?,?,?] wall=11:55:26.631
[student] WAIT p=0.19 elixir 4 opp~? units 2 dets 2 (waits 1380/1949 badhand 641/2909) tap [tesla,?,?,ice_wizard] wall=11:55:32.821
[student] PLAY ice_wizard p=0.46 cell 297 board (0.53, 0.7) units 2 15 ms tap [tesla,?,?,ice_wizard] hand [tesla,x_bow,rocket,ice_wizard] elixir 5 wall=11:55:34.320
[student] TAP slot 3 ice_wizard cell 297 wall=11:55:34.661
[student] TRAY first +0.26s tapped slot 3 meant ice_wizard before [tesla,x_bow,rocket,ice_wizard] now [tesla,the_log,rocket,?] slot_now ? elixir 5->3 wall=11:55:34.919
[student] TRAY settled +0.58s tapped slot 3 meant ice_wizard before [tesla,x_bow,rocket,ice_wizard] now [tesla,the_log,rocket,?] slot_now ? elixir 5->2 wall=11:55:35.240
[student] PLAY skeletons p=0.60 cell 250 board (0.92, 0.55) units 3 15 ms tap [?,?,?,skeletons] hand [tesla,the_log,rocket,skeletons] elixir 2 wall=11:55:36.505
[student] TAP slot 3 skeletons cell 250 wall=11:55:36.841
[student] TRAY first +0.33s tapped slot 3 meant skeletons before [tesla,the_log,rocket,skeletons] now [tesla,the_log,rocket,?] slot_now ? elixir 2->2 wall=11:55:37.175
[student] TRAY settled +0.76s tapped slot 3 meant skeletons before [tesla,the_log,rocket,skeletons] now [tesla,the_log,rocket,?] slot_now ? elixir 2->2 wall=11:55:37.604
[student] PLAY tornado p=0.59 cell 248 board (0.81, 0.58) units 3 15 ms tap [?,?,?,tornado] hand [tesla,ice_wizard,rocket,tornado] elixir 3 wall=11:55:40.165
[assist] TORNADO king-spot cell 248->333 trigger elite_barbarians at (0.61,0.53) enemy tracks 3 wall=11:55:40.165
[student] TAP slot 3 tornado cell 333 wall=11:55:40.494
[student] TRAY first +0.24s tapped slot 3 meant tornado before [tesla,ice_wizard,rocket,tornado] now [tesla,x_bow,rocket,?] slot_now ? elixir 3->3 wall=11:55:40.735
[student] TRAY settled +1.02s tapped slot 3 meant tornado before [tesla,ice_wizard,rocket,tornado] now [tesla,tornado,rocket,?] slot_now ? elixir 3->0 wall=11:55:41.517
[student] WAIT NO-TRAY-MATCH p=0.05 elixir 2 opp~? units 1 dets 1 (waits 1381/1953 badhand 647/2922) tap [?,?,?,?] wall=11:55:45.675
[student] PLAY knight_evo p=0.74 cell 297 board (0.53, 0.67) units 1 16 ms tap [?,?,?,knight_evo] hand [tesla,tesla,rocket,knight_evo] elixir 3 wall=11:55:50.921
[student] TAP slot 3 knight_evo cell 297 wall=11:55:51.261
[student] TRAY first +0.28s tapped slot 3 meant knight_evo before [tesla,tesla,rocket,knight_evo] now [tesla,tesla,rocket,?] slot_now ? elixir 3->3 wall=11:55:51.542
[student] TRAY settled +1.06s tapped slot 3 meant knight_evo before [tesla,tesla,rocket,knight_evo] now [tesla,tesla,rocket,?] slot_now ? elixir 3->1 wall=11:55:52.320
[student] WAIT NO-TRAY-MATCH p=0.05 elixir 2 opp~? units 0 dets 0 (waits 1385/1958 badhand 647/2933) tap [?,?,?,?] wall=11:55:54.612
[student] PLAY the_log p=0.29 cell 338 board (0.81, 0.77) units 2 22 ms tap [?,?,?,the_log] hand [tesla,ice_wizard,rocket,the_log] elixir 3 wall=11:55:57.377
[student] TAP slot 3 the_log cell 339 wall=11:55:57.727
[student] TRAY first +0.29s tapped slot 3 meant the_log before [tesla,ice_wizard,rocket,the_log] now [tesla,tesla,rocket,?] slot_now ? elixir 3->2 wall=11:55:58.016
[student] TRAY settled +0.61s tapped slot 3 meant the_log before [tesla,ice_wizard,rocket,the_log] now [tesla,the_log,rocket,?] slot_now ? elixir 3->1 wall=11:55:58.337
[student] WAIT NO-TRAY-MATCH p=0.47 elixir 3 opp~? units 3 dets 3 (waits 1385/1959 badhand 647/2944) tap [?,?,?,?] wall=11:56:02.816
[student] PLAY ice_wizard p=0.44 cell 249 board (0.86, 0.55) units 2 16 ms tap [tesla,?,?,ice_wizard] hand [tesla,x_bow,rocket,ice_wizard] elixir 4 wall=11:56:05.181
[student] TAP slot 3 ice_wizard cell 249 wall=11:56:05.511
[student] TRAY first +0.25s tapped slot 3 meant ice_wizard before [tesla,x_bow,rocket,ice_wizard] now [tesla,tesla,rocket,?] slot_now ? elixir 4->3 wall=11:56:05.764
[student] TRAY settled +0.82s tapped slot 3 meant ice_wizard before [tesla,x_bow,rocket,ice_wizard] now [tesla,tesla,rocket,?] slot_now ? elixir 4->1 wall=11:56:06.329
[student] WAIT p=0.07 elixir 4 opp~? units 2 dets 3 (waits 1393/1968 badhand 647/2955) tap [tesla,?,?,skeletons] wall=11:56:14.616
[student] PLAY skeletons p=0.65 cell 297 board (0.53, 0.7) units 2 23 ms tap [tesla,x_bow,rocket,skeletons] hand [tesla,x_bow,rocket,skeletons] elixir 6 wall=11:56:22.230
[student] TAP slot 3 skeletons cell 297 wall=11:56:22.564
[clock] icon reads x3 but the clock reads x1 -> using the clock (x1)
[student] TRAY first +0.46s tapped slot 3 meant skeletons before [tesla,x_bow,rocket,skeletons] now [tesla,x_bow,rocket,?] slot_now ? elixir 6->5 wall=11:56:23.023
[student] PLAY tesla p=0.86 cell 243 board (0.5, 0.56) units 3 16 ms tap [tesla,x_bow,rocket,?] hand [tesla,x_bow,rocket,?] elixir 5 wall=11:56:23.093
[student] TAP slot 0 tesla cell 243 wall=11:56:23.454
[student] TRAY first +0.57s tapped slot 0 meant tesla before [tesla,x_bow,rocket,?] now [?,ice_wizard,rocket,?] slot_now ? elixir 5->4 wall=11:56:24.023
[student] PLAY knight p=0.75 cell 309 board (0.19, 0.73) units 5 20 ms tap [knight,?,?,tornado] hand [knight,x_bow,rocket,tornado] elixir 4 wall=11:56:26.507
[student] TAP slot 0 knight cell 255 wall=11:56:26.846
[clock] icon reads x3 but the clock reads x2 -> using the clock (x2)
11:56:27 [play] elixir x2
[student] TRAY first +0.71s tapped slot 0 meant knight before [knight,x_bow,rocket,tornado] now [?,the_log,rocket,tornado] slot_now ? elixir 4->3 wall=11:56:27.558
[student] WAIT NO-TRAY-MATCH p=0.05 elixir 3 opp~? units 5 dets 5 (waits 1401/1979 badhand 651/2968) tap [?,?,?,?] wall=11:56:27.647
[student] PLAY the_log p=0.48 cell 363 board (0.19, 0.86) units 4 25 ms tap [the_log,?,?,tornado] hand [the_log,ice_wizard,rocket,tornado] elixir 3 wall=11:56:29.238
[student] TAP slot 0 the_log cell 363 wall=11:56:29.574
[student] TRAY first +0.54s tapped slot 0 meant the_log before [the_log,ice_wizard,rocket,tornado] now [?,the_log,rocket,tornado] slot_now ? elixir 3->2 wall=11:56:30.110
[student] PLAY tornado p=0.44 cell 219 board (0.19, 0.52) units 3 15 ms tap [?,?,?,tornado] hand [ice_wizard,ice_wizard,rocket,tornado] elixir 3 wall=11:56:31.785
[student] TAP slot 3 tornado cell 219 wall=11:56:32.119
[student] TRAY first +0.68s tapped slot 3 meant tornado before [ice_wizard,ice_wizard,rocket,tornado] now [ice_wizard,tesla,rocket,?] slot_now ? elixir 3->3 wall=11:56:32.800
[student] PLAY skeletons p=0.29 cell 237 board (0.19, 0.55) units 3 29 ms tap [ice_wizard,?,?,skeletons] hand [ice_wizard,tesla,rocket,skeletons] elixir 3 wall=11:56:36.596
[student] TAP slot 3 skeletons cell 237 wall=11:56:36.940
[student] TRAY first +0.76s tapped slot 3 meant skeletons before [ice_wizard,tesla,rocket,skeletons] now [ice_wizard,tesla,rocket,?] slot_now ? elixir 3->3 wall=11:56:37.695
[student] PLAY ice_wizard p=0.36 cell 239 board (0.31, 0.55) units 6 24 ms tap [ice_wizard,?,?,?] hand [ice_wizard,tesla,rocket,?] elixir 3 wall=11:56:37.777
[student] TAP slot 0 ice_wizard cell 239 wall=11:56:38.118
[student] TRAY first +0.72s tapped slot 0 meant ice_wizard before [ice_wizard,tesla,rocket,?] now [?,tesla,rocket,?] slot_now ? elixir 3->3 wall=11:56:38.835
[student] WAIT p=0.22 elixir 3 opp~? units 5 dets 5 (waits 1406/1988 badhand 657/2982) tap [knight,?,?,?] wall=11:56:41.249
[student] PLAY knight p=0.27 cell 237 board (0.19, 0.55) units 6 27 ms tap [knight,?,?,tesla_evo] hand [knight,x_bow,rocket,tesla_evo] elixir 5 wall=11:56:44.994
[student] TAP slot 0 knight cell 237 wall=11:56:45.327
[student] TRAY first +0.76s tapped slot 0 meant knight before [knight,x_bow,rocket,tesla_evo] now [?,tesla,rocket,tesla_evo] slot_now ? elixir 5->3 wall=11:56:46.089
[student] PLAY tesla_evo p=0.45 cell 297 board (0.5, 0.69) units 2 21 ms tap [?,?,?,tesla_evo] hand [?,x_bow,rocket,tesla_evo] elixir 4 wall=11:56:46.952
[student] TAP slot 3 tesla_evo cell 297 wall=11:56:47.296
[student] TRAY first +0.25s tapped slot 3 meant tesla_evo before [?,x_bow,rocket,tesla_evo] now [the_log,?,rocket,?] slot_now ? elixir 4->4 wall=11:56:47.544
[student] TRAY settled +0.60s tapped slot 3 meant tesla_evo before [?,x_bow,rocket,tesla_evo] now [the_log,?,rocket,?] slot_now ? elixir 4->1 wall=11:56:47.897
[student] PLAY the_log p=0.38 cell 238 board (0.25, 0.55) units 4 21 ms tap [the_log,?,?,tornado] hand [the_log,ice_wizard,rocket,tornado] elixir 3 wall=11:56:50.450
[student] TAP slot 0 the_log cell 256 wall=11:56:50.777
[student] TRAY first +0.26s tapped slot 0 meant the_log before [the_log,ice_wizard,rocket,tornado] now [?,the_log,rocket,ice_wizard] slot_now ? elixir 3->2 wall=11:56:51.037
[student] TRAY settled +0.60s tapped slot 0 meant the_log before [the_log,ice_wizard,rocket,tornado] now [?,the_log,rocket,tornado] slot_now ? elixir 3->1 wall=11:56:51.374
[student] WAIT NO-TRAY-MATCH p=0.00 elixir 2 opp~? units 3 dets 4 (waits 1410/1995 badhand 661/2995) tap [?,?,?,?] wall=11:56:51.779
[student] PLAY skeletons p=0.65 cell 241 board (0.42, 0.55) units 4 15 ms tap [skeletons,?,?,tornado] hand [skeletons,ice_wizard,rocket,tornado] elixir 3 wall=11:56:53.163
[student] TAP slot 0 skeletons cell 241 wall=11:56:53.493
[student] TRAY first +0.25s tapped slot 0 meant skeletons before [skeletons,ice_wizard,rocket,tornado] now [?,the_log,rocket,tornado] slot_now ? elixir 3->2 wall=11:56:53.747
[student] TRAY settled +0.65s tapped slot 0 meant skeletons before [skeletons,ice_wizard,rocket,tornado] now [?,the_log,rocket,tornado] slot_now ? elixir 3->2 wall=11:56:54.142
[student] PLAY tornado p=0.40 cell 333 board (0.53, 0.77) units 3 21 ms tap [?,?,?,tornado] hand [?,ice_wizard,rocket,tornado] elixir 3 wall=11:56:54.862
[assist] TORNADO king-spot cell 333->332 trigger guards at (0.32,0.55) enemy tracks 10 wall=11:56:54.862
[student] TAP slot 3 tornado cell 332 wall=11:56:55.196
[student] TRAY first +0.26s tapped slot 3 meant tornado before [?,ice_wizard,rocket,tornado] now [ice_wizard,?,rocket,?] slot_now ? elixir 3->3 wall=11:56:55.457
[student] TRAY settled +0.58s tapped slot 3 meant tornado before [?,ice_wizard,rocket,tornado] now [tornado,?,rocket,?] slot_now ? elixir 3->0 wall=11:56:55.772
[student] PLAY knight_evo p=0.49 cell 237 board (0.19, 0.55) units 1 17 ms tap [?,?,?,knight_evo] hand [ice_wizard,ice_wizard,rocket,knight_evo] elixir 3 wall=11:56:59.485
[student] TAP slot 3 knight_evo cell 237 wall=11:56:59.819
[student] TRAY first +0.29s tapped slot 3 meant knight_evo before [ice_wizard,ice_wizard,rocket,knight_evo] now [tornado,?,rocket,?] slot_now ? elixir 3->3 wall=11:57:00.108
[student] TRAY settled +0.67s tapped slot 3 meant knight_evo before [ice_wizard,ice_wizard,rocket,knight_evo] now [ice_wizard,?,rocket,?] slot_now ? elixir 3->1 wall=11:57:00.489
[student] WAIT NO-TRAY-MATCH p=0.05 elixir 2 opp~? units 1 dets 2 (waits 1411/1999 badhand 667/3008) tap [?,?,?,?] wall=11:57:01.902
[student] PLAY tesla p=0.85 cell 240 board (0.33, 0.56) units 2 19 ms tap [ice_wizard,?,?,tesla] hand [ice_wizard,x_bow,rocket,tesla] elixir 4 wall=11:57:04.502
[student] TAP slot 3 tesla cell 240 wall=11:57:04.843
[student] TRAY first +0.27s tapped slot 3 meant tesla before [ice_wizard,x_bow,rocket,tesla] now [ice_wizard,tornado,rocket,?] slot_now ? elixir 4->4 wall=11:57:05.115
[student] TRAY settled +0.87s tapped slot 3 meant tesla before [ice_wizard,x_bow,rocket,tesla] now [tornado,?,rocket,?] slot_now ? elixir 4->1 wall=11:57:05.713
[student] WAIT p=0.27 elixir 3 opp~? units 2 dets 2 (waits 1413/2002 badhand 668/3019) tap [?,?,?,the_log] wall=11:57:08.862
[student] PLAY ice_wizard p=0.48 cell 235 board (0.08, 0.55) units 3 24 ms tap [ice_wizard,?,?,the_log] hand [ice_wizard,x_bow,rocket,the_log] elixir 5 wall=11:57:11.920
[student] TAP slot 0 ice_wizard cell 235 wall=11:57:12.255
[student] TRAY first +0.25s tapped slot 0 meant ice_wizard before [ice_wizard,x_bow,rocket,the_log] now [?,the_log,rocket,the_log] slot_now ? elixir 5->3 wall=11:57:12.503
[student] TRAY settled +0.70s tapped slot 0 meant ice_wizard before [ice_wizard,x_bow,rocket,the_log] now [?,ice_wizard,rocket,the_log] slot_now ? elixir 5->3 wall=11:57:12.953
[student] PLAY the_log p=0.50 cell 238 board (0.25, 0.55) units 5 21 ms tap [?,?,?,the_log] hand [?,ice_wizard,rocket,the_log] elixir 3 wall=11:57:13.055
[student] TAP slot 3 the_log cell 241 wall=11:57:13.406
[student] TRAY first +0.29s tapped slot 3 meant the_log before [?,ice_wizard,rocket,the_log] now [?,the_log,rocket,?] slot_now ? elixir 3->2 wall=11:57:13.700
[student] TRAY settled +0.91s tapped slot 3 meant the_log before [?,ice_wizard,rocket,the_log] now [skeletons,the_log,rocket,?] slot_now ? elixir 3->2 wall=11:57:14.312
[student] PLAY skeletons p=0.29 cell 237 board (0.19, 0.55) units 4 10 ms tap [skeletons,?,?,tornado] hand [skeletons,ice_wizard,rocket,tornado] elixir 3 wall=11:57:15.626
[student] TAP slot 0 skeletons cell 237 wall=11:57:15.961
[student] TRAY first +0.25s tapped slot 0 meant skeletons before [skeletons,ice_wizard,rocket,tornado] now [?,the_log,rocket,tornado] slot_now ? elixir 3->2 wall=11:57:16.208
[student] TRAY settled +0.80s tapped slot 0 meant skeletons before [skeletons,ice_wizard,rocket,tornado] now [?,the_log,rocket,tornado] slot_now ? elixir 3->2 wall=11:57:16.764
[student] WAIT p=0.17 elixir 3 opp~? units 5 dets 6 (waits 1419/2011 badhand 676/3032) tap [?,?,?,tornado] wall=11:57:17.203
[student] PLAY knight p=0.27 cell 237 board (0.19, 0.55) units 5 19 ms tap [knight,?,?,tornado] hand [knight,x_bow,rocket,tornado] elixir 4 wall=11:57:18.768
[student] TAP slot 0 knight cell 237 wall=11:57:19.105
[student] TRAY first +0.25s tapped slot 0 meant knight before [knight,x_bow,rocket,tornado] now [?,the_log,rocket,tornado] slot_now ? elixir 4->3 wall=11:57:19.358
[student] TRAY settled +0.60s tapped slot 0 meant knight before [knight,x_bow,rocket,tornado] now [?,the_log,rocket,tornado] slot_now ? elixir 4->1 wall=11:57:19.703
[student] PLAY tornado p=0.34 cell 184 board (0.25, 0.42) units 4 17 ms tap [?,?,?,tornado] hand [tesla,the_log,rocket,tornado] elixir 3 wall=11:57:21.188
[student] TAP slot 3 tornado cell 184 wall=11:57:21.529
[student] TRAY first +0.24s tapped slot 3 meant tornado before [tesla,the_log,rocket,tornado] now [tesla,x_bow,rocket,?] slot_now ? elixir 3->3 wall=11:57:21.765
[student] TRAY settled +0.55s tapped slot 3 meant tornado before [tesla,the_log,rocket,tornado] now [tesla,tornado,rocket,?] slot_now ? elixir 3->0 wall=11:57:22.080
11:57:23 [play] UNKNOWN 0.5s after in-match -> grace hold (label lost: overtime / end animation / dropout; up to 150s)
11:57:29 [play] state: MATCH_END
11:57:29 [nav] MATCH_END -> Play Again (located) (0.348,0.914)
11:57:30 [play] state: UNKNOWN
11:57:36 [play] state: IN_MATCH
[student] WAIT | exact=0 opp=? next=7 t=4s hand=[149, 2, 0, 164] tw=1.01.01.01.01.01.0 sp=0 unk=0 p=0.01 elixir 8 opp~? units 0 dets 0 (waits 1426/2020 badhand 678/3044) tap [knight,ice_wizard,tornado,tesla] wall=11:57:40.354
[student] WAIT p=0.13 elixir 10 opp~? units 1 dets 1 (waits 1436/2030 badhand 678/3054) tap [knight,ice_wizard,tornado,tesla] wall=11:57:47.130
[student] PLAY tesla p=0.52 cell 279 board (0.5, 0.66) units 2 24 ms tap [knight,ice_wizard,tornado,tesla] hand [knight,ice_wizard,tornado,tesla] elixir 10 wall=11:57:48.694
[student] TAP slot 3 tesla cell 279 wall=11:57:49.038
[student] TRAY first +0.24s tapped slot 3 meant tesla before [knight,ice_wizard,tornado,tesla] now [knight,ice_wizard,tornado,?] slot_now ? elixir 10->6 wall=11:57:49.283
[student] TRAY settled +0.92s tapped slot 3 meant tesla before [knight,ice_wizard,tornado,tesla] now [knight,ice_wizard,tornado,?] slot_now ? elixir 10->6 wall=11:57:49.957
[student] WAIT p=0.13 elixir 7 opp~? units 3 dets 3 (waits 1446/2041 badhand 680/3065) tap [knight,ice_wizard,tornado,skeletons] wall=11:57:55.150
[student] PLAY skeletons p=0.27 cell 244 board (0.58, 0.55) units 2 6 ms tap [knight,ice_wizard,tornado,skeletons] hand [knight,ice_wizard,tornado,skeletons] elixir 8 wall=11:57:57.344
[student] TAP slot 3 skeletons cell 244 wall=11:57:57.677
[student] TRAY first +0.26s tapped slot 3 meant skeletons before [knight,ice_wizard,tornado,skeletons] now [knight,ice_wizard,tornado,?] slot_now ? elixir 8->7 wall=11:57:57.933
[student] TRAY settled +1.04s tapped slot 3 meant skeletons before [knight,ice_wizard,tornado,skeletons] now [knight,ice_wizard,tornado,?] slot_now ? elixir 8->7 wall=11:57:58.721
[student] WAIT p=0.16 elixir 9 opp~? units 3 dets 3 (waits 1456/2052 badhand 682/3076) tap [knight,ice_wizard,tornado,the_log] wall=11:58:01.975
[student] PLAY knight p=0.29 cell 423 board (0.53, 0.98) units 3 15 ms tap [knight,ice_wizard,tornado,the_log] hand [knight,ice_wizard,tornado,the_log] elixir 9 wall=11:58:04.386
[student] TAP slot 0 knight cell 423 wall=11:58:04.721
[student] TRAY first +0.24s tapped slot 0 meant knight before [knight,ice_wizard,tornado,the_log] now [?,ice_wizard,tornado,the_log] slot_now ? elixir 9->7 wall=11:58:04.964
[student] TRAY settled +0.97s tapped slot 0 meant knight before [knight,ice_wizard,tornado,the_log] now [?,ice_wizard,tornado,the_log] slot_now ? elixir 9->7 wall=11:58:05.692
[student] PLAY ice_wizard p=0.90 cell 297 board (0.53, 0.7) units 4 15 ms tap [x_bow,ice_wizard,tornado,the_log] hand [x_bow,ice_wizard,tornado,the_log] elixir 7 wall=11:58:08.619
[student] TAP slot 1 ice_wizard cell 297 wall=11:58:08.952
[student] TRAY first +0.23s tapped slot 1 meant ice_wizard before [x_bow,ice_wizard,tornado,the_log] now [x_bow,?,tornado,the_log] slot_now ? elixir 7->5 wall=11:58:09.183
[student] PLAY the_log p=0.55 cell 284 board (0.81, 0.64) units 3 22 ms tap [?,?,tornado,the_log] hand [x_bow,?,tornado,the_log] elixir 5 wall=11:58:09.263
[student] TAP slot 3 the_log cell 302 wall=11:58:09.610
[student] TRAY first +0.23s tapped slot 3 meant the_log before [x_bow,?,tornado,the_log] now [ice_wizard,?,tornado,?] slot_now ? elixir 5->3 wall=11:58:09.838
[student] PLAY tornado p=0.32 cell 229 board (0.75, 0.52) units 3 15 ms tap [?,?,tornado,?] hand [ice_wizard,?,tornado,?] elixir 3 wall=11:58:09.916
[student] TAP slot 2 tornado cell 229 wall=11:58:10.244
[student] TRAY first +0.29s tapped slot 2 meant tornado before [ice_wizard,?,tornado,?] now [tornado,rocket,?,?] slot_now ? elixir 3->3 wall=11:58:10.536
[student] TRAY settled +0.63s tapped slot 2 meant tornado before [ice_wizard,?,tornado,?] now [tornado,rocket,?,?] slot_now ? elixir 3->0 wall=11:58:10.876
[student] PLAY skeletons p=0.69 cell 320 board (0.81, 0.73) units 2 15 ms tap [?,?,skeletons,?] hand [ice_wizard,rocket,skeletons,tesla] elixir 1 wall=11:58:12.432
[student] TAP slot 2 skeletons cell 266 wall=11:58:12.761
[student] TRAY first +0.28s tapped slot 2 meant skeletons before [ice_wizard,rocket,skeletons,tesla] now [x_bow,rocket,?,tesla] slot_now ? elixir 1->1 wall=11:58:13.040
[student] TRAY settled +0.62s tapped slot 2 meant skeletons before [ice_wizard,rocket,skeletons,tesla] now [tornado,rocket,?,tesla] slot_now ? elixir 1->0 wall=11:58:13.383
[student] WAIT NO-TRAY-MATCH p=0.07 elixir 2 opp~? units 4 dets 5 (waits 1464/2065 badhand 687/3091) tap [?,?,?,?] wall=11:58:17.567
[student] PLAY knight p=0.29 cell 248 board (0.81, 0.55) units 3 27 ms tap [?,?,knight,?] hand [ice_wizard,rocket,knight,tesla] elixir 3 wall=11:58:21.501
[student] TAP slot 2 knight cell 248 wall=11:58:21.835
[student] TRAY first +0.25s tapped slot 2 meant knight before [ice_wizard,rocket,knight,tesla] now [tornado,rocket,?,tesla] slot_now ? elixir 3->3 wall=11:58:22.087
[student] TRAY settled +0.58s tapped slot 2 meant knight before [ice_wizard,rocket,knight,tesla] now [tornado,rocket,?,tesla] slot_now ? elixir 3->0 wall=11:58:22.414
[student] WAIT NO-TRAY-MATCH p=0.05 elixir 3 opp~? units 3 dets 3 (waits 1465/2067 badhand 688/3102) tap [?,?,?,?] wall=11:58:30.111
[student] WAIT | exact=0 opp=? next=6 t=58s hand=[3, 4, 2, 164] tw=1.01.01.01.01.01.0 sp=0 unk=0 p=0.02 elixir 5 opp~? units 2 dets 2 (waits 1472/2074 badhand 688/3112) tap [?,?,ice_wizard,tesla] wall=11:58:34.487
[student] PLAY tesla p=0.34 cell 297 board (0.5, 0.69) units 2 11 ms tap [x_bow,rocket,ice_wizard,tesla] hand [x_bow,rocket,ice_wizard,tesla] elixir 6 wall=11:58:37.230
[student] TAP slot 3 tesla cell 297 wall=11:58:37.559
[student] TRAY first +0.27s tapped slot 3 meant tesla before [x_bow,rocket,ice_wizard,tesla] now [the_log,rocket,ice_wizard,?] slot_now ? elixir 6->4 wall=11:58:37.824
[student] TRAY settled +0.58s tapped slot 3 meant tesla before [x_bow,rocket,ice_wizard,tesla] now [the_log,rocket,ice_wizard,?] slot_now ? elixir 6->2 wall=11:58:38.136
[student] WAIT p=0.13 elixir 3 opp~? units 4 dets 4 (waits 1479/2082 badhand 691/3123) tap [?,?,?,the_log] wall=11:58:40.391
[student] PLAY the_log p=0.33 cell 248 board (0.81, 0.55) units 3 14 ms tap [?,?,?,the_log] hand [ice_wizard,rocket,ice_wizard,the_log] elixir 3 wall=11:58:41.622
[student] TAP slot 3 the_log cell 248 wall=11:58:41.962
[student] TRAY first +0.26s tapped slot 3 meant the_log before [ice_wizard,rocket,ice_wizard,the_log] now [tesla,rocket,ice_wizard,?] slot_now ? elixir 3->2 wall=11:58:42.219
[student] TRAY settled +1.07s tapped slot 3 meant the_log before [ice_wizard,rocket,ice_wizard,the_log] now [the_log,rocket,ice_wizard,?] slot_now ? elixir 3->2 wall=11:58:43.036
[student] PLAY tornado p=0.31 cell 229 board (0.75, 0.52) units 2 14 ms tap [?,?,?,tornado] hand [ice_wizard,rocket,ice_wizard,tornado] elixir 3 wall=11:58:46.973
[student] TAP slot 3 tornado cell 229 wall=11:58:47.306
[student] TRAY first +0.27s tapped slot 3 meant tornado before [ice_wizard,rocket,ice_wizard,tornado] now [tornado,rocket,ice_wizard,?] slot_now ? elixir 3->3 wall=11:58:47.580
[student] TRAY settled +0.57s tapped slot 3 meant tornado before [ice_wizard,rocket,ice_wizard,tornado] now [tornado,rocket,ice_wizard,?] slot_now ? elixir 3->0 wall=11:58:47.875
[student] WAIT | exact=0 opp=? next=149 t=76s hand=[6, 4, 2, 7] tw=1.01.01.01.01.01.0 sp=0 unk=0 p=0.05 elixir 2 opp~? units 2 dets 2 (waits 1486/2091 badhand 693/3135) tap [?,?,?,skeletons] wall=11:58:52.363
[student] WAIT p=0.09 elixir 5 opp~? units 1 dets 1 (waits 1496/2101 badhand 693/3145) tap [?,?,ice_wizard,skeletons] wall=11:58:59.696
[student] PLAY x_bow p=0.28 cell 267 board (0.86, 0.61) units 1 6 ms tap [x_bow,rocket,ice_wizard,skeletons] hand [x_bow,rocket,ice_wizard,skeletons] elixir 7 wall=11:59:06.532
[student] TAP slot 0 x_bow cell 267 wall=11:59:06.860
[student] TRAY first +0.27s tapped slot 0 meant x_bow before [x_bow,rocket,ice_wizard,skeletons] now [?,rocket,ice_wizard,skeletons] slot_now ? elixir 7->6 wall=11:59:07.128
[student] PLAY skeletons p=0.72 cell 247 board (0.75, 0.55) units 2 26 ms tap [?,?,?,skeletons] hand [?,rocket,ice_wizard,skeletons] elixir 6 wall=11:59:07.212
[student] TAP slot 3 skeletons cell 247 wall=11:59:07.562
[student] TRAY first +0.26s tapped slot 3 meant skeletons before [?,rocket,ice_wizard,skeletons] now [?,rocket,tornado,?] slot_now ? elixir 6->1 wall=11:59:07.824
[student] TRAY settled +0.61s tapped slot 3 meant skeletons before [?,rocket,ice_wizard,skeletons] now [?,rocket,ice_wizard,?] slot_now ? elixir 6->1 wall=11:59:08.172
[student] WAIT | exact=0 opp=? next=6 t=98s hand=[149, 4, 2, 164] tw=1.01.01.01.00.91.0 sp=0 unk=0 p=0.04 elixir 3 opp~? units 4 dets 4 (waits 1506/2113 badhand 694/3157) tap [knight_evo,?,ice_wizard,?] wall=11:59:14.629
[student] PLAY knight_evo p=0.60 cell 249 board (0.86, 0.55) units 4 16 ms tap [knight_evo,?,ice_wizard,tesla_evo] hand [knight_evo,rocket,ice_wizard,tesla_evo] elixir 5 wall=11:59:20.712
[student] TAP slot 0 knight_evo cell 249 wall=11:59:21.045
[student] TRAY first +0.86s tapped slot 0 meant knight_evo before [knight_evo,rocket,ice_wizard,tesla_evo] now [?,rocket,ice_wizard,tesla_evo] slot_now ? elixir 5->5 wall=11:59:21.902
[student] PLAY ice_wizard p=0.70 cell 298 board (0.58, 0.67) units 4 17 ms tap [?,?,ice_wizard,?] hand [?,rocket,ice_wizard,tesla_evo] elixir 3 wall=11:59:23.097
[student] TAP slot 2 ice_wizard cell 298 wall=11:59:23.429
[student] TRAY first +1.02s tapped slot 2 meant ice_wizard before [?,rocket,ice_wizard,tesla_evo] now [the_log,rocket,?,?] slot_now ? elixir 3->3 wall=11:59:24.449
[student] WAIT p=0.10 elixir 2 opp~? units 3 dets 4 (waits 1514/2123 badhand 697/3169) tap [the_log,?,?,?] wall=11:59:30.844
[student] PLAY tornado p=0.29 cell 212 board (0.81, 0.48) units 4 16 ms tap [the_log,?,tornado,?] hand [the_log,rocket,tornado,tesla_evo] elixir 3 wall=11:59:32.752
[student] TAP slot 2 tornado cell 212 wall=11:59:33.083
[clock] icon reads x3 but the clock reads x1 -> using the clock (x1)
[student] TRAY first +0.64s tapped slot 2 meant tornado before [the_log,rocket,tornado,tesla_evo] now [the_log,rocket,?,tesla] slot_now ? elixir 3->3 wall=11:59:33.725
[clock] icon reads x3 but the clock reads x2 -> using the clock (x2)
11:59:36 [play] elixir x2
[student] PLAY tesla_evo p=0.53 cell 279 board (0.5, 0.66) units 4 19 ms tap [the_log,?,?,tesla_evo] hand [the_log,rocket,x_bow,tesla_evo] elixir 4 wall=11:59:37.746
[student] TAP slot 3 tesla_evo cell 279 wall=11:59:38.084
[student] TRAY first +0.54s tapped slot 3 meant tesla_evo before [the_log,rocket,x_bow,tesla_evo] now [the_log,rocket,ice_wizard,?] slot_now ? elixir 4->4 wall=11:59:38.623
[student] PLAY skeletons p=0.51 cell 244 board (0.58, 0.55) units 9 18 ms tap [the_log,?,?,skeletons] hand [the_log,rocket,tesla_evo,skeletons] elixir 2 wall=11:59:40.199
[student] TAP slot 3 skeletons cell 244 wall=11:59:40.545
[student] TRAY first +0.61s tapped slot 3 meant skeletons before [the_log,rocket,tesla_evo,skeletons] now [the_log,rocket,tesla,?] slot_now ? elixir 2->1 wall=11:59:41.158
[student] PLAY the_log p=0.37 cell 247 board (0.75, 0.55) units 7 23 ms tap [the_log,?,?,?] hand [the_log,rocket,ice_wizard,knight] elixir 2 wall=11:59:42.552
[student] TAP slot 0 the_log cell 355 wall=11:59:42.883
[student] TRAY first +0.65s tapped slot 0 meant the_log before [the_log,rocket,ice_wizard,knight] now [?,rocket,ice_wizard,knight] slot_now ? elixir 2->2 wall=11:59:43.535
[student] PLAY knight p=0.37 cell 247 board (0.75, 0.55) units 3 18 ms tap [?,?,?,knight] hand [ice_wizard,rocket,ice_wizard,knight] elixir 3 wall=11:59:46.112
[student] TAP slot 3 knight cell 247 wall=11:59:46.442
[student] TRAY first +0.60s tapped slot 3 meant knight before [ice_wizard,rocket,ice_wizard,knight] now [ice_wizard,rocket,ice_wizard,?] slot_now ? elixir 3->3 wall=11:59:47.042
[student] WAIT NO-TRAY-MATCH p=0.44 elixir 3 opp~? units 4 dets 4 (waits 1518/2132 badhand 701/3184) tap [?,?,?,?] wall=11:59:47.115
[student] PLAY tornado p=0.56 cell 211 board (0.75, 0.48) units 5 17 ms tap [?,?,?,tornado] hand [ice_wizard,rocket,ice_wizard,tornado] elixir 3 wall=11:59:50.640
[assist] TORNADO king-spot cell 211->333 trigger ice_golem at (0.55,0.55) enemy tracks 10 wall=11:59:50.641
[student] TAP slot 3 tornado cell 333 wall=11:59:50.970
[student] TRAY first +0.61s tapped slot 3 meant tornado before [ice_wizard,rocket,ice_wizard,tornado] now [ice_wizard,rocket,ice_wizard,?] slot_now ? elixir 3->3 wall=11:59:51.576
[student] PLAY tesla p=0.80 cell 297 board (0.5, 0.69) units 4 28 ms tap [ice_wizard,?,?,tesla] hand [ice_wizard,rocket,x_bow,tesla] elixir 4 wall=11:59:56.225
[student] TAP slot 3 tesla cell 297 wall=11:59:56.579
[student] TRAY first +0.25s tapped slot 3 meant tesla before [ice_wizard,rocket,x_bow,tesla] now [ice_wizard,rocket,ice_wizard,?] slot_now ? elixir 4->4 wall=11:59:56.829
[student] TRAY settled +0.63s tapped slot 3 meant tesla before [ice_wizard,rocket,x_bow,tesla] now [ice_wizard,rocket,ice_wizard,?] slot_now ? elixir 4->1 wall=11:59:57.211
[student] PLAY skeletons p=0.55 cell 244 board (0.58, 0.55) units 4 22 ms tap [?,?,?,skeletons] hand [ice_wizard,rocket,tesla_evo,skeletons] elixir 2 wall=11:59:58.021
[student] TAP slot 3 skeletons cell 244 wall=11:59:58.350
[student] TRAY first +0.24s tapped slot 3 meant skeletons before [ice_wizard,rocket,tesla_evo,skeletons] now [ice_wizard,rocket,ice_wizard,?] slot_now ? elixir 2->1 wall=11:59:58.595
[student] TRAY settled +0.58s tapped slot 3 meant skeletons before [ice_wizard,rocket,tesla_evo,skeletons] now [ice_wizard,rocket,tesla,?] slot_now ? elixir 2->1 wall=11:59:58.932
[student] PLAY the_log p=0.72 cell 299 board (0.64, 0.7) units 3 23 ms tap [?,?,?,the_log] hand [ice_wizard,rocket,ice_wizard,the_log] elixir 3 wall=12:00:01.050
[student] TAP slot 3 the_log cell 354 wall=12:00:01.401
[student] TRAY first +0.26s tapped slot 3 meant the_log before [ice_wizard,rocket,ice_wizard,the_log] now [ice_wizard,rocket,tesla,?] slot_now ? elixir 3->2 wall=12:00:01.664
[student] TRAY settled +0.61s tapped slot 3 meant the_log before [ice_wizard,rocket,ice_wizard,the_log] now [ice_wizard,rocket,tesla,?] slot_now ? elixir 3->1 wall=12:00:02.006
[student] WAIT NO-TRAY-MATCH p=0.70 elixir 2 opp~? units 5 dets 5 (waits 1518/2136 badhand 705/3198) tap [?,?,?,?] wall=12:00:02.448
[student] PLAY knight p=0.36 cell 323 board (0.97, 0.73) units 3 25 ms tap [?,?,?,knight] hand [ice_wizard,rocket,ice_wizard,knight] elixir 3 wall=12:00:04.253
[student] TAP slot 3 knight cell 323 wall=12:00:04.585
[student] TRAY first +0.24s tapped slot 3 meant knight before [ice_wizard,rocket,ice_wizard,knight] now [tornado,rocket,rocket,?] slot_now ? elixir 3->3 wall=12:00:04.828
[student] TRAY settled +0.57s tapped slot 3 meant knight before [ice_wizard,rocket,ice_wizard,knight] now [ice_wizard,rocket,ice_wizard,?] slot_now ? elixir 3->1 wall=12:00:05.156
[student] PLAY tornado p=0.40 cell 230 board (0.81, 0.52) units 4 17 ms tap [?,?,?,tornado] hand [ice_wizard,rocket,ice_wizard,tornado] elixir 3 wall=12:00:08.918
[student] TAP slot 3 tornado cell 230 wall=12:00:09.251
[student] TRAY first +0.25s tapped slot 3 meant tornado before [ice_wizard,rocket,ice_wizard,tornado] now [ice_wizard,rocket,ice_wizard,?] slot_now ? elixir 3->3 wall=12:00:09.499
[student] TRAY settled +0.58s tapped slot 3 meant tornado before [ice_wizard,rocket,ice_wizard,tornado] now [ice_wizard,rocket,ice_wizard,?] slot_now ? elixir 3->1 wall=12:00:09.836
[student] PLAY ice_wizard p=0.64 cell 332 board (0.47, 0.77) units 3 21 ms tap [ice_wizard,?,?,tesla] hand [ice_wizard,rocket,x_bow,tesla] elixir 4 wall=12:00:13.750
[student] TAP slot 0 ice_wizard cell 332 wall=12:00:14.084
[student] TRAY first +0.30s tapped slot 0 meant ice_wizard before [ice_wizard,rocket,x_bow,tesla] now [?,rocket,tesla,tesla] slot_now ? elixir 4->3 wall=12:00:14.379
[student] TRAY settled +0.63s tapped slot 0 meant ice_wizard before [ice_wizard,rocket,x_bow,tesla] now [?,rocket,tesla_evo,tesla] slot_now ? elixir 4->2 wall=12:00:14.714
[student] WAIT NO-TRAY-MATCH p=0.86 elixir 2 opp~? units 4 dets 4 (waits 1519/2140 badhand 709/3211) tap [?,?,?,?] wall=12:00:15.306
[student] PLAY skeletons p=0.90 cell 320 board (0.81, 0.73) units 4 15 ms tap [skeletons,?,?,?] hand [skeletons,rocket,ice_wizard,tesla] elixir 2 wall=12:00:16.122
[student] TAP slot 0 skeletons cell 266 wall=12:00:16.450
[student] TRAY first +0.25s tapped slot 0 meant skeletons before [skeletons,rocket,ice_wizard,tesla] now [?,rocket,the_log,tesla] slot_now ? elixir 2->2 wall=12:00:16.701
[student] TRAY settled +0.84s tapped slot 0 meant skeletons before [skeletons,rocket,ice_wizard,tesla] now [?,rocket,ice_wizard,tesla] slot_now ? elixir 2->2 wall=12:00:17.292
[student] PLAY the_log p=0.30 cell 337 board (0.75, 0.77) units 4 14 ms tap [the_log,?,?,?] hand [the_log,rocket,ice_wizard,tesla] elixir 3 wall=12:00:18.131
[student] TAP slot 0 the_log cell 408 wall=12:00:18.462
[student] TRAY first +0.26s tapped slot 0 meant the_log before [the_log,rocket,ice_wizard,tesla] now [?,rocket,tesla,tesla] slot_now ? elixir 3->2 wall=12:00:18.717
[student] TRAY settled +0.84s tapped slot 0 meant the_log before [the_log,rocket,ice_wizard,tesla] now [?,rocket,the_log,tesla] slot_now ? elixir 3->2 wall=12:00:19.299
[student] PLAY knight_evo p=0.49 cell 350 board (0.47, 0.83) units 4 23 ms tap [knight_evo,?,?,?] hand [knight_evo,rocket,ice_wizard,tesla] elixir 3 wall=12:00:20.914
[student] TAP slot 0 knight_evo cell 350 wall=12:00:21.246
[student] TRAY first +0.28s tapped slot 0 meant knight_evo before [knight_evo,rocket,ice_wizard,tesla] now [?,rocket,rocket,tesla] slot_now ? elixir 3->3 wall=12:00:21.530
[student] TRAY settled +0.61s tapped slot 0 meant knight_evo before [knight_evo,rocket,ice_wizard,tesla] now [?,rocket,ice_wizard,tesla] slot_now ? elixir 3->1 wall=12:00:21.859
[student] PLAY tornado p=0.47 cell 386 board (0.47, 0.89) units 4 24 ms tap [tornado,?,?,?] hand [tornado,rocket,ice_wizard,tesla] elixir 3 wall=12:00:24.664
[student] TAP slot 0 tornado cell 386 wall=12:00:24.995
[student] TRAY first +0.24s tapped slot 0 meant tornado before [tornado,rocket,ice_wizard,tesla] now [?,rocket,?,tesla] slot_now ? elixir 3->3 wall=12:00:25.232
[student] TRAY settled +1.00s tapped slot 0 meant tornado before [tornado,rocket,ice_wizard,tesla] now [?,rocket,?,tesla] slot_now ? elixir 3->1 wall=12:00:25.994
12:00:26 [play] UNKNOWN 0.5s after in-match -> grace hold (label lost: overtime / end animation / dropout; up to 150s)
12:00:33 [play] state: MATCH_END
12:00:33 [nav] MATCH_END -> Play Again (fixed) (0.335,0.905)
12:00:34 [nav] MATCH_END -> Play Again (fixed) (0.335,0.905)
12:00:35 [nav] MATCH_END -> Play Again (fixed) (0.335,0.905)
12:00:35 [nav] MATCH_END -> Play Again (fixed) (0.335,0.905)
12:00:36 [nav] MATCH_END -> Play Again (fixed) (0.335,0.905)
12:00:37 [nav] MATCH_END -> Play Again (fixed) (0.335,0.905)
12:00:38 [play] state: UNKNOWN
12:00:38 [play] state: MATCH_END
12:00:38 [nav] MATCH_END -> Play Again (fixed) (0.335,0.905)
12:00:39 [nav] MATCH_END -> Play Again (fixed) (0.335,0.905)
12:00:39 [nav] MATCH_END -> Play Again (fixed) (0.335,0.905)
12:00:40 [nav] MATCH_END -> Play Again (fixed) (0.335,0.905)
12:00:41 [nav] MATCH_END -> Play Again (fixed) (0.335,0.905)
12:00:42 [nav] MATCH_END -> Play Again (fixed) (0.335,0.905)
12:00:42 [nav] MATCH_END -> Play Again (fixed) (0.335,0.905)
12:00:43 [nav] MATCH_END -> Play Again (fixed) (0.335,0.905)
12:00:44 [nav] MATCH_END stuck ~6s -> escalate: tap OK (0.500,0.905)
12:00:45 [play] state: UNKNOWN
12:00:46 [play] state: HOME
12:00:46 [nav] HOME -> Battle (located) (0.509,0.789)
12:00:47 [play] state: UNKNOWN
12:00:52 [play] state: IN_MATCH
[student] WAIT p=0.21 elixir 9 opp~? units 0 dets 0 (waits 1526/2151 badhand 712/3225) tap [rocket,x_bow,ice_wizard,knight] wall=12:00:57.719
[student] PLAY x_bow p=0.45 cell 267 board (0.86, 0.61) units 1 20 ms tap [rocket,x_bow,ice_wizard,knight] hand [rocket,x_bow,ice_wizard,knight] elixir 10 wall=12:00:59.610
[student] TAP slot 1 x_bow cell 267 wall=12:00:59.962
[student] TRAY first +0.26s tapped slot 1 meant x_bow before [rocket,x_bow,ice_wizard,knight] now [rocket,?,ice_wizard,knight] slot_now ? elixir 10->6 wall=12:01:00.219
[student] PLAY knight p=0.74 cell 247 board (0.75, 0.55) units 4 21 ms tap [?,?,ice_wizard,knight] hand [rocket,?,ice_wizard,knight] elixir 6 wall=12:01:00.286
[student] TAP slot 3 knight cell 247 wall=12:01:00.616
[student] TRAY first +0.25s tapped slot 3 meant knight before [rocket,?,ice_wizard,knight] now [rocket,?,ice_wizard,?] slot_now ? elixir 6->4 wall=12:01:00.870
[student] PLAY ice_wizard p=0.68 cell 245 board (0.64, 0.55) units 5 25 ms tap [?,?,ice_wizard,?] hand [rocket,?,ice_wizard,?] elixir 4 wall=12:01:00.954
[student] TAP slot 2 ice_wizard cell 245 wall=12:01:01.293
[student] TRAY first +0.23s tapped slot 2 meant ice_wizard before [rocket,?,ice_wizard,?] now [rocket,the_log,ice_wizard,?] slot_now ice_wizard elixir 4->1 wall=12:01:01.519
[student] TRAY settled +0.50s tapped slot 2 meant ice_wizard before [rocket,?,ice_wizard,?] now [rocket,the_log,the_log,?] slot_now the_log elixir 4->1 wall=12:01:01.798
[student] PLAY the_log p=0.28 cell 249 board (0.86, 0.55) units 4 24 ms tap [?,the_log,?,?] hand [rocket,the_log,ice_wizard,tornado] elixir 2 wall=12:01:04.662
[student] TAP slot 1 the_log cell 249 wall=12:01:04.995
[student] TRAY first +0.23s tapped slot 1 meant the_log before [rocket,the_log,ice_wizard,tornado] now [rocket,?,tornado,tornado] slot_now ? elixir 2->2 wall=12:01:05.228
[student] TRAY settled +0.58s tapped slot 1 meant the_log before [rocket,the_log,ice_wizard,tornado] now [rocket,?,tornado,tornado] slot_now ? elixir 2->0 wall=12:01:05.572
[student] PLAY ice_wizard p=0.87 cell 249 board (0.86, 0.55) units 3 22 ms tap [?,?,ice_wizard,tornado] hand [rocket,tesla,ice_wizard,tornado] elixir 3 wall=12:01:12.606
[student] TAP slot 2 ice_wizard cell 249 wall=12:01:12.949
[student] TRAY first +0.25s tapped slot 2 meant ice_wizard before [rocket,tesla,ice_wizard,tornado] now [rocket,?,?,tornado] slot_now ? elixir 3->3 wall=12:01:13.198
[student] TRAY settled +1.07s tapped slot 2 meant ice_wizard before [rocket,tesla,ice_wizard,tornado] now [rocket,?,?,tornado] slot_now ? elixir 3->0 wall=12:01:14.024
[student] WAIT p=0.06 elixir 2 opp~? units 3 dets 3 (waits 1535/2165 badhand 715/3240) tap [?,?,skeletons,?] wall=12:01:19.747
[student] WAIT | exact=0 opp=? next=3 t=35s hand=[4, 164, 7, 0] tw=1.01.01.01.01.01.0 sp=0 unk=0 p=0.04 elixir 5 opp~? units 1 dets 1 (waits 1545/2175 badhand 715/3250) tap [?,tesla,skeletons,tornado] wall=12:01:26.983
[student] PLAY skeletons p=0.47 cell 250 board (0.92, 0.55) units 1 22 ms tap [rocket,tesla,skeletons,tornado] hand [rocket,tesla,skeletons,tornado] elixir 6 wall=12:01:31.839
[student] TAP slot 2 skeletons cell 250 wall=12:01:32.177
[student] TRAY first +0.30s tapped slot 2 meant skeletons before [rocket,tesla,skeletons,tornado] now [rocket,tesla,?,tornado] slot_now ? elixir 6->6 wall=12:01:32.475
[student] PLAY tesla p=0.45 cell 243 board (0.5, 0.56) units 2 26 ms tap [rocket,tesla,?,tornado] hand [rocket,tesla,?,tornado] elixir 6 wall=12:01:32.556
[student] TAP slot 1 tesla cell 243 wall=12:01:32.883
[student] TRAY first +0.25s tapped slot 1 meant tesla before [rocket,tesla,?,tornado] now [rocket,?,?,tornado] slot_now ? elixir 6->4 wall=12:01:33.132
[student] TRAY settled +0.65s tapped slot 1 meant tesla before [rocket,tesla,?,tornado] now [rocket,?,?,tornado] slot_now ? elixir 6->2 wall=12:01:33.532
[student] WAIT p=0.13 elixir 3 opp~? units 3 dets 3 (waits 1554/2186 badhand 717/3262) tap [?,knight,?,tornado] wall=12:01:37.283
[student] WAIT p=0.26 elixir 6 opp~? units 1 dets 1 (waits 1564/2196 badhand 717/3272) tap [rocket,knight,x_bow,tornado] wall=12:01:44.118
[student] PLAY x_bow p=0.27 cell 265 board (0.75, 0.61) units 1 20 ms tap [rocket,knight,x_bow,tornado] hand [rocket,knight,x_bow,tornado] elixir 6 wall=12:01:45.448
[student] TAP slot 2 x_bow cell 265 wall=12:01:45.782
[student] TRAY first +0.25s tapped slot 2 meant x_bow before [rocket,knight,x_bow,tornado] now [rocket,knight,?,tornado] slot_now ? elixir 6->6 wall=12:01:46.029
[student] TRAY settled +0.57s tapped slot 2 meant x_bow before [rocket,knight,x_bow,tornado] now [rocket,knight,?,tornado] slot_now ? elixir 6->1 wall=12:01:46.348
[student] PLAY knight p=0.85 cell 250 board (0.92, 0.55) units 4 19 ms tap [?,knight,the_log,tornado] hand [rocket,knight,the_log,tornado] elixir 3 wall=12:01:51.997
[student] TAP slot 1 knight cell 250 wall=12:01:52.329
[student] TRAY first +0.28s tapped slot 1 meant knight before [rocket,knight,the_log,tornado] now [rocket,?,the_log,tornado] slot_now ? elixir 3->3 wall=12:01:52.609
[student] TRAY settled +0.63s tapped slot 1 meant knight before [rocket,knight,the_log,tornado] now [rocket,?,the_log,tornado] slot_now ? elixir 3->0 wall=12:01:52.962
[student] PLAY the_log p=0.27 cell 250 board (0.92, 0.55) units 5 28 ms tap [?,?,the_log,?] hand [rocket,ice_wizard,the_log,tornado] elixir 2 wall=12:01:58.678
[student] TAP slot 2 the_log cell 267 wall=12:01:59.010
[student] TRAY first +0.27s tapped slot 2 meant the_log before [rocket,ice_wizard,the_log,tornado] now [rocket,ice_wizard,?,tornado] slot_now ? elixir 2->2 wall=12:01:59.278
[student] TRAY settled +0.58s tapped slot 2 meant the_log before [rocket,ice_wizard,the_log,tornado] now [rocket,ice_wizard,?,tornado] slot_now ? elixir 2->0 wall=12:01:59.590
[student] WAIT p=0.07 elixir 1 opp~? units 1 dets 3 (waits 1572/2207 badhand 720/3285) tap [?,skeletons,?,?] wall=12:02:00.419
[student] PLAY ice_wizard p=0.28 cell 297 board (0.53, 0.7) units 1 15 ms tap [?,ice_wizard,skeletons,tornado] hand [rocket,ice_wizard,skeletons,tornado] elixir 3 wall=12:02:06.564
[student] TAP slot 1 ice_wizard cell 297 wall=12:02:06.894
[student] TRAY first +0.25s tapped slot 1 meant ice_wizard before [rocket,ice_wizard,skeletons,tornado] now [rocket,?,skeletons,tornado] slot_now ? elixir 3->3 wall=12:02:07.144
[student] TRAY settled +0.99s tapped slot 1 meant ice_wizard before [rocket,ice_wizard,skeletons,tornado] now [rocket,?,skeletons,tornado] slot_now ? elixir 3->0 wall=12:02:07.881
[student] WAIT p=0.11 elixir 1 opp~? units 1 dets 1 (waits 1581/2217 badhand 722/3296) tap [?,?,skeletons,?] wall=12:02:09.073
[student] WAIT | exact=0 opp=? next=3 t=83s hand=[4, 164, 7, 0] tw=1.01.01.01.01.01.0 sp=0 unk=0 p=0.05 elixir 3 opp~? units 1 dets 1 (waits 1591/2227 badhand 722/3306) tap [?,?,skeletons,tornado] wall=12:02:15.193
[student] WAIT | exact=0 opp=? next=3 t=90s hand=[4, 164, 7, 0] tw=1.01.01.01.01.01.0 sp=0 unk=0 p=0.03 elixir 5 opp~? units 2 dets 2 (waits 1601/2237 badhand 722/3316) tap [?,tesla,skeletons,tornado] wall=12:02:22.734
[student] PLAY skeletons p=0.31 cell 423 board (0.53, 0.98) units 2 23 ms tap [rocket,tesla,skeletons,tornado] hand [rocket,tesla,skeletons,tornado] elixir 7 wall=12:02:27.873
[student] TAP slot 2 skeletons cell 423 wall=12:02:28.210
[student] TRAY first +0.27s tapped slot 2 meant skeletons before [rocket,tesla,skeletons,tornado] now [rocket,tesla,?,tornado] slot_now ? elixir 7->7 wall=12:02:28.483
[student] TRAY settled +0.63s tapped slot 2 meant skeletons before [rocket,tesla,skeletons,tornado] now [rocket,tesla,?,tornado] slot_now ? elixir 7->7 wall=12:02:28.838
[student] WAIT p=0.06 elixir 7 opp~? units 1 dets 1 (waits 1611/2248 badhand 725/3327) tap [rocket,tesla,x_bow,tornado] wall=12:02:29.931
[student] PLAY x_bow p=0.28 cell 254 board (0.14, 0.61) units 3 20 ms tap [rocket,tesla,x_bow,tornado] hand [rocket,tesla,x_bow,tornado] elixir 8 wall=12:02:32.381
[student] TAP slot 2 x_bow cell 254 wall=12:02:32.727
[student] TRAY first +1.11s tapped slot 2 meant x_bow before [rocket,tesla,x_bow,tornado] now [rocket,tesla,?,tornado] slot_now ? elixir 8->6 wall=12:02:33.832
[student] PLAY knight_evo p=0.37 cell 236 board (0.14, 0.55) units 4 26 ms tap [?,?,knight_evo,tornado] hand [rocket,tesla,knight_evo,tornado] elixir 3 wall=12:02:35.038
[student] TAP slot 2 knight_evo cell 236 wall=12:02:35.381
[student] TRAY first +1.05s tapped slot 2 meant knight_evo before [rocket,tesla,knight_evo,tornado] now [rocket,?,?,tornado] slot_now ? elixir 3->3 wall=12:02:36.429
[student] PLAY the_log p=0.38 cell 236 board (0.14, 0.55) units 4 26 ms tap [?,?,the_log,?] hand [rocket,ice_wizard,the_log,tornado] elixir 2 wall=12:02:40.973
[student] TAP slot 2 the_log cell 238 wall=12:02:41.327
[student] TRAY first +1.08s tapped slot 2 meant the_log before [rocket,ice_wizard,the_log,tornado] now [rocket,?,?,tornado] slot_now ? elixir 2->2 wall=12:02:42.407
[clock] icon reads x3 but the clock reads x1 -> using the clock (x1)
[student] PLAY ice_wizard p=0.60 cell 297 board (0.53, 0.7) units 3 29 ms tap [?,?,ice_wizard,tornado] hand [rocket,tesla,ice_wizard,tornado] elixir 3 wall=12:02:48.818
[student] TAP slot 2 ice_wizard cell 297 wall=12:02:49.148
[student] TRAY first +0.67s tapped slot 2 meant ice_wizard before [rocket,tesla,ice_wizard,tornado] now [rocket,tesla,?,tornado] slot_now ? elixir 3->3 wall=12:02:49.819
[student] PLAY skeletons p=0.52 cell 235 board (0.08, 0.55) units 3 21 ms tap [?,?,skeletons,?] hand [rocket,tesla,skeletons,tornado] elixir 1 wall=12:02:51.339
[student] TAP slot 2 skeletons cell 235 wall=12:02:51.678
[student] TRAY first +0.64s tapped slot 2 meant skeletons before [rocket,tesla,skeletons,tornado] now [rocket,tesla,?,tornado] slot_now ? elixir 1->1 wall=12:02:52.322
[clock] icon reads x3 but the clock reads x2 -> using the clock (x2)
12:02:53 [play] elixir x2
[student] PLAY tornado p=0.91 cell 220 board (0.25, 0.52) units 6 23 ms tap [?,?,?,tornado] hand [rocket,tesla,ice_wizard,tornado] elixir 3 wall=12:02:54.622
[student] TAP slot 3 tornado cell 220 wall=12:02:54.962
[student] TRAY first +0.69s tapped slot 3 meant tornado before [rocket,tesla,ice_wizard,tornado] now [rocket,tesla,ice_wizard,?] slot_now ? elixir 3->3 wall=12:02:55.651
[student] PLAY knight p=0.97 cell 320 board (0.81, 0.73) units 2 20 ms tap [?,?,?,knight] hand [rocket,tesla,ice_wizard,knight] elixir 3 wall=12:02:59.507
[student] TAP slot 3 knight cell 266 wall=12:02:59.844
[student] TRAY first +0.67s tapped slot 3 meant knight before [rocket,tesla,ice_wizard,knight] now [rocket,tesla,tesla,?] slot_now ? elixir 3->3 wall=12:03:00.518
[student] WAIT NO-TRAY-MATCH p=0.10 elixir 2 opp~? units 1 dets 1 (waits 1614/2258 badhand 730/3344) tap [?,?,?,?] wall=12:03:01.346
[student] PLAY the_log p=0.92 cell 338 board (0.81, 0.77) units 3 23 ms tap [?,?,?,the_log] hand [rocket,tesla,ice_wizard,the_log] elixir 2 wall=12:03:02.096
[student] TAP slot 3 the_log cell 338 wall=12:03:02.443
[student] TRAY first +0.67s tapped slot 3 meant the_log before [rocket,tesla,ice_wizard,the_log] now [rocket,tesla,ice_wizard,?] slot_now ? elixir 2->2 wall=12:03:03.113
[student] PLAY ice_wizard p=0.32 cell 250 board (0.92, 0.55) units 2 18 ms tap [?,tesla,?,ice_wizard] hand [rocket,tesla,x_bow,ice_wizard] elixir 5 wall=12:03:08.063
[student] TAP slot 3 ice_wizard cell 250 wall=12:03:08.415
[student] TRAY first +0.61s tapped slot 3 meant ice_wizard before [rocket,tesla,x_bow,ice_wizard] now [rocket,tesla,ice_wizard,?] slot_now ? elixir 5->3 wall=12:03:09.028
[student] PLAY skeletons p=0.28 cell 247 board (0.75, 0.55) units 4 26 ms tap [?,?,?,skeletons] hand [rocket,tesla,ice_wizard,skeletons] elixir 3 wall=12:03:10.532
[student] TAP slot 3 skeletons cell 247 wall=12:03:10.877
[student] TRAY first +0.50s tapped slot 3 meant skeletons before [rocket,tesla,ice_wizard,skeletons] now [rocket,tesla,ice_wizard,?] slot_now ? elixir 3->2 wall=12:03:11.378
[student] WAIT p=0.23 elixir 5 opp~? units 4 dets 4 (waits 1618/2265 badhand 733/3357) tap [?,tesla,?,tornado] wall=12:03:13.581
[student] PLAY tesla p=0.33 cell 245 board (0.61, 0.56) units 6 18 ms tap [?,tesla,?,tornado] hand [rocket,tesla,x_bow,tornado] elixir 5 wall=12:03:13.899
[student] TAP slot 1 tesla cell 245 wall=12:03:14.232
[student] TRAY first +0.25s tapped slot 1 meant tesla before [rocket,tesla,x_bow,tornado] now [rocket,?,tesla,tornado] slot_now ? elixir 5->4 wall=12:03:14.478
[student] TRAY settled +0.59s tapped slot 1 meant tesla before [rocket,tesla,x_bow,tornado] now [rocket,?,the_log,tornado] slot_now ? elixir 5->2 wall=12:03:14.822
[student] PLAY knight p=0.36 cell 249 board (0.86, 0.55) units 3 20 ms tap [?,knight,?,tornado] hand [rocket,knight,ice_wizard,tornado] elixir 3 wall=12:03:17.327
[student] TAP slot 1 knight cell 249 wall=12:03:17.660
[student] TRAY first +0.29s tapped slot 1 meant knight before [rocket,knight,ice_wizard,tornado] now [rocket,?,ice_wizard,tornado] slot_now ? elixir 3->3 wall=12:03:17.946
[student] TRAY settled +0.66s tapped slot 1 meant knight before [rocket,knight,ice_wizard,tornado] now [rocket,?,tesla,tornado] slot_now ? elixir 3->1 wall=12:03:18.316
[student] PLAY the_log p=0.71 cell 249 board (0.86, 0.55) units 6 27 ms tap [?,the_log,?,tornado] hand [rocket,the_log,ice_wizard,tornado] elixir 3 wall=12:03:20.532
[student] TAP slot 1 the_log cell 249 wall=12:03:20.912
[student] TRAY first +0.28s tapped slot 1 meant the_log before [rocket,the_log,ice_wizard,tornado] now [rocket,?,tesla,tornado] slot_now ? elixir 3->2 wall=12:03:21.192
[student] TRAY settled +0.62s tapped slot 1 meant the_log before [rocket,the_log,ice_wizard,tornado] now [rocket,?,tesla,tornado] slot_now ? elixir 3->1 wall=12:03:21.531
[student] WAIT NO-TRAY-MATCH p=0.20 elixir 2 opp~? units 5 dets 5 (waits 1621/2271 badhand 738/3370) tap [?,?,?,?] wall=12:03:21.871
[student] PLAY tornado p=0.51 cell 158 board (0.81, 0.36) units 4 26 ms tap [?,?,?,tornado] hand [rocket,ice_wizard,ice_wizard,tornado] elixir 3 wall=12:03:23.540
[student] TAP slot 3 tornado cell 158 wall=12:03:23.880
[student] TRAY first +0.31s tapped slot 3 meant tornado before [rocket,ice_wizard,ice_wizard,tornado] now [rocket,tornado,rocket,?] slot_now ? elixir 3->3 wall=12:03:24.187
[student] TRAY settled +0.67s tapped slot 3 meant tornado before [rocket,ice_wizard,ice_wizard,tornado] now [rocket,ice_wizard,ice_wizard,?] slot_now ? elixir 3->1 wall=12:03:24.551
[student] WAIT p=0.26 elixir 5 opp~? units 0 dets 0 (waits 1629/2280 badhand 739/3381) tap [?,ice_wizard,?,skeletons] wall=12:03:30.448
[student] PLAY skeletons p=0.36 cell 248 board (0.81, 0.55) units 0 17 ms tap [rocket,ice_wizard,x_bow,skeletons] hand [rocket,ice_wizard,x_bow,skeletons] elixir 6 wall=12:03:32.089
[student] TAP slot 3 skeletons cell 248 wall=12:03:32.428
[student] TRAY first +0.28s tapped slot 3 meant skeletons before [rocket,ice_wizard,x_bow,skeletons] now [rocket,ice_wizard,x_bow,?] slot_now ? elixir 6->4 wall=12:03:32.707
[student] PLAY ice_wizard p=0.31 cell 247 board (0.75, 0.55) units 1 19 ms tap [?,ice_wizard,?,?] hand [rocket,ice_wizard,x_bow,?] elixir 4 wall=12:03:32.785
[student] TAP slot 1 ice_wizard cell 247 wall=12:03:33.116
[student] TRAY first +0.26s tapped slot 1 meant ice_wizard before [rocket,ice_wizard,x_bow,?] now [rocket,?,ice_wizard,?] slot_now ? elixir 4->3 wall=12:03:33.377
[student] TRAY settled +0.88s tapped slot 1 meant ice_wizard before [rocket,ice_wizard,x_bow,?] now [rocket,?,ice_wizard,tesla_evo] slot_now ? elixir 4->3 wall=12:03:33.992
[student] PLAY knight_evo p=0.42 cell 248 board (0.81, 0.55) units 3 24 ms tap [?,knight_evo,?,tesla_evo] hand [rocket,knight_evo,x_bow,tesla_evo] elixir 5 wall=12:03:36.609
[student] TAP slot 1 knight_evo cell 248 wall=12:03:36.942
[student] TRAY first +0.24s tapped slot 1 meant knight_evo before [rocket,knight_evo,x_bow,tesla_evo] now [rocket,?,ice_wizard,tesla_evo] slot_now ? elixir 5->3 wall=12:03:37.186
[student] TRAY settled +0.65s tapped slot 1 meant knight_evo before [rocket,knight_evo,x_bow,tesla_evo] now [rocket,?,ice_wizard,tesla_evo] slot_now ? elixir 5->3 wall=12:03:37.588
[student] PLAY the_log p=0.34 cell 247 board (0.75, 0.55) units 3 5 ms tap [?,the_log,?,tesla_evo] hand [rocket,the_log,ice_wizard,tesla_evo] elixir 3 wall=12:03:38.469
[student] TAP slot 1 the_log cell 245 wall=12:03:38.810
[student] TRAY first +0.27s tapped slot 1 meant the_log before [rocket,the_log,ice_wizard,tesla_evo] now [rocket,?,the_log,tesla] slot_now ? elixir 3->2 wall=12:03:39.076
[student] WAIT NO-TRAY-MATCH p=0.15 elixir 2 opp~? units 3 dets 3 (waits 1634/2289 badhand 746/3395) tap [?,?,?,?] wall=12:03:39.270
[student] TRAY settled +0.74s tapped slot 1 meant the_log before [rocket,the_log,ice_wizard,tesla_evo] now [rocket,?,ice_wizard,tesla_evo] slot_now ? elixir 3->2 wall=12:03:39.553
[student] PLAY tornado p=0.59 cell 157 board (0.75, 0.36) units 4 29 ms tap [?,tornado,?,?] hand [rocket,tornado,ice_wizard,tesla_evo] elixir 3 wall=12:03:40.882
[student] TAP slot 1 tornado cell 157 wall=12:03:41.214
[student] TRAY first +0.26s tapped slot 1 meant tornado before [rocket,tornado,ice_wizard,tesla_evo] now [rocket,?,ice_wizard,?] slot_now ? elixir 3->3 wall=12:03:41.477
[student] TRAY settled +0.63s tapped slot 1 meant tornado before [rocket,tornado,ice_wizard,tesla_evo] now [rocket,?,ice_wizard,?] slot_now ? elixir 3->1 wall=12:03:41.843
[student] PLAY skeletons p=0.32 cell 248 board (0.81, 0.55) units 5 25 ms tap [?,skeletons,?,?] hand [rocket,skeletons,ice_wizard,tesla_evo] elixir 3 wall=12:03:44.763
[student] TAP slot 1 skeletons cell 248 wall=12:03:45.093
[student] TRAY first +0.25s tapped slot 1 meant skeletons before [rocket,skeletons,ice_wizard,tesla_evo] now [rocket,?,ice_wizard,tesla] slot_now ? elixir 3->1 wall=12:03:45.345
[student] TRAY settled +0.58s tapped slot 1 meant skeletons before [rocket,skeletons,ice_wizard,tesla_evo] now [rocket,?,ice_wizard,tesla_evo] slot_now ? elixir 3->3 wall=12:03:45.678
[student] PLAY ice_wizard p=0.42 cell 251 board (0.97, 0.58) units 5 17 ms tap [?,ice_wizard,?,tesla_evo] hand [rocket,ice_wizard,x_bow,tesla_evo] elixir 4 wall=12:03:47.407
[student] TAP slot 1 ice_wizard cell 250 wall=12:03:47.743
[student] TRAY first +0.25s tapped slot 1 meant ice_wizard before [rocket,ice_wizard,x_bow,tesla_evo] now [rocket,?,tesla,tesla] slot_now ? elixir 4->3 wall=12:03:47.988
12:03:48 [play] UNKNOWN 0.5s after in-match -> grace hold (label lost: overtime / end animation / dropout; up to 150s)
[student] TRAY settled +0.70s tapped slot 1 meant ice_wizard before [rocket,ice_wizard,x_bow,tesla_evo] now [rocket,?,tesla_evo,?] slot_now ? elixir 4->2 wall=12:03:48.447
12:03:48 [play] in-match read re-acquired -> grace hold released
[student] WAIT NO-TRAY-MATCH p=0.28 elixir 2 opp~? units 3 dets 3 (waits 1638/2296 badhand 750/3408) tap [?,?,?,?] wall=12:03:49.292
[student] PLAY knight p=0.48 cell 247 board (0.75, 0.55) units 5 15 ms tap [?,knight,?,?] hand [rocket,knight,ice_wizard,tesla_evo] elixir 3 wall=12:03:50.051
[student] TAP slot 1 knight cell 247 wall=12:03:50.381
[student] TRAY first +0.32s tapped slot 1 meant knight before [rocket,knight,ice_wizard,tesla_evo] now [rocket,?,rocket,?] slot_now ? elixir 3->3 wall=12:03:50.698
[student] TRAY settled +0.74s tapped slot 1 meant knight before [rocket,knight,ice_wizard,tesla_evo] now [rocket,?,?,?] slot_now ? elixir 3->0 wall=12:03:51.122
[student] PLAY the_log p=0.47 cell 247 board (0.75, 0.55) units 3 23 ms tap [?,the_log,?,?] hand [rocket,the_log,ice_wizard,tesla_evo] elixir 2 wall=12:03:54.019
[student] TAP slot 1 the_log cell 247 wall=12:03:54.359
[student] TRAY first +0.32s tapped slot 1 meant the_log before [rocket,the_log,ice_wizard,tesla_evo] now [rocket,?,tesla,tesla] slot_now ? elixir 2->2 wall=12:03:54.684
[student] TRAY settled +0.72s tapped slot 1 meant the_log before [rocket,the_log,ice_wizard,tesla_evo] now [rocket,?,tesla,tesla] slot_now ? elixir 2->1 wall=12:03:55.076
[student] PLAY tornado p=0.82 cell 176 board (0.81, 0.39) units 5 22 ms tap [?,tornado,?,?] hand [rocket,tornado,ice_wizard,tesla_evo] elixir 3 wall=12:03:57.137
[student] TAP slot 1 tornado cell 176 wall=12:03:57.464
[student] TRAY first +0.31s tapped slot 1 meant tornado before [rocket,tornado,ice_wizard,tesla_evo] now [rocket,?,rocket,?] slot_now ? elixir 3->3 wall=12:03:57.775
[student] TRAY settled +0.71s tapped slot 1 meant tornado before [rocket,tornado,ice_wizard,tesla_evo] now [rocket,?,ice_wizard,?] slot_now ? elixir 3->1 wall=12:03:58.174
[student] PLAY skeletons p=0.67 cell 244 board (0.58, 0.55) units 2 25 ms tap [?,skeletons,?,?] hand [rocket,skeletons,tesla,tesla] elixir 1 wall=12:03:59.481
[student] TAP slot 1 skeletons cell 244 wall=12:03:59.826
[student] TRAY first +0.29s tapped slot 1 meant skeletons before [rocket,skeletons,tesla,tesla] now [rocket,?,ice_wizard,tesla] slot_now ? elixir 1->1 wall=12:04:00.118
[student] TRAY settled +0.71s tapped slot 1 meant skeletons before [rocket,skeletons,tesla,tesla] now [rocket,?,tesla,?] slot_now ? elixir 1->1 wall=12:04:00.535
[student] PLAY ice_wizard p=0.80 cell 314 board (0.47, 0.73) units 1 27 ms tap [?,ice_wizard,?,tesla_evo] hand [rocket,ice_wizard,x_bow,tesla_evo] elixir 4 wall=12:04:04.200
[student] TAP slot 1 ice_wizard cell 314 wall=12:04:04.548
[student] TRAY first +0.35s tapped slot 1 meant ice_wizard before [rocket,ice_wizard,x_bow,tesla_evo] now [rocket,?,tesla,tesla] slot_now ? elixir 4->3 wall=12:04:04.902
[student] TRAY settled +0.82s tapped slot 1 meant ice_wizard before [rocket,ice_wizard,x_bow,tesla_evo] now [knight_evo,?,?,?] slot_now ? elixir 4->0 wall=12:04:05.364
12:04:10 [play] UNKNOWN 0.4s after in-match -> grace hold (label lost: overtime / end animation / dropout; up to 150s)
12:04:11 [play] in-match read re-acquired -> grace hold released
12:04:11 [play] state: MATCH_END
12:04:11 [nav] MATCH_END -> Play Again (located) (0.348,0.914)
12:04:12 [play] state: UNKNOWN
12:04:18 [play] state: IN_MATCH
[student] WAIT | exact=0 opp=? next=6 t=2s hand=[149, 164, 7, 2] tw=1.01.01.01.01.01.0 sp=0 unk=0 p=0.03 elixir 8 opp~? units 0 dets 0 (waits 1641/2304 badhand 752/3423) tap [knight,tesla,skeletons,ice_wizard] wall=12:04:21.112
[student] WAIT p=0.19 elixir 10 opp~? units 0 dets 0 (waits 1651/2314 badhand 752/3433) tap [knight,tesla,skeletons,ice_wizard] wall=12:04:28.525
[student] PLAY ice_wizard p=0.38 cell 297 board (0.53, 0.7) units 2 28 ms tap [knight,tesla,skeletons,ice_wizard] hand [knight,tesla,skeletons,ice_wizard] elixir 10 wall=12:04:29.699
[student] TAP slot 3 ice_wizard cell 297 wall=12:04:30.047
[student] TRAY first +0.29s tapped slot 3 meant ice_wizard before [knight,tesla,skeletons,ice_wizard] now [knight,tesla,skeletons,?] slot_now ? elixir 10->7 wall=12:04:30.333
[student] PLAY skeletons p=0.91 cell 309 board (0.19, 0.73) units 2 27 ms tap [knight,tesla,skeletons,?] hand [knight,tesla,skeletons,?] elixir 7 wall=12:04:30.421
[student] TAP slot 2 skeletons cell 255 wall=12:04:30.759
[student] TRAY first +0.22s tapped slot 2 meant skeletons before [knight,tesla,skeletons,?] now [knight,tesla,?,?] slot_now ? elixir 7->6 wall=12:04:30.978
[student] PLAY knight p=0.40 cell 422 board (0.47, 0.98) units 1 18 ms tap [knight,tesla,?,?] hand [knight,tesla,?,?] elixir 6 wall=12:04:31.036
[student] TAP slot 0 knight cell 422 wall=12:04:31.365
[student] TRAY first +0.28s tapped slot 0 meant knight before [knight,tesla,?,?] now [?,tesla,?,the_log] slot_now ? elixir 6->3 wall=12:04:31.646
[student] PLAY the_log p=0.62 cell 327 board (0.19, 0.77) units 4 28 ms tap [?,?,?,the_log] hand [?,tesla,?,the_log] elixir 3 wall=12:04:31.741
[student] TAP slot 3 the_log cell 345 wall=12:04:32.075
[student] TRAY first +0.26s tapped slot 3 meant the_log before [?,tesla,?,the_log] now [?,tesla,rocket,?] slot_now ? elixir 3->2 wall=12:04:32.333
[student] TRAY settled +0.62s tapped slot 3 meant the_log before [?,tesla,?,the_log] now [?,tesla,rocket,?] slot_now ? elixir 3->1 wall=12:04:32.699
[student] WAIT | exact=0 opp=? next=2 t=22s hand=[0, 164, 4, 3] tw=1.00.71.01.01.01.0 sp=0 unk=0 p=0.04 elixir 4 opp~? units 2 dets 2 (waits 1658/2325 badhand 755/3447) tap [tornado,tesla,?,?] wall=12:04:41.079
[student] PLAY x_bow p=0.35 cell 267 board (0.86, 0.61) units 3 23 ms tap [tornado,tesla,rocket,x_bow] hand [tornado,tesla,rocket,x_bow] elixir 6 wall=12:04:46.398
[student] TAP slot 3 x_bow cell 267 wall=12:04:46.730
[student] TRAY first +0.24s tapped slot 3 meant x_bow before [tornado,tesla,rocket,x_bow] now [tornado,?,rocket,?] slot_now ? elixir 6->6 wall=12:04:46.970
[student] WAIT NO-TRAY-MATCH p=0.86 elixir 6 opp~? units 4 dets 4 (waits 1667/2335 badhand 756/3458) tap [?,?,?,?] wall=12:04:47.043
[student] TRAY settled +0.61s tapped slot 3 meant x_bow before [tornado,tesla,rocket,x_bow] now [tornado,?,rocket,?] slot_now ? elixir 6->0 wall=12:04:47.344
[student] PLAY tornado p=0.75 cell 80 board (0.47, 0.2) units 4 19 ms tap [tornado,?,?,ice_wizard] hand [tornado,tesla,rocket,ice_wizard] elixir 3 wall=12:04:54.269
[student] TAP slot 0 tornado cell 80 wall=12:04:54.598
[student] TRAY first +0.25s tapped slot 0 meant tornado before [tornado,tesla,rocket,ice_wizard] now [?,?,rocket,tornado] slot_now ? elixir 3->3 wall=12:04:54.847
[student] TRAY settled +0.60s tapped slot 0 meant tornado before [tornado,tesla,rocket,ice_wizard] now [?,?,rocket,ice_wizard] slot_now ? elixir 3->0 wall=12:04:55.200
[student] PLAY skeletons p=0.30 cell 247 board (0.75, 0.55) units 1 24 ms tap [skeletons,?,?,?] hand [skeletons,tesla,rocket,ice_wizard] elixir 2 wall=12:04:59.465
[student] TAP slot 0 skeletons cell 247 wall=12:04:59.797
[student] TRAY first +0.23s tapped slot 0 meant skeletons before [skeletons,tesla,rocket,ice_wizard] now [?,?,rocket,ice_wizard] slot_now ? elixir 2->1 wall=12:05:00.029
[student] TRAY settled +0.53s tapped slot 0 meant skeletons before [skeletons,tesla,rocket,ice_wizard] now [?,?,rocket,ice_wizard] slot_now ? elixir 2->1 wall=12:05:00.331
[student] PLAY ice_wizard p=0.67 cell 309 board (0.19, 0.73) units 2 23 ms tap [knight,?,?,ice_wizard] hand [knight,tesla,rocket,ice_wizard] elixir 3 wall=12:05:05.327
[student] TAP slot 3 ice_wizard cell 255 wall=12:05:05.658
[student] TRAY first +0.26s tapped slot 3 meant ice_wizard before [knight,tesla,rocket,ice_wizard] now [knight,?,rocket,?] slot_now ? elixir 3->3 wall=12:05:05.921
[student] TRAY settled +0.66s tapped slot 3 meant ice_wizard before [knight,tesla,rocket,ice_wizard] now [knight,?,rocket,?] slot_now ? elixir 3->0 wall=12:05:06.319
[student] WAIT p=0.11 elixir 2 opp~? units 2 dets 2 (waits 1675/2346 badhand 758/3471) tap [?,?,?,the_log] wall=12:05:13.252
[student] PLAY knight p=0.46 cell 297 board (0.53, 0.7) units 2 19 ms tap [knight,tesla,?,the_log] hand [knight,tesla,rocket,the_log] elixir 4 wall=12:05:17.396
[student] TAP slot 0 knight cell 297 wall=12:05:17.729
[student] TRAY first +0.27s tapped slot 0 meant knight before [knight,tesla,rocket,the_log] now [?,tesla,rocket,the_log] slot_now ? elixir 4->4 wall=12:05:17.998
[student] TRAY settled +0.63s tapped slot 0 meant knight before [knight,tesla,rocket,the_log] now [?,tesla,rocket,the_log] slot_now ? elixir 4->1 wall=12:05:18.361
[student] PLAY the_log p=0.56 cell 309 board (0.19, 0.73) units 1 17 ms tap [?,?,?,the_log] hand [?,tesla,rocket,the_log] elixir 2 wall=12:05:19.221
[student] TAP slot 3 the_log cell 273 wall=12:05:19.559
[student] TRAY first +0.24s tapped slot 3 meant the_log before [?,tesla,rocket,the_log] now [x_bow,?,rocket,?] slot_now ? elixir 2->2 wall=12:05:19.799
[student] TRAY settled +0.98s tapped slot 3 meant the_log before [?,tesla,rocket,the_log] now [tornado,?,rocket,?] slot_now ? elixir 2->0 wall=12:05:20.543
[student] WAIT NO-TRAY-MATCH p=0.18 elixir 2 opp~? units 2 dets 2 (waits 1683/2356 badhand 760/3483) tap [?,?,?,?] wall=12:05:26.244
[student] PLAY tornado p=0.65 cell 349 board (0.42, 0.83) units 2 24 ms tap [?,?,?,tornado] hand [ice_wizard,tesla,rocket,tornado] elixir 3 wall=12:05:27.741
[student] TAP slot 3 tornado cell 349 wall=12:05:28.086
[student] TRAY first +0.25s tapped slot 3 meant tornado before [ice_wizard,tesla,rocket,tornado] now [x_bow,?,rocket,?] slot_now ? elixir 3->3 wall=12:05:28.332
[student] TRAY settled +0.56s tapped slot 3 meant tornado before [ice_wizard,tesla,rocket,tornado] now [x_bow,?,rocket,?] slot_now ? elixir 3->0 wall=12:05:28.645
[student] WAIT p=0.16 elixir 3 opp~? units 1 dets 1 (waits 1693/2367 badhand 760/3494) tap [?,?,?,skeletons] wall=12:05:36.585
[student] PLAY skeletons p=0.35 cell 309 board (0.19, 0.73) units 2 15 ms tap [?,?,?,skeletons] hand [ice_wizard,tesla,rocket,skeletons] elixir 3 wall=12:05:38.137
[student] TAP slot 3 skeletons cell 255 wall=12:05:38.473
[student] TRAY first +0.26s tapped slot 3 meant skeletons before [ice_wizard,tesla,rocket,skeletons] now [ice_wizard,tesla,rocket,?] slot_now ? elixir 3->3 wall=12:05:38.733
[student] TRAY settled +0.59s tapped slot 3 meant skeletons before [ice_wizard,tesla,rocket,skeletons] now [ice_wizard,tesla,rocket,?] slot_now ? elixir 3->3 wall=12:05:39.067
[student] WAIT p=0.05 elixir 4 opp~? units 1 dets 1 (waits 1698/2373 badhand 762/3505) tap [?,tesla,?,ice_wizard] wall=12:05:43.360
[student] WAIT p=0.14 elixir 7 opp~? units 1 dets 1 (waits 1708/2383 badhand 762/3515) tap [x_bow,tesla,rocket,ice_wizard] wall=12:05:50.079
[student] PLAY tesla p=0.29 cell 279 board (0.5, 0.66) units 2 25 ms tap [x_bow,tesla,rocket,ice_wizard] hand [x_bow,tesla,rocket,ice_wizard] elixir 7 wall=12:05:52.024
[student] TAP slot 1 tesla cell 279 wall=12:05:52.357
[student] TRAY first +0.24s tapped slot 1 meant tesla before [x_bow,tesla,rocket,ice_wizard] now [ice_wizard,?,rocket,ice_wizard] slot_now ? elixir 7->4 wall=12:05:52.596
[student] TRAY settled +0.59s tapped slot 1 meant tesla before [x_bow,tesla,rocket,ice_wizard] now [x_bow,?,rocket,ice_wizard] slot_now ? elixir 7->4 wall=12:05:52.950
[student] PLAY ice_wizard p=0.36 cell 236 board (0.14, 0.55) units 3 27 ms tap [?,?,?,ice_wizard] hand [x_bow,?,rocket,ice_wizard] elixir 4 wall=12:05:53.042
[student] TAP slot 3 ice_wizard cell 236 wall=12:05:53.380
[student] TRAY first +0.28s tapped slot 3 meant ice_wizard before [x_bow,?,rocket,ice_wizard] now [?,?,rocket,?] slot_now ? elixir 4->3 wall=12:05:53.662
[student] TRAY settled +0.87s tapped slot 3 meant ice_wizard before [x_bow,?,rocket,ice_wizard] now [tesla,knight_evo,rocket,?] slot_now ? elixir 4->1 wall=12:05:54.254
[student] WAIT p=0.22 elixir 3 opp~? units 2 dets 2 (waits 1714/2391 badhand 764/3527) tap [?,knight_evo,?,the_log] wall=12:05:59.847
[student] PLAY knight_evo p=0.47 cell 325 board (0.08, 0.77) units 1 19 ms tap [x_bow,knight_evo,rocket,the_log] hand [x_bow,knight_evo,rocket,the_log] elixir 6 wall=12:06:09.051
[student] TAP slot 1 knight_evo cell 325 wall=12:06:09.379
[student] TRAY first +1.02s tapped slot 1 meant knight_evo before [x_bow,knight_evo,rocket,the_log] now [x_bow,?,rocket,the_log] slot_now ? elixir 6->4 wall=12:06:10.398
[student] PLAY the_log p=0.35 cell 327 board (0.19, 0.77) units 1 26 ms tap [?,tornado,?,the_log] hand [x_bow,tornado,rocket,the_log] elixir 4 wall=12:06:12.831
[student] TAP slot 3 the_log cell 361 wall=12:06:13.179
[student] TRAY first +0.94s tapped slot 3 meant the_log before [x_bow,tornado,rocket,the_log] now [ice_wizard,tornado,rocket,?] slot_now ? elixir 4->2 wall=12:06:14.121
[clock] icon reads x2 but the clock reads x1 -> using the clock (x1)
[student] PLAY tornado p=0.57 cell 165 board (0.19, 0.39) units 2 15 ms tap [?,tornado,?,?] hand [ice_wizard,tornado,rocket,?] elixir 3 wall=12:06:15.279
[student] TAP slot 1 tornado cell 165 wall=12:06:15.612
[clock] icon reads x3 but the clock reads x1 -> using the clock (x1)
[student] TRAY first +0.63s tapped slot 1 meant tornado before [ice_wizard,tornado,rocket,?] now [tesla,?,rocket,skeletons] slot_now ? elixir 3->3 wall=12:06:16.246
[student] WAIT p=0.09 elixir 3 opp~? units 1 dets 3 (waits 1724/2404 badhand 767/3540) tap [?,?,?,skeletons] wall=12:06:16.343
[student] PLAY skeletons p=0.36 cell 237 board (0.19, 0.58) units 2 25 ms tap [?,?,?,skeletons] hand [the_log,?,rocket,skeletons] elixir 2 wall=12:06:17.062
[student] TAP slot 3 skeletons cell 237 wall=12:06:17.407
[student] TRAY first +0.59s tapped slot 3 meant skeletons before [the_log,?,rocket,skeletons] now [the_log,tesla,rocket,?] slot_now ? elixir 2->1 wall=12:06:17.993
[clock] icon reads x3 but the clock reads x2 -> using the clock (x2)
12:06:19 [play] elixir x2
[student] PLAY x_bow p=0.28 cell 267 board (0.86, 0.61) units 2 21 ms tap [x_bow,tesla,rocket,ice_wizard] hand [x_bow,tesla,rocket,ice_wizard] elixir 6 wall=12:06:24.814
[student] TAP slot 0 x_bow cell 267 wall=12:06:25.156
[student] TRAY first +0.59s tapped slot 0 meant x_bow before [x_bow,tesla,rocket,ice_wizard] now [?,tesla,rocket,ice_wizard] slot_now ? elixir 6->6 wall=12:06:25.745
[student] WAIT NO-TRAY-MATCH p=0.61 elixir 6 opp~? units 3 dets 3 (waits 1730/2412 badhand 770/3552) tap [?,?,?,?] wall=12:06:25.820
[student] PLAY knight p=0.72 cell 247 board (0.75, 0.55) units 3 23 ms tap [knight,?,?,ice_wizard] hand [knight,tesla,rocket,ice_wizard] elixir 3 wall=12:06:28.318
[student] TAP slot 0 knight cell 247 wall=12:06:28.662
[student] TRAY first +0.69s tapped slot 0 meant knight before [knight,tesla,rocket,ice_wizard] now [?,tesla,rocket,ice_wizard] slot_now ? elixir 3->4 wall=12:06:29.349
[student] PLAY the_log p=0.90 cell 327 board (0.19, 0.77) units 5 25 ms tap [the_log,?,?,?] hand [the_log,ice_wizard,rocket,ice_wizard] elixir 2 wall=12:06:30.942
[student] TAP slot 0 the_log cell 363 wall=12:06:31.279
[student] TRAY first +0.83s tapped slot 0 meant the_log before [the_log,ice_wizard,rocket,ice_wizard] now [?,tesla,rocket,ice_wizard] slot_now ? elixir 2->2 wall=12:06:32.109
[student] PLAY ice_wizard p=0.46 cell 247 board (0.75, 0.55) units 2 24 ms tap [tornado,?,?,ice_wizard] hand [tornado,tesla,rocket,ice_wizard] elixir 3 wall=12:06:35.219
[student] TAP slot 3 ice_wizard cell 247 wall=12:06:35.556
[student] TRAY first +0.57s tapped slot 3 meant ice_wizard before [tornado,tesla,rocket,ice_wizard] now [tornado,?,rocket,?] slot_now ? elixir 3->3 wall=12:06:36.124
[student] PLAY skeletons p=0.38 cell 248 board (0.81, 0.55) units 3 18 ms tap [?,?,?,skeletons] hand [tornado,tesla,rocket,skeletons] elixir 2 wall=12:06:37.916
[student] TAP slot 3 skeletons cell 248 wall=12:06:38.262
[student] TRAY first +0.64s tapped slot 3 meant skeletons before [tornado,tesla,rocket,skeletons] now [tornado,tesla,rocket,?] slot_now ? elixir 2->1 wall=12:06:38.898
[student] PLAY tornado p=0.56 cell 176 board (0.81, 0.39) units 4 24 ms tap [tornado,?,?,?] hand [tornado,tesla,rocket,ice_wizard] elixir 3 wall=12:06:40.231
[student] TAP slot 0 tornado cell 176 wall=12:06:40.562
[student] TRAY first +0.28s tapped slot 0 meant tornado before [tornado,tesla,rocket,ice_wizard] now [?,?,rocket,?] slot_now ? elixir 3->3 wall=12:06:40.838
[student] TRAY settled +0.69s tapped slot 0 meant tornado before [tornado,tesla,rocket,ice_wizard] now [?,?,rocket,?] slot_now ? elixir 3->0 wall=12:06:41.252
[student] PLAY knight p=0.75 cell 248 board (0.81, 0.55) units 3 24 ms tap [knight,?,?,?] hand [knight,tesla,rocket,ice_wizard] elixir 3 wall=12:06:44.977
[student] TAP slot 0 knight cell 248 wall=12:06:45.307
[student] TRAY first +0.22s tapped slot 0 meant knight before [knight,tesla,rocket,ice_wizard] now [?,?,rocket,?] slot_now ? elixir 3->3 wall=12:06:45.528
[student] TRAY settled +0.53s tapped slot 0 meant knight before [knight,tesla,rocket,ice_wizard] now [?,?,rocket,?] slot_now ? elixir 3->1 wall=12:06:45.839
[student] PLAY the_log p=0.46 cell 248 board (0.81, 0.55) units 3 19 ms tap [the_log,?,?,?] hand [the_log,tesla,rocket,ice_wizard] elixir 2 wall=12:06:48.214
[student] TAP slot 0 the_log cell 366 wall=12:06:48.561
[student] TRAY first +0.26s tapped slot 0 meant the_log before [the_log,tesla,rocket,ice_wizard] now [?,?,rocket,tesla] slot_now ? elixir 2->2 wall=12:06:48.820
[student] TRAY settled +1.02s tapped slot 0 meant the_log before [the_log,tesla,rocket,ice_wizard] now [?,tesla,rocket,the_log] slot_now ? elixir 2->1 wall=12:06:49.582
[student] PLAY ice_wizard p=0.60 cell 246 board (0.69, 0.55) units 3 25 ms tap [ice_wizard,tesla,?,?] hand [ice_wizard,tesla,rocket,x_bow] elixir 4 wall=12:06:52.928
[student] TAP slot 0 ice_wizard cell 246 wall=12:06:53.274
[student] TRAY first +0.25s tapped slot 0 meant ice_wizard before [ice_wizard,tesla,rocket,x_bow] now [?,tesla,rocket,tesla] slot_now ? elixir 4->3 wall=12:06:53.527
[student] TRAY settled +0.54s tapped slot 0 meant ice_wizard before [ice_wizard,tesla,rocket,x_bow] now [?,tesla,rocket,the_log] slot_now ? elixir 4->1 wall=12:06:53.811
[student] WAIT NO-TRAY-MATCH p=0.55 elixir 2 opp~? units 2 dets 3 (waits 1730/2420 badhand 772/3570) tap [?,?,?,?] wall=12:06:54.637
[student] PLAY skeletons p=0.43 cell 250 board (0.92, 0.55) units 4 26 ms tap [skeletons,?,?,?] hand [skeletons,tesla,rocket,ice_wizard] elixir 2 wall=12:06:55.237
[student] TAP slot 0 skeletons cell 250 wall=12:06:55.573
[student] TRAY first +0.26s tapped slot 0 meant skeletons before [skeletons,tesla,rocket,ice_wizard] now [?,tesla,rocket,the_log] slot_now ? elixir 2->2 wall=12:06:55.830
[student] TRAY settled +0.64s tapped slot 0 meant skeletons before [skeletons,tesla,rocket,ice_wizard] now [?,tesla,rocket,the_log] slot_now ? elixir 2->2 wall=12:06:56.214
[student] PLAY tornado p=0.52 cell 80 board (0.47, 0.2) units 6 23 ms tap [tornado,?,?,?] hand [tornado,tesla,rocket,ice_wizard] elixir 3 wall=12:06:57.191
[student] TAP slot 0 tornado cell 80 wall=12:06:57.540
[student] TRAY first +0.24s tapped slot 0 meant tornado before [tornado,tesla,rocket,ice_wizard] now [?,?,rocket,?] slot_now ? elixir 3->3 wall=12:06:57.780
[student] TRAY settled +0.54s tapped slot 0 meant tornado before [tornado,tesla,rocket,ice_wizard] now [?,?,rocket,?] slot_now ? elixir 3->0 wall=12:06:58.079
[student] PLAY knight_evo p=0.37 cell 247 board (0.75, 0.55) units 3 25 ms tap [knight_evo,?,?,?] hand [knight_evo,tesla,rocket,ice_wizard] elixir 3 wall=12:07:01.599
[student] TAP slot 0 knight_evo cell 247 wall=12:07:01.929
[student] TRAY first +0.26s tapped slot 0 meant knight_evo before [knight_evo,tesla,rocket,ice_wizard] now [?,tesla,rocket,?] slot_now ? elixir 3->3 wall=12:07:02.185
[student] TRAY settled +1.00s tapped slot 0 meant knight_evo before [knight_evo,tesla,rocket,ice_wizard] now [?,tesla,rocket,tesla] slot_now ? elixir 3->1 wall=12:07:02.934
[student] PLAY the_log p=0.55 cell 248 board (0.81, 0.55) units 4 16 ms tap [the_log,?,?,?] hand [the_log,tesla,rocket,ice_wizard] elixir 3 wall=12:07:05.854
[student] TAP slot 0 the_log cell 247 wall=12:07:06.191
[student] TRAY first +0.24s tapped slot 0 meant the_log before [the_log,tesla,rocket,ice_wizard] now [?,tesla,rocket,the_log] slot_now ? elixir 3->2 wall=12:07:06.433
[student] TRAY settled +0.57s tapped slot 0 meant the_log before [the_log,tesla,rocket,ice_wizard] now [?,tesla,rocket,the_log] slot_now ? elixir 3->2 wall=12:07:06.760
[student] WAIT NO-TRAY-MATCH p=0.43 elixir 2 opp~? units 3 dets 5 (waits 1732/2426 badhand 777/3584) tap [?,?,?,?] wall=12:07:06.850
[student] PLAY ice_wizard p=0.56 cell 249 board (0.86, 0.55) units 4 15 ms tap [ice_wizard,tesla,?,?] hand [ice_wizard,tesla,rocket,x_bow] elixir 4 wall=12:07:09.668
[student] TAP slot 0 ice_wizard cell 249 wall=12:07:09.995
[student] TRAY first +0.24s tapped slot 0 meant ice_wizard before [ice_wizard,tesla,rocket,x_bow] now [?,tesla,rocket,tesla] slot_now ? elixir 4->3 wall=12:07:10.231
[student] TRAY settled +0.97s tapped slot 0 meant ice_wizard before [ice_wizard,tesla,rocket,x_bow] now [?,ice_wizard,rocket,the_log] slot_now ? elixir 4->2 wall=12:07:10.969
[student] PLAY skeletons p=0.53 cell 247 board (0.75, 0.55) units 2 24 ms tap [skeletons,?,?,?] hand [skeletons,tesla,rocket,ice_wizard] elixir 2 wall=12:07:12.079
[student] TAP slot 0 skeletons cell 247 wall=12:07:12.411
[student] TRAY first +0.22s tapped slot 0 meant skeletons before [skeletons,tesla,rocket,ice_wizard] now [?,tesla,rocket,the_log] slot_now ? elixir 2->2 wall=12:07:12.636
[student] TRAY settled +0.54s tapped slot 0 meant skeletons before [skeletons,tesla,rocket,ice_wizard] now [?,tesla,rocket,the_log] slot_now ? elixir 2->2 wall=12:07:12.948
[student] WAIT NO-TRAY-MATCH p=0.43 elixir 3 opp~? units 2 dets 2 (waits 1732/2428 badhand 783/3596) tap [?,?,?,?] wall=12:07:13.831
[student] PLAY tornado p=0.47 cell 157 board (0.75, 0.36) units 3 39 ms tap [tornado,?,?,?] hand [tornado,tesla,rocket,ice_wizard] elixir 3 wall=12:07:14.156
[student] TAP slot 0 tornado cell 157 wall=12:07:14.490
[student] TRAY first +0.31s tapped slot 0 meant tornado before [tornado,tesla,rocket,ice_wizard] now [?,tesla,rocket,?] slot_now ? elixir 3->3 wall=12:07:14.803
[student] TRAY settled +1.13s tapped slot 0 meant tornado before [tornado,tesla,rocket,ice_wizard] now [?,?,rocket,tesla] slot_now ? elixir 3->1 wall=12:07:15.622
[student] PLAY knight p=0.46 cell 157 board (0.75, 0.36) units 3 14 ms tap [knight,?,?,?] hand [knight,tesla,rocket,ice_wizard] elixir 3 wall=12:07:18.122
[student] TAP slot 0 knight cell 247 wall=12:07:18.456
[student] TRAY first +0.38s tapped slot 0 meant knight before [knight,tesla,rocket,ice_wizard] now [?,?,rocket,?] slot_now ? elixir 3->3 wall=12:07:18.833
[student] TRAY settled +0.78s tapped slot 0 meant knight before [knight,tesla,rocket,ice_wizard] now [?,?,rocket,?] slot_now ? elixir 3->0 wall=12:07:19.238
[student] PLAY the_log p=0.28 cell 248 board (0.81, 0.55) units 3 6 ms tap [the_log,?,?,?] hand [the_log,tesla,rocket,ice_wizard] elixir 2 wall=12:07:21.937
[student] TAP slot 0 the_log cell 242 wall=12:07:22.274
[student] TRAY first +0.38s tapped slot 0 meant the_log before [the_log,tesla,rocket,ice_wizard] now [?,tesla,rocket,tesla] slot_now ? elixir 2->2 wall=12:07:22.651
[student] TRAY settled +0.80s tapped slot 0 meant the_log before [the_log,tesla,rocket,ice_wizard] now [?,tesla,rocket,tesla] slot_now ? elixir 2->1 wall=12:07:23.076
[student] PLAY ice_wizard p=0.66 cell 358 board (0.92, 0.83) units 5 20 ms tap [ice_wizard,tesla,?,?] hand [ice_wizard,tesla,rocket,x_bow] elixir 4 wall=12:07:27.337
[student] TAP slot 0 ice_wizard cell 358 wall=12:07:27.672
[student] TRAY first +0.29s tapped slot 0 meant ice_wizard before [ice_wizard,tesla,rocket,x_bow] now [?,tesla,rocket,the_log] slot_now ? elixir 4->3 wall=12:07:27.958
[student] TRAY settled +0.68s tapped slot 0 meant ice_wizard before [ice_wizard,tesla,rocket,x_bow] now [?,tesla,rocket,the_log] slot_now ? elixir 4->2 wall=12:07:28.350
[student] PLAY skeletons p=0.43 cell 248 board (0.81, 0.55) units 2 28 ms tap [skeletons,?,?,?] hand [skeletons,tesla,rocket,ice_wizard] elixir 3 wall=12:07:29.778
[student] TAP slot 0 skeletons cell 248 wall=12:07:30.114
[student] TRAY first +0.30s tapped slot 0 meant skeletons before [skeletons,tesla,rocket,ice_wizard] now [?,tesla,rocket,ice_wizard] slot_now ? elixir 3->1 wall=12:07:30.409
[student] TRAY settled +1.12s tapped slot 0 meant skeletons before [skeletons,tesla,rocket,ice_wizard] now [?,tesla,rocket,ice_wizard] slot_now ? elixir 3->3 wall=12:07:31.232
[student] WAIT NO-TRAY-MATCH p=0.35 elixir 3 opp~? units 4 dets 5 (waits 1732/2433 badhand 786/3611) tap [?,?,?,?] wall=12:07:31.454
[student] PLAY tesla p=0.50 cell 243 board (0.5, 0.56) units 4 24 ms tap [tornado,tesla,?,?] hand [tornado,tesla,rocket,ice_wizard] elixir 4 wall=12:07:32.304
[student] TAP slot 1 tesla cell 243 wall=12:07:32.639
[student] TRAY first +0.37s tapped slot 1 meant tesla before [tornado,tesla,rocket,ice_wizard] now [tornado,?,rocket,?] slot_now ? elixir 4->4 wall=12:07:33.008
[student] TRAY settled +0.89s tapped slot 1 meant tesla before [tornado,tesla,rocket,ice_wizard] now [tornado,?,rocket,?] slot_now ? elixir 4->1 wall=12:07:33.534
[student] PLAY knight p=0.41 cell 248 board (0.81, 0.55) units 5 24 ms tap [tornado,knight,?,?] hand [tornado,knight,rocket,ice_wizard] elixir 3 wall=12:07:36.817
[student] TAP slot 1 knight cell 248 wall=12:07:37.162
[student] TRAY first +0.30s tapped slot 1 meant knight before [tornado,knight,rocket,ice_wizard] now [tornado,?,rocket,?] slot_now ? elixir 3->3 wall=12:07:37.466
[student] TRAY settled +1.03s tapped slot 1 meant knight before [tornado,knight,rocket,ice_wizard] now [tornado,?,rocket,?] slot_now ? elixir 3->1 wall=12:07:38.193
[student] PLAY tornado p=0.41 cell 173 board (0.64, 0.39) units 4 18 ms tap [tornado,the_log,?,?] hand [tornado,the_log,rocket,ice_wizard] elixir 3 wall=12:07:40.486
[student] TAP slot 0 tornado cell 173 wall=12:07:40.829
[student] TRAY first +0.29s tapped slot 0 meant tornado before [tornado,the_log,rocket,ice_wizard] now [?,the_log,rocket,?] slot_now ? elixir 3->3 wall=12:07:41.116
[student] TRAY settled +0.64s tapped slot 0 meant tornado before [tornado,the_log,rocket,ice_wizard] now [?,the_log,rocket,?] slot_now ? elixir 3->0 wall=12:07:41.473
[student] WAIT NO-TRAY-MATCH p=0.21 elixir 2 opp~? units 3 dets 3 (waits 1733/2437 badhand 789/3624) tap [?,?,?,?] wall=12:07:43.341
[student] PLAY the_log p=0.58 cell 248 board (0.81, 0.55) units 3 18 ms tap [?,the_log,?,?] hand [ice_wizard,the_log,rocket,ice_wizard] elixir 3 wall=12:07:44.805
[student] TAP slot 1 the_log cell 264 wall=12:07:45.144
[student] TRAY first +0.32s tapped slot 1 meant the_log before [ice_wizard,the_log,rocket,ice_wizard] now [ice_wizard,?,rocket,tesla] slot_now ? elixir 3->2 wall=12:07:45.462
[student] TRAY settled +0.71s tapped slot 1 meant the_log before [ice_wizard,the_log,rocket,ice_wizard] now [ice_wizard,?,rocket,the_log] slot_now ? elixir 3->1 wall=12:07:45.853
[student] PLAY skeletons p=0.45 cell 248 board (0.81, 0.55) units 2 26 ms tap [?,skeletons,?,?] hand [ice_wizard,skeletons,rocket,ice_wizard] elixir 2 wall=12:07:47.478
[student] TAP slot 1 skeletons cell 248 wall=12:07:47.812
[student] TRAY first +0.37s tapped slot 1 meant skeletons before [ice_wizard,skeletons,rocket,ice_wizard] now [ice_wizard,?,rocket,the_log] slot_now ? elixir 2->2 wall=12:07:48.184
[student] TRAY settled +0.83s tapped slot 1 meant skeletons before [ice_wizard,skeletons,rocket,ice_wizard] now [ice_wizard,?,rocket,ice_wizard] slot_now ? elixir 2->2 wall=12:07:48.640
[student] PLAY ice_wizard p=0.80 cell 358 board (0.92, 0.8) units 4 25 ms tap [ice_wizard,?,?,?] hand [ice_wizard,?,rocket,x_bow] elixir 4 wall=12:07:50.892
[student] TAP slot 0 ice_wizard cell 358 wall=12:07:51.228
[student] TRAY first +0.34s tapped slot 0 meant ice_wizard before [ice_wizard,?,rocket,x_bow] now [?,?,rocket,the_log] slot_now ? elixir 4->3 wall=12:07:51.567
[student] TRAY settled +0.78s tapped slot 0 meant ice_wizard before [ice_wizard,?,rocket,x_bow] now [?,tesla,rocket,the_log] slot_now ? elixir 4->2 wall=12:07:52.006
[student] PLAY knight_evo p=0.37 cell 248 board (0.81, 0.55) units 4 23 ms tap [knight_evo,?,?,?] hand [knight_evo,tesla,rocket,ice_wizard] elixir 3 wall=12:07:53.199
[student] TAP slot 0 knight_evo cell 248 wall=12:07:53.546
[student] TRAY first +0.36s tapped slot 0 meant knight_evo before [knight_evo,tesla,rocket,ice_wizard] now [?,?,rocket,?] slot_now ? elixir 3->3 wall=12:07:53.906
[student] TRAY settled +0.78s tapped slot 0 meant knight_evo before [knight_evo,tesla,rocket,ice_wizard] now [?,?,rocket,?] slot_now ? elixir 3->0 wall=12:07:54.324
[student] PLAY tornado p=0.29 cell 229 board (0.75, 0.52) units 4 16 ms tap [tornado,?,?,?] hand [tornado,?,rocket,ice_wizard] elixir 3 wall=12:07:58.011
[student] TAP slot 0 tornado cell 229 wall=12:07:58.348
[student] TRAY first +0.34s tapped slot 0 meant tornado before [tornado,?,rocket,ice_wizard] now [?,tesla,rocket,?] slot_now ? elixir 3->3 wall=12:07:58.687
[student] TRAY settled +1.14s tapped slot 0 meant tornado before [tornado,?,rocket,ice_wizard] now [?,tesla,rocket,?] slot_now ? elixir 3->1 wall=12:07:59.490
[student] WAIT NO-TRAY-MATCH p=0.28 elixir 2 opp~? units 5 dets 5 (waits 1734/2443 badhand 796/3639) tap [?,?,?,?] wall=12:08:01.048
[student] PLAY the_log p=0.27 cell 248 board (0.81, 0.55) units 4 29 ms tap [the_log,?,?,?] hand [the_log,?,rocket,x_bow] elixir 5 wall=12:08:05.817
[student] TAP slot 0 the_log cell 245 wall=12:08:06.161
[student] TRAY first +0.66s tapped slot 0 meant the_log before [the_log,?,rocket,x_bow] now [?,?,rocket,x_bow] slot_now ? elixir 5->4 wall=12:08:06.826
[student] PLAY skeletons p=0.29 cell 248 board (0.81, 0.55) units 4 27 ms tap [skeletons,?,?,?] hand [skeletons,?,rocket,x_bow] elixir 5 wall=12:08:08.600
[student] TAP slot 0 skeletons cell 248 wall=12:08:08.931
[student] TRAY first +0.70s tapped slot 0 meant skeletons before [skeletons,?,rocket,x_bow] now [?,?,rocket,x_bow] slot_now ? elixir 5->5 wall=12:08:09.630
[student] PLAY rocket p=0.79 cell 120 board (0.69, 0.27) units 5 19 ms tap [?,?,rocket,x_bow] hand [?,?,rocket,x_bow] elixir 6 wall=12:08:10.279
[student] TAP slot 2 rocket cell 103 wall=12:08:10.612
[student] TRAY first +0.80s tapped slot 2 meant rocket before [?,?,rocket,x_bow] now [ice_wizard,?,?,?] slot_now ? elixir 6->6 wall=12:08:11.412
[student] PLAY knight p=0.50 cell 248 board (0.81, 0.55) units 3 22 ms tap [?,?,knight,?] hand [ice_wizard,tesla,knight,ice_wizard] elixir 3 wall=12:08:14.834
[student] TAP slot 2 knight cell 248 wall=12:08:15.165
[student] TRAY first +0.98s tapped slot 2 meant knight before [ice_wizard,tesla,knight,ice_wizard] now [ice_wizard,?,?,tesla] slot_now ? elixir 3->3 wall=12:08:16.145
[student] WAIT NO-TRAY-MATCH p=0.96 elixir 2 opp~? units 3 dets 3 (waits 1739/2452 badhand 800/3653) tap [?,?,?,?] wall=12:08:17.295
[student] PLAY tornado p=0.82 cell 139 board (0.75, 0.3) units 1 20 ms tap [?,?,tornado,?] hand [ice_wizard,tesla_evo,tornado,ice_wizard] elixir 3 wall=12:08:18.252
[student] TAP slot 2 tornado cell 139 wall=12:08:18.595
12:08:19 [play] elixir x3
[student] TRAY first +0.81s tapped slot 2 meant tornado before [ice_wizard,tesla_evo,tornado,ice_wizard] now [ice_wizard,tesla,?,the_log] slot_now ? elixir 3->3 wall=12:08:19.404
[student] PLAY the_log p=0.62 cell 247 board (0.75, 0.55) units 2 21 ms tap [?,?,the_log,?] hand [ice_wizard,?,the_log,ice_wizard] elixir 4 wall=12:08:21.325
[student] TAP slot 2 the_log cell 266 wall=12:08:21.661
[student] TRAY first +0.71s tapped slot 2 meant the_log before [ice_wizard,?,the_log,ice_wizard] now [ice_wizard,?,?,ice_wizard] slot_now ? elixir 4->2 wall=12:08:22.371
[student] PLAY ice_wizard p=0.59 cell 248 board (0.81, 0.55) units 3 25 ms tap [ice_wizard,?,?,?] hand [ice_wizard,?,?,x_bow] elixir 4 wall=12:08:23.215
[student] TAP slot 0 ice_wizard cell 248 wall=12:08:23.544
[student] TRAY first +0.69s tapped slot 0 meant ice_wizard before [ice_wizard,?,?,x_bow] now [?,tesla,skeletons,the_log] slot_now ? elixir 4->3 wall=12:08:24.230
[student] PLAY skeletons p=0.65 cell 248 board (0.81, 0.55) units 4 24 ms tap [?,?,skeletons,?] hand [?,tesla,skeletons,the_log] elixir 3 wall=12:08:24.320
[student] TAP slot 2 skeletons cell 248 wall=12:08:24.664
[student] TRAY first +0.79s tapped slot 2 meant skeletons before [?,tesla,skeletons,the_log] now [rocket,tesla,?,the_log] slot_now ? elixir 3->2 wall=12:08:25.454
[student] PLAY knight p=0.41 cell 248 board (0.81, 0.55) units 4 25 ms tap [?,?,knight,?] hand [rocket,?,knight,x_bow] elixir 4 wall=12:08:27.169
[student] TAP slot 2 knight cell 248 wall=12:08:27.502
[student] TRAY first +0.83s tapped slot 2 meant knight before [rocket,?,knight,x_bow] now [rocket,tesla,?,ice_wizard] slot_now ? elixir 4->3 wall=12:08:28.328
[student] PLAY tornado p=0.34 cell 121 board (0.75, 0.27) units 3 20 ms tap [?,?,tornado,?] hand [rocket,?,tornado,x_bow] elixir 4 wall=12:08:30.013
[student] TAP slot 2 tornado cell 121 wall=12:08:30.355
[student] TRAY first +0.78s tapped slot 2 meant tornado before [rocket,?,tornado,x_bow] now [rocket,tesla,?,ice_wizard] slot_now ? elixir 4->3 wall=12:08:31.138
[student] PLAY the_log p=0.40 cell 248 board (0.81, 0.55) units 3 27 ms tap [?,?,the_log,?] hand [rocket,?,the_log,x_bow] elixir 4 wall=12:08:32.964
[student] TAP slot 2 the_log cell 356 wall=12:08:33.310
[student] TRAY first +0.61s tapped slot 2 meant the_log before [rocket,?,the_log,x_bow] now [rocket,?,?,ice_wizard] slot_now ? elixir 4->4 wall=12:08:33.920
[student] PLAY ice_wizard p=0.97 cell 320 board (0.81, 0.73) units 6 17 ms tap [?,?,ice_wizard,?] hand [rocket,?,ice_wizard,x_bow] elixir 5 wall=12:08:35.512
[student] TAP slot 2 ice_wizard cell 266 wall=12:08:35.844
[student] TRAY first +0.73s tapped slot 2 meant ice_wizard before [rocket,?,ice_wizard,x_bow] now [rocket,tesla_evo,?,ice_wizard] slot_now ? elixir 5->3 wall=12:08:36.574
[student] WAIT NO-TRAY-MATCH p=0.88 elixir 3 opp~? units 6 dets 6 (waits 1739/2460 badhand 812/3671) tap [?,?,?,?] wall=12:08:36.666
[student] PLAY skeletons p=0.51 cell 248 board (0.81, 0.55) units 2 20 ms tap [?,?,skeletons,?] hand [rocket,?,skeletons,x_bow] elixir 5 wall=12:08:38.313
[student] TAP slot 2 skeletons cell 248 wall=12:08:38.644
[student] TRAY first +0.36s tapped slot 2 meant skeletons before [rocket,?,skeletons,x_bow] now [rocket,?,?,x_bow] slot_now ? elixir 5->5 wall=12:08:39.002
[student] TRAY settled +0.80s tapped slot 2 meant skeletons before [rocket,?,skeletons,x_bow] now [rocket,?,?,x_bow] slot_now ? elixir 5->6 wall=12:08:39.441
[student] PLAY rocket p=0.65 cell 120 board (0.69, 0.27) units 3 19 ms tap [rocket,?,?,x_bow] hand [rocket,?,?,x_bow] elixir 6 wall=12:08:39.526
[student] TAP slot 0 rocket cell 158 wall=12:08:39.861
[student] TRAY first +1.03s tapped slot 0 meant rocket before [rocket,?,?,x_bow] now [?,?,tesla,tesla] slot_now ? elixir 6->1 wall=12:08:40.893
[student] PLAY tornado p=0.79 cell 122 board (0.81, 0.27) units 2 7 ms tap [tornado,?,knight_evo,?] hand [tornado,?,knight_evo,ice_wizard] elixir 3 wall=12:08:42.425
[student] TAP slot 0 tornado cell 122 wall=12:08:42.764
[student] TRAY first +0.31s tapped slot 0 meant tornado before [tornado,?,knight_evo,ice_wizard] now [?,tesla,knight_evo,?] slot_now ? elixir 3->3 wall=12:08:43.071
[student] TRAY settled +0.99s tapped slot 0 meant tornado before [tornado,?,knight_evo,ice_wizard] now [?,?,tesla,the_log] slot_now ? elixir 3->1 wall=12:08:43.758
[student] PLAY the_log p=0.47 cell 248 board (0.81, 0.55) units 1 24 ms tap [the_log,?,?,?] hand [the_log,tesla,knight_evo,ice_wizard] elixir 2 wall=12:08:44.814
[student] TAP slot 0 the_log cell 248 wall=12:08:45.152
[student] TRAY first +0.31s tapped slot 0 meant the_log before [the_log,tesla,knight_evo,ice_wizard] now [?,?,tesla,tesla] slot_now ? elixir 2->2 wall=12:08:45.465
[student] TRAY settled +1.02s tapped slot 0 meant the_log before [the_log,tesla,knight_evo,ice_wizard] now [?,tesla,knight_evo,the_log] slot_now ? elixir 2->2 wall=12:08:46.171
[student] PLAY knight_evo p=0.92 cell 358 board (0.92, 0.83) units 3 17 ms tap [?,?,knight_evo,?] hand [ice_wizard,tesla,knight_evo,ice_wizard] elixir 3 wall=12:08:46.974
[student] TAP slot 2 knight_evo cell 358 wall=12:08:47.315
[student] TRAY first +0.43s tapped slot 2 meant knight_evo before [ice_wizard,tesla,knight_evo,ice_wizard] now [ice_wizard,?,?,?] slot_now ? elixir 3->3 wall=12:08:47.744
[student] TRAY settled +1.35s tapped slot 2 meant knight_evo before [ice_wizard,tesla,knight_evo,ice_wizard] now [ice_wizard,?,?,the_log] slot_now ? elixir 3->2 wall=12:08:48.670
[student] WAIT p=0.13 elixir 4 opp~? units 3 dets 3 (waits 1743/2469 badhand 817/3686) tap [ice_wizard,?,skeletons,?] wall=12:08:51.274
[student] PLAY x_bow p=0.37 cell 267 board (0.86, 0.61) units 2 29 ms tap [ice_wizard,?,skeletons,x_bow] hand [ice_wizard,?,skeletons,x_bow] elixir 6 wall=12:08:52.631
[student] TAP slot 3 x_bow cell 267 wall=12:08:52.972
[student] TRAY first +0.31s tapped slot 3 meant x_bow before [ice_wizard,?,skeletons,x_bow] now [ice_wizard,tesla,skeletons,?] slot_now ? elixir 6->6 wall=12:08:53.284
[student] PLAY skeletons p=0.97 cell 248 board (0.81, 0.58) units 3 6 ms tap [?,?,skeletons,?] hand [ice_wizard,tesla,skeletons,?] elixir 6 wall=12:08:53.337
[student] TAP slot 2 skeletons cell 248 wall=12:08:53.672
[student] TRAY first +0.39s tapped slot 2 meant skeletons before [ice_wizard,tesla,skeletons,?] now [tornado,?,?,?] slot_now ? elixir 6->1 wall=12:08:54.062
[student] TRAY settled +0.84s tapped slot 2 meant skeletons before [ice_wizard,tesla,skeletons,?] now [ice_wizard,tesla,?,rocket] slot_now ? elixir 6->1 wall=12:08:54.508
[student] PLAY ice_wizard p=0.31 cell 249 board (0.86, 0.55) units 5 29 ms tap [ice_wizard,?,tornado,?] hand [ice_wizard,tesla,tornado,rocket] elixir 3 wall=12:08:56.234
[student] TAP slot 0 ice_wizard cell 249 wall=12:08:56.580
[student] TRAY first +0.34s tapped slot 0 meant ice_wizard before [ice_wizard,tesla,tornado,rocket] now [?,?,tornado,rocket] slot_now ? elixir 3->3 wall=12:08:56.916
[student] TRAY settled +1.11s tapped slot 0 meant ice_wizard before [ice_wizard,tesla,tornado,rocket] now [?,?,tornado,rocket] slot_now ? elixir 3->1 wall=12:08:57.694
[student] PLAY the_log p=0.35 cell 249 board (0.86, 0.55) units 2 28 ms tap [the_log,?,?,?] hand [the_log,tesla,tornado,rocket] elixir 2 wall=12:08:58.588
[student] TAP slot 0 the_log cell 301 wall=12:08:58.921
[student] TRAY first +0.39s tapped slot 0 meant the_log before [the_log,tesla,tornado,rocket] now [?,?,ice_wizard,rocket] slot_now ? elixir 2->2 wall=12:08:59.307
[student] TRAY settled +0.81s tapped slot 0 meant the_log before [the_log,tesla,tornado,rocket] now [?,?,tornado,rocket] slot_now ? elixir 2->1 wall=12:08:59.735
[student] PLAY knight p=0.66 cell 248 board (0.81, 0.55) units 2 29 ms tap [knight,?,tornado,?] hand [knight,tesla_evo,tornado,rocket] elixir 3 wall=12:09:01.440
[student] TAP slot 0 knight cell 248 wall=12:09:01.789
[student] TRAY first +0.37s tapped slot 0 meant knight before [knight,tesla_evo,tornado,rocket] now [?,?,ice_wizard,rocket] slot_now ? elixir 3->3 wall=12:09:02.160
[student] TRAY settled +0.78s tapped slot 0 meant knight before [knight,tesla_evo,tornado,rocket] now [?,?,tornado,rocket] slot_now ? elixir 3->2 wall=12:09:02.565
[student] PLAY tornado p=0.80 cell 80 board (0.47, 0.2) units 3 28 ms tap [?,?,tornado,?] hand [ice_wizard,?,tornado,rocket] elixir 3 wall=12:09:03.869
[student] TAP slot 2 tornado cell 80 wall=12:09:04.202
[student] TRAY first +0.34s tapped slot 2 meant tornado before [ice_wizard,?,tornado,rocket] now [ice_wizard,tesla,?,rocket] slot_now ? elixir 3->3 wall=12:09:04.546
[student] TRAY settled +0.80s tapped slot 2 meant tornado before [ice_wizard,?,tornado,rocket] now [tesla,?,?,rocket] slot_now ? elixir 3->1 wall=12:09:05.004
[student] PLAY skeletons p=0.80 cell 244 board (0.58, 0.55) units 4 28 ms tap [?,?,skeletons,?] hand [ice_wizard,tesla,skeletons,rocket] elixir 3 wall=12:09:06.549
[student] TAP slot 2 skeletons cell 244 wall=12:09:06.879
[student] TRAY first +0.32s tapped slot 2 meant skeletons before [ice_wizard,tesla,skeletons,rocket] now [ice_wizard,tesla,?,rocket] slot_now ? elixir 3->3 wall=12:09:07.200
[student] TRAY settled +1.06s tapped slot 2 meant skeletons before [ice_wizard,tesla,skeletons,rocket] now [ice_wizard,tesla_evo,?,rocket] slot_now ? elixir 3->3 wall=12:09:07.934
[student] PLAY ice_wizard p=0.87 cell 245 board (0.64, 0.55) units 7 28 ms tap [?,?,ice_wizard,?] hand [x_bow,?,ice_wizard,rocket] elixir 4 wall=12:09:08.782
[student] TAP slot 2 ice_wizard cell 245 wall=12:09:09.122
[student] TRAY first +0.31s tapped slot 2 meant ice_wizard before [x_bow,?,ice_wizard,rocket] now [the_log,tesla,?,rocket] slot_now ? elixir 4->3 wall=12:09:09.428
[student] TRAY settled +0.73s tapped slot 2 meant ice_wizard before [x_bow,?,ice_wizard,rocket] now [ice_wizard,tesla,?,rocket] slot_now ? elixir 4->2 wall=12:09:09.852
[student] PLAY the_log p=0.86 cell 247 board (0.75, 0.55) units 6 15 ms tap [?,?,the_log,?] hand [ice_wizard,tesla_evo,the_log,rocket] elixir 3 wall=12:09:10.614
[student] TAP slot 2 the_log cell 247 wall=12:09:10.955
[student] TRAY first +0.36s tapped slot 2 meant the_log before [ice_wizard,tesla_evo,the_log,rocket] now [the_log,tesla,?,rocket] slot_now ? elixir 3->2 wall=12:09:11.315
[student] TRAY settled +0.77s tapped slot 2 meant the_log before [ice_wizard,tesla_evo,the_log,rocket] now [ice_wizard,tesla,?,rocket] slot_now ? elixir 3->2 wall=12:09:11.727
[student] PLAY knight p=0.82 cell 250 board (0.92, 0.55) units 5 26 ms tap [?,?,knight,?] hand [ice_wizard,tesla_evo,knight,rocket] elixir 3 wall=12:09:12.530
[student] TAP slot 2 knight cell 250 wall=12:09:12.861
[student] TRAY first +0.35s tapped slot 2 meant knight before [ice_wizard,tesla_evo,knight,rocket] now [ice_wizard,?,?,rocket] slot_now ? elixir 3->3 wall=12:09:13.214
[student] WAIT NO-TRAY-MATCH p=0.61 elixir 3 opp~? units 8 dets 10 (waits 1744/2480 badhand 827/3706) tap [?,?,?,?] wall=12:09:13.315
[student] TRAY settled +0.79s tapped slot 2 meant knight before [ice_wizard,tesla_evo,knight,rocket] now [the_log,?,?,rocket] slot_now ? elixir 3->1 wall=12:09:13.647
[student] PLAY tornado p=0.46 cell 157 board (0.75, 0.36) units 1 15 ms tap [?,?,tornado,?] hand [ice_wizard,tesla,tornado,rocket] elixir 3 wall=12:09:14.866
[student] TAP slot 2 tornado cell 157 wall=12:09:15.194
[student] TRAY first +0.34s tapped slot 2 meant tornado before [ice_wizard,tesla,tornado,rocket] now [ice_wizard,?,tornado,rocket] slot_now tornado elixir 3->3 wall=12:09:15.537
[student] TRAY settled +1.03s tapped slot 2 meant tornado before [ice_wizard,tesla,tornado,rocket] now [ice_wizard,?,tornado,rocket] slot_now tornado elixir 3->3 wall=12:09:16.226
[student] PLAY tornado p=0.30 cell 157 board (0.75, 0.36) units 0 22 ms tap [?,?,tornado,?] hand [ice_wizard,?,tornado,rocket] elixir 3 wall=12:09:16.322
[student] TAP slot 2 tornado cell 157 wall=12:09:16.660
[student] TRAY first +0.36s tapped slot 2 meant tornado before [ice_wizard,?,tornado,rocket] now [ice_wizard,?,tornado,rocket] slot_now tornado elixir 3->3 wall=12:09:17.022
[student] TRAY settled +0.82s tapped slot 2 meant tornado before [ice_wizard,?,tornado,rocket] now [ice_wizard,?,tornado,rocket] slot_now tornado elixir 3->3 wall=12:09:17.480
[student] PLAY tornado p=0.43 cell 139 board (0.75, 0.3) units 2 17 ms tap [?,?,tornado,?] hand [ice_wizard,?,tornado,rocket] elixir 3 wall=12:09:17.554
[student] TAP slot 2 tornado cell 139 wall=12:09:17.885
[student] TRAY first +0.32s tapped slot 2 meant tornado before [ice_wizard,?,tornado,rocket] now [ice_wizard,?,tornado,rocket] slot_now tornado elixir 3->3 wall=12:09:18.207
[student] PLAY tornado p=0.28 cell 157 board (0.75, 0.36) units 0 17 ms tap [?,?,tornado,?] hand [ice_wizard,?,tornado,rocket] elixir 3 wall=12:09:18.285
[student] TAP slot 2 tornado cell 157 wall=12:09:18.633
[student] TRAY first +0.31s tapped slot 2 meant tornado before [ice_wizard,?,tornado,rocket] now [ice_wizard,?,tornado,rocket] slot_now tornado elixir 3->3 wall=12:09:18.945
[student] PLAY tornado p=0.27 cell 157 board (0.75, 0.36) units 0 23 ms tap [?,?,tornado,?] hand [ice_wizard,?,tornado,rocket] elixir 3 wall=12:09:19.016
[student] TAP slot 2 tornado cell 157 wall=12:09:19.344
[student] TRAY first +0.34s tapped slot 2 meant tornado before [ice_wizard,?,tornado,rocket] now [ice_wizard,?,tornado,rocket] slot_now tornado elixir 3->3 wall=12:09:19.687
[student] PLAY tornado p=0.27 cell 157 board (0.75, 0.36) units 0 15 ms tap [?,?,tornado,?] hand [ice_wizard,?,tornado,rocket] elixir 3 wall=12:09:19.761
[student] TAP slot 2 tornado cell 157 wall=12:09:20.093
[student] TRAY first +0.34s tapped slot 2 meant tornado before [ice_wizard,?,tornado,rocket] now [ice_wizard,?,tornado,rocket] slot_now tornado elixir 3->3 wall=12:09:20.431
[student] PLAY tornado p=0.28 cell 157 board (0.75, 0.36) units 0 17 ms tap [?,?,tornado,?] hand [ice_wizard,?,tornado,rocket] elixir 3 wall=12:09:20.503
[student] TAP slot 2 tornado cell 157 wall=12:09:20.847
[student] TRAY first +0.29s tapped slot 2 meant tornado before [ice_wizard,?,tornado,rocket] now [ice_wizard,?,tornado,rocket] slot_now tornado elixir 3->3 wall=12:09:21.138
[student] PLAY tornado p=0.28 cell 157 board (0.75, 0.36) units 0 22 ms tap [?,?,tornado,?] hand [ice_wizard,?,tornado,rocket] elixir 3 wall=12:09:21.210
[student] TAP slot 2 tornado cell 157 wall=12:09:21.556
[student] TRAY first +0.31s tapped slot 2 meant tornado before [ice_wizard,?,tornado,rocket] now [ice_wizard,?,tornado,rocket] slot_now tornado elixir 3->3 wall=12:09:21.867
[student] PLAY tornado p=0.28 cell 157 board (0.75, 0.36) units 0 7 ms tap [?,?,tornado,?] hand [ice_wizard,?,tornado,rocket] elixir 3 wall=12:09:21.894
[student] TAP slot 2 tornado cell 157 wall=12:09:22.239
[student] TRAY first +0.42s tapped slot 2 meant tornado before [ice_wizard,?,tornado,rocket] now [ice_wizard,?,tornado,rocket] slot_now tornado elixir 3->3 wall=12:09:22.661
[student] PLAY tornado p=0.28 cell 157 board (0.75, 0.36) units 0 29 ms tap [?,?,tornado,?] hand [ice_wizard,?,tornado,rocket] elixir 3 wall=12:09:22.754
[student] TAP slot 2 tornado cell 157 wall=12:09:23.096
[student] TRAY first +0.31s tapped slot 2 meant tornado before [ice_wizard,?,tornado,rocket] now [knight_evo,?,?,?] slot_now ? elixir 3->0 wall=12:09:23.410
[student] TRAY settled +0.72s tapped slot 2 meant tornado before [ice_wizard,?,tornado,rocket] now [knight_evo,?,?,?] slot_now ? elixir 3->0 wall=12:09:23.813
12:09:28 [play] UNKNOWN 0.4s after in-match -> grace hold (label lost: overtime / end animation / dropout; up to 150s)
12:09:29 [play] in-match read re-acquired -> grace hold released
12:09:30 [play] state: MATCH_END
12:09:30 [nav] MATCH_END -> Play Again (located) (0.348,0.914)
12:09:30 [play] state: UNKNOWN
12:09:36 [play] state: IN_MATCH
[student] WAIT | exact=0 opp=? next=4 t=6s hand=[3, 149, 2, 0] tw=1.01.01.01.01.00.9 sp=0 unk=1 p=0.02 elixir 9 opp~? units 2 dets 2 (waits 1754/2500 badhand 828/3726) tap [x_bow,knight,ice_wizard,tornado] wall=12:09:42.573
[student] PLAY x_bow p=0.49 cell 254 board (0.14, 0.61) units 3 18 ms tap [x_bow,knight,ice_wizard,tornado] hand [x_bow,knight,ice_wizard,tornado] elixir 10 wall=12:09:44.522
[student] TAP slot 0 x_bow cell 254 wall=12:09:44.852
[student] TRAY first +0.28s tapped slot 0 meant x_bow before [x_bow,knight,ice_wizard,tornado] now [?,knight,ice_wizard,tornado] slot_now ? elixir 10->6 wall=12:09:45.137
[student] TRAY settled +0.66s tapped slot 0 meant x_bow before [x_bow,knight,ice_wizard,tornado] now [?,knight,ice_wizard,tornado] slot_now ? elixir 10->4 wall=12:09:45.508
[student] WAIT p=0.23 elixir 5 opp~? units 5 dets 5 (waits 1764/2511 badhand 830/3737) tap [?,knight,ice_wizard,tornado] wall=12:09:49.054
[student] PLAY tornado p=0.29 cell 158 board (0.81, 0.36) units 7 17 ms tap [?,knight,ice_wizard,tornado] hand [rocket,knight,ice_wizard,tornado] elixir 5 wall=12:09:50.283
[student] TAP slot 3 tornado cell 158 wall=12:09:50.626
[student] TRAY first +0.28s tapped slot 3 meant tornado before [rocket,knight,ice_wizard,tornado] now [rocket,knight,ice_wizard,?] slot_now ? elixir 5->3 wall=12:09:50.907
[student] TRAY settled +0.61s tapped slot 3 meant tornado before [rocket,knight,ice_wizard,tornado] now [rocket,knight,ice_wizard,?] slot_now ? elixir 5->2 wall=12:09:51.238
[student] PLAY the_log p=0.29 cell 237 board (0.19, 0.55) units 4 14 ms tap [?,knight,ice_wizard,the_log] hand [rocket,knight,ice_wizard,the_log] elixir 3 wall=12:09:52.981
[student] TAP slot 3 the_log cell 255 wall=12:09:53.311
[student] TRAY first +0.26s tapped slot 3 meant the_log before [rocket,knight,ice_wizard,the_log] now [rocket,knight,ice_wizard,?] slot_now ? elixir 3->2 wall=12:09:53.574
[student] TRAY settled +0.59s tapped slot 3 meant the_log before [rocket,knight,ice_wizard,the_log] now [rocket,knight,ice_wizard,?] slot_now ? elixir 3->1 wall=12:09:53.905
[student] WAIT p=0.17 elixir 2 opp~? units 5 dets 6 (waits 1773/2522 badhand 832/3749) tap [?,?,?,skeletons] wall=12:09:56.076
[student] PLAY skeletons p=0.40 cell 248 board (0.81, 0.55) units 5 27 ms tap [?,knight,ice_wizard,skeletons] hand [rocket,knight,ice_wizard,skeletons] elixir 3 wall=12:09:57.767
[student] TAP slot 3 skeletons cell 248 wall=12:09:58.102
[student] TRAY first +0.26s tapped slot 3 meant skeletons before [rocket,knight,ice_wizard,skeletons] now [rocket,knight,ice_wizard,?] slot_now ? elixir 3->2 wall=12:09:58.363
[student] TRAY settled +0.63s tapped slot 3 meant skeletons before [rocket,knight,ice_wizard,skeletons] now [rocket,knight,ice_wizard,?] slot_now ? elixir 3->2 wall=12:09:58.735
[student] PLAY knight p=0.66 cell 250 board (0.92, 0.55) units 2 23 ms tap [?,knight,ice_wizard,tesla] hand [rocket,knight,ice_wizard,tesla] elixir 4 wall=12:10:03.408
[student] TAP slot 1 knight cell 250 wall=12:10:03.738
[student] TRAY first +0.27s tapped slot 1 meant knight before [rocket,knight,ice_wizard,tesla] now [rocket,?,ice_wizard,tesla] slot_now ? elixir 4->3 wall=12:10:04.006
[student] WAIT NO-TRAY-MATCH p=0.18 elixir 3 opp~? units 5 dets 5 (waits 1782/2533 badhand 833/3761) tap [?,?,?,?] wall=12:10:04.094
[student] TRAY settled +0.59s tapped slot 1 meant knight before [rocket,knight,ice_wizard,tesla] now [rocket,?,ice_wizard,tesla] slot_now ? elixir 4->1 wall=12:10:04.333
[student] WAIT p=0.07 elixir 4 opp~? units 1 dets 1 (waits 1785/2536 badhand 833/3771) tap [?,?,ice_wizard,tesla] wall=12:10:12.236
[student] PLAY ice_wizard p=0.77 cell 358 board (0.92, 0.8) units 4 16 ms tap [rocket,x_bow,ice_wizard,tesla] hand [rocket,x_bow,ice_wizard,tesla] elixir 6 wall=12:10:18.091
[student] TAP slot 2 ice_wizard cell 358 wall=12:10:18.417
[student] TRAY first +0.24s tapped slot 2 meant ice_wizard before [rocket,x_bow,ice_wizard,tesla] now [rocket,ice_wizard,?,tesla] slot_now ? elixir 6->3 wall=12:10:18.661
[student] TRAY settled +0.54s tapped slot 2 meant ice_wizard before [rocket,x_bow,ice_wizard,tesla] now [rocket,tesla,?,tesla] slot_now ? elixir 6->3 wall=12:10:18.957
[student] WAIT p=0.11 elixir 4 opp~? units 3 dets 3 (waits 1794/2546 badhand 834/3782) tap [?,?,tornado,tesla] wall=12:10:20.217
[student] PLAY x_bow p=0.29 cell 267 board (0.86, 0.61) units 3 27 ms tap [rocket,x_bow,tornado,tesla] hand [rocket,x_bow,tornado,tesla] elixir 6 wall=12:10:26.473
[student] TAP slot 1 x_bow cell 267 wall=12:10:26.803
[student] TRAY first +0.25s tapped slot 1 meant x_bow before [rocket,x_bow,tornado,tesla] now [rocket,?,tornado,tesla] slot_now ? elixir 6->6 wall=12:10:27.048
[student] WAIT NO-TRAY-MATCH p=0.63 elixir 6 opp~? units 4 dets 4 (waits 1803/2556 badhand 835/3793) tap [?,?,?,?] wall=12:10:27.120
[student] TRAY settled +0.60s tapped slot 1 meant x_bow before [rocket,x_bow,tornado,tesla] now [rocket,?,tornado,tesla] slot_now ? elixir 6->0 wall=12:10:27.408
[student] PLAY the_log p=0.73 cell 320 board (0.81, 0.73) units 6 17 ms tap [?,the_log,?,?] hand [rocket,the_log,tornado,tesla] elixir 2 wall=12:10:31.820
[student] TAP slot 1 the_log cell 303 wall=12:10:32.160
[student] TRAY first +0.27s tapped slot 1 meant the_log before [rocket,the_log,tornado,tesla] now [rocket,?,tornado,tesla] slot_now ? elixir 2->2 wall=12:10:32.426
[student] TRAY settled +0.60s tapped slot 1 meant the_log before [rocket,the_log,tornado,tesla] now [rocket,?,tornado,tesla] slot_now ? elixir 2->0 wall=12:10:32.758
[student] PLAY skeletons p=0.45 cell 320 board (0.81, 0.73) units 4 25 ms tap [?,skeletons,?,?] hand [rocket,skeletons,tornado,tesla] elixir 1 wall=12:10:35.719
[student] TAP slot 1 skeletons cell 266 wall=12:10:36.062
[student] TRAY first +0.32s tapped slot 1 meant skeletons before [rocket,skeletons,tornado,tesla] now [rocket,?,tornado,tesla] slot_now ? elixir 1->1 wall=12:10:36.383
[student] TRAY settled +0.67s tapped slot 1 meant skeletons before [rocket,skeletons,tornado,tesla] now [rocket,?,tornado,tesla] slot_now ? elixir 1->1 wall=12:10:36.731
[student] PLAY knight p=0.78 cell 320 board (0.81, 0.73) units 6 26 ms tap [?,knight,tornado,?] hand [rocket,knight,tornado,tesla] elixir 3 wall=12:10:42.877
[student] TAP slot 1 knight cell 266 wall=12:10:43.213
[student] TRAY first +0.27s tapped slot 1 meant knight before [rocket,knight,tornado,tesla] now [rocket,?,tornado,tesla] slot_now ? elixir 3->3 wall=12:10:43.487
[student] TRAY settled +0.64s tapped slot 1 meant knight before [rocket,knight,tornado,tesla] now [rocket,?,tornado,tesla] slot_now ? elixir 3->0 wall=12:10:43.849
[student] PLAY ice_wizard p=0.63 cell 358 board (0.92, 0.8) units 4 20 ms tap [?,ice_wizard,tornado,?] hand [rocket,ice_wizard,tornado,tesla] elixir 3 wall=12:10:51.358
[student] TAP slot 1 ice_wizard cell 358 wall=12:10:51.707
[student] TRAY first +0.27s tapped slot 1 meant ice_wizard before [rocket,ice_wizard,tornado,tesla] now [rocket,?,tornado,tesla] slot_now ? elixir 3->3 wall=12:10:51.974
[student] TRAY settled +0.63s tapped slot 1 meant ice_wizard before [rocket,ice_wizard,tornado,tesla] now [rocket,?,tornado,tesla] slot_now ? elixir 3->0 wall=12:10:52.338
[student] WAIT NO-TRAY-MATCH p=0.12 elixir 2 opp~? units 2 dets 2 (waits 1807/2564 badhand 837/3807) tap [?,?,?,?] wall=12:10:58.869
[student] PLAY tesla p=0.60 cell 298 board (0.56, 0.69) units 1 21 ms tap [?,?,tornado,tesla] hand [rocket,x_bow,tornado,tesla] elixir 4 wall=12:11:03.918
[student] TAP slot 3 tesla cell 298 wall=12:11:04.273
[student] TRAY first +0.27s tapped slot 3 meant tesla before [rocket,x_bow,tornado,tesla] now [rocket,?,tornado,?] slot_now ? elixir 4->4 wall=12:11:04.546
[student] TRAY settled +0.69s tapped slot 3 meant tesla before [rocket,x_bow,tornado,tesla] now [rocket,?,tornado,?] slot_now ? elixir 4->1 wall=12:11:04.966
[student] WAIT NO-TRAY-MATCH p=0.37 elixir 2 opp~? units 2 dets 3 (waits 1813/2571 badhand 838/3818) tap [?,?,?,?] wall=12:11:08.964
[student] PLAY tornado p=0.66 cell 333 board (0.53, 0.77) units 3 20 ms tap [?,?,tornado,the_log] hand [rocket,ice_wizard,tornado,the_log] elixir 3 wall=12:11:11.006
[student] TAP slot 2 tornado cell 333 wall=12:11:11.351
[student] TRAY first +0.25s tapped slot 2 meant tornado before [rocket,ice_wizard,tornado,the_log] now [rocket,x_bow,?,the_log] slot_now ? elixir 3->3 wall=12:11:11.601
[student] TRAY settled +0.55s tapped slot 2 meant tornado before [rocket,ice_wizard,tornado,the_log] now [rocket,tornado,?,the_log] slot_now ? elixir 3->0 wall=12:11:11.898
[student] PLAY skeletons p=0.40 cell 298 board (0.58, 0.7) units 2 16 ms tap [?,?,skeletons,?] hand [rocket,?,skeletons,the_log] elixir 1 wall=12:11:13.382
[student] TAP slot 2 skeletons cell 298 wall=12:11:13.711
[student] TRAY first +0.26s tapped slot 2 meant skeletons before [rocket,?,skeletons,the_log] now [rocket,x_bow,?,the_log] slot_now ? elixir 1->1 wall=12:11:13.972
[student] TRAY settled +1.06s tapped slot 2 meant skeletons before [rocket,?,skeletons,the_log] now [rocket,tornado,?,the_log] slot_now ? elixir 1->0 wall=12:11:14.768
[student] WAIT p=0.06 elixir 4 opp~? units 4 dets 4 (waits 1817/2577 badhand 839/3830) tap [?,?,knight_evo,the_log] wall=12:11:26.026
[student] PLAY the_log p=0.48 cell 248 board (0.81, 0.55) units 7 18 ms tap [rocket,x_bow,knight_evo,the_log] hand [rocket,x_bow,knight_evo,the_log] elixir 6 wall=12:11:32.579
[student] TAP slot 3 the_log cell 266 wall=12:11:32.912
[clock] icon reads x3 but the clock reads x1 -> using the clock (x1)
[student] TRAY first +0.66s tapped slot 3 meant the_log before [rocket,x_bow,knight_evo,the_log] now [rocket,x_bow,knight_evo,?] slot_now ? elixir 6->5 wall=12:11:33.573
[student] PLAY knight_evo p=0.33 cell 320 board (0.81, 0.73) units 2 24 ms tap [?,?,knight_evo,?] hand [rocket,x_bow,knight_evo,?] elixir 5 wall=12:11:33.659
[student] TAP slot 2 knight_evo cell 266 wall=12:11:33.994
[student] TRAY first +0.61s tapped slot 2 meant knight_evo before [rocket,x_bow,knight_evo,?] now [rocket,ice_wizard,?,ice_wizard] slot_now ? elixir 5->3 wall=12:11:34.609
[student] PLAY ice_wizard p=0.41 cell 320 board (0.81, 0.73) units 3 23 ms tap [?,?,tesla,ice_wizard] hand [rocket,x_bow,tesla,ice_wizard] elixir 4 wall=12:11:36.218
[student] TAP slot 3 ice_wizard cell 266 wall=12:11:36.561
[clock] icon reads x3 but the clock reads x2 -> using the clock (x2)
12:11:37 [play] elixir x2
[student] TRAY first +0.57s tapped slot 3 meant ice_wizard before [rocket,x_bow,tesla,ice_wizard] now [rocket,the_log,tesla,?] slot_now ? elixir 4->3 wall=12:11:37.129
[student] WAIT NO-TRAY-MATCH p=0.09 elixir 2 opp~? units 5 dets 5 (waits 1822/2585 badhand 844/3843) tap [?,?,?,?] wall=12:11:38.833
[student] PLAY tornado p=0.56 cell 212 board (0.81, 0.48) units 2 20 ms tap [?,?,?,tornado] hand [rocket,ice_wizard,tesla,tornado] elixir 3 wall=12:11:39.565
[student] TAP slot 3 tornado cell 212 wall=12:11:39.915
[student] TRAY first +0.64s tapped slot 3 meant tornado before [rocket,ice_wizard,tesla,tornado] now [rocket,tesla,tesla,?] slot_now ? elixir 3->3 wall=12:11:40.558
[student] PLAY skeletons p=0.29 cell 248 board (0.81, 0.55) units 1 23 ms tap [?,?,?,skeletons] hand [rocket,the_log,tesla,skeletons] elixir 2 wall=12:11:42.022
[student] TAP slot 3 skeletons cell 248 wall=12:11:42.366
[student] TRAY first +0.58s tapped slot 3 meant skeletons before [rocket,the_log,tesla,skeletons] now [rocket,the_log,tesla,?] slot_now ? elixir 2->2 wall=12:11:42.942
[student] PLAY the_log p=0.48 cell 248 board (0.81, 0.55) units 2 22 ms tap [?,?,?,the_log] hand [rocket,ice_wizard,tesla,the_log] elixir 3 wall=12:11:45.339
[student] TAP slot 3 the_log cell 284 wall=12:11:45.678
[student] TRAY first +0.66s tapped slot 3 meant the_log before [rocket,ice_wizard,tesla,the_log] now [rocket,the_log,tesla,?] slot_now ? elixir 3->2 wall=12:11:46.337
[student] PLAY knight p=0.84 cell 247 board (0.75, 0.55) units 6 19 ms tap [?,?,?,knight] hand [rocket,ice_wizard,tesla,knight] elixir 3 wall=12:11:48.020
[student] TAP slot 3 knight cell 247 wall=12:11:48.362
[student] TRAY first +0.70s tapped slot 3 meant knight before [rocket,ice_wizard,tesla,knight] now [rocket,tesla,tesla,?] slot_now ? elixir 3->3 wall=12:11:49.066
[student] WAIT p=0.16 elixir 4 opp~? units 2 dets 3 (waits 1824/2591 badhand 848/3857) tap [?,?,tesla,ice_wizard] wall=12:11:53.503
[student] PLAY tesla p=0.50 cell 245 board (0.61, 0.56) units 3 19 ms tap [rocket,x_bow,tesla,ice_wizard] hand [rocket,x_bow,tesla,ice_wizard] elixir 5 wall=12:11:55.648
[student] TAP slot 2 tesla cell 245 wall=12:11:55.979
[student] TRAY first +0.64s tapped slot 2 meant tesla before [rocket,x_bow,tesla,ice_wizard] now [rocket,the_log,?,ice_wizard] slot_now ? elixir 5->4 wall=12:11:56.617
[student] PLAY ice_wizard p=0.35 cell 250 board (0.92, 0.55) units 2 11 ms tap [?,?,tornado,ice_wizard] hand [rocket,x_bow,tornado,ice_wizard] elixir 4 wall=12:11:58.216
[student] TAP slot 3 ice_wizard cell 250 wall=12:11:58.566
[student] TRAY first +0.24s tapped slot 3 meant ice_wizard before [rocket,x_bow,tornado,ice_wizard] now [rocket,the_log,ice_wizard,?] slot_now ? elixir 4->3 wall=12:11:58.811
12:11:59 [play] UNKNOWN 0.5s after in-match -> grace hold (label lost: overtime / end animation / dropout; up to 150s)
[student] TRAY settled +0.74s tapped slot 3 meant ice_wizard before [rocket,x_bow,tornado,ice_wizard] now [knight_evo,?,?,?] slot_now ? elixir 4->0 wall=12:11:59.303
12:12:06 [play] state: MATCH_END
12:12:06 [nav] MATCH_END -> Play Again (fixed) (0.335,0.905)
12:12:07 [play] state: UNKNOWN
12:12:12 [play] state: IN_MATCH
[student] WAIT p=0.08 elixir 8 opp~? units 0 dets 0 (waits 1830/2599 badhand 853/3869) tap [tesla,skeletons,knight,ice_wizard] wall=12:12:15.694
[student] PLAY skeletons p=0.38 cell 423 board (0.53, 0.98) units 0 32 ms tap [tesla,skeletons,knight,ice_wizard] hand [tesla,skeletons,knight,ice_wizard] elixir 10 wall=12:12:20.262
[student] TAP slot 1 skeletons cell 423 wall=12:12:20.611
[student] TRAY first +0.27s tapped slot 1 meant skeletons before [tesla,skeletons,knight,ice_wizard] now [tesla,?,knight,ice_wizard] slot_now ? elixir 10->9 wall=12:12:20.877
[student] PLAY knight p=0.31 cell 423 board (0.53, 0.98) units 0 26 ms tap [tesla,?,knight,ice_wizard] hand [tesla,?,knight,ice_wizard] elixir 9 wall=12:12:20.958
[student] TAP slot 2 knight cell 423 wall=12:12:21.299
[student] TRAY first +0.23s tapped slot 2 meant knight before [tesla,?,knight,ice_wizard] now [tesla,?,?,ice_wizard] slot_now ? elixir 9->9 wall=12:12:21.529
[student] PLAY ice_wizard p=0.36 cell 423 board (0.53, 0.98) units 0 8 ms tap [tesla,?,?,ice_wizard] hand [tesla,?,?,ice_wizard] elixir 9 wall=12:12:21.580
[student] TAP slot 3 ice_wizard cell 423 wall=12:12:21.918
[student] TRAY first +0.26s tapped slot 3 meant ice_wizard before [tesla,?,?,ice_wizard] now [tesla,the_log,?,?] slot_now ? elixir 9->3 wall=12:12:22.175
[student] TRAY settled +0.83s tapped slot 3 meant ice_wizard before [tesla,?,?,ice_wizard] now [tesla,the_log,?,?] slot_now ? elixir 9->3 wall=12:12:22.748
[student] WAIT | exact=0 opp=? next=0 t=12s hand=[164, 6, 2, 4] tw=1.01.01.01.01.01.0 sp=1 unk=0 p=0.01 elixir 3 opp~? units 4 dets 5 (waits 1840/2612 badhand 858/3882) tap [?,the_log,?,?] wall=12:12:24.599
[student] WAIT p=0.15 elixir 5 opp~? units 6 dets 6 (waits 1850/2622 badhand 858/3892) tap [tesla,the_log,?,?] wall=12:12:30.291
[student] PLAY tesla p=0.29 cell 279 board (0.5, 0.66) units 6 24 ms tap [tesla,the_log,x_bow,rocket] hand [tesla,the_log,x_bow,rocket] elixir 6 wall=12:12:30.653
[student] TAP slot 0 tesla cell 279 wall=12:12:30.994
[student] TRAY first +0.23s tapped slot 0 meant tesla before [tesla,the_log,x_bow,rocket] now [?,the_log,the_log,rocket] slot_now ? elixir 6->4 wall=12:12:31.229
[student] TRAY settled +0.76s tapped slot 0 meant tesla before [tesla,the_log,x_bow,rocket] now [?,the_log,the_log,rocket] slot_now ? elixir 6->2 wall=12:12:31.755
[student] PLAY the_log p=0.48 cell 238 board (0.25, 0.55) units 6 16 ms tap [?,the_log,?,?] hand [tornado,the_log,ice_wizard,rocket] elixir 2 wall=12:12:32.575
[student] TAP slot 1 the_log cell 254 wall=12:12:32.913
[student] TRAY first +0.24s tapped slot 1 meant the_log before [tornado,the_log,ice_wizard,rocket] now [tornado,?,ice_wizard,rocket] slot_now ? elixir 2->2 wall=12:12:33.153
[student] TRAY settled +0.57s tapped slot 1 meant the_log before [tornado,the_log,ice_wizard,rocket] now [tornado,?,ice_wizard,rocket] slot_now ? elixir 2->1 wall=12:12:33.478
[student] PLAY skeletons p=0.40 cell 237 board (0.19, 0.55) units 5 24 ms tap [?,skeletons,?,?] hand [tornado,skeletons,the_log,rocket] elixir 2 wall=12:12:36.468
[student] TAP slot 1 skeletons cell 237 wall=12:12:36.816
[student] TRAY first +0.26s tapped slot 1 meant skeletons before [tornado,skeletons,the_log,rocket] now [tornado,?,ice_wizard,rocket] slot_now ? elixir 2->1 wall=12:12:37.077
[student] TRAY settled +0.61s tapped slot 1 meant skeletons before [tornado,skeletons,the_log,rocket] now [tornado,?,tesla,rocket] slot_now ? elixir 2->1 wall=12:12:37.428
[student] WAIT p=0.22 elixir 3 opp~? units 4 dets 4 (waits 1855/2630 badhand 860/3905) tap [tornado,knight,?,?] wall=12:12:42.302
[student] PLAY knight p=0.34 cell 248 board (0.81, 0.55) units 5 6 ms tap [tornado,knight,?,?] hand [tornado,knight,ice_wizard,rocket] elixir 3 wall=12:12:44.233
[student] TAP slot 1 knight cell 248 wall=12:12:44.567
[student] TRAY first +0.27s tapped slot 1 meant knight before [tornado,knight,ice_wizard,rocket] now [tornado,?,ice_wizard,rocket] slot_now ? elixir 3->3 wall=12:12:44.839
[student] TRAY settled +1.10s tapped slot 1 meant knight before [tornado,knight,ice_wizard,rocket] now [tornado,?,ice_wizard,rocket] slot_now ? elixir 3->1 wall=12:12:45.665
[student] PLAY tornado p=0.32 cell 158 board (0.81, 0.36) units 3 15 ms tap [tornado,?,?,?] hand [tornado,ice_wizard,ice_wizard,rocket] elixir 3 wall=12:12:50.558
[student] TAP slot 0 tornado cell 158 wall=12:12:50.893
[student] TRAY first +0.23s tapped slot 0 meant tornado before [tornado,ice_wizard,ice_wizard,rocket] now [?,tornado,x_bow,rocket] slot_now ? elixir 3->3 wall=12:12:51.121
[student] TRAY settled +0.54s tapped slot 0 meant tornado before [tornado,ice_wizard,ice_wizard,rocket] now [?,tornado,?,rocket] slot_now ? elixir 3->0 wall=12:12:51.432
[student] WAIT NO-TRAY-MATCH p=0.03 elixir 2 opp~? units 1 dets 1 (waits 1859/2636 badhand 862/3917) tap [?,?,?,?] wall=12:12:56.420
[student] WAIT p=0.20 elixir 4 opp~? units 1 dets 1 (waits 1863/2640 badhand 862/3927) tap [tesla,ice_wizard,?,?] wall=12:13:03.351
[student] PLAY ice_wizard p=0.29 cell 297 board (0.53, 0.7) units 1 26 ms tap [tesla,ice_wizard,?,?] hand [tesla,ice_wizard,x_bow,rocket] elixir 5 wall=12:13:04.098
[student] TAP slot 1 ice_wizard cell 297 wall=12:13:04.433
[student] TRAY first +0.26s tapped slot 1 meant ice_wizard before [tesla,ice_wizard,x_bow,rocket] now [tesla,?,the_log,rocket] slot_now ? elixir 5->3 wall=12:13:04.689
[student] TRAY settled +1.07s tapped slot 1 meant ice_wizard before [tesla,ice_wizard,x_bow,rocket] now [tesla,?,the_log,rocket] slot_now ? elixir 5->2 wall=12:13:05.504
[student] WAIT p=0.05 elixir 4 opp~? units 2 dets 2 (waits 1871/2649 badhand 864/3938) tap [tesla,the_log,?,?] wall=12:13:11.617
[student] PLAY tesla p=0.44 cell 296 board (0.44, 0.69) units 2 28 ms tap [tesla,the_log,?,?] hand [tesla,the_log,x_bow,rocket] elixir 5 wall=12:13:13.779
[student] TAP slot 0 tesla cell 292 wall=12:13:14.117
[student] TRAY first +0.28s tapped slot 0 meant tesla before [tesla,the_log,x_bow,rocket] now [?,the_log,tesla,rocket] slot_now ? elixir 5->4 wall=12:13:14.394
[student] TRAY settled +0.64s tapped slot 0 meant tesla before [tesla,the_log,x_bow,rocket] now [?,the_log,tesla,rocket] slot_now ? elixir 5->1 wall=12:13:14.757
[student] PLAY skeletons p=0.67 cell 343 board (0.08, 0.83) units 6 26 ms tap [skeletons,?,?,?] hand [skeletons,the_log,the_log,rocket] elixir 2 wall=12:13:15.803
[student] TAP slot 0 skeletons cell 343 wall=12:13:16.132
[student] TRAY first +0.27s tapped slot 0 meant skeletons before [skeletons,the_log,the_log,rocket] now [?,the_log,ice_wizard,rocket] slot_now ? elixir 2->1 wall=12:13:16.404
[student] TRAY settled +0.85s tapped slot 0 meant skeletons before [skeletons,the_log,the_log,rocket] now [?,the_log,tesla,rocket] slot_now ? elixir 2->1 wall=12:13:16.987
[student] PLAY the_log p=0.67 cell 327 board (0.19, 0.77) units 4 22 ms tap [?,the_log,?,?] hand [knight_evo,the_log,ice_wizard,rocket] elixir 2 wall=12:13:20.684
[student] TAP slot 1 the_log cell 362 wall=12:13:21.016
[student] TRAY first +0.26s tapped slot 1 meant the_log before [knight_evo,the_log,ice_wizard,rocket] now [knight_evo,?,ice_wizard,rocket] slot_now ? elixir 2->2 wall=12:13:21.280
[student] TRAY settled +1.07s tapped slot 1 meant the_log before [knight_evo,the_log,ice_wizard,rocket] now [knight_evo,?,ice_wizard,rocket] slot_now ? elixir 2->1 wall=12:13:22.083
[student] WAIT | exact=0 opp=? next=2 t=74s hand=[149, 0, 2, 4] tw=1.01.01.01.01.01.0 sp=0 unk=0 p=0.02 elixir 3 opp~? units 0 dets 0 (waits 1875/2656 badhand 865/3951) tap [knight_evo,tornado,?,?] wall=12:13:26.622
[student] WAIT | exact=0 opp=? next=2 t=82s hand=[149, 0, 3, 4] tw=1.01.01.01.01.01.0 sp=0 unk=0 p=0.04 elixir 5 opp~? units 0 dets 0 (waits 1885/2666 badhand 865/3961) tap [knight_evo,tornado,?,?] wall=12:13:34.101
[student] PLAY x_bow p=0.49 cell 267 board (0.86, 0.61) units 0 18 ms tap [knight_evo,tornado,x_bow,rocket] hand [knight_evo,tornado,x_bow,rocket] elixir 8 wall=12:13:41.055
[student] TAP slot 2 x_bow cell 267 wall=12:13:41.395
[student] TRAY first +0.26s tapped slot 2 meant x_bow before [knight_evo,tornado,x_bow,rocket] now [knight_evo,tornado,?,rocket] slot_now ? elixir 8->6 wall=12:13:41.658
[student] TRAY settled +0.57s tapped slot 2 meant x_bow before [knight_evo,tornado,x_bow,rocket] now [knight_evo,tornado,?,rocket] slot_now ? elixir 8->2 wall=12:13:41.969
[student] PLAY knight_evo p=0.41 cell 247 board (0.75, 0.55) units 2 14 ms tap [knight_evo,tornado,ice_wizard,?] hand [knight_evo,tornado,ice_wizard,rocket] elixir 3 wall=12:13:43.601
[student] TAP slot 0 knight_evo cell 247 wall=12:13:43.934
[student] TRAY first +0.29s tapped slot 0 meant knight_evo before [knight_evo,tornado,ice_wizard,rocket] now [?,tornado,tornado,rocket] slot_now ? elixir 3->3 wall=12:13:44.223
[student] WAIT NO-TRAY-MATCH p=0.00 elixir 3 opp~? units 3 dets 3 (waits 1893/2676 badhand 867/3973) tap [?,?,?,?] wall=12:13:44.291
[student] TRAY settled +0.60s tapped slot 0 meant knight_evo before [knight_evo,tornado,ice_wizard,rocket] now [?,tornado,tornado,rocket] slot_now ? elixir 3->0 wall=12:13:44.536
[student] PLAY ice_wizard p=0.38 cell 250 board (0.92, 0.55) units 3 23 ms tap [?,tornado,ice_wizard,?] hand [tesla_evo,tornado,ice_wizard,rocket] elixir 3 wall=12:13:52.188
[student] TAP slot 2 ice_wizard cell 250 wall=12:13:52.515
[student] TRAY first +1.01s tapped slot 2 meant ice_wizard before [tesla_evo,tornado,ice_wizard,rocket] now [?,tornado,?,rocket] slot_now ? elixir 3->3 wall=12:13:53.526
[student] PLAY skeletons p=0.28 cell 248 board (0.81, 0.55) units 4 25 ms tap [?,?,skeletons,?] hand [tesla,tornado,skeletons,rocket] elixir 1 wall=12:13:56.689
[student] TAP slot 2 skeletons cell 248 wall=12:13:57.027
[student] TRAY first +0.92s tapped slot 2 meant skeletons before [tesla,tornado,skeletons,rocket] now [tesla,tornado,?,rocket] slot_now ? elixir 1->1 wall=12:13:57.946
[student] PLAY the_log p=0.50 cell 266 board (0.81, 0.61) units 2 24 ms tap [?,?,the_log,?] hand [tesla,tornado,the_log,rocket] elixir 2 wall=12:14:02.887
[student] TAP slot 2 the_log cell 267 wall=12:14:03.216
[student] TRAY first +0.69s tapped slot 2 meant the_log before [tesla,tornado,the_log,rocket] now [tesla,tornado,?,rocket] slot_now ? elixir 2->2 wall=12:14:03.910
[clock] icon reads x2 but the clock reads x1 -> using the clock (x1)
[clock] icon reads x3 but the clock reads x1 -> using the clock (x1)
[student] WAIT p=0.07 elixir 5 opp~? units 0 dets 0 (waits 1900/2686 badhand 868/3986) tap [tesla_evo,tornado,?,?] wall=12:14:12.033
[clock] icon reads x3 but the clock reads x2 -> using the clock (x2)
12:14:13 [play] elixir x2
[student] PLAY x_bow p=0.29 cell 267 board (0.86, 0.61) units 0 17 ms tap [tesla_evo,tornado,x_bow,rocket] hand [tesla_evo,tornado,x_bow,rocket] elixir 6 wall=12:14:13.765
[student] TAP slot 2 x_bow cell 267 wall=12:14:14.109
[student] TRAY first +0.51s tapped slot 2 meant x_bow before [tesla_evo,tornado,x_bow,rocket] now [tesla,tornado,?,rocket] slot_now ? elixir 6->6 wall=12:14:14.620
[student] PLAY knight p=0.49 cell 247 board (0.75, 0.55) units 1 30 ms tap [?,tornado,knight,?] hand [tesla_evo,tornado,knight,rocket] elixir 3 wall=12:14:18.057
[student] TAP slot 2 knight cell 247 wall=12:14:18.393
[student] TRAY first +0.53s tapped slot 2 meant knight before [tesla_evo,tornado,knight,rocket] now [tesla_evo,tornado,?,rocket] slot_now ? elixir 3->4 wall=12:14:18.928
[student] PLAY tesla_evo p=0.34 cell 247 board (0.72, 0.56) units 2 14 ms tap [tesla_evo,tornado,?,?] hand [tesla_evo,tornado,?,rocket] elixir 4 wall=12:14:18.987
[student] TAP slot 0 tesla_evo cell 247 wall=12:14:19.332
[student] TRAY first +0.51s tapped slot 0 meant tesla_evo before [tesla_evo,tornado,?,rocket] now [tesla,tornado,?,rocket] slot_now tesla elixir 4->1 wall=12:14:19.847
[student] PLAY ice_wizard p=0.56 cell 250 board (0.92, 0.55) units 4 14 ms tap [?,tornado,ice_wizard,?] hand [tesla_evo,tornado,ice_wizard,rocket] elixir 3 wall=12:14:21.711
[student] TAP slot 2 ice_wizard cell 250 wall=12:14:22.042
[student] TRAY first +0.61s tapped slot 2 meant ice_wizard before [tesla_evo,tornado,ice_wizard,rocket] now [tesla,tornado,?,rocket] slot_now ? elixir 3->3 wall=12:14:22.651
[student] PLAY skeletons p=0.36 cell 248 board (0.81, 0.55) units 4 23 ms tap [?,?,skeletons,?] hand [tesla,tornado,skeletons,rocket] elixir 2 wall=12:14:24.751
[student] TAP slot 2 skeletons cell 248 wall=12:14:25.081
[student] TRAY first +0.57s tapped slot 2 meant skeletons before [tesla,tornado,skeletons,rocket] now [tesla,tornado,?,rocket] slot_now ? elixir 2->1 wall=12:14:25.649
[student] PLAY the_log p=0.43 cell 248 board (0.81, 0.55) units 5 15 ms tap [?,tornado,the_log,?] hand [tesla_evo,tornado,the_log,rocket] elixir 3 wall=12:14:27.464
[student] TAP slot 2 the_log cell 248 wall=12:14:27.810
[student] TRAY first +0.65s tapped slot 2 meant the_log before [tesla_evo,tornado,the_log,rocket] now [tesla,tornado,?,rocket] slot_now ? elixir 3->2 wall=12:14:28.464
[student] PLAY tornado p=0.50 cell 158 board (0.81, 0.36) units 4 15 ms tap [?,tornado,?,?] hand [tesla_evo,tornado,ice_wizard,rocket] elixir 3 wall=12:14:30.876
[student] TAP slot 1 tornado cell 158 wall=12:14:31.210
[student] TRAY first +0.56s tapped slot 1 meant tornado before [tesla_evo,tornado,ice_wizard,rocket] now [tesla,?,ice_wizard,rocket] slot_now ? elixir 3->3 wall=12:14:31.774
[student] PLAY knight p=0.65 cell 237 board (0.19, 0.55) units 4 26 ms tap [?,knight,?,?] hand [tesla_evo,knight,ice_wizard,rocket] elixir 3 wall=12:14:34.280
[student] TAP slot 1 knight cell 237 wall=12:14:34.614
[student] TRAY first +0.24s tapped slot 1 meant knight before [tesla_evo,knight,ice_wizard,rocket] now [tesla,?,rocket,rocket] slot_now ? elixir 3->3 wall=12:14:34.856
[student] TRAY settled +0.98s tapped slot 1 meant knight before [tesla_evo,knight,ice_wizard,rocket] now [tesla,?,ice_wizard,rocket] slot_now ? elixir 3->1 wall=12:14:35.599
[student] WAIT NO-TRAY-MATCH p=0.93 elixir 3 opp~? units 3 dets 4 (waits 1903/2697 badhand 872/4004) tap [tesla_evo,?,?,?] wall=12:14:39.508
[student] PLAY tesla_evo p=0.90 cell 241 board (0.39, 0.56) units 3 25 ms tap [tesla_evo,ice_wizard,?,?] hand [tesla_evo,ice_wizard,x_bow,rocket] elixir 4 wall=12:14:40.286
[student] TAP slot 0 tesla_evo cell 292 wall=12:14:40.631
[student] TRAY first +0.25s tapped slot 0 meant tesla_evo before [tesla_evo,ice_wizard,x_bow,rocket] now [?,ice_wizard,ice_wizard,rocket] slot_now ? elixir 4->4 wall=12:14:40.878
[student] TRAY settled +0.58s tapped slot 0 meant tesla_evo before [tesla_evo,ice_wizard,x_bow,rocket] now [?,ice_wizard,ice_wizard,rocket] slot_now ? elixir 4->1 wall=12:14:41.212
[student] PLAY skeletons p=0.81 cell 241 board (0.42, 0.55) units 7 26 ms tap [skeletons,?,?,?] hand [skeletons,ice_wizard,tesla,rocket] elixir 1 wall=12:14:42.266
[student] TAP slot 0 skeletons cell 241 wall=12:14:42.599
[student] TRAY first +0.24s tapped slot 0 meant skeletons before [skeletons,ice_wizard,tesla,rocket] now [?,ice_wizard,ice_wizard,rocket] slot_now ? elixir 1->1 wall=12:14:42.834
[student] TRAY settled +0.57s tapped slot 0 meant skeletons before [skeletons,ice_wizard,tesla,rocket] now [?,ice_wizard,tesla,rocket] slot_now ? elixir 1->1 wall=12:14:43.172
[student] PLAY the_log p=0.84 cell 345 board (0.19, 0.83) units 5 31 ms tap [the_log,?,?,?] hand [the_log,ice_wizard,ice_wizard,rocket] elixir 2 wall=12:14:44.915
[student] TAP slot 0 the_log cell 398 wall=12:14:45.248
[student] TRAY first +0.26s tapped slot 0 meant the_log before [the_log,ice_wizard,ice_wizard,rocket] now [?,ice_wizard,ice_wizard,rocket] slot_now ? elixir 2->2 wall=12:14:45.508
[student] TRAY settled +0.80s tapped slot 0 meant the_log before [the_log,ice_wizard,ice_wizard,rocket] now [?,ice_wizard,tesla,rocket] slot_now ? elixir 2->1 wall=12:14:46.047
[student] PLAY tornado p=0.35 cell 157 board (0.75, 0.36) units 4 18 ms tap [tornado,?,?,?] hand [tornado,ice_wizard,ice_wizard,rocket] elixir 3 wall=12:14:47.983
[student] TAP slot 0 tornado cell 157 wall=12:14:48.315
[student] TRAY first +0.26s tapped slot 0 meant tornado before [tornado,ice_wizard,ice_wizard,rocket] now [?,ice_wizard,?,rocket] slot_now ? elixir 3->3 wall=12:14:48.578
[student] TRAY settled +0.87s tapped slot 0 meant tornado before [tornado,ice_wizard,ice_wizard,rocket] now [?,tornado,?,rocket] slot_now ? elixir 3->0 wall=12:14:49.184
[student] PLAY knight_evo p=0.54 cell 248 board (0.81, 0.55) units 4 17 ms tap [knight_evo,?,?,?] hand [knight_evo,ice_wizard,ice_wizard,rocket] elixir 3 wall=12:14:52.232
[student] TAP slot 0 knight_evo cell 248 wall=12:14:52.564
[student] TRAY first +0.44s tapped slot 0 meant knight_evo before [knight_evo,ice_wizard,ice_wizard,rocket] now [?,ice_wizard,rocket,rocket] slot_now ? elixir 3->3 wall=12:14:53.005
[student] TRAY settled +1.14s tapped slot 0 meant knight_evo before [knight_evo,ice_wizard,ice_wizard,rocket] now [?,ice_wizard,ice_wizard,rocket] slot_now ? elixir 3->1 wall=12:14:53.702
[student] WAIT NO-TRAY-MATCH p=0.83 elixir 3 opp~? units 4 dets 5 (waits 1903/2702 badhand 876/4019) tap [?,?,?,?] wall=12:14:57.517
[student] PLAY tesla p=0.85 cell 298 board (0.56, 0.69) units 4 24 ms tap [tesla,?,?,?] hand [tesla,ice_wizard,ice_wizard,rocket] elixir 4 wall=12:14:57.792
[student] TAP slot 0 tesla cell 299 wall=12:14:58.125
[student] TRAY first +0.22s tapped slot 0 meant tesla before [tesla,ice_wizard,ice_wizard,rocket] now [?,ice_wizard,?,rocket] slot_now ? elixir 4->4 wall=12:14:58.340
[student] TRAY settled +0.59s tapped slot 0 meant tesla before [tesla,ice_wizard,ice_wizard,rocket] now [?,ice_wizard,?,rocket] slot_now ? elixir 4->0 wall=12:14:58.716
[student] PLAY skeletons p=0.55 cell 319 board (0.75, 0.73) units 4 23 ms tap [skeletons,?,?,?] hand [skeletons,ice_wizard,tesla,rocket] elixir 1 wall=12:14:59.927
[student] TAP slot 0 skeletons cell 265 wall=12:15:00.264
[student] TRAY first +0.22s tapped slot 0 meant skeletons before [skeletons,ice_wizard,tesla,rocket] now [?,ice_wizard,ice_wizard,rocket] slot_now ? elixir 1->1 wall=12:15:00.486
[student] TRAY settled +0.93s tapped slot 0 meant skeletons before [skeletons,ice_wizard,tesla,rocket] now [?,ice_wizard,ice_wizard,rocket] slot_now ? elixir 1->1 wall=12:15:01.194
[student] PLAY the_log p=0.33 cell 374 board (0.81, 0.86) units 3 10 ms tap [the_log,?,?,?] hand [the_log,ice_wizard,ice_wizard,rocket] elixir 3 wall=12:15:04.164
[student] TAP slot 0 the_log cell 374 wall=12:15:04.497
[student] TRAY first +0.25s tapped slot 0 meant the_log before [the_log,ice_wizard,ice_wizard,rocket] now [?,ice_wizard,tesla_evo,rocket] slot_now ? elixir 3->2 wall=12:15:04.747
[student] TRAY settled +0.64s tapped slot 0 meant the_log before [the_log,ice_wizard,ice_wizard,rocket] now [?,ice_wizard,the_log,rocket] slot_now ? elixir 3->2 wall=12:15:05.135
[student] WAIT p=0.18 elixir 4 opp~? units 2 dets 4 (waits 1910/2712 badhand 878/4032) tap [tornado,ice_wizard,?,?] wall=12:15:08.496
[student] PLAY ice_wizard p=0.37 cell 250 board (0.92, 0.55) units 4 16 ms tap [tornado,ice_wizard,?,?] hand [tornado,ice_wizard,x_bow,rocket] elixir 5 wall=12:15:09.132
[student] TAP slot 1 ice_wizard cell 250 wall=12:15:09.464
[student] TRAY first +0.33s tapped slot 1 meant ice_wizard before [tornado,ice_wizard,x_bow,rocket] now [tornado,?,the_log,rocket] slot_now ? elixir 5->3 wall=12:15:09.796
[student] TRAY settled +0.70s tapped slot 1 meant ice_wizard before [tornado,ice_wizard,x_bow,rocket] now [tornado,?,ice_wizard,rocket] slot_now ? elixir 5->2 wall=12:15:10.169
[student] PLAY knight p=0.32 cell 247 board (0.75, 0.55) units 4 20 ms tap [tornado,knight,?,?] hand [tornado,knight,ice_wizard,rocket] elixir 3 wall=12:15:11.389
[student] TAP slot 1 knight cell 247 wall=12:15:11.726
[student] TRAY first +0.34s tapped slot 1 meant knight before [tornado,knight,ice_wizard,rocket] now [tornado,?,ice_wizard,rocket] slot_now ? elixir 3->3 wall=12:15:12.067
[student] TRAY settled +0.77s tapped slot 1 meant knight before [tornado,knight,ice_wizard,rocket] now [tornado,?,tesla,rocket] slot_now ? elixir 3->1 wall=12:15:12.499
[student] PLAY tornado p=0.36 cell 157 board (0.75, 0.36) units 5 7 ms tap [tornado,?,?,?] hand [tornado,tesla,ice_wizard,rocket] elixir 3 wall=12:15:15.095
[student] TAP slot 0 tornado cell 157 wall=12:15:15.431
[student] TRAY first +0.36s tapped slot 0 meant tornado before [tornado,tesla,ice_wizard,rocket] now [?,tesla,rocket,rocket] slot_now ? elixir 3->3 wall=12:15:15.787
[student] TRAY settled +0.77s tapped slot 0 meant tornado before [tornado,tesla,ice_wizard,rocket] now [?,?,ice_wizard,rocket] slot_now ? elixir 3->1 wall=12:15:16.201
[student] PLAY skeletons p=0.55 cell 248 board (0.81, 0.55) units 3 26 ms tap [skeletons,?,?,?] hand [skeletons,tesla,the_log,rocket] elixir 2 wall=12:15:17.734
[student] TAP slot 0 skeletons cell 248 wall=12:15:18.064
[student] TRAY first +0.33s tapped slot 0 meant skeletons before [skeletons,tesla,the_log,rocket] now [?,tesla,tesla,rocket] slot_now ? elixir 2->1 wall=12:15:18.391
[student] TRAY settled +0.77s tapped slot 0 meant skeletons before [skeletons,tesla,the_log,rocket] now [?,tesla,tesla_evo,rocket] slot_now ? elixir 2->2 wall=12:15:18.839
[student] PLAY the_log p=0.77 cell 337 board (0.75, 0.77) units 4 17 ms tap [the_log,?,?,?] hand [the_log,tesla,ice_wizard,rocket] elixir 2 wall=12:15:20.060
[student] TAP slot 0 the_log cell 318 wall=12:15:20.392
[student] TRAY first +0.38s tapped slot 0 meant the_log before [the_log,tesla,ice_wizard,rocket] now [?,tesla,ice_wizard,rocket] slot_now ? elixir 2->2 wall=12:15:20.768
[student] TRAY settled +0.82s tapped slot 0 meant the_log before [the_log,tesla,ice_wizard,rocket] now [?,tesla,tesla,rocket] slot_now ? elixir 2->1 wall=12:15:21.214
[student] PLAY tesla p=0.78 cell 296 board (0.44, 0.69) units 4 26 ms tap [?,tesla,?,?] hand [ice_wizard,tesla,ice_wizard,rocket] elixir 4 wall=12:15:24.511
[student] TAP slot 1 tesla cell 296 wall=12:15:24.847
[student] TRAY first +0.36s tapped slot 1 meant tesla before [ice_wizard,tesla,ice_wizard,rocket] now [ice_wizard,?,?,rocket] slot_now ? elixir 4->4 wall=12:15:25.202
[student] WAIT NO-TRAY-MATCH p=0.85 elixir 4 opp~? units 4 dets 4 (waits 1911/2719 badhand 883/4048) tap [?,?,?,?] wall=12:15:25.304
[student] TRAY settled +0.76s tapped slot 1 meant tesla before [ice_wizard,tesla,ice_wizard,rocket] now [tornado,?,?,rocket] slot_now ? elixir 4->0 wall=12:15:25.608
[student] PLAY ice_wizard p=0.33 cell 250 board (0.92, 0.55) units 4 27 ms tap [ice_wizard,knight,?,?] hand [ice_wizard,knight,x_bow,rocket] elixir 4 wall=12:15:31.048
[student] TAP slot 0 ice_wizard cell 250 wall=12:15:31.392
[student] TRAY first +0.30s tapped slot 0 meant ice_wizard before [ice_wizard,knight,x_bow,rocket] now [?,knight,the_log,rocket] slot_now ? elixir 4->3 wall=12:15:31.690
[student] TRAY settled +0.66s tapped slot 0 meant ice_wizard before [ice_wizard,knight,x_bow,rocket] now [?,knight,the_log,rocket] slot_now ? elixir 4->2 wall=12:15:32.055
[student] PLAY knight p=0.47 cell 248 board (0.81, 0.55) units 4 23 ms tap [tornado,knight,?,?] hand [tornado,knight,ice_wizard,rocket] elixir 3 wall=12:15:33.275
[student] TAP slot 1 knight cell 248 wall=12:15:33.613
[student] TRAY first +0.30s tapped slot 1 meant knight before [tornado,knight,ice_wizard,rocket] now [tornado,?,rocket,rocket] slot_now ? elixir 3->3 wall=12:15:33.911
[student] TRAY settled +0.80s tapped slot 1 meant knight before [tornado,knight,ice_wizard,rocket] now [tornado,?,ice_wizard,rocket] slot_now ? elixir 3->1 wall=12:15:34.415
[student] PLAY skeletons p=0.58 cell 244 board (0.58, 0.55) units 3 15 ms tap [?,skeletons,?,?] hand [tornado,skeletons,tesla,rocket] elixir 1 wall=12:15:35.169
[student] TAP slot 1 skeletons cell 244 wall=12:15:35.497
[student] TRAY first +0.31s tapped slot 1 meant skeletons before [tornado,skeletons,tesla,rocket] now [tornado,?,ice_wizard,rocket] slot_now ? elixir 1->1 wall=12:15:35.803
[student] TRAY settled +0.74s tapped slot 1 meant skeletons before [tornado,skeletons,tesla,rocket] now [tornado,?,ice_wizard,rocket] slot_now ? elixir 1->1 wall=12:15:36.237
[student] PLAY the_log p=0.62 cell 392 board (0.81, 0.89) units 7 17 ms tap [?,the_log,?,?] hand [tornado,the_log,ice_wizard,rocket] elixir 2 wall=12:15:38.180
[student] TAP slot 1 the_log cell 412 wall=12:15:38.513
[student] TRAY first +0.31s tapped slot 1 meant the_log before [tornado,the_log,ice_wizard,rocket] now [tornado,?,ice_wizard,rocket] slot_now ? elixir 2->2 wall=12:15:38.828
[student] TRAY settled +0.69s tapped slot 1 meant the_log before [tornado,the_log,ice_wizard,rocket] now [tornado,?,tesla,rocket] slot_now ? elixir 2->1 wall=12:15:39.205
[student] WAIT NO-TRAY-MATCH p=0.63 elixir 2 opp~? units 6 dets 7 (waits 1914/2726 badhand 887/4062) tap [?,?,?,?] wall=12:15:40.247
[student] PLAY tornado p=0.40 cell 158 board (0.81, 0.36) units 5 25 ms tap [tornado,?,?,?] hand [tornado,?,ice_wizard,rocket] elixir 3 wall=12:15:42.023
[assist] TORNADO nearest cell 158->340 target skeletons at (0.89,0.60) enemy tracks 4 wall=12:15:42.023
[student] TAP slot 0 tornado cell 340 wall=12:15:42.376
[student] TRAY first +0.30s tapped slot 0 meant tornado before [tornado,?,ice_wizard,rocket] now [?,tesla,ice_wizard,rocket] slot_now ? elixir 3->3 wall=12:15:42.679
[student] TRAY settled +1.05s tapped slot 0 meant tornado before [tornado,?,ice_wizard,rocket] now [?,?,tesla,rocket] slot_now ? elixir 3->1 wall=12:15:43.424
[student] WAIT p=0.21 elixir 5 opp~? units 1 dets 2 (waits 1917/2730 badhand 888/4073) tap [ice_wizard,?,?,?] wall=12:15:48.666
[student] PLAY ice_wizard p=0.88 cell 263 board (0.64, 0.61) units 3 26 ms tap [ice_wizard,?,?,?] hand [ice_wizard,?,x_bow,rocket] elixir 5 wall=12:15:49.426
[student] TAP slot 0 ice_wizard cell 263 wall=12:15:49.772
[student] TRAY first +0.39s tapped slot 0 meant ice_wizard before [ice_wizard,?,x_bow,rocket] now [?,?,ice_wizard,rocket] slot_now ? elixir 5->3 wall=12:15:50.160
[student] TRAY settled +0.83s tapped slot 0 meant ice_wizard before [ice_wizard,?,x_bow,rocket] now [?,tesla_evo,ice_wizard,rocket] slot_now ? elixir 5->3 wall=12:15:50.601
[student] PLAY knight_evo p=0.71 cell 280 board (0.58, 0.64) units 3 17 ms tap [knight_evo,?,?,?] hand [knight_evo,?,x_bow,rocket] elixir 4 wall=12:15:51.414
[student] TAP slot 0 knight_evo cell 280 wall=12:15:51.748
[student] TRAY first +0.34s tapped slot 0 meant knight_evo before [knight_evo,?,x_bow,rocket] now [?,?,tesla,rocket] slot_now ? elixir 4->3 wall=12:15:52.092
[student] TRAY settled +0.76s tapped slot 0 meant knight_evo before [knight_evo,?,x_bow,rocket] now [?,?,the_log,rocket] slot_now ? elixir 4->2 wall=12:15:52.506
[student] PLAY skeletons p=0.80 cell 280 board (0.58, 0.64) units 4 28 ms tap [skeletons,?,?,?] hand [skeletons,tesla,ice_wizard,rocket] elixir 2 wall=12:15:54.176
[student] TAP slot 0 skeletons cell 280 wall=12:15:54.514
[student] TRAY first +0.51s tapped slot 0 meant skeletons before [skeletons,tesla,ice_wizard,rocket] now [?,tesla,ice_wizard,rocket] slot_now ? elixir 2->1 wall=12:15:55.028
12:16:03 [play] state: MATCH_END
12:16:03 [nav] MATCH_END -> Play Again (located) (0.348,0.914)
12:16:04 [play] state: UNKNOWN
12:16:10 [play] state: IN_MATCH
[student] PLAY rocket p=0.36 cell 113 board (0.31, 0.27) units 1 18 ms tap [knight,rocket,?,?] hand [knight,rocket,?,?] elixir 7 wall=12:16:11.867
[student] TAP slot 1 rocket cell 113 wall=12:16:12.197
[student] TRAY first +0.26s tapped slot 1 meant rocket before [knight,rocket,?,?] now [knight,?,tornado,tesla] slot_now ? elixir 7->6 wall=12:16:12.456
[student] TRAY settled +1.05s tapped slot 1 meant rocket before [knight,rocket,?,?] now [knight,?,tornado,tesla] slot_now ? elixir 7->2 wall=12:16:13.243
[student] WAIT | exact=0 opp=? next=7 t=5s hand=[149, 6, 0, 164] tw=1.01.01.01.01.01.0 sp=1 unk=0 p=0.00 elixir 3 opp~? units 0 dets 1 (waits 1921/2738 badhand 895/4087) tap [knight,the_log,tornado,?] wall=12:16:16.288
[student] WAIT | exact=0 opp=? next=7 t=11s hand=[149, 6, 0, 164] tw=1.01.01.01.01.01.0 sp=0 unk=0 p=0.00 elixir 5 opp~? units 1 dets 1 (waits 1931/2748 badhand 895/4097) tap [knight,the_log,tornado,tesla] wall=12:16:21.583
[student] WAIT | exact=0 opp=? next=7 t=18s hand=[149, 6, 0, 164] tw=1.01.01.01.01.01.0 sp=0 unk=0 p=0.01 elixir 7 opp~? units 1 dets 1 (waits 1941/2758 badhand 895/4107) tap [knight,the_log,tornado,tesla] wall=12:16:28.791
[student] STALL-PLAY the_log p=0.02 cell 237 board (0.19, 0.55) units 0 16 ms tap [knight,the_log,tornado,tesla] hand [knight,the_log,tornado,tesla] elixir 9 wall=12:16:32.628
[student] TAP slot 1 the_log cell 237 wall=12:16:32.975
[student] TRAY first +0.23s tapped slot 1 meant the_log before [knight,the_log,tornado,tesla] now [knight,?,tornado,tesla] slot_now ? elixir 9->6 wall=12:16:33.209
[student] TRAY settled +0.56s tapped slot 1 meant the_log before [knight,the_log,tornado,tesla] now [knight,?,tornado,tesla] slot_now ? elixir 9->7 wall=12:16:33.532
[student] WAIT | exact=0 opp=? next=2 t=26s hand=[149, 7, 0, 164] tw=1.01.01.01.01.01.0 sp=1 unk=0 p=0.04 elixir 8 opp~? units 0 dets 1 (waits 1951/2769 badhand 898/4118) tap [knight,skeletons,tornado,tesla] wall=12:16:36.564
[student] PLAY tesla p=0.33 cell 279 board (0.5, 0.66) units 2 8 ms tap [knight,skeletons,tornado,tesla] hand [knight,skeletons,tornado,tesla] elixir 10 wall=12:16:41.065
[student] TAP slot 3 tesla cell 279 wall=12:16:41.409
[student] TRAY first +0.25s tapped slot 3 meant tesla before [knight,skeletons,tornado,tesla] now [knight,skeletons,tornado,?] slot_now ? elixir 10->6 wall=12:16:41.654
[student] TRAY settled +0.56s tapped slot 3 meant tesla before [knight,skeletons,tornado,tesla] now [knight,skeletons,tornado,?] slot_now ? elixir 10->6 wall=12:16:41.964
[student] WAIT p=0.20 elixir 6 opp~? units 2 dets 2 (waits 1961/2780 badhand 901/4129) tap [knight,skeletons,tornado,?] wall=12:16:42.314
[student] WAIT p=0.20 elixir 7 opp~? units 7 dets 7 (waits 1971/2790 badhand 901/4139) tap [knight,skeletons,tornado,ice_wizard] wall=12:16:48.441
[student] PLAY knight p=0.30 cell 243 board (0.53, 0.55) units 6 15 ms tap [knight,skeletons,tornado,ice_wizard] hand [knight,skeletons,tornado,ice_wizard] elixir 8 wall=12:16:48.729
[student] TAP slot 0 knight cell 243 wall=12:16:49.062
[student] TRAY first +0.27s tapped slot 0 meant knight before [knight,skeletons,tornado,ice_wizard] now [?,skeletons,tornado,ice_wizard] slot_now ? elixir 8->5 wall=12:16:49.335
[student] TRAY settled +0.88s tapped slot 0 meant knight before [knight,skeletons,tornado,ice_wizard] now [?,skeletons,tornado,ice_wizard] slot_now ? elixir 8->5 wall=12:16:49.939
[student] WAIT p=0.15 elixir 7 opp~? units 6 dets 6 (waits 1981/2801 badhand 903/4150) tap [x_bow,skeletons,tornado,ice_wizard] wall=12:16:54.501
[student] PLAY ice_wizard p=0.44 cell 234 board (0.03, 0.58) units 6 19 ms tap [x_bow,skeletons,tornado,ice_wizard] hand [x_bow,skeletons,tornado,ice_wizard] elixir 8 wall=12:16:57.462
[student] TAP slot 3 ice_wizard cell 235 wall=12:16:57.791
[student] TRAY first +0.24s tapped slot 3 meant ice_wizard before [x_bow,skeletons,tornado,ice_wizard] now [x_bow,skeletons,tornado,?] slot_now ? elixir 8->5 wall=12:16:58.034
[student] PLAY skeletons p=0.66 cell 241 board (0.42, 0.55) units 6 26 ms tap [?,skeletons,tornado,?] hand [x_bow,skeletons,tornado,?] elixir 5 wall=12:16:58.121
[student] TAP slot 1 skeletons cell 241 wall=12:16:58.457
[student] TRAY first +0.23s tapped slot 1 meant skeletons before [x_bow,skeletons,tornado,?] now [x_bow,?,tornado,?] slot_now ? elixir 5->4 wall=12:16:58.692
[student] PLAY tornado p=0.35 cell 202 board (0.25, 0.48) units 5 15 ms tap [?,?,tornado,?] hand [x_bow,?,tornado,?] elixir 4 wall=12:16:58.762
[student] TAP slot 2 tornado cell 202 wall=12:16:59.096
[student] TRAY first +0.26s tapped slot 2 meant tornado before [x_bow,?,tornado,?] now [tesla,?,?,rocket] slot_now ? elixir 4->3 wall=12:16:59.351
[student] TRAY settled +0.59s tapped slot 2 meant tornado before [x_bow,?,tornado,?] now [the_log,?,?,rocket] slot_now ? elixir 4->1 wall=12:16:59.686
[student] WAIT p=0.07 elixir 2 opp~? units 3 dets 3 (waits 1988/2811 badhand 907/4163) tap [?,the_log,?,?] wall=12:17:02.146
[student] PLAY the_log p=0.74 cell 237 board (0.19, 0.55) units 5 22 ms tap [?,the_log,?,?] hand [ice_wizard,the_log,tesla,rocket] elixir 3 wall=12:17:02.765
[student] TAP slot 1 the_log cell 239 wall=12:17:03.107
[student] TRAY first +0.31s tapped slot 1 meant the_log before [ice_wizard,the_log,tesla,rocket] now [ice_wizard,?,tesla,rocket] slot_now ? elixir 3->2 wall=12:17:03.413
[student] TRAY settled +0.63s tapped slot 1 meant the_log before [ice_wizard,the_log,tesla,rocket] now [ice_wizard,?,tesla,rocket] slot_now ? elixir 3->1 wall=12:17:03.736
[student] PLAY knight p=0.96 cell 235 board (0.08, 0.55) units 2 23 ms tap [?,knight,?,?] hand [ice_wizard,knight,tesla,rocket] elixir 3 wall=12:17:08.394
[student] TAP slot 1 knight cell 235 wall=12:17:08.729
[student] TRAY first +0.27s tapped slot 1 meant knight before [ice_wizard,knight,tesla,rocket] now [x_bow,?,tesla,rocket] slot_now ? elixir 3->3 wall=12:17:08.996
[student] TRAY settled +1.08s tapped slot 1 meant knight before [ice_wizard,knight,tesla,rocket] now [tornado,?,tesla,rocket] slot_now ? elixir 3->0 wall=12:17:09.808
[student] WAIT NO-TRAY-MATCH p=0.21 elixir 3 opp~? units 2 dets 2 (waits 1988/2813 badhand 907/4175) tap [?,?,?,?] wall=12:17:18.648
[student] WAIT p=0.14 elixir 5 opp~? units 1 dets 1 (waits 1998/2823 badhand 907/4185) tap [?,ice_wizard,tesla,?] wall=12:17:24.890
[student] PLAY rocket p=0.47 cell 113 board (0.31, 0.27) units 4 17 ms tap [x_bow,ice_wizard,tesla,rocket] hand [x_bow,ice_wizard,tesla,rocket] elixir 7 wall=12:17:27.896
[student] TAP slot 3 rocket cell 131 wall=12:17:28.229
[student] TRAY first +0.25s tapped slot 3 meant rocket before [x_bow,ice_wizard,tesla,rocket] now [ice_wizard,ice_wizard,tesla,?] slot_now ? elixir 7->6 wall=12:17:28.482
[student] TRAY settled +0.63s tapped slot 3 meant rocket before [x_bow,ice_wizard,tesla,rocket] now [ice_wizard,ice_wizard,tesla,?] slot_now ? elixir 7->1 wall=12:17:28.857
[student] WAIT | exact=0 opp=? next=0 t=81s hand=[6, 2, 164, 7] tw=1.01.01.01.01.01.0 sp=1 unk=0 p=0.02 elixir 2 opp~? units 2 dets 3 (waits 2007/2833 badhand 908/4196) tap [?,?,?,skeletons] wall=12:17:32.001
[student] PLAY skeletons p=0.30 cell 235 board (0.08, 0.55) units 3 25 ms tap [?,?,?,skeletons] hand [ice_wizard,ice_wizard,tesla,skeletons] elixir 3 wall=12:17:36.063
[student] TAP slot 3 skeletons cell 235 wall=12:17:36.395
[student] TRAY first +0.24s tapped slot 3 meant skeletons before [ice_wizard,ice_wizard,tesla,skeletons] now [ice_wizard,ice_wizard,tesla,?] slot_now ? elixir 3->3 wall=12:17:36.637
[student] TRAY settled +0.55s tapped slot 3 meant skeletons before [ice_wizard,ice_wizard,tesla,skeletons] now [ice_wizard,ice_wizard,tesla,?] slot_now ? elixir 3->3 wall=12:17:36.946
[student] WAIT NO-TRAY-MATCH p=0.70 elixir 3 opp~? units 5 dets 5 (waits 2015/2842 badhand 910/4207) tap [?,?,?,?] wall=12:17:37.021
[student] PLAY tornado p=0.80 cell 219 board (0.19, 0.52) units 3 14 ms tap [?,?,?,tornado] hand [ice_wizard,ice_wizard,tesla,tornado] elixir 3 wall=12:17:37.822
[student] TAP slot 3 tornado cell 219 wall=12:17:38.156
[student] TRAY first +0.27s tapped slot 3 meant tornado before [ice_wizard,ice_wizard,tesla,tornado] now [tornado,tornado,tesla,?] slot_now ? elixir 3->3 wall=12:17:38.425
[student] TRAY settled +0.63s tapped slot 3 meant tornado before [ice_wizard,ice_wizard,tesla,tornado] now [ice_wizard,tornado,tesla,?] slot_now ? elixir 3->0 wall=12:17:38.786
[student] PLAY the_log p=0.52 cell 309 board (0.19, 0.73) units 4 27 ms tap [?,?,?,the_log] hand [ice_wizard,ice_wizard,tesla,the_log] elixir 2 wall=12:17:44.215
[student] TAP slot 3 the_log cell 327 wall=12:17:44.545
[student] TRAY first +0.25s tapped slot 3 meant the_log before [ice_wizard,ice_wizard,tesla,the_log] now [ice_wizard,ice_wizard,tesla,?] slot_now ? elixir 2->2 wall=12:17:44.794
[student] TRAY settled +0.57s tapped slot 3 meant the_log before [ice_wizard,ice_wizard,tesla,the_log] now [ice_wizard,ice_wizard,tesla,?] slot_now ? elixir 2->1 wall=12:17:45.112
[student] PLAY knight_evo p=0.28 cell 329 board (0.31, 0.77) units 3 17 ms tap [?,?,?,knight_evo] hand [ice_wizard,ice_wizard,tesla,knight_evo] elixir 3 wall=12:17:50.497
[student] TAP slot 3 knight_evo cell 329 wall=12:17:50.829
[student] TRAY first +0.84s tapped slot 3 meant knight_evo before [ice_wizard,ice_wizard,tesla,knight_evo] now [x_bow,tornado,tesla,?] slot_now ? elixir 3->3 wall=12:17:51.669
[student] WAIT NO-TRAY-MATCH p=0.21 elixir 2 opp~? units 5 dets 6 (waits 2015/2845 badhand 912/4220) tap [?,?,?,?] wall=12:17:56.927
[student] PLAY ice_wizard p=0.29 cell 309 board (0.19, 0.73) units 2 17 ms tap [?,ice_wizard,tesla,?] hand [x_bow,ice_wizard,tesla,rocket] elixir 5 wall=12:18:05.764
[student] TAP slot 1 ice_wizard cell 255 wall=12:18:06.095
[student] TRAY first +0.74s tapped slot 1 meant ice_wizard before [x_bow,ice_wizard,tesla,rocket] now [ice_wizard,?,tesla,rocket] slot_now ? elixir 5->3 wall=12:18:06.840
[clock] icon reads x3 but the clock reads x1 -> using the clock (x1)
[student] PLAY skeletons p=0.65 cell 329 board (0.31, 0.77) units 2 17 ms tap [?,skeletons,?,?] hand [ice_wizard,skeletons,tesla,rocket] elixir 3 wall=12:18:08.262
[student] TAP slot 1 skeletons cell 329 wall=12:18:08.596
[student] TRAY first +0.66s tapped slot 1 meant skeletons before [ice_wizard,skeletons,tesla,rocket] now [ice_wizard,?,tesla,rocket] slot_now ? elixir 3->3 wall=12:18:09.258
[student] WAIT NO-TRAY-MATCH p=0.16 elixir 3 opp~? units 2 dets 2 (waits 2018/2850 badhand 915/4232) tap [?,?,?,?] wall=12:18:09.363
[clock] icon reads x3 but the clock reads x2 -> using the clock (x2)
12:18:11 [play] elixir x2
[student] PLAY rocket p=0.30 cell 113 board (0.31, 0.27) units 3 19 ms tap [x_bow,tornado,tesla,rocket] hand [x_bow,tornado,tesla,rocket] elixir 7 wall=12:18:15.003
[student] TAP slot 3 rocket cell 96 wall=12:18:15.340
[student] TRAY first +0.57s tapped slot 3 meant rocket before [x_bow,tornado,tesla,rocket] now [the_log,tornado,tesla,?] slot_now ? elixir 7->6 wall=12:18:15.905
[student] WAIT p=0.17 elixir 3 opp~? units 2 dets 3 (waits 2025/2858 badhand 918/4243) tap [?,tornado,?,the_log] wall=12:18:17.229
[student] PLAY tornado p=0.33 cell 112 board (0.25, 0.27) units 1 17 ms tap [?,tornado,tesla,the_log] hand [x_bow,tornado,tesla,the_log] elixir 4 wall=12:18:18.607
[student] TAP slot 1 tornado cell 112 wall=12:18:18.940
[student] TRAY first +0.56s tapped slot 1 meant tornado before [x_bow,tornado,tesla,the_log] now [tesla,?,tesla,the_log] slot_now ? elixir 4->3 wall=12:18:19.504
[student] PLAY knight p=0.28 cell 235 board (0.08, 0.55) units 1 19 ms tap [?,knight,tesla,the_log] hand [x_bow,knight,tesla,the_log] elixir 5 wall=12:18:24.668
[student] TAP slot 1 knight cell 235 wall=12:18:25.007
[student] TRAY first +0.68s tapped slot 1 meant knight before [x_bow,knight,tesla,the_log] now [ice_wizard,?,tesla,the_log] slot_now ? elixir 5->6 wall=12:18:25.682
[student] PLAY the_log p=0.70 cell 237 board (0.19, 0.55) units 2 17 ms tap [?,?,?,the_log] hand [ice_wizard,?,tesla,the_log] elixir 6 wall=12:18:25.757
[student] TAP slot 3 the_log cell 239 wall=12:18:26.096
[student] TRAY first +0.67s tapped slot 3 meant the_log before [ice_wizard,?,tesla,the_log] now [ice_wizard,?,tesla,?] slot_now ? elixir 6->2 wall=12:18:26.765
[student] WAIT NO-TRAY-MATCH p=0.22 elixir 2 opp~? units 1 dets 2 (waits 2031/2867 badhand 923/4256) tap [?,?,?,?] wall=12:18:27.534
[student] PLAY skeletons p=0.37 cell 423 board (0.53, 0.98) units 1 24 ms tap [?,?,?,skeletons] hand [ice_wizard,ice_wizard,tesla,skeletons] elixir 3 wall=12:18:29.061
[student] TAP slot 3 skeletons cell 423 wall=12:18:29.396
[student] TRAY first +0.54s tapped slot 3 meant skeletons before [ice_wizard,ice_wizard,tesla,skeletons] now [ice_wizard,ice_wizard,tesla,?] slot_now ? elixir 3->3 wall=12:18:29.940
[student] WAIT p=0.16 elixir 6 opp~? units 3 dets 4 (waits 2039/2876 badhand 925/4267) tap [x_bow,ice_wizard,tesla,rocket] wall=12:18:34.689
[student] PLAY tesla p=0.42 cell 279 board (0.5, 0.66) units 3 16 ms tap [x_bow,ice_wizard,tesla,rocket] hand [x_bow,ice_wizard,tesla,rocket] elixir 7 wall=12:18:35.503
[student] TAP slot 2 tesla cell 279 wall=12:18:35.840
[student] TRAY first +0.23s tapped slot 2 meant tesla before [x_bow,ice_wizard,tesla,rocket] now [ice_wizard,ice_wizard,?,rocket] slot_now ? elixir 7->4 wall=12:18:36.070
[student] TRAY settled +0.57s tapped slot 2 meant tesla before [x_bow,ice_wizard,tesla,rocket] now [x_bow,ice_wizard,?,rocket] slot_now ? elixir 7->4 wall=12:18:36.408
[student] PLAY ice_wizard p=0.37 cell 288 board (0.03, 0.67) units 4 27 ms tap [x_bow,ice_wizard,tornado,rocket] hand [x_bow,ice_wizard,tornado,rocket] elixir 7 wall=12:18:40.817
[student] TAP slot 1 ice_wizard cell 288 wall=12:18:41.156
[student] TRAY first +0.26s tapped slot 1 meant ice_wizard before [x_bow,ice_wizard,tornado,rocket] now [x_bow,?,tornado,rocket] slot_now ? elixir 7->4 wall=12:18:41.414
[student] TRAY settled +1.07s tapped slot 1 meant ice_wizard before [x_bow,ice_wizard,tornado,rocket] now [x_bow,?,tornado,rocket] slot_now ? elixir 7->5 wall=12:18:42.222
[student] WAIT p=0.23 elixir 5 opp~? units 4 dets 4 (waits 2048/2887 badhand 930/4279) tap [?,knight,tornado,?] wall=12:18:42.682
[student] PLAY knight p=0.81 cell 235 board (0.08, 0.55) units 4 25 ms tap [x_bow,knight,tornado,rocket] hand [x_bow,knight,tornado,rocket] elixir 6 wall=12:18:43.901
[student] TAP slot 1 knight cell 235 wall=12:18:44.229
[student] TRAY first +0.30s tapped slot 1 meant knight before [x_bow,knight,tornado,rocket] now [ice_wizard,?,tornado,rocket] slot_now ? elixir 6->3 wall=12:18:44.528
[student] PLAY tornado p=0.38 cell 221 board (0.31, 0.52) units 3 26 ms tap [?,?,tornado,?] hand [ice_wizard,?,tornado,rocket] elixir 3 wall=12:18:44.620
[student] TAP slot 2 tornado cell 221 wall=12:18:44.961
[student] TRAY first +0.25s tapped slot 2 meant tornado before [ice_wizard,?,tornado,rocket] now [ice_wizard,?,?,rocket] slot_now ? elixir 3->3 wall=12:18:45.206
[student] TRAY settled +0.59s tapped slot 2 meant tornado before [ice_wizard,?,tornado,rocket] now [?,ice_wizard,?,rocket] slot_now ? elixir 3->1 wall=12:18:45.552
[student] PLAY the_log p=0.40 cell 238 board (0.25, 0.55) units 7 25 ms tap [?,the_log,skeletons,?] hand [x_bow,the_log,skeletons,rocket] elixir 5 wall=12:18:50.920
[student] TAP slot 1 the_log cell 240 wall=12:18:51.256
[student] TRAY first +0.25s tapped slot 1 meant the_log before [x_bow,the_log,skeletons,rocket] now [ice_wizard,?,skeletons,rocket] slot_now ? elixir 5->3 wall=12:18:51.505
[student] WAIT p=0.16 elixir 3 opp~? units 7 dets 8 (waits 2056/2898 badhand 934/4292) tap [?,?,skeletons,?] wall=12:18:51.589
[student] TRAY settled +0.61s tapped slot 1 meant the_log before [x_bow,the_log,skeletons,rocket] now [x_bow,?,skeletons,rocket] slot_now ? elixir 5->4 wall=12:18:51.867
[student] PLAY x_bow p=0.30 cell 267 board (0.86, 0.61) units 3 21 ms tap [x_bow,?,skeletons,rocket] hand [x_bow,?,skeletons,rocket] elixir 6 wall=12:18:55.525
[student] TAP slot 0 x_bow cell 267 wall=12:18:55.856
[student] TRAY first +0.25s tapped slot 0 meant x_bow before [x_bow,?,skeletons,rocket] now [?,?,skeletons,rocket] slot_now ? elixir 6->6 wall=12:18:56.104
[student] PLAY skeletons p=0.78 cell 251 board (0.97, 0.58) units 5 24 ms tap [?,?,skeletons,?] hand [?,?,skeletons,rocket] elixir 6 wall=12:18:56.193
[student] TAP slot 2 skeletons cell 250 wall=12:18:56.530
[student] TRAY first +0.23s tapped slot 2 meant skeletons before [?,?,skeletons,rocket] now [?,?,?,rocket] slot_now ? elixir 6->1 wall=12:18:56.762
[student] TRAY settled +0.56s tapped slot 2 meant skeletons before [?,?,skeletons,rocket] now [?,?,?,rocket] slot_now ? elixir 6->0 wall=12:18:57.090
[student] PLAY knight_evo p=0.61 cell 242 board (0.47, 0.55) units 9 28 ms tap [ice_wizard,?,knight_evo,?] hand [ice_wizard,tesla,knight_evo,rocket] elixir 3 wall=12:19:00.227
[student] TAP slot 2 knight_evo cell 242 wall=12:19:00.574
[student] TRAY first +0.29s tapped slot 2 meant knight_evo before [ice_wizard,tesla,knight_evo,rocket] now [ice_wizard,?,?,rocket] slot_now ? elixir 3->3 wall=12:19:00.862
[student] TRAY settled +0.65s tapped slot 2 meant knight_evo before [ice_wizard,tesla,knight_evo,rocket] now [ice_wizard,?,?,rocket] slot_now ? elixir 3->0 wall=12:19:01.220
[student] PLAY ice_wizard p=0.65 cell 243 board (0.53, 0.55) units 3 28 ms tap [ice_wizard,?,tornado,?] hand [ice_wizard,tesla,tornado,rocket] elixir 3 wall=12:19:04.515
[student] TAP slot 0 ice_wizard cell 243 wall=12:19:04.845
[student] TRAY first +0.24s tapped slot 0 meant ice_wizard before [ice_wizard,tesla,tornado,rocket] now [?,?,tornado,rocket] slot_now ? elixir 3->3 wall=12:19:05.082
[student] TRAY settled +0.60s tapped slot 0 meant ice_wizard before [ice_wizard,tesla,tornado,rocket] now [?,?,tornado,rocket] slot_now ? elixir 3->0 wall=12:19:05.440
12:19:07 [play] UNKNOWN 0.5s after in-match -> grace hold (label lost: overtime / end animation / dropout; up to 150s)
12:19:13 [play] state: MATCH_END
12:19:13 [nav] MATCH_END -> Play Again (located) (0.348,0.914)
12:19:14 [play] state: UNKNOWN
12:19:20 [play] state: IN_MATCH
[student] WAIT | exact=0 opp=? next=149 t=1s hand=[0, 6, 2, 4] tw=1.01.01.01.01.01.0 sp=0 unk=0 p=0.00 elixir 7 opp~? units 0 dets 0 (waits 2064/2910 badhand 939/4306) tap [tornado,the_log,ice_wizard,rocket] wall=12:19:21.987
[student] WAIT p=0.07 elixir 10 opp~? units 1 dets 1 (waits 2074/2920 badhand 939/4316) tap [tornado,the_log,ice_wizard,rocket] wall=12:19:28.637
[student] PLAY tornado p=0.30 cell 165 board (0.19, 0.39) units 3 16 ms tap [tornado,the_log,ice_wizard,rocket] hand [tornado,the_log,ice_wizard,rocket] elixir 10 wall=12:19:31.157
[student] TAP slot 0 tornado cell 165 wall=12:19:31.489
[student] TRAY first +0.21s tapped slot 0 meant tornado before [tornado,the_log,ice_wizard,rocket] now [?,the_log,ice_wizard,rocket] slot_now ? elixir 10->7 wall=12:19:31.702
[student] PLAY the_log p=0.47 cell 273 board (0.19, 0.64) units 2 21 ms tap [?,the_log,ice_wizard,rocket] hand [?,the_log,ice_wizard,rocket] elixir 7 wall=12:19:32.070
[student] TAP slot 1 the_log cell 273 wall=12:19:32.406
[student] TRAY first +0.26s tapped slot 1 meant the_log before [?,the_log,ice_wizard,rocket] now [?,?,ice_wizard,rocket] slot_now ? elixir 7->4 wall=12:19:32.667
[student] TRAY settled +0.80s tapped slot 1 meant the_log before [?,the_log,ice_wizard,rocket] now [knight,?,ice_wizard,rocket] slot_now ? elixir 7->5 wall=12:19:33.201
[student] PLAY tesla p=0.89 cell 297 board (0.5, 0.69) units 2 22 ms tap [knight,tesla,ice_wizard,?] hand [knight,tesla,ice_wizard,rocket] elixir 5 wall=12:19:34.415
[student] TAP slot 1 tesla cell 297 wall=12:19:34.762
[student] TRAY first +0.28s tapped slot 1 meant tesla before [knight,tesla,ice_wizard,rocket] now [knight,?,ice_wizard,rocket] slot_now ? elixir 5->4 wall=12:19:35.041
[student] TRAY settled +1.04s tapped slot 1 meant tesla before [knight,tesla,ice_wizard,rocket] now [knight,?,ice_wizard,rocket] slot_now ? elixir 5->2 wall=12:19:35.799
[student] PLAY skeletons p=0.68 cell 237 board (0.19, 0.55) units 3 19 ms tap [?,skeletons,?,?] hand [knight,skeletons,ice_wizard,rocket] elixir 2 wall=12:19:36.620
[student] TAP slot 1 skeletons cell 237 wall=12:19:36.966
[student] TRAY first +0.25s tapped slot 1 meant skeletons before [knight,skeletons,ice_wizard,rocket] now [knight,?,ice_wizard,rocket] slot_now ? elixir 2->1 wall=12:19:37.217
[student] TRAY settled +0.54s tapped slot 1 meant skeletons before [knight,skeletons,ice_wizard,rocket] now [knight,?,ice_wizard,rocket] slot_now ? elixir 2->1 wall=12:19:37.502
[student] WAIT NO-TRAY-MATCH p=0.11 elixir 2 opp~? units 4 dets 4 (waits 2082/2932 badhand 945/4330) tap [?,?,?,?] wall=12:19:39.099
[student] WAIT | exact=0 opp=? next=0 t=26s hand=[149, 3, 2, 4] tw=1.00.0x1.01.01.01.0 sp=0 unk=0 p=0.02 elixir 4 opp~? units 2 dets 2 (waits 2089/2939 badhand 945/4340) tap [knight,?,ice_wizard,?] wall=12:19:46.142
[student] WAIT p=0.09 elixir 7 opp~? units 2 dets 2 (waits 2099/2949 badhand 945/4350) tap [knight,x_bow,ice_wizard,rocket] wall=12:19:53.078
[student] PLAY ice_wizard p=0.50 cell 423 board (0.53, 0.98) units 2 8 ms tap [knight,x_bow,ice_wizard,rocket] hand [knight,x_bow,ice_wizard,rocket] elixir 9 wall=12:19:58.383
[student] TAP slot 2 ice_wizard cell 423 wall=12:19:58.726
[student] TRAY first +0.24s tapped slot 2 meant ice_wizard before [knight,x_bow,ice_wizard,rocket] now [knight,x_bow,?,rocket] slot_now ? elixir 9->6 wall=12:19:58.967
[student] TRAY settled +0.98s tapped slot 2 meant ice_wizard before [knight,x_bow,ice_wizard,rocket] now [knight,x_bow,?,rocket] slot_now ? elixir 9->6 wall=12:19:59.711
[student] WAIT | exact=0 opp=? next=6 t=41s hand=[149, 3, 0, 4] tw=1.00.0x1.01.01.01.0 sp=0 unk=0 p=0.05 elixir 7 opp~? units 3 dets 3 (waits 2109/2960 badhand 947/4361) tap [knight,x_bow,tornado,rocket] wall=12:20:01.070
[student] PLAY knight p=0.68 cell 298 board (0.58, 0.7) units 4 15 ms tap [knight,x_bow,tornado,rocket] hand [knight,x_bow,tornado,rocket] elixir 8 wall=12:20:04.030
[student] TAP slot 0 knight cell 298 wall=12:20:04.371
[student] TRAY first +0.29s tapped slot 0 meant knight before [knight,x_bow,tornado,rocket] now [?,x_bow,tornado,rocket] slot_now ? elixir 8->8 wall=12:20:04.659
[student] PLAY x_bow p=0.31 cell 254 board (0.14, 0.61) units 4 21 ms tap [?,x_bow,tornado,rocket] hand [?,x_bow,tornado,rocket] elixir 8 wall=12:20:04.742
[student] TAP slot 1 x_bow cell 254 wall=12:20:05.073
[student] TRAY first +0.24s tapped slot 1 meant x_bow before [?,x_bow,tornado,rocket] now [?,x_bow,tornado,rocket] slot_now x_bow elixir 8->5 wall=12:20:05.315
[student] PLAY tornado p=0.60 cell 230 board (0.81, 0.52) units 9 15 ms tap [?,?,tornado,?] hand [?,x_bow,tornado,rocket] elixir 5 wall=12:20:05.371
[student] TAP slot 2 tornado cell 230 wall=12:20:05.702
[student] TRAY first +0.24s tapped slot 2 meant tornado before [?,x_bow,tornado,rocket] now [the_log,the_log,?,rocket] slot_now ? elixir 5->3 wall=12:20:05.943
[student] TRAY settled +0.56s tapped slot 2 meant tornado before [?,x_bow,tornado,rocket] now [the_log,the_log,?,rocket] slot_now ? elixir 5->2 wall=12:20:06.264
[student] WAIT p=0.08 elixir 4 opp~? units 3 dets 3 (waits 2117/2971 badhand 952/4374) tap [the_log,?,tesla,?] wall=12:20:09.474
[student] PLAY tesla p=0.29 cell 245 board (0.61, 0.56) units 3 16 ms tap [the_log,?,tesla,?] hand [the_log,x_bow,tesla,rocket] elixir 4 wall=12:20:10.999
[student] TAP slot 2 tesla cell 245 wall=12:20:11.326
[student] TRAY first +0.25s tapped slot 2 meant tesla before [the_log,x_bow,tesla,rocket] now [the_log,?,?,rocket] slot_now ? elixir 4->4 wall=12:20:11.574
[student] TRAY settled +0.95s tapped slot 2 meant tesla before [the_log,x_bow,tesla,rocket] now [the_log,?,?,rocket] slot_now ? elixir 4->1 wall=12:20:12.281
[student] PLAY skeletons p=0.28 cell 320 board (0.81, 0.73) units 4 13 ms tap [?,?,skeletons,?] hand [the_log,the_log,skeletons,rocket] elixir 2 wall=12:20:15.019
[student] TAP slot 2 skeletons cell 266 wall=12:20:15.352
[student] TRAY first +0.26s tapped slot 2 meant skeletons before [the_log,the_log,skeletons,rocket] now [the_log,tesla,?,rocket] slot_now ? elixir 2->1 wall=12:20:15.610
[student] TRAY settled +0.94s tapped slot 2 meant skeletons before [the_log,the_log,skeletons,rocket] now [the_log,tesla,?,rocket] slot_now ? elixir 2->1 wall=12:20:16.293
[student] WAIT NO-TRAY-MATCH p=0.04 elixir 2 opp~? units 6 dets 6 (waits 2121/2977 badhand 953/4386) tap [?,?,?,?] wall=12:20:20.133
[student] PLAY ice_wizard p=0.32 cell 250 board (0.92, 0.55) units 2 24 ms tap [the_log,?,ice_wizard,?] hand [the_log,x_bow,ice_wizard,rocket] elixir 5 wall=12:20:26.399
[student] TAP slot 2 ice_wizard cell 250 wall=12:20:26.731
[student] TRAY first +0.26s tapped slot 2 meant ice_wizard before [the_log,x_bow,ice_wizard,rocket] now [the_log,the_log,?,rocket] slot_now ? elixir 5->3 wall=12:20:26.991
[student] WAIT NO-TRAY-MATCH p=0.12 elixir 3 opp~? units 4 dets 4 (waits 2130/2987 badhand 954/4397) tap [?,?,?,?] wall=12:20:27.069
[student] TRAY settled +0.58s tapped slot 2 meant ice_wizard before [the_log,x_bow,ice_wizard,rocket] now [the_log,the_log,?,rocket] slot_now ? elixir 5->2 wall=12:20:27.310
[student] WAIT p=0.10 elixir 4 opp~? units 2 dets 2 (waits 2136/2993 badhand 956/4407) tap [the_log,?,knight,?] wall=12:20:33.249
[student] PLAY x_bow p=0.31 cell 267 board (0.86, 0.61) units 2 26 ms tap [the_log,x_bow,knight,rocket] hand [the_log,x_bow,knight,rocket] elixir 6 wall=12:20:37.561
[student] TAP slot 1 x_bow cell 267 wall=12:20:37.911
[student] TRAY first +0.26s tapped slot 1 meant x_bow before [the_log,x_bow,knight,rocket] now [the_log,?,knight,rocket] slot_now ? elixir 6->6 wall=12:20:38.166
[student] TRAY settled +0.85s tapped slot 1 meant x_bow before [the_log,x_bow,knight,rocket] now [the_log,?,knight,rocket] slot_now ? elixir 6->0 wall=12:20:38.764
[student] PLAY the_log p=0.28 cell 249 board (0.86, 0.55) units 2 19 ms tap [the_log,?,?,?] hand [the_log,tornado,knight,rocket] elixir 2 wall=12:20:43.949
[student] TAP slot 0 the_log cell 248 wall=12:20:44.279
[student] TRAY first +0.26s tapped slot 0 meant the_log before [the_log,tornado,knight,rocket] now [?,tornado,knight,rocket] slot_now ? elixir 2->2 wall=12:20:44.535
[student] TRAY settled +0.55s tapped slot 0 meant the_log before [the_log,tornado,knight,rocket] now [?,tornado,knight,rocket] slot_now ? elixir 2->0 wall=12:20:44.826
[student] PLAY knight p=0.31 cell 302 board (0.81, 0.67) units 1 18 ms tap [?,tornado,knight,?] hand [tesla_evo,tornado,knight,rocket] elixir 3 wall=12:20:51.677
[student] TAP slot 2 knight cell 302 wall=12:20:52.010
[student] TRAY first +0.26s tapped slot 2 meant knight before [tesla_evo,tornado,knight,rocket] now [?,tornado,?,rocket] slot_now ? elixir 3->3 wall=12:20:52.271
[student] WAIT NO-TRAY-MATCH p=0.00 elixir 3 opp~? units 2 dets 2 (waits 2144/3004 badhand 958/4420) tap [?,?,?,?] wall=12:20:52.349
[student] TRAY settled +1.05s tapped slot 2 meant knight before [tesla_evo,tornado,knight,rocket] now [?,tornado,?,rocket] slot_now ? elixir 3->0 wall=12:20:53.059
[student] PLAY skeletons p=0.28 cell 340 board (0.92, 0.77) units 1 16 ms tap [?,?,skeletons,?] hand [tesla,tornado,skeletons,rocket] elixir 1 wall=12:20:55.710
[student] TAP slot 2 skeletons cell 340 wall=12:20:56.043
[student] TRAY first +0.24s tapped slot 2 meant skeletons before [tesla,tornado,skeletons,rocket] now [?,tornado,?,rocket] slot_now ? elixir 1->1 wall=12:20:56.286
[student] TRAY settled +1.02s tapped slot 2 meant skeletons before [tesla,tornado,skeletons,rocket] now [?,tornado,?,rocket] slot_now ? elixir 1->1 wall=12:20:57.058
[student] PLAY tornado p=0.66 cell 333 board (0.53, 0.77) units 2 26 ms tap [tesla_evo,tornado,ice_wizard,?] hand [tesla_evo,tornado,ice_wizard,rocket] elixir 5 wall=12:21:11.779
[student] TAP slot 1 tornado cell 333 wall=12:21:12.110
[student] TRAY first +0.84s tapped slot 1 meant tornado before [tesla_evo,tornado,ice_wizard,rocket] now [tesla_evo,?,ice_wizard,rocket] slot_now ? elixir 5->3 wall=12:21:12.954
[student] PLAY ice_wizard p=0.75 cell 320 board (0.81, 0.73) units 2 15 ms tap [?,?,ice_wizard,?] hand [tesla_evo,?,ice_wizard,rocket] elixir 3 wall=12:21:13.023
[student] TAP slot 2 ice_wizard cell 266 wall=12:21:13.360
[student] TRAY first +0.94s tapped slot 2 meant ice_wizard before [tesla_evo,?,ice_wizard,rocket] now [tesla,x_bow,?,rocket] slot_now ? elixir 3->3 wall=12:21:14.296
[clock] icon reads x3 but the clock reads x1 -> using the clock (x1)
[student] WAIT NO-TRAY-MATCH p=0.14 elixir 2 opp~? units 2 dets 2 (waits 2153/3016 badhand 959/4433) tap [?,?,?,?] wall=12:21:17.000
[clock] icon reads x3 but the clock reads x2 -> using the clock (x2)
12:21:20 [play] elixir x2
[student] PLAY the_log p=0.44 cell 337 board (0.75, 0.77) units 4 22 ms tap [tesla_evo,?,the_log,?] hand [tesla_evo,x_bow,the_log,rocket] elixir 5 wall=12:21:21.567
[student] TAP slot 2 the_log cell 355 wall=12:21:21.910
[student] TRAY first +0.68s tapped slot 2 meant the_log before [tesla_evo,x_bow,the_log,rocket] now [tesla_evo,tesla,?,rocket] slot_now ? elixir 5->3 wall=12:21:22.588
[student] PLAY x_bow p=0.38 cell 267 board (0.86, 0.61) units 1 21 ms tap [tesla_evo,x_bow,knight_evo,rocket] hand [tesla_evo,x_bow,knight_evo,rocket] elixir 6 wall=12:21:25.448
[student] TAP slot 1 x_bow cell 267 wall=12:21:25.782
[student] TRAY first +0.46s tapped slot 1 meant x_bow before [tesla_evo,x_bow,knight_evo,rocket] now [tesla,?,?,rocket] slot_now ? elixir 6->6 wall=12:21:26.242
[student] WAIT NO-TRAY-MATCH p=0.72 elixir 6 opp~? units 2 dets 2 (waits 2160/3025 badhand 961/4445) tap [?,?,?,?] wall=12:21:26.306
[student] TRAY settled +1.06s tapped slot 1 meant x_bow before [tesla_evo,x_bow,knight_evo,rocket] now [tesla,?,knight_evo,rocket] slot_now ? elixir 6->1 wall=12:21:26.846
[student] PLAY skeletons p=0.39 cell 247 board (0.75, 0.55) units 2 23 ms tap [?,skeletons,?,?] hand [?,skeletons,knight_evo,rocket] elixir 2 wall=12:21:28.277
[student] TAP slot 1 skeletons cell 247 wall=12:21:28.613
[student] TRAY first +0.65s tapped slot 1 meant skeletons before [?,skeletons,knight_evo,rocket] now [tesla,?,tesla,rocket] slot_now ? elixir 2->1 wall=12:21:29.259
[student] PLAY knight_evo p=0.50 cell 248 board (0.81, 0.55) units 3 23 ms tap [tesla_evo,tornado,knight_evo,?] hand [tesla_evo,tornado,knight_evo,rocket] elixir 4 wall=12:21:32.605
[student] TAP slot 2 knight_evo cell 248 wall=12:21:32.934
[student] TRAY first +0.49s tapped slot 2 meant knight_evo before [tesla_evo,tornado,knight_evo,rocket] now [?,tornado,?,rocket] slot_now ? elixir 4->3 wall=12:21:33.427
[student] TRAY settled +1.21s tapped slot 2 meant knight_evo before [tesla_evo,tornado,knight_evo,rocket] now [tesla,tornado,?,rocket] slot_now ? elixir 4->2 wall=12:21:34.141
[student] PLAY tornado p=0.58 cell 211 board (0.75, 0.48) units 3 29 ms tap [?,tornado,ice_wizard,?] hand [tesla_evo,tornado,ice_wizard,rocket] elixir 3 wall=12:21:35.771
[student] TAP slot 1 tornado cell 211 wall=12:21:36.114
[student] TRAY first +0.69s tapped slot 1 meant tornado before [tesla_evo,tornado,ice_wizard,rocket] now [tesla,?,ice_wizard,rocket] slot_now ? elixir 3->3 wall=12:21:36.799
[student] PLAY ice_wizard p=0.30 cell 250 board (0.92, 0.55) units 3 17 ms tap [?,the_log,ice_wizard,?] hand [tesla_evo,the_log,ice_wizard,rocket] elixir 3 wall=12:21:39.793
[student] TAP slot 2 ice_wizard cell 250 wall=12:21:40.130
[student] TRAY first +0.61s tapped slot 2 meant ice_wizard before [tesla_evo,the_log,ice_wizard,rocket] now [tesla,the_log,?,rocket] slot_now ? elixir 3->3 wall=12:21:40.741
[student] WAIT NO-TRAY-MATCH p=0.32 elixir 2 opp~? units 4 dets 4 (waits 2166/3035 badhand 964/4459) tap [?,?,?,?] wall=12:21:42.558
[student] PLAY the_log p=0.56 cell 247 board (0.75, 0.55) units 4 20 ms tap [?,the_log,?,?] hand [tesla,the_log,ice_wizard,rocket] elixir 2 wall=12:21:43.243
[student] TAP slot 1 the_log cell 244 wall=12:21:43.588
[student] TRAY first +0.29s tapped slot 1 meant the_log before [tesla,the_log,ice_wizard,rocket] now [tesla,?,ice_wizard,rocket] slot_now ? elixir 2->2 wall=12:21:43.876
[student] TRAY settled +0.59s tapped slot 1 meant the_log before [tesla,the_log,ice_wizard,rocket] now [tesla,?,ice_wizard,rocket] slot_now ? elixir 2->1 wall=12:21:44.180
[student] PLAY skeletons p=0.86 cell 260 board (0.47, 0.61) units 3 27 ms tap [?,skeletons,?,?] hand [tesla,skeletons,ice_wizard,rocket] elixir 2 wall=12:21:45.904
[student] TAP slot 1 skeletons cell 260 wall=12:21:46.254
[student] TRAY first +0.25s tapped slot 1 meant skeletons before [tesla,skeletons,ice_wizard,rocket] now [tesla,?,the_log,rocket] slot_now ? elixir 2->1 wall=12:21:46.508
[student] TRAY settled +0.57s tapped slot 1 meant skeletons before [tesla,skeletons,ice_wizard,rocket] now [tesla,?,the_log,rocket] slot_now ? elixir 2->2 wall=12:21:46.819
[student] PLAY knight p=0.81 cell 319 board (0.75, 0.73) units 3 15 ms tap [?,knight,?,?] hand [tesla_evo,knight,ice_wizard,rocket] elixir 3 wall=12:21:47.747
[student] TAP slot 1 knight cell 265 wall=12:21:48.076
[student] TRAY first +0.26s tapped slot 1 meant knight before [tesla_evo,knight,ice_wizard,rocket] now [?,?,?,rocket] slot_now ? elixir 3->3 wall=12:21:48.340
[student] TRAY settled +1.07s tapped slot 1 meant knight before [tesla_evo,knight,ice_wizard,rocket] now [tesla,?,ice_wizard,rocket] slot_now ? elixir 3->1 wall=12:21:49.151
[student] PLAY tornado p=0.68 cell 333 board (0.53, 0.77) units 5 32 ms tap [?,tornado,?,?] hand [tesla_evo,tornado,ice_wizard,rocket] elixir 3 wall=12:21:52.428
[assist] TORNADO king-spot cell 333->333 trigger balloon at (0.53,0.57) enemy tracks 3 wall=12:21:52.428
[student] TAP slot 1 tornado cell 333 wall=12:21:52.776
[student] TRAY first +0.23s tapped slot 1 meant tornado before [tesla_evo,tornado,ice_wizard,rocket] now [tesla,?,ice_wizard,rocket] slot_now ? elixir 3->3 wall=12:21:53.009
[student] TRAY settled +1.00s tapped slot 1 meant tornado before [tesla_evo,tornado,ice_wizard,rocket] now [tesla,?,tesla,rocket] slot_now ? elixir 3->1 wall=12:21:53.774
[student] WAIT p=0.24 elixir 4 opp~? units 4 dets 4 (waits 2169/3042 badhand 967/4473) tap [tesla_evo,ice_wizard,?,?] wall=12:21:57.515
[student] PLAY ice_wizard p=0.35 cell 296 board (0.47, 0.7) units 3 5 ms tap [tesla_evo,ice_wizard,?,?] hand [tesla_evo,ice_wizard,x_bow,rocket] elixir 4 wall=12:21:58.405
[student] TAP slot 1 ice_wizard cell 296 wall=12:21:58.735
[student] TRAY first +0.24s tapped slot 1 meant ice_wizard before [tesla_evo,ice_wizard,x_bow,rocket] now [tesla,?,the_log,rocket] slot_now ? elixir 4->3 wall=12:21:58.977
[student] TRAY settled +1.00s tapped slot 1 meant ice_wizard before [tesla_evo,ice_wizard,x_bow,rocket] now [tesla,?,ice_wizard,rocket] slot_now ? elixir 4->2 wall=12:21:59.734
[student] PLAY the_log p=0.72 cell 247 board (0.75, 0.55) units 4 26 ms tap [?,the_log,?,?] hand [tesla_evo,the_log,ice_wizard,rocket] elixir 3 wall=12:22:00.983
[student] TAP slot 1 the_log cell 247 wall=12:22:01.326
[student] TRAY first +0.25s tapped slot 1 meant the_log before [tesla_evo,the_log,ice_wizard,rocket] now [?,?,the_log,rocket] slot_now ? elixir 3->2 wall=12:22:01.578
[student] TRAY settled +0.61s tapped slot 1 meant the_log before [tesla_evo,the_log,ice_wizard,rocket] now [tesla,?,the_log,rocket] slot_now ? elixir 3->2 wall=12:22:01.932
[student] PLAY skeletons p=0.82 cell 351 board (0.53, 0.83) units 4 23 ms tap [?,skeletons,?,?] hand [tesla_evo,skeletons,ice_wizard,rocket] elixir 3 wall=12:22:03.411
[student] TAP slot 1 skeletons cell 351 wall=12:22:03.746
[student] TRAY first +0.25s tapped slot 1 meant skeletons before [tesla_evo,skeletons,ice_wizard,rocket] now [tesla,?,ice_wizard,rocket] slot_now ? elixir 3->1 wall=12:22:03.997
[student] TRAY settled +0.61s tapped slot 1 meant skeletons before [tesla_evo,skeletons,ice_wizard,rocket] now [tesla_evo,?,ice_wizard,rocket] slot_now ? elixir 3->3 wall=12:22:04.353
[student] PLAY knight p=0.84 cell 319 board (0.75, 0.73) units 3 24 ms tap [?,knight,?,?] hand [tesla_evo,knight,ice_wizard,rocket] elixir 3 wall=12:22:05.178
[student] TAP slot 1 knight cell 265 wall=12:22:05.514
[student] TRAY first +0.25s tapped slot 1 meant knight before [tesla_evo,knight,ice_wizard,rocket] now [tesla,?,ice_wizard,rocket] slot_now ? elixir 3->3 wall=12:22:05.766
[student] TRAY settled +0.85s tapped slot 1 meant knight before [tesla_evo,knight,ice_wizard,rocket] now [tesla,?,tesla,rocket] slot_now ? elixir 3->1 wall=12:22:06.366
[student] PLAY tornado p=0.34 cell 157 board (0.75, 0.36) units 4 23 ms tap [?,tornado,?,?] hand [tesla_evo,tornado,ice_wizard,rocket] elixir 3 wall=12:22:09.080
[assist] TORNADO king-spot cell 157->332 trigger guards at (0.48,0.58) enemy tracks 5 wall=12:22:09.081
[student] TAP slot 1 tornado cell 332 wall=12:22:09.413
[student] TRAY first +0.25s tapped slot 1 meant tornado before [tesla_evo,tornado,ice_wizard,rocket] now [tesla,?,rocket,rocket] slot_now ? elixir 3->3 wall=12:22:09.661
[student] TRAY settled +0.65s tapped slot 1 meant tornado before [tesla_evo,tornado,ice_wizard,rocket] now [tesla,?,ice_wizard,rocket] slot_now ? elixir 3->1 wall=12:22:10.060
[student] WAIT NO-TRAY-MATCH p=0.30 elixir 3 opp~? units 4 dets 4 (waits 2171/3049 badhand 972/4488) tap [?,?,?,?] wall=12:22:13.275
12:22:17 [play] UNKNOWN 0.5s after in-match -> grace hold (label lost: overtime / end animation / dropout; up to 150s)
12:22:24 [play] state: MATCH_END
12:22:24 [nav] MATCH_END -> Play Again (located) (0.348,0.914)
12:22:24 [play] state: UNKNOWN
12:22:30 [play] state: IN_MATCH
[student] WAIT p=0.06 elixir 9 opp~? units 0 dets 0 (waits 2180/3058 badhand 973/4498) tap [tesla,the_log,rocket,ice_wizard] wall=12:22:35.275
[student] PLAY the_log p=0.75 cell 237 board (0.19, 0.55) units 1 7 ms tap [tesla,the_log,rocket,ice_wizard] hand [tesla,the_log,rocket,ice_wizard] elixir 10 wall=12:22:38.678
[student] TAP slot 1 the_log cell 237 wall=12:22:39.012
[student] TRAY first +0.24s tapped slot 1 meant the_log before [tesla,the_log,rocket,ice_wizard] now [tesla,?,rocket,ice_wizard] slot_now ? elixir 10->8 wall=12:22:39.251
[student] TRAY settled +0.96s tapped slot 1 meant the_log before [tesla,the_log,rocket,ice_wizard] now [tesla,?,rocket,ice_wizard] slot_now ? elixir 10->8 wall=12:22:39.976
[student] WAIT | exact=0 opp=? next=149 t=12s hand=[164, 3, 4, 2] tw=1.00.91.01.01.01.0 sp=1 unk=0 p=0.03 elixir 8 opp~? units 0 dets 1 (waits 2190/3069 badhand 975/4509) tap [tesla,x_bow,rocket,ice_wizard] wall=12:22:42.683
[student] WAIT p=0.20 elixir 10 opp~? units 0 dets 0 (waits 2200/3079 badhand 975/4519) tap [tesla,x_bow,rocket,ice_wizard] wall=12:22:50.331
[student] STALL-PLAY x_bow p=0.21 cell 267 board (0.86, 0.61) units 1 24 ms tap [tesla,x_bow,rocket,ice_wizard] hand [tesla,x_bow,rocket,ice_wizard] elixir 10 wall=12:22:51.037
[student] TAP slot 1 x_bow cell 267 wall=12:22:51.368
[student] TRAY first +0.25s tapped slot 1 meant x_bow before [tesla,x_bow,rocket,ice_wizard] now [tesla,?,rocket,ice_wizard] slot_now ? elixir 10->6 wall=12:22:51.615
[student] PLAY tesla p=0.64 cell 247 board (0.72, 0.56) units 1 22 ms tap [tesla,?,?,ice_wizard] hand [tesla,?,rocket,ice_wizard] elixir 6 wall=12:22:51.689
[student] TAP slot 0 tesla cell 247 wall=12:22:52.028
[student] TRAY first +0.25s tapped slot 0 meant tesla before [tesla,?,rocket,ice_wizard] now [?,?,rocket,ice_wizard] slot_now ? elixir 6->4 wall=12:22:52.276
[student] TRAY settled +0.62s tapped slot 0 meant tesla before [tesla,?,rocket,ice_wizard] now [?,?,rocket,ice_wizard] slot_now ? elixir 6->0 wall=12:22:52.645
[student] PLAY knight p=0.33 cell 249 board (0.86, 0.55) units 2 22 ms tap [tornado,knight,?,ice_wizard] hand [tornado,knight,rocket,ice_wizard] elixir 3 wall=12:23:01.341
[student] TAP slot 1 knight cell 249 wall=12:23:01.680
[student] TRAY first +0.24s tapped slot 1 meant knight before [tornado,knight,rocket,ice_wizard] now [tornado,?,rocket,tornado] slot_now ? elixir 3->3 wall=12:23:01.924
[student] TRAY settled +0.68s tapped slot 1 meant knight before [tornado,knight,rocket,ice_wizard] now [tornado,?,rocket,tornado] slot_now ? elixir 3->0 wall=12:23:02.357
[student] WAIT p=0.06 elixir 2 opp~? units 2 dets 2 (waits 2208/3090 badhand 978/4532) tap [?,skeletons,?,?] wall=12:23:08.878
[student] WAIT p=0.16 elixir 4 opp~? units 2 dets 2 (waits 2218/3100 badhand 978/4542) tap [tornado,skeletons,?,ice_wizard] wall=12:23:14.826
[student] PLAY ice_wizard p=0.56 cell 236 board (0.14, 0.55) units 3 28 ms tap [tornado,skeletons,?,ice_wizard] hand [tornado,skeletons,rocket,ice_wizard] elixir 5 wall=12:23:16.251
[student] TAP slot 3 ice_wizard cell 236 wall=12:23:16.596
[student] TRAY first +0.26s tapped slot 3 meant ice_wizard before [tornado,skeletons,rocket,ice_wizard] now [tornado,skeletons,rocket,?] slot_now ? elixir 5->3 wall=12:23:16.859
[student] PLAY skeletons p=0.59 cell 363 board (0.19, 0.86) units 3 30 ms tap [?,skeletons,?,?] hand [tornado,skeletons,rocket,?] elixir 3 wall=12:23:16.950
[student] TAP slot 1 skeletons cell 363 wall=12:23:17.301
[student] TRAY first +0.28s tapped slot 1 meant skeletons before [tornado,skeletons,rocket,?] now [tornado,?,rocket,?] slot_now ? elixir 3->1 wall=12:23:17.582
[student] TRAY settled +0.86s tapped slot 1 meant skeletons before [tornado,skeletons,rocket,?] now [tornado,?,rocket,the_log] slot_now ? elixir 3->2 wall=12:23:18.158
[student] PLAY the_log p=0.30 cell 237 board (0.19, 0.55) units 4 26 ms tap [?,?,?,the_log] hand [tornado,?,rocket,the_log] elixir 2 wall=12:23:18.245
[student] TAP slot 3 the_log cell 237 wall=12:23:18.578
[student] TRAY first +0.29s tapped slot 3 meant the_log before [tornado,?,rocket,the_log] now [tornado,?,rocket,?] slot_now ? elixir 2->2 wall=12:23:18.866
[student] TRAY settled +0.88s tapped slot 3 meant the_log before [tornado,?,rocket,the_log] now [tornado,tornado,rocket,?] slot_now ? elixir 2->0 wall=12:23:19.457
[student] PLAY tornado p=0.84 cell 333 board (0.53, 0.77) units 2 21 ms tap [tornado,?,?,?] hand [tornado,ice_wizard,rocket,tesla] elixir 3 wall=12:23:26.546
[student] TAP slot 0 tornado cell 333 wall=12:23:26.890
[student] TRAY first +0.29s tapped slot 0 meant tornado before [tornado,ice_wizard,rocket,tesla] now [?,x_bow,rocket,tesla] slot_now ? elixir 3->3 wall=12:23:27.178
[student] TRAY settled +0.62s tapped slot 0 meant tornado before [tornado,ice_wizard,rocket,tesla] now [?,x_bow,rocket,tesla] slot_now ? elixir 3->0 wall=12:23:27.512
[student] WAIT NO-TRAY-MATCH p=0.02 elixir 2 opp~? units 0 dets 0 (waits 2219/3105 badhand 980/4556) tap [?,?,?,?] wall=12:23:34.428
[student] PLAY knight p=0.76 cell 343 board (0.08, 0.8) units 3 22 ms tap [knight,?,?,tesla] hand [knight,x_bow,rocket,tesla] elixir 4 wall=12:23:39.466
[student] TAP slot 0 knight cell 343 wall=12:23:39.801
[student] TRAY first +0.27s tapped slot 0 meant knight before [knight,x_bow,rocket,tesla] now [?,x_bow,rocket,tesla] slot_now ? elixir 4->4 wall=12:23:40.071
[student] TRAY settled +0.63s tapped slot 0 meant knight before [knight,x_bow,rocket,tesla] now [?,the_log,rocket,tesla] slot_now ? elixir 4->1 wall=12:23:40.432
[student] WAIT NO-TRAY-MATCH p=0.01 elixir 2 opp~? units 0 dets 0 (waits 2227/3114 badhand 982/4567) tap [?,?,?,?] wall=12:23:41.667
[student] WAIT p=0.08 elixir 4 opp~? units 1 dets 1 (waits 2232/3119 badhand 982/4577) tap [ice_wizard,?,?,tesla] wall=12:23:48.515
[student] WAIT p=0.23 elixir 7 opp~? units 1 dets 1 (waits 2242/3129 badhand 982/4587) tap [ice_wizard,x_bow,rocket,tesla] wall=12:23:55.500
[student] PLAY tesla p=0.34 cell 279 board (0.5, 0.66) units 2 26 ms tap [ice_wizard,x_bow,rocket,tesla] hand [ice_wizard,x_bow,rocket,tesla] elixir 7 wall=12:23:56.134
[student] TAP slot 3 tesla cell 279 wall=12:23:56.475
[student] TRAY first +0.27s tapped slot 3 meant tesla before [ice_wizard,x_bow,rocket,tesla] now [ice_wizard,tesla,rocket,?] slot_now ? elixir 7->4 wall=12:23:56.743
[student] TRAY settled +0.61s tapped slot 3 meant tesla before [ice_wizard,x_bow,rocket,tesla] now [ice_wizard,tesla,rocket,?] slot_now ? elixir 7->3 wall=12:23:57.086
[student] WAIT p=0.26 elixir 6 opp~? units 2 dets 2 (waits 2252/3140 badhand 985/4598) tap [ice_wizard,x_bow,rocket,skeletons] wall=12:24:03.410
[student] PLAY x_bow p=0.28 cell 265 board (0.75, 0.61) units 2 27 ms tap [ice_wizard,x_bow,rocket,skeletons] hand [ice_wizard,x_bow,rocket,skeletons] elixir 6 wall=12:24:04.877
[student] TAP slot 1 x_bow cell 265 wall=12:24:05.217
[student] TRAY first +0.25s tapped slot 1 meant x_bow before [ice_wizard,x_bow,rocket,skeletons] now [tornado,?,rocket,skeletons] slot_now ? elixir 6->6 wall=12:24:05.472
[student] TRAY settled +1.05s tapped slot 1 meant x_bow before [ice_wizard,x_bow,rocket,skeletons] now [ice_wizard,?,rocket,skeletons] slot_now ? elixir 6->1 wall=12:24:06.271
[student] PLAY skeletons p=0.29 cell 250 board (0.92, 0.55) units 4 28 ms tap [?,the_log,?,skeletons] hand [ice_wizard,the_log,rocket,skeletons] elixir 2 wall=12:24:09.800
[student] TAP slot 3 skeletons cell 250 wall=12:24:10.145
[student] TRAY first +0.26s tapped slot 3 meant skeletons before [ice_wizard,the_log,rocket,skeletons] now [ice_wizard,the_log,rocket,?] slot_now ? elixir 2->1 wall=12:24:10.404
[student] TRAY settled +0.60s tapped slot 3 meant skeletons before [ice_wizard,the_log,rocket,skeletons] now [ice_wizard,the_log,rocket,?] slot_now ? elixir 2->1 wall=12:24:10.748
[student] PLAY the_log p=0.28 cell 249 board (0.86, 0.55) units 5 21 ms tap [?,the_log,?,?] hand [ice_wizard,the_log,rocket,tornado] elixir 2 wall=12:24:12.963
[student] TAP slot 1 the_log cell 246 wall=12:24:13.295
[student] TRAY first +0.98s tapped slot 1 meant the_log before [ice_wizard,the_log,rocket,tornado] now [ice_wizard,?,rocket,tornado] slot_now ? elixir 2->2 wall=12:24:14.271
[student] WAIT | exact=0 opp=? next=164 t=111s hand=[2, 149, 4, 0] tw=1.00.91.01.01.01.0 sp=0 unk=0 p=0.05 elixir 3 opp~? units 1 dets 1 (waits 2261/3152 badhand 987/4611) tap [ice_wizard,knight_evo,?,tornado] wall=12:24:22.049
[clock] icon reads x3 but the clock reads x1 -> using the clock (x1)
[student] WAIT p=0.21 elixir 7 opp~? units 0 dets 1 (waits 2271/3162 badhand 987/4621) tap [ice_wizard,knight_evo,rocket,tornado] wall=12:24:29.727
[student] PLAY knight_evo p=0.83 cell 423 board (0.53, 0.98) units 0 29 ms tap [ice_wizard,knight_evo,rocket,tornado] hand [ice_wizard,knight_evo,rocket,tornado] elixir 8 wall=12:24:31.220
[student] TAP slot 1 knight_evo cell 423 wall=12:24:31.550
[clock] icon reads x3 but the clock reads x2 -> using the clock (x2)
12:24:32 [play] elixir x2
[student] TRAY first +0.63s tapped slot 1 meant knight_evo before [ice_wizard,knight_evo,rocket,tornado] now [ice_wizard,?,rocket,tornado] slot_now ? elixir 8->5 wall=12:24:32.178
[student] PLAY ice_wizard p=0.92 cell 343 board (0.08, 0.8) units 3 19 ms tap [ice_wizard,?,rocket,tornado] hand [ice_wizard,?,rocket,tornado] elixir 5 wall=12:24:32.266
[student] TAP slot 0 ice_wizard cell 343 wall=12:24:32.599
[student] TRAY first +0.57s tapped slot 0 meant ice_wizard before [ice_wizard,?,rocket,tornado] now [?,?,rocket,tornado] slot_now ? elixir 5->3 wall=12:24:33.165
[student] PLAY tornado p=0.60 cell 384 board (0.36, 0.89) units 4 24 ms tap [?,?,?,tornado] hand [?,?,rocket,tornado] elixir 3 wall=12:24:33.253
[student] TAP slot 3 tornado cell 384 wall=12:24:33.593
[student] TRAY first +0.60s tapped slot 3 meant tornado before [?,?,rocket,tornado] now [?,?,rocket,?] slot_now ? elixir 3->3 wall=12:24:34.195
[student] PLAY skeletons p=0.72 cell 237 board (0.19, 0.55) units 3 15 ms tap [?,?,?,skeletons] hand [ice_wizard,tesla,rocket,skeletons] elixir 2 wall=12:24:35.788
[student] TAP slot 3 skeletons cell 237 wall=12:24:36.116
[student] TRAY first +0.52s tapped slot 3 meant skeletons before [ice_wizard,tesla,rocket,skeletons] now [the_log,tesla,rocket,?] slot_now ? elixir 2->1 wall=12:24:36.635
[student] PLAY the_log p=0.69 cell 392 board (0.81, 0.89) units 7 28 ms tap [?,?,?,the_log] hand [ice_wizard,?,rocket,the_log] elixir 3 wall=12:24:38.144
[student] TAP slot 3 the_log cell 392 wall=12:24:38.479
[student] TRAY first +0.72s tapped slot 3 meant the_log before [ice_wizard,?,rocket,the_log] now [the_log,tesla,rocket,?] slot_now ? elixir 3->2 wall=12:24:39.202
[student] PLAY knight p=0.31 cell 309 board (0.19, 0.73) units 2 17 ms tap [?,?,?,knight] hand [x_bow,?,rocket,knight] elixir 4 wall=12:24:42.528
[student] TAP slot 3 knight cell 255 wall=12:24:42.862
[student] TRAY first +0.60s tapped slot 3 meant knight before [x_bow,?,rocket,knight] now [the_log,tesla,rocket,?] slot_now ? elixir 4->3 wall=12:24:43.462
[student] WAIT p=0.24 elixir 4 opp~? units 4 dets 4 (waits 2276/3173 badhand 992/4637) tap [?,?,?,ice_wizard] wall=12:24:46.265
[student] PLAY ice_wizard p=0.45 cell 243 board (0.53, 0.55) units 4 23 ms tap [?,?,?,ice_wizard] hand [x_bow,?,rocket,ice_wizard] elixir 5 wall=12:24:47.627
[student] TAP slot 3 ice_wizard cell 243 wall=12:24:47.961
[student] TRAY first +0.61s tapped slot 3 meant ice_wizard before [x_bow,?,rocket,ice_wizard] now [ice_wizard,tesla,rocket,?] slot_now ? elixir 5->3 wall=12:24:48.572
[student] PLAY tornado p=0.30 cell 153 board (0.53, 0.36) units 3 16 ms tap [?,?,?,tornado] hand [x_bow,?,rocket,tornado] elixir 5 wall=12:24:51.364
[student] TAP slot 3 tornado cell 153 wall=12:24:51.694
[student] TRAY first +0.24s tapped slot 3 meant tornado before [x_bow,?,rocket,tornado] now [the_log,tesla,rocket,?] slot_now ? elixir 5->3 wall=12:24:51.936
[student] TRAY settled +0.59s tapped slot 3 meant tornado before [x_bow,?,rocket,tornado] now [ice_wizard,tesla,rocket,?] slot_now ? elixir 5->2 wall=12:24:52.285
[student] WAIT p=0.22 elixir 4 opp~? units 4 dets 5 (waits 2282/3181 badhand 995/4649) tap [?,?,?,skeletons] wall=12:24:54.153
[student] PLAY skeletons p=0.40 cell 237 board (0.19, 0.55) units 5 28 ms tap [?,?,?,skeletons] hand [x_bow,?,rocket,skeletons] elixir 5 wall=12:24:55.463
[student] TAP slot 3 skeletons cell 237 wall=12:24:55.800
[student] TRAY first +0.24s tapped slot 3 meant skeletons before [x_bow,?,rocket,skeletons] now [x_bow,?,rocket,?] slot_now ? elixir 5->3 wall=12:24:56.038
[student] TRAY settled +0.57s tapped slot 3 meant skeletons before [x_bow,?,rocket,skeletons] now [x_bow,?,rocket,?] slot_now ? elixir 5->4 wall=12:24:56.366
[student] PLAY the_log p=0.95 cell 363 board (0.19, 0.86) units 6 17 ms tap [?,?,?,the_log] hand [x_bow,?,rocket,the_log] elixir 5 wall=12:24:57.397
[student] TAP slot 3 the_log cell 365 wall=12:24:57.727
[student] TRAY first +0.25s tapped slot 3 meant the_log before [x_bow,?,rocket,the_log] now [ice_wizard,?,rocket,?] slot_now ? elixir 5->3 wall=12:24:57.973
[student] TRAY settled +0.57s tapped slot 3 meant the_log before [x_bow,?,rocket,the_log] now [x_bow,?,rocket,?] slot_now ? elixir 5->4 wall=12:24:58.299
[student] PLAY knight p=0.90 cell 309 board (0.19, 0.73) units 7 26 ms tap [?,?,?,knight] hand [x_bow,?,rocket,knight] elixir 4 wall=12:24:59.194
[student] TAP slot 3 knight cell 255 wall=12:24:59.524
[student] TRAY first +0.25s tapped slot 3 meant knight before [x_bow,?,rocket,knight] now [the_log,tesla,rocket,?] slot_now ? elixir 4->3 wall=12:24:59.771
[student] TRAY settled +0.59s tapped slot 3 meant knight before [x_bow,?,rocket,knight] now [the_log,tesla,rocket,?] slot_now ? elixir 4->2 wall=12:25:00.118
[student] PLAY ice_wizard p=0.52 cell 235 board (0.08, 0.55) units 5 24 ms tap [?,?,?,ice_wizard] hand [x_bow,?,rocket,ice_wizard] elixir 4 wall=12:25:02.430
[student] TAP slot 3 ice_wizard cell 235 wall=12:25:02.761
[student] TRAY first +0.27s tapped slot 3 meant ice_wizard before [x_bow,?,rocket,ice_wizard] now [tesla,?,rocket,?] slot_now ? elixir 4->3 wall=12:25:03.034
[student] TRAY settled +0.85s tapped slot 3 meant ice_wizard before [x_bow,?,rocket,ice_wizard] now [the_log,?,rocket,?] slot_now ? elixir 4->1 wall=12:25:03.614
[student] WAIT p=0.21 elixir 3 opp~? units 4 dets 4 (waits 2286/3189 badhand 998/4663) tap [?,?,?,tornado] wall=12:25:05.545
[student] PLAY tornado p=0.40 cell 186 board (0.36, 0.42) units 4 18 ms tap [?,?,?,tornado] hand [ice_wizard,tesla_evo,rocket,tornado] elixir 3 wall=12:25:06.340
[assist] TORNADO king-spot cell 186->332 trigger goblins at (0.41,0.69) enemy tracks 3 wall=12:25:06.341
[student] TAP slot 3 tornado cell 332 wall=12:25:06.677
[student] TRAY first +0.25s tapped slot 3 meant tornado before [ice_wizard,tesla_evo,rocket,tornado] now [ice_wizard,tesla,rocket,?] slot_now ? elixir 3->3 wall=12:25:06.931
[student] TRAY settled +0.60s tapped slot 3 meant tornado before [ice_wizard,tesla_evo,rocket,tornado] now [tesla,?,rocket,?] slot_now ? elixir 3->1 wall=12:25:07.274
[student] PLAY skeletons p=0.36 cell 238 board (0.25, 0.55) units 4 16 ms tap [?,?,?,skeletons] hand [ice_wizard,tesla,rocket,skeletons] elixir 2 wall=12:25:09.251
[student] TAP slot 3 skeletons cell 238 wall=12:25:09.585
[student] TRAY first +0.27s tapped slot 3 meant skeletons before [ice_wizard,tesla,rocket,skeletons] now [the_log,tesla,rocket,?] slot_now ? elixir 2->1 wall=12:25:09.856
[student] TRAY settled +0.58s tapped slot 3 meant skeletons before [ice_wizard,tesla,rocket,skeletons] now [the_log,tesla,rocket,?] slot_now ? elixir 2->2 wall=12:25:10.163
[student] PLAY the_log p=0.49 cell 237 board (0.19, 0.55) units 2 30 ms tap [?,?,?,the_log] hand [ice_wizard,?,rocket,the_log] elixir 3 wall=12:25:11.338
[student] TAP slot 3 the_log cell 242 wall=12:25:11.683
[student] TRAY first +0.26s tapped slot 3 meant the_log before [ice_wizard,?,rocket,the_log] now [tesla,?,rocket,?] slot_now ? elixir 3->2 wall=12:25:11.942
[student] TRAY settled +0.60s tapped slot 3 meant the_log before [ice_wizard,?,rocket,the_log] now [the_log,?,rocket,?] slot_now ? elixir 3->2 wall=12:25:12.278
[student] PLAY knight_evo p=0.33 cell 237 board (0.19, 0.55) units 2 30 ms tap [?,?,?,knight_evo] hand [x_bow,?,rocket,knight_evo] elixir 4 wall=12:25:15.844
[student] TAP slot 3 knight_evo cell 237 wall=12:25:16.176
[student] TRAY first +0.24s tapped slot 3 meant knight_evo before [x_bow,?,rocket,knight_evo] now [the_log,?,rocket,?] slot_now ? elixir 4->3 wall=12:25:16.415
[student] TRAY settled +0.54s tapped slot 3 meant knight_evo before [x_bow,?,rocket,knight_evo] now [the_log,tesla,rocket,?] slot_now ? elixir 4->2 wall=12:25:16.713
[student] WAIT NO-TRAY-MATCH p=0.26 elixir 2 opp~? units 2 dets 2 (waits 2290/3197 badhand 1004/4677) tap [?,?,?,?] wall=12:25:16.768
[student] PLAY ice_wizard p=0.38 cell 236 board (0.14, 0.55) units 3 12 ms tap [?,?,?,ice_wizard] hand [x_bow,?,rocket,ice_wizard] elixir 4 wall=12:25:19.229
[student] TAP slot 3 ice_wizard cell 236 wall=12:25:19.565
[student] TRAY first +0.26s tapped slot 3 meant ice_wizard before [x_bow,?,rocket,ice_wizard] now [tesla,?,rocket,?] slot_now ? elixir 4->3 wall=12:25:19.828
[student] TRAY settled +0.81s tapped slot 3 meant ice_wizard before [x_bow,?,rocket,ice_wizard] now [tesla,?,rocket,?] slot_now ? elixir 4->1 wall=12:25:20.379
[student] PLAY tornado p=0.46 cell 165 board (0.19, 0.39) units 4 23 ms tap [?,?,?,tornado] hand [ice_wizard,tesla,rocket,tornado] elixir 3 wall=12:25:22.108
[student] TAP slot 3 tornado cell 165 wall=12:25:22.444
[student] TRAY first +0.22s tapped slot 3 meant tornado before [ice_wizard,tesla,rocket,tornado] now [tornado,?,rocket,?] slot_now ? elixir 3->3 wall=12:25:22.668
[student] TRAY settled +0.53s tapped slot 3 meant tornado before [ice_wizard,tesla,rocket,tornado] now [tornado,?,rocket,?] slot_now ? elixir 3->0 wall=12:25:22.978
[student] PLAY skeletons p=0.81 cell 374 board (0.81, 0.86) units 3 21 ms tap [?,?,?,skeletons] hand [the_log,?,rocket,skeletons] elixir 2 wall=12:25:24.942
[student] TAP slot 3 skeletons cell 374 wall=12:25:25.294
[student] TRAY first +0.25s tapped slot 3 meant skeletons before [the_log,?,rocket,skeletons] now [tesla,?,rocket,?] slot_now ? elixir 2->1 wall=12:25:25.541
[student] TRAY settled +0.55s tapped slot 3 meant skeletons before [the_log,?,rocket,skeletons] now [tesla,?,rocket,?] slot_now ? elixir 2->1 wall=12:25:25.848
12:25:26 [play] UNKNOWN 0.4s after in-match -> grace hold (label lost: overtime / end animation / dropout; up to 150s)
12:25:33 [play] state: MATCH_END
12:25:33 [nav] MATCH_END -> Play Again (located) (0.348,0.914)
12:25:34 [play] state: UNKNOWN
12:25:40 [play] state: IN_MATCH
[student] WAIT | exact=0 opp=? next=3 t=3s hand=[7, 164, 4, 6] tw=1.01.01.01.01.01.0 sp=0 unk=0 p=0.01 elixir 8 opp~? units 0 dets 0 (waits 2295/3205 badhand 1006/4690) tap [skeletons,tesla,rocket,the_log] wall=12:25:43.854
[student] PLAY the_log p=0.31 cell 237 board (0.19, 0.55) units 1 15 ms tap [skeletons,tesla,rocket,the_log] hand [skeletons,tesla,rocket,the_log] elixir 10 wall=12:25:47.417
[student] TAP slot 3 the_log cell 238 wall=12:25:47.748
[student] TRAY first +0.23s tapped slot 3 meant the_log before [skeletons,tesla,rocket,the_log] now [skeletons,tesla,rocket,?] slot_now ? elixir 10->8 wall=12:25:47.978
[student] TRAY settled +0.80s tapped slot 3 meant the_log before [skeletons,tesla,rocket,the_log] now [skeletons,tesla,rocket,?] slot_now ? elixir 10->8 wall=12:25:48.551
[student] PLAY skeletons p=0.36 cell 309 board (0.19, 0.73) units 1 27 ms tap [skeletons,tesla,rocket,x_bow] hand [skeletons,tesla,rocket,x_bow] elixir 8 wall=12:25:49.508
[student] TAP slot 0 skeletons cell 255 wall=12:25:49.848
[student] TRAY first +0.23s tapped slot 0 meant skeletons before [skeletons,tesla,rocket,x_bow] now [?,tesla,rocket,x_bow] slot_now ? elixir 8->6 wall=12:25:50.083
[student] TRAY settled +0.58s tapped slot 0 meant skeletons before [skeletons,tesla,rocket,x_bow] now [?,tesla,rocket,x_bow] slot_now ? elixir 8->7 wall=12:25:50.426
[student] PLAY x_bow p=0.31 cell 267 board (0.86, 0.61) units 1 18 ms tap [?,tesla,rocket,x_bow] hand [?,tesla,rocket,x_bow] elixir 7 wall=12:25:50.865
[student] TAP slot 3 x_bow cell 267 wall=12:25:51.198
[student] TRAY first +0.27s tapped slot 3 meant x_bow before [?,tesla,rocket,x_bow] now [ice_wizard,tesla,rocket,?] slot_now ? elixir 7->6 wall=12:25:51.468
[student] TRAY settled +0.88s tapped slot 3 meant x_bow before [?,tesla,rocket,x_bow] now [ice_wizard,tesla,rocket,?] slot_now ? elixir 7->2 wall=12:25:52.077
[student] PLAY knight p=0.55 cell 249 board (0.86, 0.55) units 4 18 ms tap [ice_wizard,?,?,knight] hand [ice_wizard,tesla,rocket,knight] elixir 3 wall=12:25:55.067
[student] TAP slot 3 knight cell 249 wall=12:25:55.398
[student] TRAY first +0.25s tapped slot 3 meant knight before [ice_wizard,tesla,rocket,knight] now [tornado,?,rocket,?] slot_now ? elixir 3->3 wall=12:25:55.644
[student] WAIT NO-TRAY-MATCH p=0.55 elixir 3 opp~? units 4 dets 4 (waits 2303/3217 badhand 1013/4704) tap [?,?,?,?] wall=12:25:55.735
[student] TRAY settled +0.60s tapped slot 3 meant knight before [ice_wizard,tesla,rocket,knight] now [tornado,?,rocket,?] slot_now ? elixir 3->0 wall=12:25:55.997
[student] PLAY ice_wizard p=0.57 cell 246 board (0.69, 0.55) units 5 19 ms tap [ice_wizard,?,?,tornado] hand [ice_wizard,tesla,rocket,tornado] elixir 3 wall=12:26:03.113
[student] TAP slot 0 ice_wizard cell 246 wall=12:26:03.443
[student] TRAY first +0.26s tapped slot 0 meant ice_wizard before [ice_wizard,tesla,rocket,tornado] now [?,?,rocket,tornado] slot_now ? elixir 3->3 wall=12:26:03.708
[student] TRAY settled +0.61s tapped slot 0 meant ice_wizard before [ice_wizard,tesla,rocket,tornado] now [?,?,rocket,tornado] slot_now ? elixir 3->0 wall=12:26:04.058
[student] PLAY the_log p=0.35 cell 249 board (0.86, 0.55) units 2 15 ms tap [the_log,?,?,tornado] hand [the_log,tesla,rocket,tornado] elixir 3 wall=12:26:12.136
[student] TAP slot 0 the_log cell 248 wall=12:26:12.464
[student] TRAY first +0.24s tapped slot 0 meant the_log before [the_log,tesla,rocket,tornado] now [?,tesla,rocket,tornado] slot_now ? elixir 3->2 wall=12:26:12.705
[student] TRAY settled +0.55s tapped slot 0 meant the_log before [the_log,tesla,rocket,tornado] now [?,tesla,rocket,ice_wizard] slot_now ? elixir 3->1 wall=12:26:13.015
[student] PLAY skeletons p=0.27 cell 247 board (0.75, 0.55) units 2 24 ms tap [skeletons,?,?,?] hand [skeletons,tesla,rocket,tornado] elixir 2 wall=12:26:15.204
[student] TAP slot 0 skeletons cell 247 wall=12:26:15.543
[student] TRAY first +0.29s tapped slot 0 meant skeletons before [skeletons,tesla,rocket,tornado] now [?,tesla,rocket,ice_wizard] slot_now ? elixir 2->1 wall=12:26:15.832
[student] TRAY settled +0.61s tapped slot 0 meant skeletons before [skeletons,tesla,rocket,tornado] now [?,tesla,rocket,tornado] slot_now ? elixir 2->1 wall=12:26:16.157
[student] WAIT NO-TRAY-MATCH p=0.14 elixir 2 opp~? units 3 dets 3 (waits 2310/3227 badhand 1014/4717) tap [?,?,?,?] wall=12:26:18.183
[student] PLAY tornado p=0.33 cell 158 board (0.81, 0.36) units 2 19 ms tap [?,?,?,tornado] hand [ice_wizard,tesla,rocket,tornado] elixir 3 wall=12:26:20.018
[student] TAP slot 3 tornado cell 158 wall=12:26:20.352
[student] TRAY first +0.25s tapped slot 3 meant tornado before [ice_wizard,tesla,rocket,tornado] now [x_bow,?,rocket,?] slot_now ? elixir 3->3 wall=12:26:20.604
[student] TRAY settled +0.58s tapped slot 3 meant tornado before [ice_wizard,tesla,rocket,tornado] now [x_bow,?,rocket,?] slot_now ? elixir 3->0 wall=12:26:20.929
[student] PLAY knight p=0.48 cell 248 board (0.81, 0.55) units 3 11 ms tap [?,?,?,knight] hand [ice_wizard,tesla,rocket,knight] elixir 3 wall=12:26:28.886
[student] TAP slot 3 knight cell 248 wall=12:26:29.214
[student] TRAY first +0.26s tapped slot 3 meant knight before [ice_wizard,tesla,rocket,knight] now [x_bow,?,rocket,?] slot_now ? elixir 3->3 wall=12:26:29.472
[student] TRAY settled +0.98s tapped slot 3 meant knight before [ice_wizard,tesla,rocket,knight] now [tornado,?,rocket,?] slot_now ? elixir 3->0 wall=12:26:30.191
[student] WAIT NO-TRAY-MATCH p=0.28 elixir 3 opp~? units 2 dets 2 (waits 2310/3229 badhand 1014/4729) tap [?,?,?,?] wall=12:26:36.935
[student] PLAY tesla p=0.47 cell 279 board (0.5, 0.66) units 3 16 ms tap [?,tesla,?,ice_wizard] hand [x_bow,tesla,rocket,ice_wizard] elixir 5 wall=12:26:43.688
[student] TAP slot 1 tesla cell 279 wall=12:26:44.043
[student] TRAY first +0.26s tapped slot 1 meant tesla before [x_bow,tesla,rocket,ice_wizard] now [tesla,?,rocket,ice_wizard] slot_now ? elixir 5->4 wall=12:26:44.305
[student] WAIT NO-TRAY-MATCH p=0.63 elixir 4 opp~? units 3 dets 3 (waits 2316/3236 badhand 1015/4740) tap [?,?,?,?] wall=12:26:44.378
[student] TRAY settled +0.60s tapped slot 1 meant tesla before [x_bow,tesla,rocket,ice_wizard] now [tesla,?,rocket,ice_wizard] slot_now ? elixir 5->1 wall=12:26:44.642
[student] PLAY the_log p=0.65 cell 338 board (0.81, 0.77) units 3 16 ms tap [?,the_log,?,?] hand [ice_wizard,the_log,rocket,ice_wizard] elixir 2 wall=12:26:47.771
[student] TAP slot 1 the_log cell 353 wall=12:26:48.097
[student] TRAY first +0.25s tapped slot 1 meant the_log before [ice_wizard,the_log,rocket,ice_wizard] now [ice_wizard,?,rocket,ice_wizard] slot_now ? elixir 2->2 wall=12:26:48.343
[student] TRAY settled +0.58s tapped slot 1 meant the_log before [ice_wizard,the_log,rocket,ice_wizard] now [ice_wizard,?,rocket,ice_wizard] slot_now ? elixir 2->1 wall=12:26:48.673
[student] PLAY skeletons p=0.59 cell 320 board (0.81, 0.73) units 4 30 ms tap [?,skeletons,?,?] hand [tesla,skeletons,rocket,ice_wizard] elixir 1 wall=12:26:49.884
[student] TAP slot 1 skeletons cell 266 wall=12:26:50.215
[student] TRAY first +0.26s tapped slot 1 meant skeletons before [tesla,skeletons,rocket,ice_wizard] now [tornado,?,rocket,ice_wizard] slot_now ? elixir 1->1 wall=12:26:50.472
[student] TRAY settled +1.00s tapped slot 1 meant skeletons before [tesla,skeletons,rocket,ice_wizard] now [ice_wizard,?,rocket,ice_wizard] slot_now ? elixir 1->1 wall=12:26:51.215
[student] PLAY tornado p=0.45 cell 157 board (0.75, 0.36) units 2 8 ms tap [?,tornado,?,?] hand [ice_wizard,tornado,rocket,ice_wizard] elixir 3 wall=12:26:56.594
[student] TAP slot 1 tornado cell 157 wall=12:26:56.925
[student] TRAY first +0.28s tapped slot 1 meant tornado before [ice_wizard,tornado,rocket,ice_wizard] now [x_bow,?,rocket,tornado] slot_now ? elixir 3->3 wall=12:26:57.204
[student] TRAY settled +0.62s tapped slot 1 meant tornado before [ice_wizard,tornado,rocket,ice_wizard] now [x_bow,?,rocket,tornado] slot_now ? elixir 3->0 wall=12:26:57.542
[student] WAIT NO-TRAY-MATCH p=0.06 elixir 2 opp~? units 0 dets 0 (waits 2316/3239 badhand 1016/4753) tap [?,?,?,?] wall=12:27:02.302
[student] PLAY knight_evo p=0.80 cell 320 board (0.81, 0.73) units 1 16 ms tap [?,knight_evo,?,?] hand [ice_wizard,knight_evo,rocket,ice_wizard] elixir 3 wall=12:27:06.085
[student] TAP slot 1 knight_evo cell 266 wall=12:27:06.414
[student] TRAY first +0.24s tapped slot 1 meant knight_evo before [ice_wizard,knight_evo,rocket,ice_wizard] now [tornado,?,rocket,ice_wizard] slot_now ? elixir 3->3 wall=12:27:06.656
[student] TRAY settled +1.03s tapped slot 1 meant knight_evo before [ice_wizard,knight_evo,rocket,ice_wizard] now [ice_wizard,?,rocket,tornado] slot_now ? elixir 3->0 wall=12:27:07.440
[student] WAIT NO-TRAY-MATCH p=0.17 elixir 3 opp~? units 1 dets 1 (waits 2318/3242 badhand 1017/4764) tap [?,?,?,?] wall=12:27:14.731
[student] WAIT p=0.10 elixir 5 opp~? units 2 dets 2 (waits 2327/3251 badhand 1017/4774) tap [?,tesla,?,ice_wizard] wall=12:27:21.826
[student] PLAY x_bow p=0.36 cell 267 board (0.86, 0.61) units 1 30 ms tap [x_bow,tesla,rocket,ice_wizard] hand [x_bow,tesla,rocket,ice_wizard] elixir 8 wall=12:27:28.756
[student] TAP slot 0 x_bow cell 267 wall=12:27:29.091
[student] TRAY first +1.17s tapped slot 0 meant x_bow before [x_bow,tesla,rocket,ice_wizard] now [?,tesla,rocket,ice_wizard] slot_now ? elixir 8->6 wall=12:27:30.262
[student] PLAY ice_wizard p=0.69 cell 247 board (0.75, 0.55) units 2 27 ms tap [the_log,?,?,ice_wizard] hand [the_log,tesla,rocket,ice_wizard] elixir 3 wall=12:27:31.553
[student] TAP slot 3 ice_wizard cell 247 wall=12:27:31.896
[student] TRAY first +1.09s tapped slot 3 meant ice_wizard before [the_log,tesla,rocket,ice_wizard] now [the_log,?,rocket,?] slot_now ? elixir 3->3 wall=12:27:32.983
[student] PLAY skeletons p=0.35 cell 248 board (0.81, 0.55) units 2 18 ms tap [?,?,?,skeletons] hand [the_log,?,rocket,skeletons] elixir 1 wall=12:27:34.214
[student] TAP slot 3 skeletons cell 248 wall=12:27:34.547
[student] TRAY first +0.88s tapped slot 3 meant skeletons before [the_log,?,rocket,skeletons] now [the_log,?,rocket,?] slot_now ? elixir 1->1 wall=12:27:35.427
[clock] icon reads x3 but the clock reads x1 -> using the clock (x1)
[student] PLAY the_log p=0.50 cell 153 board (0.53, 0.36) units 3 17 ms tap [the_log,?,?,tornado] hand [the_log,tesla,rocket,tornado] elixir 3 wall=12:27:39.530
[student] TAP slot 0 the_log cell 367 wall=12:27:39.864
[student] TRAY first +0.62s tapped slot 0 meant the_log before [the_log,tesla,rocket,tornado] now [?,tesla,rocket,tornado] slot_now ? elixir 3->2 wall=12:27:40.481
[clock] icon reads x3 but the clock reads x2 -> using the clock (x2)
12:27:41 [play] elixir x2
[student] PLAY knight p=0.62 cell 248 board (0.81, 0.55) units 3 25 ms tap [knight,?,?,tornado] hand [knight,tesla,rocket,tornado] elixir 3 wall=12:27:42.120
[student] TAP slot 0 knight cell 248 wall=12:27:42.466
[student] TRAY first +0.58s tapped slot 0 meant knight before [knight,tesla,rocket,tornado] now [?,tesla,rocket,tornado] slot_now ? elixir 3->3 wall=12:27:43.051
[student] WAIT p=0.05 elixir 3 opp~? units 2 dets 3 (waits 2335/3264 badhand 1020/4789) tap [?,?,?,tornado] wall=12:27:43.139
[student] PLAY tornado p=0.33 cell 157 board (0.75, 0.36) units 2 24 ms tap [?,?,?,tornado] hand [ice_wizard,tesla,rocket,tornado] elixir 3 wall=12:27:46.127
[student] TAP slot 3 tornado cell 157 wall=12:27:46.460
[student] TRAY first +0.71s tapped slot 3 meant tornado before [ice_wizard,tesla,rocket,tornado] now [tornado,?,rocket,?] slot_now ? elixir 3->3 wall=12:27:47.173
[student] PLAY ice_wizard p=0.56 cell 336 board (0.69, 0.77) units 2 20 ms tap [?,tesla,?,ice_wizard] hand [x_bow,tesla,rocket,ice_wizard] elixir 4 wall=12:27:51.816
[student] TAP slot 3 ice_wizard cell 336 wall=12:27:52.159
[student] TRAY first +0.71s tapped slot 3 meant ice_wizard before [x_bow,tesla,rocket,ice_wizard] now [tesla,tesla,rocket,?] slot_now ? elixir 4->3 wall=12:27:52.870
[student] PLAY skeletons p=0.78 cell 354 board (0.69, 0.83) units 1 27 ms tap [?,?,?,skeletons] hand [ice_wizard,tesla,rocket,skeletons] elixir 3 wall=12:27:54.714
[student] TAP slot 3 skeletons cell 354 wall=12:27:55.048
[student] TRAY first +0.65s tapped slot 3 meant skeletons before [ice_wizard,tesla,rocket,skeletons] now [ice_wizard,tesla,rocket,?] slot_now ? elixir 3->2 wall=12:27:55.695
[student] PLAY the_log p=0.65 cell 338 board (0.81, 0.77) units 2 25 ms tap [?,?,?,the_log] hand [ice_wizard,tesla,rocket,the_log] elixir 3 wall=12:27:57.170
[student] TAP slot 3 the_log cell 407 wall=12:27:57.526
[student] TRAY first +0.71s tapped slot 3 meant the_log before [ice_wizard,tesla,rocket,the_log] now [the_log,tesla,rocket,?] slot_now ? elixir 3->2 wall=12:27:58.240
[student] WAIT NO-TRAY-MATCH p=0.72 elixir 3 opp~? units 3 dets 4 (waits 2335/3268 badhand 1025/4803) tap [?,?,?,?] wall=12:27:58.994
[student] PLAY knight p=0.50 cell 248 board (0.81, 0.55) units 3 20 ms tap [?,?,?,knight] hand [ice_wizard,tesla,rocket,knight] elixir 3 wall=12:27:59.786
[student] TAP slot 3 knight cell 248 wall=12:28:00.125
[student] TRAY first +0.63s tapped slot 3 meant knight before [ice_wizard,tesla,rocket,knight] now [tesla,tesla,rocket,?] slot_now ? elixir 3->3 wall=12:28:00.752
[student] PLAY tornado p=0.60 cell 352 board (0.58, 0.83) units 2 29 ms tap [?,?,?,tornado] hand [ice_wizard,tesla,rocket,tornado] elixir 3 wall=12:28:03.851
[student] TAP slot 3 tornado cell 352 wall=12:28:04.190
[student] TRAY first +0.26s tapped slot 3 meant tornado before [ice_wizard,tesla,rocket,tornado] now [ice_wizard,tesla,rocket,?] slot_now ? elixir 3->3 wall=12:28:04.450
[student] TRAY settled +1.04s tapped slot 3 meant tornado before [ice_wizard,tesla,rocket,tornado] now [the_log,tesla,rocket,?] slot_now ? elixir 3->1 wall=12:28:05.233
[student] WAIT p=0.12 elixir 5 opp~? units 2 dets 2 (waits 2340/3275 badhand 1026/4815) tap [?,tesla,?,ice_wizard] wall=12:28:10.771
12:28:11 [play] UNKNOWN 0.4s after in-match -> grace hold (label lost: overtime / end animation / dropout; up to 150s)
12:28:18 [play] state: MATCH_END
12:28:18 [nav] MATCH_END -> Play Again (fixed) (0.335,0.905)
12:28:19 [play] state: UNKNOWN
12:28:25 [play] state: IN_MATCH
[student] PLAY tesla p=0.66 cell 297 board (0.5, 0.69) units 1 19 ms tap [tornado,ice_wizard,tesla,skeletons] hand [tornado,ice_wizard,tesla,skeletons] elixir 10 wall=12:28:32.933
[student] TAP slot 2 tesla cell 297 wall=12:28:33.264
[student] TRAY first +0.27s tapped slot 2 meant tesla before [tornado,ice_wizard,tesla,skeletons] now [tornado,ice_wizard,?,skeletons] slot_now ? elixir 10->5 wall=12:28:33.534
[student] WAIT | exact=0 opp=? next=149 t=8s hand=[0, 2, -1, 7] tw=1.01.01.01.01.01.0 sp=0 unk=0 p=0.02 elixir 5 opp~? units 2 dets 2 (waits 2350/3286 badhand 1028/4826) tap [tornado,ice_wizard,?,skeletons] wall=12:28:33.605
[student] TRAY settled +1.05s tapped slot 2 meant tesla before [tornado,ice_wizard,tesla,skeletons] now [tornado,ice_wizard,?,skeletons] slot_now ? elixir 10->6 wall=12:28:34.315
[student] PLAY skeletons p=0.32 cell 237 board (0.19, 0.55) units 2 18 ms tap [tornado,ice_wizard,knight,skeletons] hand [tornado,ice_wizard,knight,skeletons] elixir 7 wall=12:28:37.615
[student] TAP slot 3 skeletons cell 237 wall=12:28:37.956
[student] TRAY first +0.26s tapped slot 3 meant skeletons before [tornado,ice_wizard,knight,skeletons] now [tornado,ice_wizard,knight,?] slot_now ? elixir 7->5 wall=12:28:38.220
[student] TRAY settled +0.62s tapped slot 3 meant skeletons before [tornado,ice_wizard,knight,skeletons] now [tornado,ice_wizard,knight,?] slot_now ? elixir 7->6 wall=12:28:38.575
[student] PLAY knight p=0.33 cell 238 board (0.25, 0.55) units 2 27 ms tap [tornado,ice_wizard,knight,?] hand [tornado,ice_wizard,knight,?] elixir 6 wall=12:28:39.332
[student] TAP slot 2 knight cell 238 wall=12:28:39.663
[student] TRAY first +0.26s tapped slot 2 meant knight before [tornado,ice_wizard,knight,?] now [tornado,ice_wizard,?,rocket] slot_now ? elixir 6->6 wall=12:28:39.918
[student] TRAY settled +1.08s tapped slot 2 meant knight before [tornado,ice_wizard,knight,?] now [tornado,ice_wizard,?,rocket] slot_now ? elixir 6->4 wall=12:28:40.741
[student] WAIT p=0.07 elixir 4 opp~? units 2 dets 2 (waits 2360/3298 badhand 1036/4838) tap [tornado,ice_wizard,?,?] wall=12:28:40.834
[student] PLAY ice_wizard p=0.54 cell 235 board (0.08, 0.55) units 2 28 ms tap [tornado,ice_wizard,?,?] hand [tornado,ice_wizard,x_bow,rocket] elixir 4 wall=12:28:41.207
[student] TAP slot 1 ice_wizard cell 235 wall=12:28:41.541
[student] TRAY first +0.25s tapped slot 1 meant ice_wizard before [tornado,ice_wizard,x_bow,rocket] now [tornado,?,tesla,rocket] slot_now ? elixir 4->3 wall=12:28:41.790
[student] TRAY settled +0.62s tapped slot 1 meant ice_wizard before [tornado,ice_wizard,x_bow,rocket] now [tornado,?,tesla,rocket] slot_now ? elixir 4->1 wall=12:28:42.158
[student] WAIT p=0.17 elixir 3 opp~? units 2 dets 2 (waits 2366/3305 badhand 1037/4849) tap [tornado,the_log,?,?] wall=12:28:48.271
[student] PLAY x_bow p=0.39 cell 267 board (0.86, 0.61) units 3 16 ms tap [tornado,the_log,x_bow,rocket] hand [tornado,the_log,x_bow,rocket] elixir 6 wall=12:28:54.516
[student] TAP slot 2 x_bow cell 267 wall=12:28:54.846
[student] TRAY first +0.24s tapped slot 2 meant x_bow before [tornado,the_log,x_bow,rocket] now [tornado,the_log,?,rocket] slot_now ? elixir 6->6 wall=12:28:55.084
[student] TRAY settled +1.04s tapped slot 2 meant x_bow before [tornado,the_log,x_bow,rocket] now [tornado,the_log,?,rocket] slot_now ? elixir 6->0 wall=12:28:55.882
[student] WAIT p=0.08 elixir 2 opp~? units 2 dets 2 (waits 2375/3315 badhand 1038/4860) tap [?,the_log,?,?] wall=12:29:00.127
[student] PLAY tornado p=0.37 cell 158 board (0.81, 0.36) units 4 17 ms tap [tornado,the_log,?,?] hand [tornado,the_log,tesla,rocket] elixir 3 wall=12:29:03.571
[student] TAP slot 0 tornado cell 158 wall=12:29:03.911
[student] TRAY first +0.24s tapped slot 0 meant tornado before [tornado,the_log,tesla,rocket] now [?,the_log,tesla,rocket] slot_now ? elixir 3->3 wall=12:29:04.148
[student] TRAY settled +0.55s tapped slot 0 meant tornado before [tornado,the_log,tesla,rocket] now [?,the_log,tesla,rocket] slot_now ? elixir 3->0 wall=12:29:04.464
[student] PLAY skeletons p=0.31 cell 250 board (0.92, 0.55) units 2 18 ms tap [skeletons,?,?,?] hand [skeletons,the_log,tesla,rocket] elixir 1 wall=12:29:06.267
[student] TAP slot 0 skeletons cell 250 wall=12:29:06.596
[student] TRAY first +0.32s tapped slot 0 meant skeletons before [skeletons,the_log,tesla,rocket] now [?,the_log,tesla,rocket] slot_now ? elixir 1->1 wall=12:29:06.913
[student] TRAY settled +0.89s tapped slot 0 meant skeletons before [skeletons,the_log,tesla,rocket] now [?,the_log,tesla,rocket] slot_now ? elixir 1->0 wall=12:29:07.489
[student] PLAY the_log p=0.38 cell 338 board (0.81, 0.77) units 2 7 ms tap [?,the_log,?,?] hand [knight,the_log,tesla,rocket] elixir 2 wall=12:29:11.471
[student] TAP slot 1 the_log cell 266 wall=12:29:11.808
[student] TRAY first +0.25s tapped slot 1 meant the_log before [knight,the_log,tesla,rocket] now [knight,?,tesla,rocket] slot_now ? elixir 2->2 wall=12:29:12.057
[student] TRAY settled +0.53s tapped slot 1 meant the_log before [knight,the_log,tesla,rocket] now [knight,?,tesla,rocket] slot_now ? elixir 2->0 wall=12:29:12.336
[student] WAIT | exact=0 opp=? next=3 t=57s hand=[149, 2, 164, 4] tw=1.01.01.01.01.01.0 sp=0 unk=0 p=0.01 elixir 4 opp~? units 0 dets 0 (waits 2384/3327 badhand 1039/4873) tap [knight,ice_wizard,tesla,?] wall=12:29:22.559
[student] PLAY tesla p=0.30 cell 297 board (0.5, 0.69) units 1 22 ms tap [knight,ice_wizard,tesla,rocket] hand [knight,ice_wizard,tesla,rocket] elixir 6 wall=12:29:29.719
[student] TAP slot 2 tesla cell 297 wall=12:29:30.054
[student] TRAY first +0.25s tapped slot 2 meant tesla before [knight,ice_wizard,tesla,rocket] now [knight,ice_wizard,?,rocket] slot_now ? elixir 6->4 wall=12:29:30.303
[student] WAIT NO-TRAY-MATCH p=0.19 elixir 4 opp~? units 2 dets 2 (waits 2393/3337 badhand 1040/4884) tap [?,?,?,?] wall=12:29:30.373
[student] TRAY settled +0.99s tapped slot 2 meant tesla before [knight,ice_wizard,tesla,rocket] now [knight,ice_wizard,?,rocket] slot_now ? elixir 6->3 wall=12:29:31.047
[student] PLAY knight p=0.31 cell 249 board (0.86, 0.55) units 2 20 ms tap [knight,?,?,?] hand [knight,ice_wizard,ice_wizard,rocket] elixir 3 wall=12:29:32.009
[student] TAP slot 0 knight cell 249 wall=12:29:32.339
[student] TRAY first +0.25s tapped slot 0 meant knight before [knight,ice_wizard,ice_wizard,rocket] now [?,ice_wizard,?,rocket] slot_now ? elixir 3->3 wall=12:29:32.587
[student] TRAY settled +0.85s tapped slot 0 meant knight before [knight,ice_wizard,ice_wizard,rocket] now [?,tornado,?,rocket] slot_now ? elixir 3->0 wall=12:29:33.186
[student] PLAY tornado p=0.47 cell 176 board (0.81, 0.39) units 3 19 ms tap [tornado,?,?,?] hand [tornado,ice_wizard,ice_wizard,rocket] elixir 3 wall=12:29:39.858
[student] TAP slot 0 tornado cell 176 wall=12:29:40.191
[student] TRAY first +0.25s tapped slot 0 meant tornado before [tornado,ice_wizard,ice_wizard,rocket] now [?,tornado,x_bow,rocket] slot_now ? elixir 3->3 wall=12:29:40.444
[student] TRAY settled +0.60s tapped slot 0 meant tornado before [tornado,ice_wizard,ice_wizard,rocket] now [?,tornado,?,rocket] slot_now ? elixir 3->0 wall=12:29:40.790
[student] WAIT p=0.23 elixir 1 opp~? units 2 dets 2 (waits 2397/3343 badhand 1043/4896) tap [skeletons,?,?,?] wall=12:29:42.684
[student] PLAY skeletons p=0.29 cell 297 board (0.53, 0.7) units 2 31 ms tap [skeletons,?,?,?] hand [skeletons,ice_wizard,ice_wizard,rocket] elixir 1 wall=12:29:43.629
[student] TAP slot 0 skeletons cell 297 wall=12:29:43.963
[student] TRAY first +0.28s tapped slot 0 meant skeletons before [skeletons,ice_wizard,ice_wizard,rocket] now [?,tornado,rocket,rocket] slot_now ? elixir 1->1 wall=12:29:44.248
[student] TRAY settled +0.60s tapped slot 0 meant skeletons before [skeletons,ice_wizard,ice_wizard,rocket] now [?,tornado,rocket,rocket] slot_now ? elixir 1->0 wall=12:29:44.565
[student] WAIT p=0.06 elixir 4 opp~? units 0 dets 0 (waits 2404/3351 badhand 1043/4907) tap [the_log,ice_wizard,?,?] wall=12:29:54.010
[student] WAIT p=0.15 elixir 6 opp~? units 0 dets 0 (waits 2414/3361 badhand 1043/4917) tap [the_log,ice_wizard,x_bow,rocket] wall=12:30:01.524
[student] PLAY x_bow p=0.33 cell 267 board (0.86, 0.61) units 0 18 ms tap [the_log,ice_wizard,x_bow,rocket] hand [the_log,ice_wizard,x_bow,rocket] elixir 7 wall=12:30:02.275
[student] TAP slot 2 x_bow cell 267 wall=12:30:02.605
[student] TRAY first +0.25s tapped slot 2 meant x_bow before [the_log,ice_wizard,x_bow,rocket] now [the_log,ice_wizard,?,rocket] slot_now ? elixir 7->6 wall=12:30:02.859
[student] TRAY settled +1.09s tapped slot 2 meant x_bow before [the_log,ice_wizard,x_bow,rocket] now [the_log,ice_wizard,?,rocket] slot_now ? elixir 7->1 wall=12:30:03.695
[student] PLAY ice_wizard p=0.36 cell 246 board (0.69, 0.55) units 2 5 ms tap [the_log,ice_wizard,?,?] hand [the_log,ice_wizard,tesla_evo,rocket] elixir 3 wall=12:30:08.905
[student] TAP slot 1 ice_wizard cell 246 wall=12:30:09.251
[student] TRAY first +1.23s tapped slot 1 meant ice_wizard before [the_log,ice_wizard,tesla_evo,rocket] now [the_log,?,?,rocket] slot_now ? elixir 3->3 wall=12:30:10.476
[student] PLAY knight_evo p=0.51 cell 248 board (0.81, 0.55) units 2 16 ms tap [the_log,knight_evo,?,?] hand [the_log,knight_evo,tesla_evo,rocket] elixir 3 wall=12:30:17.914
[student] TAP slot 1 knight_evo cell 248 wall=12:30:18.244
[student] TRAY first +1.08s tapped slot 1 meant knight_evo before [the_log,knight_evo,tesla_evo,rocket] now [the_log,?,?,rocket] slot_now ? elixir 3->3 wall=12:30:19.325
[clock] icon reads x3 but the clock reads x1 -> using the clock (x1)
[student] WAIT p=0.11 elixir 2 opp~? units 1 dets 1 (waits 2421/3371 badhand 1046/4930) tap [the_log,?,?,?] wall=12:30:22.623
[student] PLAY the_log p=0.33 cell 247 board (0.75, 0.55) units 3 28 ms tap [the_log,tornado,?,?] hand [the_log,tornado,tesla_evo,rocket] elixir 3 wall=12:30:23.412
[student] TAP slot 0 the_log cell 264 wall=12:30:23.748
[student] TRAY first +0.68s tapped slot 0 meant the_log before [the_log,tornado,tesla_evo,rocket] now [?,tornado,tesla,rocket] slot_now ? elixir 3->2 wall=12:30:24.432
[clock] icon reads x3 but the clock reads x2 -> using the clock (x2)
12:30:26 [play] elixir x2
[student] PLAY tesla_evo p=0.31 cell 245 board (0.61, 0.56) units 3 24 ms tap [skeletons,tornado,tesla_evo,?] hand [skeletons,tornado,tesla_evo,rocket] elixir 5 wall=12:30:29.201
[student] TAP slot 2 tesla_evo cell 245 wall=12:30:29.541
[student] TRAY first +0.65s tapped slot 2 meant tesla_evo before [skeletons,tornado,tesla_evo,rocket] now [skeletons,tornado,?,rocket] slot_now ? elixir 5->4 wall=12:30:30.193
[student] PLAY skeletons p=0.29 cell 250 board (0.92, 0.55) units 4 29 ms tap [skeletons,?,?,?] hand [skeletons,tornado,?,rocket] elixir 4 wall=12:30:30.284
[student] TAP slot 0 skeletons cell 250 wall=12:30:30.614
[student] TRAY first +0.68s tapped slot 0 meant skeletons before [skeletons,tornado,?,rocket] now [?,tornado,x_bow,rocket] slot_now ? elixir 4->1 wall=12:30:31.295
[student] PLAY tornado p=0.47 cell 175 board (0.75, 0.39) units 4 8 ms tap [?,tornado,?,?] hand [ice_wizard,tornado,ice_wizard,rocket] elixir 3 wall=12:30:33.831
[student] TAP slot 1 tornado cell 175 wall=12:30:34.165
[student] TRAY first +0.76s tapped slot 1 meant tornado before [ice_wizard,tornado,ice_wizard,rocket] now [ice_wizard,?,ice_wizard,rocket] slot_now ? elixir 3->3 wall=12:30:34.926
[student] PLAY knight p=0.30 cell 248 board (0.81, 0.55) units 1 30 ms tap [?,knight,?,?] hand [ice_wizard,knight,ice_wizard,rocket] elixir 3 wall=12:30:38.277
[student] TAP slot 1 knight cell 248 wall=12:30:38.612
[student] TRAY first +0.74s tapped slot 1 meant knight before [ice_wizard,knight,ice_wizard,rocket] now [ice_wizard,?,ice_wizard,rocket] slot_now ? elixir 3->4 wall=12:30:39.351
[student] WAIT p=0.15 elixir 2 opp~? units 2 dets 2 (waits 2426/3381 badhand 1050/4945) tap [?,the_log,?,?] wall=12:30:41.587
[student] PLAY the_log p=0.35 cell 248 board (0.81, 0.55) units 2 16 ms tap [?,the_log,?,?] hand [ice_wizard,the_log,ice_wizard,rocket] elixir 4 wall=12:30:43.069
[student] TAP slot 1 the_log cell 246 wall=12:30:43.405
[student] TRAY first +0.67s tapped slot 1 meant the_log before [ice_wizard,the_log,ice_wizard,rocket] now [ice_wizard,?,ice_wizard,rocket] slot_now ? elixir 4->2 wall=12:30:44.071
[student] PLAY ice_wizard p=0.41 cell 245 board (0.64, 0.55) units 2 17 ms tap [ice_wizard,tesla,?,?] hand [ice_wizard,tesla,x_bow,rocket] elixir 4 wall=12:30:46.113
[student] TAP slot 0 ice_wizard cell 245 wall=12:30:46.445
[student] TRAY first +0.26s tapped slot 0 meant ice_wizard before [ice_wizard,tesla,x_bow,rocket] now [?,tesla,tesla_evo,rocket] slot_now ? elixir 4->3 wall=12:30:46.709
[student] TRAY settled +0.61s tapped slot 0 meant ice_wizard before [ice_wizard,tesla,x_bow,rocket] now [?,tesla,the_log,rocket] slot_now ? elixir 4->2 wall=12:30:47.055
[student] PLAY skeletons p=0.52 cell 248 board (0.81, 0.55) units 4 23 ms tap [skeletons,?,?,?] hand [skeletons,tesla,ice_wizard,rocket] elixir 3 wall=12:30:48.448
[student] TAP slot 0 skeletons cell 248 wall=12:30:48.783
[student] TRAY first +0.23s tapped slot 0 meant skeletons before [skeletons,tesla,ice_wizard,rocket] now [?,tesla,the_log,rocket] slot_now ? elixir 3->2 wall=12:30:49.016
[student] TRAY settled +1.03s tapped slot 0 meant skeletons before [skeletons,tesla,ice_wizard,rocket] now [?,tesla,ice_wizard,rocket] slot_now ? elixir 3->3 wall=12:30:49.810
[student] PLAY tornado p=0.69 cell 158 board (0.81, 0.36) units 9 24 ms tap [tornado,?,?,?] hand [tornado,tesla,ice_wizard,rocket] elixir 3 wall=12:30:50.605
[assist] TORNADO king-spot cell 158->333 trigger knight at (0.65,0.50) enemy tracks 7 wall=12:30:50.606
[student] TAP slot 0 tornado cell 333 wall=12:30:50.944
[student] TRAY first +0.28s tapped slot 0 meant tornado before [tornado,tesla,ice_wizard,rocket] now [?,?,ice_wizard,rocket] slot_now ? elixir 3->3 wall=12:30:51.223
[student] TRAY settled +0.63s tapped slot 0 meant tornado before [tornado,tesla,ice_wizard,rocket] now [?,tesla,ice_wizard,rocket] slot_now ? elixir 3->1 wall=12:30:51.577
[student] WAIT NO-TRAY-MATCH p=0.11 elixir 2 opp~? units 3 dets 4 (waits 2427/3386 badhand 1058/4959) tap [?,?,?,?] wall=12:30:52.804
[student] PLAY knight p=0.90 cell 249 board (0.86, 0.55) units 5 28 ms tap [knight,?,?,?] hand [knight,tesla,ice_wizard,rocket] elixir 3 wall=12:30:54.228
[student] TAP slot 0 knight cell 249 wall=12:30:54.561
[student] TRAY first +0.26s tapped slot 0 meant knight before [knight,tesla,ice_wizard,rocket] now [?,tesla,rocket,rocket] slot_now ? elixir 3->3 wall=12:30:54.823
[student] TRAY settled +0.82s tapped slot 0 meant knight before [knight,tesla,ice_wizard,rocket] now [?,?,ice_wizard,rocket] slot_now ? elixir 3->1 wall=12:30:55.380
[student] PLAY the_log p=0.57 cell 247 board (0.75, 0.55) units 4 16 ms tap [the_log,?,?,?] hand [the_log,tesla,ice_wizard,rocket] elixir 2 wall=12:30:57.795
[student] TAP slot 0 the_log cell 265 wall=12:30:58.131
[student] TRAY first +0.24s tapped slot 0 meant the_log before [the_log,tesla,ice_wizard,rocket] now [?,tesla,ice_wizard,rocket] slot_now ? elixir 2->2 wall=12:30:58.369
[student] TRAY settled +0.53s tapped slot 0 meant the_log before [the_log,tesla,ice_wizard,rocket] now [?,tesla,tesla,rocket] slot_now ? elixir 2->1 wall=12:30:58.662
[student] PLAY tesla p=0.63 cell 298 board (0.56, 0.69) units 2 5 ms tap [ice_wizard,tesla,?,?] hand [ice_wizard,tesla,x_bow,rocket] elixir 4 wall=12:31:02.870
[student] TAP slot 1 tesla cell 298 wall=12:31:03.206
[student] TRAY first +0.25s tapped slot 1 meant tesla before [ice_wizard,tesla,x_bow,rocket] now [tornado,?,rocket,rocket] slot_now ? elixir 4->4 wall=12:31:03.457
[student] TRAY settled +0.99s tapped slot 1 meant tesla before [ice_wizard,tesla,x_bow,rocket] now [ice_wizard,?,ice_wizard,rocket] slot_now ? elixir 4->1 wall=12:31:04.201
[student] PLAY skeletons p=0.38 cell 244 board (0.58, 0.55) units 3 17 ms tap [?,skeletons,?,?] hand [ice_wizard,skeletons,tesla_evo,rocket] elixir 2 wall=12:31:05.091
[student] TAP slot 1 skeletons cell 244 wall=12:31:05.419
[student] TRAY first +0.28s tapped slot 1 meant skeletons before [ice_wizard,skeletons,tesla_evo,rocket] now [ice_wizard,?,tesla,rocket] slot_now ? elixir 2->1 wall=12:31:05.695
[student] TRAY settled +0.59s tapped slot 1 meant skeletons before [ice_wizard,skeletons,tesla_evo,rocket] now [ice_wizard,?,tesla,rocket] slot_now ? elixir 2->1 wall=12:31:06.013
[student] PLAY tornado p=0.46 cell 229 board (0.75, 0.52) units 2 27 ms tap [?,tornado,?,?] hand [ice_wizard,tornado,ice_wizard,rocket] elixir 3 wall=12:31:07.787
[assist] TORNADO king-spot cell 229->333 trigger bats at (0.59,0.55) enemy tracks 8 wall=12:31:07.788
[student] TAP slot 1 tornado cell 333 wall=12:31:08.128
[student] TRAY first +0.28s tapped slot 1 meant tornado before [ice_wizard,tornado,ice_wizard,rocket] now [tornado,?,?,rocket] slot_now ? elixir 3->3 wall=12:31:08.409
[student] WAIT NO-TRAY-MATCH p=0.40 elixir 3 opp~? units 3 dets 4 (waits 2427/3391 badhand 1061/4974) tap [?,?,?,?] wall=12:31:08.495
[student] TRAY settled +0.64s tapped slot 1 meant tornado before [ice_wizard,tornado,ice_wizard,rocket] now [ice_wizard,?,?,rocket] slot_now ? elixir 3->0 wall=12:31:08.766
[student] PLAY knight_evo p=0.83 cell 336 board (0.69, 0.77) units 1 27 ms tap [?,knight_evo,?,?] hand [ice_wizard,knight_evo,ice_wizard,rocket] elixir 3 wall=12:31:12.184
[student] TAP slot 1 knight_evo cell 336 wall=12:31:12.514
[student] TRAY first +0.29s tapped slot 1 meant knight_evo before [ice_wizard,knight_evo,ice_wizard,rocket] now [ice_wizard,?,?,rocket] slot_now ? elixir 3->3 wall=12:31:12.801
[student] TRAY settled +0.94s tapped slot 1 meant knight_evo before [ice_wizard,knight_evo,ice_wizard,rocket] now [ice_wizard,?,?,rocket] slot_now ? elixir 3->1 wall=12:31:13.450
[student] PLAY the_log p=0.31 cell 338 board (0.81, 0.77) units 0 6 ms tap [?,the_log,?,?] hand [ice_wizard,the_log,ice_wizard,rocket] elixir 2 wall=12:31:15.878
[student] TAP slot 1 the_log cell 284 wall=12:31:16.211
[student] TRAY first +0.29s tapped slot 1 meant the_log before [ice_wizard,the_log,ice_wizard,rocket] now [ice_wizard,?,ice_wizard,rocket] slot_now ? elixir 2->2 wall=12:31:16.505
[student] TRAY settled +0.92s tapped slot 1 meant the_log before [ice_wizard,the_log,ice_wizard,rocket] now [ice_wizard,?,tesla,rocket] slot_now ? elixir 2->1 wall=12:31:17.131
[student] PLAY tesla p=0.53 cell 245 board (0.61, 0.56) units 2 16 ms tap [ice_wizard,tesla,?,?] hand [ice_wizard,tesla,x_bow,rocket] elixir 4 wall=12:31:20.935
[student] TAP slot 1 tesla cell 245 wall=12:31:21.270
[student] TRAY first +0.26s tapped slot 1 meant tesla before [ice_wizard,tesla,x_bow,rocket] now [tornado,?,rocket,rocket] slot_now ? elixir 4->4 wall=12:31:21.529
[student] TRAY settled +0.72s tapped slot 1 meant tesla before [ice_wizard,tesla,x_bow,rocket] now [ice_wizard,?,ice_wizard,rocket] slot_now ? elixir 4->1 wall=12:31:21.991
[student] PLAY skeletons p=0.29 cell 320 board (0.81, 0.73) units 2 26 ms tap [?,skeletons,?,?] hand [ice_wizard,skeletons,tesla_evo,rocket] elixir 2 wall=12:31:23.418
[student] TAP slot 1 skeletons cell 266 wall=12:31:23.755
[student] TRAY first +0.38s tapped slot 1 meant skeletons before [ice_wizard,skeletons,tesla_evo,rocket] now [ice_wizard,?,tesla,rocket] slot_now ? elixir 2->1 wall=12:31:24.138
[student] TRAY settled +0.87s tapped slot 1 meant skeletons before [ice_wizard,skeletons,tesla_evo,rocket] now [ice_wizard,?,tesla,rocket] slot_now ? elixir 2->1 wall=12:31:24.629
[student] WAIT NO-TRAY-MATCH p=0.03 elixir 2 opp~? units 5 dets 5 (waits 2428/3396 badhand 1064/4988) tap [?,?,?,?] wall=12:31:25.246
[student] PLAY tornado p=0.73 cell 175 board (0.75, 0.39) units 7 23 ms tap [?,tornado,?,?] hand [ice_wizard,tornado,ice_wizard,rocket] elixir 3 wall=12:31:26.194
[student] TAP slot 1 tornado cell 175 wall=12:31:26.538
[student] TRAY first +0.42s tapped slot 1 meant tornado before [ice_wizard,tornado,ice_wizard,rocket] now [ice_wizard,?,?,rocket] slot_now ? elixir 3->3 wall=12:31:26.956
[student] TRAY settled +0.96s tapped slot 1 meant tornado before [ice_wizard,tornado,ice_wizard,rocket] now [tornado,?,?,rocket] slot_now ? elixir 3->1 wall=12:31:27.498
[student] PLAY knight p=0.65 cell 248 board (0.81, 0.55) units 1 28 ms tap [?,knight,?,?] hand [ice_wizard,knight,ice_wizard,rocket] elixir 3 wall=12:31:30.687
[student] TAP slot 1 knight cell 248 wall=12:31:31.040
[student] TRAY first +0.39s tapped slot 1 meant knight before [ice_wizard,knight,ice_wizard,rocket] now [ice_wizard,?,rocket,rocket] slot_now ? elixir 3->3 wall=12:31:31.427
[student] TRAY settled +0.88s tapped slot 1 meant knight before [ice_wizard,knight,ice_wizard,rocket] now [ice_wizard,?,ice_wizard,rocket] slot_now ? elixir 3->1 wall=12:31:31.920
[student] PLAY the_log p=0.84 cell 248 board (0.81, 0.55) units 3 30 ms tap [?,the_log,?,?] hand [ice_wizard,the_log,ice_wizard,rocket] elixir 2 wall=12:31:34.352
[student] TAP slot 1 the_log cell 248 wall=12:31:34.685
[student] TRAY first +0.39s tapped slot 1 meant the_log before [ice_wizard,the_log,ice_wizard,rocket] now [ice_wizard,?,ice_wizard,rocket] slot_now ? elixir 2->2 wall=12:31:35.071
[student] TRAY settled +0.89s tapped slot 1 meant the_log before [ice_wizard,the_log,ice_wizard,rocket] now [ice_wizard,?,tesla,rocket] slot_now ? elixir 2->1 wall=12:31:35.574
[student] WAIT NO-TRAY-MATCH p=0.42 elixir 4 opp~? units 1 dets 3 (waits 2428/3399 badhand 1066/5001) tap [?,?,?,?] wall=12:31:38.767
[student] PLAY ice_wizard p=0.39 cell 250 board (0.92, 0.55) units 2 26 ms tap [ice_wizard,?,?,?] hand [ice_wizard,?,x_bow,rocket] elixir 4 wall=12:31:39.619
[student] TAP slot 0 ice_wizard cell 250 wall=12:31:39.962
[student] TRAY first +0.38s tapped slot 0 meant ice_wizard before [ice_wizard,?,x_bow,rocket] now [?,tesla,the_log,rocket] slot_now ? elixir 4->3 wall=12:31:40.342
[student] TRAY settled +0.86s tapped slot 0 meant ice_wizard before [ice_wizard,?,x_bow,rocket] now [?,tesla,the_log,rocket] slot_now ? elixir 4->2 wall=12:31:40.821
[student] PLAY skeletons p=0.30 cell 248 board (0.81, 0.55) units 4 37 ms tap [skeletons,?,?,?] hand [skeletons,?,ice_wizard,rocket] elixir 3 wall=12:31:42.371
[student] TAP slot 0 skeletons cell 248 wall=12:31:42.709
[student] TRAY first +0.38s tapped slot 0 meant skeletons before [skeletons,?,ice_wizard,rocket] now [?,tesla,ice_wizard,rocket] slot_now ? elixir 3->3 wall=12:31:43.089
[student] TRAY settled +0.87s tapped slot 0 meant skeletons before [skeletons,?,ice_wizard,rocket] now [?,?,ice_wizard,rocket] slot_now ? elixir 3->3 wall=12:31:43.580
[student] PLAY tornado p=0.31 cell 158 board (0.81, 0.36) units 7 18 ms tap [tornado,?,?,?] hand [tornado,?,x_bow,rocket] elixir 4 wall=12:31:44.645
[student] TAP slot 0 tornado cell 158 wall=12:31:44.989
[student] TRAY first +0.40s tapped slot 0 meant tornado before [tornado,?,x_bow,rocket] now [?,?,tesla,rocket] slot_now ? elixir 4->3 wall=12:31:45.391
[student] TRAY settled +0.85s tapped slot 0 meant tornado before [tornado,?,x_bow,rocket] now [?,?,the_log,rocket] slot_now ? elixir 4->2 wall=12:31:45.839
[student] PLAY knight p=0.44 cell 248 board (0.81, 0.55) units 3 16 ms tap [knight,?,?,?] hand [knight,tesla,ice_wizard,rocket] elixir 3 wall=12:31:47.249
[student] TAP slot 0 knight cell 248 wall=12:31:47.582
[student] TRAY first +0.37s tapped slot 0 meant knight before [knight,tesla,ice_wizard,rocket] now [?,?,?,rocket] slot_now ? elixir 3->3 wall=12:31:47.949
[student] TRAY settled +0.84s tapped slot 0 meant knight before [knight,tesla,ice_wizard,rocket] now [?,?,?,rocket] slot_now ? elixir 3->0 wall=12:31:48.417
12:31:56 [play] UNKNOWN 0.4s after in-match -> grace hold (label lost: overtime / end animation / dropout; up to 150s)
12:31:56 [play] in-match read re-acquired -> grace hold released
12:31:57 [play] UNKNOWN 0.4s after in-match -> grace hold (label lost: overtime / end animation / dropout; up to 150s)
12:31:57 [play] state: MATCH_END
12:31:57 [nav] MATCH_END -> Play Again (located) (0.348,0.914)
12:31:58 [play] state: UNKNOWN
12:32:04 [play] state: IN_MATCH
[student] WAIT | exact=0 opp=? next=149 t=3s hand=[0, 164, 7, 4] tw=1.01.01.01.01.01.0 sp=0 unk=0 p=0.01 elixir 8 opp~? units 0 dets 0 (waits 2431/3406 badhand 1073/5015) tap [tornado,tesla,skeletons,rocket] wall=12:32:07.250
[student] PLAY tesla p=0.36 cell 296 board (0.44, 0.69) units 1 25 ms tap [tornado,tesla,skeletons,rocket] hand [tornado,tesla,skeletons,rocket] elixir 10 wall=12:32:13.211
[student] TAP slot 1 tesla cell 296 wall=12:32:13.560
[student] TRAY first +0.25s tapped slot 1 meant tesla before [tornado,tesla,skeletons,rocket] now [tornado,?,skeletons,rocket] slot_now ? elixir 10->6 wall=12:32:13.807
[student] TRAY settled +0.60s tapped slot 1 meant tesla before [tornado,tesla,skeletons,rocket] now [tornado,?,skeletons,rocket] slot_now ? elixir 10->6 wall=12:32:14.158
[student] WAIT | exact=0 opp=? next=149 t=10s hand=[0, -1, 7, 4] tw=1.01.01.01.01.01.0 sp=0 unk=0 p=0.04 elixir 6 opp~? units 2 dets 2 (waits 2441/3417 badhand 1075/5026) tap [tornado,?,skeletons,rocket] wall=12:32:14.256
[student] PLAY skeletons p=0.70 cell 237 board (0.19, 0.55) units 4 22 ms tap [tornado,knight,skeletons,rocket] hand [tornado,knight,skeletons,rocket] elixir 6 wall=12:32:17.194
[student] TAP slot 2 skeletons cell 237 wall=12:32:17.528
[student] TRAY first +0.29s tapped slot 2 meant skeletons before [tornado,knight,skeletons,rocket] now [tornado,knight,?,rocket] slot_now ? elixir 6->5 wall=12:32:17.816
[student] TRAY settled +0.80s tapped slot 2 meant skeletons before [tornado,knight,skeletons,rocket] now [tornado,knight,?,rocket] slot_now ? elixir 6->6 wall=12:32:18.326
[student] PLAY tornado p=0.51 cell 349 board (0.42, 0.83) units 8 24 ms tap [tornado,knight,?,rocket] hand [tornado,knight,?,rocket] elixir 6 wall=12:32:18.434
[student] TAP slot 0 tornado cell 349 wall=12:32:18.768
[student] TRAY first +0.28s tapped slot 0 meant tornado before [tornado,knight,?,rocket] now [?,knight,?,rocket] slot_now ? elixir 6->3 wall=12:32:19.050
[student] TRAY settled +0.66s tapped slot 0 meant tornado before [tornado,knight,?,rocket] now [?,knight,the_log,rocket] slot_now ? elixir 6->3 wall=12:32:19.423
[student] PLAY the_log p=0.59 cell 381 board (0.19, 0.89) units 6 29 ms tap [?,knight,the_log,?] hand [?,knight,the_log,rocket] elixir 3 wall=12:32:19.515
[student] TAP slot 2 the_log cell 380 wall=12:32:19.854
[student] TRAY first +0.27s tapped slot 2 meant the_log before [?,knight,the_log,rocket] now [?,knight,?,rocket] slot_now ? elixir 3->2 wall=12:32:20.128
[student] TRAY settled +1.09s tapped slot 2 meant the_log before [?,knight,the_log,rocket] now [ice_wizard,knight,?,rocket] slot_now ? elixir 3->2 wall=12:32:20.940
[student] WAIT | exact=0 opp=? next=164 t=21s hand=[2, 149, 2, 4] tw=1.01.01.01.01.01.0 sp=0 unk=0 p=0.03 elixir 3 opp~? units 1 dets 1 (waits 2449/3428 badhand 1080/5039) tap [?,knight,?,?] wall=12:32:25.365
[student] WAIT p=0.10 elixir 6 opp~? units 1 dets 1 (waits 2459/3438 badhand 1080/5049) tap [ice_wizard,knight,x_bow,rocket] wall=12:32:33.120
[student] PLAY x_bow p=0.54 cell 256 board (0.25, 0.61) units 2 15 ms tap [ice_wizard,knight,x_bow,rocket] hand [ice_wizard,knight,x_bow,rocket] elixir 8 wall=12:32:37.590
[student] TAP slot 2 x_bow cell 256 wall=12:32:37.929
[student] TRAY first +0.24s tapped slot 2 meant x_bow before [ice_wizard,knight,x_bow,rocket] now [ice_wizard,knight,?,rocket] slot_now ? elixir 8->6 wall=12:32:38.164
[student] TRAY settled +0.98s tapped slot 2 meant x_bow before [ice_wizard,knight,x_bow,rocket] now [ice_wizard,knight,?,rocket] slot_now ? elixir 8->2 wall=12:32:38.908
[student] PLAY knight p=0.53 cell 236 board (0.14, 0.55) units 5 21 ms tap [ice_wizard,knight,?,?] hand [ice_wizard,knight,tesla,rocket] elixir 3 wall=12:32:40.457
[student] TAP slot 1 knight cell 236 wall=12:32:40.803
[student] TRAY first +0.25s tapped slot 1 meant knight before [ice_wizard,knight,tesla,rocket] now [tornado,?,tesla,rocket] slot_now ? elixir 3->3 wall=12:32:41.055
[student] TRAY settled +0.59s tapped slot 1 meant knight before [ice_wizard,knight,tesla,rocket] now [tornado,?,tesla,rocket] slot_now ? elixir 3->0 wall=12:32:41.394
[student] WAIT | exact=0 opp=? next=0 t=39s hand=[0, 7, 164, 4] tw=1.01.01.01.01.01.0 sp=1 unk=0 p=0.02 elixir 1 opp~? units 5 dets 6 (waits 2467/3448 badhand 1082/5061) tap [?,skeletons,?,?] wall=12:32:43.502
[student] PLAY skeletons p=0.32 cell 238 board (0.25, 0.55) units 5 14 ms tap [?,skeletons,?,?] hand [ice_wizard,skeletons,tesla,rocket] elixir 2 wall=12:32:46.752
[student] TAP slot 1 skeletons cell 238 wall=12:32:47.087
[student] TRAY first +0.26s tapped slot 1 meant skeletons before [ice_wizard,skeletons,tesla,rocket] now [ice_wizard,?,tesla,rocket] slot_now ? elixir 2->1 wall=12:32:47.346
[student] TRAY settled +0.61s tapped slot 1 meant skeletons before [ice_wizard,skeletons,tesla,rocket] now [ice_wizard,?,tesla,rocket] slot_now ? elixir 2->1 wall=12:32:47.699
[student] WAIT p=0.18 elixir 3 opp~? units 1 dets 1 (waits 2477/3459 badhand 1082/5072) tap [ice_wizard,tornado,?,?] wall=12:32:53.577
[student] PLAY tesla p=0.35 cell 241 board (0.39, 0.56) units 1 5 ms tap [ice_wizard,tornado,tesla,?] hand [ice_wizard,tornado,tesla,rocket] elixir 4 wall=12:32:54.272
[student] TAP slot 2 tesla cell 241 wall=12:32:54.613
[student] TRAY first +0.47s tapped slot 2 meant tesla before [ice_wizard,tornado,tesla,rocket] now [tornado,tornado,?,rocket] slot_now ? elixir 4->4 wall=12:32:55.081
[student] TRAY settled +1.27s tapped slot 2 meant tesla before [ice_wizard,tornado,tesla,rocket] now [ice_wizard,tornado,?,rocket] slot_now ? elixir 4->0 wall=12:32:55.883
[student] PLAY the_log p=0.71 cell 381 board (0.19, 0.89) units 3 15 ms tap [?,?,the_log,?] hand [ice_wizard,tornado,the_log,rocket] elixir 2 wall=12:33:00.324
[student] TAP slot 2 the_log cell 381 wall=12:33:00.651
[student] TRAY first +0.25s tapped slot 2 meant the_log before [ice_wizard,tornado,the_log,rocket] now [tornado,tornado,?,rocket] slot_now ? elixir 2->2 wall=12:33:00.899
[student] TRAY settled +1.00s tapped slot 2 meant the_log before [ice_wizard,tornado,the_log,rocket] now [ice_wizard,tornado,?,rocket] slot_now ? elixir 2->0 wall=12:33:01.655
[student] WAIT p=0.24 elixir 4 opp~? units 1 dets 1 (waits 2483/3467 badhand 1083/5084) tap [ice_wizard,tornado,?,?] wall=12:33:11.961
[student] PLAY tornado p=0.35 cell 202 board (0.25, 0.48) units 1 22 ms tap [ice_wizard,tornado,?,?] hand [ice_wizard,tornado,x_bow,rocket] elixir 5 wall=12:33:14.036
[student] TAP slot 1 tornado cell 202 wall=12:33:14.370
[student] TRAY first +0.26s tapped slot 1 meant tornado before [ice_wizard,tornado,x_bow,rocket] now [ice_wizard,?,the_log,rocket] slot_now ? elixir 5->3 wall=12:33:14.626
[student] TRAY settled +0.85s tapped slot 1 meant tornado before [ice_wizard,tornado,x_bow,rocket] now [ice_wizard,?,the_log,rocket] slot_now ? elixir 5->2 wall=12:33:15.216
[student] WAIT p=0.18 elixir 4 opp~? units 1 dets 1 (waits 2491/3476 badhand 1085/5095) tap [ice_wizard,knight,?,?] wall=12:33:20.700
[student] PLAY knight p=0.57 cell 297 board (0.53, 0.7) units 1 14 ms tap [ice_wizard,knight,?,?] hand [ice_wizard,knight,x_bow,rocket] elixir 5 wall=12:33:23.243
[student] TAP slot 1 knight cell 297 wall=12:33:23.579
[student] TRAY first +0.27s tapped slot 1 meant knight before [ice_wizard,knight,x_bow,rocket] now [ice_wizard,?,the_log,rocket] slot_now ? elixir 5->3 wall=12:33:23.849
[student] TRAY settled +1.07s tapped slot 1 meant knight before [ice_wizard,knight,x_bow,rocket] now [ice_wizard,?,ice_wizard,rocket] slot_now ? elixir 5->2 wall=12:33:24.654
[student] PLAY skeletons p=0.60 cell 242 board (0.47, 0.55) units 2 18 ms tap [?,skeletons,?,?] hand [ice_wizard,skeletons,ice_wizard,rocket] elixir 3 wall=12:33:25.846
[student] TAP slot 1 skeletons cell 242 wall=12:33:26.179
[student] TRAY first +0.24s tapped slot 1 meant skeletons before [ice_wizard,skeletons,ice_wizard,rocket] now [ice_wizard,?,the_log,rocket] slot_now ? elixir 3->2 wall=12:33:26.423
[student] TRAY settled +0.59s tapped slot 1 meant skeletons before [ice_wizard,skeletons,ice_wizard,rocket] now [ice_wizard,?,the_log,rocket] slot_now ? elixir 3->2 wall=12:33:26.767
[student] WAIT NO-TRAY-MATCH p=0.93 elixir 3 opp~? units 4 dets 4 (waits 2494/3481 badhand 1088/5107) tap [?,?,?,?] wall=12:33:30.012
[student] PLAY ice_wizard p=0.94 cell 237 board (0.19, 0.55) units 3 27 ms tap [ice_wizard,?,?,?] hand [ice_wizard,?,x_bow,rocket] elixir 4 wall=12:33:31.584
[student] TAP slot 0 ice_wizard cell 237 wall=12:33:31.921
[student] TRAY first +0.24s tapped slot 0 meant ice_wizard before [ice_wizard,?,x_bow,rocket] now [?,?,ice_wizard,rocket] slot_now ? elixir 4->3 wall=12:33:32.163
[student] TRAY settled +1.01s tapped slot 0 meant ice_wizard before [ice_wizard,?,x_bow,rocket] now [?,?,tesla,rocket] slot_now ? elixir 4->1 wall=12:33:32.934
[student] PLAY the_log p=0.36 cell 237 board (0.19, 0.55) units 3 19 ms tap [the_log,?,?,?] hand [the_log,tesla,ice_wizard,rocket] elixir 2 wall=12:33:35.985
[student] TAP slot 0 the_log cell 345 wall=12:33:36.330
[student] TRAY first +0.25s tapped slot 0 meant the_log before [the_log,tesla,ice_wizard,rocket] now [?,?,ice_wizard,rocket] slot_now ? elixir 2->2 wall=12:33:36.576
[student] TRAY settled +0.64s tapped slot 0 meant the_log before [the_log,tesla,ice_wizard,rocket] now [?,?,ice_wizard,rocket] slot_now ? elixir 2->1 wall=12:33:36.970
[student] WAIT p=0.27 elixir 3 opp~? units 2 dets 2 (waits 2497/3486 badhand 1089/5119) tap [tornado,?,?,?] wall=12:33:43.862
[student] PLAY tornado p=0.35 cell 333 board (0.53, 0.77) units 2 19 ms tap [tornado,?,?,?] hand [tornado,tesla_evo,ice_wizard,rocket] elixir 3 wall=12:33:44.980
[student] TAP slot 0 tornado cell 333 wall=12:33:45.318
[student] TRAY first +1.08s tapped slot 0 meant tornado before [tornado,tesla_evo,ice_wizard,rocket] now [?,tesla,ice_wizard,rocket] slot_now ? elixir 3->3 wall=12:33:46.401
[student] PLAY knight_evo p=0.74 cell 320 board (0.81, 0.73) units 3 18 ms tap [knight_evo,?,?,?] hand [knight_evo,?,ice_wizard,rocket] elixir 3 wall=12:33:52.461
[student] TAP slot 0 knight_evo cell 266 wall=12:33:52.801
[student] TRAY first +1.00s tapped slot 0 meant knight_evo before [knight_evo,?,ice_wizard,rocket] now [?,?,rocket,rocket] slot_now ? elixir 3->3 wall=12:33:53.806
[student] PLAY skeletons p=0.29 cell 320 board (0.81, 0.73) units 1 23 ms tap [skeletons,?,?,?] hand [skeletons,?,tesla,rocket] elixir 1 wall=12:33:56.316
[student] TAP slot 0 skeletons cell 266 wall=12:33:56.652
[student] TRAY first +0.91s tapped slot 0 meant skeletons before [skeletons,?,tesla,rocket] now [?,tesla,ice_wizard,rocket] slot_now ? elixir 1->1 wall=12:33:57.559
[clock] icon reads x3 but the clock reads x1 -> using the clock (x1)
[clock] icon reads x3 but the clock reads x2 -> using the clock (x2)
12:34:04 [play] elixir x2
[student] WAIT p=0.07 elixir 5 opp~? units 2 dets 2 (waits 2502/3494 badhand 1090/5132) tap [ice_wizard,?,?,?] wall=12:34:04.607
[student] PLAY x_bow p=0.40 cell 254 board (0.14, 0.61) units 2 29 ms tap [ice_wizard,?,x_bow,rocket] hand [ice_wizard,?,x_bow,rocket] elixir 8 wall=12:34:09.188
[student] TAP slot 2 x_bow cell 254 wall=12:34:09.529
[student] TRAY first +0.69s tapped slot 2 meant x_bow before [ice_wizard,?,x_bow,rocket] now [ice_wizard,tesla,?,rocket] slot_now ? elixir 8->6 wall=12:34:10.223
[student] PLAY ice_wizard p=0.79 cell 239 board (0.31, 0.55) units 2 26 ms tap [ice_wizard,?,?,?] hand [ice_wizard,tesla,?,rocket] elixir 6 wall=12:34:10.312
[student] TAP slot 0 ice_wizard cell 239 wall=12:34:10.663
[student] TRAY first +0.70s tapped slot 0 meant ice_wizard before [ice_wizard,tesla,?,rocket] now [?,tesla,?,rocket] slot_now ? elixir 6->3 wall=12:34:11.359
[student] PLAY tornado p=0.83 cell 80 board (0.47, 0.2) units 5 22 ms tap [tornado,?,the_log,?] hand [tornado,tesla,the_log,rocket] elixir 3 wall=12:34:14.539
[assist] TORNADO nearest cell 80->258 target goblinstein at (0.39,0.51) enemy tracks 3 wall=12:34:14.539
[student] TAP slot 0 tornado cell 258 wall=12:34:14.896
[student] TRAY first +0.63s tapped slot 0 meant tornado before [tornado,tesla,the_log,rocket] now [?,?,the_log,rocket] slot_now ? elixir 3->3 wall=12:34:15.521
[student] PLAY knight p=0.57 cell 238 board (0.25, 0.55) units 1 24 ms tap [knight,?,the_log,?] hand [knight,tesla,the_log,rocket] elixir 3 wall=12:34:18.556
[student] TAP slot 0 knight cell 238 wall=12:34:18.903
[student] TRAY first +0.66s tapped slot 0 meant knight before [knight,tesla,the_log,rocket] now [?,tesla_evo,the_log,rocket] slot_now ? elixir 3->3 wall=12:34:19.567
[student] PLAY the_log p=0.76 cell 255 board (0.19, 0.61) units 3 46 ms tap [?,?,the_log,?] hand [?,tesla_evo,the_log,rocket] elixir 3 wall=12:34:19.680
[student] TAP slot 2 the_log cell 310 wall=12:34:20.028
[student] TRAY first +0.62s tapped slot 2 meant the_log before [?,tesla_evo,the_log,rocket] now [?,?,?,rocket] slot_now ? elixir 3->1 wall=12:34:20.648
[student] PLAY skeletons p=0.86 cell 320 board (0.81, 0.73) units 4 17 ms tap [skeletons,?,?,?] hand [skeletons,tesla,ice_wizard,rocket] elixir 1 wall=12:34:22.712
[student] TAP slot 0 skeletons cell 266 wall=12:34:23.045
[student] TRAY first +0.69s tapped slot 0 meant skeletons before [skeletons,tesla,ice_wizard,rocket] now [?,?,rocket,rocket] slot_now ? elixir 1->1 wall=12:34:23.736
[student] WAIT NO-TRAY-MATCH p=0.10 elixir 2 opp~? units 1 dets 2 (waits 2510/3508 badhand 1093/5148) tap [?,?,?,?] wall=12:34:25.514
[student] PLAY ice_wizard p=0.81 cell 298 board (0.58, 0.7) units 3 17 ms tap [ice_wizard,?,?,?] hand [ice_wizard,?,x_bow,rocket] elixir 4 wall=12:34:28.030
[student] TAP slot 0 ice_wizard cell 298 wall=12:34:28.362
[student] TRAY first +0.23s tapped slot 0 meant ice_wizard before [ice_wizard,?,x_bow,rocket] now [?,?,tesla,rocket] slot_now ? elixir 4->3 wall=12:34:28.588
[student] TRAY settled +0.54s tapped slot 0 meant ice_wizard before [ice_wizard,?,x_bow,rocket] now [?,?,tesla,rocket] slot_now ? elixir 4->1 wall=12:34:28.897
[student] PLAY tornado p=0.57 cell 333 board (0.53, 0.77) units 4 17 ms tap [tornado,?,?,?] hand [tornado,?,ice_wizard,rocket] elixir 3 wall=12:34:31.098
[assist] TORNADO king-spot cell 333->333 trigger skeleton_barrel at (0.51,0.62) enemy tracks 7 wall=12:34:31.099
[student] TAP slot 0 tornado cell 333 wall=12:34:31.428
[student] TRAY first +0.24s tapped slot 0 meant tornado before [tornado,?,ice_wizard,rocket] now [?,?,rocket,rocket] slot_now ? elixir 3->3 wall=12:34:31.666
[student] TRAY settled +1.02s tapped slot 0 meant tornado before [tornado,?,ice_wizard,rocket] now [?,tesla,ice_wizard,rocket] slot_now ? elixir 3->1 wall=12:34:32.446
[student] PLAY knight p=0.85 cell 320 board (0.81, 0.73) units 3 25 ms tap [knight,?,?,?] hand [knight,tesla,ice_wizard,rocket] elixir 3 wall=12:34:35.039
[student] TAP slot 0 knight cell 266 wall=12:34:35.384
[student] TRAY first +0.25s tapped slot 0 meant knight before [knight,tesla,ice_wizard,rocket] now [?,?,?,rocket] slot_now ? elixir 3->3 wall=12:34:35.629
[student] TRAY settled +1.00s tapped slot 0 meant knight before [knight,tesla,ice_wizard,rocket] now [?,tesla,ice_wizard,rocket] slot_now ? elixir 3->1 wall=12:34:36.385
[student] PLAY the_log p=0.30 cell 374 board (0.81, 0.86) units 3 14 ms tap [the_log,?,?,?] hand [the_log,tesla,ice_wizard,rocket] elixir 2 wall=12:34:38.881
[student] TAP slot 0 the_log cell 406 wall=12:34:39.213
[student] TRAY first +0.25s tapped slot 0 meant the_log before [the_log,tesla,ice_wizard,rocket] now [?,tesla,ice_wizard,rocket] slot_now ? elixir 2->2 wall=12:34:39.458
[student] TRAY settled +0.76s tapped slot 0 meant the_log before [the_log,tesla,ice_wizard,rocket] now [?,?,tesla,rocket] slot_now ? elixir 2->1 wall=12:34:39.974
[student] WAIT p=0.15 elixir 2 opp~? units 2 dets 4 (waits 2512/3514 badhand 1094/5162) tap [skeletons,?,?,?] wall=12:34:40.891
[student] PLAY skeletons p=0.36 cell 333 board (0.53, 0.77) units 4 16 ms tap [skeletons,?,?,?] hand [skeletons,?,ice_wizard,rocket] elixir 3 wall=12:34:42.595
[student] TAP slot 0 skeletons cell 333 wall=12:34:42.928
[student] TRAY first +0.24s tapped slot 0 meant skeletons before [skeletons,?,ice_wizard,rocket] now [?,tesla,ice_wizard,rocket] slot_now ? elixir 3->2 wall=12:34:43.165
[student] TRAY settled +1.04s tapped slot 0 meant skeletons before [skeletons,?,ice_wizard,rocket] now [?,tesla_evo,ice_wizard,rocket] slot_now ? elixir 3->3 wall=12:34:43.965
[student] WAIT p=0.16 elixir 6 opp~? units 4 dets 4 (waits 2520/3523 badhand 1095/5173) tap [ice_wizard,?,x_bow,rocket] wall=12:34:48.082
[student] PLAY rocket p=0.28 cell 122 board (0.81, 0.27) units 4 24 ms tap [ice_wizard,?,x_bow,rocket] hand [ice_wizard,?,x_bow,rocket] elixir 7 wall=12:34:48.886
[student] TAP slot 3 rocket cell 86 wall=12:34:49.229
[student] TRAY first +0.24s tapped slot 3 meant rocket before [ice_wizard,?,x_bow,rocket] now [ice_wizard,?,tesla,?] slot_now ? elixir 7->6 wall=12:34:49.466
[student] TRAY settled +1.02s tapped slot 3 meant rocket before [ice_wizard,?,x_bow,rocket] now [ice_wizard,?,the_log,?] slot_now ? elixir 7->2 wall=12:34:50.250
[student] PLAY tornado p=0.60 cell 140 board (0.81, 0.3) units 4 28 ms tap [?,?,?,tornado] hand [ice_wizard,?,ice_wizard,tornado] elixir 3 wall=12:34:52.028
[assist] TORNADO king-spot cell 140->332 trigger ice_golem at (0.45,0.56) enemy tracks 4 wall=12:34:52.028
[student] TAP slot 3 tornado cell 332 wall=12:34:52.366
[student] TRAY first +0.29s tapped slot 3 meant tornado before [ice_wizard,?,ice_wizard,tornado] now [ice_wizard,?,rocket,?] slot_now ? elixir 3->3 wall=12:34:52.652
[student] TRAY settled +0.62s tapped slot 3 meant tornado before [ice_wizard,?,ice_wizard,tornado] now [ice_wizard,?,ice_wizard,?] slot_now ? elixir 3->1 wall=12:34:52.983
[student] PLAY knight_evo p=0.78 cell 350 board (0.47, 0.83) units 4 17 ms tap [?,?,?,knight_evo] hand [ice_wizard,tesla,ice_wizard,knight_evo] elixir 3 wall=12:34:56.125
[student] TAP slot 3 knight_evo cell 350 wall=12:34:56.461
[student] TRAY first +0.27s tapped slot 3 meant knight_evo before [ice_wizard,tesla,ice_wizard,knight_evo] now [ice_wizard,?,rocket,?] slot_now ? elixir 3->3 wall=12:34:56.728
[student] TRAY settled +1.03s tapped slot 3 meant knight_evo before [ice_wizard,tesla,ice_wizard,knight_evo] now [ice_wizard,tesla,ice_wizard,?] slot_now ? elixir 3->1 wall=12:34:57.490
[student] PLAY the_log p=0.77 cell 338 board (0.81, 0.77) units 3 20 ms tap [?,?,?,the_log] hand [ice_wizard,tesla,ice_wizard,the_log] elixir 2 wall=12:34:59.663
[student] TAP slot 3 the_log cell 370 wall=12:34:59.999
[student] TRAY first +0.25s tapped slot 3 meant the_log before [ice_wizard,tesla,ice_wizard,the_log] now [ice_wizard,tesla,ice_wizard,?] slot_now ? elixir 2->2 wall=12:35:00.249
12:35:00 [play] UNKNOWN 0.4s after in-match -> grace hold (label lost: overtime / end animation / dropout; up to 150s)
[student] TRAY settled +1.02s tapped slot 3 meant the_log before [ice_wizard,tesla,ice_wizard,the_log] now [tesla,?,?,?] slot_now ? elixir 2->0 wall=12:35:01.020
12:35:07 [play] state: MATCH_END
12:35:07 [nav] MATCH_END -> Play Again (located) (0.348,0.914)
12:35:08 [play] state: UNKNOWN
12:35:14 [play] state: IN_MATCH
[student] WAIT | exact=0 opp=? next=7 t=1s hand=[3, 2, 0, 4] tw=1.01.01.01.01.01.0 sp=0 unk=0 p=0.03 elixir 7 opp~? units 1 dets 1 (waits 2521/3528 badhand 1099/5187) tap [x_bow,ice_wizard,tornado,rocket] wall=12:35:15.845
[student] PLAY tornado p=0.31 cell 148 board (0.25, 0.36) units 2 16 ms tap [x_bow,ice_wizard,tornado,rocket] hand [x_bow,ice_wizard,tornado,rocket] elixir 9 wall=12:35:18.917
[student] TAP slot 2 tornado cell 148 wall=12:35:19.250
[student] TRAY first +0.25s tapped slot 2 meant tornado before [x_bow,ice_wizard,tornado,rocket] now [x_bow,ice_wizard,?,rocket] slot_now ? elixir 9->6 wall=12:35:19.496
[student] TRAY settled +0.55s tapped slot 2 meant tornado before [x_bow,ice_wizard,tornado,rocket] now [x_bow,ice_wizard,?,rocket] slot_now ? elixir 9->6 wall=12:35:19.798
[student] WAIT | exact=0 opp=? next=149 t=7s hand=[3, 2, 7, 4] tw=1.01.01.01.01.01.0 sp=0 unk=0 p=0.04 elixir 7 opp~? units 1 dets 1 (waits 2531/3539 badhand 1102/5198) tap [x_bow,ice_wizard,skeletons,rocket] wall=12:35:22.044
[student] PLAY skeletons p=0.73 cell 242 board (0.47, 0.55) units 3 24 ms tap [x_bow,ice_wizard,skeletons,rocket] hand [x_bow,ice_wizard,skeletons,rocket] elixir 7 wall=12:35:23.724
[student] TAP slot 2 skeletons cell 242 wall=12:35:24.065
[student] TRAY first +0.25s tapped slot 2 meant skeletons before [x_bow,ice_wizard,skeletons,rocket] now [x_bow,ice_wizard,?,rocket] slot_now ? elixir 7->7 wall=12:35:24.316
[student] TRAY settled +0.61s tapped slot 2 meant skeletons before [x_bow,ice_wizard,skeletons,rocket] now [x_bow,ice_wizard,?,rocket] slot_now ? elixir 7->7 wall=12:35:24.672
[student] PLAY rocket p=0.62 cell 184 board (0.25, 0.45) units 4 16 ms tap [x_bow,ice_wizard,?,rocket] hand [x_bow,ice_wizard,?,rocket] elixir 7 wall=12:35:24.748
[student] TAP slot 3 rocket cell 236 wall=12:35:25.082
[student] TRAY first +0.25s tapped slot 3 meant rocket before [x_bow,ice_wizard,?,rocket] now [ice_wizard,?,?,?] slot_now ? elixir 7->6 wall=12:35:25.335
[student] TRAY settled +0.83s tapped slot 3 meant rocket before [x_bow,ice_wizard,?,rocket] now [tesla,ice_wizard,knight,?] slot_now ? elixir 7->1 wall=12:35:25.916
[student] PLAY knight p=0.85 cell 309 board (0.19, 0.73) units 2 15 ms tap [?,?,knight,?] hand [ice_wizard,ice_wizard,knight,tesla] elixir 3 wall=12:35:30.446
[student] TAP slot 2 knight cell 255 wall=12:35:30.778
[student] TRAY first +0.26s tapped slot 2 meant knight before [ice_wizard,ice_wizard,knight,tesla] now [x_bow,tornado,?,tesla] slot_now ? elixir 3->3 wall=12:35:31.042
[student] TRAY settled +0.63s tapped slot 2 meant knight before [ice_wizard,ice_wizard,knight,tesla] now [tornado,tornado,?,tesla] slot_now ? elixir 3->0 wall=12:35:31.405
[student] WAIT NO-TRAY-MATCH p=0.28 elixir 2 opp~? units 5 dets 6 (waits 2534/3545 badhand 1106/5211) tap [?,?,?,?] wall=12:35:37.230
[student] PLAY the_log p=0.32 cell 328 board (0.25, 0.77) units 2 27 ms tap [?,?,the_log,?] hand [ice_wizard,ice_wizard,the_log,tesla] elixir 3 wall=12:35:39.560
[student] TAP slot 2 the_log cell 383 wall=12:35:39.895
[student] TRAY first +0.23s tapped slot 2 meant the_log before [ice_wizard,ice_wizard,the_log,tesla] now [tesla,ice_wizard,?,tesla] slot_now ? elixir 3->2 wall=12:35:40.130
[student] TRAY settled +0.86s tapped slot 2 meant the_log before [ice_wizard,ice_wizard,the_log,tesla] now [tesla,ice_wizard,?,tesla] slot_now ? elixir 3->1 wall=12:35:40.755
[student] WAIT p=0.07 elixir 4 opp~? units 0 dets 1 (waits 2541/3553 badhand 1107/5222) tap [?,ice_wizard,tornado,tesla] wall=12:35:47.212
[student] WAIT p=0.05 elixir 6 opp~? units 1 dets 1 (waits 2551/3563 badhand 1107/5232) tap [x_bow,ice_wizard,tornado,tesla] wall=12:35:53.882
[student] PLAY ice_wizard p=0.61 cell 235 board (0.08, 0.55) units 1 14 ms tap [x_bow,ice_wizard,tornado,tesla] hand [x_bow,ice_wizard,tornado,tesla] elixir 8 wall=12:35:59.131
[student] TAP slot 1 ice_wizard cell 235 wall=12:35:59.476
[student] TRAY first +0.27s tapped slot 1 meant ice_wizard before [x_bow,ice_wizard,tornado,tesla] now [x_bow,?,tornado,tesla] slot_now ? elixir 8->5 wall=12:35:59.742
[student] PLAY tesla p=0.35 cell 240 board (0.33, 0.56) units 3 24 ms tap [?,?,tornado,tesla] hand [x_bow,?,tornado,tesla] elixir 5 wall=12:35:59.816
[student] TAP slot 3 tesla cell 240 wall=12:36:00.160
[student] TRAY first +0.22s tapped slot 3 meant tesla before [x_bow,?,tornado,tesla] now [tesla,?,tornado,?] slot_now ? elixir 5->5 wall=12:36:00.384
[student] TRAY settled +0.54s tapped slot 3 meant tesla before [x_bow,?,tornado,tesla] now [tesla,?,tornado,?] slot_now ? elixir 5->1 wall=12:36:00.703
[student] PLAY skeletons p=0.28 cell 309 board (0.19, 0.73) units 4 31 ms tap [?,skeletons,?,?] hand [the_log,skeletons,tornado,?] elixir 2 wall=12:36:01.570
[student] TAP slot 1 skeletons cell 255 wall=12:36:01.912
[student] TRAY first +0.29s tapped slot 1 meant skeletons before [the_log,skeletons,tornado,?] now [tesla,?,ice_wizard,rocket] slot_now ? elixir 2->2 wall=12:36:02.202
[student] TRAY settled +1.13s tapped slot 1 meant skeletons before [the_log,skeletons,tornado,?] now [tesla,?,tornado,rocket] slot_now ? elixir 2->1 wall=12:36:03.043
[student] WAIT NO-TRAY-MATCH p=0.01 elixir 2 opp~? units 4 dets 4 (waits 2558/3573 badhand 1110/5245) tap [?,?,?,?] wall=12:36:04.625
[student] PLAY tornado p=0.31 cell 148 board (0.25, 0.36) units 1 26 ms tap [?,knight,tornado,?] hand [x_bow,knight,tornado,rocket] elixir 5 wall=12:36:12.079
[student] TAP slot 2 tornado cell 148 wall=12:36:12.411
[student] TRAY first +0.24s tapped slot 2 meant tornado before [x_bow,knight,tornado,rocket] now [the_log,knight,?,rocket] slot_now ? elixir 5->3 wall=12:36:12.651
[student] WAIT NO-TRAY-MATCH p=0.00 elixir 3 opp~? units 1 dets 2 (waits 2566/3582 badhand 1111/5256) tap [?,?,?,?] wall=12:36:12.731
[student] TRAY settled +1.09s tapped slot 2 meant tornado before [x_bow,knight,tornado,rocket] now [the_log,knight,?,rocket] slot_now ? elixir 5->2 wall=12:36:13.497
[student] WAIT p=0.11 elixir 4 opp~? units 2 dets 2 (waits 2575/3591 badhand 1112/5266) tap [?,knight,the_log,?] wall=12:36:19.942
[student] PLAY knight p=0.84 cell 273 board (0.19, 0.64) units 3 20 ms tap [?,knight,the_log,?] hand [x_bow,knight,the_log,rocket] elixir 5 wall=12:36:22.389
[student] TAP slot 1 knight cell 273 wall=12:36:22.723
[student] TRAY first +0.24s tapped slot 1 meant knight before [x_bow,knight,the_log,rocket] now [ice_wizard,?,the_log,rocket] slot_now ? elixir 5->3 wall=12:36:22.964
[student] TRAY settled +0.61s tapped slot 1 meant knight before [x_bow,knight,the_log,rocket] now [ice_wizard,?,the_log,rocket] slot_now ? elixir 5->3 wall=12:36:23.335
[student] PLAY the_log p=0.69 cell 327 board (0.19, 0.77) units 1 27 ms tap [?,?,the_log,?] hand [ice_wizard,ice_wizard,the_log,rocket] elixir 3 wall=12:36:24.230
[student] TAP slot 2 the_log cell 255 wall=12:36:24.561
[student] TRAY first +0.29s tapped slot 2 meant the_log before [ice_wizard,ice_wizard,the_log,rocket] now [tesla,ice_wizard,?,rocket] slot_now ? elixir 3->2 wall=12:36:24.849
[student] TRAY settled +0.62s tapped slot 2 meant the_log before [ice_wizard,ice_wizard,the_log,rocket] now [tesla,ice_wizard,?,rocket] slot_now ? elixir 3->1 wall=12:36:25.185
[student] WAIT NO-TRAY-MATCH p=0.34 elixir 3 opp~? units 1 dets 3 (waits 2580/3598 badhand 1114/5278) tap [?,?,?,?] wall=12:36:29.295
[student] PLAY tesla p=0.41 cell 297 board (0.5, 0.69) units 2 21 ms tap [?,ice_wizard,tesla,?] hand [x_bow,ice_wizard,tesla,rocket] elixir 4 wall=12:36:31.850
[student] TAP slot 2 tesla cell 297 wall=12:36:32.184
[student] TRAY first +0.23s tapped slot 2 meant tesla before [x_bow,ice_wizard,tesla,rocket] now [x_bow,tornado,?,rocket] slot_now ? elixir 4->4 wall=12:36:32.412
[student] TRAY settled +0.58s tapped slot 2 meant tesla before [x_bow,ice_wizard,tesla,rocket] now [x_bow,tornado,?,rocket] slot_now ? elixir 4->0 wall=12:36:32.769
12:36:33 [play] UNKNOWN 0.4s after in-match -> grace hold (label lost: overtime / end animation / dropout; up to 150s)
12:36:40 [play] state: MATCH_END
12:36:40 [nav] MATCH_END -> Play Again (fixed) (0.335,0.905)
12:36:41 [play] state: UNKNOWN
12:36:47 [play] state: IN_MATCH
[student] WAIT | exact=0 opp=? next=149 t=5s hand=[0, 164, 6, 2] tw=1.01.01.01.01.01.0 sp=0 unk=0 p=0.00 elixir 9 opp~? units 0 dets 0 (waits 2586/3605 badhand 1115/5289) tap [tornado,tesla,the_log,ice_wizard] wall=12:36:53.214
[student] STALL-PLAY tornado p=0.03 cell 80 board (0.47, 0.17) units 1 30 ms tap [tornado,tesla,the_log,ice_wizard] hand [tornado,tesla,the_log,ice_wizard] elixir 10 wall=12:36:59.912
[student] TAP slot 0 tornado cell 80 wall=12:37:00.243
[student] TRAY first +0.24s tapped slot 0 meant tornado before [tornado,tesla,the_log,ice_wizard] now [?,tesla,the_log,ice_wizard] slot_now ? elixir 10->7 wall=12:37:00.483
[student] TRAY settled +1.05s tapped slot 0 meant tornado before [tornado,tesla,the_log,ice_wizard] now [?,tesla,the_log,ice_wizard] slot_now ? elixir 10->7 wall=12:37:01.296
[student] WAIT | exact=0 opp=? next=149 t=13s hand=[-1, 164, 6, 2] tw=1.01.01.01.01.01.0 sp=1 unk=0 p=0.00 elixir 7 opp~? units 1 dets 2 (waits 2596/3616 badhand 1117/5300) tap [?,tesla,the_log,ice_wizard] wall=12:37:01.362
[student] WAIT p=0.11 elixir 9 opp~? units 1 dets 1 (waits 2606/3626 badhand 1117/5310) tap [knight,tesla,the_log,ice_wizard] wall=12:37:08.721
[student] PLAY tesla p=0.43 cell 279 board (0.5, 0.66) units 1 19 ms tap [knight,tesla,the_log,ice_wizard] hand [knight,tesla,the_log,ice_wizard] elixir 10 wall=12:37:10.204
[student] TAP slot 1 tesla cell 279 wall=12:37:10.531
[student] TRAY first +0.24s tapped slot 1 meant tesla before [knight,tesla,the_log,ice_wizard] now [knight,?,the_log,ice_wizard] slot_now ? elixir 10->6 wall=12:37:10.774
[student] TRAY settled +1.05s tapped slot 1 meant tesla before [knight,tesla,the_log,ice_wizard] now [knight,?,the_log,ice_wizard] slot_now ? elixir 10->6 wall=12:37:11.584
[student] WAIT p=0.06 elixir 7 opp~? units 3 dets 3 (waits 2616/3637 badhand 1119/5321) tap [knight,skeletons,the_log,ice_wizard] wall=12:37:16.964
[student] PLAY ice_wizard p=0.34 cell 323 board (0.97, 0.73) units 3 20 ms tap [knight,skeletons,the_log,ice_wizard] hand [knight,skeletons,the_log,ice_wizard] elixir 8 wall=12:37:18.953
[student] TAP slot 3 ice_wizard cell 323 wall=12:37:19.282
[student] TRAY first +0.26s tapped slot 3 meant ice_wizard before [knight,skeletons,the_log,ice_wizard] now [knight,skeletons,the_log,?] slot_now ? elixir 8->5 wall=12:37:19.542
[student] PLAY skeletons p=0.40 cell 248 board (0.81, 0.55) units 4 22 ms tap [knight,skeletons,the_log,?] hand [knight,skeletons,the_log,?] elixir 5 wall=12:37:19.621
[student] TAP slot 1 skeletons cell 248 wall=12:37:19.961
[student] TRAY first +0.26s tapped slot 1 meant skeletons before [knight,skeletons,the_log,?] now [knight,?,the_log,?] slot_now ? elixir 5->5 wall=12:37:20.218
[student] PLAY knight p=0.53 cell 245 board (0.64, 0.55) units 7 27 ms tap [knight,?,the_log,?] hand [knight,?,the_log,?] elixir 5 wall=12:37:20.296
[student] TAP slot 0 knight cell 245 wall=12:37:20.628
[student] TRAY first +0.27s tapped slot 0 meant knight before [knight,?,the_log,?] now [?,?,the_log,rocket] slot_now ? elixir 5->3 wall=12:37:20.893
[student] TRAY settled +0.63s tapped slot 0 meant knight before [knight,?,the_log,?] now [?,?,the_log,rocket] slot_now ? elixir 5->2 wall=12:37:21.254
[student] WAIT p=0.08 elixir 3 opp~? units 3 dets 3 (waits 2624/3648 badhand 1126/5334) tap [tornado,?,the_log,?] wall=12:37:24.650
[student] PLAY tornado p=0.47 cell 229 board (0.75, 0.52) units 2 18 ms tap [tornado,?,the_log,?] hand [tornado,tesla,the_log,rocket] elixir 3 wall=12:37:25.453
[assist] TORNADO king-spot cell 229->333 trigger bats at (0.52,0.53) enemy tracks 9 wall=12:37:25.454
[student] TAP slot 0 tornado cell 333 wall=12:37:25.782
[student] TRAY first +0.28s tapped slot 0 meant tornado before [tornado,tesla,the_log,rocket] now [?,?,the_log,rocket] slot_now ? elixir 3->3 wall=12:37:26.058
[student] TRAY settled +0.65s tapped slot 0 meant tornado before [tornado,tesla,the_log,rocket] now [?,?,the_log,rocket] slot_now ? elixir 3->1 wall=12:37:26.428
[student] WAIT | exact=0 opp=? next=2 t=47s hand=[164, 3, 6, 4] tw=1.01.01.01.01.01.0 sp=0 unk=0 p=0.05 elixir 4 opp~? units 3 dets 3 (waits 2630/3655 badhand 1127/5345) tap [tesla,?,the_log,?] wall=12:37:35.026
[student] WAIT p=0.16 elixir 6 opp~? units 2 dets 2 (waits 2640/3665 badhand 1127/5355) tap [tesla,x_bow,the_log,rocket] wall=12:37:42.237
[student] PLAY the_log p=0.33 cell 248 board (0.81, 0.55) units 2 16 ms tap [tesla,x_bow,the_log,rocket] hand [tesla,x_bow,the_log,rocket] elixir 7 wall=12:37:42.984
[student] TAP slot 2 the_log cell 247 wall=12:37:43.314
[student] TRAY first +0.31s tapped slot 2 meant the_log before [tesla,x_bow,the_log,rocket] now [tesla,x_bow,?,rocket] slot_now ? elixir 7->5 wall=12:37:43.627
[student] TRAY settled +0.85s tapped slot 2 meant the_log before [tesla,x_bow,the_log,rocket] now [tesla,x_bow,?,rocket] slot_now ? elixir 7->5 wall=12:37:44.168
[student] PLAY tesla p=0.40 cell 244 board (0.56, 0.56) units 2 23 ms tap [tesla,?,?,?] hand [tesla,x_bow,?,rocket] elixir 5 wall=12:37:44.243
[student] TAP slot 0 tesla cell 244 wall=12:37:44.581
[student] TRAY first +0.26s tapped slot 0 meant tesla before [tesla,x_bow,?,rocket] now [?,the_log,ice_wizard,rocket] slot_now ? elixir 5->4 wall=12:37:44.837
[student] TRAY settled +0.87s tapped slot 0 meant tesla before [tesla,x_bow,?,rocket] now [?,the_log,ice_wizard,rocket] slot_now ? elixir 5->1 wall=12:37:45.447
[student] WAIT p=0.15 elixir 4 opp~? units 2 dets 2 (waits 2649/3676 badhand 1130/5367) tap [skeletons,?,ice_wizard,?] wall=12:37:51.219
[student] PLAY ice_wizard p=0.29 cell 413 board (0.97, 0.95) units 3 22 ms tap [skeletons,?,ice_wizard,?] hand [skeletons,x_bow,ice_wizard,rocket] elixir 5 wall=12:37:55.787
[student] TAP slot 2 ice_wizard cell 413 wall=12:37:56.126
[student] TRAY first +0.27s tapped slot 2 meant ice_wizard before [skeletons,x_bow,ice_wizard,rocket] now [skeletons,the_log,?,rocket] slot_now ? elixir 5->3 wall=12:37:56.392
[student] TRAY settled +0.82s tapped slot 2 meant ice_wizard before [skeletons,x_bow,ice_wizard,rocket] now [skeletons,ice_wizard,?,rocket] slot_now ? elixir 5->3 wall=12:37:56.948
[student] WAIT | exact=0 opp=? next=0 t=71s hand=[7, 2, 149, 4] tw=1.01.01.01.01.01.0 sp=0 unk=0 p=0.03 elixir 3 opp~? units 4 dets 4 (waits 2659/3687 badhand 1132/5378) tap [skeletons,?,knight,?] wall=12:37:58.529
[student] WAIT p=0.17 elixir 5 opp~? units 4 dets 4 (waits 2669/3697 badhand 1132/5388) tap [skeletons,?,knight,?] wall=12:38:05.141
[student] PLAY x_bow p=0.32 cell 254 board (0.14, 0.61) units 4 26 ms tap [skeletons,x_bow,knight,rocket] hand [skeletons,x_bow,knight,rocket] elixir 6 wall=12:38:05.929
[student] TAP slot 1 x_bow cell 254 wall=12:38:06.260
[student] TRAY first +0.25s tapped slot 1 meant x_bow before [skeletons,x_bow,knight,rocket] now [skeletons,?,knight,rocket] slot_now ? elixir 6->6 wall=12:38:06.508
[student] TRAY settled +0.61s tapped slot 1 meant x_bow before [skeletons,x_bow,knight,rocket] now [skeletons,?,knight,rocket] slot_now ? elixir 6->0 wall=12:38:06.869
[student] WAIT p=0.16 elixir 2 opp~? units 4 dets 4 (waits 2678/3707 badhand 1133/5399) tap [skeletons,?,?,?] wall=12:38:13.012
[student] PLAY skeletons p=0.60 cell 237 board (0.19, 0.55) units 6 15 ms tap [skeletons,?,?,?] hand [skeletons,tornado,knight,rocket] elixir 2 wall=12:38:13.589
[student] TAP slot 0 skeletons cell 237 wall=12:38:13.926
[student] TRAY first +0.26s tapped slot 0 meant skeletons before [skeletons,tornado,knight,rocket] now [?,tornado,knight,rocket] slot_now ? elixir 2->2 wall=12:38:14.187
[student] TRAY settled +0.60s tapped slot 0 meant skeletons before [skeletons,tornado,knight,rocket] now [?,tornado,knight,rocket] slot_now ? elixir 2->2 wall=12:38:14.522
[student] PLAY knight p=0.46 cell 237 board (0.19, 0.55) units 6 23 ms tap [the_log,tornado,knight,?] hand [the_log,tornado,knight,rocket] elixir 3 wall=12:38:16.950
[student] TAP slot 2 knight cell 237 wall=12:38:17.292
[student] TRAY first +0.24s tapped slot 2 meant knight before [the_log,tornado,knight,rocket] now [the_log,tornado,?,rocket] slot_now ? elixir 3->3 wall=12:38:17.533
[student] TRAY settled +0.99s tapped slot 2 meant knight before [the_log,tornado,knight,rocket] now [the_log,tornado,?,rocket] slot_now ? elixir 3->0 wall=12:38:18.279
[student] PLAY the_log p=0.53 cell 320 board (0.81, 0.73) units 3 16 ms tap [the_log,?,?,?] hand [the_log,tornado,tesla,rocket] elixir 2 wall=12:38:22.651
[student] TAP slot 0 the_log cell 319 wall=12:38:22.980
[student] TRAY first +0.24s tapped slot 0 meant the_log before [the_log,tornado,tesla,rocket] now [?,tornado,?,rocket] slot_now ? elixir 2->2 wall=12:38:23.216
[student] TRAY settled +1.05s tapped slot 0 meant the_log before [the_log,tornado,tesla,rocket] now [?,tornado,?,rocket] slot_now ? elixir 2->0 wall=12:38:24.025
[student] PLAY tornado p=0.78 cell 248 board (0.81, 0.55) units 4 15 ms tap [ice_wizard,tornado,?,?] hand [ice_wizard,tornado,tesla_evo,rocket] elixir 3 wall=12:38:31.863
[student] TAP slot 1 tornado cell 248 wall=12:38:32.198
[student] TRAY first +1.06s tapped slot 1 meant tornado before [ice_wizard,tornado,tesla_evo,rocket] now [ice_wizard,?,?,rocket] slot_now ? elixir 3->3 wall=12:38:33.260
[student] WAIT | exact=0 opp=? next=7 t=115s hand=[2, 3, 164, 4] tw=1.01.01.01.01.01.0 sp=0 unk=0 p=0.04 elixir 4 opp~? units 2 dets 2 (waits 2682/3715 badhand 1135/5413) tap [ice_wizard,?,tesla_evo,?] wall=12:38:42.448
[clock] icon reads x3 but the clock reads x1 -> using the clock (x1)
[clock] icon reads x3 but the clock reads x2 -> using the clock (x2)
12:38:48 [play] elixir x2
[student] PLAY x_bow p=0.51 cell 267 board (0.86, 0.61) units 2 24 ms tap [ice_wizard,x_bow,tesla_evo,rocket] hand [ice_wizard,x_bow,tesla_evo,rocket] elixir 7 wall=12:38:48.312
[student] TAP slot 1 x_bow cell 267 wall=12:38:48.642
[student] TRAY first +0.62s tapped slot 1 meant x_bow before [ice_wizard,x_bow,tesla_evo,rocket] now [ice_wizard,?,tesla,rocket] slot_now ? elixir 7->6 wall=12:38:49.259
[student] PLAY ice_wizard p=0.35 cell 247 board (0.75, 0.55) units 2 25 ms tap [ice_wizard,?,?,?] hand [ice_wizard,?,tesla_evo,rocket] elixir 3 wall=12:38:50.040
[student] TAP slot 0 ice_wizard cell 247 wall=12:38:50.375
[student] TRAY first +0.59s tapped slot 0 meant ice_wizard before [ice_wizard,?,tesla_evo,rocket] now [?,skeletons,?,rocket] slot_now ? elixir 3->3 wall=12:38:50.961
[student] WAIT p=0.26 elixir 1 opp~? units 2 dets 2 (waits 2690/3725 badhand 1139/5425) tap [?,skeletons,?,?] wall=12:38:51.622
[student] PLAY skeletons p=0.33 cell 247 board (0.75, 0.55) units 3 16 ms tap [?,skeletons,?,?] hand [knight_evo,skeletons,tesla,rocket] elixir 2 wall=12:38:53.079
[student] TAP slot 1 skeletons cell 247 wall=12:38:53.409
[student] TRAY first +0.56s tapped slot 1 meant skeletons before [knight_evo,skeletons,tesla,rocket] now [knight_evo,?,tesla,rocket] slot_now ? elixir 2->1 wall=12:38:53.973
[student] PLAY knight_evo p=0.29 cell 247 board (0.75, 0.55) units 5 23 ms tap [knight_evo,the_log,tesla_evo,?] hand [knight_evo,the_log,tesla_evo,rocket] elixir 4 wall=12:38:57.542
[student] TAP slot 0 knight_evo cell 247 wall=12:38:57.876
[student] TRAY first +0.59s tapped slot 0 meant knight_evo before [knight_evo,the_log,tesla_evo,rocket] now [?,the_log,?,rocket] slot_now ? elixir 4->3 wall=12:38:58.470
[student] PLAY tornado p=0.30 cell 176 board (0.81, 0.39) units 6 24 ms tap [tornado,the_log,tesla_evo,?] hand [tornado,the_log,tesla_evo,rocket] elixir 4 wall=12:39:01.413
[student] TAP slot 0 tornado cell 176 wall=12:39:01.747
[student] TRAY first +0.63s tapped slot 0 meant tornado before [tornado,the_log,tesla_evo,rocket] now [?,the_log,tesla,rocket] slot_now ? elixir 4->3 wall=12:39:02.376
[student] WAIT p=0.18 elixir 2 opp~? units 6 dets 7 (waits 2699/3737 badhand 1143/5438) tap [?,the_log,?,?] wall=12:39:03.120
[student] PLAY the_log p=0.54 cell 248 board (0.81, 0.55) units 5 18 ms tap [?,the_log,?,?] hand [ice_wizard,the_log,tesla_evo,rocket] elixir 3 wall=12:39:04.933
[student] TAP slot 1 the_log cell 248 wall=12:39:05.281
[student] TRAY first +0.62s tapped slot 1 meant the_log before [ice_wizard,the_log,tesla_evo,rocket] now [the_log,?,tesla,rocket] slot_now ? elixir 3->2 wall=12:39:05.897
[student] PLAY tesla_evo p=0.46 cell 247 board (0.72, 0.56) units 4 21 ms tap [?,ice_wizard,tesla_evo,?] hand [x_bow,ice_wizard,tesla_evo,rocket] elixir 4 wall=12:39:08.225
[student] TAP slot 2 tesla_evo cell 247 wall=12:39:08.558
[student] TRAY first +0.27s tapped slot 2 meant tesla_evo before [x_bow,ice_wizard,tesla_evo,rocket] now [tornado,tornado,?,rocket] slot_now ? elixir 4->4 wall=12:39:08.826
[student] TRAY settled +0.74s tapped slot 2 meant tesla_evo before [x_bow,ice_wizard,tesla_evo,rocket] now [ice_wizard,ice_wizard,?,rocket] slot_now ? elixir 4->1 wall=12:39:09.293
[student] PLAY skeletons p=0.55 cell 244 board (0.58, 0.55) units 5 25 ms tap [?,?,skeletons,?] hand [the_log,ice_wizard,skeletons,rocket] elixir 2 wall=12:39:11.217
[student] TAP slot 2 skeletons cell 244 wall=12:39:11.557
[student] TRAY first +0.26s tapped slot 2 meant skeletons before [the_log,ice_wizard,skeletons,rocket] now [tesla,ice_wizard,?,rocket] slot_now ? elixir 2->1 wall=12:39:11.821
[student] TRAY settled +0.59s tapped slot 2 meant skeletons before [the_log,ice_wizard,skeletons,rocket] now [the_log,ice_wizard,?,rocket] slot_now ? elixir 2->2 wall=12:39:12.146
[student] PLAY knight p=0.70 cell 249 board (0.86, 0.55) units 6 8 ms tap [?,?,knight,?] hand [ice_wizard,ice_wizard,knight,rocket] elixir 3 wall=12:39:13.963
[student] TAP slot 2 knight cell 249 wall=12:39:14.297
[student] TRAY first +0.26s tapped slot 2 meant knight before [ice_wizard,ice_wizard,knight,rocket] now [tornado,tornado,?,rocket] slot_now ? elixir 3->3 wall=12:39:14.554
[student] TRAY settled +1.04s tapped slot 2 meant knight before [ice_wizard,ice_wizard,knight,rocket] now [ice_wizard,ice_wizard,?,rocket] slot_now ? elixir 3->1 wall=12:39:15.340
[student] WAIT NO-TRAY-MATCH p=0.16 elixir 2 opp~? units 3 dets 3 (waits 2702/3744 badhand 1147/5452) tap [?,?,?,?] wall=12:39:16.427
[student] PLAY tornado p=0.77 cell 194 board (0.81, 0.45) units 3 24 ms tap [?,?,tornado,?] hand [ice_wizard,ice_wizard,tornado,rocket] elixir 3 wall=12:39:17.936
[student] TAP slot 2 tornado cell 194 wall=12:39:18.264
[student] TRAY first +0.25s tapped slot 2 meant tornado before [ice_wizard,ice_wizard,tornado,rocket] now [tornado,ice_wizard,?,rocket] slot_now ? elixir 3->3 wall=12:39:18.512
[student] TRAY settled +0.60s tapped slot 2 meant tornado before [ice_wizard,ice_wizard,tornado,rocket] now [ice_wizard,tornado,?,rocket] slot_now ? elixir 3->0 wall=12:39:18.867
[student] PLAY the_log p=0.48 cell 248 board (0.81, 0.55) units 3 16 ms tap [?,?,the_log,?] hand [ice_wizard,ice_wizard,the_log,rocket] elixir 2 wall=12:39:21.575
[student] TAP slot 2 the_log cell 284 wall=12:39:21.909
[student] TRAY first +0.24s tapped slot 2 meant the_log before [ice_wizard,ice_wizard,the_log,rocket] now [ice_wizard,ice_wizard,?,rocket] slot_now ? elixir 2->2 wall=12:39:22.148
[student] TRAY settled +0.75s tapped slot 2 meant the_log before [ice_wizard,ice_wizard,the_log,rocket] now [tesla,ice_wizard,?,rocket] slot_now ? elixir 2->1 wall=12:39:22.662
[student] PLAY tesla p=0.88 cell 279 board (0.5, 0.66) units 2 23 ms tap [?,ice_wizard,tesla,?] hand [x_bow,ice_wizard,tesla,rocket] elixir 4 wall=12:39:26.537
[student] TAP slot 2 tesla cell 279 wall=12:39:26.862
[student] TRAY first +0.25s tapped slot 2 meant tesla before [x_bow,ice_wizard,tesla,rocket] now [tornado,tornado,?,rocket] slot_now ? elixir 4->4 wall=12:39:27.110
[student] TRAY settled +0.58s tapped slot 2 meant tesla before [x_bow,ice_wizard,tesla,rocket] now [ice_wizard,ice_wizard,?,rocket] slot_now ? elixir 4->1 wall=12:39:27.447
[student] PLAY skeletons p=0.36 cell 244 board (0.58, 0.55) units 3 22 ms tap [?,?,skeletons,?] hand [tesla,ice_wizard,skeletons,rocket] elixir 1 wall=12:39:28.302
[student] TAP slot 2 skeletons cell 244 wall=12:39:28.630
[student] TRAY first +0.29s tapped slot 2 meant skeletons before [tesla,ice_wizard,skeletons,rocket] now [ice_wizard,ice_wizard,?,rocket] slot_now ? elixir 1->1 wall=12:39:28.916
[student] TRAY settled +0.75s tapped slot 2 meant skeletons before [tesla,ice_wizard,skeletons,rocket] now [ice_wizard,ice_wizard,?,rocket] slot_now ? elixir 1->1 wall=12:39:29.380
[student] WAIT NO-TRAY-MATCH p=0.14 elixir 2 opp~? units 5 dets 5 (waits 2702/3748 badhand 1149/5466) tap [?,?,?,?] wall=12:39:30.778
[student] PLAY knight p=0.93 cell 300 board (0.69, 0.67) units 3 16 ms tap [?,?,knight,?] hand [ice_wizard,ice_wizard,knight,rocket] elixir 3 wall=12:39:31.998
[student] TAP slot 2 knight cell 300 wall=12:39:32.330
[student] TRAY first +0.26s tapped slot 2 meant knight before [ice_wizard,ice_wizard,knight,rocket] now [tornado,ice_wizard,?,rocket] slot_now ? elixir 3->3 wall=12:39:32.593
[student] TRAY settled +0.63s tapped slot 2 meant knight before [ice_wizard,ice_wizard,knight,rocket] now [ice_wizard,ice_wizard,?,rocket] slot_now ? elixir 3->0 wall=12:39:32.955
[student] PLAY tornado p=0.92 cell 247 board (0.75, 0.55) units 5 21 ms tap [?,?,tornado,?] hand [ice_wizard,ice_wizard,tornado,rocket] elixir 3 wall=12:39:36.303
[assist] TORNADO king-spot cell 247->333 trigger bats at (0.68,0.58) enemy tracks 6 wall=12:39:36.303
[student] TAP slot 2 tornado cell 333 wall=12:39:36.641
[student] TRAY first +0.26s tapped slot 2 meant tornado before [ice_wizard,ice_wizard,tornado,rocket] now [tornado,tornado,?,rocket] slot_now ? elixir 3->3 wall=12:39:36.902
[student] TRAY settled +0.58s tapped slot 2 meant tornado before [ice_wizard,ice_wizard,tornado,rocket] now [ice_wizard,ice_wizard,?,rocket] slot_now ? elixir 3->1 wall=12:39:37.216
[student] PLAY the_log p=0.72 cell 248 board (0.81, 0.55) units 3 27 ms tap [?,?,the_log,?] hand [ice_wizard,ice_wizard,the_log,rocket] elixir 3 wall=12:39:40.213
[student] TAP slot 2 the_log cell 337 wall=12:39:40.557
[student] TRAY first +0.25s tapped slot 2 meant the_log before [ice_wizard,ice_wizard,the_log,rocket] now [tesla,ice_wizard,?,rocket] slot_now ? elixir 3->2 wall=12:39:40.806
[student] TRAY settled +0.58s tapped slot 2 meant the_log before [ice_wizard,ice_wizard,the_log,rocket] now [tesla,ice_wizard,?,rocket] slot_now ? elixir 3->1 wall=12:39:41.138
[student] PLAY ice_wizard p=0.70 cell 250 board (0.92, 0.55) units 2 17 ms tap [?,ice_wizard,tesla,?] hand [x_bow,ice_wizard,tesla,rocket] elixir 4 wall=12:39:44.905
[student] TAP slot 1 ice_wizard cell 250 wall=12:39:45.247
[student] TRAY first +0.31s tapped slot 1 meant ice_wizard before [x_bow,ice_wizard,tesla,rocket] now [tesla,?,tesla,rocket] slot_now ? elixir 4->3 wall=12:39:45.559
[student] TRAY settled +1.12s tapped slot 1 meant ice_wizard before [x_bow,ice_wizard,tesla,rocket] now [the_log,?,tesla,rocket] slot_now ? elixir 4->2 wall=12:39:46.363
[student] WAIT NO-TRAY-MATCH p=0.16 elixir 2 opp~? units 3 dets 3 (waits 2702/3752 badhand 1152/5480) tap [?,?,?,?] wall=12:39:46.457
[student] PLAY skeletons p=0.81 cell 247 board (0.75, 0.55) units 3 18 ms tap [?,skeletons,?,?] hand [ice_wizard,skeletons,tesla,rocket] elixir 2 wall=12:39:47.221
[student] TAP slot 1 skeletons cell 247 wall=12:39:47.582
[student] TRAY first +0.34s tapped slot 1 meant skeletons before [ice_wizard,skeletons,tesla,rocket] now [the_log,?,tesla,rocket] slot_now ? elixir 2->1 wall=12:39:47.920
[student] TRAY settled +0.82s tapped slot 1 meant skeletons before [ice_wizard,skeletons,tesla,rocket] now [ice_wizard,?,tesla,rocket] slot_now ? elixir 2->2 wall=12:39:48.398
[student] PLAY rocket p=0.29 cell 76 board (0.25, 0.17) units 4 17 ms tap [x_bow,knight_evo,tesla,rocket] hand [x_bow,knight_evo,tesla,rocket] elixir 6 wall=12:39:52.799
[student] TAP slot 3 rocket cell 23 wall=12:39:53.142
[student] TRAY first +0.31s tapped slot 3 meant rocket before [x_bow,knight_evo,tesla,rocket] now [tornado,knight_evo,tesla,?] slot_now ? elixir 6->6 wall=12:39:53.451
[student] TRAY settled +1.08s tapped slot 3 meant rocket before [x_bow,knight_evo,tesla,rocket] now [ice_wizard,knight_evo,tesla,?] slot_now ? elixir 6->1 wall=12:39:54.220
[student] PLAY tornado p=0.32 cell 157 board (0.75, 0.36) units 3 36 ms tap [?,knight_evo,?,tornado] hand [ice_wizard,knight_evo,tesla,tornado] elixir 3 wall=12:39:57.156
[student] TAP slot 3 tornado cell 157 wall=12:39:57.491
[student] TRAY first +0.30s tapped slot 3 meant tornado before [ice_wizard,knight_evo,tesla,tornado] now [tornado,knight_evo,tesla,?] slot_now ? elixir 3->3 wall=12:39:57.791
[student] WAIT NO-TRAY-MATCH p=0.05 elixir 3 opp~? units 3 dets 4 (waits 2708/3761 badhand 1154/5493) tap [?,?,?,?] wall=12:39:57.858
[student] TRAY settled +0.96s tapped slot 3 meant tornado before [ice_wizard,knight_evo,tesla,tornado] now [ice_wizard,knight_evo,tesla,?] slot_now ? elixir 3->1 wall=12:39:58.449
[student] PLAY tesla p=0.69 cell 297 board (0.5, 0.69) units 3 29 ms tap [?,knight_evo,tesla,the_log] hand [x_bow,knight_evo,tesla,the_log] elixir 4 wall=12:40:03.561
[student] TAP slot 2 tesla cell 297 wall=12:40:03.891
[student] TRAY first +0.31s tapped slot 2 meant tesla before [x_bow,knight_evo,tesla,the_log] now [ice_wizard,knight_evo,?,the_log] slot_now ? elixir 4->4 wall=12:40:04.198
[student] TRAY settled +0.77s tapped slot 2 meant tesla before [x_bow,knight_evo,tesla,the_log] now [tesla,knight_evo,?,the_log] slot_now ? elixir 4->1 wall=12:40:04.658
[student] PLAY the_log p=0.50 cell 281 board (0.64, 0.64) units 4 20 ms tap [?,?,?,the_log] hand [ice_wizard,knight_evo,ice_wizard,the_log] elixir 2 wall=12:40:06.735
[student] TAP slot 3 the_log cell 315 wall=12:40:07.073
[student] TRAY first +0.37s tapped slot 3 meant the_log before [ice_wizard,knight_evo,ice_wizard,the_log] now [tesla,knight_evo,ice_wizard,?] slot_now ? elixir 2->2 wall=12:40:07.440
[student] TRAY settled +1.06s tapped slot 3 meant the_log before [ice_wizard,knight_evo,ice_wizard,the_log] now [the_log,knight_evo,ice_wizard,?] slot_now ? elixir 2->1 wall=12:40:08.132
[student] PLAY skeletons p=0.59 cell 244 board (0.58, 0.55) units 3 15 ms tap [?,?,?,skeletons] hand [the_log,knight_evo,ice_wizard,skeletons] elixir 2 wall=12:40:08.807
[student] TAP slot 3 skeletons cell 244 wall=12:40:09.146
[student] TRAY first +0.30s tapped slot 3 meant skeletons before [the_log,knight_evo,ice_wizard,skeletons] now [tesla,knight_evo,ice_wizard,?] slot_now ? elixir 2->1 wall=12:40:09.449
[student] TRAY settled +0.68s tapped slot 3 meant skeletons before [the_log,knight_evo,ice_wizard,skeletons] now [the_log,knight_evo,ice_wizard,?] slot_now ? elixir 2->2 wall=12:40:09.823
[student] PLAY knight_evo p=0.73 cell 263 board (0.64, 0.61) units 3 6 ms tap [?,knight_evo,?,?] hand [ice_wizard,knight_evo,ice_wizard,rocket] elixir 3 wall=12:40:11.134
[student] TAP slot 1 knight_evo cell 263 wall=12:40:11.463
[student] TRAY first +0.39s tapped slot 1 meant knight_evo before [ice_wizard,knight_evo,ice_wizard,rocket] now [tornado,?,ice_wizard,rocket] slot_now ? elixir 3->3 wall=12:40:11.852
[student] WAIT NO-TRAY-MATCH p=0.14 elixir 3 opp~? units 2 dets 2 (waits 2712/3769 badhand 1157/5507) tap [?,?,?,?] wall=12:40:11.937
[student] TRAY settled +0.77s tapped slot 1 meant knight_evo before [ice_wizard,knight_evo,ice_wizard,rocket] now [ice_wizard,?,tornado,rocket] slot_now ? elixir 3->0 wall=12:40:12.233
[student] PLAY ice_wizard p=0.34 cell 250 board (0.92, 0.55) units 3 18 ms tap [?,tornado,ice_wizard,?] hand [x_bow,tornado,ice_wizard,rocket] elixir 5 wall=12:40:18.653
[student] TAP slot 2 ice_wizard cell 250 wall=12:40:18.993
[student] TRAY first +0.33s tapped slot 2 meant ice_wizard before [x_bow,tornado,ice_wizard,rocket] now [ice_wizard,tornado,?,rocket] slot_now ? elixir 5->3 wall=12:40:19.323
[student] TRAY settled +1.07s tapped slot 2 meant ice_wizard before [x_bow,tornado,ice_wizard,rocket] now [ice_wizard,tornado,?,rocket] slot_now ? elixir 5->3 wall=12:40:20.063
[student] WAIT p=0.22 elixir 4 opp~? units 4 dets 4 (waits 2721/3779 badhand 1159/5518) tap [?,tornado,tesla_evo,?] wall=12:40:21.982
[student] PLAY tornado p=0.39 cell 157 board (0.75, 0.36) units 5 13 ms tap [?,tornado,tesla_evo,?] hand [x_bow,tornado,tesla_evo,rocket] elixir 5 wall=12:40:22.338
[student] TAP slot 1 tornado cell 157 wall=12:40:22.674
[student] TRAY first +0.31s tapped slot 1 meant tornado before [x_bow,tornado,tesla_evo,rocket] now [the_log,?,tesla,rocket] slot_now ? elixir 5->3 wall=12:40:22.986
[student] TRAY settled +0.75s tapped slot 1 meant tornado before [x_bow,tornado,tesla_evo,rocket] now [ice_wizard,?,tesla,rocket] slot_now ? elixir 5->2 wall=12:40:23.422
[student] PLAY the_log p=0.42 cell 238 board (0.25, 0.55) units 5 15 ms tap [?,the_log,?,?] hand [ice_wizard,the_log,tesla_evo,rocket] elixir 3 wall=12:40:24.245
[student] TAP slot 1 the_log cell 238 wall=12:40:24.579
[student] TRAY first +0.31s tapped slot 1 meant the_log before [ice_wizard,the_log,tesla_evo,rocket] now [the_log,?,tesla,rocket] slot_now ? elixir 3->2 wall=12:40:24.888
[student] TRAY settled +0.95s tapped slot 1 meant the_log before [ice_wizard,the_log,tesla_evo,rocket] now [the_log,?,tesla,rocket] slot_now ? elixir 3->2 wall=12:40:25.532
[student] PLAY skeletons p=0.32 cell 237 board (0.19, 0.55) units 5 25 ms tap [?,skeletons,?,?] hand [ice_wizard,skeletons,tesla,rocket] elixir 2 wall=12:40:26.355
[student] TAP slot 1 skeletons cell 237 wall=12:40:26.690
[student] TRAY first +0.33s tapped slot 1 meant skeletons before [ice_wizard,skeletons,tesla,rocket] now [the_log,?,tesla,rocket] slot_now ? elixir 2->2 wall=12:40:27.022
[student] TRAY settled +0.76s tapped slot 1 meant skeletons before [ice_wizard,skeletons,tesla,rocket] now [ice_wizard,?,tesla,rocket] slot_now ? elixir 2->2 wall=12:40:27.451
[student] PLAY knight p=0.33 cell 248 board (0.81, 0.55) units 4 28 ms tap [?,knight,?,?] hand [ice_wizard,knight,tesla_evo,rocket] elixir 3 wall=12:40:28.657
[student] TAP slot 1 knight cell 248 wall=12:40:28.996
[student] TRAY first +0.56s tapped slot 1 meant knight before [ice_wizard,knight,tesla_evo,rocket] now [ice_wizard,?,?,rocket] slot_now ? elixir 3->3 wall=12:40:29.555
[student] WAIT p=0.22 elixir 4 opp~? units 4 dets 4 (waits 2723/3785 badhand 1164/5532) tap [?,ice_wizard,tesla_evo,?] wall=12:40:34.897
[student] PLAY tesla_evo p=0.29 cell 243 board (0.5, 0.56) units 4 18 ms tap [?,ice_wizard,tesla_evo,?] hand [x_bow,ice_wizard,tesla_evo,rocket] elixir 5 wall=12:40:35.711
[student] TAP slot 2 tesla_evo cell 243 wall=12:40:36.039
[student] TRAY first +0.75s tapped slot 2 meant tesla_evo before [x_bow,ice_wizard,tesla_evo,rocket] now [the_log,ice_wizard,?,rocket] slot_now ? elixir 5->4 wall=12:40:36.793
[student] PLAY tornado p=0.56 cell 148 board (0.25, 0.36) units 4 27 ms tap [?,?,tornado,?] hand [ice_wizard,ice_wizard,tornado,rocket] elixir 3 wall=12:40:38.477
[student] TAP slot 2 tornado cell 148 wall=12:40:38.829
[student] TRAY first +0.69s tapped slot 2 meant tornado before [ice_wizard,ice_wizard,tornado,rocket] now [ice_wizard,ice_wizard,?,rocket] slot_now ? elixir 3->3 wall=12:40:39.524
[student] PLAY the_log p=0.71 cell 238 board (0.25, 0.55) units 5 15 ms tap [?,?,the_log,?] hand [ice_wizard,ice_wizard,the_log,rocket] elixir 2 wall=12:40:41.847
[student] TAP slot 2 the_log cell 240 wall=12:40:42.178
[student] TRAY first +0.70s tapped slot 2 meant the_log before [ice_wizard,ice_wizard,the_log,rocket] now [tesla,ice_wizard,?,rocket] slot_now ? elixir 2->2 wall=12:40:42.874
[student] PLAY skeletons p=0.72 cell 238 board (0.25, 0.55) units 6 23 ms tap [?,?,skeletons,?] hand [ice_wizard,ice_wizard,skeletons,rocket] elixir 2 wall=12:40:44.577
[student] TAP slot 2 skeletons cell 238 wall=12:40:44.912
[student] TRAY first +0.58s tapped slot 2 meant skeletons before [ice_wizard,ice_wizard,skeletons,rocket] now [ice_wizard,ice_wizard,?,rocket] slot_now ? elixir 2->2 wall=12:40:45.489
[student] PLAY knight p=0.91 cell 274 board (0.25, 0.64) units 5 22 ms tap [?,ice_wizard,knight,?] hand [x_bow,ice_wizard,knight,rocket] elixir 4 wall=12:40:47.201
[student] TAP slot 2 knight cell 274 wall=12:40:47.541
[student] TRAY first +0.68s tapped slot 2 meant knight before [x_bow,ice_wizard,knight,rocket] now [ice_wizard,ice_wizard,?,rocket] slot_now ? elixir 4->3 wall=12:40:48.217
12:40:48 [play] elixir x3
[student] PLAY ice_wizard p=0.28 cell 238 board (0.25, 0.55) units 4 25 ms tap [?,ice_wizard,tesla,?] hand [x_bow,ice_wizard,tesla,rocket] elixir 5 wall=12:40:50.552
[student] TAP slot 1 ice_wizard cell 238 wall=12:40:50.895
[student] TRAY first +0.67s tapped slot 1 meant ice_wizard before [x_bow,ice_wizard,tesla,rocket] now [ice_wizard,?,tesla,rocket] slot_now ? elixir 5->3 wall=12:40:51.562
[student] PLAY tesla p=0.31 cell 296 board (0.44, 0.69) units 4 14 ms tap [?,?,tesla,?] hand [x_bow,?,tesla,rocket] elixir 4 wall=12:40:52.374
[student] TAP slot 2 tesla cell 296 wall=12:40:52.706
[student] TRAY first +0.76s tapped slot 2 meant tesla before [x_bow,?,tesla,rocket] now [ice_wizard,tornado,?,rocket] slot_now ? elixir 4->4 wall=12:40:53.470
[student] WAIT NO-TRAY-MATCH p=0.24 elixir 4 opp~? units 7 dets 7 (waits 2724/3793 badhand 1173/5549) tap [?,?,?,?] wall=12:40:53.556
[student] PLAY x_bow p=0.50 cell 254 board (0.14, 0.61) units 7 22 ms tap [x_bow,tornado,the_log,rocket] hand [x_bow,tornado,the_log,rocket] elixir 6 wall=12:40:58.243
[student] TAP slot 0 x_bow cell 254 wall=12:40:58.574
[student] TRAY first +0.72s tapped slot 0 meant x_bow before [x_bow,tornado,the_log,rocket] now [?,tornado,the_log,rocket] slot_now ? elixir 6->6 wall=12:40:59.292
[student] PLAY skeletons p=0.61 cell 238 board (0.25, 0.55) units 9 23 ms tap [skeletons,tornado,the_log,?] hand [skeletons,tornado,the_log,rocket] elixir 3 wall=12:41:00.986
[student] TAP slot 0 skeletons cell 238 wall=12:41:01.327
[student] TRAY first +0.64s tapped slot 0 meant skeletons before [skeletons,tornado,the_log,rocket] now [?,tornado,the_log,rocket] slot_now ? elixir 3->3 wall=12:41:01.965
[student] PLAY the_log p=0.77 cell 238 board (0.25, 0.55) units 9 29 ms tap [?,tornado,the_log,?] hand [?,tornado,the_log,rocket] elixir 4 wall=12:41:02.867
[student] TAP slot 2 the_log cell 311 wall=12:41:03.206
[student] TRAY first +0.75s tapped slot 2 meant the_log before [?,tornado,the_log,rocket] now [knight_evo,tornado,?,rocket] slot_now ? elixir 4->3 wall=12:41:03.958
[student] PLAY knight_evo p=0.49 cell 238 board (0.25, 0.55) units 7 24 ms tap [knight_evo,tornado,?,?] hand [knight_evo,tornado,?,rocket] elixir 3 wall=12:41:04.053
[student] TAP slot 0 knight_evo cell 238 wall=12:41:04.390
[student] TRAY first +0.76s tapped slot 0 meant knight_evo before [knight_evo,tornado,?,rocket] now [?,tornado,ice_wizard,rocket] slot_now ? elixir 3->3 wall=12:41:05.152
[student] PLAY tornado p=0.80 cell 222 board (0.36, 0.52) units 9 20 ms tap [?,tornado,ice_wizard,?] hand [tesla,tornado,ice_wizard,rocket] elixir 3 wall=12:41:06.899
[assist] TORNADO king-spot cell 222->333 trigger electro_giant at (0.53,0.51) enemy tracks 4 wall=12:41:06.899
[student] TAP slot 1 tornado cell 333 wall=12:41:07.228
[student] TRAY first +0.75s tapped slot 1 meant tornado before [tesla,tornado,ice_wizard,rocket] now [tesla,?,ice_wizard,rocket] slot_now ? elixir 3->3 wall=12:41:07.974
[student] WAIT NO-TRAY-MATCH p=0.82 elixir 3 opp~? units 8 dets 9 (waits 2730/3804 badhand 1181/5564) tap [?,?,?,?] wall=12:41:08.067
[student] PLAY ice_wizard p=0.79 cell 235 board (0.08, 0.55) units 7 24 ms tap [tesla,?,ice_wizard,?] hand [tesla,x_bow,ice_wizard,rocket] elixir 4 wall=12:41:09.738
[student] TAP slot 2 ice_wizard cell 235 wall=12:41:10.073
[student] TRAY first +0.37s tapped slot 2 meant ice_wizard before [tesla,x_bow,ice_wizard,rocket] now [tesla,the_log,?,rocket] slot_now ? elixir 4->3 wall=12:41:10.442
[student] TRAY settled +0.87s tapped slot 2 meant ice_wizard before [tesla,x_bow,ice_wizard,rocket] now [tesla,the_log,?,rocket] slot_now ? elixir 4->2 wall=12:41:10.946
[student] PLAY skeletons p=0.75 cell 309 board (0.19, 0.73) units 5 20 ms tap [?,?,skeletons,?] hand [tesla,ice_wizard,skeletons,rocket] elixir 3 wall=12:41:11.867
[student] TAP slot 2 skeletons cell 255 wall=12:41:12.212
[student] TRAY first +0.30s tapped slot 2 meant skeletons before [tesla,ice_wizard,skeletons,rocket] now [tesla,ice_wizard,?,rocket] slot_now ? elixir 3->2 wall=12:41:12.514
[student] TRAY settled +1.04s tapped slot 2 meant skeletons before [tesla,ice_wizard,skeletons,rocket] now [tesla,x_bow,?,rocket] slot_now ? elixir 3->4 wall=12:41:13.248
[student] PLAY tesla p=0.47 cell 236 board (0.11, 0.56) units 6 23 ms tap [tesla,?,?,?] hand [tesla,x_bow,?,rocket] elixir 4 wall=12:41:13.483
[student] TAP slot 0 tesla cell 236 wall=12:41:13.812
[student] TRAY first +0.39s tapped slot 0 meant tesla before [tesla,x_bow,?,rocket] now [?,?,the_log,rocket] slot_now ? elixir 4->4 wall=12:41:14.198
[student] TRAY settled +1.03s tapped slot 0 meant tesla before [tesla,x_bow,?,rocket] now [?,the_log,the_log,rocket] slot_now ? elixir 4->1 wall=12:41:14.845
[student] PLAY knight p=0.54 cell 238 board (0.25, 0.55) units 9 21 ms tap [knight,?,the_log,?] hand [knight,ice_wizard,the_log,rocket] elixir 3 wall=12:41:18.654
[student] TAP slot 0 knight cell 238 wall=12:41:18.995
[student] TRAY first +0.33s tapped slot 0 meant knight before [knight,ice_wizard,the_log,rocket] now [?,the_log,the_log,rocket] slot_now ? elixir 3->3 wall=12:41:19.326
[student] TRAY settled +0.79s tapped slot 0 meant knight before [knight,ice_wizard,the_log,rocket] now [?,the_log,the_log,rocket] slot_now ? elixir 3->2 wall=12:41:19.783
[student] PLAY the_log p=0.64 cell 237 board (0.19, 0.55) units 6 29 ms tap [?,?,the_log,?] hand [?,x_bow,the_log,rocket] elixir 4 wall=12:41:21.070
[student] TAP slot 2 the_log cell 292 wall=12:41:21.405
[student] TRAY first +0.32s tapped slot 2 meant the_log before [?,x_bow,the_log,rocket] now [tornado,x_bow,?,rocket] slot_now ? elixir 4->4 wall=12:41:21.727
[student] PLAY tornado p=0.53 cell 148 board (0.25, 0.36) units 8 16 ms tap [tornado,?,?,?] hand [tornado,x_bow,?,rocket] elixir 4 wall=12:41:21.805
[assist] TORNADO king-spot cell 148->332 trigger mini_pekka at (0.45,0.54) enemy tracks 7 wall=12:41:21.805
[student] TAP slot 0 tornado cell 332 wall=12:41:22.140
[student] TRAY first +0.36s tapped slot 0 meant tornado before [tornado,x_bow,?,rocket] now [?,the_log,?,rocket] slot_now ? elixir 4->3 wall=12:41:22.498
[student] WAIT NO-TRAY-MATCH p=0.27 elixir 3 opp~? units 8 dets 9 (waits 2731/3811 badhand 1191/5580) tap [?,?,?,?] wall=12:41:22.595
[student] TRAY settled +0.81s tapped slot 0 meant tornado before [tornado,x_bow,?,rocket] now [?,the_log,ice_wizard,rocket] slot_now ? elixir 4->2 wall=12:41:22.953
[student] PLAY ice_wizard p=0.49 cell 306 board (0.03, 0.73) units 7 22 ms tap [skeletons,?,ice_wizard,?] hand [skeletons,tesla,ice_wizard,rocket] elixir 3 wall=12:41:24.247
[student] TAP slot 2 ice_wizard cell 306 wall=12:41:24.581
[student] TRAY first +0.30s tapped slot 2 meant ice_wizard before [skeletons,tesla,ice_wizard,rocket] now [skeletons,the_log,?,rocket] slot_now ? elixir 3->3 wall=12:41:24.886
[student] PLAY skeletons p=0.43 cell 242 board (0.47, 0.55) units 7 22 ms tap [skeletons,?,?,?] hand [skeletons,the_log,?,rocket] elixir 3 wall=12:41:24.977
[student] TAP slot 0 skeletons cell 242 wall=12:41:25.323
[student] TRAY first +0.30s tapped slot 0 meant skeletons before [skeletons,the_log,?,rocket] now [?,tesla,?,rocket] slot_now ? elixir 3->1 wall=12:41:25.624
[student] TRAY settled +0.79s tapped slot 0 meant skeletons before [skeletons,the_log,?,rocket] now [?,the_log,?,rocket] slot_now ? elixir 3->1 wall=12:41:26.112
[student] PLAY knight p=0.74 cell 235 board (0.08, 0.55) units 10 23 ms tap [knight,?,?,?] hand [knight,tesla,tesla_evo,rocket] elixir 3 wall=12:41:27.994
[student] TAP slot 0 knight cell 235 wall=12:41:28.343
[student] TRAY first +0.37s tapped slot 0 meant knight before [knight,tesla,tesla_evo,rocket] now [?,the_log,tesla,rocket] slot_now ? elixir 3->3 wall=12:41:28.717
[student] TRAY settled +0.82s tapped slot 0 meant knight before [knight,tesla,tesla_evo,rocket] now [?,the_log,tesla,rocket] slot_now ? elixir 3->2 wall=12:41:29.168
[student] PLAY the_log p=0.48 cell 238 board (0.25, 0.55) units 7 16 ms tap [the_log,?,?,?] hand [the_log,ice_wizard,tesla_evo,rocket] elixir 3 wall=12:41:30.447
[student] TAP slot 0 the_log cell 274 wall=12:41:30.782
[student] TRAY first +0.36s tapped slot 0 meant the_log before [the_log,ice_wizard,tesla_evo,rocket] now [?,the_log,tesla,rocket] slot_now ? elixir 3->2 wall=12:41:31.147
[student] TRAY settled +0.77s tapped slot 0 meant the_log before [the_log,ice_wizard,tesla_evo,rocket] now [?,the_log,tesla,rocket] slot_now ? elixir 3->2 wall=12:41:31.554
[student] PLAY tornado p=0.73 cell 239 board (0.31, 0.58) units 6 25 ms tap [tornado,?,tesla_evo,?] hand [tornado,x_bow,tesla_evo,rocket] elixir 4 wall=12:41:32.962
[assist] TORNADO king-spot cell 239->332 trigger mini_pekka at (0.35,0.58) enemy tracks 7 wall=12:41:32.962
[student] TAP slot 0 tornado cell 332 wall=12:41:33.295
[student] TRAY first +0.35s tapped slot 0 meant tornado before [tornado,x_bow,tesla_evo,rocket] now [?,the_log,?,rocket] slot_now ? elixir 4->3 wall=12:41:33.645
[student] WAIT NO-TRAY-MATCH p=0.79 elixir 3 opp~? units 6 dets 9 (waits 2731/3816 badhand 1201/5595) tap [?,?,?,?] wall=12:41:33.832
[student] TRAY settled +1.23s tapped slot 0 meant tornado before [tornado,x_bow,tesla_evo,rocket] now [?,the_log,tesla_evo,rocket] slot_now ? elixir 4->2 wall=12:41:34.524
[student] PLAY ice_wizard p=0.53 cell 309 board (0.19, 0.73) units 5 28 ms tap [ice_wizard,?,?,?] hand [ice_wizard,tesla,tesla_evo,rocket] elixir 3 wall=12:41:35.479
[student] TAP slot 0 ice_wizard cell 255 wall=12:41:35.811
[student] TRAY first +0.35s tapped slot 0 meant ice_wizard before [ice_wizard,tesla,tesla_evo,rocket] now [?,the_log,tesla,rocket] slot_now ? elixir 3->3 wall=12:41:36.160
[student] TRAY settled +0.95s tapped slot 0 meant ice_wizard before [ice_wizard,tesla,tesla_evo,rocket] now [?,the_log,tesla,rocket] slot_now ? elixir 3->2 wall=12:41:36.758
[student] PLAY skeletons p=0.54 cell 295 board (0.42, 0.7) units 7 28 ms tap [skeletons,?,?,?] hand [skeletons,tesla,tesla_evo,rocket] elixir 3 wall=12:41:38.292
[student] TAP slot 0 skeletons cell 295 wall=12:41:38.628
[student] TRAY first +0.35s tapped slot 0 meant skeletons before [skeletons,tesla,tesla_evo,rocket] now [?,tesla,tesla_evo,rocket] slot_now ? elixir 3->3 wall=12:41:38.982
[student] TRAY settled +0.80s tapped slot 0 meant skeletons before [skeletons,tesla,tesla_evo,rocket] now [?,x_bow,tesla_evo,rocket] slot_now ? elixir 3->4 wall=12:41:39.423
[student] PLAY tesla_evo p=0.72 cell 295 board (0.39, 0.69) units 10 21 ms tap [?,?,tesla_evo,?] hand [?,x_bow,tesla_evo,rocket] elixir 4 wall=12:41:39.525
[student] TAP slot 2 tesla_evo cell 295 wall=12:41:39.853
[student] TRAY first +0.38s tapped slot 2 meant tesla_evo before [?,x_bow,tesla_evo,rocket] now [knight_evo,?,?,rocket] slot_now ? elixir 4->4 wall=12:41:40.231
[student] TRAY settled +0.87s tapped slot 2 meant tesla_evo before [?,x_bow,tesla_evo,rocket] now [knight_evo,the_log,?,rocket] slot_now ? elixir 4->1 wall=12:41:40.725
[student] PLAY knight_evo p=0.33 cell 237 board (0.19, 0.55) units 6 15 ms tap [knight_evo,?,the_log,?] hand [knight_evo,ice_wizard,the_log,rocket] elixir 3 wall=12:41:42.507
[student] TAP slot 0 knight_evo cell 237 wall=12:41:42.850
[student] TRAY first +0.33s tapped slot 0 meant knight_evo before [knight_evo,ice_wizard,the_log,rocket] now [?,tesla,the_log,rocket] slot_now ? elixir 3->3 wall=12:41:43.183
[student] TRAY settled +0.84s tapped slot 0 meant knight_evo before [knight_evo,ice_wizard,the_log,rocket] now [?,the_log,the_log,rocket] slot_now ? elixir 3->1 wall=12:41:43.687
12:41:56 [play] UNKNOWN 0.4s after in-match -> grace hold (label lost: overtime / end animation / dropout; up to 150s)
12:41:57 [play] in-match read re-acquired -> grace hold released
12:41:58 [play] state: MATCH_END
12:41:58 [nav] MATCH_END -> Play Again (located) (0.348,0.914)
12:41:59 [play] state: UNKNOWN
12:42:04 [play] state: IN_MATCH
[student] WAIT | exact=0 opp=? next=164 t=2s hand=[0, 3, 149, 6] tw=1.01.01.01.01.01.0 sp=0 unk=0 p=0.00 elixir 8 opp~? units 0 dets 0 (waits 2734/3823 badhand 1209/5609) tap [tornado,x_bow,knight,the_log] wall=12:42:07.236
[student] WAIT p=0.14 elixir 10 opp~? units 1 dets 1 (waits 2744/3833 badhand 1209/5619) tap [tornado,x_bow,knight,the_log] wall=12:42:14.392
[student] PLAY the_log p=0.36 cell 238 board (0.25, 0.55) units 2 29 ms tap [tornado,x_bow,knight,the_log] hand [tornado,x_bow,knight,the_log] elixir 10 wall=12:42:14.964
[student] TAP slot 3 the_log cell 238 wall=12:42:15.311
[student] TRAY first +0.28s tapped slot 3 meant the_log before [tornado,x_bow,knight,the_log] now [tornado,x_bow,knight,?] slot_now ? elixir 10->8 wall=12:42:15.588
[student] PLAY x_bow p=0.41 cell 267 board (0.86, 0.61) units 1 27 ms tap [tornado,x_bow,knight,?] hand [tornado,x_bow,knight,?] elixir 8 wall=12:42:15.676
[student] TAP slot 1 x_bow cell 267 wall=12:42:16.011
[student] TRAY first +0.23s tapped slot 1 meant x_bow before [tornado,x_bow,knight,?] now [tornado,?,knight,?] slot_now ? elixir 8->6 wall=12:42:16.245
[student] TRAY settled +0.97s tapped slot 1 meant x_bow before [tornado,x_bow,knight,?] now [tornado,?,knight,tesla] slot_now ? elixir 8->2 wall=12:42:16.979
[student] WAIT p=0.17 elixir 4 opp~? units 3 dets 3 (waits 2753/3844 badhand 1211/5631) tap [tornado,ice_wizard,knight,tesla] wall=12:42:24.545
[student] PLAY tesla p=0.34 cell 279 board (0.5, 0.66) units 3 17 ms tap [tornado,ice_wizard,knight,tesla] hand [tornado,ice_wizard,knight,tesla] elixir 5 wall=12:42:26.133
[student] TAP slot 3 tesla cell 279 wall=12:42:26.464
[student] TRAY first +0.27s tapped slot 3 meant tesla before [tornado,ice_wizard,knight,tesla] now [tornado,ice_wizard,knight,?] slot_now ? elixir 5->4 wall=12:42:26.730
[student] TRAY settled +0.87s tapped slot 3 meant tesla before [tornado,ice_wizard,knight,tesla] now [tornado,ice_wizard,knight,?] slot_now ? elixir 5->1 wall=12:42:27.333
[student] PLAY knight p=0.36 cell 247 board (0.75, 0.55) units 4 24 ms tap [tornado,ice_wizard,knight,?] hand [tornado,ice_wizard,knight,rocket] elixir 3 wall=12:42:30.925
[student] TAP slot 2 knight cell 247 wall=12:42:31.253
[student] TRAY first +0.29s tapped slot 2 meant knight before [tornado,ice_wizard,knight,rocket] now [tornado,tornado,?,rocket] slot_now ? elixir 3->3 wall=12:42:31.540
[student] TRAY settled +0.63s tapped slot 2 meant knight before [tornado,ice_wizard,knight,rocket] now [tornado,tornado,?,rocket] slot_now ? elixir 3->0 wall=12:42:31.885
[student] PLAY skeletons p=0.34 cell 248 board (0.81, 0.55) units 2 21 ms tap [?,?,skeletons,?] hand [tornado,ice_wizard,skeletons,rocket] elixir 2 wall=12:42:36.712
[student] TAP slot 2 skeletons cell 248 wall=12:42:37.056
[student] TRAY first +0.22s tapped slot 2 meant skeletons before [tornado,ice_wizard,skeletons,rocket] now [tornado,ice_wizard,?,rocket] slot_now ? elixir 2->1 wall=12:42:37.274
[student] TRAY settled +0.51s tapped slot 2 meant skeletons before [tornado,ice_wizard,skeletons,rocket] now [tornado,ice_wizard,?,rocket] slot_now ? elixir 2->1 wall=12:42:37.566
[student] WAIT p=0.20 elixir 2 opp~? units 2 dets 2 (waits 2761/3855 badhand 1213/5644) tap [?,?,the_log,?] wall=12:42:39.501
[student] PLAY the_log p=0.48 cell 249 board (0.86, 0.55) units 2 29 ms tap [?,?,the_log,?] hand [tornado,ice_wizard,the_log,rocket] elixir 2 wall=12:42:40.345
[student] TAP slot 2 the_log cell 300 wall=12:42:40.677
[student] TRAY first +0.26s tapped slot 2 meant the_log before [tornado,ice_wizard,the_log,rocket] now [tornado,ice_wizard,?,rocket] slot_now ? elixir 2->2 wall=12:42:40.939
[student] TRAY settled +0.56s tapped slot 2 meant the_log before [tornado,ice_wizard,the_log,rocket] now [tornado,ice_wizard,?,rocket] slot_now ? elixir 2->0 wall=12:42:41.234
[student] PLAY tornado p=0.83 cell 229 board (0.75, 0.52) units 1 21 ms tap [tornado,?,?,?] hand [tornado,ice_wizard,ice_wizard,rocket] elixir 3 wall=12:42:47.708
[student] TAP slot 0 tornado cell 229 wall=12:42:48.061
[student] TRAY first +0.24s tapped slot 0 meant tornado before [tornado,ice_wizard,ice_wizard,rocket] now [?,tornado,x_bow,rocket] slot_now ? elixir 3->3 wall=12:42:48.305
[student] TRAY settled +1.06s tapped slot 0 meant tornado before [tornado,ice_wizard,ice_wizard,rocket] now [?,ice_wizard,?,rocket] slot_now ? elixir 3->0 wall=12:42:49.124
[student] WAIT NO-TRAY-MATCH p=0.80 elixir 3 opp~? units 1 dets 1 (waits 2761/3857 badhand 1214/5656) tap [?,?,?,?] wall=12:42:58.662
[student] WAIT p=0.05 elixir 6 opp~? units 0 dets 0 (waits 2771/3867 badhand 1214/5666) tap [tesla,ice_wizard,x_bow,rocket] wall=12:43:05.950
[student] PLAY x_bow p=0.29 cell 254 board (0.14, 0.61) units 1 17 ms tap [tesla,ice_wizard,x_bow,rocket] hand [tesla,ice_wizard,x_bow,rocket] elixir 7 wall=12:43:09.476
[student] TAP slot 2 x_bow cell 254 wall=12:43:09.812
[student] TRAY first +0.24s tapped slot 2 meant x_bow before [tesla,ice_wizard,x_bow,rocket] now [tesla,ice_wizard,?,rocket] slot_now ? elixir 7->6 wall=12:43:10.048
[student] TRAY settled +0.53s tapped slot 2 meant x_bow before [tesla,ice_wizard,x_bow,rocket] now [tesla,ice_wizard,?,rocket] slot_now ? elixir 7->2 wall=12:43:10.346
[student] PLAY knight p=0.36 cell 238 board (0.25, 0.55) units 2 25 ms tap [?,ice_wizard,knight,?] hand [tesla,ice_wizard,knight,rocket] elixir 3 wall=12:43:13.429
[student] TAP slot 2 knight cell 238 wall=12:43:13.760
[student] TRAY first +0.27s tapped slot 2 meant knight before [tesla,ice_wizard,knight,rocket] now [tesla,ice_wizard,?,rocket] slot_now ? elixir 3->3 wall=12:43:14.027
[student] TRAY settled +0.58s tapped slot 2 meant knight before [tesla,ice_wizard,knight,rocket] now [tesla,ice_wizard,?,rocket] slot_now ? elixir 3->0 wall=12:43:14.340
[student] WAIT | exact=0 opp=? next=6 t=74s hand=[164, 2, 7, 4] tw=1.01.01.01.01.01.0 sp=0 unk=0 p=0.03 elixir 1 opp~? units 4 dets 4 (waits 2780/3878 badhand 1216/5678) tap [?,?,skeletons,?] wall=12:43:18.376
[student] PLAY ice_wizard p=0.28 cell 306 board (0.03, 0.73) units 3 21 ms tap [?,ice_wizard,skeletons,?] hand [tesla,ice_wizard,skeletons,rocket] elixir 3 wall=12:43:21.520
[student] TAP slot 1 ice_wizard cell 306 wall=12:43:21.856
[student] TRAY first +0.27s tapped slot 1 meant ice_wizard before [tesla,ice_wizard,skeletons,rocket] now [tesla,?,skeletons,rocket] slot_now ? elixir 3->3 wall=12:43:22.123
[student] TRAY settled +1.06s tapped slot 1 meant ice_wizard before [tesla,ice_wizard,skeletons,rocket] now [tesla,?,skeletons,rocket] slot_now ? elixir 3->0 wall=12:43:22.912
[student] PLAY skeletons p=0.27 cell 237 board (0.19, 0.55) units 5 27 ms tap [?,?,skeletons,?] hand [tesla,the_log,skeletons,rocket] elixir 1 wall=12:43:24.115
[student] TAP slot 2 skeletons cell 237 wall=12:43:24.443
[student] TRAY first +0.24s tapped slot 2 meant skeletons before [tesla,the_log,skeletons,rocket] now [tesla,the_log,?,rocket] slot_now ? elixir 1->1 wall=12:43:24.683
[student] TRAY settled +0.73s tapped slot 2 meant skeletons before [tesla,the_log,skeletons,rocket] now [tesla,the_log,?,rocket] slot_now ? elixir 1->0 wall=12:43:25.173
[student] PLAY the_log p=0.77 cell 338 board (0.81, 0.77) units 4 20 ms tap [?,the_log,?,?] hand [tesla,the_log,tornado,rocket] elixir 2 wall=12:43:30.398
[student] TAP slot 1 the_log cell 338 wall=12:43:30.727
[student] TRAY first +0.22s tapped slot 1 meant the_log before [tesla,the_log,tornado,rocket] now [tesla,?,tornado,rocket] slot_now ? elixir 2->2 wall=12:43:30.944
[student] TRAY settled +0.50s tapped slot 1 meant the_log before [tesla,the_log,tornado,rocket] now [tesla,?,tornado,rocket] slot_now ? elixir 2->0 wall=12:43:31.231
[student] WAIT NO-TRAY-MATCH p=0.39 elixir 2 opp~? units 3 dets 4 (waits 2785/3886 badhand 1217/5691) tap [?,?,?,?] wall=12:43:37.678
[student] PLAY tornado p=0.88 cell 332 board (0.47, 0.77) units 3 24 ms tap [?,?,tornado,?] hand [tesla,ice_wizard,tornado,rocket] elixir 3 wall=12:43:38.577
[student] TAP slot 2 tornado cell 332 wall=12:43:38.909
[student] TRAY first +0.26s tapped slot 2 meant tornado before [tesla,ice_wizard,tornado,rocket] now [tesla,x_bow,?,rocket] slot_now ? elixir 3->3 wall=12:43:39.167
[student] TRAY settled +1.08s tapped slot 2 meant tornado before [tesla,ice_wizard,tornado,rocket] now [tesla,tornado,?,rocket] slot_now ? elixir 3->0 wall=12:43:39.987
[student] WAIT | exact=0 opp=? next=2 t=108s hand=[164, 3, 149, 4] tw=1.01.00.0x1.01.01.0 sp=0 unk=0 p=0.04 elixir 5 opp~? units 0 dets 0 (waits 2791/3893 badhand 1217/5702) tap [tesla,?,knight_evo,?] wall=12:43:53.066
[clock] icon reads x3 but the clock reads x1 -> using the clock (x1)
[student] PLAY x_bow p=0.48 cell 254 board (0.14, 0.61) units 0 17 ms tap [tesla,x_bow,knight_evo,rocket] hand [tesla,x_bow,knight_evo,rocket] elixir 8 wall=12:44:01.962
[student] TAP slot 1 x_bow cell 254 wall=12:44:02.303
[student] TRAY first +0.62s tapped slot 1 meant x_bow before [tesla,x_bow,knight_evo,rocket] now [tesla,?,knight_evo,rocket] slot_now ? elixir 8->6 wall=12:44:02.919
[student] PLAY knight_evo p=0.75 cell 238 board (0.25, 0.55) units 1 15 ms tap [?,?,knight_evo,?] hand [tesla,?,knight_evo,rocket] elixir 6 wall=12:44:02.985
[student] TAP slot 2 knight_evo cell 238 wall=12:44:03.317
[student] TRAY first +0.59s tapped slot 2 meant knight_evo before [tesla,?,knight_evo,rocket] now [tesla,?,?,rocket] slot_now ? elixir 6->3 wall=12:44:03.907
[clock] icon reads x3 but the clock reads x2 -> using the clock (x2)
12:44:05 [play] elixir x2
[student] PLAY skeletons p=0.30 cell 235 board (0.08, 0.55) units 2 15 ms tap [?,?,skeletons,?] hand [tesla,ice_wizard,skeletons,rocket] elixir 2 wall=12:44:06.318
[student] TAP slot 2 skeletons cell 235 wall=12:44:06.654
[student] TRAY first +0.68s tapped slot 2 meant skeletons before [tesla,ice_wizard,skeletons,rocket] now [tesla,ice_wizard,?,rocket] slot_now ? elixir 2->2 wall=12:44:07.338
[student] PLAY the_log p=0.28 cell 236 board (0.14, 0.55) units 4 15 ms tap [?,ice_wizard,the_log,?] hand [tesla,ice_wizard,the_log,rocket] elixir 3 wall=12:44:08.706
[student] TAP slot 2 the_log cell 236 wall=12:44:09.034
[student] TRAY first +0.64s tapped slot 2 meant the_log before [tesla,ice_wizard,the_log,rocket] now [tesla,ice_wizard,?,rocket] slot_now ? elixir 3->2 wall=12:44:09.674
[student] WAIT p=0.15 elixir 3 opp~? units 4 dets 6 (waits 2801/3907 badhand 1218/5716) tap [?,ice_wizard,tornado,?] wall=12:44:11.170
[student] PLAY tornado p=0.66 cell 80 board (0.47, 0.2) units 3 17 ms tap [tesla,ice_wizard,tornado,?] hand [tesla,ice_wizard,tornado,rocket] elixir 4 wall=12:44:12.496
[student] TAP slot 2 tornado cell 80 wall=12:44:12.829
[student] TRAY first +0.67s tapped slot 2 meant tornado before [tesla,ice_wizard,tornado,rocket] now [tesla,ice_wizard,?,rocket] slot_now ? elixir 4->3 wall=12:44:13.498
[student] PLAY tesla p=0.83 cell 239 board (0.28, 0.56) units 4 16 ms tap [tesla,ice_wizard,?,?] hand [tesla,ice_wizard,x_bow,rocket] elixir 4 wall=12:44:17.220
[student] TAP slot 0 tesla cell 239 wall=12:44:17.551
[student] TRAY first +0.67s tapped slot 0 meant tesla before [tesla,ice_wizard,x_bow,rocket] now [?,ice_wizard,ice_wizard,rocket] slot_now ? elixir 4->4 wall=12:44:18.224
[student] PLAY knight p=0.87 cell 235 board (0.08, 0.55) units 5 17 ms tap [knight,?,?,?] hand [knight,ice_wizard,ice_wizard,rocket] elixir 3 wall=12:44:21.325
[student] TAP slot 0 knight cell 235 wall=12:44:21.652
[student] TRAY first +0.63s tapped slot 0 meant knight before [knight,ice_wizard,ice_wizard,rocket] now [?,ice_wizard,ice_wizard,rocket] slot_now ? elixir 3->3 wall=12:44:22.281
[student] PLAY skeletons p=0.50 cell 236 board (0.14, 0.55) units 5 15 ms tap [skeletons,?,?,?] hand [skeletons,ice_wizard,the_log,rocket] elixir 2 wall=12:44:23.803
[student] TAP slot 0 skeletons cell 236 wall=12:44:24.136
[student] TRAY first +0.69s tapped slot 0 meant skeletons before [skeletons,ice_wizard,the_log,rocket] now [?,ice_wizard,tesla,rocket] slot_now ? elixir 2->1 wall=12:44:24.829
[student] PLAY the_log p=0.74 cell 237 board (0.19, 0.55) units 5 15 ms tap [the_log,?,?,?] hand [the_log,ice_wizard,ice_wizard,rocket] elixir 2 wall=12:44:25.903
[student] TAP slot 0 the_log cell 291 wall=12:44:26.234
[student] TRAY first +0.27s tapped slot 0 meant the_log before [the_log,ice_wizard,ice_wizard,rocket] now [?,ice_wizard,ice_wizard,rocket] slot_now ? elixir 2->2 wall=12:44:26.505
[student] TRAY settled +0.61s tapped slot 0 meant the_log before [the_log,ice_wizard,ice_wizard,rocket] now [?,ice_wizard,tesla,rocket] slot_now ? elixir 2->1 wall=12:44:26.849
[student] WAIT NO-TRAY-MATCH p=0.06 elixir 2 opp~? units 3 dets 5 (waits 2802/3913 badhand 1223/5731) tap [?,?,?,?] wall=12:44:28.230
[student] PLAY tornado p=0.79 cell 202 board (0.25, 0.48) units 4 18 ms tap [tornado,?,?,?] hand [tornado,ice_wizard,ice_wizard,rocket] elixir 3 wall=12:44:29.315
[assist] TORNADO king-spot cell 202->333 trigger electro_giant at (0.52,0.56) enemy tracks 7 wall=12:44:29.315
[student] TAP slot 0 tornado cell 333 wall=12:44:29.650
[student] TRAY first +0.26s tapped slot 0 meant tornado before [tornado,ice_wizard,ice_wizard,rocket] now [?,tornado,rocket,rocket] slot_now ? elixir 3->3 wall=12:44:29.908
[student] TRAY settled +1.09s tapped slot 0 meant tornado before [tornado,ice_wizard,ice_wizard,rocket] now [?,ice_wizard,ice_wizard,rocket] slot_now ? elixir 3->1 wall=12:44:30.744
[student] PLAY ice_wizard p=0.80 cell 332 board (0.47, 0.77) units 2 22 ms tap [tesla_evo,ice_wizard,?,?] hand [tesla_evo,ice_wizard,x_bow,rocket] elixir 4 wall=12:44:34.992
[student] TAP slot 1 ice_wizard cell 332 wall=12:44:35.329
[student] TRAY first +0.22s tapped slot 1 meant ice_wizard before [tesla_evo,ice_wizard,x_bow,rocket] now [?,?,tesla,rocket] slot_now ? elixir 4->3 wall=12:44:35.552
[student] TRAY settled +0.96s tapped slot 1 meant ice_wizard before [tesla_evo,ice_wizard,x_bow,rocket] now [tesla,?,the_log,rocket] slot_now ? elixir 4->2 wall=12:44:36.293
[student] PLAY knight p=0.88 cell 238 board (0.25, 0.55) units 5 25 ms tap [?,knight,?,?] hand [tesla_evo,knight,ice_wizard,rocket] elixir 3 wall=12:44:37.543
[student] TAP slot 1 knight cell 238 wall=12:44:37.895
[student] TRAY first +0.26s tapped slot 1 meant knight before [tesla_evo,knight,ice_wizard,rocket] now [?,?,rocket,rocket] slot_now ? elixir 3->3 wall=12:44:38.151
[student] TRAY settled +0.58s tapped slot 1 meant knight before [tesla_evo,knight,ice_wizard,rocket] now [?,?,rocket,rocket] slot_now ? elixir 3->0 wall=12:44:38.472
[student] PLAY skeletons p=0.84 cell 242 board (0.47, 0.55) units 5 6 ms tap [?,skeletons,?,?] hand [tesla,skeletons,ice_wizard,rocket] elixir 1 wall=12:44:39.265
[student] TAP slot 1 skeletons cell 242 wall=12:44:39.596
[student] TRAY first +0.26s tapped slot 1 meant skeletons before [tesla,skeletons,ice_wizard,rocket] now [tesla,?,rocket,rocket] slot_now ? elixir 1->1 wall=12:44:39.856
[student] TRAY settled +0.62s tapped slot 1 meant skeletons before [tesla,skeletons,ice_wizard,rocket] now [tesla,?,ice_wizard,rocket] slot_now ? elixir 1->1 wall=12:44:40.214
[student] PLAY the_log p=0.30 cell 328 board (0.25, 0.77) units 3 20 ms tap [?,the_log,?,?] hand [tesla,the_log,ice_wizard,rocket] elixir 2 wall=12:44:42.719
[student] TAP slot 1 the_log cell 367 wall=12:44:43.064
[student] TRAY first +0.27s tapped slot 1 meant the_log before [tesla,the_log,ice_wizard,rocket] now [tesla,?,ice_wizard,rocket] slot_now ? elixir 2->2 wall=12:44:43.331
[student] TRAY settled +0.59s tapped slot 1 meant the_log before [tesla,the_log,ice_wizard,rocket] now [tesla,?,tesla,rocket] slot_now ? elixir 2->1 wall=12:44:43.658
[student] PLAY tornado p=0.62 cell 147 board (0.19, 0.36) units 4 23 ms tap [?,tornado,?,?] hand [tesla_evo,tornado,ice_wizard,rocket] elixir 3 wall=12:44:46.072
[student] TAP slot 1 tornado cell 147 wall=12:44:46.417
[student] TRAY first +0.28s tapped slot 1 meant tornado before [tesla_evo,tornado,ice_wizard,rocket] now [tesla,?,rocket,rocket] slot_now ? elixir 3->3 wall=12:44:46.693
[student] TRAY settled +1.02s tapped slot 1 meant tornado before [tesla_evo,tornado,ice_wizard,rocket] now [tesla,?,ice_wizard,rocket] slot_now ? elixir 3->1 wall=12:44:47.437
[student] WAIT NO-TRAY-MATCH p=0.22 elixir 2 opp~? units 5 dets 5 (waits 2802/3919 badhand 1227/5747) tap [?,?,?,?] wall=12:44:48.707
[student] PLAY tesla_evo p=0.50 cell 243 board (0.5, 0.56) units 6 25 ms tap [tesla_evo,?,?,?] hand [tesla_evo,ice_wizard,ice_wizard,rocket] elixir 4 wall=12:44:51.330
[student] TAP slot 0 tesla_evo cell 243 wall=12:44:51.667
[student] TRAY first +0.24s tapped slot 0 meant tesla_evo before [tesla_evo,ice_wizard,ice_wizard,rocket] now [?,ice_wizard,?,rocket] slot_now ? elixir 4->4 wall=12:44:51.910
[student] TRAY settled +0.56s tapped slot 0 meant tesla_evo before [tesla_evo,ice_wizard,ice_wizard,rocket] now [?,tornado,?,rocket] slot_now ? elixir 4->0 wall=12:44:52.225
[student] PLAY knight_evo p=0.29 cell 240 board (0.36, 0.55) units 3 25 ms tap [knight_evo,ice_wizard,?,?] hand [knight_evo,ice_wizard,x_bow,rocket] elixir 5 wall=12:44:58.935
[student] TAP slot 0 knight_evo cell 240 wall=12:44:59.279
[student] TRAY first +0.24s tapped slot 0 meant knight_evo before [knight_evo,ice_wizard,x_bow,rocket] now [?,ice_wizard,ice_wizard,rocket] slot_now ? elixir 5->3 wall=12:44:59.523
[student] WAIT NO-TRAY-MATCH p=0.35 elixir 3 opp~? units 4 dets 4 (waits 2806/3925 badhand 1229/5759) tap [?,?,?,?] wall=12:44:59.601
[student] TRAY settled +0.58s tapped slot 0 meant knight_evo before [knight_evo,ice_wizard,x_bow,rocket] now [?,ice_wizard,ice_wizard,rocket] slot_now ? elixir 5->3 wall=12:44:59.859
[student] PLAY skeletons p=0.43 cell 241 board (0.42, 0.55) units 3 19 ms tap [skeletons,?,?,?] hand [skeletons,ice_wizard,ice_wizard,rocket] elixir 3 wall=12:45:00.882
[student] TAP slot 0 skeletons cell 241 wall=12:45:01.212
[student] TRAY first +0.38s tapped slot 0 meant skeletons before [skeletons,ice_wizard,ice_wizard,rocket] now [?,ice_wizard,ice_wizard,rocket] slot_now ? elixir 3->2 wall=12:45:01.594
[student] TRAY settled +1.17s tapped slot 0 meant skeletons before [skeletons,ice_wizard,ice_wizard,rocket] now [?,ice_wizard,ice_wizard,rocket] slot_now ? elixir 3->3 wall=12:45:02.381
[student] PLAY the_log p=0.38 cell 238 board (0.25, 0.55) units 3 29 ms tap [the_log,ice_wizard,?,?] hand [the_log,ice_wizard,x_bow,rocket] elixir 4 wall=12:45:03.233
[student] TAP slot 0 the_log cell 238 wall=12:45:03.584
[student] TRAY first +0.34s tapped slot 0 meant the_log before [the_log,ice_wizard,x_bow,rocket] now [?,ice_wizard,ice_wizard,rocket] slot_now ? elixir 4->2 wall=12:45:03.919
[student] TRAY settled +0.75s tapped slot 0 meant the_log before [the_log,ice_wizard,x_bow,rocket] now [?,ice_wizard,ice_wizard,rocket] slot_now ? elixir 4->3 wall=12:45:04.331
[student] PLAY tornado p=0.65 cell 227 board (0.64, 0.52) units 6 24 ms tap [tornado,ice_wizard,?,?] hand [tornado,ice_wizard,x_bow,rocket] elixir 4 wall=12:45:05.665
[assist] TORNADO king-spot cell 227->333 trigger electro_giant at (0.56,0.52) enemy tracks 2 wall=12:45:05.666
[student] TAP slot 0 tornado cell 333 wall=12:45:06.000
[student] TRAY first +0.32s tapped slot 0 meant tornado before [tornado,ice_wizard,x_bow,rocket] now [?,ice_wizard,tesla,rocket] slot_now ? elixir 4->3 wall=12:45:06.321
[student] TRAY settled +0.72s tapped slot 0 meant tornado before [tornado,ice_wizard,x_bow,rocket] now [?,ice_wizard,tesla_evo,rocket] slot_now ? elixir 4->2 wall=12:45:06.721
[student] WAIT NO-TRAY-MATCH p=0.94 elixir 3 opp~? units 4 dets 4 (waits 2806/3928 badhand 1236/5772) tap [tesla,?,?,?] wall=12:45:09.470
[student] PLAY ice_wizard p=0.38 cell 296 board (0.47, 0.7) units 2 17 ms tap [tesla,ice_wizard,?,?] hand [tesla,ice_wizard,x_bow,rocket] elixir 4 wall=12:45:10.204
[student] TAP slot 1 ice_wizard cell 296 wall=12:45:10.534
[student] TRAY first +0.36s tapped slot 1 meant ice_wizard before [tesla,ice_wizard,x_bow,rocket] now [tesla,?,tesla_evo,rocket] slot_now ? elixir 4->3 wall=12:45:10.899
[student] TRAY settled +1.13s tapped slot 1 meant ice_wizard before [tesla,ice_wizard,x_bow,rocket] now [tesla,?,the_log,rocket] slot_now ? elixir 4->2 wall=12:45:11.666
[student] PLAY knight p=0.89 cell 350 board (0.47, 0.83) units 4 15 ms tap [?,knight,?,?] hand [tesla,knight,ice_wizard,rocket] elixir 3 wall=12:45:13.044
[student] TAP slot 1 knight cell 350 wall=12:45:13.376
[student] TRAY first +0.36s tapped slot 1 meant knight before [tesla,knight,ice_wizard,rocket] now [tesla,?,ice_wizard,rocket] slot_now ? elixir 3->4 wall=12:45:13.731
[student] TRAY settled +0.79s tapped slot 1 meant knight before [tesla,knight,ice_wizard,rocket] now [tesla,?,ice_wizard,rocket] slot_now ? elixir 3->1 wall=12:45:14.166
[student] PLAY skeletons p=0.64 cell 242 board (0.47, 0.55) units 3 24 ms tap [?,skeletons,?,?] hand [tesla,skeletons,the_log,rocket] elixir 2 wall=12:45:15.415
[student] TAP slot 1 skeletons cell 242 wall=12:45:15.762
[student] TRAY first +0.35s tapped slot 1 meant skeletons before [tesla,skeletons,the_log,rocket] now [tesla,?,tesla,rocket] slot_now ? elixir 2->1 wall=12:45:16.109
[student] TRAY settled +0.75s tapped slot 1 meant skeletons before [tesla,skeletons,the_log,rocket] now [tesla,?,tesla_evo,rocket] slot_now ? elixir 2->2 wall=12:45:16.517
[student] PLAY the_log p=0.48 cell 238 board (0.25, 0.55) units 4 19 ms tap [?,the_log,?,?] hand [tesla,the_log,ice_wizard,rocket] elixir 2 wall=12:45:17.845
[student] TAP slot 1 the_log cell 368 wall=12:45:18.180
[student] TRAY first +0.38s tapped slot 1 meant the_log before [tesla,the_log,ice_wizard,rocket] now [tesla,?,ice_wizard,rocket] slot_now ? elixir 2->2 wall=12:45:18.559
[student] TRAY settled +0.75s tapped slot 1 meant the_log before [tesla,the_log,ice_wizard,rocket] now [tesla,?,tesla,rocket] slot_now ? elixir 2->1 wall=12:45:18.928
[student] PLAY tornado p=0.86 cell 242 board (0.47, 0.58) units 3 22 ms tap [?,tornado,?,?] hand [tesla,tornado,ice_wizard,rocket] elixir 3 wall=12:45:21.138
[assist] TORNADO king-spot cell 242->333 trigger giant_skeleton at (0.50,0.56) enemy tracks 8 wall=12:45:21.139
[student] TAP slot 1 tornado cell 333 wall=12:45:21.484
[student] TRAY first +0.36s tapped slot 1 meant tornado before [tesla,tornado,ice_wizard,rocket] now [tesla,?,rocket,rocket] slot_now ? elixir 3->3 wall=12:45:21.844
[student] TRAY settled +0.76s tapped slot 1 meant tornado before [tesla,tornado,ice_wizard,rocket] now [tesla,?,ice_wizard,rocket] slot_now ? elixir 3->1 wall=12:45:22.242
[student] PLAY tesla p=0.71 cell 243 board (0.5, 0.56) units 3 17 ms tap [tesla,?,?,?] hand [tesla,ice_wizard,ice_wizard,rocket] elixir 4 wall=12:45:26.513
[student] TAP slot 0 tesla cell 243 wall=12:45:26.843
[student] TRAY first +0.34s tapped slot 0 meant tesla before [tesla,ice_wizard,ice_wizard,rocket] now [?,ice_wizard,?,rocket] slot_now ? elixir 4->4 wall=12:45:27.178
[student] WAIT NO-TRAY-MATCH p=0.44 elixir 4 opp~? units 3 dets 3 (waits 2807/3935 badhand 1239/5788) tap [?,?,?,?] wall=12:45:27.270
[student] TRAY settled +1.12s tapped slot 0 meant tesla before [tesla,ice_wizard,ice_wizard,rocket] now [?,ice_wizard,?,rocket] slot_now ? elixir 4->1 wall=12:45:27.961
[student] PLAY knight p=0.33 cell 237 board (0.19, 0.55) units 2 26 ms tap [knight,?,?,?] hand [knight,ice_wizard,ice_wizard,rocket] elixir 3 wall=12:45:30.721
[student] TAP slot 0 knight cell 237 wall=12:45:31.067
[student] TRAY first +0.35s tapped slot 0 meant knight before [knight,ice_wizard,ice_wizard,rocket] now [?,ice_wizard,?,rocket] slot_now ? elixir 3->3 wall=12:45:31.421
[student] TRAY settled +1.12s tapped slot 0 meant knight before [knight,ice_wizard,ice_wizard,rocket] now [?,ice_wizard,?,rocket] slot_now ? elixir 3->1 wall=12:45:32.188
[student] PLAY skeletons p=0.38 cell 238 board (0.25, 0.55) units 2 27 ms tap [skeletons,?,?,?] hand [skeletons,ice_wizard,ice_wizard,rocket] elixir 2 wall=12:45:34.543
[student] TAP slot 0 skeletons cell 238 wall=12:45:34.883
[student] TRAY first +0.35s tapped slot 0 meant skeletons before [skeletons,ice_wizard,ice_wizard,rocket] now [?,ice_wizard,the_log,rocket] slot_now ? elixir 2->1 wall=12:45:35.233
[student] TRAY settled +1.08s tapped slot 0 meant skeletons before [skeletons,ice_wizard,ice_wizard,rocket] now [?,ice_wizard,ice_wizard,rocket] slot_now ? elixir 2->2 wall=12:45:35.961
[student] PLAY the_log p=0.84 cell 299 board (0.64, 0.67) units 3 21 ms tap [the_log,?,?,?] hand [the_log,ice_wizard,ice_wizard,rocket] elixir 3 wall=12:45:36.787
[student] TAP slot 0 the_log cell 299 wall=12:45:37.117
[student] TRAY first +0.35s tapped slot 0 meant the_log before [the_log,ice_wizard,ice_wizard,rocket] now [?,ice_wizard,tesla,rocket] slot_now ? elixir 3->2 wall=12:45:37.470
[student] TRAY settled +0.77s tapped slot 0 meant the_log before [the_log,ice_wizard,ice_wizard,rocket] now [?,ice_wizard,the_log,rocket] slot_now ? elixir 3->2 wall=12:45:37.887
[student] PLAY tornado p=0.56 cell 227 board (0.64, 0.52) units 4 17 ms tap [tornado,?,?,?] hand [tornado,ice_wizard,ice_wizard,rocket] elixir 3 wall=12:45:39.485
[assist] TORNADO king-spot cell 227->333 trigger electro_giant at (0.51,0.52) enemy tracks 1 wall=12:45:39.485
[student] TAP slot 0 tornado cell 333 wall=12:45:39.817
[student] TRAY first +0.34s tapped slot 0 meant tornado before [tornado,ice_wizard,ice_wizard,rocket] now [?,tornado,rocket,rocket] slot_now ? elixir 3->3 wall=12:45:40.158
[student] TRAY settled +0.79s tapped slot 0 meant tornado before [tornado,ice_wizard,ice_wizard,rocket] now [?,ice_wizard,ice_wizard,rocket] slot_now ? elixir 3->1 wall=12:45:40.609
[student] PLAY tesla p=0.91 cell 296 board (0.44, 0.69) units 3 17 ms tap [tesla,?,?,?] hand [tesla,ice_wizard,ice_wizard,rocket] elixir 4 wall=12:45:44.706
[student] TAP slot 0 tesla cell 296 wall=12:45:45.034
[student] TRAY first +0.77s tapped slot 0 meant tesla before [tesla,ice_wizard,ice_wizard,rocket] now [?,ice_wizard,?,rocket] slot_now ? elixir 4->4 wall=12:45:45.801
[student] WAIT NO-TRAY-MATCH p=0.90 elixir 4 opp~? units 3 dets 4 (waits 2809/3942 badhand 1243/5803) tap [?,?,?,?] wall=12:45:45.883
[student] PLAY knight_evo p=0.33 cell 237 board (0.19, 0.55) units 3 22 ms tap [knight_evo,?,?,?] hand [knight_evo,ice_wizard,ice_wizard,rocket] elixir 3 wall=12:45:49.628
[student] TAP slot 0 knight_evo cell 237 wall=12:45:49.962
[student] TRAY first +0.74s tapped slot 0 meant knight_evo before [knight_evo,ice_wizard,ice_wizard,rocket] now [?,ice_wizard,ice_wizard,rocket] slot_now ? elixir 3->3 wall=12:45:50.703
[student] PLAY skeletons p=0.44 cell 363 board (0.19, 0.86) units 3 40 ms tap [skeletons,?,?,?] hand [skeletons,ice_wizard,the_log,rocket] elixir 2 wall=12:45:52.452
[student] TAP slot 0 skeletons cell 363 wall=12:45:52.783
[student] TRAY first +0.72s tapped slot 0 meant skeletons before [skeletons,ice_wizard,the_log,rocket] now [?,ice_wizard,the_log,rocket] slot_now ? elixir 2->1 wall=12:45:53.502
[student] PLAY the_log p=0.36 cell 237 board (0.19, 0.55) units 2 22 ms tap [the_log,?,?,?] hand [the_log,ice_wizard,ice_wizard,rocket] elixir 3 wall=12:45:55.144
[student] TAP slot 0 the_log cell 348 wall=12:45:55.480
[student] TRAY first +0.77s tapped slot 0 meant the_log before [the_log,ice_wizard,ice_wizard,rocket] now [?,ice_wizard,the_log,rocket] slot_now ? elixir 3->2 wall=12:45:56.253
[student] PLAY tornado p=0.29 cell 148 board (0.25, 0.36) units 3 27 ms tap [tornado,?,?,?] hand [tornado,ice_wizard,ice_wizard,rocket] elixir 3 wall=12:45:57.941
[assist] TORNADO nearest cell 148->381 target skeletons at (0.25,0.71) enemy tracks 1 wall=12:45:57.941
[student] TAP slot 0 tornado cell 381 wall=12:45:58.296
[student] TRAY first +0.64s tapped slot 0 meant tornado before [tornado,ice_wizard,ice_wizard,rocket] now [?,ice_wizard,ice_wizard,rocket] slot_now ? elixir 3->3 wall=12:45:58.937
[student] PLAY ice_wizard p=0.85 cell 298 board (0.58, 0.67) units 4 16 ms tap [tesla_evo,ice_wizard,?,?] hand [tesla_evo,ice_wizard,x_bow,rocket] elixir 4 wall=12:46:02.996
[student] TAP slot 1 ice_wizard cell 298 wall=12:46:03.327
[student] TRAY first +0.70s tapped slot 1 meant ice_wizard before [tesla_evo,ice_wizard,x_bow,rocket] now [tesla_evo,?,ice_wizard,rocket] slot_now ? elixir 4->3 wall=12:46:04.030
12:46:05 [play] elixir x3
[student] PLAY knight p=0.57 cell 295 board (0.42, 0.7) units 6 24 ms tap [tesla_evo,knight,?,?] hand [tesla_evo,knight,x_bow,rocket] elixir 4 wall=12:46:05.874
[student] TAP slot 1 knight cell 295 wall=12:46:06.216
[student] TRAY first +0.73s tapped slot 1 meant knight before [tesla_evo,knight,x_bow,rocket] now [tesla_evo,?,x_bow,rocket] slot_now ? elixir 4->5 wall=12:46:06.945
[student] PLAY tesla_evo p=0.70 cell 296 board (0.44, 0.69) units 3 17 ms tap [tesla_evo,?,?,?] hand [tesla_evo,?,x_bow,rocket] elixir 5 wall=12:46:07.024
[student] TAP slot 0 tesla_evo cell 296 wall=12:46:07.361
[student] TRAY first +0.74s tapped slot 0 meant tesla_evo before [tesla_evo,?,x_bow,rocket] now [?,?,ice_wizard,rocket] slot_now ? elixir 5->4 wall=12:46:08.099
[student] PLAY skeletons p=0.36 cell 310 board (0.25, 0.73) units 4 23 ms tap [?,skeletons,?,?] hand [the_log,skeletons,tesla,rocket] elixir 1 wall=12:46:09.687
[student] TAP slot 1 skeletons cell 256 wall=12:46:10.029
[student] TRAY first +0.68s tapped slot 1 meant skeletons before [the_log,skeletons,tesla,rocket] now [the_log,?,tesla,rocket] slot_now ? elixir 1->1 wall=12:46:10.711
[student] PLAY the_log p=0.52 cell 328 board (0.25, 0.77) units 5 27 ms tap [the_log,?,?,?] hand [the_log,?,ice_wizard,rocket] elixir 2 wall=12:46:11.580
[student] TAP slot 0 the_log cell 350 wall=12:46:11.912
[student] TRAY first +0.65s tapped slot 0 meant the_log before [the_log,?,ice_wizard,rocket] now [?,tornado,tesla,rocket] slot_now ? elixir 2->2 wall=12:46:12.566
[student] PLAY tornado p=0.31 cell 277 board (0.42, 0.64) units 3 27 ms tap [?,tornado,?,?] hand [ice_wizard,tornado,ice_wizard,rocket] elixir 3 wall=12:46:14.246
[student] TAP slot 1 tornado cell 277 wall=12:46:14.578
[student] TRAY first +0.79s tapped slot 1 meant tornado before [ice_wizard,tornado,ice_wizard,rocket] now [ice_wizard,?,tesla,rocket] slot_now ? elixir 3->3 wall=12:46:15.364
[student] WAIT NO-TRAY-MATCH p=0.66 elixir 3 opp~? units 2 dets 2 (waits 2809/3952 badhand 1253/5823) tap [?,?,?,?] wall=12:46:15.444
[student] PLAY knight p=0.46 cell 237 board (0.19, 0.55) units 2 25 ms tap [ice_wizard,knight,?,?] hand [ice_wizard,knight,x_bow,rocket] elixir 4 wall=12:46:18.031
[student] TAP slot 1 knight cell 237 wall=12:46:18.361
[student] TRAY first +0.81s tapped slot 1 meant knight before [ice_wizard,knight,x_bow,rocket] now [ice_wizard,?,ice_wizard,rocket] slot_now ? elixir 4->3 wall=12:46:19.170
[student] PLAY ice_wizard p=0.64 cell 237 board (0.19, 0.55) units 3 22 ms tap [ice_wizard,tesla,?,?] hand [ice_wizard,tesla,x_bow,rocket] elixir 4 wall=12:46:20.936
[student] TAP slot 0 ice_wizard cell 237 wall=12:46:21.266
[student] TRAY first +0.69s tapped slot 0 meant ice_wizard before [ice_wizard,tesla,x_bow,rocket] now [?,tesla,ice_wizard,rocket] slot_now ? elixir 4->3 wall=12:46:21.954
[student] PLAY skeletons p=0.39 cell 237 board (0.19, 0.55) units 3 24 ms tap [skeletons,tesla,?,?] hand [skeletons,tesla,x_bow,rocket] elixir 4 wall=12:46:23.488
[student] TAP slot 0 skeletons cell 237 wall=12:46:23.817
[student] TRAY first +0.76s tapped slot 0 meant skeletons before [skeletons,tesla,x_bow,rocket] now [?,tesla,x_bow,rocket] slot_now ? elixir 4->3 wall=12:46:24.575
[student] PLAY tesla p=0.66 cell 243 board (0.5, 0.56) units 2 22 ms tap [?,tesla,?,?] hand [?,tesla,x_bow,rocket] elixir 5 wall=12:46:25.149
[student] TAP slot 1 tesla cell 243 wall=12:46:25.486
[student] TRAY first +0.36s tapped slot 1 meant tesla before [?,tesla,x_bow,rocket] now [the_log,?,the_log,rocket] slot_now ? elixir 5->4 wall=12:46:25.844
[student] TRAY settled +0.80s tapped slot 1 meant tesla before [?,tesla,x_bow,rocket] now [the_log,?,ice_wizard,rocket] slot_now ? elixir 5->2 wall=12:46:26.282
[student] PLAY the_log p=0.57 cell 319 board (0.75, 0.73) units 4 23 ms tap [the_log,?,?,?] hand [the_log,?,ice_wizard,rocket] elixir 2 wall=12:46:26.372
[student] TAP slot 0 the_log cell 315 wall=12:46:26.699
[student] TRAY first +0.32s tapped slot 0 meant the_log before [the_log,?,ice_wizard,rocket] now [?,tornado,tesla,rocket] slot_now ? elixir 2->2 wall=12:46:27.016
[student] TRAY settled +1.07s tapped slot 0 meant the_log before [the_log,?,ice_wizard,rocket] now [?,tornado,the_log,rocket] slot_now ? elixir 2->2 wall=12:46:27.770
[student] PLAY knight_evo p=0.90 cell 244 board (0.58, 0.55) units 7 22 ms tap [knight_evo,tornado,?,?] hand [knight_evo,tornado,ice_wizard,rocket] elixir 3 wall=12:46:28.674
[student] TAP slot 0 knight_evo cell 244 wall=12:46:29.011
[student] TRAY first +0.33s tapped slot 0 meant knight_evo before [knight_evo,tornado,ice_wizard,rocket] now [?,tornado,ice_wizard,rocket] slot_now ? elixir 3->3 wall=12:46:29.338
[student] TRAY settled +0.73s tapped slot 0 meant knight_evo before [knight_evo,tornado,ice_wizard,rocket] now [?,tornado,tesla,rocket] slot_now ? elixir 3->1 wall=12:46:29.737
[student] PLAY tornado p=0.43 cell 157 board (0.75, 0.36) units 4 30 ms tap [?,tornado,?,?] hand [ice_wizard,tornado,ice_wizard,rocket] elixir 3 wall=12:46:31.569
[assist] TORNADO king-spot cell 157->332 trigger ice_golem at (0.46,0.54) enemy tracks 3 wall=12:46:31.569
[student] TAP slot 1 tornado cell 332 wall=12:46:31.899
[student] TRAY first +0.36s tapped slot 1 meant tornado before [ice_wizard,tornado,ice_wizard,rocket] now [ice_wizard,?,ice_wizard,rocket] slot_now ? elixir 3->3 wall=12:46:32.257
[student] WAIT NO-TRAY-MATCH p=0.89 elixir 3 opp~? units 7 dets 7 (waits 2810/3960 badhand 1263/5840) tap [?,?,?,?] wall=12:46:32.370
[student] TRAY settled +1.16s tapped slot 1 meant tornado before [ice_wizard,tornado,ice_wizard,rocket] now [ice_wizard,?,the_log,rocket] slot_now ? elixir 3->2 wall=12:46:33.064
[student] PLAY skeletons p=0.77 cell 277 board (0.42, 0.64) units 7 18 ms tap [?,skeletons,?,?] hand [ice_wizard,skeletons,ice_wizard,rocket] elixir 2 wall=12:46:33.616
[student] TAP slot 1 skeletons cell 277 wall=12:46:33.961
[student] TRAY first +0.31s tapped slot 1 meant skeletons before [ice_wizard,skeletons,ice_wizard,rocket] now [ice_wizard,?,the_log,rocket] slot_now ? elixir 2->1 wall=12:46:34.276
[student] TRAY settled +0.76s tapped slot 1 meant skeletons before [ice_wizard,skeletons,ice_wizard,rocket] now [ice_wizard,?,ice_wizard,rocket] slot_now ? elixir 2->2 wall=12:46:34.718
[student] PLAY ice_wizard p=0.79 cell 332 board (0.47, 0.77) units 5 24 ms tap [ice_wizard,tesla,?,?] hand [ice_wizard,tesla,x_bow,rocket] elixir 4 wall=12:46:36.370
[student] TAP slot 0 ice_wizard cell 332 wall=12:46:36.712
[student] TRAY first +0.37s tapped slot 0 meant ice_wizard before [ice_wizard,tesla,x_bow,rocket] now [?,tesla,the_log,rocket] slot_now ? elixir 4->3 wall=12:46:37.079
[student] TRAY settled +0.84s tapped slot 0 meant ice_wizard before [ice_wizard,tesla,x_bow,rocket] now [?,tesla,ice_wizard,rocket] slot_now ? elixir 4->2 wall=12:46:37.547
[student] PLAY the_log p=0.46 cell 237 board (0.19, 0.55) units 0 17 ms tap [the_log,?,?,?] hand [the_log,tesla,ice_wizard,rocket] elixir 3 wall=12:46:38.405
[student] TAP slot 0 the_log cell 350 wall=12:46:38.733
[student] TRAY first +0.35s tapped slot 0 meant the_log before [the_log,tesla,ice_wizard,rocket] now [?,tesla,ice_wizard,rocket] slot_now ? elixir 3->2 wall=12:46:39.078
[student] TRAY settled +0.81s tapped slot 0 meant the_log before [the_log,tesla,ice_wizard,rocket] now [?,tesla,ice_wizard,rocket] slot_now ? elixir 3->3 wall=12:46:39.538
[student] PLAY knight p=0.87 cell 236 board (0.14, 0.55) units 1 28 ms tap [knight,tesla,?,?] hand [knight,tesla,ice_wizard,rocket] elixir 3 wall=12:46:40.394
[student] TAP slot 0 knight cell 236 wall=12:46:40.735
[student] TRAY first +0.29s tapped slot 0 meant knight before [knight,tesla,ice_wizard,rocket] now [?,tesla,tesla,rocket] slot_now ? elixir 3->3 wall=12:46:41.025
[student] TRAY settled +0.69s tapped slot 0 meant knight before [knight,tesla,ice_wizard,rocket] now [?,tesla,the_log,rocket] slot_now ? elixir 3->2 wall=12:46:41.424
[student] PLAY tornado p=0.33 cell 240 board (0.36, 0.58) units 3 22 ms tap [tornado,?,?,?] hand [tornado,tesla,ice_wizard,rocket] elixir 3 wall=12:46:43.004
[assist] TORNADO king-spot cell 240->333 trigger bats at (0.54,0.56) enemy tracks 3 wall=12:46:43.004
[student] TAP slot 0 tornado cell 333 wall=12:46:43.344
[student] TRAY first +0.28s tapped slot 0 meant tornado before [tornado,tesla,ice_wizard,rocket] now [?,tesla,tesla,rocket] slot_now ? elixir 3->3 wall=12:46:43.623
[student] TRAY settled +0.66s tapped slot 0 meant tornado before [tornado,tesla,ice_wizard,rocket] now [?,tesla,tesla_evo,rocket] slot_now ? elixir 3->2 wall=12:46:44.003
[student] PLAY skeletons p=0.44 cell 248 board (0.81, 0.55) units 3 16 ms tap [skeletons,?,?,?] hand [skeletons,tesla,ice_wizard,rocket] elixir 3 wall=12:46:45.648
[student] TAP slot 0 skeletons cell 248 wall=12:46:45.978
[student] TRAY first +0.32s tapped slot 0 meant skeletons before [skeletons,tesla,ice_wizard,rocket] now [?,tesla,ice_wizard,rocket] slot_now ? elixir 3->2 wall=12:46:46.297
[student] TRAY settled +1.06s tapped slot 0 meant skeletons before [skeletons,tesla,ice_wizard,rocket] now [?,tesla,x_bow,rocket] slot_now ? elixir 3->4 wall=12:46:47.037
[student] PLAY tesla p=0.75 cell 243 board (0.5, 0.56) units 4 25 ms tap [?,tesla,?,?] hand [?,tesla,x_bow,rocket] elixir 4 wall=12:46:47.128
[student] TAP slot 1 tesla cell 243 wall=12:46:47.475
[student] TRAY first +0.36s tapped slot 1 meant tesla before [?,tesla,x_bow,rocket] now [ice_wizard,?,ice_wizard,rocket] slot_now ? elixir 4->4 wall=12:46:47.832
[student] TRAY settled +0.82s tapped slot 1 meant tesla before [?,tesla,x_bow,rocket] now [ice_wizard,?,tesla,rocket] slot_now ? elixir 4->1 wall=12:46:48.296
[student] PLAY the_log p=0.51 cell 247 board (0.75, 0.55) units 5 31 ms tap [?,the_log,?,?] hand [ice_wizard,the_log,ice_wizard,rocket] elixir 3 wall=12:46:49.951
[student] TAP slot 1 the_log cell 247 wall=12:46:50.284
[student] TRAY first +0.34s tapped slot 1 meant the_log before [ice_wizard,the_log,ice_wizard,rocket] now [ice_wizard,?,the_log,rocket] slot_now ? elixir 3->2 wall=12:46:50.629
[student] TRAY settled +1.09s tapped slot 1 meant the_log before [ice_wizard,the_log,ice_wizard,rocket] now [ice_wizard,?,ice_wizard,rocket] slot_now ? elixir 3->2 wall=12:46:51.376
[student] PLAY knight p=0.83 cell 319 board (0.75, 0.73) units 4 27 ms tap [?,knight,?,?] hand [ice_wizard,knight,ice_wizard,rocket] elixir 3 wall=12:46:51.885
[student] TAP slot 1 knight cell 265 wall=12:46:52.216
[student] TRAY first +0.37s tapped slot 1 meant knight before [ice_wizard,knight,ice_wizard,rocket] now [ice_wizard,?,ice_wizard,rocket] slot_now ? elixir 3->3 wall=12:46:52.584
[student] WAIT NO-TRAY-MATCH p=0.89 elixir 3 opp~? units 8 dets 9 (waits 2810/3969 badhand 1272/5859) tap [?,?,?,?] wall=12:46:52.677
[student] TRAY settled +0.86s tapped slot 1 meant knight before [ice_wizard,knight,ice_wizard,rocket] now [ice_wizard,?,tesla,rocket] slot_now ? elixir 3->1 wall=12:46:53.079
[student] PLAY tornado p=0.84 cell 229 board (0.75, 0.52) units 4 19 ms tap [?,tornado,?,?] hand [ice_wizard,tornado,ice_wizard,rocket] elixir 3 wall=12:46:54.728
[assist] TORNADO king-spot cell 229->333 trigger electro_giant at (0.51,0.52) enemy tracks 4 wall=12:46:54.728
[student] TAP slot 1 tornado cell 333 wall=12:46:55.080
[student] TRAY first +0.32s tapped slot 1 meant tornado before [ice_wizard,tornado,ice_wizard,rocket] now [ice_wizard,?,ice_wizard,rocket] slot_now ? elixir 3->3 wall=12:46:55.401
[student] TRAY settled +0.79s tapped slot 1 meant tornado before [ice_wizard,tornado,ice_wizard,rocket] now [ice_wizard,?,tesla,rocket] slot_now ? elixir 3->1 wall=12:46:55.872
[student] PLAY skeletons p=0.76 cell 247 board (0.75, 0.55) units 3 8 ms tap [?,skeletons,?,?] hand [ice_wizard,skeletons,ice_wizard,rocket] elixir 2 wall=12:46:57.145
[student] TAP slot 1 skeletons cell 247 wall=12:46:57.478
[student] TRAY first +0.29s tapped slot 1 meant skeletons before [ice_wizard,skeletons,ice_wizard,rocket] now [ice_wizard,?,ice_wizard,rocket] slot_now ? elixir 2->1 wall=12:46:57.766
[student] TRAY settled +0.71s tapped slot 1 meant skeletons before [ice_wizard,skeletons,ice_wizard,rocket] now [ice_wizard,?,ice_wizard,rocket] slot_now ? elixir 2->3 wall=12:46:58.188
[student] PLAY tesla_evo p=0.85 cell 341 board (0.94, 0.75) units 6 23 ms tap [?,tesla_evo,?,?] hand [ice_wizard,tesla_evo,ice_wizard,rocket] elixir 4 wall=12:46:59.038
[student] TAP slot 1 tesla_evo cell 341 wall=12:46:59.366
[student] TRAY first +0.38s tapped slot 1 meant tesla_evo before [ice_wizard,tesla_evo,ice_wizard,rocket] now [ice_wizard,?,rocket,rocket] slot_now ? elixir 4->4 wall=12:46:59.748
[student] TRAY settled +1.10s tapped slot 1 meant tesla_evo before [ice_wizard,tesla_evo,ice_wizard,rocket] now [ice_wizard,?,tesla,rocket] slot_now ? elixir 4->1 wall=12:47:00.466
[student] WAIT NO-TRAY-MATCH p=0.29 elixir 2 opp~? units 0 dets 0 (waits 2810/3972 badhand 1276/5872) tap [?,?,?,?] wall=12:47:03.385
12:47:12 [play] UNKNOWN 0.4s after in-match -> grace hold (label lost: overtime / end animation / dropout; up to 150s)
12:47:13 [play] in-match read re-acquired -> grace hold released
12:47:14 [play] state: MATCH_END
12:47:14 [nav] MATCH_END -> Play Again (located) (0.348,0.914)
12:47:15 [play] state: UNKNOWN
12:47:21 [play] state: IN_MATCH
[student] WAIT | exact=0 opp=? next=7 t=5s hand=[149, 164, 0, 3] tw=1.01.01.01.01.01.0 sp=0 unk=0 p=0.01 elixir 9 opp~? units 0 dets 0 (waits 2816/3978 badhand 1277/5882) tap [knight,tesla,tornado,x_bow] wall=12:47:25.817
[student] WAIT p=0.25 elixir 10 opp~? units 1 dets 1 (waits 2826/3988 badhand 1277/5892) tap [knight,tesla,tornado,x_bow] wall=12:47:33.287
[student] PLAY x_bow p=0.30 cell 254 board (0.14, 0.61) units 1 27 ms tap [knight,tesla,tornado,x_bow] hand [knight,tesla,tornado,x_bow] elixir 10 wall=12:47:34.122
[student] TAP slot 3 x_bow cell 254 wall=12:47:34.468
[student] TRAY first +0.26s tapped slot 3 meant x_bow before [knight,tesla,tornado,x_bow] now [knight,tesla,tornado,?] slot_now ? elixir 10->6 wall=12:47:34.731
[student] PLAY tesla p=0.40 cell 239 board (0.28, 0.56) units 2 25 ms tap [knight,tesla,tornado,?] hand [knight,tesla,tornado,?] elixir 6 wall=12:47:34.814
[student] TAP slot 1 tesla cell 239 wall=12:47:35.143
[student] TRAY first +0.27s tapped slot 1 meant tesla before [knight,tesla,tornado,?] now [knight,?,tornado,?] slot_now ? elixir 6->4 wall=12:47:35.409
[student] TRAY settled +1.07s tapped slot 1 meant tesla before [knight,tesla,tornado,?] now [knight,?,tornado,knight] slot_now ? elixir 6->0 wall=12:47:36.215
[student] WAIT p=0.07 elixir 2 opp~? units 3 dets 3 (waits 2835/3999 badhand 1279/5904) tap [?,?,?,skeletons] wall=12:47:42.867
[student] PLAY knight p=0.30 cell 235 board (0.08, 0.55) units 5 6 ms tap [knight,ice_wizard,tornado,skeletons] hand [knight,ice_wizard,tornado,skeletons] elixir 3 wall=12:47:44.984
[student] TAP slot 0 knight cell 235 wall=12:47:45.316
[student] TRAY first +0.25s tapped slot 0 meant knight before [knight,ice_wizard,tornado,skeletons] now [?,tornado,tornado,?] slot_now ? elixir 3->3 wall=12:47:45.567
[student] TRAY settled +0.61s tapped slot 0 meant knight before [knight,ice_wizard,tornado,skeletons] now [?,ice_wizard,tornado,skeletons] slot_now ? elixir 3->0 wall=12:47:45.928
[student] PLAY skeletons p=0.44 cell 248 board (0.81, 0.55) units 4 15 ms tap [?,?,?,skeletons] hand [the_log,ice_wizard,tornado,skeletons] elixir 1 wall=12:47:47.065
[student] TAP slot 3 skeletons cell 248 wall=12:47:47.398
[student] TRAY first +0.25s tapped slot 3 meant skeletons before [the_log,ice_wizard,tornado,skeletons] now [the_log,tornado,tornado,?] slot_now ? elixir 1->1 wall=12:47:47.649
[student] TRAY settled +1.05s tapped slot 3 meant skeletons before [the_log,ice_wizard,tornado,skeletons] now [the_log,ice_wizard,tornado,?] slot_now ? elixir 1->0 wall=12:47:48.444
[student] PLAY ice_wizard p=0.41 cell 234 board (0.03, 0.58) units 3 21 ms tap [the_log,ice_wizard,tornado,?] hand [the_log,ice_wizard,tornado,rocket] elixir 3 wall=12:47:55.479
[student] TAP slot 1 ice_wizard cell 235 wall=12:47:55.810
[student] TRAY first +0.24s tapped slot 1 meant ice_wizard before [the_log,ice_wizard,tornado,rocket] now [the_log,?,tornado,rocket] slot_now ? elixir 3->3 wall=12:47:56.055
[student] TRAY settled +0.86s tapped slot 1 meant ice_wizard before [the_log,ice_wizard,tornado,rocket] now [the_log,?,tornado,rocket] slot_now ? elixir 3->0 wall=12:47:56.672
[student] WAIT NO-TRAY-MATCH p=0.05 elixir 2 opp~? units 2 dets 2 (waits 2842/4009 badhand 1281/5917) tap [?,?,?,?] wall=12:48:01.659
[student] WAIT p=0.20 elixir 4 opp~? units 1 dets 1 (waits 2848/4015 badhand 1281/5927) tap [the_log,?,tornado,?] wall=12:48:07.647
[student] PLAY the_log p=0.28 cell 151 board (0.42, 0.36) units 1 17 ms tap [the_log,?,tornado,?] hand [the_log,x_bow,tornado,rocket] elixir 5 wall=12:48:09.977
[student] TAP slot 0 the_log cell 241 wall=12:48:10.311
[student] TRAY first +0.25s tapped slot 0 meant the_log before [the_log,x_bow,tornado,rocket] now [?,ice_wizard,tornado,rocket] slot_now ? elixir 5->3 wall=12:48:10.563
[student] TRAY settled +0.60s tapped slot 0 meant the_log before [the_log,x_bow,tornado,rocket] now [?,ice_wizard,tornado,rocket] slot_now ? elixir 5->3 wall=12:48:10.916
[student] WAIT p=0.06 elixir 5 opp~? units 0 dets 0 (waits 2858/4026 badhand 1283/5938) tap [tesla,?,tornado,?] wall=12:48:15.400
[student] PLAY x_bow p=0.33 cell 254 board (0.14, 0.61) units 1 16 ms tap [tesla,x_bow,tornado,rocket] hand [tesla,x_bow,tornado,rocket] elixir 7 wall=12:48:21.212
[student] TAP slot 1 x_bow cell 254 wall=12:48:21.544
[student] TRAY first +0.27s tapped slot 1 meant x_bow before [tesla,x_bow,tornado,rocket] now [tesla,?,tornado,rocket] slot_now ? elixir 7->6 wall=12:48:21.817
[student] TRAY settled +1.04s tapped slot 1 meant x_bow before [tesla,x_bow,tornado,rocket] now [tesla,?,tornado,rocket] slot_now ? elixir 7->1 wall=12:48:22.587
[student] PLAY knight p=0.34 cell 238 board (0.25, 0.55) units 2 23 ms tap [?,knight,tornado,?] hand [tesla,knight,tornado,rocket] elixir 3 wall=12:48:26.502
[student] TAP slot 1 knight cell 238 wall=12:48:26.832
[student] TRAY first +0.22s tapped slot 1 meant knight before [tesla,knight,tornado,rocket] now [tesla,?,tornado,rocket] slot_now ? elixir 3->3 wall=12:48:27.053
[student] TRAY settled +0.97s tapped slot 1 meant knight before [tesla,knight,tornado,rocket] now [tesla,?,tornado,rocket] slot_now ? elixir 3->0 wall=12:48:27.800
[student] WAIT p=0.20 elixir 1 opp~? units 3 dets 3 (waits 2867/4037 badhand 1285/5950) tap [?,skeletons,?,?] wall=12:48:29.202
[student] PLAY skeletons p=0.27 cell 237 board (0.19, 0.55) units 3 19 ms tap [?,skeletons,?,?] hand [tesla,skeletons,tornado,rocket] elixir 1 wall=12:48:30.370
[student] TAP slot 1 skeletons cell 237 wall=12:48:30.698
[student] TRAY first +0.25s tapped slot 1 meant skeletons before [tesla,skeletons,tornado,rocket] now [tesla,?,tornado,rocket] slot_now ? elixir 1->1 wall=12:48:30.950
[student] TRAY settled +0.56s tapped slot 1 meant skeletons before [tesla,skeletons,tornado,rocket] now [tesla,?,tornado,rocket] slot_now ? elixir 1->0 wall=12:48:31.262
[student] PLAY ice_wizard p=0.70 cell 238 board (0.25, 0.55) units 3 6 ms tap [?,ice_wizard,tornado,?] hand [tesla,ice_wizard,tornado,rocket] elixir 3 wall=12:48:38.104
[student] TAP slot 1 ice_wizard cell 238 wall=12:48:38.431
[student] TRAY first +0.26s tapped slot 1 meant ice_wizard before [tesla,ice_wizard,tornado,rocket] now [tesla,?,tornado,rocket] slot_now ? elixir 3->3 wall=12:48:38.692
[student] TRAY settled +0.58s tapped slot 1 meant ice_wizard before [tesla,ice_wizard,tornado,rocket] now [tesla,?,tornado,rocket] slot_now ? elixir 3->0 wall=12:48:39.008
[student] PLAY the_log p=0.40 cell 237 board (0.19, 0.55) units 3 19 ms tap [?,the_log,tornado,?] hand [tesla,the_log,tornado,rocket] elixir 3 wall=12:48:46.255
[student] TAP slot 1 the_log cell 371 wall=12:48:46.593
[student] TRAY first +0.25s tapped slot 1 meant the_log before [tesla,the_log,tornado,rocket] now [tesla,?,tornado,rocket] slot_now ? elixir 3->2 wall=12:48:46.847
[student] TRAY settled +0.59s tapped slot 1 meant the_log before [tesla,the_log,tornado,rocket] now [tesla,?,tornado,rocket] slot_now ? elixir 3->1 wall=12:48:47.184
[student] WAIT NO-TRAY-MATCH p=0.29 elixir 2 opp~? units 2 dets 3 (waits 2872/4045 badhand 1286/5963) tap [?,?,?,?] wall=12:48:51.181
[student] PLAY tornado p=0.40 cell 80 board (0.47, 0.2) units 2 14 ms tap [?,?,tornado,?] hand [tesla,the_log,tornado,rocket] elixir 3 wall=12:48:51.713
[assist] TORNADO nearest cell 80->257 target dark_prince at (0.34,0.50) enemy tracks 3 wall=12:48:51.714
[student] TAP slot 2 tornado cell 257 wall=12:48:52.048
[student] TRAY first +0.24s tapped slot 2 meant tornado before [tesla,the_log,tornado,rocket] now [tesla,x_bow,?,rocket] slot_now ? elixir 3->3 wall=12:48:52.289
[student] TRAY settled +1.06s tapped slot 2 meant tornado before [tesla,the_log,tornado,rocket] now [tesla,tornado,?,rocket] slot_now ? elixir 3->0 wall=12:48:53.111
[student] WAIT p=0.08 elixir 5 opp~? units 0 dets 0 (waits 2878/4052 badhand 1286/5974) tap [tesla,?,knight_evo,?] wall=12:49:06.350
[student] PLAY x_bow p=0.62 cell 267 board (0.86, 0.61) units 1 21 ms tap [tesla,x_bow,knight_evo,rocket] hand [tesla,x_bow,knight_evo,rocket] elixir 7 wall=12:49:13.670
[student] TAP slot 1 x_bow cell 267 wall=12:49:14.014
[student] TRAY first +1.05s tapped slot 1 meant x_bow before [tesla,x_bow,knight_evo,rocket] now [tesla,?,knight_evo,rocket] slot_now ? elixir 7->6 wall=12:49:15.062
[student] PLAY skeletons p=0.38 cell 247 board (0.75, 0.55) units 2 26 ms tap [?,skeletons,?,?] hand [tesla,skeletons,knight_evo,rocket] elixir 2 wall=12:49:15.964
[student] TAP slot 1 skeletons cell 247 wall=12:49:16.298
[student] TRAY first +1.03s tapped slot 1 meant skeletons before [tesla,skeletons,knight_evo,rocket] now [tesla,?,tesla,rocket] slot_now ? elixir 2->1 wall=12:49:17.333
[clock] icon reads x3 but the clock reads x1 -> using the clock (x1)
[student] PLAY knight_evo p=0.40 cell 249 board (0.86, 0.55) units 3 14 ms tap [?,ice_wizard,knight_evo,?] hand [tesla,ice_wizard,knight_evo,rocket] elixir 3 wall=12:49:18.715
[student] TAP slot 2 knight_evo cell 249 wall=12:49:19.047
[student] TRAY first +0.58s tapped slot 2 meant knight_evo before [tesla,ice_wizard,knight_evo,rocket] now [tesla,tornado,?,rocket] slot_now ? elixir 3->3 wall=12:49:19.625
[clock] icon reads x3 but the clock reads x2 -> using the clock (x2)
12:49:21 [play] elixir x2
[student] PLAY the_log p=0.72 cell 249 board (0.86, 0.55) units 5 23 ms tap [?,?,the_log,?] hand [tesla,ice_wizard,the_log,rocket] elixir 2 wall=12:49:22.085
[student] TAP slot 2 the_log cell 249 wall=12:49:22.427
[student] TRAY first +0.62s tapped slot 2 meant the_log before [tesla,ice_wizard,the_log,rocket] now [tesla,ice_wizard,?,rocket] slot_now ? elixir 2->2 wall=12:49:23.045
[student] PLAY tornado p=0.64 cell 80 board (0.47, 0.2) units 3 18 ms tap [?,ice_wizard,tornado,?] hand [tesla,ice_wizard,tornado,rocket] elixir 3 wall=12:49:26.212
[student] TAP slot 2 tornado cell 80 wall=12:49:26.542
[student] TRAY first +0.67s tapped slot 2 meant tornado before [tesla,ice_wizard,tornado,rocket] now [tesla,ice_wizard,?,rocket] slot_now ? elixir 3->3 wall=12:49:27.215
[student] WAIT NO-TRAY-MATCH p=0.50 elixir 2 opp~? units 2 dets 3 (waits 2884/4063 badhand 1289/5989) tap [?,?,?,?] wall=12:49:28.908
[student] PLAY ice_wizard p=0.58 cell 295 board (0.42, 0.7) units 2 16 ms tap [tesla,ice_wizard,?,?] hand [tesla,ice_wizard,x_bow,rocket] elixir 4 wall=12:49:32.036
[student] TAP slot 1 ice_wizard cell 295 wall=12:49:32.363
[student] TRAY first +0.70s tapped slot 1 meant ice_wizard before [tesla,ice_wizard,x_bow,rocket] now [tesla,?,the_log,rocket] slot_now ? elixir 4->3 wall=12:49:33.060
[student] PLAY skeletons p=0.97 cell 323 board (0.97, 0.73) units 4 19 ms tap [?,skeletons,?,?] hand [tesla,skeletons,ice_wizard,rocket] elixir 3 wall=12:49:34.780
[student] TAP slot 1 skeletons cell 323 wall=12:49:35.122
[student] TRAY first +0.74s tapped slot 1 meant skeletons before [tesla,skeletons,ice_wizard,rocket] now [tesla,?,ice_wizard,rocket] slot_now ? elixir 3->2 wall=12:49:35.859
[student] PLAY knight p=0.75 cell 309 board (0.19, 0.73) units 1 15 ms tap [tesla,knight,?,?] hand [tesla,knight,x_bow,rocket] elixir 4 wall=12:49:37.465
[student] TAP slot 1 knight cell 255 wall=12:49:37.797
[student] TRAY first +0.67s tapped slot 1 meant knight before [tesla,knight,x_bow,rocket] now [tesla,?,the_log,rocket] slot_now ? elixir 4->3 wall=12:49:38.467
[student] PLAY the_log p=0.91 cell 363 board (0.19, 0.86) units 3 15 ms tap [?,the_log,?,?] hand [tesla,the_log,ice_wizard,rocket] elixir 3 wall=12:49:40.080
[student] TAP slot 1 the_log cell 365 wall=12:49:40.413
[student] TRAY first +0.76s tapped slot 1 meant the_log before [tesla,the_log,ice_wizard,rocket] now [tesla,?,tesla_evo,rocket] slot_now ? elixir 3->2 wall=12:49:41.171
[student] PLAY tornado p=0.70 cell 240 board (0.36, 0.58) units 2 23 ms tap [?,tornado,?,?] hand [tesla,tornado,ice_wizard,rocket] elixir 3 wall=12:49:42.135
[student] TAP slot 1 tornado cell 240 wall=12:49:42.464
[student] TRAY first +0.27s tapped slot 1 meant tornado before [tesla,tornado,ice_wizard,rocket] now [tesla,?,?,rocket] slot_now ? elixir 3->3 wall=12:49:42.732
[student] TRAY settled +1.02s tapped slot 1 meant tornado before [tesla,tornado,ice_wizard,rocket] now [tesla,?,ice_wizard,rocket] slot_now ? elixir 3->1 wall=12:49:43.489
[student] WAIT NO-TRAY-MATCH p=0.96 elixir 3 opp~? units 5 dets 5 (waits 2884/4068 badhand 1293/6004) tap [?,?,?,?] wall=12:49:46.814
[student] PLAY ice_wizard p=0.81 cell 329 board (0.31, 0.77) units 3 24 ms tap [tesla,ice_wizard,?,?] hand [tesla,ice_wizard,x_bow,rocket] elixir 4 wall=12:49:48.008
[student] TAP slot 1 ice_wizard cell 329 wall=12:49:48.345
[student] TRAY first +0.24s tapped slot 1 meant ice_wizard before [tesla,ice_wizard,x_bow,rocket] now [tesla,?,tesla,rocket] slot_now ? elixir 4->3 wall=12:49:48.585
[student] TRAY settled +0.98s tapped slot 1 meant ice_wizard before [tesla,ice_wizard,x_bow,rocket] now [tesla,?,the_log,rocket] slot_now ? elixir 4->2 wall=12:49:49.325
[student] PLAY skeletons p=0.52 cell 331 board (0.42, 0.77) units 3 18 ms tap [?,skeletons,?,?] hand [tesla,skeletons,ice_wizard,rocket] elixir 3 wall=12:49:50.772
[student] TAP slot 1 skeletons cell 331 wall=12:49:51.109
[student] TRAY first +0.29s tapped slot 1 meant skeletons before [tesla,skeletons,ice_wizard,rocket] now [tesla,?,ice_wizard,rocket] slot_now ? elixir 3->1 wall=12:49:51.395
[student] TRAY settled +0.84s tapped slot 1 meant skeletons before [tesla,skeletons,ice_wizard,rocket] now [tesla,?,ice_wizard,rocket] slot_now ? elixir 3->3 wall=12:49:51.951
[student] PLAY knight p=0.67 cell 329 board (0.31, 0.77) units 2 21 ms tap [tesla,knight,?,?] hand [tesla,knight,x_bow,rocket] elixir 4 wall=12:49:53.521
[student] TAP slot 1 knight cell 329 wall=12:49:53.861
[student] TRAY first +0.24s tapped slot 1 meant knight before [tesla,knight,x_bow,rocket] now [tesla,?,tesla,rocket] slot_now ? elixir 4->3 wall=12:49:54.106
[student] TRAY settled +1.07s tapped slot 1 meant knight before [tesla,knight,x_bow,rocket] now [tesla,?,the_log,rocket] slot_now ? elixir 4->2 wall=12:49:54.934
12:49:57 [play] UNKNOWN 0.6s after in-match -> grace hold (label lost: overtime / end animation / dropout; up to 150s)
12:50:04 [play] state: MATCH_END
12:50:04 [nav] MATCH_END -> Play Again (located) (0.348,0.914)
12:50:04 [play] state: UNKNOWN
12:50:11 [play] state: IN_MATCH
[student] WAIT | exact=0 opp=? next=164 t=2s hand=[149, 3, 6, 7] tw=1.01.01.01.01.01.0 sp=0 unk=0 p=0.00 elixir 8 opp~? units 0 dets 0 (waits 2889/4076 badhand 1298/6017) tap [knight,x_bow,the_log,skeletons] wall=12:50:12.984
[student] WAIT p=0.08 elixir 10 opp~? units 0 dets 0 (waits 2899/4086 badhand 1298/6027) tap [knight,x_bow,the_log,skeletons] wall=12:50:20.780
[student] PLAY the_log p=0.73 cell 273 board (0.19, 0.64) units 2 18 ms tap [knight,x_bow,the_log,skeletons] hand [knight,x_bow,the_log,skeletons] elixir 10 wall=12:50:23.503
[student] TAP slot 2 the_log cell 273 wall=12:50:23.841
[student] TRAY first +0.25s tapped slot 2 meant the_log before [knight,x_bow,the_log,skeletons] now [knight,x_bow,?,skeletons] slot_now ? elixir 10->8 wall=12:50:24.087
[student] TRAY settled +0.58s tapped slot 2 meant the_log before [knight,x_bow,the_log,skeletons] now [knight,x_bow,?,skeletons] slot_now ? elixir 10->8 wall=12:50:24.422
[student] PLAY knight p=0.46 cell 329 board (0.31, 0.77) units 1 25 ms tap [knight,x_bow,tesla,skeletons] hand [knight,x_bow,tesla,skeletons] elixir 8 wall=12:50:25.677
[student] TAP slot 0 knight cell 329 wall=12:50:26.011
[student] TRAY first +0.27s tapped slot 0 meant knight before [knight,x_bow,tesla,skeletons] now [?,x_bow,tesla,skeletons] slot_now ? elixir 8->4 wall=12:50:26.280
[student] TRAY settled +1.09s tapped slot 0 meant knight before [knight,x_bow,tesla,skeletons] now [?,x_bow,tesla,skeletons] slot_now ? elixir 8->5 wall=12:50:27.105
[student] PLAY skeletons p=0.37 cell 309 board (0.19, 0.73) units 1 23 ms tap [?,?,tesla,skeletons] hand [rocket,x_bow,tesla,skeletons] elixir 5 wall=12:50:27.790
[student] TAP slot 3 skeletons cell 255 wall=12:50:28.125
[student] TRAY first +0.26s tapped slot 3 meant skeletons before [rocket,x_bow,tesla,skeletons] now [rocket,x_bow,tesla,?] slot_now ? elixir 5->4 wall=12:50:28.383
[student] WAIT p=0.06 elixir 4 opp~? units 2 dets 2 (waits 2909/4099 badhand 1303/6040) tap [?,?,tesla,?] wall=12:50:28.459
[student] TRAY settled +0.60s tapped slot 3 meant skeletons before [rocket,x_bow,tesla,skeletons] now [rocket,x_bow,tesla,?] slot_now ? elixir 5->5 wall=12:50:28.730
[student] PLAY tesla p=0.75 cell 296 board (0.44, 0.69) units 3 25 ms tap [?,?,tesla,?] hand [rocket,x_bow,tesla,?] elixir 5 wall=12:50:28.831
[student] TAP slot 2 tesla cell 296 wall=12:50:29.175
[student] TRAY first +0.27s tapped slot 2 meant tesla before [rocket,x_bow,tesla,?] now [rocket,tesla,?,ice_wizard] slot_now ? elixir 5->4 wall=12:50:29.441
[student] TRAY settled +1.02s tapped slot 2 meant tesla before [rocket,x_bow,tesla,?] now [rocket,the_log,?,tornado] slot_now ? elixir 5->1 wall=12:50:30.193
[student] WAIT p=0.06 elixir 4 opp~? units 3 dets 3 (waits 2913/4104 badhand 1305/6051) tap [?,?,ice_wizard,tornado] wall=12:50:36.576
[student] WAIT p=0.06 elixir 6 opp~? units 3 dets 3 (waits 2923/4114 badhand 1305/6061) tap [rocket,x_bow,ice_wizard,tornado] wall=12:50:43.101
[student] PLAY x_bow p=0.45 cell 267 board (0.86, 0.61) units 2 20 ms tap [rocket,x_bow,ice_wizard,tornado] hand [rocket,x_bow,ice_wizard,tornado] elixir 8 wall=12:50:47.711
[student] TAP slot 1 x_bow cell 267 wall=12:50:48.065
[student] TRAY first +0.27s tapped slot 1 meant x_bow before [rocket,x_bow,ice_wizard,tornado] now [rocket,?,ice_wizard,tornado] slot_now ? elixir 8->6 wall=12:50:48.336
[student] TRAY settled +0.61s tapped slot 1 meant x_bow before [rocket,x_bow,ice_wizard,tornado] now [rocket,?,ice_wizard,tornado] slot_now ? elixir 8->2 wall=12:50:48.672
[student] WAIT p=0.24 elixir 3 opp~? units 3 dets 3 (waits 2932/4124 badhand 1306/6072) tap [?,the_log,ice_wizard,tornado] wall=12:50:51.533
[student] PLAY ice_wizard p=0.29 cell 246 board (0.69, 0.55) units 3 20 ms tap [?,the_log,ice_wizard,tornado] hand [rocket,the_log,ice_wizard,tornado] elixir 3 wall=12:50:52.819
[student] TAP slot 2 ice_wizard cell 246 wall=12:50:53.155
[student] TRAY first +0.23s tapped slot 2 meant ice_wizard before [rocket,the_log,ice_wizard,tornado] now [rocket,the_log,?,tornado] slot_now ? elixir 3->3 wall=12:50:53.389
[student] TRAY settled +0.95s tapped slot 2 meant ice_wizard before [rocket,the_log,ice_wizard,tornado] now [rocket,the_log,?,tornado] slot_now ? elixir 3->1 wall=12:50:54.106
[student] PLAY the_log p=0.27 cell 248 board (0.81, 0.55) units 4 18 ms tap [?,the_log,?,?] hand [rocket,the_log,knight,tornado] elixir 2 wall=12:50:56.586
[student] TAP slot 1 the_log cell 249 wall=12:50:56.930
[student] TRAY first +0.24s tapped slot 1 meant the_log before [rocket,the_log,knight,tornado] now [rocket,?,knight,tornado] slot_now ? elixir 2->2 wall=12:50:57.172
[student] TRAY settled +0.56s tapped slot 1 meant the_log before [rocket,the_log,knight,tornado] now [rocket,?,knight,tornado] slot_now ? elixir 2->0 wall=12:50:57.485
[student] PLAY skeletons p=0.43 cell 247 board (0.75, 0.55) units 2 32 ms tap [?,skeletons,?,?] hand [rocket,skeletons,knight,tornado] elixir 1 wall=12:51:00.132
[student] TAP slot 1 skeletons cell 247 wall=12:51:00.462
[student] TRAY first +0.26s tapped slot 1 meant skeletons before [rocket,skeletons,knight,tornado] now [rocket,?,knight,tornado] slot_now ? elixir 1->1 wall=12:51:00.720
[student] TRAY settled +0.58s tapped slot 1 meant skeletons before [rocket,skeletons,knight,tornado] now [rocket,?,knight,tornado] slot_now ? elixir 1->0 wall=12:51:01.038
[student] PLAY knight p=0.29 cell 320 board (0.81, 0.73) units 2 25 ms tap [?,?,knight,tornado] hand [rocket,tesla,knight,tornado] elixir 3 wall=12:51:09.294
[student] TAP slot 2 knight cell 266 wall=12:51:09.641
[student] TRAY first +0.22s tapped slot 2 meant knight before [rocket,tesla,knight,tornado] now [rocket,?,?,tornado] slot_now ? elixir 3->3 wall=12:51:09.861
[student] TRAY settled +1.03s tapped slot 2 meant knight before [rocket,tesla,knight,tornado] now [rocket,?,?,tornado] slot_now ? elixir 3->1 wall=12:51:10.671
[student] WAIT NO-TRAY-MATCH p=0.04 elixir 2 opp~? units 1 dets 1 (waits 2939/4135 badhand 1308/6086) tap [?,?,?,?] wall=12:51:13.552
[student] PLAY tornado p=0.48 cell 230 board (0.81, 0.52) units 2 23 ms tap [?,?,?,tornado] hand [rocket,tesla,ice_wizard,tornado] elixir 3 wall=12:51:15.927
[student] TAP slot 3 tornado cell 230 wall=12:51:16.263
[student] TRAY first +0.24s tapped slot 3 meant tornado before [rocket,tesla,ice_wizard,tornado] now [rocket,?,x_bow,?] slot_now ? elixir 3->3 wall=12:51:16.503
[student] TRAY settled +0.98s tapped slot 3 meant tornado before [rocket,tesla,ice_wizard,tornado] now [rocket,?,?,?] slot_now ? elixir 3->0 wall=12:51:17.248
[student] WAIT NO-TRAY-MATCH p=0.40 elixir 3 opp~? units 1 dets 2 (waits 2939/4136 badhand 1308/6097) tap [?,?,?,?] wall=12:51:26.888
[student] PLAY ice_wizard p=0.49 cell 329 board (0.31, 0.77) units 1 15 ms tap [?,tesla,?,ice_wizard] hand [rocket,tesla,x_bow,ice_wizard] elixir 4 wall=12:51:27.483
[student] TAP slot 3 ice_wizard cell 329 wall=12:51:27.813
[student] TRAY first +0.28s tapped slot 3 meant ice_wizard before [rocket,tesla,x_bow,ice_wizard] now [rocket,tesla,ice_wizard,?] slot_now ? elixir 4->3 wall=12:51:28.089
[student] TRAY settled +1.10s tapped slot 3 meant ice_wizard before [rocket,tesla,x_bow,ice_wizard] now [rocket,tesla,tesla,?] slot_now ? elixir 4->1 wall=12:51:28.914
[student] PLAY the_log p=0.34 cell 328 board (0.25, 0.77) units 3 6 ms tap [?,?,?,the_log] hand [rocket,tesla,ice_wizard,the_log] elixir 2 wall=12:51:31.814
[student] TAP slot 3 the_log cell 401 wall=12:51:32.159
[student] TRAY first +0.24s tapped slot 3 meant the_log before [rocket,tesla,ice_wizard,the_log] now [rocket,tesla,rocket,?] slot_now ? elixir 2->2 wall=12:51:32.400
[student] TRAY settled +0.52s tapped slot 3 meant the_log before [rocket,tesla,ice_wizard,the_log] now [rocket,?,ice_wizard,?] slot_now ? elixir 2->1 wall=12:51:32.684
[student] WAIT p=0.16 elixir 3 opp~? units 1 dets 1 (waits 2946/4145 badhand 1309/6109) tap [?,?,?,skeletons] wall=12:51:38.545
[student] WAIT | exact=0 opp=? next=149 t=95s hand=[4, 164, 3, 7] tw=1.00.0x1.01.01.01.0 sp=0 unk=0 p=0.04 elixir 5 opp~? units 1 dets 1 (waits 2956/4155 badhand 1309/6119) tap [?,tesla,?,skeletons] wall=12:51:45.985
[student] PLAY skeletons p=0.56 cell 295 board (0.42, 0.7) units 2 18 ms tap [rocket,tesla,x_bow,skeletons] hand [rocket,tesla,x_bow,skeletons] elixir 6 wall=12:51:46.817
[student] TAP slot 3 skeletons cell 295 wall=12:51:47.158
[student] TRAY first +0.27s tapped slot 3 meant skeletons before [rocket,tesla,x_bow,skeletons] now [rocket,tesla,x_bow,?] slot_now ? elixir 6->5 wall=12:51:47.430
[student] PLAY tesla p=0.50 cell 243 board (0.5, 0.56) units 7 21 ms tap [?,tesla,?,?] hand [rocket,tesla,x_bow,?] elixir 5 wall=12:51:47.518
[student] TAP slot 1 tesla cell 243 wall=12:51:47.846
[student] TRAY first +0.30s tapped slot 1 meant tesla before [rocket,tesla,x_bow,?] now [rocket,?,ice_wizard,?] slot_now ? elixir 5->4 wall=12:51:48.149
[student] TRAY settled +0.70s tapped slot 1 meant tesla before [rocket,tesla,x_bow,?] now [rocket,?,tesla,?] slot_now ? elixir 5->1 wall=12:51:48.549
[student] PLAY knight_evo p=0.50 cell 336 board (0.69, 0.77) units 4 18 ms tap [?,tornado,?,knight_evo] hand [rocket,tornado,ice_wizard,knight_evo] elixir 3 wall=12:51:53.543
[student] TAP slot 3 knight_evo cell 336 wall=12:51:53.873
[student] TRAY first +1.04s tapped slot 3 meant knight_evo before [rocket,tornado,ice_wizard,knight_evo] now [rocket,tornado,?,?] slot_now ? elixir 3->3 wall=12:51:54.910
[student] WAIT p=0.10 elixir 4 opp~? units 1 dets 2 (waits 2960/4162 badhand 1312/6132) tap [?,tornado,?,ice_wizard] wall=12:52:05.422
[clock] icon reads x3 but the clock reads x1 -> using the clock (x1)
[student] PLAY x_bow p=0.58 cell 267 board (0.86, 0.61) units 1 28 ms tap [rocket,tornado,x_bow,ice_wizard] hand [rocket,tornado,x_bow,ice_wizard] elixir 7 wall=12:52:10.835
[student] TAP slot 2 x_bow cell 267 wall=12:52:11.174
[clock] icon reads x3 but the clock reads x2 -> using the clock (x2)
12:52:11 [play] elixir x2
[student] TRAY first +0.59s tapped slot 2 meant x_bow before [rocket,tornado,x_bow,ice_wizard] now [rocket,tornado,?,ice_wizard] slot_now ? elixir 7->6 wall=12:52:11.763
[student] PLAY ice_wizard p=0.39 cell 246 board (0.69, 0.55) units 1 7 ms tap [?,tornado,?,ice_wizard] hand [rocket,tornado,?,ice_wizard] elixir 3 wall=12:52:12.564
[student] TAP slot 3 ice_wizard cell 246 wall=12:52:12.896
[student] TRAY first +0.68s tapped slot 3 meant ice_wizard before [rocket,tornado,?,ice_wizard] now [rocket,tornado,the_log,?] slot_now ? elixir 3->3 wall=12:52:13.576
[student] PLAY skeletons p=0.36 cell 250 board (0.92, 0.55) units 4 20 ms tap [?,?,the_log,skeletons] hand [rocket,tornado,the_log,skeletons] elixir 2 wall=12:52:15.982
[student] TAP slot 3 skeletons cell 250 wall=12:52:16.325
[student] TRAY first +0.66s tapped slot 3 meant skeletons before [rocket,tornado,the_log,skeletons] now [rocket,tornado,the_log,?] slot_now ? elixir 2->2 wall=12:52:16.988
[student] PLAY the_log p=0.33 cell 249 board (0.86, 0.55) units 3 16 ms tap [?,?,the_log,?] hand [rocket,tornado,the_log,?] elixir 2 wall=12:52:17.068
[student] TAP slot 2 the_log cell 332 wall=12:52:17.396
[student] TRAY first +0.61s tapped slot 2 meant the_log before [rocket,tornado,the_log,?] now [rocket,tornado,?,ice_wizard] slot_now ? elixir 2->2 wall=12:52:18.010
[student] PLAY knight p=0.50 cell 247 board (0.75, 0.55) units 3 18 ms tap [?,tornado,knight,?] hand [rocket,tornado,knight,tesla_evo] elixir 3 wall=12:52:21.169
[student] TAP slot 2 knight cell 247 wall=12:52:21.495
[student] TRAY first +0.77s tapped slot 2 meant knight before [rocket,tornado,knight,tesla_evo] now [rocket,tornado,?,tesla] slot_now ? elixir 3->3 wall=12:52:22.269
[student] WAIT NO-TRAY-MATCH p=0.03 elixir 3 opp~? units 5 dets 5 (waits 2967/4174 badhand 1317/6147) tap [?,?,?,?] wall=12:52:22.350
[student] PLAY tornado p=0.86 cell 176 board (0.81, 0.39) units 7 15 ms tap [?,tornado,?,?] hand [rocket,tornado,ice_wizard,tesla_evo] elixir 3 wall=12:52:25.268
[assist] TORNADO king-spot cell 176->333 trigger giant_skeleton at (0.51,0.55) enemy tracks 6 wall=12:52:25.268
[student] TAP slot 1 tornado cell 333 wall=12:52:25.595
[student] TRAY first +0.63s tapped slot 1 meant tornado before [rocket,tornado,ice_wizard,tesla_evo] now [rocket,?,rocket,tesla] slot_now ? elixir 3->3 wall=12:52:26.228
[student] PLAY ice_wizard p=0.63 cell 336 board (0.69, 0.77) units 6 30 ms tap [?,ice_wizard,?,tesla_evo] hand [rocket,ice_wizard,x_bow,tesla_evo] elixir 4 wall=12:52:31.067
[student] TAP slot 1 ice_wizard cell 336 wall=12:52:31.425
[student] TRAY first +0.29s tapped slot 1 meant ice_wizard before [rocket,ice_wizard,x_bow,tesla_evo] now [rocket,?,tesla_evo,?] slot_now ? elixir 4->3 wall=12:52:31.712
[student] TRAY settled +0.58s tapped slot 1 meant ice_wizard before [rocket,ice_wizard,x_bow,tesla_evo] now [rocket,?,the_log,tesla] slot_now ? elixir 4->2 wall=12:52:32.004
[student] PLAY skeletons p=0.79 cell 336 board (0.69, 0.77) units 7 29 ms tap [?,skeletons,?,?] hand [rocket,skeletons,ice_wizard,tesla] elixir 2 wall=12:52:33.063
[student] TAP slot 1 skeletons cell 336 wall=12:52:33.395
[student] TRAY first +0.29s tapped slot 1 meant skeletons before [rocket,skeletons,ice_wizard,tesla] now [rocket,?,the_log,tesla] slot_now ? elixir 2->1 wall=12:52:33.687
[student] TRAY settled +0.65s tapped slot 1 meant skeletons before [rocket,skeletons,ice_wizard,tesla] now [rocket,?,ice_wizard,tesla] slot_now ? elixir 2->2 wall=12:52:34.044
[student] PLAY the_log p=0.77 cell 337 board (0.75, 0.77) units 9 21 ms tap [?,the_log,?,?] hand [rocket,the_log,ice_wizard,tesla_evo] elixir 3 wall=12:52:35.331
[student] TAP slot 1 the_log cell 408 wall=12:52:35.662
[student] TRAY first +0.25s tapped slot 1 meant the_log before [rocket,the_log,ice_wizard,tesla_evo] now [rocket,?,tesla_evo,?] slot_now ? elixir 3->2 wall=12:52:35.915
[student] TRAY settled +1.00s tapped slot 1 meant the_log before [rocket,the_log,ice_wizard,tesla_evo] now [rocket,?,the_log,tesla] slot_now ? elixir 3->2 wall=12:52:36.659
[student] PLAY knight p=0.33 cell 320 board (0.81, 0.73) units 6 45 ms tap [?,knight,?,?] hand [rocket,knight,ice_wizard,tesla_evo] elixir 3 wall=12:52:37.410
[student] TAP slot 1 knight cell 266 wall=12:52:37.762
[student] TRAY first +0.34s tapped slot 1 meant knight before [rocket,knight,ice_wizard,tesla_evo] now [rocket,?,?,?] slot_now ? elixir 3->3 wall=12:52:38.100
[student] TRAY settled +0.63s tapped slot 1 meant knight before [rocket,knight,ice_wizard,tesla_evo] now [rocket,?,?,?] slot_now ? elixir 3->0 wall=12:52:38.394
[student] PLAY tornado p=0.35 cell 158 board (0.81, 0.36) units 2 17 ms tap [?,tornado,?,?] hand [rocket,tornado,ice_wizard,tesla_evo] elixir 3 wall=12:52:41.569
[assist] TORNADO king-spot cell 158->333 trigger skeletons at (0.56,0.59) enemy tracks 12 wall=12:52:41.569
[student] TAP slot 1 tornado cell 333 wall=12:52:41.947
[student] TRAY first +0.26s tapped slot 1 meant tornado before [rocket,tornado,ice_wizard,tesla_evo] now [rocket,?,?,?] slot_now ? elixir 3->3 wall=12:52:42.211
[student] TRAY settled +0.58s tapped slot 1 meant tornado before [rocket,tornado,ice_wizard,tesla_evo] now [rocket,?,?,?] slot_now ? elixir 3->0 wall=12:52:42.527
[student] WAIT NO-TRAY-MATCH p=0.02 elixir 2 opp~? units 1 dets 1 (waits 2967/4180 badhand 1320/6163) tap [?,?,?,?] wall=12:52:44.589
[student] PLAY ice_wizard p=0.51 cell 314 board (0.47, 0.73) units 1 24 ms tap [?,ice_wizard,?,tesla_evo] hand [rocket,ice_wizard,x_bow,tesla_evo] elixir 4 wall=12:52:47.663
[student] TAP slot 1 ice_wizard cell 314 wall=12:52:47.995
[student] TRAY first +0.28s tapped slot 1 meant ice_wizard before [rocket,ice_wizard,x_bow,tesla_evo] now [rocket,?,tesla,tesla] slot_now ? elixir 4->3 wall=12:52:48.279
[student] TRAY settled +1.08s tapped slot 1 meant ice_wizard before [rocket,ice_wizard,x_bow,tesla_evo] now [rocket,?,the_log,tesla] slot_now ? elixir 4->2 wall=12:52:49.074
[student] PLAY skeletons p=0.93 cell 248 board (0.81, 0.55) units 1 26 ms tap [?,skeletons,?,?] hand [rocket,skeletons,ice_wizard,tesla_evo] elixir 2 wall=12:52:49.837
[student] TAP slot 1 skeletons cell 248 wall=12:52:50.175
[student] TRAY first +0.31s tapped slot 1 meant skeletons before [rocket,skeletons,ice_wizard,tesla_evo] now [rocket,?,the_log,tesla] slot_now ? elixir 2->2 wall=12:52:50.488
[student] TRAY settled +0.85s tapped slot 1 meant skeletons before [rocket,skeletons,ice_wizard,tesla_evo] now [rocket,?,ice_wizard,tesla_evo] slot_now ? elixir 2->2 wall=12:52:51.023
[student] PLAY the_log p=0.78 cell 338 board (0.81, 0.77) units 2 24 ms tap [?,the_log,?,?] hand [rocket,the_log,ice_wizard,tesla_evo] elixir 3 wall=12:52:51.980
[student] TAP slot 1 the_log cell 333 wall=12:52:52.311
[student] TRAY first +0.27s tapped slot 1 meant the_log before [rocket,the_log,ice_wizard,tesla_evo] now [rocket,?,tesla,tesla] slot_now ? elixir 3->2 wall=12:52:52.579
[student] TRAY settled +0.61s tapped slot 1 meant the_log before [rocket,the_log,ice_wizard,tesla_evo] now [rocket,?,the_log,?] slot_now ? elixir 3->2 wall=12:52:52.924
[student] PLAY knight_evo p=0.91 cell 248 board (0.81, 0.55) units 3 22 ms tap [?,knight_evo,?,?] hand [rocket,knight_evo,ice_wizard,tesla_evo] elixir 3 wall=12:52:54.403
[student] TAP slot 1 knight_evo cell 248 wall=12:52:54.740
[student] TRAY first +0.23s tapped slot 1 meant knight_evo before [rocket,knight_evo,ice_wizard,tesla_evo] now [rocket,?,?,?] slot_now ? elixir 3->3 wall=12:52:54.974
[student] TRAY settled +1.01s tapped slot 1 meant knight_evo before [rocket,knight_evo,ice_wizard,tesla_evo] now [rocket,?,?,?] slot_now ? elixir 3->1 wall=12:52:55.754
[student] WAIT NO-TRAY-MATCH p=0.12 elixir 2 opp~? units 0 dets 0 (waits 2967/4184 badhand 1324/6177) tap [?,?,?,?] wall=12:52:57.936
[student] PLAY tornado p=0.28 cell 333 board (0.53, 0.77) units 3 15 ms tap [?,tornado,?,?] hand [rocket,tornado,ice_wizard,tesla_evo] elixir 3 wall=12:52:59.578
[student] TAP slot 1 tornado cell 333 wall=12:52:59.912
[student] TRAY first +0.24s tapped slot 1 meant tornado before [rocket,tornado,ice_wizard,tesla_evo] now [rocket,?,ice_wizard,tesla] slot_now ? elixir 3->3 wall=12:53:00.149
[student] TRAY settled +0.95s tapped slot 1 meant tornado before [rocket,tornado,ice_wizard,tesla_evo] now [rocket,?,tesla,tesla] slot_now ? elixir 3->1 wall=12:53:00.860
[student] PLAY ice_wizard p=0.34 cell 319 board (0.75, 0.73) units 2 6 ms tap [?,ice_wizard,?,tesla_evo] hand [rocket,ice_wizard,x_bow,tesla_evo] elixir 4 wall=12:53:04.216
[student] TAP slot 1 ice_wizard cell 265 wall=12:53:04.545
[student] TRAY first +0.27s tapped slot 1 meant ice_wizard before [rocket,ice_wizard,x_bow,tesla_evo] now [rocket,?,tesla,tesla] slot_now ? elixir 4->3 wall=12:53:04.814
[student] TRAY settled +0.56s tapped slot 1 meant ice_wizard before [rocket,ice_wizard,x_bow,tesla_evo] now [rocket,?,tesla,tesla] slot_now ? elixir 4->1 wall=12:53:05.102
[student] PLAY skeletons p=0.28 cell 320 board (0.81, 0.73) units 0 25 ms tap [?,skeletons,?,?] hand [rocket,skeletons,ice_wizard,tesla] elixir 2 wall=12:53:06.422
[student] TAP slot 1 skeletons cell 266 wall=12:53:06.758
12:53:07 [play] UNKNOWN 1.0s after in-match -> grace hold (label lost: overtime / end animation / dropout; up to 150s)
[student] TRAY first +0.53s tapped slot 1 meant skeletons before [rocket,skeletons,ice_wizard,tesla] now [tesla,?,?,?] slot_now ? elixir 2->0 wall=12:53:07.289
12:53:14 [play] state: MATCH_END
12:53:14 [nav] MATCH_END -> Play Again (located) (0.348,0.914)
12:53:15 [play] state: UNKNOWN
12:53:21 [play] state: IN_MATCH
[student] WAIT | exact=0 opp=? next=3 t=2s hand=[4, 0, 149, 2] tw=1.01.01.01.01.01.0 sp=0 unk=0 p=0.01 elixir 8 opp~? units 0 dets 0 (waits 2971/4191 badhand 1326/6190) tap [rocket,tornado,knight,ice_wizard] wall=12:53:23.143
[student] WAIT p=0.22 elixir 10 opp~? units 1 dets 1 (waits 2981/4201 badhand 1326/6200) tap [rocket,tornado,knight,ice_wizard] wall=12:53:30.264
[student] STALL-PLAY knight p=0.17 cell 350 board (0.47, 0.83) units 2 6 ms tap [rocket,tornado,knight,ice_wizard] hand [rocket,tornado,knight,ice_wizard] elixir 10 wall=12:53:33.715
[student] TAP slot 2 knight cell 350 wall=12:53:34.058
[student] TRAY first +0.43s tapped slot 2 meant knight before [rocket,tornado,knight,ice_wizard] now [rocket,tornado,?,ice_wizard] slot_now ? elixir 10->7 wall=12:53:34.489
[student] TRAY settled +0.75s tapped slot 2 meant knight before [rocket,tornado,knight,ice_wizard] now [rocket,tornado,?,ice_wizard] slot_now ? elixir 10->7 wall=12:53:34.810
[student] WAIT | exact=0 opp=? next=164 t=15s hand=[4, 0, 3, 2] tw=1.01.01.01.01.01.0 sp=0 unk=0 p=0.01 elixir 7 opp~? units 4 dets 4 (waits 2991/4212 badhand 1328/6211) tap [rocket,tornado,x_bow,ice_wizard] wall=12:53:36.415
[student] PLAY tornado p=0.42 cell 333 board (0.53, 0.77) units 2 16 ms tap [rocket,tornado,x_bow,ice_wizard] hand [rocket,tornado,x_bow,ice_wizard] elixir 8 wall=12:53:39.916
[student] TAP slot 1 tornado cell 333 wall=12:53:40.246
[student] TRAY first +0.27s tapped slot 1 meant tornado before [rocket,tornado,x_bow,ice_wizard] now [rocket,?,x_bow,ice_wizard] slot_now ? elixir 8->4 wall=12:53:40.512
[student] TRAY settled +0.91s tapped slot 1 meant tornado before [rocket,tornado,x_bow,ice_wizard] now [rocket,?,x_bow,ice_wizard] slot_now ? elixir 8->6 wall=12:53:41.155
[student] PLAY ice_wizard p=0.86 cell 332 board (0.47, 0.77) units 3 19 ms tap [rocket,?,x_bow,ice_wizard] hand [rocket,?,x_bow,ice_wizard] elixir 6 wall=12:53:41.238
[student] TAP slot 3 ice_wizard cell 332 wall=12:53:41.587
[student] TRAY first +0.31s tapped slot 3 meant ice_wizard before [rocket,?,x_bow,ice_wizard] now [rocket,tesla,ice_wizard,?] slot_now ? elixir 6->3 wall=12:53:41.892
[student] TRAY settled +0.91s tapped slot 3 meant ice_wizard before [rocket,?,x_bow,ice_wizard] now [rocket,tesla,ice_wizard,?] slot_now ? elixir 6->3 wall=12:53:42.494
[student] WAIT p=0.10 elixir 4 opp~? units 1 dets 1 (waits 2999/4222 badhand 1332/6223) tap [?,tesla,?,skeletons] wall=12:53:43.995
[student] PLAY skeletons p=0.35 cell 237 board (0.19, 0.55) units 2 18 ms tap [rocket,tesla,x_bow,skeletons] hand [rocket,tesla,x_bow,skeletons] elixir 6 wall=12:53:49.515
[student] TAP slot 3 skeletons cell 237 wall=12:53:49.855
[student] TRAY first +0.23s tapped slot 3 meant skeletons before [rocket,tesla,x_bow,skeletons] now [rocket,tesla,x_bow,?] slot_now ? elixir 6->5 wall=12:53:50.083
[student] TRAY settled +0.54s tapped slot 3 meant skeletons before [rocket,tesla,x_bow,skeletons] now [rocket,tesla,x_bow,?] slot_now ? elixir 6->5 wall=12:53:50.394
[student] WAIT p=0.11 elixir 5 opp~? units 2 dets 2 (waits 3009/4233 badhand 1334/6234) tap [?,tesla,?,?] wall=12:53:50.476
[student] PLAY tesla p=0.45 cell 243 board (0.5, 0.56) units 3 20 ms tap [?,tesla,?,?] hand [rocket,tesla,?,?] elixir 5 wall=12:53:51.322
[student] TAP slot 1 tesla cell 243 wall=12:53:51.661
[student] TRAY first +0.25s tapped slot 1 meant tesla before [rocket,tesla,?,?] now [rocket,?,tesla,the_log] slot_now ? elixir 5->4 wall=12:53:51.915
[student] TRAY settled +0.61s tapped slot 1 meant tesla before [rocket,tesla,?,?] now [rocket,?,tesla_evo,the_log] slot_now ? elixir 5->2 wall=12:53:52.272
[student] WAIT p=0.08 elixir 3 opp~? units 3 dets 3 (waits 3014/4239 badhand 1338/6245) tap [?,knight,?,the_log] wall=12:53:55.571
[student] PLAY the_log p=0.33 cell 238 board (0.25, 0.55) units 3 23 ms tap [?,knight,?,the_log] hand [rocket,knight,x_bow,the_log] elixir 4 wall=12:54:00.002
[student] TAP slot 3 the_log cell 238 wall=12:54:00.336
[student] TRAY first +0.22s tapped slot 3 meant the_log before [rocket,knight,x_bow,the_log] now [rocket,knight,ice_wizard,?] slot_now ? elixir 4->3 wall=12:54:00.553
[student] TRAY settled +1.33s tapped slot 3 meant the_log before [rocket,knight,x_bow,the_log] now [rocket,knight,ice_wizard,?] slot_now ? elixir 4->3 wall=12:54:01.662
[student] WAIT p=0.09 elixir 3 opp~? units 1 dets 2 (waits 3024/4250 badhand 1341/6256) tap [?,knight,?,tornado] wall=12:54:02.051
[student] WAIT p=0.18 elixir 5 opp~? units 4 dets 4 (waits 3034/4260 badhand 1341/6266) tap [?,knight,?,tornado] wall=12:54:08.513
[student] PLAY knight p=0.28 cell 238 board (0.25, 0.55) units 7 15 ms tap [rocket,knight,x_bow,tornado] hand [rocket,knight,x_bow,tornado] elixir 6 wall=12:54:11.399
[student] TAP slot 1 knight cell 238 wall=12:54:11.728
[student] TRAY first +0.27s tapped slot 1 meant knight before [rocket,knight,x_bow,tornado] now [rocket,?,ice_wizard,tornado] slot_now ? elixir 6->3 wall=12:54:11.996
[student] PLAY tornado p=0.31 cell 202 board (0.25, 0.48) units 8 24 ms tap [?,?,?,tornado] hand [rocket,?,ice_wizard,tornado] elixir 3 wall=12:54:12.079
[student] TAP slot 3 tornado cell 202 wall=12:54:12.418
[student] TRAY first +0.25s tapped slot 3 meant tornado before [rocket,?,ice_wizard,tornado] now [rocket,?,ice_wizard,?] slot_now ? elixir 3->3 wall=12:54:12.665
[student] TRAY settled +0.60s tapped slot 3 meant tornado before [rocket,?,ice_wizard,tornado] now [rocket,?,ice_wizard,?] slot_now ? elixir 3->1 wall=12:54:13.017
[student] WAIT p=0.06 elixir 2 opp~? units 1 dets 1 (waits 3043/4271 badhand 1343/6278) tap [?,?,?,skeletons] wall=12:54:16.394
[student] PLAY skeletons p=0.32 cell 235 board (0.08, 0.55) units 3 9 ms tap [?,?,?,skeletons] hand [rocket,ice_wizard,ice_wizard,skeletons] elixir 3 wall=12:54:18.025
[student] TAP slot 3 skeletons cell 235 wall=12:54:18.352
[student] TRAY first +0.24s tapped slot 3 meant skeletons before [rocket,ice_wizard,ice_wizard,skeletons] now [rocket,ice_wizard,the_log,?] slot_now ? elixir 3->2 wall=12:54:18.593
[student] TRAY settled +0.59s tapped slot 3 meant skeletons before [rocket,ice_wizard,ice_wizard,skeletons] now [rocket,ice_wizard,the_log,?] slot_now ? elixir 3->2 wall=12:54:18.946
[student] WAIT p=0.17 elixir 4 opp~? units 2 dets 2 (waits 3047/4276 badhand 1346/6289) tap [?,?,?,tesla] wall=12:54:23.130
[student] PLAY tesla p=0.85 cell 279 board (0.5, 0.66) units 1 20 ms tap [?,?,?,tesla] hand [rocket,ice_wizard,ice_wizard,tesla] elixir 4 wall=12:54:23.459
[student] TAP slot 3 tesla cell 279 wall=12:54:23.785
[student] TRAY first +0.22s tapped slot 3 meant tesla before [rocket,ice_wizard,ice_wizard,tesla] now [rocket,tornado,x_bow,?] slot_now ? elixir 4->4 wall=12:54:24.003
[student] TRAY settled +0.75s tapped slot 3 meant tesla before [rocket,ice_wizard,ice_wizard,tesla] now [rocket,ice_wizard,?,?] slot_now ? elixir 4->0 wall=12:54:24.535
[student] PLAY the_log p=0.68 cell 237 board (0.19, 0.55) units 2 26 ms tap [?,?,?,the_log] hand [rocket,ice_wizard,tesla,the_log] elixir 2 wall=12:54:28.730
[student] TAP slot 3 the_log cell 291 wall=12:54:29.061
[student] TRAY first +0.24s tapped slot 3 meant the_log before [rocket,ice_wizard,tesla,the_log] now [rocket,tornado,?,?] slot_now ? elixir 2->2 wall=12:54:29.304
[student] TRAY settled +0.55s tapped slot 3 meant the_log before [rocket,ice_wizard,tesla,the_log] now [rocket,tornado,?,?] slot_now ? elixir 2->0 wall=12:54:29.609
[student] WAIT | exact=0 opp=? next=0 t=81s hand=[4, 2, 3, 149] tw=1.01.01.01.01.01.0 sp=0 unk=0 p=0.03 elixir 4 opp~? units 1 dets 1 (waits 3054/4285 badhand 1347/6301) tap [?,ice_wizard,?,knight_evo] wall=12:54:42.263
[student] WAIT p=0.19 elixir 7 opp~? units 2 dets 2 (waits 3064/4295 badhand 1347/6311) tap [rocket,ice_wizard,x_bow,knight_evo] wall=12:54:48.944
[student] PLAY ice_wizard p=0.58 cell 423 board (0.53, 0.98) units 2 16 ms tap [rocket,ice_wizard,x_bow,knight_evo] hand [rocket,ice_wizard,x_bow,knight_evo] elixir 8 wall=12:54:51.259
[student] TAP slot 1 ice_wizard cell 423 wall=12:54:51.596
[student] TRAY first +0.22s tapped slot 1 meant ice_wizard before [rocket,ice_wizard,x_bow,knight_evo] now [rocket,?,x_bow,knight_evo] slot_now ? elixir 8->5 wall=12:54:51.821
[student] TRAY settled +0.53s tapped slot 1 meant ice_wizard before [rocket,ice_wizard,x_bow,knight_evo] now [rocket,?,x_bow,knight_evo] slot_now ? elixir 8->5 wall=12:54:52.126
[student] WAIT p=0.10 elixir 6 opp~? units 2 dets 2 (waits 3074/4306 badhand 1351/6322) tap [rocket,tornado,x_bow,knight_evo] wall=12:54:55.289
[student] PLAY knight_evo p=0.43 cell 329 board (0.31, 0.77) units 3 8 ms tap [rocket,tornado,x_bow,knight_evo] hand [rocket,tornado,x_bow,knight_evo] elixir 6 wall=12:54:55.590
[student] TAP slot 3 knight_evo cell 329 wall=12:54:55.922
[student] TRAY first +0.23s tapped slot 3 meant knight_evo before [rocket,tornado,x_bow,knight_evo] now [rocket,tornado,ice_wizard,?] slot_now ? elixir 6->3 wall=12:54:56.152
[student] PLAY tornado p=0.78 cell 165 board (0.19, 0.39) units 3 20 ms tap [?,tornado,?,?] hand [rocket,tornado,ice_wizard,?] elixir 3 wall=12:54:56.225
[student] TAP slot 1 tornado cell 165 wall=12:54:56.558
[student] TRAY first +0.24s tapped slot 1 meant tornado before [rocket,tornado,ice_wizard,?] now [rocket,?,ice_wizard,?] slot_now ? elixir 3->3 wall=12:54:56.797
[student] TRAY settled +0.58s tapped slot 1 meant tornado before [rocket,tornado,ice_wizard,?] now [rocket,?,ice_wizard,?] slot_now ? elixir 3->1 wall=12:54:57.135
[student] PLAY skeletons p=0.31 cell 237 board (0.19, 0.55) units 4 23 ms tap [?,?,?,skeletons] hand [rocket,tesla,the_log,skeletons] elixir 2 wall=12:55:00.584
[student] TAP slot 3 skeletons cell 237 wall=12:55:00.927
[student] TRAY first +0.27s tapped slot 3 meant skeletons before [rocket,tesla,the_log,skeletons] now [rocket,?,tesla,?] slot_now ? elixir 2->1 wall=12:55:01.199
[student] TRAY settled +1.44s tapped slot 3 meant skeletons before [rocket,tesla,the_log,skeletons] now [rocket,?,tesla,?] slot_now ? elixir 2->1 wall=12:55:02.366
[student] PLAY the_log p=0.42 cell 237 board (0.19, 0.55) units 4 16 ms tap [?,?,?,the_log] hand [rocket,tesla,ice_wizard,the_log] elixir 2 wall=12:55:05.618
[student] TAP slot 3 the_log cell 255 wall=12:55:05.952
[student] TRAY first +0.89s tapped slot 3 meant the_log before [rocket,tesla,ice_wizard,the_log] now [rocket,tesla,ice_wizard,?] slot_now ? elixir 2->2 wall=12:55:06.842
[student] WAIT NO-TRAY-MATCH p=0.12 elixir 3 opp~? units 2 dets 2 (waits 3079/4315 badhand 1358/6336) tap [?,?,?,?] wall=12:55:12.237
[clock] icon reads x3 but the clock reads x1 -> using the clock (x1)
[student] PLAY ice_wizard p=0.76 cell 374 board (0.81, 0.86) units 4 14 ms tap [rocket,?,x_bow,ice_wizard] hand [rocket,?,x_bow,ice_wizard] elixir 7 wall=12:55:20.284
[student] TAP slot 3 ice_wizard cell 374 wall=12:55:20.621
[student] TRAY first +0.56s tapped slot 3 meant ice_wizard before [rocket,?,x_bow,ice_wizard] now [rocket,?,x_bow,?] slot_now ? elixir 7->4 wall=12:55:21.186
[clock] icon reads x3 but the clock reads x2 -> using the clock (x2)
12:55:22 [play] elixir x2
[student] PLAY knight p=0.39 cell 320 board (0.81, 0.73) units 6 27 ms tap [?,?,?,knight] hand [rocket,?,x_bow,knight] elixir 5 wall=12:55:22.680
[student] TAP slot 3 knight cell 266 wall=12:55:23.028
[student] TRAY first +0.59s tapped slot 3 meant knight before [rocket,?,x_bow,knight] now [rocket,?,ice_wizard,?] slot_now ? elixir 5->6 wall=12:55:23.618
[student] WAIT NO-TRAY-MATCH p=0.37 elixir 4 opp~? units 4 dets 4 (waits 3085/4323 badhand 1360/6348) tap [?,?,?,?] wall=12:55:24.290
[student] PLAY tornado p=0.32 cell 237 board (0.19, 0.55) units 3 13 ms tap [?,?,?,tornado] hand [rocket,?,x_bow,tornado] elixir 4 wall=12:55:25.020
[student] TAP slot 3 tornado cell 237 wall=12:55:25.364
[student] TRAY first +0.69s tapped slot 3 meant tornado before [rocket,?,x_bow,tornado] now [rocket,tesla,the_log,?] slot_now ? elixir 4->3 wall=12:55:26.052
[student] PLAY skeletons p=0.38 cell 242 board (0.47, 0.55) units 5 30 ms tap [?,?,?,skeletons] hand [rocket,?,ice_wizard,skeletons] elixir 3 wall=12:55:27.600
[student] TAP slot 3 skeletons cell 242 wall=12:55:27.944
[student] TRAY first +0.69s tapped slot 3 meant skeletons before [rocket,?,ice_wizard,skeletons] now [rocket,tesla,ice_wizard,?] slot_now ? elixir 3->3 wall=12:55:28.637
[student] PLAY the_log p=0.53 cell 248 board (0.81, 0.55) units 7 22 ms tap [?,?,?,the_log] hand [rocket,?,x_bow,the_log] elixir 4 wall=12:55:30.886
[student] TAP slot 3 the_log cell 248 wall=12:55:31.221
[student] TRAY first +0.56s tapped slot 3 meant the_log before [rocket,?,x_bow,the_log] now [rocket,?,ice_wizard,?] slot_now ? elixir 4->2 wall=12:55:31.781
[student] PLAY ice_wizard p=0.74 cell 329 board (0.31, 0.77) units 5 21 ms tap [?,?,?,ice_wizard] hand [rocket,?,x_bow,ice_wizard] elixir 4 wall=12:55:33.456
[student] TAP slot 3 ice_wizard cell 329 wall=12:55:33.797
[student] TRAY first +0.67s tapped slot 3 meant ice_wizard before [rocket,?,x_bow,ice_wizard] now [rocket,tesla,the_log,?] slot_now ? elixir 4->3 wall=12:55:34.469
[student] PLAY knight p=0.93 cell 329 board (0.31, 0.77) units 6 22 ms tap [?,?,?,knight] hand [rocket,?,ice_wizard,knight] elixir 3 wall=12:55:36.203
[student] TAP slot 3 knight cell 329 wall=12:55:36.546
[student] TRAY first +0.67s tapped slot 3 meant knight before [rocket,?,ice_wizard,knight] now [rocket,tesla,ice_wizard,?] slot_now ? elixir 3->3 wall=12:55:37.218
[student] WAIT p=0.23 elixir 3 opp~? units 3 dets 3 (waits 3088/4331 badhand 1366/6363) tap [?,?,?,tornado] wall=12:55:41.118
[student] PLAY tornado p=0.33 cell 279 board (0.53, 0.64) units 4 14 ms tap [?,?,?,tornado] hand [rocket,?,x_bow,tornado] elixir 4 wall=12:55:41.794
[assist] TORNADO king-spot cell 279->332 trigger goblinstein at (0.34,0.60) enemy tracks 8 wall=12:55:41.794
[student] TAP slot 3 tornado cell 332 wall=12:55:42.130
[student] TRAY first +0.27s tapped slot 3 meant tornado before [rocket,?,x_bow,tornado] now [rocket,tesla,the_log,?] slot_now ? elixir 4->3 wall=12:55:42.403
[student] TRAY settled +0.66s tapped slot 3 meant tornado before [rocket,?,x_bow,tornado] now [rocket,tesla,the_log,?] slot_now ? elixir 4->2 wall=12:55:42.787
[student] PLAY skeletons p=0.57 cell 336 board (0.69, 0.77) units 8 15 ms tap [?,?,?,skeletons] hand [rocket,?,ice_wizard,skeletons] elixir 3 wall=12:55:44.010
[student] TAP slot 3 skeletons cell 336 wall=12:55:44.345
[student] TRAY first +0.28s tapped slot 3 meant skeletons before [rocket,?,ice_wizard,skeletons] now [rocket,tesla,ice_wizard,?] slot_now ? elixir 3->2 wall=12:55:44.622
[student] TRAY settled +0.62s tapped slot 3 meant skeletons before [rocket,?,ice_wizard,skeletons] now [rocket,tesla,ice_wizard,?] slot_now ? elixir 3->3 wall=12:55:44.969
[student] PLAY the_log p=0.45 cell 248 board (0.81, 0.55) units 5 28 ms tap [?,?,?,the_log] hand [rocket,?,ice_wizard,the_log] elixir 3 wall=12:55:46.354
[student] TAP slot 3 the_log cell 356 wall=12:55:46.685
[student] TRAY first +0.26s tapped slot 3 meant the_log before [rocket,?,ice_wizard,the_log] now [rocket,tesla,the_log,?] slot_now ? elixir 3->2 wall=12:55:46.949
[student] TRAY settled +1.08s tapped slot 3 meant the_log before [rocket,?,ice_wizard,the_log] now [rocket,tesla,ice_wizard,?] slot_now ? elixir 3->3 wall=12:55:47.768
[student] WAIT p=0.21 elixir 4 opp~? units 5 dets 6 (waits 3089/4335 badhand 1372/6376) tap [?,?,?,ice_wizard] wall=12:55:49.868
[student] PLAY ice_wizard p=0.63 cell 297 board (0.53, 0.67) units 5 26 ms tap [?,?,?,ice_wizard] hand [rocket,?,x_bow,ice_wizard] elixir 5 wall=12:55:51.010
[student] TAP slot 3 ice_wizard cell 297 wall=12:55:51.354
[student] TRAY first +0.30s tapped slot 3 meant ice_wizard before [rocket,?,x_bow,ice_wizard] now [rocket,tesla,ice_wizard,?] slot_now ? elixir 5->3 wall=12:55:51.650
[student] TRAY settled +0.67s tapped slot 3 meant ice_wizard before [rocket,?,x_bow,ice_wizard] now [rocket,tesla,ice_wizard,?] slot_now ? elixir 5->3 wall=12:55:52.024
[student] PLAY knight_evo p=0.59 cell 248 board (0.81, 0.55) units 6 23 ms tap [?,?,?,knight_evo] hand [rocket,tesla_evo,ice_wizard,knight_evo] elixir 3 wall=12:55:53.163
[student] TAP slot 3 knight_evo cell 248 wall=12:55:53.499
[student] TRAY first +0.29s tapped slot 3 meant knight_evo before [rocket,tesla_evo,ice_wizard,knight_evo] now [rocket,tesla,ice_wizard,?] slot_now ? elixir 3->3 wall=12:55:53.787
[student] TRAY settled +0.70s tapped slot 3 meant knight_evo before [rocket,tesla_evo,ice_wizard,knight_evo] now [rocket,?,tesla,?] slot_now ? elixir 3->1 wall=12:55:54.203
[student] PLAY tornado p=0.36 cell 157 board (0.75, 0.36) units 3 6 ms tap [?,?,?,tornado] hand [rocket,tesla,ice_wizard,tornado] elixir 3 wall=12:55:56.185
[student] TAP slot 3 tornado cell 157 wall=12:55:56.519
[student] TRAY first +0.27s tapped slot 3 meant tornado before [rocket,tesla,ice_wizard,tornado] now [rocket,?,?,?] slot_now ? elixir 3->3 wall=12:55:56.784
[student] TRAY settled +0.58s tapped slot 3 meant tornado before [rocket,tesla,ice_wizard,tornado] now [rocket,?,?,?] slot_now ? elixir 3->0 wall=12:55:57.096
[student] PLAY skeletons p=0.30 cell 242 board (0.47, 0.55) units 4 15 ms tap [?,?,?,skeletons] hand [rocket,?,tesla,skeletons] elixir 1 wall=12:55:58.711
[student] TAP slot 3 skeletons cell 242 wall=12:55:59.043
[student] TRAY first +0.27s tapped slot 3 meant skeletons before [rocket,?,tesla,skeletons] now [rocket,tesla,ice_wizard,?] slot_now ? elixir 1->1 wall=12:55:59.311
[student] TRAY settled +0.58s tapped slot 3 meant skeletons before [rocket,?,tesla,skeletons] now [rocket,?,tesla,?] slot_now ? elixir 1->1 wall=12:55:59.620
[student] WAIT NO-TRAY-MATCH p=0.64 elixir 2 opp~? units 9 dets 9 (waits 3091/4341 badhand 1377/6390) tap [?,?,?,?] wall=12:56:01.149
[student] PLAY the_log p=0.66 cell 238 board (0.25, 0.55) units 6 16 ms tap [?,?,?,the_log] hand [rocket,tesla,ice_wizard,the_log] elixir 2 wall=12:56:01.515
[student] TAP slot 3 the_log cell 311 wall=12:56:01.846
[student] TRAY first +0.25s tapped slot 3 meant the_log before [rocket,tesla,ice_wizard,the_log] now [rocket,tesla,ice_wizard,?] slot_now ? elixir 2->2 wall=12:56:02.098
[student] TRAY settled +0.61s tapped slot 3 meant the_log before [rocket,tesla,ice_wizard,the_log] now [rocket,?,tesla,?] slot_now ? elixir 2->1 wall=12:56:02.454
[student] PLAY ice_wizard p=0.86 cell 236 board (0.14, 0.55) units 5 20 ms tap [?,?,?,ice_wizard] hand [rocket,?,x_bow,ice_wizard] elixir 4 wall=12:56:06.435
[student] TAP slot 3 ice_wizard cell 236 wall=12:56:06.790
[student] TRAY first +0.29s tapped slot 3 meant ice_wizard before [rocket,?,x_bow,ice_wizard] now [rocket,?,tesla,?] slot_now ? elixir 4->3 wall=12:56:07.076
[student] TRAY settled +0.61s tapped slot 3 meant ice_wizard before [rocket,?,x_bow,ice_wizard] now [rocket,?,the_log,?] slot_now ? elixir 4->2 wall=12:56:07.399
[student] PLAY knight p=0.91 cell 329 board (0.31, 0.77) units 5 21 ms tap [?,?,?,knight] hand [rocket,?,ice_wizard,knight] elixir 3 wall=12:56:09.510
[student] TAP slot 3 knight cell 329 wall=12:56:09.843
[student] TRAY first +0.24s tapped slot 3 meant knight before [rocket,?,ice_wizard,knight] now [rocket,tesla,ice_wizard,?] slot_now ? elixir 3->3 wall=12:56:10.079
[student] TRAY settled +1.05s tapped slot 3 meant knight before [rocket,?,ice_wizard,knight] now [rocket,?,tesla,?] slot_now ? elixir 3->1 wall=12:56:10.888
[student] PLAY tornado p=0.32 cell 220 board (0.25, 0.52) units 5 27 ms tap [?,?,?,tornado] hand [rocket,tesla,ice_wizard,tornado] elixir 3 wall=12:56:13.127
[assist] TORNADO king-spot cell 220->332 trigger skeletons at (0.41,0.72) enemy tracks 9 wall=12:56:13.127
[student] TAP slot 3 tornado cell 332 wall=12:56:13.463
[student] TRAY first +0.29s tapped slot 3 meant tornado before [rocket,tesla,ice_wizard,tornado] now [rocket,?,?,?] slot_now ? elixir 3->3 wall=12:56:13.757
[student] TRAY settled +1.08s tapped slot 3 meant tornado before [rocket,tesla,ice_wizard,tornado] now [rocket,tesla,ice_wizard,?] slot_now ? elixir 3->1 wall=12:56:14.544
[student] PLAY skeletons p=0.41 cell 243 board (0.53, 0.55) units 3 24 ms tap [?,?,?,skeletons] hand [rocket,?,tesla,skeletons] elixir 1 wall=12:56:15.439
[student] TAP slot 3 skeletons cell 243 wall=12:56:15.769
[student] TRAY first +0.28s tapped slot 3 meant skeletons before [rocket,?,tesla,skeletons] now [rocket,tesla,ice_wizard,?] slot_now ? elixir 1->1 wall=12:56:16.052
[student] TRAY settled +0.63s tapped slot 3 meant skeletons before [rocket,?,tesla,skeletons] now [rocket,?,ice_wizard,?] slot_now ? elixir 1->1 wall=12:56:16.404
12:56:17 [play] UNKNOWN 0.5s after in-match -> grace hold (label lost: overtime / end animation / dropout; up to 150s)
12:56:24 [play] state: MATCH_END
12:56:24 [nav] MATCH_END -> Play Again (fixed) (0.335,0.905)
12:56:24 [nav] MATCH_END -> Play Again (fixed) (0.335,0.905)
12:56:25 [nav] MATCH_END -> Play Again (fixed) (0.335,0.905)
12:56:26 [nav] MATCH_END -> Play Again (fixed) (0.335,0.905)
12:56:27 [nav] MATCH_END -> Play Again (fixed) (0.335,0.905)
12:56:27 [nav] MATCH_END -> Play Again (fixed) (0.335,0.905)
12:56:28 [nav] MATCH_END -> Play Again (fixed) (0.335,0.905)
12:56:29 [nav] MATCH_END -> Play Again (fixed) (0.335,0.905)
12:56:30 [nav] MATCH_END stuck ~6s -> escalate: tap OK (0.500,0.905)
12:56:30 [play] state: UNKNOWN
12:56:32 [play] state: HOME
12:56:32 [nav] HOME -> Battle (located) (0.509,0.789)
12:56:33 [play] state: UNKNOWN
12:56:38 [play] state: IN_MATCH
[student] WAIT | exact=0 opp=? next=7 t=1s hand=[164, 6, -1, -1] tw=1.01.01.01.01.01.0 sp=0 unk=0 p=0.02 elixir 7 opp~? units 0 dets 0 (waits 3092/4347 badhand 1381/6405) tap [tesla,the_log,?,?] wall=12:56:39.571
[student] PLAY the_log p=0.55 cell 237 board (0.19, 0.55) units 1 35 ms tap [tesla,the_log,knight,x_bow] hand [tesla,the_log,knight,x_bow] elixir 10 wall=12:56:45.565
[student] TAP slot 1 the_log cell 237 wall=12:56:45.913
[student] TRAY first +0.26s tapped slot 1 meant the_log before [tesla,the_log,knight,x_bow] now [tesla,?,knight,x_bow] slot_now ? elixir 10->8 wall=12:56:46.174
[student] TRAY settled +1.08s tapped slot 1 meant the_log before [tesla,the_log,knight,x_bow] now [tesla,?,knight,x_bow] slot_now ? elixir 10->8 wall=12:56:46.996
[student] WAIT p=0.14 elixir 8 opp~? units 1 dets 2 (waits 3102/4358 badhand 1383/6416) tap [tesla,skeletons,knight,x_bow] wall=12:56:47.396
[student] PLAY skeletons p=0.28 cell 237 board (0.19, 0.58) units 1 20 ms tap [tesla,skeletons,knight,x_bow] hand [tesla,skeletons,knight,x_bow] elixir 8 wall=12:56:49.293
[student] TAP slot 1 skeletons cell 237 wall=12:56:49.631
[student] TRAY first +0.27s tapped slot 1 meant skeletons before [tesla,skeletons,knight,x_bow] now [tesla,?,knight,x_bow] slot_now ? elixir 8->6 wall=12:56:49.897
[student] TRAY settled +0.61s tapped slot 1 meant skeletons before [tesla,skeletons,knight,x_bow] now [tesla,?,knight,x_bow] slot_now ? elixir 8->8 wall=12:56:50.243
[student] PLAY x_bow p=0.86 cell 267 board (0.86, 0.61) units 3 25 ms tap [tesla,?,knight,x_bow] hand [tesla,?,knight,x_bow] elixir 8 wall=12:56:51.083
[student] TAP slot 3 x_bow cell 267 wall=12:56:51.429
[student] TRAY first +0.22s tapped slot 3 meant x_bow before [tesla,?,knight,x_bow] now [tesla,rocket,knight,?] slot_now ? elixir 8->6 wall=12:56:51.648
[student] TRAY settled +1.01s tapped slot 3 meant x_bow before [tesla,?,knight,x_bow] now [tesla,rocket,knight,?] slot_now ? elixir 8->2 wall=12:56:52.436
[student] PLAY knight p=0.75 cell 255 board (0.19, 0.61) units 2 25 ms tap [?,?,knight,ice_wizard] hand [tesla,rocket,knight,ice_wizard] elixir 3 wall=12:56:53.366
[student] TAP slot 2 knight cell 255 wall=12:56:53.696
[student] TRAY first +0.25s tapped slot 2 meant knight before [tesla,rocket,knight,ice_wizard] now [tesla,rocket,?,tornado] slot_now ? elixir 3->3 wall=12:56:53.947
[student] TRAY settled +0.61s tapped slot 2 meant knight before [tesla,rocket,knight,ice_wizard] now [tesla,rocket,?,ice_wizard] slot_now ? elixir 3->0 wall=12:56:54.308
[student] PLAY ice_wizard p=0.33 cell 250 board (0.92, 0.55) units 4 17 ms tap [?,?,tornado,ice_wizard] hand [tesla,rocket,tornado,ice_wizard] elixir 3 wall=12:57:01.651
[student] TAP slot 3 ice_wizard cell 250 wall=12:57:01.984
[student] TRAY first +0.24s tapped slot 3 meant ice_wizard before [tesla,rocket,tornado,ice_wizard] now [tesla,rocket,tornado,?] slot_now ? elixir 3->3 wall=12:57:02.223
[student] TRAY settled +0.58s tapped slot 3 meant ice_wizard before [tesla,rocket,tornado,ice_wizard] now [tesla,rocket,tornado,?] slot_now ? elixir 3->0 wall=12:57:02.564
[student] WAIT p=0.09 elixir 2 opp~? units 3 dets 3 (waits 3109/4369 badhand 1389/6430) tap [?,?,?,the_log] wall=12:57:07.994
[student] PLAY the_log p=0.32 cell 320 board (0.81, 0.73) units 3 9 ms tap [?,?,tornado,the_log] hand [tesla,rocket,tornado,the_log] elixir 3 wall=12:57:10.611
[student] TAP slot 3 the_log cell 266 wall=12:57:10.950
[student] TRAY first +0.26s tapped slot 3 meant the_log before [tesla,rocket,tornado,the_log] now [tesla,rocket,ice_wizard,?] slot_now ? elixir 3->2 wall=12:57:11.213
[student] TRAY settled +0.60s tapped slot 3 meant the_log before [tesla,rocket,tornado,the_log] now [tesla,rocket,tornado,?] slot_now ? elixir 3->1 wall=12:57:11.554
[student] WAIT p=0.06 elixir 2 opp~? units 2 dets 3 (waits 3119/4380 badhand 1389/6441) tap [?,?,?,skeletons] wall=12:57:14.752
[student] PLAY skeletons p=0.29 cell 237 board (0.19, 0.55) units 1 16 ms tap [?,?,tornado,skeletons] hand [tesla,rocket,tornado,skeletons] elixir 3 wall=12:57:17.361
[student] TAP slot 3 skeletons cell 237 wall=12:57:17.692
[student] TRAY first +0.27s tapped slot 3 meant skeletons before [tesla,rocket,tornado,skeletons] now [tesla,rocket,tornado,?] slot_now ? elixir 3->1 wall=12:57:17.966
[student] TRAY settled +0.60s tapped slot 3 meant skeletons before [tesla,rocket,tornado,skeletons] now [tesla,rocket,tornado,?] slot_now ? elixir 3->3 wall=12:57:18.296
[student] PLAY tornado p=0.50 cell 219 board (0.19, 0.52) units 3 14 ms tap [?,?,tornado,?] hand [tesla,rocket,tornado,ice_wizard] elixir 3 wall=12:57:20.255
[student] TAP slot 2 tornado cell 219 wall=12:57:20.595
[student] TRAY first +0.25s tapped slot 2 meant tornado before [tesla,rocket,tornado,ice_wizard] now [tesla,rocket,?,?] slot_now ? elixir 3->3 wall=12:57:20.843
[student] TRAY settled +0.96s tapped slot 2 meant tornado before [tesla,rocket,tornado,ice_wizard] now [tesla,rocket,?,?] slot_now ? elixir 3->1 wall=12:57:21.558
[student] WAIT | exact=0 opp=? next=2 t=48s hand=[164, 4, 149, 2] tw=1.00.61.01.01.01.0 sp=0 unk=0 p=0.05 elixir 3 opp~? units 0 dets 0 (waits 3126/4389 badhand 1390/6453) tap [?,?,knight,?] wall=12:57:27.032
[student] PLAY knight p=0.36 cell 237 board (0.19, 0.55) units 1 28 ms tap [?,?,knight,?] hand [tesla,rocket,knight,ice_wizard] elixir 3 wall=12:57:29.367
[student] TAP slot 2 knight cell 237 wall=12:57:29.701
[student] TRAY first +0.23s tapped slot 2 meant knight before [tesla,rocket,knight,ice_wizard] now [tesla,rocket,?,x_bow] slot_now ? elixir 3->4 wall=12:57:29.935
[student] TRAY settled +0.58s tapped slot 2 meant knight before [tesla,rocket,knight,ice_wizard] now [tesla,rocket,?,tesla] slot_now ? elixir 3->1 wall=12:57:30.285
[student] WAIT NO-TRAY-MATCH p=0.09 elixir 3 opp~? units 1 dets 1 (waits 3129/4393 badhand 1391/6464) tap [?,?,?,?] wall=12:57:36.031
[student] PLAY tesla p=0.93 cell 241 board (0.39, 0.56) units 6 29 ms tap [tesla,?,ice_wizard,?] hand [tesla,rocket,ice_wizard,x_bow] elixir 4 wall=12:57:40.011
[student] TAP slot 0 tesla cell 241 wall=12:57:40.345
[student] TRAY first +0.25s tapped slot 0 meant tesla before [tesla,rocket,ice_wizard,x_bow] now [?,rocket,tornado,?] slot_now ? elixir 4->4 wall=12:57:40.597
[student] TRAY settled +0.61s tapped slot 0 meant tesla before [tesla,rocket,ice_wizard,x_bow] now [?,rocket,ice_wizard,?] slot_now ? elixir 4->1 wall=12:57:40.957
[student] WAIT NO-TRAY-MATCH p=0.09 elixir 2 opp~? units 2 dets 2 (waits 3132/4397 badhand 1392/6475) tap [?,?,?,?] wall=12:57:45.459
[student] PLAY ice_wizard p=0.29 cell 235 board (0.08, 0.55) units 1 24 ms tap [the_log,?,ice_wizard,?] hand [the_log,rocket,ice_wizard,x_bow] elixir 5 wall=12:57:52.752
[student] TAP slot 2 ice_wizard cell 235 wall=12:57:53.083
[student] TRAY first +0.27s tapped slot 2 meant ice_wizard before [the_log,rocket,ice_wizard,x_bow] now [the_log,rocket,?,the_log] slot_now ? elixir 5->3 wall=12:57:53.349
[student] WAIT NO-TRAY-MATCH p=0.16 elixir 3 opp~? units 2 dets 2 (waits 3141/4407 badhand 1393/6486) tap [?,?,?,?] wall=12:57:53.414
[student] TRAY settled +0.61s tapped slot 2 meant ice_wizard before [the_log,rocket,ice_wizard,x_bow] now [the_log,rocket,?,the_log] slot_now ? elixir 5->2 wall=12:57:53.694
[student] WAIT | exact=0 opp=? next=0 t=81s hand=[6, 4, 7, 3] tw=1.00.11.01.01.01.0 sp=0 unk=0 p=0.03 elixir 4 opp~? units 0 dets 0 (waits 3150/4416 badhand 1395/6496) tap [the_log,?,skeletons,?] wall=12:58:00.100
[student] PLAY x_bow p=0.41 cell 267 board (0.86, 0.61) units 1 18 ms tap [the_log,rocket,skeletons,x_bow] hand [the_log,rocket,skeletons,x_bow] elixir 6 wall=12:58:03.560
[student] TAP slot 3 x_bow cell 267 wall=12:58:03.894
[student] TRAY first +0.27s tapped slot 3 meant x_bow before [the_log,rocket,skeletons,x_bow] now [the_log,rocket,skeletons,?] slot_now ? elixir 6->6 wall=12:58:04.164
[student] TRAY settled +0.56s tapped slot 3 meant x_bow before [the_log,rocket,skeletons,x_bow] now [the_log,rocket,skeletons,?] slot_now ? elixir 6->0 wall=12:58:04.458
[student] WAIT p=0.16 elixir 1 opp~? units 1 dets 1 (waits 3159/4426 badhand 1396/6507) tap [the_log,?,skeletons,?] wall=12:58:08.745
[student] PLAY skeletons p=0.28 cell 248 board (0.81, 0.55) units 2 24 ms tap [the_log,?,skeletons,?] hand [the_log,rocket,skeletons,tornado] elixir 2 wall=12:58:09.912
[student] TAP slot 2 skeletons cell 248 wall=12:58:10.246
[student] TRAY first +0.27s tapped slot 2 meant skeletons before [the_log,rocket,skeletons,tornado] now [the_log,rocket,?,tornado] slot_now ? elixir 2->1 wall=12:58:10.520
[student] TRAY settled +1.03s tapped slot 2 meant skeletons before [the_log,rocket,skeletons,tornado] now [the_log,rocket,?,tornado] slot_now ? elixir 2->1 wall=12:58:11.278
[student] PLAY knight_evo p=0.44 cell 249 board (0.86, 0.55) units 5 22 ms tap [the_log,?,knight_evo,tornado] hand [the_log,rocket,knight_evo,tornado] elixir 3 wall=12:58:14.623
[student] TAP slot 2 knight_evo cell 249 wall=12:58:14.962
[student] TRAY first +0.30s tapped slot 2 meant knight_evo before [the_log,rocket,knight_evo,tornado] now [the_log,rocket,?,tornado] slot_now ? elixir 3->3 wall=12:58:15.257
[student] TRAY settled +0.65s tapped slot 2 meant knight_evo before [the_log,rocket,knight_evo,tornado] now [the_log,rocket,?,tornado] slot_now ? elixir 3->0 wall=12:58:15.617
[student] PLAY the_log p=0.35 cell 284 board (0.81, 0.64) units 1 18 ms tap [the_log,?,?,?] hand [the_log,rocket,tesla,tornado] elixir 2 wall=12:58:21.949
[student] TAP slot 0 the_log cell 285 wall=12:58:22.295
[student] TRAY first +0.97s tapped slot 0 meant the_log before [the_log,rocket,tesla,tornado] now [?,rocket,tesla,tornado] slot_now ? elixir 2->2 wall=12:58:23.262
[student] WAIT p=0.16 elixir 3 opp~? units 3 dets 3 (waits 3168/4438 badhand 1398/6520) tap [ice_wizard,?,?,tornado] wall=12:58:30.739
[clock] icon reads x3 but the clock reads x1 -> using the clock (x1)
[student] PLAY ice_wizard p=0.80 cell 422 board (0.47, 0.98) units 0 18 ms tap [ice_wizard,rocket,tesla,tornado] hand [ice_wizard,rocket,tesla,tornado] elixir 8 wall=12:58:39.135
[student] TAP slot 0 ice_wizard cell 422 wall=12:58:39.467
[clock] icon reads x3 but the clock reads x2 -> using the clock (x2)
12:58:40 [play] elixir x2
[student] TRAY first +0.66s tapped slot 0 meant ice_wizard before [ice_wizard,rocket,tesla,tornado] now [?,rocket,tesla,tornado] slot_now ? elixir 8->6 wall=12:58:40.132
[student] WAIT | exact=0 opp=? next=3 t=121s hand=[-1, 4, 164, 0] tw=1.00.01.01.01.01.0 sp=0 unk=0 p=0.05 elixir 6 opp~? units 1 dets 1 (waits 3178/4449 badhand 1399/6531) tap [?,rocket,tesla,tornado] wall=12:58:40.219
[student] PLAY tesla p=0.58 cell 279 board (0.5, 0.66) units 2 6 ms tap [x_bow,rocket,tesla,tornado] hand [x_bow,rocket,tesla,tornado] elixir 8 wall=12:58:43.074
[student] TAP slot 2 tesla cell 279 wall=12:58:43.411
[student] TRAY first +0.66s tapped slot 2 meant tesla before [x_bow,rocket,tesla,tornado] now [x_bow,rocket,?,tornado] slot_now ? elixir 8->4 wall=12:58:44.066
[student] PLAY tornado p=0.37 cell 166 board (0.25, 0.39) units 3 6 ms tap [?,?,?,tornado] hand [x_bow,rocket,?,tornado] elixir 5 wall=12:58:44.872
[student] TAP slot 3 tornado cell 166 wall=12:58:45.199
[student] TRAY first +0.60s tapped slot 3 meant tornado before [x_bow,rocket,?,tornado] now [ice_wizard,rocket,skeletons,?] slot_now ? elixir 5->3 wall=12:58:45.804
[student] PLAY skeletons p=0.84 cell 237 board (0.19, 0.55) units 4 20 ms tap [?,?,skeletons,?] hand [ice_wizard,rocket,skeletons,?] elixir 3 wall=12:58:45.882
[student] TAP slot 2 skeletons cell 237 wall=12:58:46.216
[student] TRAY first +0.70s tapped slot 2 meant skeletons before [ice_wizard,rocket,skeletons,?] now [ice_wizard,rocket,?,?] slot_now ? elixir 3->2 wall=12:58:46.917
[student] PLAY knight p=0.30 cell 237 board (0.19, 0.55) units 5 26 ms tap [?,?,the_log,knight] hand [x_bow,rocket,the_log,knight] elixir 5 wall=12:58:50.989
[student] TAP slot 3 knight cell 237 wall=12:58:51.325
[student] TRAY first +0.70s tapped slot 3 meant knight before [x_bow,rocket,the_log,knight] now [ice_wizard,rocket,the_log,?] slot_now ? elixir 5->3 wall=12:58:52.022
[student] PLAY the_log p=0.55 cell 238 board (0.25, 0.55) units 4 16 ms tap [?,?,the_log,?] hand [ice_wizard,rocket,the_log,?] elixir 3 wall=12:58:52.103
[student] TAP slot 2 the_log cell 238 wall=12:58:52.433
[student] TRAY first +0.65s tapped slot 2 meant the_log before [ice_wizard,rocket,the_log,?] now [the_log,rocket,?,?] slot_now ? elixir 3->2 wall=12:58:53.085
[student] WAIT NO-TRAY-MATCH p=0.67 elixir 3 opp~? units 4 dets 4 (waits 3186/4462 badhand 1406/6546) tap [?,?,?,?] wall=12:58:54.794
[student] PLAY tesla_evo p=0.39 cell 243 board (0.5, 0.56) units 3 15 ms tap [?,?,tesla_evo,ice_wizard] hand [x_bow,rocket,tesla_evo,ice_wizard] elixir 5 wall=12:58:57.014
[student] TAP slot 2 tesla_evo cell 243 wall=12:58:57.343
[student] TRAY first +0.60s tapped slot 2 meant tesla_evo before [x_bow,rocket,tesla_evo,ice_wizard] now [tesla,rocket,?,ice_wizard] slot_now ? elixir 5->4 wall=12:58:57.946
[student] PLAY tornado p=0.49 cell 221 board (0.31, 0.52) units 4 27 ms tap [?,?,tornado,?] hand [ice_wizard,rocket,tornado,ice_wizard] elixir 3 wall=12:58:59.718
[assist] TORNADO king-spot cell 221->332 trigger balloon at (0.47,0.52) enemy tracks 9 wall=12:58:59.719
[student] TAP slot 2 tornado cell 332 wall=12:59:00.049
[student] TRAY first +0.26s tapped slot 2 meant tornado before [ice_wizard,rocket,tornado,ice_wizard] now [tornado,rocket,?,ice_wizard] slot_now ? elixir 3->3 wall=12:59:00.314
[student] TRAY settled +0.66s tapped slot 2 meant tornado before [ice_wizard,rocket,tornado,ice_wizard] now [ice_wizard,rocket,?,ice_wizard] slot_now ? elixir 3->1 wall=12:59:00.712
[student] WAIT p=0.17 elixir 4 opp~? units 4 dets 4 (waits 3193/4471 badhand 1409/6558) tap [?,?,skeletons,ice_wizard] wall=12:59:04.918
[student] PLAY skeletons p=0.32 cell 238 board (0.25, 0.55) units 3 26 ms tap [?,?,skeletons,ice_wizard] hand [x_bow,rocket,skeletons,ice_wizard] elixir 5 wall=12:59:07.138
[student] TAP slot 2 skeletons cell 238 wall=12:59:07.465
[student] TRAY first +0.22s tapped slot 2 meant skeletons before [x_bow,rocket,skeletons,ice_wizard] now [x_bow,rocket,?,ice_wizard] slot_now ? elixir 5->5 wall=12:59:07.687
[student] PLAY ice_wizard p=0.33 cell 235 board (0.08, 0.55) units 5 25 ms tap [?,?,?,ice_wizard] hand [x_bow,rocket,?,ice_wizard] elixir 5 wall=12:59:07.757
[student] TAP slot 3 ice_wizard cell 235 wall=12:59:08.099
[student] TRAY first +0.24s tapped slot 3 meant ice_wizard before [x_bow,rocket,?,ice_wizard] now [the_log,rocket,?,?] slot_now ? elixir 5->3 wall=12:59:08.342
[student] TRAY settled +0.55s tapped slot 3 meant ice_wizard before [x_bow,rocket,?,ice_wizard] now [ice_wizard,rocket,?,?] slot_now ? elixir 5->2 wall=12:59:08.646
[student] PLAY knight p=0.53 cell 237 board (0.19, 0.55) units 5 16 ms tap [?,?,knight,the_log] hand [ice_wizard,rocket,knight,the_log] elixir 3 wall=12:59:09.901
[student] TAP slot 2 knight cell 237 wall=12:59:10.232
[student] TRAY first +0.30s tapped slot 2 meant knight before [ice_wizard,rocket,knight,the_log] now [ice_wizard,rocket,?,the_log] slot_now ? elixir 3->3 wall=12:59:10.530
[student] TRAY settled +0.90s tapped slot 2 meant knight before [ice_wizard,rocket,knight,the_log] now [tesla,rocket,?,the_log] slot_now ? elixir 3->1 wall=12:59:11.134
[student] PLAY the_log p=0.52 cell 238 board (0.25, 0.55) units 9 20 ms tap [?,?,?,the_log] hand [ice_wizard,rocket,tesla,the_log] elixir 2 wall=12:59:13.133
[student] TAP slot 3 the_log cell 257 wall=12:59:13.479
[student] TRAY first +0.24s tapped slot 3 meant the_log before [ice_wizard,rocket,tesla,the_log] now [ice_wizard,rocket,tesla,?] slot_now ? elixir 2->2 wall=12:59:13.718
[student] TRAY settled +0.56s tapped slot 3 meant the_log before [ice_wizard,rocket,tesla,the_log] now [tesla,rocket,tesla,?] slot_now ? elixir 2->1 wall=12:59:14.040
[student] WAIT NO-TRAY-MATCH p=0.03 elixir 2 opp~? units 4 dets 5 (waits 3195/4477 badhand 1413/6572) tap [?,?,?,?] wall=12:59:15.563
[student] PLAY tornado p=0.40 cell 166 board (0.25, 0.39) units 3 14 ms tap [?,?,tesla,tornado] hand [x_bow,rocket,tesla,tornado] elixir 5 wall=12:59:19.339
[student] TAP slot 3 tornado cell 166 wall=12:59:19.665
[student] TRAY first +0.26s tapped slot 3 meant tornado before [x_bow,rocket,tesla,tornado] now [ice_wizard,rocket,tesla,?] slot_now ? elixir 5->3 wall=12:59:19.929
[student] TRAY settled +1.06s tapped slot 3 meant tornado before [x_bow,rocket,tesla,tornado] now [ice_wizard,rocket,tesla,?] slot_now ? elixir 5->3 wall=12:59:20.725
[student] WAIT p=0.15 elixir 4 opp~? units 4 dets 4 (waits 3202/4485 badhand 1416/6583) tap [?,?,tesla,skeletons] wall=12:59:22.105
[student] PLAY tesla p=0.28 cell 279 board (0.5, 0.66) units 5 5 ms tap [?,?,tesla,skeletons] hand [x_bow,rocket,tesla,skeletons] elixir 5 wall=12:59:24.333
[student] TAP slot 2 tesla cell 279 wall=12:59:24.665
[student] TRAY first +0.24s tapped slot 2 meant tesla before [x_bow,rocket,tesla,skeletons] now [the_log,rocket,?,skeletons] slot_now ? elixir 5->4 wall=12:59:24.905
[student] TRAY settled +0.82s tapped slot 2 meant tesla before [x_bow,rocket,tesla,skeletons] now [ice_wizard,rocket,?,skeletons] slot_now ? elixir 5->2 wall=12:59:25.483
[student] PLAY skeletons p=0.45 cell 241 board (0.42, 0.55) units 3 16 ms tap [?,?,?,skeletons] hand [ice_wizard,rocket,ice_wizard,skeletons] elixir 3 wall=12:59:26.354
[student] TAP slot 3 skeletons cell 241 wall=12:59:26.681
[student] TRAY first +0.25s tapped slot 3 meant skeletons before [ice_wizard,rocket,ice_wizard,skeletons] now [ice_wizard,rocket,ice_wizard,?] slot_now ? elixir 3->2 wall=12:59:26.935
[student] TRAY settled +0.97s tapped slot 3 meant skeletons before [ice_wizard,rocket,ice_wizard,skeletons] now [ice_wizard,rocket,ice_wizard,?] slot_now ? elixir 3->3 wall=12:59:27.655
[student] PLAY ice_wizard p=0.47 cell 258 board (0.36, 0.61) units 3 20 ms tap [?,?,ice_wizard,knight_evo] hand [x_bow,rocket,ice_wizard,knight_evo] elixir 4 wall=12:59:28.800
[student] TAP slot 2 ice_wizard cell 258 wall=12:59:29.145
[student] TRAY first +0.25s tapped slot 2 meant ice_wizard before [x_bow,rocket,ice_wizard,knight_evo] now [tesla,rocket,?,knight_evo] slot_now ? elixir 4->3 wall=12:59:29.397
[student] TRAY settled +0.62s tapped slot 2 meant ice_wizard before [x_bow,rocket,ice_wizard,knight_evo] now [tesla,rocket,?,knight_evo] slot_now ? elixir 4->1 wall=12:59:29.762
[student] WAIT NO-TRAY-MATCH p=0.10 elixir 2 opp~? units 1 dets 1 (waits 3207/4493 badhand 1422/6596) tap [?,?,?,?] wall=12:59:31.001
[student] PLAY knight_evo p=0.42 cell 237 board (0.19, 0.55) units 3 24 ms tap [?,?,the_log,knight_evo] hand [ice_wizard,rocket,the_log,knight_evo] elixir 3 wall=12:59:31.854
[student] TAP slot 3 knight_evo cell 237 wall=12:59:32.200
[student] TRAY first +0.27s tapped slot 3 meant knight_evo before [ice_wizard,rocket,the_log,knight_evo] now [tornado,rocket,the_log,?] slot_now ? elixir 3->3 wall=12:59:32.469
[student] TRAY settled +0.88s tapped slot 3 meant knight_evo before [ice_wizard,rocket,the_log,knight_evo] now [ice_wizard,rocket,the_log,?] slot_now ? elixir 3->1 wall=12:59:33.081
[student] PLAY the_log p=0.59 cell 238 board (0.25, 0.55) units 4 24 ms tap [?,?,the_log,?] hand [ice_wizard,rocket,the_log,tornado] elixir 2 wall=12:59:35.513
[student] TAP slot 2 the_log cell 276 wall=12:59:35.844
[student] TRAY first +0.35s tapped slot 2 meant the_log before [ice_wizard,rocket,the_log,tornado] now [ice_wizard,rocket,?,tornado] slot_now ? elixir 2->2 wall=12:59:36.195
[student] TRAY settled +0.75s tapped slot 2 meant the_log before [ice_wizard,rocket,the_log,tornado] now [tesla,rocket,?,ice_wizard] slot_now ? elixir 2->1 wall=12:59:36.599
[student] PLAY tornado p=0.61 cell 165 board (0.19, 0.39) units 4 19 ms tap [?,?,?,tornado] hand [ice_wizard,rocket,tesla,tornado] elixir 3 wall=12:59:38.767
[student] TAP slot 3 tornado cell 165 wall=12:59:39.099
[student] TRAY first +0.34s tapped slot 3 meant tornado before [ice_wizard,rocket,tesla,tornado] now [tornado,rocket,tesla,?] slot_now ? elixir 3->3 wall=12:59:39.443
[student] TRAY settled +0.73s tapped slot 3 meant tornado before [ice_wizard,rocket,tesla,tornado] now [ice_wizard,rocket,tesla,?] slot_now ? elixir 3->0 wall=12:59:39.831
[student] WAIT p=0.18 elixir 3 opp~? units 3 dets 3 (waits 3211/4500 badhand 1425/6609) tap [?,?,?,skeletons] wall=12:59:43.118
[student] PLAY rocket p=0.52 cell 184 board (0.25, 0.42) units 3 25 ms tap [x_bow,rocket,tesla,skeletons] hand [x_bow,rocket,tesla,skeletons] elixir 6 wall=12:59:47.347
[student] TAP slot 1 rocket cell 184 wall=12:59:47.695
[student] TRAY first +0.36s tapped slot 1 meant rocket before [x_bow,rocket,tesla,skeletons] now [tornado,?,tesla,skeletons] slot_now ? elixir 6->6 wall=12:59:48.050
[student] TRAY settled +0.77s tapped slot 1 meant rocket before [x_bow,rocket,tesla,skeletons] now [ice_wizard,?,tesla,skeletons] slot_now ? elixir 6->1 wall=12:59:48.464
[student] WAIT p=0.16 elixir 1 opp~? units 2 dets 3 (waits 3220/4510 badhand 1428/6620) tap [?,?,?,skeletons] wall=12:59:49.370
[student] PLAY skeletons p=0.28 cell 309 board (0.19, 0.73) units 1 22 ms tap [?,?,?,skeletons] hand [the_log,ice_wizard,tesla,skeletons] elixir 2 wall=12:59:50.184
[student] TAP slot 3 skeletons cell 255 wall=12:59:50.527
[student] TRAY first +0.33s tapped slot 3 meant skeletons before [the_log,ice_wizard,tesla,skeletons] now [tesla,ice_wizard,tesla,?] slot_now ? elixir 2->1 wall=12:59:50.852
[student] TRAY settled +0.75s tapped slot 3 meant skeletons before [the_log,ice_wizard,tesla,skeletons] now [the_log,ice_wizard,tesla,?] slot_now ? elixir 2->2 wall=12:59:51.272
[student] PLAY tesla p=0.31 cell 297 board (0.5, 0.69) units 3 17 ms tap [?,ice_wizard,tesla,knight] hand [x_bow,ice_wizard,tesla,knight] elixir 4 wall=12:59:54.612
[student] TAP slot 2 tesla cell 297 wall=12:59:54.944
[student] TRAY first +0.37s tapped slot 2 meant tesla before [x_bow,ice_wizard,tesla,knight] now [ice_wizard,tornado,?,knight] slot_now ? elixir 4->4 wall=12:59:55.311
[student] TRAY settled +0.77s tapped slot 2 meant tesla before [x_bow,ice_wizard,tesla,knight] now [ice_wizard,ice_wizard,?,knight] slot_now ? elixir 4->1 wall=12:59:55.716
[student] PLAY the_log p=0.53 cell 237 board (0.19, 0.55) units 3 23 ms tap [?,?,the_log,?] hand [ice_wizard,ice_wizard,the_log,knight] elixir 2 wall=12:59:58.019
[student] TAP slot 2 the_log cell 239 wall=12:59:58.365
[student] TRAY first +0.35s tapped slot 2 meant the_log before [ice_wizard,ice_wizard,the_log,knight] now [ice_wizard,ice_wizard,?,knight] slot_now ? elixir 2->2 wall=12:59:58.718
[student] TRAY settled +0.98s tapped slot 2 meant the_log before [ice_wizard,ice_wizard,the_log,knight] now [tesla,ice_wizard,?,knight] slot_now ? elixir 2->1 wall=12:59:59.345
13:00:05 [play] state: MATCH_END
13:00:06 [nav] MATCH_END -> Play Again (located) (0.348,0.914)
13:00:06 [play] state: UNKNOWN
13:00:12 [play] state: IN_MATCH
[student] WAIT | exact=0 opp=? next=0 t=2s hand=[3, 6, 4, 149] tw=1.01.01.01.01.01.0 sp=0 unk=0 p=0.01 elixir 8 opp~? units 0 dets 0 (waits 3225/4518 badhand 1432/6633) tap [x_bow,the_log,rocket,knight] wall=13:00:14.868
[student] WAIT p=0.06 elixir 10 opp~? units 0 dets 0 (waits 3235/4528 badhand 1432/6643) tap [x_bow,the_log,rocket,knight] wall=13:00:22.752
[student] STALL-PLAY the_log p=0.09 cell 247 board (0.75, 0.55) units 1 26 ms tap [x_bow,the_log,rocket,knight] hand [x_bow,the_log,rocket,knight] elixir 10 wall=13:00:24.617
[student] TAP slot 1 the_log cell 243 wall=13:00:24.965
[student] TRAY first +0.25s tapped slot 1 meant the_log before [x_bow,the_log,rocket,knight] now [x_bow,?,rocket,knight] slot_now ? elixir 10->8 wall=13:00:25.211
[student] TRAY settled +0.57s tapped slot 1 meant the_log before [x_bow,the_log,rocket,knight] now [x_bow,?,rocket,knight] slot_now ? elixir 10->8 wall=13:00:25.531
[student] WAIT p=0.15 elixir 9 opp~? units 1 dets 1 (waits 3245/4539 badhand 1434/6654) tap [x_bow,tornado,rocket,knight] wall=13:00:30.303
[student] PLAY x_bow p=0.30 cell 254 board (0.14, 0.61) units 1 29 ms tap [x_bow,tornado,rocket,knight] hand [x_bow,tornado,rocket,knight] elixir 10 wall=13:00:32.665
[student] TAP slot 0 x_bow cell 254 wall=13:00:33.001
[student] TRAY first +0.28s tapped slot 0 meant x_bow before [x_bow,tornado,rocket,knight] now [?,tornado,rocket,knight] slot_now ? elixir 10->6 wall=13:00:33.284
[student] PLAY tornado p=0.53 cell 80 board (0.47, 0.2) units 2 27 ms tap [?,tornado,?,knight] hand [?,tornado,rocket,knight] elixir 6 wall=13:00:33.375
[student] TAP slot 1 tornado cell 80 wall=13:00:33.710
[student] TRAY first +0.24s tapped slot 1 meant tornado before [?,tornado,rocket,knight] now [?,?,rocket,knight] slot_now ? elixir 6->3 wall=13:00:33.951
[student] TRAY settled +0.58s tapped slot 1 meant tornado before [?,tornado,rocket,knight] now [?,?,rocket,knight] slot_now ? elixir 6->1 wall=13:00:34.291
[student] PLAY skeletons p=0.28 cell 238 board (0.25, 0.55) units 1 18 ms tap [skeletons,?,?,?] hand [skeletons,tesla,rocket,knight] elixir 1 wall=13:00:37.103
[student] TAP slot 0 skeletons cell 238 wall=13:00:37.432
[student] TRAY first +0.30s tapped slot 0 meant skeletons before [skeletons,tesla,rocket,knight] now [?,?,rocket,knight] slot_now ? elixir 1->1 wall=13:00:37.729
[student] TRAY settled +0.64s tapped slot 0 meant skeletons before [skeletons,tesla,rocket,knight] now [?,?,rocket,knight] slot_now ? elixir 1->1 wall=13:00:38.074
[student] PLAY knight p=0.65 cell 238 board (0.25, 0.55) units 3 23 ms tap [ice_wizard,?,?,knight] hand [ice_wizard,tesla,rocket,knight] elixir 3 wall=13:00:43.457
[student] TAP slot 3 knight cell 238 wall=13:00:43.794
[student] TRAY first +0.26s tapped slot 3 meant knight before [ice_wizard,tesla,rocket,knight] now [tornado,?,rocket,?] slot_now ? elixir 3->3 wall=13:00:44.058
[student] TRAY settled +0.64s tapped slot 3 meant knight before [ice_wizard,tesla,rocket,knight] now [tornado,?,rocket,?] slot_now ? elixir 3->0 wall=13:00:44.431
[student] PLAY the_log p=0.29 cell 236 board (0.14, 0.55) units 3 17 ms tap [?,?,?,the_log] hand [ice_wizard,tesla,rocket,the_log] elixir 2 wall=13:00:49.249
[student] TAP slot 3 the_log cell 237 wall=13:00:49.592
[student] TRAY first +0.27s tapped slot 3 meant the_log before [ice_wizard,tesla,rocket,the_log] now [tornado,?,rocket,?] slot_now ? elixir 2->2 wall=13:00:49.864
[student] TRAY settled +0.59s tapped slot 3 meant the_log before [ice_wizard,tesla,rocket,the_log] now [tornado,?,rocket,?] slot_now ? elixir 2->0 wall=13:00:50.182
[student] WAIT NO-TRAY-MATCH p=0.18 elixir 2 opp~? units 4 dets 4 (waits 3251/4550 badhand 1439/6669) tap [?,?,?,?] wall=13:00:54.648
[student] PLAY tesla p=0.81 cell 279 board (0.5, 0.66) units 6 22 ms tap [?,tesla,?,?] hand [ice_wizard,tesla,rocket,ice_wizard] elixir 4 wall=13:00:59.828
[student] TAP slot 1 tesla cell 279 wall=13:01:00.176
[student] TRAY first +0.23s tapped slot 1 meant tesla before [ice_wizard,tesla,rocket,ice_wizard] now [tornado,?,rocket,x_bow] slot_now ? elixir 4->4 wall=13:01:00.405
[student] TRAY settled +0.59s tapped slot 1 meant tesla before [ice_wizard,tesla,rocket,ice_wizard] now [tornado,?,rocket,x_bow] slot_now ? elixir 4->0 wall=13:01:00.770
[student] WAIT NO-TRAY-MATCH p=0.46 elixir 2 opp~? units 9 dets 10 (waits 3251/4551 badhand 1440/6680) tap [?,?,?,?] wall=13:01:06.127
[student] PLAY tornado p=0.88 cell 349 board (0.42, 0.83) units 5 23 ms tap [?,tornado,?,?] hand [ice_wizard,tornado,rocket,ice_wizard] elixir 3 wall=13:01:08.385
[student] TAP slot 1 tornado cell 349 wall=13:01:08.714
[student] TRAY first +0.28s tapped slot 1 meant tornado before [ice_wizard,tornado,rocket,ice_wizard] now [tornado,?,rocket,x_bow] slot_now ? elixir 3->3 wall=13:01:08.989
[student] TRAY settled +1.12s tapped slot 1 meant tornado before [ice_wizard,tornado,rocket,ice_wizard] now [ice_wizard,?,rocket,?] slot_now ? elixir 3->0 wall=13:01:09.829
[student] PLAY skeletons p=0.71 cell 363 board (0.19, 0.86) units 6 26 ms tap [?,skeletons,?,?] hand [ice_wizard,skeletons,rocket,?] elixir 1 wall=13:01:11.675
[student] TAP slot 1 skeletons cell 363 wall=13:01:12.026
[student] TRAY first +0.26s tapped slot 1 meant skeletons before [ice_wizard,skeletons,rocket,?] now [tornado,?,rocket,?] slot_now ? elixir 1->1 wall=13:01:12.285
[student] TRAY settled +0.61s tapped slot 1 meant skeletons before [ice_wizard,skeletons,rocket,?] now [tornado,?,rocket,?] slot_now ? elixir 1->0 wall=13:01:12.635
[student] PLAY knight p=0.74 cell 329 board (0.31, 0.77) units 4 16 ms tap [?,knight,?,?] hand [ice_wizard,knight,rocket,ice_wizard] elixir 3 wall=13:01:19.631
[student] TAP slot 1 knight cell 329 wall=13:01:19.963
[student] TRAY first +0.26s tapped slot 1 meant knight before [ice_wizard,knight,rocket,ice_wizard] now [ice_wizard,?,rocket,ice_wizard] slot_now ? elixir 3->3 wall=13:01:20.228
[student] TRAY settled +0.58s tapped slot 1 meant knight before [ice_wizard,knight,rocket,ice_wizard] now [tornado,?,rocket,x_bow] slot_now ? elixir 3->0 wall=13:01:20.541
[student] WAIT NO-TRAY-MATCH p=0.09 elixir 2 opp~? units 2 dets 2 (waits 3251/4554 badhand 1442/6693) tap [?,?,?,?] wall=13:01:26.001
[student] WAIT p=0.09 elixir 4 opp~? units 2 dets 3 (waits 3260/4563 badhand 1442/6703) tap [ice_wizard,the_log,?,?] wall=13:01:32.496
[student] WAIT p=0.23 elixir 7 opp~? units 1 dets 2 (waits 3270/4573 badhand 1442/6713) tap [ice_wizard,the_log,rocket,x_bow] wall=13:01:40.343
[student] PLAY x_bow p=0.41 cell 267 board (0.86, 0.61) units 1 16 ms tap [ice_wizard,the_log,rocket,x_bow] hand [ice_wizard,the_log,rocket,x_bow] elixir 7 wall=13:01:40.668
[student] TAP slot 3 x_bow cell 267 wall=13:01:40.997
[student] TRAY first +0.27s tapped slot 3 meant x_bow before [ice_wizard,the_log,rocket,x_bow] now [ice_wizard,the_log,rocket,?] slot_now ? elixir 7->6 wall=13:01:41.271
[student] TRAY settled +0.62s tapped slot 3 meant x_bow before [ice_wizard,the_log,rocket,x_bow] now [ice_wizard,the_log,rocket,?] slot_now ? elixir 7->1 wall=13:01:41.619
[student] PLAY the_log p=0.63 cell 245 board (0.64, 0.55) units 2 15 ms tap [?,the_log,?,?] hand [ice_wizard,the_log,rocket,?] elixir 2 wall=13:01:42.034
[student] TAP slot 1 the_log cell 242 wall=13:01:42.375
[student] TRAY first +0.27s tapped slot 1 meant the_log before [ice_wizard,the_log,rocket,?] now [tornado,?,rocket,tesla] slot_now ? elixir 2->2 wall=13:01:42.644
[student] TRAY settled +1.06s tapped slot 1 meant the_log before [ice_wizard,the_log,rocket,?] now [ice_wizard,?,rocket,tesla] slot_now ? elixir 2->0 wall=13:01:43.436
[student] PLAY ice_wizard p=0.33 cell 246 board (0.69, 0.55) units 2 13 ms tap [ice_wizard,tornado,?,?] hand [ice_wizard,tornado,rocket,tesla] elixir 3 wall=13:01:50.405
[student] TAP slot 0 ice_wizard cell 246 wall=13:01:50.752
[student] TRAY first +0.27s tapped slot 0 meant ice_wizard before [ice_wizard,tornado,rocket,tesla] now [?,tornado,rocket,tesla] slot_now ? elixir 3->3 wall=13:01:51.023
[student] TRAY settled +0.59s tapped slot 0 meant ice_wizard before [ice_wizard,tornado,rocket,tesla] now [?,tornado,rocket,tesla] slot_now ? elixir 3->0 wall=13:01:51.346
[student] PLAY skeletons p=0.41 cell 248 board (0.81, 0.55) units 3 15 ms tap [skeletons,?,?,?] hand [skeletons,tornado,rocket,tesla] elixir 1 wall=13:01:54.590
[student] TAP slot 0 skeletons cell 248 wall=13:01:54.925
[student] TRAY first +0.75s tapped slot 0 meant skeletons before [skeletons,tornado,rocket,tesla] now [?,tornado,rocket,tesla] slot_now ? elixir 1->1 wall=13:01:55.672
[student] PLAY knight_evo p=0.73 cell 249 board (0.86, 0.55) units 1 23 ms tap [knight_evo,tornado,?,?] hand [knight_evo,tornado,rocket,tesla] elixir 3 wall=13:02:02.569
[student] TAP slot 0 knight_evo cell 249 wall=13:02:02.915
[student] TRAY first +1.13s tapped slot 0 meant knight_evo before [knight_evo,tornado,rocket,tesla] now [?,tornado,rocket,tesla] slot_now ? elixir 3->3 wall=13:02:04.044
[clock] icon reads x3 but the clock reads x1 -> using the clock (x1)
[clock] icon reads x3 but the clock reads x2 -> using the clock (x2)
13:02:13 [play] elixir x2
[student] WAIT p=0.19 elixir 5 opp~? units 0 dets 1 (waits 3275/4583 badhand 1446/6728) tap [?,tornado,?,tesla] wall=13:02:13.179
[student] PLAY x_bow p=0.30 cell 254 board (0.14, 0.61) units 1 17 ms tap [x_bow,tornado,rocket,tesla] hand [x_bow,tornado,rocket,tesla] elixir 6 wall=13:02:14.660
[student] TAP slot 0 x_bow cell 254 wall=13:02:14.996
[student] TRAY first +0.65s tapped slot 0 meant x_bow before [x_bow,tornado,rocket,tesla] now [?,tornado,rocket,tesla] slot_now ? elixir 6->6 wall=13:02:15.643
[student] PLAY the_log p=0.46 cell 236 board (0.14, 0.55) units 2 21 ms tap [the_log,tornado,?,?] hand [the_log,tornado,rocket,tesla] elixir 3 wall=13:02:18.558
[student] TAP slot 0 the_log cell 236 wall=13:02:18.888
[student] TRAY first +0.51s tapped slot 0 meant the_log before [the_log,tornado,rocket,tesla] now [?,tornado,rocket,tesla] slot_now ? elixir 3->2 wall=13:02:19.400
[student] PLAY ice_wizard p=0.36 cell 235 board (0.08, 0.55) units 3 23 ms tap [ice_wizard,tornado,?,?] hand [ice_wizard,tornado,rocket,tesla] elixir 3 wall=13:02:21.490
[student] TAP slot 0 ice_wizard cell 235 wall=13:02:21.825
[student] TRAY first +0.62s tapped slot 0 meant ice_wizard before [ice_wizard,tornado,rocket,tesla] now [?,tornado,rocket,tesla] slot_now ? elixir 3->3 wall=13:02:22.446
[student] PLAY skeletons p=0.33 cell 238 board (0.25, 0.55) units 3 21 ms tap [skeletons,?,?,?] hand [skeletons,tornado,rocket,tesla] elixir 2 wall=13:02:24.009
[student] TAP slot 0 skeletons cell 238 wall=13:02:24.337
[student] TRAY first +0.56s tapped slot 0 meant skeletons before [skeletons,tornado,rocket,tesla] now [?,tornado,rocket,tesla] slot_now ? elixir 2->1 wall=13:02:24.897
[student] PLAY knight p=0.29 cell 236 board (0.14, 0.55) units 5 21 ms tap [knight,tornado,?,?] hand [knight,tornado,rocket,tesla] elixir 3 wall=13:02:27.049
[student] TAP slot 0 knight cell 236 wall=13:02:27.380
[student] TRAY first +0.69s tapped slot 0 meant knight before [knight,tornado,rocket,tesla] now [?,tornado,rocket,tesla] slot_now ? elixir 3->3 wall=13:02:28.067
[student] PLAY tornado p=0.75 cell 165 board (0.19, 0.39) units 5 17 ms tap [?,tornado,?,?] hand [ice_wizard,tornado,rocket,tesla] elixir 3 wall=13:02:30.995
[student] TAP slot 1 tornado cell 165 wall=13:02:31.325
[student] TRAY first +0.57s tapped slot 1 meant tornado before [ice_wizard,tornado,rocket,tesla] now [tornado,?,rocket,tesla] slot_now ? elixir 3->3 wall=13:02:31.896
[student] WAIT NO-TRAY-MATCH p=0.53 elixir 2 opp~? units 4 dets 5 (waits 3278/4592 badhand 1450/6744) tap [?,?,?,?] wall=13:02:33.687
[student] PLAY tesla p=0.48 cell 297 board (0.5, 0.69) units 4 25 ms tap [x_bow,the_log,rocket,tesla] hand [x_bow,the_log,rocket,tesla] elixir 6 wall=13:02:39.215
[student] TAP slot 3 tesla cell 297 wall=13:02:39.557
[student] TRAY first +0.26s tapped slot 3 meant tesla before [x_bow,the_log,rocket,tesla] now [the_log,the_log,rocket,?] slot_now ? elixir 6->4 wall=13:02:39.819
[student] TRAY settled +0.59s tapped slot 3 meant tesla before [x_bow,the_log,rocket,tesla] now [ice_wizard,the_log,rocket,?] slot_now ? elixir 6->2 wall=13:02:40.149
[student] PLAY the_log p=0.50 cell 338 board (0.81, 0.77) units 5 19 ms tap [?,the_log,?,?] hand [ice_wizard,the_log,rocket,?] elixir 2 wall=13:02:40.274
[student] TAP slot 1 the_log cell 266 wall=13:02:40.646
[student] TRAY first +0.30s tapped slot 1 meant the_log before [ice_wizard,the_log,rocket,?] now [tesla,?,rocket,tesla] slot_now ? elixir 2->2 wall=13:02:40.942
[student] TRAY settled +0.85s tapped slot 1 meant the_log before [ice_wizard,the_log,rocket,?] now [tesla,?,rocket,ice_wizard] slot_now ? elixir 2->1 wall=13:02:41.501
[student] WAIT p=0.09 elixir 2 opp~? units 3 dets 4 (waits 3286/4602 badhand 1452/6756) tap [?,skeletons,?,?] wall=13:02:42.352
[student] PLAY skeletons p=0.51 cell 280 board (0.58, 0.64) units 3 29 ms tap [?,skeletons,?,?] hand [ice_wizard,skeletons,rocket,ice_wizard] elixir 3 wall=13:02:43.151
[student] TAP slot 1 skeletons cell 280 wall=13:02:43.491
[student] TRAY first +0.28s tapped slot 1 meant skeletons before [ice_wizard,skeletons,rocket,ice_wizard] now [the_log,?,rocket,ice_wizard] slot_now ? elixir 3->2 wall=13:02:43.769
[student] TRAY settled +0.63s tapped slot 1 meant skeletons before [ice_wizard,skeletons,rocket,ice_wizard] now [ice_wizard,?,rocket,ice_wizard] slot_now ? elixir 3->2 wall=13:02:44.125
[student] PLAY x_bow p=0.33 cell 254 board (0.14, 0.61) units 3 30 ms tap [x_bow,knight,rocket,ice_wizard] hand [x_bow,knight,rocket,ice_wizard] elixir 7 wall=13:02:50.541
[student] TAP slot 0 x_bow cell 254 wall=13:02:50.874
[student] TRAY first +0.27s tapped slot 0 meant x_bow before [x_bow,knight,rocket,ice_wizard] now [?,knight,rocket,ice_wizard] slot_now ? elixir 7->6 wall=13:02:51.147
[student] WAIT NO-TRAY-MATCH p=0.72 elixir 6 opp~? units 6 dets 6 (waits 3294/4612 badhand 1454/6768) tap [?,?,?,?] wall=13:02:51.219
[student] TRAY settled +0.62s tapped slot 0 meant x_bow before [x_bow,knight,rocket,ice_wizard] now [?,knight,rocket,ice_wizard] slot_now ? elixir 7->2 wall=13:02:51.496
[student] PLAY knight p=0.47 cell 238 board (0.25, 0.55) units 6 26 ms tap [tornado,knight,?,ice_wizard] hand [tornado,knight,rocket,ice_wizard] elixir 3 wall=13:02:53.484
[student] TAP slot 1 knight cell 238 wall=13:02:53.830
[student] TRAY first +0.24s tapped slot 1 meant knight before [tornado,knight,rocket,ice_wizard] now [tornado,?,rocket,ice_wizard] slot_now ? elixir 3->3 wall=13:02:54.074
[student] TRAY settled +0.57s tapped slot 1 meant knight before [tornado,knight,rocket,ice_wizard] now [tornado,?,rocket,ice_wizard] slot_now ? elixir 3->1 wall=13:02:54.402
[student] PLAY ice_wizard p=0.32 cell 235 board (0.08, 0.55) units 6 18 ms tap [tornado,?,?,ice_wizard] hand [tornado,tesla,rocket,ice_wizard] elixir 3 wall=13:02:57.141
[student] TAP slot 3 ice_wizard cell 235 wall=13:02:57.475
[student] TRAY first +0.24s tapped slot 3 meant ice_wizard before [tornado,tesla,rocket,ice_wizard] now [tornado,?,rocket,?] slot_now ? elixir 3->3 wall=13:02:57.717
[student] TRAY settled +0.85s tapped slot 3 meant ice_wizard before [tornado,tesla,rocket,ice_wizard] now [tornado,?,rocket,?] slot_now ? elixir 3->0 wall=13:02:58.328
[student] PLAY the_log p=0.52 cell 237 board (0.19, 0.55) units 9 20 ms tap [tornado,?,?,the_log] hand [tornado,tesla,rocket,the_log] elixir 3 wall=13:03:01.369
[student] TAP slot 3 the_log cell 293 wall=13:03:01.696
[student] TRAY first +0.30s tapped slot 3 meant the_log before [tornado,tesla,rocket,the_log] now [tornado,?,rocket,?] slot_now ? elixir 3->2 wall=13:03:01.992
[student] TRAY settled +0.64s tapped slot 3 meant the_log before [tornado,tesla,rocket,the_log] now [tornado,?,rocket,?] slot_now ? elixir 3->1 wall=13:03:02.332
[student] PLAY skeletons p=0.70 cell 238 board (0.25, 0.55) units 5 16 ms tap [?,?,?,skeletons] hand [tornado,tesla,rocket,skeletons] elixir 2 wall=13:03:03.480
[student] TAP slot 3 skeletons cell 238 wall=13:03:03.814
[student] TRAY first +0.26s tapped slot 3 meant skeletons before [tornado,tesla,rocket,skeletons] now [tornado,?,rocket,?] slot_now ? elixir 2->1 wall=13:03:04.076
[student] TRAY settled +0.61s tapped slot 3 meant skeletons before [tornado,tesla,rocket,skeletons] now [tornado,tesla,rocket,?] slot_now ? elixir 2->2 wall=13:03:04.425
[student] PLAY tornado p=0.93 cell 224 board (0.47, 0.52) units 7 27 ms tap [tornado,?,?,?] hand [tornado,tesla,rocket,ice_wizard] elixir 3 wall=13:03:05.666
[student] TAP slot 0 tornado cell 224 wall=13:03:05.996
[student] TRAY first +0.27s tapped slot 0 meant tornado before [tornado,tesla,rocket,ice_wizard] now [?,?,rocket,?] slot_now ? elixir 3->3 wall=13:03:06.263
[student] TRAY settled +0.60s tapped slot 0 meant tornado before [tornado,tesla,rocket,ice_wizard] now [?,?,rocket,?] slot_now ? elixir 3->0 wall=13:03:06.593
13:03:09 [play] UNKNOWN 0.5s after in-match -> grace hold (label lost: overtime / end animation / dropout; up to 150s)
13:03:15 [play] state: MATCH_END
13:03:16 [nav] MATCH_END -> Play Again (located) (0.348,0.914)
13:03:16 [play] state: UNKNOWN
13:03:23 [play] state: IN_MATCH
[student] WAIT | exact=0 opp=? next=0 t=3s hand=[149, 164, 2, 6] tw=1.01.01.01.01.01.0 sp=0 unk=0 p=0.02 elixir 8 opp~? units 0 dets 0 (waits 3301/4624 badhand 1457/6783) tap [knight,tesla,ice_wizard,the_log] wall=13:03:26.267
[student] PLAY the_log p=0.37 cell 237 board (0.19, 0.55) units 0 16 ms tap [knight,tesla,ice_wizard,the_log] hand [knight,tesla,ice_wizard,the_log] elixir 10 wall=13:03:30.048
[student] TAP slot 3 the_log cell 237 wall=13:03:30.390
[student] TRAY first +0.27s tapped slot 3 meant the_log before [knight,tesla,ice_wizard,the_log] now [knight,tesla,ice_wizard,?] slot_now ? elixir 10->7 wall=13:03:30.656
[student] TRAY settled +1.12s tapped slot 3 meant the_log before [knight,tesla,ice_wizard,the_log] now [knight,tesla,ice_wizard,?] slot_now ? elixir 10->8 wall=13:03:31.508
[student] PLAY tesla p=0.27 cell 279 board (0.5, 0.66) units 0 28 ms tap [knight,tesla,ice_wizard,?] hand [knight,tesla,ice_wizard,?] elixir 8 wall=13:03:31.933
[student] TAP slot 1 tesla cell 279 wall=13:03:32.264
[student] TRAY first +0.23s tapped slot 1 meant tesla before [knight,tesla,ice_wizard,?] now [knight,?,ice_wizard,tornado] slot_now ? elixir 8->4 wall=13:03:32.496
[student] TRAY settled +0.57s tapped slot 1 meant tesla before [knight,tesla,ice_wizard,?] now [knight,?,ice_wizard,tornado] slot_now ? elixir 8->4 wall=13:03:32.836
[student] WAIT | exact=0 opp=? next=4 t=11s hand=[149, 7, 2, 0] tw=1.01.01.01.01.01.0 sp=1 unk=0 p=0.02 elixir 4 opp~? units 2 dets 3 (waits 3311/4636 badhand 1462/6795) tap [knight,skeletons,ice_wizard,tornado] wall=13:03:34.260
[student] WAIT p=0.12 elixir 7 opp~? units 2 dets 2 (waits 3321/4646 badhand 1462/6805) tap [knight,skeletons,ice_wizard,tornado] wall=13:03:41.907
[student] PLAY skeletons p=0.31 cell 248 board (0.81, 0.55) units 2 16 ms tap [knight,skeletons,ice_wizard,tornado] hand [knight,skeletons,ice_wizard,tornado] elixir 9 wall=13:03:46.316
[student] TAP slot 1 skeletons cell 248 wall=13:03:46.658
[student] TRAY first +0.27s tapped slot 1 meant skeletons before [knight,skeletons,ice_wizard,tornado] now [knight,?,ice_wizard,tornado] slot_now ? elixir 9->7 wall=13:03:46.930
[student] TRAY settled +1.10s tapped slot 1 meant skeletons before [knight,skeletons,ice_wizard,tornado] now [knight,?,ice_wizard,tornado] slot_now ? elixir 9->8 wall=13:03:47.755
[student] PLAY knight p=0.29 cell 250 board (0.92, 0.55) units 3 20 ms tap [knight,rocket,ice_wizard,tornado] hand [knight,rocket,ice_wizard,tornado] elixir 9 wall=13:03:48.767
[student] TAP slot 0 knight cell 250 wall=13:03:49.095
[student] TRAY first +0.27s tapped slot 0 meant knight before [knight,rocket,ice_wizard,tornado] now [?,rocket,ice_wizard,tornado] slot_now ? elixir 9->9 wall=13:03:49.364
[student] PLAY ice_wizard p=0.59 cell 315 board (0.53, 0.73) units 4 17 ms tap [?,rocket,ice_wizard,tornado] hand [?,rocket,ice_wizard,tornado] elixir 9 wall=13:03:49.454
[student] TAP slot 2 ice_wizard cell 315 wall=13:03:49.787
[student] TRAY first +0.25s tapped slot 2 meant ice_wizard before [?,rocket,ice_wizard,tornado] now [?,rocket,?,tornado] slot_now ? elixir 9->3 wall=13:03:50.033
[student] TRAY settled +0.74s tapped slot 2 meant ice_wizard before [?,rocket,ice_wizard,tornado] now [tornado,rocket,?,tornado] slot_now ? elixir 9->3 wall=13:03:50.527
[student] WAIT NO-TRAY-MATCH p=0.01 elixir 3 opp~? units 3 dets 3 (waits 3330/4658 badhand 1467/6818) tap [?,?,?,?] wall=13:03:50.579
[student] PLAY the_log p=0.34 cell 248 board (0.81, 0.55) units 3 28 ms tap [?,?,the_log,tornado] hand [x_bow,rocket,the_log,tornado] elixir 4 wall=13:03:53.184
[student] TAP slot 2 the_log cell 245 wall=13:03:53.525
[student] TRAY first +0.29s tapped slot 2 meant the_log before [x_bow,rocket,the_log,tornado] now [ice_wizard,rocket,?,tornado] slot_now ? elixir 4->2 wall=13:03:53.811
[student] TRAY settled +0.77s tapped slot 2 meant the_log before [x_bow,rocket,the_log,tornado] now [ice_wizard,rocket,?,tornado] slot_now ? elixir 4->3 wall=13:03:54.299
[student] WAIT | exact=0 opp=? next=7 t=36s hand=[3, 4, 164, 0] tw=1.01.01.01.01.01.0 sp=0 unk=0 p=0.04 elixir 4 opp~? units 3 dets 3 (waits 3340/4669 badhand 1469/6829) tap [?,?,tesla,tornado] wall=13:03:59.019
[student] WAIT p=0.11 elixir 6 opp~? units 1 dets 1 (waits 3350/4679 badhand 1469/6839) tap [x_bow,rocket,tesla,tornado] wall=13:04:05.010
[student] PLAY x_bow p=0.33 cell 267 board (0.86, 0.61) units 1 16 ms tap [x_bow,rocket,tesla,tornado] hand [x_bow,rocket,tesla,tornado] elixir 7 wall=13:04:06.341
[student] TAP slot 0 x_bow cell 267 wall=13:04:06.680
[student] TRAY first +0.23s tapped slot 0 meant x_bow before [x_bow,rocket,tesla,tornado] now [?,rocket,tesla,ice_wizard] slot_now ? elixir 7->6 wall=13:04:06.906
[student] TRAY settled +0.52s tapped slot 0 meant x_bow before [x_bow,rocket,tesla,tornado] now [?,rocket,tesla,tornado] slot_now ? elixir 7->1 wall=13:04:07.202
[student] PLAY skeletons p=0.45 cell 247 board (0.75, 0.55) units 2 20 ms tap [skeletons,?,?,?] hand [skeletons,rocket,tesla,tornado] elixir 2 wall=13:04:08.297
[student] TAP slot 0 skeletons cell 247 wall=13:04:08.643
[student] TRAY first +0.25s tapped slot 0 meant skeletons before [skeletons,rocket,tesla,tornado] now [?,rocket,tesla,tornado] slot_now ? elixir 2->1 wall=13:04:08.897
[student] TRAY settled +0.57s tapped slot 0 meant skeletons before [skeletons,rocket,tesla,tornado] now [?,rocket,tesla,tornado] slot_now ? elixir 2->1 wall=13:04:09.214
[student] PLAY knight p=0.42 cell 247 board (0.75, 0.55) units 4 23 ms tap [knight,?,?,tornado] hand [knight,rocket,tesla,tornado] elixir 3 wall=13:04:14.149
[student] TAP slot 0 knight cell 247 wall=13:04:14.481
[student] TRAY first +0.23s tapped slot 0 meant knight before [knight,rocket,tesla,tornado] now [?,rocket,tesla,tornado] slot_now ? elixir 3->3 wall=13:04:14.709
[student] TRAY settled +0.55s tapped slot 0 meant knight before [knight,rocket,tesla,tornado] now [?,rocket,tesla,tornado] slot_now ? elixir 3->0 wall=13:04:15.031
[student] PLAY ice_wizard p=0.77 cell 250 board (0.92, 0.55) units 1 19 ms tap [ice_wizard,?,?,tornado] hand [ice_wizard,rocket,tesla,tornado] elixir 3 wall=13:04:23.215
[student] TAP slot 0 ice_wizard cell 250 wall=13:04:23.556
[student] TRAY first +0.23s tapped slot 0 meant ice_wizard before [ice_wizard,rocket,tesla,tornado] now [?,rocket,tesla,tornado] slot_now ? elixir 3->3 wall=13:04:23.784
[student] TRAY settled +0.55s tapped slot 0 meant ice_wizard before [ice_wizard,rocket,tesla,tornado] now [?,rocket,tesla,tornado] slot_now ? elixir 3->0 wall=13:04:24.105
[student] PLAY the_log p=0.33 cell 250 board (0.92, 0.55) units 1 5 ms tap [the_log,?,?,tornado] hand [the_log,rocket,tesla,tornado] elixir 3 wall=13:04:31.170
[student] TAP slot 0 the_log cell 249 wall=13:04:31.506
[student] TRAY first +0.26s tapped slot 0 meant the_log before [the_log,rocket,tesla,tornado] now [?,rocket,tesla,tornado] slot_now ? elixir 3->2 wall=13:04:31.763
[student] TRAY settled +1.00s tapped slot 0 meant the_log before [the_log,rocket,tesla,tornado] now [?,rocket,tesla,tornado] slot_now ? elixir 3->1 wall=13:04:32.506
[student] WAIT NO-TRAY-MATCH p=0.01 elixir 2 opp~? units 1 dets 2 (waits 3356/4690 badhand 1472/6854) tap [?,?,?,?] wall=13:04:34.157
[student] WAIT p=0.12 elixir 5 opp~? units 1 dets 1 (waits 3364/4698 badhand 1472/6864) tap [?,?,tesla,tornado] wall=13:04:42.318
[student] PLAY rocket p=0.30 cell 194 board (0.81, 0.45) units 1 16 ms tap [x_bow,rocket,tesla,tornado] hand [x_bow,rocket,tesla,tornado] elixir 7 wall=13:04:48.135
[student] TAP slot 1 rocket cell 194 wall=13:04:48.473
[student] TRAY first +0.25s tapped slot 1 meant rocket before [x_bow,rocket,tesla,tornado] now [ice_wizard,?,tesla,tornado] slot_now ? elixir 7->6 wall=13:04:48.726
[student] TRAY settled +0.61s tapped slot 1 meant rocket before [x_bow,rocket,tesla,tornado] now [tesla,?,tesla,ice_wizard] slot_now ? elixir 7->1 wall=13:04:49.084
[student] WAIT p=0.16 elixir 2 opp~? units 2 dets 3 (waits 3373/4708 badhand 1473/6875) tap [?,skeletons,?,?] wall=13:04:50.830
[student] WAIT p=0.05 elixir 4 opp~? units 1 dets 1 (waits 3383/4718 badhand 1473/6885) tap [?,skeletons,tesla,tornado] wall=13:04:57.126
[student] PLAY skeletons p=0.55 cell 242 board (0.47, 0.55) units 2 15 ms tap [?,skeletons,tesla,tornado] hand [x_bow,skeletons,tesla,tornado] elixir 5 wall=13:05:00.397
[student] TAP slot 1 skeletons cell 242 wall=13:05:00.728
[student] TRAY first +0.27s tapped slot 1 meant skeletons before [x_bow,skeletons,tesla,tornado] now [x_bow,?,tesla,tornado] slot_now ? elixir 5->4 wall=13:05:00.999
[student] PLAY tornado p=0.35 cell 194 board (0.81, 0.45) units 3 17 ms tap [?,?,tesla,tornado] hand [x_bow,?,tesla,tornado] elixir 4 wall=13:05:01.068
[student] TAP slot 3 tornado cell 194 wall=13:05:01.413
[student] TRAY first +0.28s tapped slot 3 meant tornado before [x_bow,?,tesla,tornado] now [the_log,?,tesla,?] slot_now ? elixir 4->3 wall=13:05:01.693
[student] TRAY settled +0.63s tapped slot 3 meant tornado before [x_bow,?,tesla,tornado] now [tesla,ice_wizard,tesla,?] slot_now ? elixir 4->2 wall=13:05:02.044
[student] PLAY knight_evo p=0.75 cell 320 board (0.81, 0.73) units 4 15 ms tap [?,knight_evo,?,?] hand [ice_wizard,knight_evo,tesla,ice_wizard] elixir 3 wall=13:05:05.186
[student] TAP slot 1 knight_evo cell 266 wall=13:05:05.523
[student] TRAY first +0.93s tapped slot 1 meant knight_evo before [ice_wizard,knight_evo,tesla,ice_wizard] now [x_bow,?,tesla,ice_wizard] slot_now ? elixir 3->3 wall=13:05:06.457
[student] WAIT NO-TRAY-MATCH p=0.11 elixir 2 opp~? units 3 dets 4 (waits 3388/4726 badhand 1477/6898) tap [?,?,?,?] wall=13:05:11.913
[student] PLAY the_log p=0.40 cell 247 board (0.75, 0.55) units 2 22 ms tap [?,the_log,?,?] hand [ice_wizard,the_log,tesla,ice_wizard] elixir 3 wall=13:05:14.018
[student] TAP slot 1 the_log cell 266 wall=13:05:14.364
[student] TRAY first +1.09s tapped slot 1 meant the_log before [ice_wizard,the_log,tesla,ice_wizard] now [tesla,?,tesla,ice_wizard] slot_now ? elixir 3->2 wall=13:05:15.456
[clock] icon reads x3 but the clock reads x1 -> using the clock (x1)
[student] PLAY ice_wizard p=0.30 cell 316 board (0.58, 0.73) units 2 20 ms tap [x_bow,rocket,tesla,ice_wizard] hand [x_bow,rocket,tesla,ice_wizard] elixir 6 wall=13:05:23.082
[student] TAP slot 3 ice_wizard cell 316 wall=13:05:23.523
[clock] icon reads x3 but the clock reads x2 -> using the clock (x2)
13:05:24 [play] elixir x2
[student] TRAY first +0.69s tapped slot 3 meant ice_wizard before [x_bow,rocket,tesla,ice_wizard] now [ice_wizard,rocket,tesla,?] slot_now ? elixir 6->3 wall=13:05:24.209
[student] PLAY tesla p=0.47 cell 279 board (0.5, 0.66) units 2 28 ms tap [?,?,tesla,?] hand [x_bow,rocket,tesla,?] elixir 4 wall=13:05:25.055
[student] TAP slot 2 tesla cell 279 wall=13:05:25.389
[student] TRAY first +0.65s tapped slot 2 meant tesla before [x_bow,rocket,tesla,?] now [ice_wizard,rocket,?,skeletons] slot_now ? elixir 4->4 wall=13:05:26.039
[student] PLAY skeletons p=0.65 cell 244 board (0.58, 0.55) units 3 26 ms tap [?,?,?,skeletons] hand [ice_wizard,rocket,?,skeletons] elixir 4 wall=13:05:26.120
[student] TAP slot 3 skeletons cell 244 wall=13:05:26.453
[student] TRAY first +0.49s tapped slot 3 meant skeletons before [ice_wizard,rocket,?,skeletons] now [tornado,rocket,?,?] slot_now ? elixir 4->1 wall=13:05:26.941
[student] TRAY settled +1.27s tapped slot 3 meant skeletons before [ice_wizard,rocket,?,skeletons] now [ice_wizard,rocket,tornado,?] slot_now ? elixir 4->1 wall=13:05:27.722
[student] WAIT NO-TRAY-MATCH p=0.06 elixir 2 opp~? units 4 dets 4 (waits 3393/4735 badhand 1480/6912) tap [?,?,?,?] wall=13:05:29.169
[student] PLAY knight p=0.37 cell 248 board (0.81, 0.55) units 3 30 ms tap [?,?,tornado,knight] hand [x_bow,rocket,tornado,knight] elixir 5 wall=13:05:33.560
[student] TAP slot 3 knight cell 248 wall=13:05:33.913
[student] TRAY first +0.71s tapped slot 3 meant knight before [x_bow,rocket,tornado,knight] now [ice_wizard,rocket,tornado,?] slot_now ? elixir 5->3 wall=13:05:34.623
[student] PLAY tornado p=0.45 cell 211 board (0.75, 0.48) units 5 24 ms tap [?,?,tornado,?] hand [ice_wizard,rocket,tornado,?] elixir 3 wall=13:05:35.465
[student] TAP slot 2 tornado cell 211 wall=13:05:35.794
[student] TRAY first +0.60s tapped slot 2 meant tornado before [ice_wizard,rocket,tornado,?] now [tesla,rocket,?,the_log] slot_now ? elixir 3->3 wall=13:05:36.397
[student] WAIT p=0.11 elixir 4 opp~? units 3 dets 3 (waits 3401/4745 badhand 1483/6924) tap [?,?,ice_wizard,the_log] wall=13:05:40.001
[student] PLAY the_log p=0.40 cell 247 board (0.75, 0.55) units 2 7 ms tap [x_bow,rocket,ice_wizard,the_log] hand [x_bow,rocket,ice_wizard,the_log] elixir 6 wall=13:05:43.275
[student] TAP slot 3 the_log cell 247 wall=13:05:43.606
[student] TRAY first +0.23s tapped slot 3 meant the_log before [x_bow,rocket,ice_wizard,the_log] now [x_bow,rocket,ice_wizard,?] slot_now ? elixir 6->5 wall=13:05:43.839
[student] PLAY ice_wizard p=0.39 cell 413 board (0.97, 0.95) units 2 14 ms tap [?,?,ice_wizard,?] hand [x_bow,rocket,ice_wizard,?] elixir 5 wall=13:05:43.901
[student] TAP slot 2 ice_wizard cell 413 wall=13:05:44.235
[student] TRAY first +0.26s tapped slot 2 meant ice_wizard before [x_bow,rocket,ice_wizard,?] now [the_log,rocket,?,?] slot_now ? elixir 5->3 wall=13:05:44.494
[student] TRAY settled +0.61s tapped slot 2 meant ice_wizard before [x_bow,rocket,ice_wizard,?] now [ice_wizard,?,?,?] slot_now ? elixir 5->2 wall=13:05:44.845
[student] PLAY skeletons p=0.28 cell 248 board (0.81, 0.55) units 4 22 ms tap [?,?,skeletons,tesla_evo] hand [x_bow,rocket,skeletons,tesla_evo] elixir 5 wall=13:05:48.331
[student] TAP slot 2 skeletons cell 248 wall=13:05:48.660
[student] TRAY first +0.26s tapped slot 2 meant skeletons before [x_bow,rocket,skeletons,tesla_evo] now [x_bow,rocket,?,tesla_evo] slot_now ? elixir 5->4 wall=13:05:48.917
[student] PLAY tesla_evo p=0.35 cell 246 board (0.67, 0.56) units 5 25 ms tap [?,?,?,tesla_evo] hand [x_bow,rocket,?,tesla_evo] elixir 4 wall=13:05:49.002
[student] TAP slot 3 tesla_evo cell 246 wall=13:05:49.335
[student] TRAY first +0.25s tapped slot 3 meant tesla_evo before [x_bow,rocket,?,tesla_evo] now [ice_wizard,rocket,?,?] slot_now ? elixir 4->4 wall=13:05:49.589
[student] TRAY settled +0.60s tapped slot 3 meant tesla_evo before [x_bow,rocket,?,tesla_evo] now [ice_wizard,rocket,?,?] slot_now ? elixir 4->1 wall=13:05:49.938
[student] WAIT NO-TRAY-MATCH p=0.05 elixir 2 opp~? units 4 dets 4 (waits 3407/4755 badhand 1488/6938) tap [?,?,?,?] wall=13:05:51.232
[student] PLAY knight p=0.43 cell 250 board (0.92, 0.55) units 6 15 ms tap [?,?,knight,tornado] hand [ice_wizard,rocket,knight,tornado] elixir 3 wall=13:05:52.389
[student] TAP slot 2 knight cell 250 wall=13:05:52.720
[student] TRAY first +0.28s tapped slot 2 meant knight before [ice_wizard,rocket,knight,tornado] now [tornado,rocket,?,tornado] slot_now ? elixir 3->3 wall=13:05:53.005
[student] TRAY settled +0.67s tapped slot 2 meant knight before [ice_wizard,rocket,knight,tornado] now [tornado,rocket,?,tornado] slot_now ? elixir 3->0 wall=13:05:53.392
[student] PLAY the_log p=0.39 cell 249 board (0.86, 0.55) units 4 18 ms tap [?,?,the_log,?] hand [ice_wizard,rocket,the_log,tornado] elixir 2 wall=13:05:56.100
[student] TAP slot 2 the_log cell 248 wall=13:05:56.435
[student] TRAY first +0.26s tapped slot 2 meant the_log before [ice_wizard,rocket,the_log,tornado] now [ice_wizard,rocket,?,tornado] slot_now ? elixir 2->2 wall=13:05:56.697
[student] TRAY settled +0.61s tapped slot 2 meant the_log before [ice_wizard,rocket,the_log,tornado] now [tesla,rocket,?,ice_wizard] slot_now ? elixir 2->1 wall=13:05:57.045
[student] PLAY tornado p=0.78 cell 229 board (0.75, 0.52) units 5 26 ms tap [?,?,?,tornado] hand [ice_wizard,rocket,ice_wizard,tornado] elixir 3 wall=13:06:00.078
[student] TAP slot 3 tornado cell 229 wall=13:06:00.410
[student] TRAY first +0.30s tapped slot 3 meant tornado before [ice_wizard,rocket,ice_wizard,tornado] now [ice_wizard,rocket,ice_wizard,?] slot_now ? elixir 3->3 wall=13:06:00.709
[student] TRAY settled +0.66s tapped slot 3 meant tornado before [ice_wizard,rocket,ice_wizard,tornado] now [ice_wizard,rocket,ice_wizard,?] slot_now ? elixir 3->1 wall=13:06:01.066
[student] PLAY skeletons p=0.40 cell 243 board (0.53, 0.55) units 3 7 ms tap [?,?,?,skeletons] hand [the_log,rocket,ice_wizard,skeletons] elixir 2 wall=13:06:02.328
[student] TAP slot 3 skeletons cell 243 wall=13:06:02.664
[student] TRAY first +0.29s tapped slot 3 meant skeletons before [the_log,rocket,ice_wizard,skeletons] now [tesla,rocket,ice_wizard,?] slot_now ? elixir 2->1 wall=13:06:02.949
[student] TRAY settled +0.63s tapped slot 3 meant skeletons before [the_log,rocket,ice_wizard,skeletons] now [the_log,rocket,ice_wizard,?] slot_now ? elixir 2->1 wall=13:06:03.297
[student] WAIT NO-TRAY-MATCH p=0.83 elixir 3 opp~? units 2 dets 2 (waits 3407/4759 badhand 1490/6952) tap [?,?,?,?] wall=13:06:05.247
[student] PLAY tesla p=0.81 cell 244 board (0.56, 0.56) units 2 17 ms tap [?,?,ice_wizard,tesla] hand [x_bow,rocket,ice_wizard,tesla] elixir 4 wall=13:06:06.611
[student] TAP slot 3 tesla cell 298 wall=13:06:06.944
[student] TRAY first +0.28s tapped slot 3 meant tesla before [x_bow,rocket,ice_wizard,tesla] now [tornado,rocket,ice_wizard,?] slot_now ? elixir 4->4 wall=13:06:07.224
[student] TRAY settled +0.64s tapped slot 3 meant tesla before [x_bow,rocket,ice_wizard,tesla] now [ice_wizard,rocket,tornado,?] slot_now ? elixir 4->1 wall=13:06:07.582
[student] PLAY knight_evo p=0.85 cell 250 board (0.92, 0.55) units 1 25 ms tap [?,?,?,knight_evo] hand [ice_wizard,rocket,ice_wizard,knight_evo] elixir 3 wall=13:06:10.782
[student] TAP slot 3 knight_evo cell 250 wall=13:06:11.110
[student] TRAY first +0.29s tapped slot 3 meant knight_evo before [ice_wizard,rocket,ice_wizard,knight_evo] now [tornado,rocket,ice_wizard,?] slot_now ? elixir 3->3 wall=13:06:11.402
[student] TRAY settled +0.90s tapped slot 3 meant knight_evo before [ice_wizard,rocket,ice_wizard,knight_evo] now [ice_wizard,rocket,ice_wizard,?] slot_now ? elixir 3->1 wall=13:06:12.008
[student] PLAY the_log p=0.68 cell 338 board (0.81, 0.77) units 2 23 ms tap [?,?,?,the_log] hand [ice_wizard,rocket,ice_wizard,the_log] elixir 2 wall=13:06:14.384
[student] TAP slot 3 the_log cell 374 wall=13:06:14.710
[student] TRAY first +0.26s tapped slot 3 meant the_log before [ice_wizard,rocket,ice_wizard,the_log] now [ice_wizard,rocket,ice_wizard,?] slot_now ? elixir 2->2 wall=13:06:14.969
[student] TRAY settled +1.03s tapped slot 3 meant the_log before [ice_wizard,rocket,ice_wizard,the_log] now [tesla,rocket,ice_wizard,?] slot_now ? elixir 2->1 wall=13:06:15.743
[student] PLAY tornado p=0.29 cell 194 board (0.81, 0.45) units 4 23 ms tap [?,?,?,tornado] hand [ice_wizard,rocket,ice_wizard,tornado] elixir 3 wall=13:06:18.586
[student] TAP slot 3 tornado cell 194 wall=13:06:18.919
13:06:19 [play] UNKNOWN 0.8s after in-match -> grace hold (label lost: overtime / end animation / dropout; up to 150s)
[student] TRAY first +0.37s tapped slot 3 meant tornado before [ice_wizard,rocket,ice_wizard,tornado] now [tesla,?,?,?] slot_now ? elixir 3->0 wall=13:06:19.292
[student] TRAY settled +0.82s tapped slot 3 meant tornado before [ice_wizard,rocket,ice_wizard,tornado] now [tesla,?,?,?] slot_now ? elixir 3->0 wall=13:06:19.735
13:06:25 [play] state: MATCH_END
13:06:25 [nav] MATCH_END -> Play Again (located) (0.348,0.914)
13:06:26 [play] state: UNKNOWN
13:06:32 [play] state: IN_MATCH
[student] WAIT | exact=0 opp=? next=0 t=1s hand=[164, 6, -1, -1] tw=1.01.01.01.01.01.0 sp=0 unk=0 p=0.02 elixir 7 opp~? units 0 dets 0 (waits 3410/4766 badhand 1493/6966) tap [tesla,the_log,?,?] wall=13:06:33.751
[student] WAIT | exact=0 opp=? next=0 t=9s hand=[164, 6, 3, 149] tw=1.01.01.01.01.01.0 sp=0 unk=0 p=0.04 elixir 10 opp~? units 0 dets 0 (waits 3420/4776 badhand 1493/6976) tap [tesla,the_log,x_bow,knight] wall=13:06:41.562
[student] STALL-PLAY the_log p=0.04 cell 248 board (0.81, 0.55) units 2 23 ms tap [tesla,the_log,x_bow,knight] hand [tesla,the_log,x_bow,knight] elixir 10 wall=13:06:45.569
[student] TAP slot 1 the_log cell 248 wall=13:06:45.910
[student] TRAY first +0.26s tapped slot 1 meant the_log before [tesla,the_log,x_bow,knight] now [tesla,?,x_bow,knight] slot_now ? elixir 10->8 wall=13:06:46.173
[student] TRAY settled +0.58s tapped slot 1 meant the_log before [tesla,the_log,x_bow,knight] now [tesla,?,x_bow,knight] slot_now ? elixir 10->8 wall=13:06:46.489
[student] WAIT | exact=0 opp=? next=4 t=16s hand=[164, 0, 3, 149] tw=1.01.01.01.01.01.0 sp=1 unk=0 p=0.00 elixir 8 opp~? units 2 dets 3 (waits 3430/4787 badhand 1496/6987) tap [tesla,tornado,x_bow,knight] wall=13:06:48.928
[student] WAIT p=0.06 elixir 10 opp~? units 1 dets 1 (waits 3440/4797 badhand 1496/6997) tap [tesla,tornado,x_bow,knight] wall=13:06:55.334
[student] STALL-PLAY tesla p=0.20 cell 297 board (0.5, 0.69) units 2 15 ms tap [tesla,tornado,x_bow,knight] hand [tesla,tornado,x_bow,knight] elixir 10 wall=13:06:57.931
[student] TAP slot 0 tesla cell 297 wall=13:06:58.271
[student] TRAY first +0.27s tapped slot 0 meant tesla before [tesla,tornado,x_bow,knight] now [?,tornado,x_bow,knight] slot_now ? elixir 10->6 wall=13:06:58.538
[student] TRAY settled +0.60s tapped slot 0 meant tesla before [tesla,tornado,x_bow,knight] now [?,tornado,x_bow,knight] slot_now ? elixir 10->6 wall=13:06:58.875
[student] WAIT p=0.07 elixir 6 opp~? units 2 dets 2 (waits 3450/4808 badhand 1498/7008) tap [rocket,tornado,x_bow,knight] wall=13:07:01.750
[student] PLAY knight p=0.56 cell 248 board (0.81, 0.55) units 2 18 ms tap [rocket,tornado,x_bow,knight] hand [rocket,tornado,x_bow,knight] elixir 8 wall=13:07:06.287
[student] TAP slot 3 knight cell 248 wall=13:07:06.621
[student] TRAY first +0.26s tapped slot 3 meant knight before [rocket,tornado,x_bow,knight] now [rocket,tornado,x_bow,?] slot_now ? elixir 8->4 wall=13:07:06.880
[student] PLAY tornado p=0.56 cell 212 board (0.81, 0.48) units 1 26 ms tap [?,tornado,?,?] hand [rocket,tornado,x_bow,?] elixir 4 wall=13:07:06.973
[assist] TORNADO king-spot cell 212->333 trigger balloon at (0.67,0.58) enemy tracks 7 wall=13:07:06.973
[student] TAP slot 1 tornado cell 333 wall=13:07:07.313
[student] TRAY first +0.26s tapped slot 1 meant tornado before [rocket,tornado,x_bow,?] now [rocket,?,ice_wizard,?] slot_now ? elixir 4->3 wall=13:07:07.571
[student] TRAY settled +0.61s tapped slot 1 meant tornado before [rocket,tornado,x_bow,?] now [rocket,?,ice_wizard,?] slot_now ? elixir 4->2 wall=13:07:07.922
[student] PLAY skeletons p=0.91 cell 248 board (0.81, 0.58) units 1 18 ms tap [?,?,?,skeletons] hand [rocket,ice_wizard,ice_wizard,skeletons] elixir 3 wall=13:07:09.906
[student] TAP slot 3 skeletons cell 248 wall=13:07:10.238
[student] TRAY first +0.26s tapped slot 3 meant skeletons before [rocket,ice_wizard,ice_wizard,skeletons] now [rocket,ice_wizard,ice_wizard,?] slot_now ? elixir 3->2 wall=13:07:10.498
[student] TRAY settled +0.56s tapped slot 3 meant skeletons before [rocket,ice_wizard,ice_wizard,skeletons] now [rocket,ice_wizard,ice_wizard,?] slot_now ? elixir 3->3 wall=13:07:10.794
[student] WAIT NO-TRAY-MATCH p=0.90 elixir 3 opp~? units 1 dets 1 (waits 3458/4819 badhand 1502/7021) tap [?,?,?,?] wall=13:07:10.878
[student] PLAY ice_wizard p=0.46 cell 249 board (0.86, 0.55) units 4 24 ms tap [?,ice_wizard,?,?] hand [rocket,ice_wizard,?,?] elixir 3 wall=13:07:11.648
[student] TAP slot 1 ice_wizard cell 249 wall=13:07:11.980
[student] TRAY first +0.23s tapped slot 1 meant ice_wizard before [rocket,ice_wizard,?,?] now [rocket,?,?,the_log] slot_now ? elixir 3->3 wall=13:07:12.213
[student] TRAY settled +0.56s tapped slot 1 meant ice_wizard before [rocket,ice_wizard,?,?] now [rocket,?,?,the_log] slot_now ? elixir 3->0 wall=13:07:12.536
[student] WAIT p=0.10 elixir 3 opp~? units 3 dets 3 (waits 3465/4827 badhand 1504/7032) tap [?,?,?,the_log] wall=13:07:21.397
[student] PLAY tesla p=0.32 cell 279 board (0.5, 0.66) units 2 17 ms tap [?,tesla,?,the_log] hand [rocket,tesla,x_bow,the_log] elixir 5 wall=13:07:26.865
[student] TAP slot 1 tesla cell 279 wall=13:07:27.197
[student] TRAY first +0.28s tapped slot 1 meant tesla before [rocket,tesla,x_bow,the_log] now [rocket,?,tesla,the_log] slot_now ? elixir 5->4 wall=13:07:27.476
[student] TRAY settled +1.07s tapped slot 1 meant tesla before [rocket,tesla,x_bow,the_log] now [rocket,?,the_log,the_log] slot_now ? elixir 5->2 wall=13:07:28.268
[student] WAIT NO-TRAY-MATCH p=0.43 elixir 2 opp~? units 3 dets 3 (waits 3473/4836 badhand 1506/7043) tap [?,?,?,?] wall=13:07:28.352
[student] PLAY the_log p=0.38 cell 283 board (0.75, 0.64) units 3 25 ms tap [?,?,?,the_log] hand [rocket,knight,ice_wizard,the_log] elixir 2 wall=13:07:30.154
[student] TAP slot 3 the_log cell 282 wall=13:07:30.503
[student] TRAY first +0.25s tapped slot 3 meant the_log before [rocket,knight,ice_wizard,the_log] now [rocket,knight,ice_wizard,?] slot_now ? elixir 2->2 wall=13:07:30.751
[student] TRAY settled +1.02s tapped slot 3 meant the_log before [rocket,knight,ice_wizard,the_log] now [rocket,knight,ice_wizard,?] slot_now ? elixir 2->1 wall=13:07:31.527
[student] WAIT p=0.06 elixir 4 opp~? units 1 dets 1 (waits 3479/4843 badhand 1506/7054) tap [?,knight,?,tornado] wall=13:07:40.108
[student] WAIT p=0.13 elixir 6 opp~? units 1 dets 1 (waits 3489/4853 badhand 1506/7064) tap [rocket,knight,x_bow,tornado] wall=13:07:46.901
[student] PLAY x_bow p=0.39 cell 267 board (0.86, 0.61) units 1 19 ms tap [rocket,knight,x_bow,tornado] hand [rocket,knight,x_bow,tornado] elixir 8 wall=13:07:50.784
[student] TAP slot 2 x_bow cell 267 wall=13:07:51.121
[student] TRAY first +0.25s tapped slot 2 meant x_bow before [rocket,knight,x_bow,tornado] now [rocket,knight,?,tornado] slot_now ? elixir 8->6 wall=13:07:51.369
[student] TRAY settled +1.05s tapped slot 2 meant x_bow before [rocket,knight,x_bow,tornado] now [rocket,knight,?,tornado] slot_now ? elixir 8->2 wall=13:07:52.168
[student] PLAY knight p=0.51 cell 247 board (0.75, 0.55) units 2 24 ms tap [?,knight,skeletons,tornado] hand [rocket,knight,skeletons,tornado] elixir 3 wall=13:07:53.045
[student] TAP slot 1 knight cell 247 wall=13:07:53.395
[student] TRAY first +0.30s tapped slot 1 meant knight before [rocket,knight,skeletons,tornado] now [rocket,?,skeletons,tornado] slot_now ? elixir 3->3 wall=13:07:53.699
[student] TRAY settled +0.90s tapped slot 1 meant knight before [rocket,knight,skeletons,tornado] now [rocket,?,skeletons,tornado] slot_now ? elixir 3->0 wall=13:07:54.293
[student] WAIT p=0.08 elixir 1 opp~? units 3 dets 3 (waits 3498/4864 badhand 1508/7076) tap [?,?,skeletons,?] wall=13:07:57.969
[student] PLAY skeletons p=0.30 cell 247 board (0.75, 0.55) units 2 14 ms tap [?,ice_wizard,skeletons,tornado] hand [rocket,ice_wizard,skeletons,tornado] elixir 3 wall=13:08:01.540
[student] TAP slot 2 skeletons cell 247 wall=13:08:01.867
[student] TRAY first +0.26s tapped slot 2 meant skeletons before [rocket,ice_wizard,skeletons,tornado] now [rocket,ice_wizard,?,tornado] slot_now ? elixir 3->2 wall=13:08:02.123
[student] TRAY settled +0.62s tapped slot 2 meant skeletons before [rocket,ice_wizard,skeletons,tornado] now [rocket,ice_wizard,?,tornado] slot_now ? elixir 3->2 wall=13:08:02.486
[student] PLAY ice_wizard p=0.31 cell 246 board (0.69, 0.55) units 6 15 ms tap [?,ice_wizard,?,tornado] hand [rocket,ice_wizard,tesla_evo,tornado] elixir 3 wall=13:08:05.772
[student] TAP slot 1 ice_wizard cell 246 wall=13:08:06.101
[student] TRAY first +0.32s tapped slot 1 meant ice_wizard before [rocket,ice_wizard,tesla_evo,tornado] now [rocket,?,?,tornado] slot_now ? elixir 3->3 wall=13:08:06.418
[student] WAIT NO-TRAY-MATCH p=0.03 elixir 3 opp~? units 4 dets 4 (waits 3507/4875 badhand 1509/7088) tap [?,?,?,?] wall=13:08:06.505
[student] TRAY settled +0.68s tapped slot 1 meant ice_wizard before [rocket,ice_wizard,tesla_evo,tornado] now [rocket,?,?,tornado] slot_now ? elixir 3->0 wall=13:08:06.777
[student] PLAY the_log p=0.34 cell 248 board (0.81, 0.55) units 4 15 ms tap [?,the_log,?,tornado] hand [rocket,the_log,tesla_evo,tornado] elixir 3 wall=13:08:14.919
[student] TAP slot 1 the_log cell 249 wall=13:08:15.251
[student] TRAY first +0.74s tapped slot 1 meant the_log before [rocket,the_log,tesla_evo,tornado] now [rocket,?,?,tornado] slot_now ? elixir 3->2 wall=13:08:15.995
[student] PLAY tornado p=0.56 cell 230 board (0.81, 0.52) units 3 11 ms tap [?,?,?,tornado] hand [rocket,ice_wizard,tesla_evo,tornado] elixir 3 wall=13:08:19.023
[student] TAP slot 3 tornado cell 230 wall=13:08:19.350
[student] TRAY first +0.91s tapped slot 3 meant tornado before [rocket,ice_wizard,tesla_evo,tornado] now [rocket,x_bow,?,?] slot_now ? elixir 3->3 wall=13:08:20.256
[student] WAIT NO-TRAY-MATCH p=0.55 elixir 2 opp~? units 3 dets 3 (waits 3514/4884 badhand 1509/7100) tap [?,?,?,?] wall=13:08:26.916
[student] PLAY knight_evo p=0.94 cell 320 board (0.81, 0.73) units 3 26 ms tap [?,?,?,knight_evo] hand [rocket,ice_wizard,tesla_evo,knight_evo] elixir 3 wall=13:08:28.041
[student] TAP slot 3 knight_evo cell 266 wall=13:08:28.383
[student] TRAY first +1.07s tapped slot 3 meant knight_evo before [rocket,ice_wizard,tesla_evo,knight_evo] now [rocket,tornado,?,?] slot_now ? elixir 3->3 wall=13:08:29.451
[clock] icon reads x3 but the clock reads x1 -> using the clock (x1)
[student] PLAY skeletons p=0.67 cell 320 board (0.81, 0.73) units 5 22 ms tap [?,?,?,skeletons] hand [rocket,the_log,?,skeletons] elixir 2 wall=13:08:31.078
[student] TAP slot 3 skeletons cell 266 wall=13:08:31.412
[student] TRAY first +0.65s tapped slot 3 meant skeletons before [rocket,the_log,?,skeletons] now [rocket,the_log,tesla,?] slot_now ? elixir 2->1 wall=13:08:32.058
[clock] icon reads x3 but the clock reads x2 -> using the clock (x2)
13:08:33 [play] elixir x2
[student] PLAY ice_wizard p=0.28 cell 297 board (0.53, 0.7) units 4 14 ms tap [?,?,?,ice_wizard] hand [rocket,tesla,tesla_evo,ice_wizard] elixir 3 wall=13:08:34.920
[student] TAP slot 3 ice_wizard cell 297 wall=13:08:35.267
[student] TRAY first +0.62s tapped slot 3 meant ice_wizard before [rocket,tesla,tesla_evo,ice_wizard] now [rocket,the_log,?,?] slot_now ? elixir 3->3 wall=13:08:35.887
[student] WAIT p=0.13 elixir 4 opp~? units 3 dets 3 (waits 3517/4890 badhand 1513/7113) tap [?,?,tesla_evo,the_log] wall=13:08:39.664
[student] PLAY rocket p=0.42 cell 120 board (0.69, 0.27) units 6 18 ms tap [rocket,x_bow,tesla_evo,the_log] hand [rocket,x_bow,tesla_evo,the_log] elixir 6 wall=13:08:42.553
[student] TAP slot 0 rocket cell 75 wall=13:08:42.895
[student] TRAY first +0.70s tapped slot 0 meant rocket before [rocket,x_bow,tesla_evo,the_log] now [?,?,?,the_log] slot_now ? elixir 6->6 wall=13:08:43.595
[student] PLAY tornado p=0.35 cell 157 board (0.75, 0.36) units 5 22 ms tap [tornado,?,?,the_log] hand [tornado,ice_wizard,tesla_evo,the_log] elixir 3 wall=13:08:46.535
[student] TAP slot 0 tornado cell 157 wall=13:08:46.868
[student] TRAY first +0.73s tapped slot 0 meant tornado before [tornado,ice_wizard,tesla_evo,the_log] now [?,?,?,the_log] slot_now ? elixir 3->3 wall=13:08:47.598
[student] PLAY the_log p=0.69 cell 247 board (0.75, 0.55) units 4 15 ms tap [knight,?,?,the_log] hand [knight,ice_wizard,tesla_evo,the_log] elixir 3 wall=13:08:50.455
[student] TAP slot 3 the_log cell 320 wall=13:08:50.783
[student] TRAY first +0.54s tapped slot 3 meant the_log before [knight,ice_wizard,tesla_evo,the_log] now [knight,the_log,?,?] slot_now ? elixir 3->2 wall=13:08:51.321
[student] WAIT NO-TRAY-MATCH p=0.16 elixir 2 opp~? units 5 dets 6 (waits 3520/4896 badhand 1517/7126) tap [?,?,?,?] wall=13:08:52.152
[student] PLAY skeletons p=0.34 cell 320 board (0.81, 0.73) units 5 25 ms tap [?,?,?,skeletons] hand [knight,the_log,tesla,skeletons] elixir 2 wall=13:08:52.835
[student] TAP slot 3 skeletons cell 266 wall=13:08:53.166
[student] TRAY first +0.31s tapped slot 3 meant skeletons before [knight,the_log,tesla,skeletons] now [knight,the_log,tesla,?] slot_now ? elixir 2->2 wall=13:08:53.481
[student] TRAY settled +0.68s tapped slot 3 meant skeletons before [knight,the_log,tesla,skeletons] now [knight,the_log,tesla,?] slot_now ? elixir 2->2 wall=13:08:53.841
[student] WAIT p=0.12 elixir 6 opp~? units 2 dets 2 (waits 3527/4904 badhand 1520/7137) tap [knight,x_bow,tesla_evo,ice_wizard] wall=13:08:59.493
[student] PLAY tesla_evo p=0.28 cell 243 board (0.5, 0.56) units 3 23 ms tap [knight,x_bow,tesla_evo,ice_wizard] hand [knight,x_bow,tesla_evo,ice_wizard] elixir 7 wall=13:09:00.671
[student] TAP slot 2 tesla_evo cell 243 wall=13:09:01.011
[student] TRAY first +0.26s tapped slot 2 meant tesla_evo before [knight,x_bow,tesla_evo,ice_wizard] now [knight,tesla,?,ice_wizard] slot_now ? elixir 7->4 wall=13:09:01.270
[student] PLAY knight p=0.36 cell 247 board (0.75, 0.55) units 4 22 ms tap [knight,?,?,ice_wizard] hand [knight,tesla,?,ice_wizard] elixir 4 wall=13:09:01.349
[student] TAP slot 0 knight cell 247 wall=13:09:01.678
[student] TRAY first +0.26s tapped slot 0 meant knight before [knight,tesla,?,ice_wizard] now [?,x_bow,?,ice_wizard] slot_now ? elixir 4->4 wall=13:09:01.934
[student] PLAY ice_wizard p=0.62 cell 250 board (0.92, 0.55) units 4 15 ms tap [?,?,?,ice_wizard] hand [?,x_bow,?,ice_wizard] elixir 4 wall=13:09:01.999
[student] TAP slot 3 ice_wizard cell 250 wall=13:09:02.334
[student] TRAY first +0.32s tapped slot 3 meant ice_wizard before [?,x_bow,?,ice_wizard] now [?,the_log,rocket,ice_wizard] slot_now ice_wizard elixir 4->1 wall=13:09:02.658
[student] TRAY settled +0.69s tapped slot 3 meant ice_wizard before [?,x_bow,?,ice_wizard] now [?,the_log,rocket,ice_wizard] slot_now ice_wizard elixir 4->2 wall=13:09:03.028
[student] PLAY tornado p=0.36 cell 175 board (0.75, 0.39) units 4 17 ms tap [tornado,?,?,?] hand [tornado,ice_wizard,rocket,ice_wizard] elixir 3 wall=13:09:04.926
[student] TAP slot 0 tornado cell 175 wall=13:09:05.261
[student] TRAY first +0.29s tapped slot 0 meant tornado before [tornado,ice_wizard,rocket,ice_wizard] now [?,?,rocket,ice_wizard] slot_now ? elixir 3->3 wall=13:09:05.546
[student] TRAY settled +1.07s tapped slot 0 meant tornado before [tornado,ice_wizard,rocket,ice_wizard] now [?,the_log,rocket,ice_wizard] slot_now ? elixir 3->1 wall=13:09:06.333
[student] PLAY the_log p=0.50 cell 247 board (0.75, 0.55) units 5 24 ms tap [the_log,?,?,?] hand [the_log,ice_wizard,rocket,ice_wizard] elixir 3 wall=13:09:08.673
[student] TAP slot 0 the_log cell 263 wall=13:09:09.014
[student] TRAY first +0.30s tapped slot 0 meant the_log before [the_log,ice_wizard,rocket,ice_wizard] now [?,the_log,rocket,ice_wizard] slot_now ? elixir 3->2 wall=13:09:09.319
[student] TRAY settled +0.67s tapped slot 0 meant the_log before [the_log,ice_wizard,rocket,ice_wizard] now [?,the_log,rocket,ice_wizard] slot_now ? elixir 3->1 wall=13:09:09.688
[student] WAIT NO-TRAY-MATCH p=0.17 elixir 2 opp~? units 4 dets 8 (waits 3528/4910 badhand 1526/7152) tap [?,?,?,?] wall=13:09:10.297
[student] PLAY skeletons p=0.46 cell 247 board (0.75, 0.55) units 5 20 ms tap [skeletons,?,?,?] hand [skeletons,ice_wizard,rocket,ice_wizard] elixir 3 wall=13:09:11.376
[student] TAP slot 0 skeletons cell 247 wall=13:09:11.732
[student] TRAY first +0.26s tapped slot 0 meant skeletons before [skeletons,ice_wizard,rocket,ice_wizard] now [?,the_log,rocket,ice_wizard] slot_now ? elixir 3->1 wall=13:09:11.991
[student] TRAY settled +0.61s tapped slot 0 meant skeletons before [skeletons,ice_wizard,rocket,ice_wizard] now [?,the_log,rocket,ice_wizard] slot_now ? elixir 3->2 wall=13:09:12.338
[student] PLAY ice_wizard p=0.37 cell 250 board (0.92, 0.55) units 5 26 ms tap [?,?,?,ice_wizard] hand [tesla,tesla,rocket,ice_wizard] elixir 3 wall=13:09:13.747
[student] TAP slot 3 ice_wizard cell 250 wall=13:09:14.083
[student] TRAY first +0.24s tapped slot 3 meant ice_wizard before [tesla,tesla,rocket,ice_wizard] now [tesla,tesla,rocket,?] slot_now ? elixir 3->3 wall=13:09:14.323
[student] TRAY settled +0.56s tapped slot 3 meant ice_wizard before [tesla,tesla,rocket,ice_wizard] now [tesla,tesla,rocket,?] slot_now ? elixir 3->1 wall=13:09:14.644
[student] PLAY knight p=0.51 cell 247 board (0.75, 0.55) units 5 17 ms tap [?,?,?,knight] hand [tesla,ice_wizard,rocket,knight] elixir 3 wall=13:09:17.297
[student] TAP slot 3 knight cell 247 wall=13:09:17.628
[student] TRAY first +0.29s tapped slot 3 meant knight before [tesla,ice_wizard,rocket,knight] now [tesla,?,rocket,?] slot_now ? elixir 3->3 wall=13:09:17.914
[student] TRAY settled +1.05s tapped slot 3 meant knight before [tesla,ice_wizard,rocket,knight] now [tesla,tesla,rocket,?] slot_now ? elixir 3->1 wall=13:09:18.676
[student] WAIT NO-TRAY-MATCH p=0.04 elixir 2 opp~? units 4 dets 4 (waits 3530/4915 badhand 1528/7165) tap [?,?,?,?] wall=13:09:20.579
[student] PLAY tesla p=0.40 cell 279 board (0.5, 0.66) units 4 22 ms tap [tesla,?,?,tornado] hand [tesla,x_bow,rocket,tornado] elixir 5 wall=13:09:24.049
[student] TAP slot 0 tesla cell 279 wall=13:09:24.383
[student] TRAY first +0.27s tapped slot 0 meant tesla before [tesla,x_bow,rocket,tornado] now [?,the_log,rocket,tornado] slot_now ? elixir 5->4 wall=13:09:24.656
[student] TRAY settled +0.88s tapped slot 0 meant tesla before [tesla,x_bow,rocket,tornado] now [?,the_log,rocket,tornado] slot_now ? elixir 5->2 wall=13:09:25.265
[student] WAIT NO-TRAY-MATCH p=0.31 elixir 2 opp~? units 3 dets 5 (waits 3536/4922 badhand 1531/7176) tap [?,?,?,?] wall=13:09:26.038
[student] PLAY the_log p=0.84 cell 248 board (0.81, 0.55) units 3 18 ms tap [the_log,?,?,tornado] hand [the_log,ice_wizard,rocket,tornado] elixir 3 wall=13:09:26.958
[student] TAP slot 0 the_log cell 248 wall=13:09:27.295
[student] TRAY first +0.25s tapped slot 0 meant the_log before [the_log,ice_wizard,rocket,tornado] now [?,the_log,rocket,tornado] slot_now ? elixir 3->2 wall=13:09:27.548
[student] TRAY settled +0.58s tapped slot 0 meant the_log before [the_log,ice_wizard,rocket,tornado] now [?,the_log,rocket,tornado] slot_now ? elixir 3->1 wall=13:09:27.880
[student] PLAY skeletons p=0.31 cell 242 board (0.47, 0.55) units 3 25 ms tap [skeletons,?,?,tornado] hand [skeletons,x_bow,rocket,tornado] elixir 5 wall=13:09:32.627
[student] TAP slot 0 skeletons cell 242 wall=13:09:32.963
[student] TRAY first +0.33s tapped slot 0 meant skeletons before [skeletons,x_bow,rocket,tornado] now [?,x_bow,rocket,tornado] slot_now ? elixir 5->4 wall=13:09:33.290
[student] TRAY settled +1.09s tapped slot 0 meant skeletons before [skeletons,x_bow,rocket,tornado] now [?,x_bow,rocket,tornado] slot_now ? elixir 5->5 wall=13:09:34.049
[student] WAIT p=0.12 elixir 5 opp~? units 4 dets 4 (waits 3544/4932 badhand 1535/7188) tap [?,?,?,tornado] wall=13:09:34.120
[student] PLAY x_bow p=0.33 cell 256 board (0.25, 0.61) units 5 26 ms tap [ice_wizard,x_bow,rocket,tornado] hand [ice_wizard,x_bow,rocket,tornado] elixir 6 wall=13:09:35.659
[student] TAP slot 1 x_bow cell 256 wall=13:09:35.999
[student] TRAY first +0.30s tapped slot 1 meant x_bow before [ice_wizard,x_bow,rocket,tornado] now [tornado,?,rocket,tornado] slot_now ? elixir 6->6 wall=13:09:36.294
[student] TRAY settled +0.69s tapped slot 1 meant x_bow before [ice_wizard,x_bow,rocket,tornado] now [ice_wizard,?,rocket,tornado] slot_now ? elixir 6->1 wall=13:09:36.691
[student] PLAY tornado p=0.29 cell 80 board (0.47, 0.2) units 5 16 ms tap [ice_wizard,knight_evo,?,tornado] hand [ice_wizard,knight_evo,rocket,tornado] elixir 3 wall=13:09:40.414
[student] TAP slot 3 tornado cell 80 wall=13:09:40.745
[student] TRAY first +0.34s tapped slot 3 meant tornado before [ice_wizard,knight_evo,rocket,tornado] now [ice_wizard,knight_evo,rocket,?] slot_now ? elixir 3->3 wall=13:09:41.083
[student] TRAY settled +0.77s tapped slot 3 meant tornado before [ice_wizard,knight_evo,rocket,tornado] now [ice_wizard,tornado,rocket,?] slot_now ? elixir 3->1 wall=13:09:41.516
[student] PLAY knight_evo p=0.44 cell 238 board (0.25, 0.55) units 8 21 ms tap [ice_wizard,knight_evo,?,?] hand [ice_wizard,knight_evo,rocket,tesla] elixir 3 wall=13:09:44.434
[student] TAP slot 1 knight_evo cell 238 wall=13:09:44.766
[student] TRAY first +0.35s tapped slot 1 meant knight_evo before [ice_wizard,knight_evo,rocket,tesla] now [ice_wizard,?,rocket,tesla] slot_now ? elixir 3->3 wall=13:09:45.115
[student] TRAY settled +0.79s tapped slot 1 meant knight_evo before [ice_wizard,knight_evo,rocket,tesla] now [ice_wizard,?,rocket,tesla] slot_now ? elixir 3->1 wall=13:09:45.558
[student] PLAY the_log p=0.28 cell 238 board (0.25, 0.55) units 9 21 ms tap [?,the_log,?,?] hand [ice_wizard,the_log,rocket,tesla] elixir 2 wall=13:09:47.087
[student] TAP slot 1 the_log cell 255 wall=13:09:47.421
[student] TRAY first +0.32s tapped slot 1 meant the_log before [ice_wizard,the_log,rocket,tesla] now [ice_wizard,?,rocket,tesla] slot_now ? elixir 2->2 wall=13:09:47.745
[student] TRAY settled +0.74s tapped slot 1 meant the_log before [ice_wizard,the_log,rocket,tesla] now [ice_wizard,?,rocket,tesla] slot_now ? elixir 2->1 wall=13:09:48.158
[student] PLAY skeletons p=0.37 cell 241 board (0.42, 0.55) units 9 25 ms tap [ice_wizard,skeletons,?,?] hand [ice_wizard,skeletons,rocket,tesla] elixir 3 wall=13:09:50.664
[student] TAP slot 1 skeletons cell 241 wall=13:09:50.995
[student] TRAY first +0.38s tapped slot 1 meant skeletons before [ice_wizard,skeletons,rocket,tesla] now [ice_wizard,?,rocket,tesla] slot_now ? elixir 3->2 wall=13:09:51.378
[student] TRAY settled +0.83s tapped slot 1 meant skeletons before [ice_wizard,skeletons,rocket,tesla] now [ice_wizard,?,rocket,tesla] slot_now ? elixir 3->2 wall=13:09:51.823
[student] PLAY ice_wizard p=0.80 cell 240 board (0.36, 0.55) units 7 14 ms tap [ice_wizard,?,?,?] hand [ice_wizard,?,rocket,tesla] elixir 3 wall=13:09:52.307
[student] TAP slot 0 ice_wizard cell 240 wall=13:09:52.662
[student] TRAY first +0.32s tapped slot 0 meant ice_wizard before [ice_wizard,?,rocket,tesla] now [?,?,rocket,tesla] slot_now ? elixir 3->3 wall=13:09:52.979
[student] TRAY settled +0.72s tapped slot 0 meant ice_wizard before [ice_wizard,?,rocket,tesla] now [?,?,rocket,tesla] slot_now ? elixir 3->1 wall=13:09:53.384
[student] WAIT NO-TRAY-MATCH p=0.07 elixir 2 opp~? units 8 dets 8 (waits 3550/4944 badhand 1539/7204) tap [?,?,?,?] wall=13:09:55.069
[student] PLAY tornado p=0.69 cell 148 board (0.25, 0.36) units 8 24 ms tap [tornado,?,?,?] hand [tornado,ice_wizard,rocket,tesla] elixir 3 wall=13:09:56.341
[student] TAP slot 0 tornado cell 148 wall=13:09:56.678
[student] TRAY first +0.30s tapped slot 0 meant tornado before [tornado,ice_wizard,rocket,tesla] now [?,?,rocket,tesla] slot_now ? elixir 3->3 wall=13:09:56.979
[student] TRAY settled +0.76s tapped slot 0 meant tornado before [tornado,ice_wizard,rocket,tesla] now [?,?,rocket,tesla] slot_now ? elixir 3->1 wall=13:09:57.439
[student] PLAY knight p=0.71 cell 238 board (0.25, 0.55) units 4 15 ms tap [knight,?,?,?] hand [knight,ice_wizard,rocket,tesla] elixir 3 wall=13:10:00.798
[student] TAP slot 0 knight cell 238 wall=13:10:01.133
[student] TRAY first +0.39s tapped slot 0 meant knight before [knight,ice_wizard,rocket,tesla] now [?,tesla,rocket,tesla] slot_now ? elixir 3->3 wall=13:10:01.526
[student] TRAY settled +1.17s tapped slot 0 meant knight before [knight,ice_wizard,rocket,tesla] now [?,tesla,rocket,tesla] slot_now ? elixir 3->1 wall=13:10:02.304
[student] PLAY the_log p=0.55 cell 238 board (0.25, 0.55) units 5 20 ms tap [the_log,?,?,?] hand [the_log,ice_wizard,rocket,tesla] elixir 3 wall=13:10:04.956
[student] TAP slot 0 the_log cell 291 wall=13:10:05.295
[student] TRAY first +0.37s tapped slot 0 meant the_log before [the_log,ice_wizard,rocket,tesla] now [?,the_log,rocket,tesla] slot_now ? elixir 3->2 wall=13:10:05.666
[student] TRAY settled +0.95s tapped slot 0 meant the_log before [the_log,ice_wizard,rocket,tesla] now [?,the_log,rocket,tesla] slot_now ? elixir 3->2 wall=13:10:06.249
[student] WAIT NO-TRAY-MATCH p=0.16 elixir 2 opp~? units 4 dets 6 (waits 3550/4947 badhand 1541/7217) tap [?,?,?,?] wall=13:10:06.853
[student] PLAY skeletons p=0.50 cell 248 board (0.81, 0.55) units 5 24 ms tap [skeletons,?,?,?] hand [skeletons,the_log,rocket,tesla] elixir 3 wall=13:10:07.346
[student] TAP slot 0 skeletons cell 248 wall=13:10:07.688
[student] TRAY first +0.38s tapped slot 0 meant skeletons before [skeletons,the_log,rocket,tesla] now [?,the_log,rocket,tesla] slot_now ? elixir 3->1 wall=13:10:08.063
[student] TRAY settled +0.78s tapped slot 0 meant skeletons before [skeletons,the_log,rocket,tesla] now [?,the_log,rocket,tesla] slot_now ? elixir 3->2 wall=13:10:08.470
[student] PLAY ice_wizard p=0.39 cell 298 board (0.58, 0.7) units 3 21 ms tap [ice_wizard,?,?,?] hand [ice_wizard,tesla,rocket,tesla] elixir 3 wall=13:10:09.733
[student] TAP slot 0 ice_wizard cell 298 wall=13:10:10.066
[student] TRAY first +0.34s tapped slot 0 meant ice_wizard before [ice_wizard,tesla,rocket,tesla] now [?,tesla,rocket,tesla] slot_now ? elixir 3->3 wall=13:10:10.405
[student] TRAY settled +0.78s tapped slot 0 meant ice_wizard before [ice_wizard,tesla,rocket,tesla] now [?,the_log,rocket,tesla] slot_now ? elixir 3->1 wall=13:10:10.848
[student] PLAY tornado p=0.71 cell 243 board (0.53, 0.58) units 6 26 ms tap [tornado,?,?,?] hand [tornado,the_log,rocket,tesla] elixir 3 wall=13:10:12.991
[student] TAP slot 0 tornado cell 243 wall=13:10:13.327
[student] TRAY first +0.68s tapped slot 0 meant tornado before [tornado,the_log,rocket,tesla] now [?,tornado,rocket,tesla] slot_now ? elixir 3->3 wall=13:10:14.010
13:10:23 [play] state: MATCH_END
13:10:23 [nav] MATCH_END -> Play Again (located) (0.348,0.914)
13:10:24 [play] state: UNKNOWN
13:10:30 [play] state: IN_MATCH
[student] WAIT | exact=0 opp=? next=3 t=2s hand=[164, 6, 149, 4] tw=1.01.01.01.01.01.0 sp=0 unk=0 p=0.02 elixir 8 opp~? units 0 dets 0 (waits 3553/4953 badhand 1545/7230) tap [tesla,the_log,knight,rocket] wall=13:10:33.222
[student] PLAY the_log p=0.34 cell 248 board (0.81, 0.55) units 0 13 ms tap [tesla,the_log,knight,rocket] hand [tesla,the_log,knight,rocket] elixir 10 wall=13:10:37.809
[student] TAP slot 1 the_log cell 248 wall=13:10:38.145
[student] TRAY first +0.25s tapped slot 1 meant the_log before [tesla,the_log,knight,rocket] now [tesla,?,knight,rocket] slot_now ? elixir 10->7 wall=13:10:38.399
[student] TRAY settled +0.84s tapped slot 1 meant the_log before [tesla,the_log,knight,rocket] now [tesla,?,knight,rocket] slot_now ? elixir 10->8 wall=13:10:38.981
[student] WAIT | exact=0 opp=? next=0 t=10s hand=[164, 3, 149, 4] tw=1.01.01.01.01.01.0 sp=1 unk=0 p=0.00 elixir 8 opp~? units 1 dets 2 (waits 3563/4964 badhand 1547/7241) tap [tesla,x_bow,knight,rocket] wall=13:10:41.035
[student] WAIT | exact=0 opp=? next=0 t=16s hand=[164, 3, 149, 4] tw=1.01.01.01.01.01.0 sp=0 unk=0 p=0.02 elixir 10 opp~? units 3 dets 3 (waits 3573/4974 badhand 1547/7251) tap [tesla,x_bow,knight,rocket] wall=13:10:46.800
[student] STALL-PLAY x_bow p=0.03 cell 297 board (0.53, 0.7) units 2 24 ms tap [tesla,x_bow,knight,rocket] hand [tesla,x_bow,knight,rocket] elixir 10 wall=13:10:50.750
[student] TAP slot 1 x_bow cell 297 wall=13:10:51.085
[student] TRAY first +0.26s tapped slot 1 meant x_bow before [tesla,x_bow,knight,rocket] now [tesla,?,knight,rocket] slot_now ? elixir 10->6 wall=13:10:51.345
[student] TRAY settled +0.61s tapped slot 1 meant x_bow before [tesla,x_bow,knight,rocket] now [tesla,?,knight,rocket] slot_now ? elixir 10->4 wall=13:10:51.692
[student] WAIT | exact=0 opp=? next=7 t=23s hand=[164, 0, 149, 4] tw=1.01.01.01.01.01.0 sp=0 unk=0 p=0.01 elixir 4 opp~? units 4 dets 4 (waits 3583/4985 badhand 1550/7262) tap [tesla,tornado,knight,?] wall=13:10:53.785
[student] PLAY tornado p=0.38 cell 176 board (0.81, 0.39) units 4 16 ms tap [tesla,tornado,knight,?] hand [tesla,tornado,knight,rocket] elixir 5 wall=13:10:57.414
[student] TAP slot 1 tornado cell 176 wall=13:10:57.749
[student] TRAY first +0.26s tapped slot 1 meant tornado before [tesla,tornado,knight,rocket] now [tesla,?,knight,rocket] slot_now ? elixir 5->3 wall=13:10:58.004
[student] PLAY knight p=0.30 cell 249 board (0.86, 0.55) units 5 24 ms tap [?,?,knight,?] hand [tesla,?,knight,rocket] elixir 3 wall=13:10:58.093
[student] TAP slot 2 knight cell 249 wall=13:10:58.445
[student] TRAY first +0.28s tapped slot 2 meant knight before [tesla,?,knight,rocket] now [tesla,?,?,rocket] slot_now ? elixir 3->3 wall=13:10:58.728
[student] TRAY settled +0.63s tapped slot 2 meant knight before [tesla,?,knight,rocket] now [tesla,?,?,rocket] slot_now ? elixir 3->0 wall=13:10:59.078
[student] WAIT | exact=0 opp=? next=6 t=32s hand=[164, 7, 2, 4] tw=1.00.91.01.01.01.0 sp=0 unk=0 p=0.05 elixir 1 opp~? units 1 dets 1 (waits 3593/4997 badhand 1551/7274) tap [?,skeletons,?,?] wall=13:11:02.666
[student] PLAY skeletons p=0.55 cell 273 board (0.19, 0.64) units 2 39 ms tap [?,skeletons,ice_wizard,?] hand [tesla,skeletons,ice_wizard,rocket] elixir 3 wall=13:11:06.842
[student] TAP slot 1 skeletons cell 273 wall=13:11:07.198
[student] TRAY first +0.26s tapped slot 1 meant skeletons before [tesla,skeletons,ice_wizard,rocket] now [tesla,?,ice_wizard,rocket] slot_now ? elixir 3->1 wall=13:11:07.457
[student] TRAY settled +0.62s tapped slot 1 meant skeletons before [tesla,skeletons,ice_wizard,rocket] now [tesla,?,ice_wizard,rocket] slot_now ? elixir 3->2 wall=13:11:07.813
[student] PLAY the_log p=0.39 cell 309 board (0.19, 0.73) units 2 21 ms tap [?,the_log,?,?] hand [tesla,the_log,ice_wizard,rocket] elixir 2 wall=13:11:08.654
[student] TAP slot 1 the_log cell 310 wall=13:11:08.999
[student] TRAY first +0.27s tapped slot 1 meant the_log before [tesla,the_log,ice_wizard,rocket] now [tesla,?,tornado,rocket] slot_now ? elixir 2->2 wall=13:11:09.272
[student] TRAY settled +0.61s tapped slot 1 meant the_log before [tesla,the_log,ice_wizard,rocket] now [tesla,?,ice_wizard,rocket] slot_now ? elixir 2->1 wall=13:11:09.612
[student] WAIT NO-TRAY-MATCH p=0.02 elixir 2 opp~? units 1 dets 1 (waits 3599/5005 badhand 1551/7286) tap [?,?,?,?] wall=13:11:14.696
[student] WAIT | exact=0 opp=? next=0 t=51s hand=[164, 3, 2, 4] tw=1.00.91.01.01.01.0 sp=0 unk=0 p=0.04 elixir 5 opp~? units 1 dets 1 (waits 3607/5013 badhand 1551/7296) tap [tesla,?,ice_wizard,?] wall=13:11:22.133
[student] PLAY x_bow p=0.40 cell 267 board (0.86, 0.61) units 0 14 ms tap [tesla,x_bow,ice_wizard,rocket] hand [tesla,x_bow,ice_wizard,rocket] elixir 8 wall=13:11:29.048
[student] TAP slot 1 x_bow cell 267 wall=13:11:29.393
[student] TRAY first +0.25s tapped slot 1 meant x_bow before [tesla,x_bow,ice_wizard,rocket] now [tesla,?,ice_wizard,rocket] slot_now ? elixir 8->6 wall=13:11:29.646
[student] TRAY settled +0.85s tapped slot 1 meant x_bow before [tesla,x_bow,ice_wizard,rocket] now [tesla,?,ice_wizard,rocket] slot_now ? elixir 8->2 wall=13:11:30.247
[student] PLAY ice_wizard p=0.30 cell 246 board (0.69, 0.55) units 1 16 ms tap [?,tornado,ice_wizard,?] hand [tesla,tornado,ice_wizard,rocket] elixir 3 wall=13:11:31.869
[student] TAP slot 2 ice_wizard cell 246 wall=13:11:32.197
[student] TRAY first +0.29s tapped slot 2 meant ice_wizard before [tesla,tornado,ice_wizard,rocket] now [tesla,tornado,?,rocket] slot_now ? elixir 3->3 wall=13:11:32.485
[student] WAIT NO-TRAY-MATCH p=0.11 elixir 3 opp~? units 2 dets 2 (waits 3615/5023 badhand 1553/7308) tap [?,?,?,?] wall=13:11:32.552
[student] TRAY settled +1.10s tapped slot 2 meant ice_wizard before [tesla,tornado,ice_wizard,rocket] now [tesla,tornado,?,rocket] slot_now ? elixir 3->0 wall=13:11:33.294
[student] PLAY knight p=0.31 cell 249 board (0.86, 0.55) units 5 17 ms tap [?,tornado,knight,?] hand [tesla,tornado,knight,rocket] elixir 3 wall=13:11:41.244
[student] TAP slot 2 knight cell 249 wall=13:11:41.577
[student] TRAY first +0.28s tapped slot 2 meant knight before [tesla,tornado,knight,rocket] now [tesla,tornado,?,rocket] slot_now ? elixir 3->3 wall=13:11:41.861
[student] TRAY settled +1.12s tapped slot 2 meant knight before [tesla,tornado,knight,rocket] now [tesla,tornado,?,rocket] slot_now ? elixir 3->0 wall=13:11:42.701
[student] PLAY skeletons p=0.30 cell 247 board (0.75, 0.55) units 5 15 ms tap [?,?,skeletons,?] hand [tesla,tornado,skeletons,rocket] elixir 1 wall=13:11:45.125
[student] TAP slot 2 skeletons cell 247 wall=13:11:45.464
[student] TRAY first +0.27s tapped slot 2 meant skeletons before [tesla,tornado,skeletons,rocket] now [tesla,tornado,?,rocket] slot_now ? elixir 1->1 wall=13:11:45.735
[student] TRAY settled +0.83s tapped slot 2 meant skeletons before [tesla,tornado,skeletons,rocket] now [tesla,tornado,?,rocket] slot_now ? elixir 1->1 wall=13:11:46.297
[student] PLAY the_log p=0.48 cell 248 board (0.81, 0.55) units 5 15 ms tap [?,?,the_log,?] hand [tesla,tornado,the_log,rocket] elixir 2 wall=13:11:49.167
[student] TAP slot 2 the_log cell 248 wall=13:11:49.497
[student] TRAY first +0.26s tapped slot 2 meant the_log before [tesla,tornado,the_log,rocket] now [tesla,tornado,?,rocket] slot_now ? elixir 2->2 wall=13:11:49.761
[student] TRAY settled +0.61s tapped slot 2 meant the_log before [tesla,tornado,the_log,rocket] now [tesla,tornado,?,rocket] slot_now ? elixir 2->0 wall=13:11:50.108
[student] PLAY tornado p=0.94 cell 248 board (0.81, 0.55) units 4 16 ms tap [?,tornado,?,?] hand [tesla,tornado,ice_wizard,rocket] elixir 3 wall=13:11:57.731
[student] TAP slot 1 tornado cell 248 wall=13:11:58.065
[student] TRAY first +0.26s tapped slot 1 meant tornado before [tesla,tornado,ice_wizard,rocket] now [tesla,?,?,rocket] slot_now ? elixir 3->3 wall=13:11:58.329
[student] TRAY settled +0.59s tapped slot 1 meant tornado before [tesla,tornado,ice_wizard,rocket] now [tesla,?,?,rocket] slot_now ? elixir 3->0 wall=13:11:58.652
[student] WAIT NO-TRAY-MATCH p=0.95 elixir 3 opp~? units 4 dets 4 (waits 3619/5031 badhand 1554/7322) tap [?,?,?,?] wall=13:12:05.993
[student] PLAY tesla p=0.52 cell 321 board (0.83, 0.72) units 2 21 ms tap [tesla,?,?,?] hand [tesla,ice_wizard,ice_wizard,rocket] elixir 4 wall=13:12:08.656
[student] TAP slot 0 tesla cell 297 wall=13:12:08.994
[student] TRAY first +0.26s tapped slot 0 meant tesla before [tesla,ice_wizard,ice_wizard,rocket] now [?,tornado,x_bow,rocket] slot_now ? elixir 4->4 wall=13:12:09.252
[student] TRAY settled +1.04s tapped slot 0 meant tesla before [tesla,ice_wizard,ice_wizard,rocket] now [?,ice_wizard,?,rocket] slot_now ? elixir 4->0 wall=13:12:10.038
[student] PLAY knight_evo p=0.32 cell 258 board (0.36, 0.61) units 2 22 ms tap [knight_evo,?,?,?] hand [knight_evo,ice_wizard,ice_wizard,rocket] elixir 3 wall=13:12:19.290
[student] TAP slot 0 knight_evo cell 258 wall=13:12:19.625
[student] TRAY first +1.02s tapped slot 0 meant knight_evo before [knight_evo,ice_wizard,ice_wizard,rocket] now [?,ice_wizard,ice_wizard,rocket] slot_now ? elixir 3->3 wall=13:12:20.645
[student] WAIT | exact=0 opp=? next=6 t=113s hand=[7, 2, 6, 4] tw=1.00.0x0.0x1.01.00.0x sp=0 unk=0 p=0.05 elixir 2 opp~? units 2 dets 2 (waits 3622/5036 badhand 1556/7334) tap [skeletons,?,?,?] wall=13:12:23.907
[clock] icon reads x3 but the clock reads x1 -> using the clock (x1)
[student] PLAY x_bow p=0.43 cell 267 board (0.86, 0.61) units 2 29 ms tap [skeletons,ice_wizard,x_bow,rocket] hand [skeletons,ice_wizard,x_bow,rocket] elixir 6 wall=13:12:31.230
[student] TAP slot 2 x_bow cell 267 wall=13:12:31.564
[clock] icon reads x3 but the clock reads x2 -> using the clock (x2)
13:12:32 [play] elixir x2
[student] TRAY first +0.63s tapped slot 2 meant x_bow before [skeletons,ice_wizard,x_bow,rocket] now [skeletons,ice_wizard,?,rocket] slot_now ? elixir 6->6 wall=13:12:32.195
[student] PLAY skeletons p=0.75 cell 247 board (0.75, 0.55) units 4 25 ms tap [skeletons,?,?,?] hand [skeletons,ice_wizard,?,rocket] elixir 6 wall=13:12:32.270
[student] TAP slot 0 skeletons cell 247 wall=13:12:32.610
[student] TRAY first +0.58s tapped slot 0 meant skeletons before [skeletons,ice_wizard,?,rocket] now [?,?,?,rocket] slot_now ? elixir 6->1 wall=13:12:33.193
[student] PLAY the_log p=0.29 cell 249 board (0.86, 0.55) units 3 23 ms tap [?,?,the_log,?] hand [tornado,ice_wizard,the_log,rocket] elixir 2 wall=13:12:35.314
[student] TAP slot 2 the_log cell 249 wall=13:12:35.659
[student] TRAY first +0.60s tapped slot 2 meant the_log before [tornado,ice_wizard,the_log,rocket] now [tornado,ice_wizard,?,rocket] slot_now ? elixir 2->2 wall=13:12:36.263
[student] PLAY ice_wizard p=0.55 cell 247 board (0.75, 0.55) units 3 24 ms tap [tornado,ice_wizard,?,?] hand [tornado,ice_wizard,tesla,rocket] elixir 3 wall=13:12:39.313
[student] TAP slot 1 ice_wizard cell 247 wall=13:12:39.648
[student] TRAY first +0.57s tapped slot 1 meant ice_wizard before [tornado,ice_wizard,tesla,rocket] now [tornado,?,tesla,rocket] slot_now ? elixir 3->3 wall=13:12:40.218
[student] WAIT NO-TRAY-MATCH p=0.29 elixir 3 opp~? units 5 dets 5 (waits 3631/5049 badhand 1558/7348) tap [?,?,?,?] wall=13:12:40.316
[student] PLAY knight p=0.61 cell 248 board (0.81, 0.55) units 4 14 ms tap [tornado,knight,?,?] hand [tornado,knight,tesla,rocket] elixir 3 wall=13:12:43.075
[student] TAP slot 1 knight cell 248 wall=13:12:43.410
[student] TRAY first +0.55s tapped slot 1 meant knight before [tornado,knight,tesla,rocket] now [tornado,?,tesla,rocket] slot_now ? elixir 3->3 wall=13:12:43.965
[student] PLAY tornado p=0.51 cell 387 board (0.53, 0.89) units 5 28 ms tap [tornado,?,?,?] hand [tornado,ice_wizard,tesla,rocket] elixir 3 wall=13:12:47.331
[assist] TORNADO king-spot cell 387->332 trigger royal_hogs at (0.49,0.66) enemy tracks 6 wall=13:12:47.331
[student] TAP slot 0 tornado cell 332 wall=13:12:47.664
[student] TRAY first +0.56s tapped slot 0 meant tornado before [tornado,ice_wizard,tesla,rocket] now [?,?,tesla,rocket] slot_now ? elixir 3->3 wall=13:12:48.222
[student] PLAY skeletons p=0.34 cell 250 board (0.92, 0.55) units 3 17 ms tap [skeletons,?,?,?] hand [skeletons,the_log,tesla,rocket] elixir 1 wall=13:12:49.684
[student] TAP slot 0 skeletons cell 250 wall=13:12:50.014
[student] TRAY first +0.62s tapped slot 0 meant skeletons before [skeletons,the_log,tesla,rocket] now [?,the_log,tesla,rocket] slot_now ? elixir 1->1 wall=13:12:50.636
[student] PLAY the_log p=0.27 cell 248 board (0.81, 0.55) units 1 16 ms tap [the_log,?,?,?] hand [the_log,ice_wizard,tesla,rocket] elixir 3 wall=13:12:52.509
[student] TAP slot 0 the_log cell 267 wall=13:12:52.842
[student] TRAY first +0.24s tapped slot 0 meant the_log before [the_log,ice_wizard,tesla,rocket] now [?,the_log,tesla,rocket] slot_now ? elixir 3->2 wall=13:12:53.079
[student] TRAY settled +0.97s tapped slot 0 meant the_log before [the_log,ice_wizard,tesla,rocket] now [?,the_log,tesla,rocket] slot_now ? elixir 3->2 wall=13:12:53.808
[student] WAIT NO-TRAY-MATCH p=0.23 elixir 3 opp~? units 3 dets 4 (waits 3631/5053 badhand 1562/7362) tap [?,?,?,?] wall=13:12:55.676
[student] PLAY ice_wizard p=0.39 cell 250 board (0.92, 0.55) units 3 26 ms tap [ice_wizard,x_bow,tesla,rocket] hand [ice_wizard,x_bow,tesla,rocket] elixir 5 wall=13:12:59.311
[student] TAP slot 0 ice_wizard cell 250 wall=13:12:59.647
[student] TRAY first +0.25s tapped slot 0 meant ice_wizard before [ice_wizard,x_bow,tesla,rocket] now [?,ice_wizard,tesla,rocket] slot_now ? elixir 5->3 wall=13:12:59.896
[student] TRAY settled +0.55s tapped slot 0 meant ice_wizard before [ice_wizard,x_bow,tesla,rocket] now [?,tesla,tesla,rocket] slot_now ? elixir 5->3 wall=13:13:00.196
[student] PLAY tesla p=0.38 cell 242 board (0.44, 0.56) units 3 19 ms tap [?,?,tesla,?] hand [?,x_bow,tesla,rocket] elixir 4 wall=13:13:01.036
[student] TAP slot 2 tesla cell 242 wall=13:13:01.364
[student] TRAY first +0.29s tapped slot 2 meant tesla before [?,x_bow,tesla,rocket] now [knight,tornado,?,rocket] slot_now ? elixir 4->4 wall=13:13:01.657
[student] TRAY settled +0.68s tapped slot 2 meant tesla before [?,x_bow,tesla,rocket] now [knight,?,?,rocket] slot_now ? elixir 4->1 wall=13:13:02.039
13:13:02 [play] UNKNOWN 0.4s after in-match -> grace hold (label lost: overtime / end animation / dropout; up to 150s)
13:13:10 [play] state: MATCH_END
13:13:10 [nav] MATCH_END -> Play Again (located) (0.348,0.914)
13:13:11 [play] state: UNKNOWN
13:13:17 [play] state: IN_MATCH
[student] WAIT | exact=0 opp=? next=2 t=1s hand=[7, 3, 4, 6] tw=1.01.01.01.01.01.0 sp=0 unk=0 p=0.00 elixir 7 opp~? units 0 dets 0 (waits 3638/5062 badhand 1566/7374) tap [skeletons,x_bow,rocket,the_log] wall=13:13:18.611
[student] WAIT | exact=0 opp=? next=2 t=7s hand=[7, 3, 4, 6] tw=1.01.01.01.01.01.0 sp=0 unk=0 p=0.01 elixir 9 opp~? units 1 dets 1 (waits 3648/5072 badhand 1566/7384) tap [skeletons,x_bow,rocket,the_log] wall=13:13:24.148
[student] STALL-PLAY the_log p=0.04 cell 328 board (0.25, 0.77) units 2 23 ms tap [skeletons,x_bow,rocket,the_log] hand [skeletons,x_bow,rocket,the_log] elixir 10 wall=13:13:29.432
[student] TAP slot 3 the_log cell 363 wall=13:13:29.763
[student] TRAY first +0.24s tapped slot 3 meant the_log before [skeletons,x_bow,rocket,the_log] now [skeletons,x_bow,rocket,?] slot_now ? elixir 10->8 wall=13:13:30.003
[student] PLAY x_bow p=0.30 cell 267 board (0.86, 0.61) units 1 18 ms tap [skeletons,x_bow,rocket,?] hand [skeletons,x_bow,rocket,?] elixir 8 wall=13:13:30.075
[student] TAP slot 1 x_bow cell 267 wall=13:13:30.408
[student] TRAY first +0.26s tapped slot 1 meant x_bow before [skeletons,x_bow,rocket,?] now [skeletons,?,rocket,?] slot_now ? elixir 8->6 wall=13:13:30.669
[student] PLAY skeletons p=0.86 cell 247 board (0.75, 0.55) units 2 22 ms tap [skeletons,?,?,?] hand [skeletons,?,rocket,?] elixir 6 wall=13:13:30.748
[student] TAP slot 0 skeletons cell 247 wall=13:13:31.092
[student] TRAY first +0.24s tapped slot 0 meant skeletons before [skeletons,?,rocket,?] now [?,?,rocket,ice_wizard] slot_now ? elixir 6->1 wall=13:13:31.329
[student] TRAY settled +0.97s tapped slot 0 meant skeletons before [skeletons,?,rocket,?] now [?,tornado,rocket,ice_wizard] slot_now ? elixir 6->1 wall=13:13:32.061
[student] PLAY knight p=0.40 cell 247 board (0.75, 0.55) units 2 17 ms tap [knight,tornado,?,ice_wizard] hand [knight,tornado,rocket,ice_wizard] elixir 3 wall=13:13:36.694
[student] TAP slot 0 knight cell 247 wall=13:13:37.025
[student] TRAY first +0.27s tapped slot 0 meant knight before [knight,tornado,rocket,ice_wizard] now [?,tornado,rocket,tornado] slot_now ? elixir 3->3 wall=13:13:37.297
[student] TRAY settled +1.06s tapped slot 0 meant knight before [knight,tornado,rocket,ice_wizard] now [?,tornado,rocket,ice_wizard] slot_now ? elixir 3->0 wall=13:13:38.088
[student] PLAY ice_wizard p=0.59 cell 249 board (0.86, 0.55) units 3 25 ms tap [?,tornado,?,ice_wizard] hand [tesla,tornado,rocket,ice_wizard] elixir 3 wall=13:13:45.488
[student] TAP slot 3 ice_wizard cell 249 wall=13:13:45.825
[student] TRAY first +0.21s tapped slot 3 meant ice_wizard before [tesla,tornado,rocket,ice_wizard] now [tesla,tornado,rocket,?] slot_now ? elixir 3->3 wall=13:13:46.036
[student] TRAY settled +0.52s tapped slot 3 meant ice_wizard before [tesla,tornado,rocket,ice_wizard] now [tesla,tornado,rocket,?] slot_now ? elixir 3->0 wall=13:13:46.340
[student] WAIT | exact=0 opp=? next=3 t=34s hand=[164, 0, 4, 6] tw=1.00.71.01.01.01.0 sp=0 unk=0 p=0.04 elixir 2 opp~? units 2 dets 2 (waits 3656/5085 badhand 1570/7399) tap [?,?,?,the_log] wall=13:13:50.936
[student] PLAY tesla p=0.49 cell 298 board (0.56, 0.69) units 2 16 ms tap [tesla,tornado,?,the_log] hand [tesla,tornado,rocket,the_log] elixir 4 wall=13:13:56.668
[student] TAP slot 0 tesla cell 298 wall=13:13:56.996
[student] TRAY first +0.28s tapped slot 0 meant tesla before [tesla,tornado,rocket,the_log] now [?,tornado,rocket,the_log] slot_now ? elixir 4->4 wall=13:13:57.280
[student] TRAY settled +0.61s tapped slot 0 meant tesla before [tesla,tornado,rocket,the_log] now [?,tornado,rocket,the_log] slot_now ? elixir 4->0 wall=13:13:57.604
[student] WAIT NO-TRAY-MATCH p=0.10 elixir 2 opp~? units 1 dets 1 (waits 3664/5094 badhand 1571/7410) tap [?,?,?,?] wall=13:14:02.481
[student] PLAY the_log p=0.66 cell 327 board (0.19, 0.77) units 2 26 ms tap [?,?,?,the_log] hand [ice_wizard,tornado,rocket,the_log] elixir 2 wall=13:14:04.073
[student] TAP slot 3 the_log cell 327 wall=13:14:04.407
[student] TRAY first +0.27s tapped slot 3 meant the_log before [ice_wizard,tornado,rocket,the_log] now [ice_wizard,tornado,rocket,?] slot_now ? elixir 2->2 wall=13:14:04.678
[student] TRAY settled +1.01s tapped slot 3 meant the_log before [ice_wizard,tornado,rocket,the_log] now [ice_wizard,tornado,rocket,?] slot_now ? elixir 2->1 wall=13:14:05.420
[student] PLAY skeletons p=0.51 cell 309 board (0.19, 0.73) units 2 24 ms tap [?,?,?,skeletons] hand [tesla,tornado,rocket,skeletons] elixir 1 wall=13:14:06.986
[student] TAP slot 3 skeletons cell 255 wall=13:14:07.312
[student] TRAY first +0.23s tapped slot 3 meant skeletons before [tesla,tornado,rocket,skeletons] now [ice_wizard,tornado,rocket,?] slot_now ? elixir 1->1 wall=13:14:07.546
[student] TRAY settled +0.94s tapped slot 3 meant skeletons before [tesla,tornado,rocket,skeletons] now [ice_wizard,tornado,rocket,?] slot_now ? elixir 1->1 wall=13:14:08.255
[student] WAIT p=0.10 elixir 4 opp~? units 0 dets 1 (waits 3670/5102 badhand 1571/7422) tap [?,tornado,?,knight] wall=13:14:16.561
[student] PLAY knight p=0.44 cell 295 board (0.42, 0.7) units 1 31 ms tap [x_bow,tornado,rocket,knight] hand [x_bow,tornado,rocket,knight] elixir 6 wall=13:14:22.165
[student] TAP slot 3 knight cell 295 wall=13:14:22.496
[student] TRAY first +0.23s tapped slot 3 meant knight before [x_bow,tornado,rocket,knight] now [x_bow,tornado,rocket,?] slot_now ? elixir 6->6 wall=13:14:22.724
[student] TRAY settled +0.57s tapped slot 3 meant knight before [x_bow,tornado,rocket,knight] now [ice_wizard,tornado,rocket,?] slot_now ? elixir 6->3 wall=13:14:23.063
[student] WAIT | exact=0 opp=? next=2 t=67s hand=[2, 0, 4, -1] tw=1.00.0x1.01.01.01.0 sp=0 unk=0 p=0.01 elixir 3 opp~? units 1 dets 1 (waits 3680/5113 badhand 1574/7433) tap [?,tornado,?,?] wall=13:14:23.695
[student] PLAY tornado p=0.28 cell 350 board (0.47, 0.83) units 2 22 ms tap [?,tornado,?,ice_wizard] hand [x_bow,tornado,rocket,ice_wizard] elixir 4 wall=13:14:24.886
[student] TAP slot 1 tornado cell 350 wall=13:14:25.230
[student] TRAY first +0.27s tapped slot 1 meant tornado before [x_bow,tornado,rocket,ice_wizard] now [ice_wizard,?,rocket,ice_wizard] slot_now ? elixir 4->3 wall=13:14:25.498
[student] TRAY settled +1.00s tapped slot 1 meant tornado before [x_bow,tornado,rocket,ice_wizard] now [tesla,?,rocket,ice_wizard] slot_now ? elixir 4->1 wall=13:14:26.226
[student] WAIT p=0.07 elixir 4 opp~? units 1 dets 2 (waits 3682/5116 badhand 1575/7444) tap [?,tesla,?,ice_wizard] wall=13:14:33.201
[student] WAIT | exact=0 opp=? next=6 t=83s hand=[3, 164, 4, 2] tw=1.00.0x1.01.01.01.0 sp=1 unk=0 p=0.04 elixir 6 opp~? units 2 dets 3 (waits 3692/5126 badhand 1575/7454) tap [x_bow,tesla,rocket,ice_wizard] wall=13:14:40.142
[student] PLAY ice_wizard p=0.50 cell 341 board (0.97, 0.77) units 1 17 ms tap [x_bow,tesla,rocket,ice_wizard] hand [x_bow,tesla,rocket,ice_wizard] elixir 9 wall=13:14:47.393
[student] TAP slot 3 ice_wizard cell 341 wall=13:14:47.729
[student] TRAY first +0.28s tapped slot 3 meant ice_wizard before [x_bow,tesla,rocket,ice_wizard] now [x_bow,tesla,rocket,?] slot_now ? elixir 9->6 wall=13:14:48.004
[student] PLAY tesla p=0.34 cell 279 board (0.5, 0.66) units 3 25 ms tap [x_bow,tesla,rocket,?] hand [x_bow,tesla,rocket,?] elixir 6 wall=13:14:48.086
[student] TAP slot 1 tesla cell 279 wall=13:14:48.429
[student] TRAY first +0.27s tapped slot 1 meant tesla before [x_bow,tesla,rocket,?] now [the_log,?,rocket,?] slot_now ? elixir 6->4 wall=13:14:48.695
[student] WAIT NO-TRAY-MATCH p=0.13 elixir 4 opp~? units 3 dets 3 (waits 3701/5137 badhand 1577/7466) tap [?,?,?,?] wall=13:14:48.778
[student] TRAY settled +0.65s tapped slot 1 meant tesla before [x_bow,tesla,rocket,?] now [ice_wizard,?,?,?] slot_now ? elixir 6->2 wall=13:14:49.074
[student] PLAY the_log p=0.35 cell 248 board (0.81, 0.55) units 3 24 ms tap [?,?,?,the_log] hand [ice_wizard,?,rocket,the_log] elixir 2 wall=13:14:49.692
[student] TAP slot 3 the_log cell 266 wall=13:14:50.025
[student] TRAY first +0.25s tapped slot 3 meant the_log before [ice_wizard,?,rocket,the_log] now [ice_wizard,skeletons,rocket,?] slot_now ? elixir 2->2 wall=13:14:50.279
[student] PLAY skeletons p=0.54 cell 248 board (0.81, 0.55) units 2 16 ms tap [?,skeletons,?,?] hand [ice_wizard,skeletons,rocket,?] elixir 2 wall=13:14:50.359
[student] TAP slot 1 skeletons cell 248 wall=13:14:50.702
[student] TRAY first +0.25s tapped slot 1 meant skeletons before [ice_wizard,skeletons,rocket,?] now [x_bow,?,rocket,?] slot_now ? elixir 2->1 wall=13:14:50.951
[student] TRAY settled +0.61s tapped slot 1 meant skeletons before [ice_wizard,skeletons,rocket,?] now [tornado,?,rocket,?] slot_now ? elixir 2->0 wall=13:14:51.311
[student] PLAY tornado p=0.62 cell 332 board (0.47, 0.77) units 2 9 ms tap [?,tornado,?,knight_evo] hand [ice_wizard,tornado,rocket,knight_evo] elixir 3 wall=13:14:59.146
[student] TAP slot 1 tornado cell 332 wall=13:14:59.489
[student] TRAY first +0.77s tapped slot 1 meant tornado before [ice_wizard,tornado,rocket,knight_evo] now [tornado,?,rocket,knight_evo] slot_now ? elixir 3->3 wall=13:15:00.255
[student] PLAY knight_evo p=0.66 cell 320 board (0.81, 0.73) units 1 8 ms tap [?,?,?,knight_evo] hand [ice_wizard,ice_wizard,rocket,knight_evo] elixir 3 wall=13:15:09.877
[student] TAP slot 3 knight_evo cell 266 wall=13:15:10.224
[student] TRAY first +1.06s tapped slot 3 meant knight_evo before [ice_wizard,ice_wizard,rocket,knight_evo] now [ice_wizard,ice_wizard,rocket,?] slot_now ? elixir 3->3 wall=13:15:11.287
[student] WAIT NO-TRAY-MATCH p=0.26 elixir 3 opp~? units 1 dets 1 (waits 3703/5143 badhand 1581/7480) tap [?,?,?,?] wall=13:15:11.368
[clock] icon reads x3 but the clock reads x1 -> using the clock (x1)
[clock] icon reads x3 but the clock reads x2 -> using the clock (x2)
13:15:17 [play] elixir x2
[student] WAIT p=0.26 elixir 7 opp~? units 3 dets 4 (waits 3710/5150 badhand 1581/7490) tap [x_bow,ice_wizard,rocket,tesla_evo] wall=13:15:20.798
[student] PLAY x_bow p=0.57 cell 254 board (0.14, 0.61) units 2 19 ms tap [x_bow,ice_wizard,rocket,tesla_evo] hand [x_bow,ice_wizard,rocket,tesla_evo] elixir 8 wall=13:15:21.498
[student] TAP slot 0 x_bow cell 254 wall=13:15:21.845
[student] TRAY first +0.69s tapped slot 0 meant x_bow before [x_bow,ice_wizard,rocket,tesla_evo] now [?,ice_wizard,rocket,tesla_evo] slot_now ? elixir 8->6 wall=13:15:22.535
[student] PLAY ice_wizard p=0.49 cell 239 board (0.31, 0.55) units 2 17 ms tap [the_log,ice_wizard,?,?] hand [the_log,ice_wizard,rocket,tesla_evo] elixir 3 wall=13:15:23.829
[student] TAP slot 1 ice_wizard cell 239 wall=13:15:24.163
[student] TRAY first +0.70s tapped slot 1 meant ice_wizard before [the_log,ice_wizard,rocket,tesla_evo] now [the_log,?,rocket,tesla] slot_now ? elixir 3->3 wall=13:15:24.863
[student] PLAY skeletons p=0.34 cell 235 board (0.08, 0.55) units 3 21 ms tap [the_log,skeletons,?,?] hand [the_log,skeletons,rocket,tesla] elixir 2 wall=13:15:26.409
[student] TAP slot 1 skeletons cell 235 wall=13:15:26.742
[student] TRAY first +0.62s tapped slot 1 meant skeletons before [the_log,skeletons,rocket,tesla] now [the_log,?,rocket,tesla] slot_now ? elixir 2->3 wall=13:15:27.360
[student] PLAY the_log p=0.35 cell 374 board (0.81, 0.86) units 4 16 ms tap [the_log,tornado,?,?] hand [the_log,tornado,rocket,tesla_evo] elixir 3 wall=13:15:28.873
[student] TAP slot 0 the_log cell 374 wall=13:15:29.207
[student] TRAY first +0.66s tapped slot 0 meant the_log before [the_log,tornado,rocket,tesla_evo] now [?,tornado,rocket,?] slot_now ? elixir 3->2 wall=13:15:29.867
[student] PLAY knight p=0.54 cell 236 board (0.14, 0.55) units 4 30 ms tap [knight,tornado,?,?] hand [knight,tornado,rocket,tesla_evo] elixir 3 wall=13:15:31.444
[student] TAP slot 0 knight cell 236 wall=13:15:31.773
[student] TRAY first +0.75s tapped slot 0 meant knight before [knight,tornado,rocket,tesla_evo] now [?,tornado,rocket,tesla] slot_now ? elixir 3->3 wall=13:15:32.521
[student] PLAY tornado p=0.71 cell 80 board (0.47, 0.2) units 4 29 ms tap [?,tornado,?,?] hand [ice_wizard,tornado,rocket,tesla_evo] elixir 3 wall=13:15:35.573
[assist] TORNADO nearest cell 80->194 target battle_healer at (0.73,0.39) enemy tracks 8 wall=13:15:35.573
[student] TAP slot 1 tornado cell 194 wall=13:15:35.919
[student] TRAY first +0.51s tapped slot 1 meant tornado before [ice_wizard,tornado,rocket,tesla_evo] now [tornado,?,rocket,tesla] slot_now ? elixir 3->3 wall=13:15:36.429
[student] WAIT NO-TRAY-MATCH p=0.11 elixir 2 opp~? units 4 dets 4 (waits 3713/5159 badhand 1588/7506) tap [?,?,?,?] wall=13:15:38.774
[student] PLAY tesla_evo p=0.71 cell 239 board (0.28, 0.56) units 4 25 ms tap [?,ice_wizard,?,tesla_evo] hand [x_bow,ice_wizard,rocket,tesla_evo] elixir 4 wall=13:15:41.414
[student] TAP slot 3 tesla_evo cell 296 wall=13:15:41.757
[student] TRAY first +0.25s tapped slot 3 meant tesla_evo before [x_bow,ice_wizard,rocket,tesla_evo] now [ice_wizard,ice_wizard,rocket,?] slot_now ? elixir 4->4 wall=13:15:42.009
[student] TRAY settled +0.65s tapped slot 3 meant tesla_evo before [x_bow,ice_wizard,rocket,tesla_evo] now [ice_wizard,ice_wizard,rocket,?] slot_now ? elixir 4->1 wall=13:15:42.404
[student] PLAY skeletons p=0.67 cell 235 board (0.08, 0.55) units 8 24 ms tap [?,?,?,skeletons] hand [the_log,ice_wizard,rocket,skeletons] elixir 2 wall=13:15:43.637
[student] TAP slot 3 skeletons cell 235 wall=13:15:43.973
[student] TRAY first +0.29s tapped slot 3 meant skeletons before [the_log,ice_wizard,rocket,skeletons] now [tesla,ice_wizard,rocket,?] slot_now ? elixir 2->1 wall=13:15:44.263
[student] TRAY settled +0.62s tapped slot 3 meant skeletons before [the_log,ice_wizard,rocket,skeletons] now [tesla,ice_wizard,rocket,?] slot_now ? elixir 2->1 wall=13:15:44.593
[student] PLAY the_log p=0.48 cell 236 board (0.14, 0.55) units 4 24 ms tap [?,?,?,the_log] hand [ice_wizard,ice_wizard,rocket,the_log] elixir 2 wall=13:15:46.363
[student] TAP slot 3 the_log cell 254 wall=13:15:46.706
[student] TRAY first +0.25s tapped slot 3 meant the_log before [ice_wizard,ice_wizard,rocket,the_log] now [tesla,ice_wizard,rocket,?] slot_now ? elixir 2->2 wall=13:15:46.955
[student] TRAY settled +0.61s tapped slot 3 meant the_log before [ice_wizard,ice_wizard,rocket,the_log] now [tesla,ice_wizard,rocket,?] slot_now ? elixir 2->1 wall=13:15:47.319
[student] WAIT p=0.18 elixir 5 opp~? units 2 dets 2 (waits 3718/5167 badhand 1590/7519) tap [?,ice_wizard,?,knight] wall=13:15:51.913
[student] PLAY x_bow p=0.29 cell 267 board (0.86, 0.61) units 1 20 ms tap [x_bow,ice_wizard,rocket,knight] hand [x_bow,ice_wizard,rocket,knight] elixir 6 wall=13:15:53.822
[student] TAP slot 0 x_bow cell 267 wall=13:15:54.163
[student] TRAY first +0.26s tapped slot 0 meant x_bow before [x_bow,ice_wizard,rocket,knight] now [?,tornado,rocket,knight] slot_now ? elixir 6->6 wall=13:15:54.427
[student] TRAY settled +1.07s tapped slot 0 meant x_bow before [x_bow,ice_wizard,rocket,knight] now [?,ice_wizard,rocket,knight] slot_now ? elixir 6->1 wall=13:15:55.231
[student] PLAY knight p=0.66 cell 247 board (0.75, 0.55) units 4 23 ms tap [tornado,ice_wizard,?,knight] hand [tornado,ice_wizard,rocket,knight] elixir 3 wall=13:15:57.864
[student] TAP slot 3 knight cell 247 wall=13:15:58.198
[student] TRAY first +0.26s tapped slot 3 meant knight before [tornado,ice_wizard,rocket,knight] now [tornado,ice_wizard,rocket,?] slot_now ? elixir 3->3 wall=13:15:58.455
[student] TRAY settled +0.60s tapped slot 3 meant knight before [tornado,ice_wizard,rocket,knight] now [tornado,tornado,rocket,?] slot_now ? elixir 3->0 wall=13:15:58.798
[student] PLAY ice_wizard p=0.53 cell 319 board (0.75, 0.73) units 2 5 ms tap [tornado,ice_wizard,?,?] hand [tornado,ice_wizard,rocket,tesla] elixir 3 wall=13:16:02.218
[student] TAP slot 1 ice_wizard cell 265 wall=13:16:02.544
[student] TRAY first +0.45s tapped slot 1 meant ice_wizard before [tornado,ice_wizard,rocket,tesla] now [tornado,?,rocket,tesla] slot_now ? elixir 3->3 wall=13:16:02.996
[student] TRAY settled +1.22s tapped slot 1 meant ice_wizard before [tornado,ice_wizard,rocket,tesla] now [tornado,?,rocket,tesla] slot_now ? elixir 3->1 wall=13:16:03.763
[student] PLAY skeletons p=0.63 cell 302 board (0.81, 0.67) units 3 23 ms tap [tornado,skeletons,?,?] hand [tornado,skeletons,rocket,tesla] elixir 3 wall=13:16:06.707
[student] TAP slot 1 skeletons cell 302 wall=13:16:07.039
[student] TRAY first +0.23s tapped slot 1 meant skeletons before [tornado,skeletons,rocket,tesla] now [tornado,?,rocket,tesla] slot_now ? elixir 3->1 wall=13:16:07.271
[student] TRAY settled +0.98s tapped slot 1 meant skeletons before [tornado,skeletons,rocket,tesla] now [tornado,?,rocket,tesla] slot_now ? elixir 3->3 wall=13:16:08.016
[student] WAIT p=0.21 elixir 3 opp~? units 1 dets 1 (waits 3725/5178 badhand 1594/7533) tap [tornado,?,?,?] wall=13:16:08.096
[student] PLAY the_log p=0.29 cell 248 board (0.81, 0.55) units 2 15 ms tap [tornado,the_log,?,tesla] hand [tornado,the_log,rocket,tesla] elixir 4 wall=13:16:08.835
[student] TAP slot 1 the_log cell 248 wall=13:16:09.173
[student] TRAY first +0.26s tapped slot 1 meant the_log before [tornado,the_log,rocket,tesla] now [tornado,?,rocket,tesla] slot_now ? elixir 4->2 wall=13:16:09.433
[student] TRAY settled +0.85s tapped slot 1 meant the_log before [tornado,the_log,rocket,tesla] now [tornado,?,rocket,tesla] slot_now ? elixir 4->2 wall=13:16:10.021
[student] PLAY tornado p=0.28 cell 158 board (0.81, 0.36) units 2 18 ms tap [tornado,?,?,?] hand [tornado,ice_wizard,rocket,tesla] elixir 3 wall=13:16:10.865
[assist] TORNADO king-spot cell 158->332 trigger knight at (0.45,0.56) enemy tracks 3 wall=13:16:10.866
[student] TAP slot 0 tornado cell 332 wall=13:16:11.195
[student] TRAY first +0.29s tapped slot 0 meant tornado before [tornado,ice_wizard,rocket,tesla] now [?,?,rocket,tesla] slot_now ? elixir 3->3 wall=13:16:11.483
[student] TRAY settled +0.57s tapped slot 0 meant tornado before [tornado,ice_wizard,rocket,tesla] now [?,?,rocket,tesla] slot_now ? elixir 3->1 wall=13:16:11.763
13:16:13 [play] UNKNOWN 0.5s after in-match -> grace hold (label lost: overtime / end animation / dropout; up to 150s)
13:16:20 [play] state: MATCH_END
13:16:20 [nav] MATCH_END -> Play Again (located) (0.348,0.914)
13:16:21 [play] state: UNKNOWN
13:16:28 [play] state: IN_MATCH
[student] WAIT p=0.17 elixir 9 opp~? units 0 dets 0 (waits 3734/5189 badhand 1595/7545) tap [knight,ice_wizard,rocket,skeletons] wall=13:16:34.888
[student] PLAY skeletons p=0.42 cell 423 board (0.53, 0.98) units 0 23 ms tap [knight,ice_wizard,rocket,skeletons] hand [knight,ice_wizard,rocket,skeletons] elixir 10 wall=13:16:35.566
[student] TAP slot 3 skeletons cell 423 wall=13:16:35.895
[student] TRAY first +0.44s tapped slot 3 meant skeletons before [knight,ice_wizard,rocket,skeletons] now [knight,ice_wizard,rocket,?] slot_now ? elixir 10->9 wall=13:16:36.336
[student] PLAY knight p=0.28 cell 423 board (0.53, 0.98) units 1 21 ms tap [knight,ice_wizard,rocket,?] hand [knight,ice_wizard,rocket,?] elixir 9 wall=13:16:36.415
[student] TAP slot 0 knight cell 423 wall=13:16:36.744
[student] TRAY first +0.24s tapped slot 0 meant knight before [knight,ice_wizard,rocket,?] now [?,ice_wizard,rocket,?] slot_now ? elixir 9->9 wall=13:16:36.983
[student] PLAY ice_wizard p=0.70 cell 423 board (0.53, 0.98) units 0 16 ms tap [?,ice_wizard,rocket,?] hand [?,ice_wizard,rocket,?] elixir 9 wall=13:16:37.050
[student] TAP slot 1 ice_wizard cell 423 wall=13:16:37.378
[student] TRAY first +0.26s tapped slot 1 meant ice_wizard before [?,ice_wizard,rocket,?] now [?,?,rocket,tornado] slot_now ? elixir 9->3 wall=13:16:37.633
[student] TRAY settled +0.58s tapped slot 1 meant ice_wizard before [?,ice_wizard,rocket,?] now [?,?,rocket,tornado] slot_now ? elixir 9->3 wall=13:16:37.958
[student] WAIT | exact=0 opp=? next=164 t=15s hand=[6, 3, 4, 0] tw=1.01.01.01.01.01.0 sp=0 unk=0 p=0.05 elixir 5 opp~? units 4 dets 4 (waits 3744/5202 badhand 1600/7558) tap [the_log,?,?,tornado] wall=13:16:43.250
[student] WAIT p=0.21 elixir 7 opp~? units 3 dets 3 (waits 3754/5212 badhand 1600/7568) tap [the_log,x_bow,rocket,tornado] wall=13:16:50.657
[student] PLAY the_log p=0.43 cell 248 board (0.81, 0.55) units 3 28 ms tap [the_log,x_bow,rocket,tornado] hand [the_log,x_bow,rocket,tornado] elixir 8 wall=13:16:51.430
[student] TAP slot 0 the_log cell 248 wall=13:16:51.761
[student] TRAY first +0.24s tapped slot 0 meant the_log before [the_log,x_bow,rocket,tornado] now [?,x_bow,rocket,tornado] slot_now ? elixir 8->5 wall=13:16:52.004
[student] TRAY settled +0.96s tapped slot 0 meant the_log before [the_log,x_bow,rocket,tornado] now [?,x_bow,rocket,tornado] slot_now ? elixir 8->6 wall=13:16:52.720
[student] PLAY tesla p=0.33 cell 297 board (0.5, 0.69) units 2 15 ms tap [tesla,x_bow,rocket,tornado] hand [tesla,x_bow,rocket,tornado] elixir 7 wall=13:16:54.991
[student] TAP slot 0 tesla cell 297 wall=13:16:55.319
[student] TRAY first +0.22s tapped slot 0 meant tesla before [tesla,x_bow,rocket,tornado] now [?,ice_wizard,rocket,tornado] slot_now ? elixir 7->4 wall=13:16:55.543
[student] TRAY settled +0.55s tapped slot 0 meant tesla before [tesla,x_bow,rocket,tornado] now [?,ice_wizard,rocket,tornado] slot_now ? elixir 7->3 wall=13:16:55.867
[student] WAIT p=0.24 elixir 4 opp~? units 6 dets 6 (waits 3764/5224 badhand 1606/7580) tap [skeletons,?,?,tornado] wall=13:16:57.200
[student] PLAY skeletons p=0.34 cell 241 board (0.42, 0.55) units 5 23 ms tap [skeletons,?,?,tornado] hand [skeletons,x_bow,rocket,tornado] elixir 4 wall=13:16:58.802
[student] TAP slot 0 skeletons cell 241 wall=13:16:59.139
[student] TRAY first +0.26s tapped slot 0 meant skeletons before [skeletons,x_bow,rocket,tornado] now [?,tesla,rocket,tornado] slot_now ? elixir 4->2 wall=13:16:59.397
[student] TRAY settled +0.61s tapped slot 0 meant skeletons before [skeletons,x_bow,rocket,tornado] now [?,tesla,rocket,tornado] slot_now ? elixir 4->4 wall=13:16:59.747
[student] PLAY knight p=0.75 cell 235 board (0.08, 0.55) units 5 17 ms tap [knight,?,?,tornado] hand [knight,x_bow,rocket,tornado] elixir 4 wall=13:17:01.039
[student] TAP slot 0 knight cell 235 wall=13:17:01.369
[student] TRAY first +0.25s tapped slot 0 meant knight before [knight,x_bow,rocket,tornado] now [?,the_log,rocket,tornado] slot_now ? elixir 4->3 wall=13:17:01.623
[student] TRAY settled +0.57s tapped slot 0 meant knight before [knight,x_bow,rocket,tornado] now [?,the_log,rocket,tornado] slot_now ? elixir 4->1 wall=13:17:01.943
[student] WAIT NO-TRAY-MATCH p=0.00 elixir 2 opp~? units 4 dets 4 (waits 3769/5231 badhand 1610/7592) tap [?,?,?,?] wall=13:17:03.652
[student] PLAY tornado p=0.47 cell 221 board (0.31, 0.52) units 5 14 ms tap [?,?,?,tornado] hand [ice_wizard,ice_wizard,rocket,tornado] elixir 3 wall=13:17:05.458
[assist] TORNADO king-spot cell 221->333 trigger goblinstein at (0.51,0.54) enemy tracks 10 wall=13:17:05.459
[student] TAP slot 3 tornado cell 333 wall=13:17:05.785
[student] TRAY first +0.26s tapped slot 3 meant tornado before [ice_wizard,ice_wizard,rocket,tornado] now [tornado,x_bow,rocket,?] slot_now ? elixir 3->3 wall=13:17:06.042
[student] TRAY settled +0.59s tapped slot 3 meant tornado before [ice_wizard,ice_wizard,rocket,tornado] now [tornado,x_bow,rocket,?] slot_now ? elixir 3->0 wall=13:17:06.373
[student] PLAY the_log p=0.56 cell 337 board (0.75, 0.77) units 2 25 ms tap [?,?,?,the_log] hand [ice_wizard,ice_wizard,rocket,the_log] elixir 3 wall=13:17:14.930
[student] TAP slot 3 the_log cell 265 wall=13:17:15.266
[student] TRAY first +0.25s tapped slot 3 meant the_log before [ice_wizard,ice_wizard,rocket,the_log] now [ice_wizard,the_log,rocket,?] slot_now ? elixir 3->2 wall=13:17:15.518
[student] WAIT NO-TRAY-MATCH p=0.43 elixir 2 opp~? units 2 dets 3 (waits 3770/5234 badhand 1612/7604) tap [?,?,?,?] wall=13:17:15.588
[student] TRAY settled +0.58s tapped slot 3 meant the_log before [ice_wizard,ice_wizard,rocket,the_log] now [ice_wizard,the_log,rocket,?] slot_now ? elixir 3->1 wall=13:17:15.842
[student] WAIT | exact=0 opp=? next=7 t=53s hand=[2, 164, 4, 164] tw=1.01.01.01.01.01.0 sp=0 unk=0 p=0.03 elixir 3 opp~? units 2 dets 2 (waits 3771/5235 badhand 1613/7614) tap [ice_wizard,?,?,?] wall=13:17:21.564
[student] PLAY ice_wizard p=0.39 cell 297 board (0.53, 0.7) units 1 17 ms tap [ice_wizard,?,?,tesla] hand [ice_wizard,x_bow,rocket,tesla] elixir 5 wall=13:17:27.627
[student] TAP slot 0 ice_wizard cell 297 wall=13:17:27.960
[student] TRAY first +0.25s tapped slot 0 meant ice_wizard before [ice_wizard,x_bow,rocket,tesla] now [?,ice_wizard,rocket,tesla] slot_now ? elixir 5->3 wall=13:17:28.213
[student] TRAY settled +0.79s tapped slot 0 meant ice_wizard before [ice_wizard,x_bow,rocket,tesla] now [?,ice_wizard,rocket,tesla] slot_now ? elixir 5->3 wall=13:17:28.747
[student] WAIT NO-TRAY-MATCH p=0.47 elixir 3 opp~? units 2 dets 2 (waits 3779/5244 badhand 1615/7625) tap [?,?,?,?] wall=13:17:28.826
[student] PLAY skeletons p=0.89 cell 242 board (0.47, 0.55) units 1 15 ms tap [skeletons,?,?,?] hand [skeletons,ice_wizard,rocket,tesla] elixir 3 wall=13:17:29.563
[student] TAP slot 0 skeletons cell 242 wall=13:17:29.893
[student] TRAY first +0.27s tapped slot 0 meant skeletons before [skeletons,ice_wizard,rocket,tesla] now [?,the_log,rocket,tesla] slot_now ? elixir 3->2 wall=13:17:30.162
[student] TRAY settled +0.63s tapped slot 0 meant skeletons before [skeletons,ice_wizard,rocket,tesla] now [?,the_log,rocket,tesla] slot_now ? elixir 3->2 wall=13:17:30.522
[student] PLAY knight_evo p=0.73 cell 243 board (0.53, 0.55) units 9 20 ms tap [knight_evo,?,?,?] hand [knight_evo,ice_wizard,rocket,tesla] elixir 3 wall=13:17:31.343
[student] TAP slot 0 knight_evo cell 243 wall=13:17:31.678
[student] TRAY first +0.27s tapped slot 0 meant knight_evo before [knight_evo,ice_wizard,rocket,tesla] now [?,x_bow,rocket,tesla] slot_now ? elixir 3->3 wall=13:17:31.948
[student] TRAY settled +0.62s tapped slot 0 meant knight_evo before [knight_evo,ice_wizard,rocket,tesla] now [?,tornado,rocket,tesla] slot_now ? elixir 3->0 wall=13:17:32.296
[student] WAIT p=0.13 elixir 3 opp~? units 2 dets 2 (waits 3781/5248 badhand 1618/7637) tap [tornado,?,?,?] wall=13:17:39.803
[student] WAIT p=0.13 elixir 5 opp~? units 1 dets 1 (waits 3791/5258 badhand 1618/7647) tap [tornado,?,?,tesla] wall=13:17:46.632
[student] PLAY tesla p=0.37 cell 279 board (0.5, 0.66) units 3 27 ms tap [tornado,x_bow,rocket,tesla] hand [tornado,x_bow,rocket,tesla] elixir 7 wall=13:17:50.325
[student] TAP slot 3 tesla cell 279 wall=13:17:50.668
[student] TRAY first +0.25s tapped slot 3 meant tesla before [tornado,x_bow,rocket,tesla] now [tornado,ice_wizard,rocket,?] slot_now ? elixir 7->4 wall=13:17:50.920
[student] TRAY settled +0.63s tapped slot 3 meant tesla before [tornado,x_bow,rocket,tesla] now [tornado,ice_wizard,rocket,?] slot_now ? elixir 7->3 wall=13:17:51.297
[student] PLAY tornado p=0.36 cell 173 board (0.64, 0.39) units 3 14 ms tap [tornado,?,?,?] hand [tornado,ice_wizard,rocket,?] elixir 3 wall=13:17:51.365
[student] TAP slot 0 tornado cell 173 wall=13:17:51.698
[student] TRAY first +0.27s tapped slot 0 meant tornado before [tornado,ice_wizard,rocket,?] now [?,tornado,rocket,?] slot_now ? elixir 3->3 wall=13:17:51.968
[student] TRAY settled +1.07s tapped slot 0 meant tornado before [tornado,ice_wizard,rocket,?] now [?,?,rocket,the_log] slot_now ? elixir 3->0 wall=13:17:52.766
[student] WAIT NO-TRAY-MATCH p=0.04 elixir 2 opp~? units 2 dets 2 (waits 3797/5266 badhand 1621/7659) tap [?,?,?,?] wall=13:17:57.906
[student] WAIT p=0.06 elixir 5 opp~? units 2 dets 2 (waits 3806/5275 badhand 1621/7669) tap [ice_wizard,?,?,the_log] wall=13:18:05.614
[student] PLAY x_bow p=0.39 cell 265 board (0.75, 0.61) units 1 18 ms tap [ice_wizard,x_bow,rocket,the_log] hand [ice_wizard,x_bow,rocket,the_log] elixir 7 wall=13:18:11.266
[student] TAP slot 1 x_bow cell 265 wall=13:18:11.602
[student] TRAY first +1.16s tapped slot 1 meant x_bow before [ice_wizard,x_bow,rocket,the_log] now [ice_wizard,?,rocket,the_log] slot_now ? elixir 7->6 wall=13:18:12.764
[student] PLAY skeletons p=0.43 cell 250 board (0.92, 0.55) units 2 16 ms tap [ice_wizard,skeletons,?,the_log] hand [ice_wizard,skeletons,rocket,the_log] elixir 3 wall=13:18:17.378
[student] TAP slot 1 skeletons cell 250 wall=13:18:17.710
[student] TRAY first +1.13s tapped slot 1 meant skeletons before [ice_wizard,skeletons,rocket,the_log] now [ice_wizard,?,rocket,the_log] slot_now ? elixir 3->1 wall=13:18:18.843
[student] WAIT p=0.09 elixir 3 opp~? units 3 dets 3 (waits 3815/5286 badhand 1622/7681) tap [ice_wizard,knight,?,the_log] wall=13:18:19.996
[clock] icon reads x3 but the clock reads x1 -> using the clock (x1)
[student] PLAY ice_wizard p=0.39 cell 297 board (0.53, 0.67) units 3 23 ms tap [ice_wizard,knight,?,the_log] hand [ice_wizard,knight,rocket,the_log] elixir 5 wall=13:18:25.361
[student] TAP slot 0 ice_wizard cell 297 wall=13:18:25.705
[student] TRAY first +0.70s tapped slot 0 meant ice_wizard before [ice_wizard,knight,rocket,the_log] now [?,knight,rocket,the_log] slot_now ? elixir 5->6 wall=13:18:26.403
[student] PLAY knight p=0.59 cell 247 board (0.75, 0.55) units 5 22 ms tap [?,knight,?,the_log] hand [?,knight,rocket,the_log] elixir 4 wall=13:18:27.143
[student] TAP slot 1 knight cell 247 wall=13:18:27.480
[student] TRAY first +0.71s tapped slot 1 meant knight before [?,knight,rocket,the_log] now [tesla,?,rocket,the_log] slot_now ? elixir 4->4 wall=13:18:28.188
[clock] icon reads x3 but the clock reads x2 -> using the clock (x2)
13:18:28 [play] elixir x2
[student] PLAY the_log p=0.34 cell 248 board (0.81, 0.55) units 4 16 ms tap [?,?,?,the_log] hand [tesla,?,rocket,the_log] elixir 2 wall=13:18:28.929
[student] TAP slot 3 the_log cell 248 wall=13:18:29.265
[student] TRAY first +0.76s tapped slot 3 meant the_log before [tesla,?,rocket,the_log] now [tesla,tornado,rocket,?] slot_now ? elixir 2->2 wall=13:18:30.026
[student] PLAY tornado p=0.61 cell 176 board (0.81, 0.39) units 4 18 ms tap [?,tornado,?,?] hand [tesla_evo,tornado,rocket,ice_wizard] elixir 3 wall=13:18:32.966
[student] TAP slot 1 tornado cell 176 wall=13:18:33.311
[student] TRAY first +0.65s tapped slot 1 meant tornado before [tesla_evo,tornado,rocket,ice_wizard] now [tesla,?,rocket,?] slot_now ? elixir 3->3 wall=13:18:33.962
[student] PLAY skeletons p=0.79 cell 237 board (0.19, 0.58) units 6 22 ms tap [?,skeletons,?,?] hand [?,skeletons,rocket,the_log] elixir 1 wall=13:18:35.509
[student] TAP slot 1 skeletons cell 237 wall=13:18:35.852
[student] TRAY first +0.55s tapped slot 1 meant skeletons before [?,skeletons,rocket,the_log] now [tesla,?,rocket,tesla] slot_now ? elixir 1->1 wall=13:18:36.405
[student] WAIT NO-TRAY-MATCH p=0.13 elixir 2 opp~? units 5 dets 5 (waits 3820/5296 badhand 1627/7696) tap [?,?,?,?] wall=13:18:37.808
[student] PLAY ice_wizard p=0.70 cell 332 board (0.47, 0.77) units 6 22 ms tap [tesla_evo,ice_wizard,?,?] hand [tesla_evo,ice_wizard,rocket,x_bow] elixir 4 wall=13:18:39.884
[student] TAP slot 1 ice_wizard cell 332 wall=13:18:40.230
[student] TRAY first +0.65s tapped slot 1 meant ice_wizard before [tesla_evo,ice_wizard,rocket,x_bow] now [?,?,rocket,the_log] slot_now ? elixir 4->3 wall=13:18:40.883
[student] PLAY knight p=0.83 cell 250 board (0.92, 0.55) units 4 24 ms tap [?,knight,?,?] hand [tesla_evo,knight,rocket,ice_wizard] elixir 3 wall=13:18:43.199
[student] TAP slot 1 knight cell 250 wall=13:18:43.527
[student] TRAY first +0.66s tapped slot 1 meant knight before [tesla_evo,knight,rocket,ice_wizard] now [tesla,?,rocket,tesla] slot_now ? elixir 3->3 wall=13:18:44.186
[student] PLAY the_log p=0.55 cell 248 board (0.81, 0.55) units 4 16 ms tap [?,the_log,?,?] hand [tesla_evo,the_log,rocket,ice_wizard] elixir 3 wall=13:18:47.021
[student] TAP slot 1 the_log cell 338 wall=13:18:47.364
[student] TRAY first +0.63s tapped slot 1 meant the_log before [tesla_evo,the_log,rocket,ice_wizard] now [?,?,rocket,the_log] slot_now ? elixir 3->2 wall=13:18:47.992
[student] WAIT p=0.13 elixir 3 opp~? units 2 dets 3 (waits 3821/5300 badhand 1632/7709) tap [?,tornado,?,?] wall=13:18:49.321
[student] PLAY tornado p=0.91 cell 245 board (0.64, 0.58) units 5 12 ms tap [?,tornado,?,?] hand [tesla_evo,tornado,rocket,ice_wizard] elixir 3 wall=13:18:49.857
[student] TAP slot 1 tornado cell 245 wall=13:18:50.184
[student] TRAY first +0.26s tapped slot 1 meant tornado before [tesla_evo,tornado,rocket,ice_wizard] now [tesla,?,rocket,?] slot_now ? elixir 3->3 wall=13:18:50.443
[student] TRAY settled +0.59s tapped slot 1 meant tornado before [tesla_evo,tornado,rocket,ice_wizard] now [tesla,?,rocket,?] slot_now ? elixir 3->1 wall=13:18:50.770
[student] PLAY skeletons p=0.50 cell 242 board (0.47, 0.55) units 3 24 ms tap [?,skeletons,?,?] hand [tesla,skeletons,rocket,tesla] elixir 1 wall=13:18:51.630
[student] TAP slot 1 skeletons cell 242 wall=13:18:51.968
[student] TRAY first +0.24s tapped slot 1 meant skeletons before [tesla,skeletons,rocket,tesla] now [tesla,?,rocket,tesla] slot_now ? elixir 1->1 wall=13:18:52.206
[student] TRAY settled +0.99s tapped slot 1 meant skeletons before [tesla,skeletons,rocket,tesla] now [tesla,?,rocket,tesla] slot_now ? elixir 1->1 wall=13:18:52.959
[student] PLAY ice_wizard p=0.53 cell 332 board (0.47, 0.77) units 2 14 ms tap [tesla_evo,ice_wizard,?,?] hand [tesla_evo,ice_wizard,rocket,x_bow] elixir 4 wall=13:18:56.981
[student] TAP slot 1 ice_wizard cell 332 wall=13:18:57.313
[student] TRAY first +0.26s tapped slot 1 meant ice_wizard before [tesla_evo,ice_wizard,rocket,x_bow] now [?,?,rocket,the_log] slot_now ? elixir 4->3 wall=13:18:57.572
[student] TRAY settled +0.62s tapped slot 1 meant ice_wizard before [tesla_evo,ice_wizard,rocket,x_bow] now [tesla,?,rocket,the_log] slot_now ? elixir 4->2 wall=13:18:57.931
[student] PLAY knight_evo p=0.84 cell 320 board (0.81, 0.73) units 1 20 ms tap [?,knight_evo,?,?] hand [tesla_evo,knight_evo,rocket,ice_wizard] elixir 3 wall=13:18:59.936
[student] TAP slot 1 knight_evo cell 266 wall=13:19:00.279
[student] TRAY first +0.23s tapped slot 1 meant knight_evo before [tesla_evo,knight_evo,rocket,ice_wizard] now [tesla,?,rocket,?] slot_now ? elixir 3->3 wall=13:19:00.510
[student] TRAY settled +1.02s tapped slot 1 meant knight_evo before [tesla_evo,knight_evo,rocket,ice_wizard] now [tesla,?,rocket,?] slot_now ? elixir 3->1 wall=13:19:01.299
[student] PLAY the_log p=0.85 cell 338 board (0.81, 0.77) units 3 20 ms tap [?,the_log,?,?] hand [tesla,the_log,rocket,ice_wizard] elixir 2 wall=13:19:02.988
[student] TAP slot 1 the_log cell 338 wall=13:19:03.335
[student] TRAY first +0.25s tapped slot 1 meant the_log before [tesla,the_log,rocket,ice_wizard] now [tesla,?,rocket,tesla] slot_now ? elixir 2->2 wall=13:19:03.590
[student] TRAY settled +0.60s tapped slot 1 meant the_log before [tesla,the_log,rocket,ice_wizard] now [tesla,?,rocket,tesla] slot_now ? elixir 2->1 wall=13:19:03.937
[student] WAIT NO-TRAY-MATCH p=0.02 elixir 2 opp~? units 2 dets 3 (waits 3823/5307 badhand 1634/7724) tap [?,?,?,?] wall=13:19:04.833
[student] PLAY tesla_evo p=0.28 cell 243 board (0.5, 0.56) units 4 23 ms tap [tesla_evo,tornado,?,?] hand [tesla_evo,tornado,rocket,x_bow] elixir 5 wall=13:19:10.034
[student] TAP slot 0 tesla_evo cell 243 wall=13:19:10.368
[student] TRAY first +0.25s tapped slot 0 meant tesla_evo before [tesla_evo,tornado,rocket,x_bow] now [?,tornado,rocket,the_log] slot_now ? elixir 5->4 wall=13:19:10.620
[student] TRAY settled +0.60s tapped slot 0 meant tesla_evo before [tesla_evo,tornado,rocket,x_bow] now [?,tornado,rocket,the_log] slot_now ? elixir 5->2 wall=13:19:10.966
[student] WAIT p=0.16 elixir 3 opp~? units 5 dets 5 (waits 3830/5315 badhand 1636/7735) tap [skeletons,tornado,?,?] wall=13:19:11.929
[student] PLAY skeletons p=0.29 cell 244 board (0.58, 0.55) units 8 26 ms tap [skeletons,tornado,?,?] hand [skeletons,tornado,rocket,ice_wizard] elixir 3 wall=13:19:12.387
[student] TAP slot 0 skeletons cell 244 wall=13:19:12.718
[student] TRAY first +0.26s tapped slot 0 meant skeletons before [skeletons,tornado,rocket,ice_wizard] now [?,tornado,rocket,ice_wizard] slot_now ? elixir 3->2 wall=13:19:12.980
[student] TRAY settled +0.83s tapped slot 0 meant skeletons before [skeletons,tornado,rocket,ice_wizard] now [?,tornado,rocket,ice_wizard] slot_now ? elixir 3->3 wall=13:19:13.547
[student] PLAY ice_wizard p=0.45 cell 333 board (0.53, 0.77) units 5 24 ms tap [ice_wizard,tornado,?,?] hand [ice_wizard,tornado,rocket,x_bow] elixir 4 wall=13:19:15.599
[student] TAP slot 0 ice_wizard cell 333 wall=13:19:15.934
[student] TRAY first +0.26s tapped slot 0 meant ice_wizard before [ice_wizard,tornado,rocket,x_bow] now [?,tornado,rocket,the_log] slot_now ? elixir 4->3 wall=13:19:16.191
[student] TRAY settled +1.04s tapped slot 0 meant ice_wizard before [ice_wizard,tornado,rocket,x_bow] now [?,tornado,rocket,ice_wizard] slot_now ? elixir 4->2 wall=13:19:16.974
[student] PLAY tornado p=0.88 cell 224 board (0.47, 0.52) units 7 18 ms tap [knight,tornado,?,?] hand [knight,tornado,rocket,ice_wizard] elixir 3 wall=13:19:18.545
[assist] TORNADO king-spot cell 224->332 trigger ice_golem at (0.48,0.55) enemy tracks 7 wall=13:19:18.546
[student] TAP slot 1 tornado cell 332 wall=13:19:18.879
[student] TRAY first +0.27s tapped slot 1 meant tornado before [knight,tornado,rocket,ice_wizard] now [knight,?,rocket,tesla] slot_now ? elixir 3->3 wall=13:19:19.151
[student] TRAY settled +1.04s tapped slot 1 meant tornado before [knight,tornado,rocket,ice_wizard] now [knight,?,rocket,the_log] slot_now ? elixir 3->2 wall=13:19:19.920
[student] WAIT NO-TRAY-MATCH p=0.08 elixir 2 opp~? units 4 dets 5 (waits 3836/5324 badhand 1640/7748) tap [?,?,?,?] wall=13:19:20.326
[student] PLAY knight p=0.29 cell 298 board (0.58, 0.7) units 3 25 ms tap [knight,the_log,?,?] hand [knight,the_log,rocket,ice_wizard] elixir 4 wall=13:19:22.812
[student] TAP slot 0 knight cell 298 wall=13:19:23.147
[student] TRAY first +0.28s tapped slot 0 meant knight before [knight,the_log,rocket,ice_wizard] now [?,the_log,rocket,tesla] slot_now ? elixir 4->3 wall=13:19:23.427
13:19:24 [play] UNKNOWN 0.3s after in-match -> grace hold (label lost: overtime / end animation / dropout; up to 150s)
[student] TRAY settled +1.20s tapped slot 0 meant knight before [knight,the_log,rocket,ice_wizard] now [tesla,?,?,?] slot_now tesla elixir 4->0 wall=13:19:24.346
13:19:30 [play] state: MATCH_END
13:19:30 [nav] MATCH_END -> Play Again (located) (0.348,0.914)
13:19:31 [play] state: UNKNOWN
13:19:37 [play] state: IN_MATCH
[student] WAIT p=0.20 elixir 8 opp~? units 0 dets 0 (waits 3844/5333 badhand 1642/7759) tap [rocket,knight,skeletons,ice_wizard] wall=13:19:41.695
[student] PLAY knight p=0.48 cell 422 board (0.47, 0.98) units 0 21 ms tap [rocket,knight,skeletons,ice_wizard] hand [rocket,knight,skeletons,ice_wizard] elixir 9 wall=13:19:42.425
[student] TAP slot 1 knight cell 422 wall=13:19:42.763
[student] TRAY first +0.25s tapped slot 1 meant knight before [rocket,knight,skeletons,ice_wizard] now [rocket,?,skeletons,ice_wizard] slot_now ? elixir 9->9 wall=13:19:43.011
[student] TRAY settled +1.04s tapped slot 1 meant knight before [rocket,knight,skeletons,ice_wizard] now [rocket,?,skeletons,ice_wizard] slot_now ? elixir 9->6 wall=13:19:43.806
[student] PLAY skeletons p=0.52 cell 273 board (0.19, 0.64) units 2 15 ms tap [rocket,x_bow,skeletons,ice_wizard] hand [rocket,x_bow,skeletons,ice_wizard] elixir 8 wall=13:19:47.863
[student] TAP slot 2 skeletons cell 273 wall=13:19:48.200
[student] TRAY first +0.23s tapped slot 2 meant skeletons before [rocket,x_bow,skeletons,ice_wizard] now [rocket,x_bow,?,ice_wizard] slot_now ? elixir 8->7 wall=13:19:48.434
[student] WAIT p=0.08 elixir 7 opp~? units 3 dets 3 (waits 3854/5345 badhand 1645/7771) tap [rocket,x_bow,?,ice_wizard] wall=13:19:48.466
[student] TRAY settled +0.52s tapped slot 2 meant skeletons before [rocket,x_bow,skeletons,ice_wizard] now [rocket,x_bow,?,ice_wizard] slot_now ? elixir 8->7 wall=13:19:48.723
[student] PLAY tornado p=0.84 cell 333 board (0.53, 0.77) units 2 23 ms tap [rocket,x_bow,tornado,ice_wizard] hand [rocket,x_bow,tornado,ice_wizard] elixir 8 wall=13:19:51.766
[student] TAP slot 2 tornado cell 333 wall=13:19:52.100
[student] TRAY first +0.23s tapped slot 2 meant tornado before [rocket,x_bow,tornado,ice_wizard] now [rocket,x_bow,?,ice_wizard] slot_now ? elixir 8->4 wall=13:19:52.334
[student] TRAY settled +0.57s tapped slot 2 meant tornado before [rocket,x_bow,tornado,ice_wizard] now [rocket,x_bow,?,ice_wizard] slot_now ? elixir 8->5 wall=13:19:52.671
[student] PLAY ice_wizard p=0.96 cell 309 board (0.19, 0.73) units 3 20 ms tap [rocket,x_bow,?,ice_wizard] hand [rocket,x_bow,?,ice_wizard] elixir 6 wall=13:19:53.297
[student] TAP slot 3 ice_wizard cell 255 wall=13:19:53.634
[student] TRAY first +0.25s tapped slot 3 meant ice_wizard before [rocket,x_bow,?,ice_wizard] now [rocket,ice_wizard,tesla,?] slot_now ? elixir 6->3 wall=13:19:53.887
[student] TRAY settled +1.00s tapped slot 3 meant ice_wizard before [rocket,x_bow,?,ice_wizard] now [rocket,ice_wizard,tesla,?] slot_now ? elixir 6->3 wall=13:19:54.632
[student] WAIT p=0.08 elixir 4 opp~? units 3 dets 3 (waits 3862/5355 badhand 1652/7783) tap [?,?,tesla,the_log] wall=13:19:56.065
[student] WAIT p=0.26 elixir 6 opp~? units 6 dets 6 (waits 3872/5365 badhand 1652/7793) tap [rocket,x_bow,tesla,the_log] wall=13:20:02.135
[student] PLAY x_bow p=0.34 cell 254 board (0.14, 0.61) units 8 22 ms tap [rocket,x_bow,tesla,the_log] hand [rocket,x_bow,tesla,the_log] elixir 6 wall=13:20:02.432
[student] TAP slot 1 x_bow cell 254 wall=13:20:02.779
[student] TRAY first +0.24s tapped slot 1 meant x_bow before [rocket,x_bow,tesla,the_log] now [rocket,?,tesla,the_log] slot_now ? elixir 6->6 wall=13:20:03.015
[student] TRAY settled +0.54s tapped slot 1 meant x_bow before [rocket,x_bow,tesla,the_log] now [rocket,?,tesla,the_log] slot_now ? elixir 6->0 wall=13:20:03.315
[student] PLAY the_log p=0.32 cell 236 board (0.14, 0.55) units 4 30 ms tap [?,?,?,the_log] hand [rocket,knight,tesla,the_log] elixir 2 wall=13:20:08.632
[student] TAP slot 3 the_log cell 291 wall=13:20:08.967
[student] TRAY first +0.24s tapped slot 3 meant the_log before [rocket,knight,tesla,the_log] now [rocket,knight,tesla,?] slot_now ? elixir 2->2 wall=13:20:09.208
[student] TRAY settled +0.58s tapped slot 3 meant the_log before [rocket,knight,tesla,the_log] now [rocket,knight,tesla,?] slot_now ? elixir 2->0 wall=13:20:09.551
[student] PLAY skeletons p=0.36 cell 238 board (0.25, 0.55) units 3 23 ms tap [?,?,?,skeletons] hand [rocket,knight,tesla,skeletons] elixir 2 wall=13:20:13.435
[student] TAP slot 3 skeletons cell 238 wall=13:20:13.779
[student] TRAY first +0.22s tapped slot 3 meant skeletons before [rocket,knight,tesla,skeletons] now [rocket,knight,tesla,?] slot_now ? elixir 2->1 wall=13:20:14.004
[student] TRAY settled +0.95s tapped slot 3 meant skeletons before [rocket,knight,tesla,skeletons] now [rocket,knight,tesla,?] slot_now ? elixir 2->1 wall=13:20:14.725
[student] PLAY knight p=0.50 cell 238 board (0.25, 0.55) units 1 24 ms tap [?,knight,?,tornado] hand [rocket,knight,tesla,tornado] elixir 3 wall=13:20:18.770
[student] TAP slot 1 knight cell 238 wall=13:20:19.111
[student] TRAY first +0.23s tapped slot 1 meant knight before [rocket,knight,tesla,tornado] now [rocket,?,tesla,tornado] slot_now ? elixir 3->3 wall=13:20:19.336
[student] TRAY settled +1.26s tapped slot 1 meant knight before [rocket,knight,tesla,tornado] now [rocket,?,tesla,tornado] slot_now ? elixir 3->0 wall=13:20:20.371
[student] PLAY tornado p=0.91 cell 332 board (0.47, 0.77) units 2 25 ms tap [?,ice_wizard,?,tornado] hand [rocket,ice_wizard,tesla,tornado] elixir 3 wall=13:20:27.500
[student] TAP slot 3 tornado cell 332 wall=13:20:27.844
[student] TRAY first +0.25s tapped slot 3 meant tornado before [rocket,ice_wizard,tesla,tornado] now [rocket,tornado,tesla,?] slot_now ? elixir 3->3 wall=13:20:28.090
[student] WAIT NO-TRAY-MATCH p=0.02 elixir 3 opp~? units 1 dets 1 (waits 3879/5377 badhand 1655/7808) tap [?,?,?,?] wall=13:20:28.150
[student] TRAY settled +0.99s tapped slot 3 meant tornado before [rocket,ice_wizard,tesla,tornado] now [rocket,ice_wizard,tesla,?] slot_now ? elixir 3->0 wall=13:20:28.835
[student] WAIT p=0.06 elixir 4 opp~? units 1 dets 1 (waits 3881/5379 badhand 1655/7818) tap [?,ice_wizard,tesla,?] wall=13:20:39.456
[student] WAIT p=0.08 elixir 6 opp~? units 0 dets 0 (waits 3891/5389 badhand 1655/7828) tap [rocket,ice_wizard,tesla,x_bow] wall=13:20:46.163
[student] PLAY x_bow p=0.31 cell 267 board (0.86, 0.61) units 0 11 ms tap [rocket,ice_wizard,tesla,x_bow] hand [rocket,ice_wizard,tesla,x_bow] elixir 8 wall=13:20:49.917
[student] TAP slot 3 x_bow cell 267 wall=13:20:50.250
[student] TRAY first +0.23s tapped slot 3 meant x_bow before [rocket,ice_wizard,tesla,x_bow] now [rocket,ice_wizard,tesla,?] slot_now ? elixir 8->6 wall=13:20:50.480
[student] TRAY settled +1.01s tapped slot 3 meant x_bow before [rocket,ice_wizard,tesla,x_bow] now [rocket,ice_wizard,tesla,?] slot_now ? elixir 8->2 wall=13:20:51.257
[student] PLAY the_log p=0.57 cell 249 board (0.86, 0.55) units 2 23 ms tap [?,?,?,the_log] hand [rocket,ice_wizard,tesla,the_log] elixir 2 wall=13:20:52.054
[student] TAP slot 3 the_log cell 249 wall=13:20:52.383
[student] TRAY first +0.26s tapped slot 3 meant the_log before [rocket,ice_wizard,tesla,the_log] now [rocket,ice_wizard,tesla,?] slot_now ? elixir 2->2 wall=13:20:52.647
[student] TRAY settled +1.05s tapped slot 3 meant the_log before [rocket,ice_wizard,tesla,the_log] now [rocket,ice_wizard,tesla,?] slot_now ? elixir 2->1 wall=13:20:53.431
[student] PLAY skeletons p=0.47 cell 247 board (0.75, 0.55) units 2 25 ms tap [?,?,?,skeletons] hand [rocket,ice_wizard,tesla,skeletons] elixir 1 wall=13:20:54.022
[student] TAP slot 3 skeletons cell 247 wall=13:20:54.351
[student] TRAY first +0.25s tapped slot 3 meant skeletons before [rocket,ice_wizard,tesla,skeletons] now [rocket,tornado,tesla,?] slot_now ? elixir 1->1 wall=13:20:54.602
[student] TRAY settled +0.57s tapped slot 3 meant skeletons before [rocket,ice_wizard,tesla,skeletons] now [rocket,ice_wizard,tesla,?] slot_now ? elixir 1->1 wall=13:20:54.920
[student] PLAY knight_evo p=0.78 cell 249 board (0.86, 0.55) units 2 25 ms tap [?,ice_wizard,?,knight_evo] hand [rocket,ice_wizard,tesla,knight_evo] elixir 3 wall=13:21:01.077
[student] TAP slot 3 knight_evo cell 249 wall=13:21:01.416
[student] TRAY first +0.25s tapped slot 3 meant knight_evo before [rocket,ice_wizard,tesla,knight_evo] now [rocket,tornado,tesla,?] slot_now ? elixir 3->3 wall=13:21:01.669
[student] TRAY settled +0.86s tapped slot 3 meant knight_evo before [rocket,ice_wizard,tesla,knight_evo] now [rocket,ice_wizard,tesla,?] slot_now ? elixir 3->0 wall=13:21:02.276
[student] WAIT | exact=0 opp=? next=3 t=93s hand=[4, 2, 164, 0] tw=1.00.0x1.01.01.01.0 sp=0 unk=0 p=0.05 elixir 3 opp~? units 1 dets 1 (waits 3899/5401 badhand 1657/7842) tap [?,ice_wizard,?,tornado] wall=13:21:11.176
[student] WAIT p=0.10 elixir 6 opp~? units 1 dets 2 (waits 3909/5411 badhand 1657/7852) tap [rocket,ice_wizard,tesla,tornado] wall=13:21:17.715
[student] PLAY ice_wizard p=0.61 cell 423 board (0.53, 0.98) units 1 14 ms tap [rocket,ice_wizard,tesla,tornado] hand [rocket,ice_wizard,tesla,tornado] elixir 8 wall=13:21:23.621
[student] TAP slot 1 ice_wizard cell 423 wall=13:21:23.960
[student] TRAY first +0.87s tapped slot 1 meant ice_wizard before [rocket,ice_wizard,tesla,tornado] now [rocket,?,tesla,tornado] slot_now ? elixir 8->5 wall=13:21:24.826
[student] WAIT p=0.08 elixir 6 opp~? units 3 dets 3 (waits 3919/5422 badhand 1659/7863) tap [rocket,x_bow,tesla,tornado] wall=13:21:29.063
[student] PLAY x_bow p=0.43 cell 254 board (0.14, 0.61) units 3 16 ms tap [rocket,x_bow,tesla,tornado] hand [rocket,x_bow,tesla,tornado] elixir 8 wall=13:21:32.973
[student] TAP slot 1 x_bow cell 254 wall=13:21:33.309
[clock] icon reads x2 but the clock reads x1 -> using the clock (x1)
[student] TRAY first +1.04s tapped slot 1 meant x_bow before [rocket,x_bow,tesla,tornado] now [rocket,?,tesla,tornado] slot_now ? elixir 8->6 wall=13:21:34.345
[clock] icon reads x3 but the clock reads x1 -> using the clock (x1)
[student] PLAY tesla p=0.46 cell 239 board (0.28, 0.56) units 2 20 ms tap [?,the_log,tesla,tornado] hand [rocket,the_log,tesla,tornado] elixir 4 wall=13:21:35.937
[student] TAP slot 2 tesla cell 239 wall=13:21:36.266
[student] TRAY first +0.56s tapped slot 2 meant tesla before [rocket,the_log,tesla,tornado] now [rocket,the_log,?,tornado] slot_now ? elixir 4->4 wall=13:21:36.828
[clock] icon reads x3 but the clock reads x2 -> using the clock (x2)
13:21:38 [play] elixir x2
[student] PLAY skeletons p=0.44 cell 235 board (0.08, 0.55) units 2 25 ms tap [?,the_log,skeletons,?] hand [rocket,the_log,skeletons,tornado] elixir 2 wall=13:21:39.511
[student] TAP slot 2 skeletons cell 235 wall=13:21:39.862
[student] TRAY first +0.56s tapped slot 2 meant skeletons before [rocket,the_log,skeletons,tornado] now [rocket,the_log,?,tornado] slot_now ? elixir 2->2 wall=13:21:40.425
[student] WAIT | exact=0 opp=? next=149 t=123s hand=[4, 6, -1, 0] tw=1.00.0x1.01.01.01.0 sp=1 unk=0 p=0.04 elixir 3 opp~? units 3 dets 4 (waits 3927/5433 badhand 1663/7876) tap [?,the_log,?,tornado] wall=13:21:41.143
[student] PLAY knight p=0.29 cell 236 board (0.14, 0.55) units 4 18 ms tap [?,the_log,knight,tornado] hand [rocket,the_log,knight,tornado] elixir 3 wall=13:21:41.845
[student] TAP slot 2 knight cell 236 wall=13:21:42.178
[student] TRAY first +0.56s tapped slot 2 meant knight before [rocket,the_log,knight,tornado] now [rocket,the_log,?,tornado] slot_now ? elixir 3->3 wall=13:21:42.737
[student] PLAY the_log p=0.42 cell 236 board (0.14, 0.55) units 2 25 ms tap [?,the_log,ice_wizard,tornado] hand [rocket,the_log,ice_wizard,tornado] elixir 3 wall=13:21:45.523
[student] TAP slot 1 the_log cell 237 wall=13:21:45.860
[student] TRAY first +0.44s tapped slot 1 meant the_log before [rocket,the_log,ice_wizard,tornado] now [rocket,?,ice_wizard,tornado] slot_now ? elixir 3->2 wall=13:21:46.298
[student] TRAY settled +1.06s tapped slot 1 meant the_log before [rocket,the_log,ice_wizard,tornado] now [rocket,?,ice_wizard,tornado] slot_now ? elixir 3->2 wall=13:21:46.918
[student] PLAY tornado p=0.59 cell 130 board (0.25, 0.33) units 3 21 ms tap [?,?,?,tornado] hand [rocket,ice_wizard,ice_wizard,tornado] elixir 3 wall=13:21:48.319
[student] TAP slot 3 tornado cell 130 wall=13:21:48.661
[student] TRAY first +0.51s tapped slot 3 meant tornado before [rocket,ice_wizard,ice_wizard,tornado] now [rocket,?,ice_wizard,?] slot_now ? elixir 3->3 wall=13:21:49.170
[student] WAIT p=0.21 elixir 4 opp~? units 2 dets 2 (waits 3932/5441 badhand 1665/7889) tap [?,?,ice_wizard,tesla] wall=13:21:55.087
[student] PLAY tesla p=0.39 cell 243 board (0.5, 0.56) units 3 29 ms tap [?,?,ice_wizard,tesla] hand [rocket,x_bow,ice_wizard,tesla] elixir 5 wall=13:21:55.821
[student] TAP slot 3 tesla cell 243 wall=13:21:56.149
[student] TRAY first +0.49s tapped slot 3 meant tesla before [rocket,x_bow,ice_wizard,tesla] now [rocket,the_log,ice_wizard,?] slot_now ? elixir 5->4 wall=13:21:56.635
[student] TRAY settled +1.20s tapped slot 3 meant tesla before [rocket,x_bow,ice_wizard,tesla] now [rocket,the_log,ice_wizard,?] slot_now ? elixir 5->2 wall=13:21:57.354
[student] PLAY skeletons p=0.40 cell 237 board (0.19, 0.55) units 2 22 ms tap [?,?,?,skeletons] hand [rocket,ice_wizard,ice_wizard,skeletons] elixir 3 wall=13:21:58.448
[student] TAP slot 3 skeletons cell 237 wall=13:21:58.794
[student] TRAY first +0.24s tapped slot 3 meant skeletons before [rocket,ice_wizard,ice_wizard,skeletons] now [rocket,ice_wizard,ice_wizard,?] slot_now ? elixir 3->3 wall=13:21:59.036
[student] TRAY settled +0.53s tapped slot 3 meant skeletons before [rocket,ice_wizard,ice_wizard,skeletons] now [rocket,ice_wizard,ice_wizard,?] slot_now ? elixir 3->3 wall=13:21:59.327
[student] PLAY knight p=0.32 cell 245 board (0.64, 0.55) units 3 24 ms tap [?,?,ice_wizard,knight] hand [rocket,x_bow,ice_wizard,knight] elixir 4 wall=13:22:00.458
[student] TAP slot 3 knight cell 245 wall=13:22:00.799
[student] TRAY first +0.27s tapped slot 3 meant knight before [rocket,x_bow,ice_wizard,knight] now [rocket,tesla,ice_wizard,?] slot_now ? elixir 4->3 wall=13:22:01.069
[student] TRAY settled +0.60s tapped slot 3 meant knight before [rocket,x_bow,ice_wizard,knight] now [rocket,the_log,ice_wizard,?] slot_now ? elixir 4->1 wall=13:22:01.400
[student] PLAY the_log p=0.37 cell 247 board (0.75, 0.55) units 3 23 ms tap [?,?,?,the_log] hand [rocket,ice_wizard,ice_wizard,the_log] elixir 3 wall=13:22:03.341
[student] TAP slot 3 the_log cell 248 wall=13:22:03.677
[student] TRAY first +0.23s tapped slot 3 meant the_log before [rocket,ice_wizard,ice_wizard,the_log] now [rocket,the_log,ice_wizard,?] slot_now ? elixir 3->2 wall=13:22:03.909
[student] WAIT NO-TRAY-MATCH p=0.26 elixir 2 opp~? units 2 dets 4 (waits 3933/5446 badhand 1672/7903) tap [?,?,?,?] wall=13:22:03.991
[student] TRAY settled +0.53s tapped slot 3 meant the_log before [rocket,ice_wizard,ice_wizard,the_log] now [rocket,the_log,ice_wizard,?] slot_now ? elixir 3->1 wall=13:22:04.210
[student] PLAY tornado p=0.33 cell 157 board (0.75, 0.36) units 4 26 ms tap [?,?,?,tornado] hand [rocket,ice_wizard,ice_wizard,tornado] elixir 3 wall=13:22:06.102
[assist] TORNADO king-spot cell 157->332 trigger skeletons at (0.48,0.53) enemy tracks 2 wall=13:22:06.102
[student] TAP slot 3 tornado cell 332 wall=13:22:06.433
[student] TRAY first +0.25s tapped slot 3 meant tornado before [rocket,ice_wizard,ice_wizard,tornado] now [rocket,tornado,ice_wizard,?] slot_now ? elixir 3->3 wall=13:22:06.685
[student] TRAY settled +0.60s tapped slot 3 meant tornado before [rocket,ice_wizard,ice_wizard,tornado] now [rocket,?,ice_wizard,?] slot_now ? elixir 3->0 wall=13:22:07.032
[student] WAIT p=0.12 elixir 4 opp~? units 3 dets 3 (waits 3936/5450 badhand 1674/7914) tap [?,?,ice_wizard,tesla_evo] wall=13:22:12.833
[student] PLAY rocket p=0.32 cell 113 board (0.31, 0.27) units 3 19 ms tap [rocket,x_bow,ice_wizard,tesla_evo] hand [rocket,x_bow,ice_wizard,tesla_evo] elixir 6 wall=13:22:14.580
[student] TAP slot 0 rocket cell 113 wall=13:22:14.910
[student] TRAY first +0.25s tapped slot 0 meant rocket before [rocket,x_bow,ice_wizard,tesla_evo] now [?,tornado,ice_wizard,?] slot_now ? elixir 6->6 wall=13:22:15.165
[student] TRAY settled +0.58s tapped slot 0 meant rocket before [rocket,x_bow,ice_wizard,tesla_evo] now [?,?,ice_wizard,?] slot_now ? elixir 6->0 wall=13:22:15.491
[student] PLAY skeletons p=0.30 cell 248 board (0.81, 0.55) units 3 15 ms tap [skeletons,?,?,?] hand [skeletons,the_log,ice_wizard,tesla] elixir 2 wall=13:22:17.956
[student] TAP slot 0 skeletons cell 248 wall=13:22:18.293
[student] TRAY first +0.27s tapped slot 0 meant skeletons before [skeletons,the_log,ice_wizard,tesla] now [?,the_log,ice_wizard,?] slot_now ? elixir 2->2 wall=13:22:18.567
[student] TRAY settled +0.60s tapped slot 0 meant skeletons before [skeletons,the_log,ice_wizard,tesla] now [?,the_log,ice_wizard,tesla] slot_now ? elixir 2->2 wall=13:22:18.893
[student] PLAY knight_evo p=0.86 cell 249 board (0.86, 0.55) units 5 23 ms tap [knight_evo,?,?,?] hand [knight_evo,ice_wizard,ice_wizard,tesla_evo] elixir 3 wall=13:22:20.250
[student] TAP slot 0 knight_evo cell 249 wall=13:22:20.583
[student] TRAY first +0.26s tapped slot 0 meant knight_evo before [knight_evo,ice_wizard,ice_wizard,tesla_evo] now [?,tornado,ice_wizard,?] slot_now ? elixir 3->3 wall=13:22:20.846
[student] WAIT NO-TRAY-MATCH p=0.36 elixir 3 opp~? units 4 dets 4 (waits 3940/5457 badhand 1679/7927) tap [?,?,?,?] wall=13:22:20.987
[student] TRAY settled +0.67s tapped slot 0 meant knight_evo before [knight_evo,ice_wizard,ice_wizard,tesla_evo] now [?,?,tornado,?] slot_now ? elixir 3->0 wall=13:22:21.250
[student] PLAY the_log p=0.91 cell 302 board (0.81, 0.7) units 7 27 ms tap [the_log,?,?,?] hand [the_log,ice_wizard,ice_wizard,tesla_evo] elixir 3 wall=13:22:24.491
[student] TAP slot 0 the_log cell 338 wall=13:22:24.843
[student] TRAY first +0.26s tapped slot 0 meant the_log before [the_log,ice_wizard,ice_wizard,tesla_evo] now [?,the_log,ice_wizard,tesla] slot_now ? elixir 3->2 wall=13:22:25.101
[student] TRAY settled +1.05s tapped slot 0 meant the_log before [the_log,ice_wizard,ice_wizard,tesla_evo] now [?,the_log,ice_wizard,tesla] slot_now ? elixir 3->2 wall=13:22:25.897
[student] PLAY tornado p=0.41 cell 157 board (0.75, 0.36) units 4 25 ms tap [tornado,?,?,?] hand [tornado,ice_wizard,ice_wizard,tesla_evo] elixir 3 wall=13:22:27.071
[student] TAP slot 0 tornado cell 157 wall=13:22:27.408
[student] TRAY first +0.23s tapped slot 0 meant tornado before [tornado,ice_wizard,ice_wizard,tesla_evo] now [?,x_bow,tornado,?] slot_now ? elixir 3->3 wall=13:22:27.634
[student] TRAY settled +0.95s tapped slot 0 meant tornado before [tornado,ice_wizard,ice_wizard,tesla_evo] now [?,?,tornado,tesla] slot_now ? elixir 3->0 wall=13:22:28.354
[student] WAIT NO-TRAY-MATCH p=0.40 elixir 2 opp~? units 4 dets 4 (waits 3940/5459 badhand 1682/7939) tap [?,?,?,?] wall=13:22:31.194
[student] PLAY ice_wizard p=0.63 cell 298 board (0.58, 0.7) units 4 26 ms tap [?,?,ice_wizard,?] hand [rocket,tesla,ice_wizard,tesla_evo] elixir 3 wall=13:22:32.449
[student] TAP slot 2 ice_wizard cell 298 wall=13:22:32.782
[student] TRAY first +0.25s tapped slot 2 meant ice_wizard before [rocket,tesla,ice_wizard,tesla_evo] now [rocket,tesla,?,tesla] slot_now ? elixir 3->3 wall=13:22:33.030
[student] TRAY settled +1.04s tapped slot 2 meant ice_wizard before [rocket,tesla,ice_wizard,tesla_evo] now [rocket,the_log,?,tesla] slot_now ? elixir 3->1 wall=13:22:33.818
[student] PLAY skeletons p=0.27 cell 248 board (0.81, 0.55) units 2 24 ms tap [?,?,skeletons,?] hand [rocket,the_log,skeletons,tesla] elixir 2 wall=13:22:34.661
[student] TAP slot 2 skeletons cell 248 wall=13:22:34.993
[student] TRAY first +0.37s tapped slot 2 meant skeletons before [rocket,the_log,skeletons,tesla] now [rocket,the_log,?,tesla] slot_now ? elixir 2->1 wall=13:22:35.362
[student] TRAY settled +0.88s tapped slot 2 meant skeletons before [rocket,the_log,skeletons,tesla] now [rocket,the_log,?,tesla] slot_now ? elixir 2->2 wall=13:22:35.874
[student] PLAY knight p=0.86 cell 319 board (0.75, 0.73) units 4 32 ms tap [?,?,knight,?] hand [rocket,ice_wizard,knight,tesla_evo] elixir 3 wall=13:22:37.688
[student] TAP slot 2 knight cell 265 wall=13:22:38.026
[student] TRAY first +0.38s tapped slot 2 meant knight before [rocket,ice_wizard,knight,tesla_evo] now [rocket,?,?,?] slot_now ? elixir 3->3 wall=13:22:38.410
[student] TRAY settled +0.86s tapped slot 2 meant knight before [rocket,ice_wizard,knight,tesla_evo] now [rocket,tesla,?,tesla] slot_now ? elixir 3->1 wall=13:22:38.887
[student] PLAY the_log p=0.38 cell 248 board (0.81, 0.55) units 2 24 ms tap [?,?,the_log,?] hand [rocket,ice_wizard,the_log,tesla_evo] elixir 3 wall=13:22:41.409
[student] TAP slot 2 the_log cell 352 wall=13:22:41.749
[student] TRAY first +0.35s tapped slot 2 meant the_log before [rocket,ice_wizard,the_log,tesla_evo] now [rocket,the_log,?,tesla] slot_now ? elixir 3->2 wall=13:22:42.099
[student] TRAY settled +0.77s tapped slot 2 meant the_log before [rocket,ice_wizard,the_log,tesla_evo] now [rocket,the_log,?,?] slot_now ? elixir 3->2 wall=13:22:42.522
[student] PLAY tornado p=0.39 cell 158 board (0.81, 0.36) units 1 25 ms tap [?,?,tornado,?] hand [rocket,the_log,tornado,tesla_evo] elixir 3 wall=13:22:44.014
[assist] TORNADO king-spot cell 158->332 trigger wizard at (0.48,0.62) enemy tracks 3 wall=13:22:44.014
[student] TAP slot 2 tornado cell 332 wall=13:22:44.359
[student] TRAY first +0.35s tapped slot 2 meant tornado before [rocket,the_log,tornado,tesla_evo] now [rocket,tornado,?,?] slot_now ? elixir 3->3 wall=13:22:44.709
[student] TRAY settled +0.77s tapped slot 2 meant tornado before [rocket,the_log,tornado,tesla_evo] now [rocket,?,?,?] slot_now ? elixir 3->0 wall=13:22:45.134
[student] WAIT NO-TRAY-MATCH p=0.38 elixir 2 opp~? units 3 dets 3 (waits 3940/5464 badhand 1687/7954) tap [?,?,?,?] wall=13:22:47.946
[student] PLAY ice_wizard p=0.68 cell 332 board (0.47, 0.77) units 3 25 ms tap [?,?,ice_wizard,?] hand [rocket,tesla,ice_wizard,tesla_evo] elixir 3 wall=13:22:49.413
[student] TAP slot 2 ice_wizard cell 332 wall=13:22:49.746
[student] TRAY first +0.32s tapped slot 2 meant ice_wizard before [rocket,tesla,ice_wizard,tesla_evo] now [rocket,tesla,?,tesla] slot_now ? elixir 3->3 wall=13:22:50.066
[student] TRAY settled +1.10s tapped slot 2 meant ice_wizard before [rocket,tesla,ice_wizard,tesla_evo] now [rocket,the_log,?,tesla] slot_now ? elixir 3->1 wall=13:22:50.847
[student] PLAY skeletons p=0.38 cell 237 board (0.19, 0.55) units 0 24 ms tap [?,?,skeletons,?] hand [rocket,the_log,skeletons,tesla] elixir 2 wall=13:22:51.662
[student] TAP slot 2 skeletons cell 237 wall=13:22:51.995
[student] TRAY first +0.31s tapped slot 2 meant skeletons before [rocket,the_log,skeletons,tesla] now [rocket,the_log,?,?] slot_now ? elixir 2->2 wall=13:22:52.305
[student] TRAY settled +1.12s tapped slot 2 meant skeletons before [rocket,the_log,skeletons,tesla] now [rocket,the_log,?,tesla] slot_now ? elixir 2->2 wall=13:22:53.115
[student] PLAY knight p=0.58 cell 309 board (0.19, 0.73) units 3 18 ms tap [?,?,knight,?] hand [rocket,ice_wizard,knight,tesla_evo] elixir 3 wall=13:22:54.416
[student] TAP slot 2 knight cell 255 wall=13:22:54.765
[student] TRAY first +0.35s tapped slot 2 meant knight before [rocket,ice_wizard,knight,tesla_evo] now [rocket,?,?,?] slot_now ? elixir 3->3 wall=13:22:55.112
[student] TRAY settled +0.80s tapped slot 2 meant knight before [rocket,ice_wizard,knight,tesla_evo] now [rocket,?,?,?] slot_now ? elixir 3->1 wall=13:22:55.565
[student] PLAY the_log p=0.82 cell 284 board (0.81, 0.64) units 4 29 ms tap [?,?,the_log,?] hand [rocket,ice_wizard,the_log,tesla_evo] elixir 3 wall=13:22:58.493
[student] TAP slot 2 the_log cell 302 wall=13:22:58.826
[student] TRAY first +0.32s tapped slot 2 meant the_log before [rocket,ice_wizard,the_log,tesla_evo] now [rocket,the_log,?,tesla] slot_now ? elixir 3->2 wall=13:22:59.143
[student] TRAY settled +0.69s tapped slot 2 meant the_log before [rocket,ice_wizard,the_log,tesla_evo] now [rocket,the_log,?,?] slot_now ? elixir 3->2 wall=13:22:59.515
[student] PLAY tornado p=0.57 cell 158 board (0.81, 0.36) units 6 17 ms tap [?,?,tornado,?] hand [rocket,the_log,tornado,tesla_evo] elixir 3 wall=13:23:00.913
[student] TAP slot 2 tornado cell 158 wall=13:23:01.248
[student] TRAY first +0.40s tapped slot 2 meant tornado before [rocket,the_log,tornado,tesla_evo] now [rocket,tornado,?,?] slot_now ? elixir 3->3 wall=13:23:01.648
[student] WAIT NO-TRAY-MATCH p=0.34 elixir 3 opp~? units 6 dets 8 (waits 3940/5469 badhand 1694/7969) tap [?,?,?,?] wall=13:23:01.721
[student] TRAY settled +0.87s tapped slot 2 meant tornado before [rocket,the_log,tornado,tesla_evo] now [rocket,?,?,?] slot_now ? elixir 3->0 wall=13:23:02.117
[student] PLAY ice_wizard p=0.51 cell 248 board (0.81, 0.55) units 3 19 ms tap [?,?,ice_wizard,?] hand [rocket,tesla,ice_wizard,tesla_evo] elixir 3 wall=13:23:06.069
[student] TAP slot 2 ice_wizard cell 248 wall=13:23:06.417
[student] TRAY first +0.29s tapped slot 2 meant ice_wizard before [rocket,tesla,ice_wizard,tesla_evo] now [rocket,tesla,?,tesla] slot_now ? elixir 3->3 wall=13:23:06.711
[student] TRAY settled +0.70s tapped slot 2 meant ice_wizard before [rocket,tesla,ice_wizard,tesla_evo] now [rocket,tesla,?,tesla] slot_now ? elixir 3->1 wall=13:23:07.115
[student] PLAY skeletons p=0.78 cell 320 board (0.81, 0.73) units 3 29 ms tap [?,?,skeletons,?] hand [rocket,the_log,skeletons,tesla] elixir 2 wall=13:23:08.370
[student] TAP slot 2 skeletons cell 266 wall=13:23:08.698
[student] TRAY first +0.31s tapped slot 2 meant skeletons before [rocket,the_log,skeletons,tesla] now [rocket,the_log,?,tesla] slot_now ? elixir 2->1 wall=13:23:09.003
[student] TRAY settled +0.81s tapped slot 2 meant skeletons before [rocket,the_log,skeletons,tesla] now [rocket,the_log,?,tesla] slot_now ? elixir 2->2 wall=13:23:09.506
13:23:15 [play] UNKNOWN 0.5s after in-match -> grace hold (label lost: overtime / end animation / dropout; up to 150s)
13:23:16 [play] in-match read re-acquired -> grace hold released
13:23:16 [play] UNKNOWN 0.4s after in-match -> grace hold (label lost: overtime / end animation / dropout; up to 150s)
13:23:16 [play] in-match read re-acquired -> grace hold released
13:23:17 [play] state: MATCH_END
13:23:17 [nav] MATCH_END -> Play Again (located) (0.348,0.914)
13:23:18 [play] state: UNKNOWN
13:23:24 [play] state: IN_MATCH
[student] WAIT | exact=0 opp=? next=2 t=4s hand=[0, 4, 6, 7] tw=1.01.01.01.01.01.0 sp=0 unk=0 p=0.00 elixir 8 opp~? units 0 dets 0 (waits 3945/5476 badhand 1696/7981) tap [tornado,rocket,the_log,skeletons] wall=13:23:27.916
[student] WAIT | exact=0 opp=? next=2 t=11s hand=[0, 4, 6, 7] tw=1.01.01.01.01.01.0 sp=0 unk=0 p=0.02 elixir 10 opp~? units 0 dets 0 (waits 3955/5486 badhand 1696/7991) tap [tornado,rocket,the_log,skeletons] wall=13:23:35.479
[student] STALL-PLAY the_log p=0.03 cell 247 board (0.75, 0.55) units 1 29 ms tap [tornado,rocket,the_log,skeletons] hand [tornado,rocket,the_log,skeletons] elixir 10 wall=13:23:36.801
[student] TAP slot 2 the_log cell 247 wall=13:23:37.131
[student] TRAY first +0.28s tapped slot 2 meant the_log before [tornado,rocket,the_log,skeletons] now [tornado,rocket,?,skeletons] slot_now ? elixir 10->8 wall=13:23:37.407
[student] TRAY settled +0.62s tapped slot 2 meant the_log before [tornado,rocket,the_log,skeletons] now [tornado,rocket,?,skeletons] slot_now ? elixir 10->8 wall=13:23:37.754
[student] PLAY ice_wizard p=0.36 cell 249 board (0.86, 0.55) units 5 15 ms tap [tornado,rocket,ice_wizard,skeletons] hand [tornado,rocket,ice_wizard,skeletons] elixir 8 wall=13:23:41.066
[student] TAP slot 2 ice_wizard cell 249 wall=13:23:41.400
[student] TRAY first +0.25s tapped slot 2 meant ice_wizard before [tornado,rocket,ice_wizard,skeletons] now [tornado,rocket,?,skeletons] slot_now ? elixir 8->6 wall=13:23:41.653
[student] WAIT p=0.08 elixir 6 opp~? units 1 dets 1 (waits 3965/5498 badhand 1700/8003) tap [tornado,rocket,?,skeletons] wall=13:23:41.736
[student] TRAY settled +0.61s tapped slot 2 meant ice_wizard before [tornado,rocket,ice_wizard,skeletons] now [tornado,rocket,?,skeletons] slot_now ? elixir 8->6 wall=13:23:42.013
[student] PLAY tesla p=0.57 cell 297 board (0.5, 0.69) units 3 19 ms tap [tornado,rocket,tesla,skeletons] hand [tornado,rocket,tesla,skeletons] elixir 6 wall=13:23:42.904
[student] TAP slot 2 tesla cell 297 wall=13:23:43.245
[student] TRAY first +0.25s tapped slot 2 meant tesla before [tornado,rocket,tesla,skeletons] now [tornado,rocket,?,skeletons] slot_now ? elixir 6->4 wall=13:23:43.492
[student] PLAY skeletons p=0.72 cell 248 board (0.81, 0.55) units 3 16 ms tap [?,?,?,skeletons] hand [tornado,rocket,?,skeletons] elixir 4 wall=13:23:43.565
[student] TAP slot 3 skeletons cell 248 wall=13:23:43.898
[student] TRAY first +0.27s tapped slot 3 meant skeletons before [tornado,rocket,?,skeletons] now [tornado,rocket,?,?] slot_now ? elixir 4->2 wall=13:23:44.172
[student] TRAY settled +0.61s tapped slot 3 meant skeletons before [tornado,rocket,?,skeletons] now [tornado,rocket,?,?] slot_now ? elixir 4->2 wall=13:23:44.512
[student] PLAY knight p=0.58 cell 249 board (0.86, 0.55) units 5 18 ms tap [tornado,?,knight,?] hand [tornado,rocket,knight,ice_wizard] elixir 3 wall=13:23:47.278
[student] TAP slot 2 knight cell 249 wall=13:23:47.613
[student] TRAY first +0.29s tapped slot 2 meant knight before [tornado,rocket,knight,ice_wizard] now [tornado,rocket,?,x_bow] slot_now ? elixir 3->3 wall=13:23:47.900
[student] TRAY settled +0.66s tapped slot 2 meant knight before [tornado,rocket,knight,ice_wizard] now [tornado,rocket,?,?] slot_now ? elixir 3->0 wall=13:23:48.274
[student] WAIT p=0.10 elixir 2 opp~? units 3 dets 3 (waits 3968/5504 badhand 1703/8016) tap [?,?,the_log,?] wall=13:23:55.203
[student] PLAY the_log p=0.27 cell 247 board (0.75, 0.55) units 1 20 ms tap [tornado,?,the_log,?] hand [tornado,rocket,the_log,x_bow] elixir 4 wall=13:24:00.029
[student] TAP slot 2 the_log cell 247 wall=13:24:00.364
[student] TRAY first +0.26s tapped slot 2 meant the_log before [tornado,rocket,the_log,x_bow] now [tornado,rocket,?,ice_wizard] slot_now ? elixir 4->2 wall=13:24:00.620
[student] TRAY settled +1.07s tapped slot 2 meant the_log before [tornado,rocket,the_log,x_bow] now [tornado,rocket,?,ice_wizard] slot_now ? elixir 4->3 wall=13:24:01.437
[student] PLAY tornado p=0.45 cell 158 board (0.81, 0.36) units 1 25 ms tap [tornado,?,?,?] hand [tornado,rocket,ice_wizard,ice_wizard] elixir 3 wall=13:24:02.475
[student] TAP slot 0 tornado cell 158 wall=13:24:02.809
[student] TRAY first +0.28s tapped slot 0 meant tornado before [tornado,rocket,ice_wizard,ice_wizard] now [?,rocket,ice_wizard,?] slot_now ? elixir 3->3 wall=13:24:03.092
[student] WAIT NO-TRAY-MATCH p=0.06 elixir 3 opp~? units 0 dets 2 (waits 3977/5515 badhand 1705/8028) tap [?,?,?,?] wall=13:24:03.160
[student] TRAY settled +1.08s tapped slot 0 meant tornado before [tornado,rocket,ice_wizard,ice_wizard] now [?,rocket,ice_wizard,?] slot_now ? elixir 3->1 wall=13:24:03.893
[student] WAIT p=0.27 elixir 4 opp~? units 1 dets 1 (waits 3981/5519 badhand 1705/8038) tap [tesla,?,ice_wizard,?] wall=13:24:14.621
[student] PLAY tesla p=0.40 cell 297 board (0.5, 0.69) units 1 23 ms tap [tesla,?,ice_wizard,?] hand [tesla,rocket,ice_wizard,x_bow] elixir 5 wall=13:24:14.948
[student] TAP slot 0 tesla cell 297 wall=13:24:15.281
[student] TRAY first +0.24s tapped slot 0 meant tesla before [tesla,rocket,ice_wizard,x_bow] now [?,rocket,ice_wizard,tesla] slot_now ? elixir 5->4 wall=13:24:15.516
[student] TRAY settled +1.03s tapped slot 0 meant tesla before [tesla,rocket,ice_wizard,x_bow] now [?,rocket,ice_wizard,tesla] slot_now ? elixir 5->1 wall=13:24:16.312
[student] PLAY skeletons p=0.64 cell 247 board (0.75, 0.55) units 4 26 ms tap [skeletons,?,?,?] hand [skeletons,rocket,ice_wizard,the_log] elixir 2 wall=13:24:18.280
[student] TAP slot 0 skeletons cell 247 wall=13:24:18.624
[student] TRAY first +0.27s tapped slot 0 meant skeletons before [skeletons,rocket,ice_wizard,the_log] now [?,rocket,ice_wizard,tesla] slot_now ? elixir 2->1 wall=13:24:18.898
[student] TRAY settled +0.60s tapped slot 0 meant skeletons before [skeletons,rocket,ice_wizard,the_log] now [?,rocket,ice_wizard,tesla] slot_now ? elixir 2->1 wall=13:24:19.221
[student] PLAY knight p=0.79 cell 249 board (0.86, 0.55) units 3 22 ms tap [knight,?,?,?] hand [knight,rocket,ice_wizard,ice_wizard] elixir 3 wall=13:24:23.900
[student] TAP slot 0 knight cell 249 wall=13:24:24.247
[student] TRAY first +0.25s tapped slot 0 meant knight before [knight,rocket,ice_wizard,ice_wizard] now [?,rocket,tornado,x_bow] slot_now ? elixir 3->3 wall=13:24:24.500
[student] WAIT NO-TRAY-MATCH p=0.09 elixir 3 opp~? units 5 dets 5 (waits 3985/5526 badhand 1707/8051) tap [?,?,?,?] wall=13:24:24.587
[student] TRAY settled +0.60s tapped slot 0 meant knight before [knight,rocket,ice_wizard,ice_wizard] now [?,rocket,ice_wizard,?] slot_now ? elixir 3->0 wall=13:24:24.848
[student] PLAY the_log p=0.45 cell 248 board (0.81, 0.55) units 2 25 ms tap [the_log,?,?,?] hand [the_log,rocket,ice_wizard,ice_wizard] elixir 3 wall=13:24:32.836
[student] TAP slot 0 the_log cell 248 wall=13:24:33.180
[student] TRAY first +0.24s tapped slot 0 meant the_log before [the_log,rocket,ice_wizard,ice_wizard] now [?,rocket,ice_wizard,tesla] slot_now ? elixir 3->2 wall=13:24:33.420
[student] TRAY settled +0.54s tapped slot 0 meant the_log before [the_log,rocket,ice_wizard,ice_wizard] now [?,rocket,ice_wizard,tesla] slot_now ? elixir 3->1 wall=13:24:33.720
[student] PLAY tornado p=0.67 cell 247 board (0.75, 0.55) units 2 19 ms tap [tornado,?,?,?] hand [tornado,rocket,ice_wizard,ice_wizard] elixir 3 wall=13:24:37.679
[student] TAP slot 0 tornado cell 247 wall=13:24:38.013
[student] TRAY first +0.25s tapped slot 0 meant tornado before [tornado,rocket,ice_wizard,ice_wizard] now [?,rocket,tornado,x_bow] slot_now ? elixir 3->3 wall=13:24:38.267
[student] WAIT NO-TRAY-MATCH p=0.25 elixir 3 opp~? units 2 dets 4 (waits 3987/5530 badhand 1709/8063) tap [?,?,?,?] wall=13:24:38.304
[student] TRAY settled +0.54s tapped slot 0 meant tornado before [tornado,rocket,ice_wizard,ice_wizard] now [?,rocket,tornado,x_bow] slot_now ? elixir 3->0 wall=13:24:38.556
[student] WAIT | exact=0 opp=? next=7 t=87s hand=[164, 4, 2, 3] tw=1.01.01.01.01.01.0 sp=0 unk=0 p=0.05 elixir 5 opp~? units 0 dets 0 (waits 3991/5534 badhand 1709/8073) tap [tesla_evo,?,ice_wizard,?] wall=13:24:51.535
[student] WAIT p=0.14 elixir 7 opp~? units 0 dets 0 (waits 4001/5544 badhand 1709/8083) tap [tesla_evo,rocket,ice_wizard,x_bow] wall=13:24:59.118
[student] PLAY x_bow p=0.28 cell 267 board (0.86, 0.61) units 0 24 ms tap [tesla_evo,rocket,ice_wizard,x_bow] hand [tesla_evo,rocket,ice_wizard,x_bow] elixir 8 wall=13:24:59.946
[student] TAP slot 3 x_bow cell 267 wall=13:25:00.282
[student] TRAY first +0.26s tapped slot 3 meant x_bow before [tesla_evo,rocket,ice_wizard,x_bow] now [tesla,rocket,ice_wizard,?] slot_now ? elixir 8->6 wall=13:25:00.539
[student] TRAY settled +0.63s tapped slot 3 meant x_bow before [tesla_evo,rocket,ice_wizard,x_bow] now [tesla,rocket,ice_wizard,?] slot_now ? elixir 8->2 wall=13:25:00.908
[student] PLAY skeletons p=0.30 cell 247 board (0.75, 0.55) units 2 16 ms tap [?,?,?,skeletons] hand [tesla_evo,rocket,ice_wizard,skeletons] elixir 2 wall=13:25:02.602
[student] TAP slot 3 skeletons cell 247 wall=13:25:02.942
[student] TRAY first +0.25s tapped slot 3 meant skeletons before [tesla_evo,rocket,ice_wizard,skeletons] now [tesla,rocket,ice_wizard,?] slot_now ? elixir 2->2 wall=13:25:03.196
[student] TRAY settled +1.05s tapped slot 3 meant skeletons before [tesla_evo,rocket,ice_wizard,skeletons] now [tesla,rocket,ice_wizard,?] slot_now ? elixir 2->2 wall=13:25:03.989
[student] PLAY ice_wizard p=0.39 cell 251 board (0.97, 0.58) units 4 27 ms tap [?,?,ice_wizard,knight_evo] hand [tesla_evo,rocket,ice_wizard,knight_evo] elixir 3 wall=13:25:08.527
[student] TAP slot 2 ice_wizard cell 250 wall=13:25:08.864
[student] TRAY first +0.98s tapped slot 2 meant ice_wizard before [tesla_evo,rocket,ice_wizard,knight_evo] now [tesla,rocket,?,knight_evo] slot_now ? elixir 3->3 wall=13:25:09.842
[student] PLAY the_log p=0.29 cell 248 board (0.81, 0.55) units 2 23 ms tap [?,?,the_log,?] hand [tesla,rocket,the_log,knight_evo] elixir 2 wall=13:25:14.237
[student] TAP slot 2 the_log cell 249 wall=13:25:14.580
[student] TRAY first +0.97s tapped slot 2 meant the_log before [tesla,rocket,the_log,knight_evo] now [tesla,rocket,?,knight_evo] slot_now ? elixir 2->2 wall=13:25:15.547
[student] PLAY tornado p=0.87 cell 212 board (0.81, 0.48) units 2 24 ms tap [?,?,tornado,knight_evo] hand [tesla_evo,rocket,tornado,knight_evo] elixir 3 wall=13:25:20.580
[student] TAP slot 2 tornado cell 212 wall=13:25:20.913
[clock] icon reads x3 but the clock reads x1 -> using the clock (x1)
[student] TRAY first +0.54s tapped slot 2 meant tornado before [tesla_evo,rocket,tornado,knight_evo] now [tesla,rocket,?,knight_evo] slot_now ? elixir 3->3 wall=13:25:21.457
[clock] icon reads x3 but the clock reads x2 -> using the clock (x2)
13:25:24 [play] elixir x2
[student] WAIT p=0.08 elixir 3 opp~? units 1 dets 1 (waits 4007/5555 badhand 1712/8098) tap [?,?,?,knight_evo] wall=13:25:25.754
[student] PLAY x_bow p=0.34 cell 254 board (0.14, 0.61) units 1 27 ms tap [tesla_evo,rocket,x_bow,knight_evo] hand [tesla_evo,rocket,x_bow,knight_evo] elixir 7 wall=13:25:30.594
[student] TAP slot 2 x_bow cell 254 wall=13:25:30.924
[student] TRAY first +0.49s tapped slot 2 meant x_bow before [tesla_evo,rocket,x_bow,knight_evo] now [?,rocket,?,knight_evo] slot_now ? elixir 7->6 wall=13:25:31.411
[student] TRAY settled +1.16s tapped slot 2 meant x_bow before [tesla_evo,rocket,x_bow,knight_evo] now [tesla,rocket,?,knight_evo] slot_now ? elixir 7->2 wall=13:25:32.081
[student] PLAY skeletons p=0.66 cell 238 board (0.25, 0.55) units 3 17 ms tap [?,?,skeletons,?] hand [tesla,rocket,skeletons,knight_evo] elixir 2 wall=13:25:32.862
[student] TAP slot 2 skeletons cell 238 wall=13:25:33.197
[student] TRAY first +0.66s tapped slot 2 meant skeletons before [tesla,rocket,skeletons,knight_evo] now [tesla,rocket,?,knight_evo] slot_now ? elixir 2->2 wall=13:25:33.858
[student] PLAY knight_evo p=0.69 cell 237 board (0.19, 0.55) units 4 17 ms tap [?,?,?,knight_evo] hand [tesla_evo,rocket,?,knight_evo] elixir 3 wall=13:25:34.663
[student] TAP slot 3 knight_evo cell 237 wall=13:25:34.997
[student] TRAY first +0.63s tapped slot 3 meant knight_evo before [tesla_evo,rocket,?,knight_evo] now [tesla,rocket,tornado,?] slot_now ? elixir 3->3 wall=13:25:35.629
[student] PLAY the_log p=0.39 cell 255 board (0.19, 0.61) units 5 24 ms tap [?,?,?,the_log] hand [tesla_evo,rocket,ice_wizard,the_log] elixir 2 wall=13:25:38.532
[student] TAP slot 3 the_log cell 295 wall=13:25:38.880
[student] TRAY first +0.64s tapped slot 3 meant the_log before [tesla_evo,rocket,ice_wizard,the_log] now [tesla,rocket,ice_wizard,?] slot_now ? elixir 2->2 wall=13:25:39.524
[student] PLAY tornado p=0.57 cell 222 board (0.36, 0.52) units 4 17 ms tap [?,?,ice_wizard,tornado] hand [tesla_evo,rocket,ice_wizard,tornado] elixir 3 wall=13:25:41.597
[assist] TORNADO king-spot cell 222->332 trigger balloon at (0.48,0.56) enemy tracks 7 wall=13:25:41.598
[student] TAP slot 3 tornado cell 332 wall=13:25:41.930
[student] TRAY first +0.64s tapped slot 3 meant tornado before [tesla_evo,rocket,ice_wizard,tornado] now [tesla,rocket,ice_wizard,?] slot_now ? elixir 3->3 wall=13:25:42.573
[student] WAIT NO-TRAY-MATCH p=0.88 elixir 3 opp~? units 3 dets 4 (waits 4014/5567 badhand 1716/8113) tap [?,?,?,?] wall=13:25:42.632
[student] PLAY tesla_evo p=0.86 cell 309 board (0.17, 0.72) units 3 18 ms tap [tesla_evo,?,ice_wizard,?] hand [tesla_evo,rocket,ice_wizard,x_bow] elixir 4 wall=13:25:47.012
[student] TAP slot 0 tesla_evo cell 295 wall=13:25:47.346
[student] TRAY first +0.26s tapped slot 0 meant tesla_evo before [tesla_evo,rocket,ice_wizard,x_bow] now [?,rocket,ice_wizard,?] slot_now ? elixir 4->4 wall=13:25:47.606
[student] TRAY settled +0.88s tapped slot 0 meant tesla_evo before [tesla_evo,rocket,ice_wizard,x_bow] now [?,rocket,ice_wizard,?] slot_now ? elixir 4->1 wall=13:25:48.230
[student] WAIT p=0.27 elixir 3 opp~? units 2 dets 3 (waits 4019/5573 badhand 1717/8124) tap [skeletons,?,?,?] wall=13:25:51.297
[student] PLAY skeletons p=0.30 cell 242 board (0.47, 0.55) units 4 18 ms tap [skeletons,?,ice_wizard,?] hand [skeletons,rocket,ice_wizard,x_bow] elixir 5 wall=13:25:54.014
[student] TAP slot 0 skeletons cell 242 wall=13:25:54.348
[student] TRAY first +0.26s tapped slot 0 meant skeletons before [skeletons,rocket,ice_wizard,x_bow] now [?,rocket,ice_wizard,x_bow] slot_now ? elixir 5->4 wall=13:25:54.604
[student] TRAY settled +0.58s tapped slot 0 meant skeletons before [skeletons,rocket,ice_wizard,x_bow] now [?,rocket,ice_wizard,x_bow] slot_now ? elixir 5->4 wall=13:25:54.924
[student] WAIT p=0.24 elixir 6 opp~? units 3 dets 3 (waits 4029/5584 badhand 1720/8135) tap [knight,rocket,ice_wizard,x_bow] wall=13:25:57.071
[student] PLAY x_bow p=0.52 cell 254 board (0.14, 0.61) units 3 21 ms tap [knight,rocket,ice_wizard,x_bow] hand [knight,rocket,ice_wizard,x_bow] elixir 7 wall=13:25:58.434
[student] TAP slot 3 x_bow cell 254 wall=13:25:58.764
[student] TRAY first +0.25s tapped slot 3 meant x_bow before [knight,rocket,ice_wizard,x_bow] now [knight,rocket,ice_wizard,?] slot_now ? elixir 7->6 wall=13:25:59.011
[student] TRAY settled +0.58s tapped slot 3 meant x_bow before [knight,rocket,ice_wizard,x_bow] now [knight,rocket,ice_wizard,?] slot_now ? elixir 7->2 wall=13:25:59.339
[student] PLAY knight p=0.40 cell 238 board (0.25, 0.55) units 4 27 ms tap [knight,?,ice_wizard,the_log] hand [knight,rocket,ice_wizard,the_log] elixir 3 wall=13:26:01.120
[student] TAP slot 0 knight cell 238 wall=13:26:01.463
[student] TRAY first +0.29s tapped slot 0 meant knight before [knight,rocket,ice_wizard,the_log] now [?,rocket,ice_wizard,the_log] slot_now ? elixir 3->3 wall=13:26:01.758
[student] PLAY the_log p=0.49 cell 236 board (0.14, 0.55) units 5 30 ms tap [?,?,ice_wizard,the_log] hand [?,rocket,ice_wizard,the_log] elixir 3 wall=13:26:01.855
[student] TAP slot 3 the_log cell 236 wall=13:26:02.193
[student] TRAY first +0.29s tapped slot 3 meant the_log before [?,rocket,ice_wizard,the_log] now [?,rocket,ice_wizard,?] slot_now ? elixir 3->1 wall=13:26:02.481
[student] TRAY settled +0.66s tapped slot 3 meant the_log before [?,rocket,ice_wizard,the_log] now [?,rocket,ice_wizard,?] slot_now ? elixir 3->1 wall=13:26:02.848
[student] PLAY ice_wizard p=0.49 cell 235 board (0.08, 0.55) units 5 18 ms tap [tornado,?,ice_wizard,?] hand [tornado,rocket,ice_wizard,tesla] elixir 3 wall=13:26:08.277
[student] TAP slot 2 ice_wizard cell 235 wall=13:26:08.607
[student] TRAY first +0.27s tapped slot 2 meant ice_wizard before [tornado,rocket,ice_wizard,tesla] now [tornado,rocket,?,tesla] slot_now ? elixir 3->3 wall=13:26:08.874
[student] TRAY settled +0.63s tapped slot 2 meant ice_wizard before [tornado,rocket,ice_wizard,tesla] now [tornado,rocket,?,tesla] slot_now ? elixir 3->1 wall=13:26:09.234
[student] PLAY skeletons p=0.34 cell 238 board (0.25, 0.55) units 7 8 ms tap [tornado,?,skeletons,?] hand [tornado,rocket,skeletons,tesla] elixir 3 wall=13:26:11.933
[student] TAP slot 2 skeletons cell 238 wall=13:26:12.263
[student] TRAY first +0.28s tapped slot 2 meant skeletons before [tornado,rocket,skeletons,tesla] now [tornado,rocket,?,tesla] slot_now ? elixir 3->1 wall=13:26:12.541
[student] TRAY settled +0.61s tapped slot 2 meant skeletons before [tornado,rocket,skeletons,tesla] now [tornado,rocket,?,tesla] slot_now ? elixir 3->2 wall=13:26:12.871
[student] PLAY tornado p=0.49 cell 165 board (0.19, 0.39) units 6 25 ms tap [tornado,?,?,?] hand [tornado,rocket,ice_wizard,tesla] elixir 3 wall=13:26:14.147
[student] TAP slot 0 tornado cell 165 wall=13:26:14.591
[student] TRAY first +0.29s tapped slot 0 meant tornado before [tornado,rocket,ice_wizard,tesla] now [?,rocket,ice_wizard,tesla] slot_now ? elixir 3->3 wall=13:26:14.883
[student] TRAY settled +0.65s tapped slot 0 meant tornado before [tornado,rocket,ice_wizard,tesla] now [?,rocket,ice_wizard,tesla] slot_now ? elixir 3->1 wall=13:26:15.237
[student] WAIT NO-TRAY-MATCH p=0.08 elixir 2 opp~? units 3 dets 4 (waits 4034/5595 badhand 1724/8151) tap [?,?,?,?] wall=13:26:17.050
[student] PLAY knight p=0.33 cell 237 board (0.19, 0.55) units 3 22 ms tap [knight,?,?,?] hand [knight,rocket,ice_wizard,tesla] elixir 3 wall=13:26:17.843
[student] TAP slot 0 knight cell 237 wall=13:26:18.191
[student] TRAY first +0.25s tapped slot 0 meant knight before [knight,rocket,ice_wizard,tesla] now [?,rocket,?,tesla] slot_now ? elixir 3->3 wall=13:26:18.438
[student] TRAY settled +1.05s tapped slot 0 meant knight before [knight,rocket,ice_wizard,tesla] now [?,rocket,?,tesla] slot_now ? elixir 3->1 wall=13:26:19.240
[student] PLAY the_log p=0.32 cell 237 board (0.19, 0.55) units 3 16 ms tap [the_log,?,?,?] hand [the_log,rocket,ice_wizard,tesla] elixir 2 wall=13:26:21.616
[student] TAP slot 0 the_log cell 237 wall=13:26:21.945
[student] TRAY first +0.35s tapped slot 0 meant the_log before [the_log,rocket,ice_wizard,tesla] now [?,rocket,ice_wizard,tesla] slot_now ? elixir 2->2 wall=13:26:22.295
[student] TRAY settled +0.84s tapped slot 0 meant the_log before [the_log,rocket,ice_wizard,tesla] now [?,rocket,tesla,tesla] slot_now ? elixir 2->1 wall=13:26:22.783
[student] PLAY ice_wizard p=0.46 cell 296 board (0.47, 0.67) units 4 30 ms tap [ice_wizard,?,?,tesla] hand [ice_wizard,rocket,x_bow,tesla] elixir 4 wall=13:26:26.495
[student] TAP slot 0 ice_wizard cell 296 wall=13:26:26.846
[student] TRAY first +0.33s tapped slot 0 meant ice_wizard before [ice_wizard,rocket,x_bow,tesla] now [?,rocket,tesla,tesla] slot_now ? elixir 4->3 wall=13:26:27.174
[student] TRAY settled +0.70s tapped slot 0 meant ice_wizard before [ice_wizard,rocket,x_bow,tesla] now [?,rocket,the_log,tesla] slot_now ? elixir 4->2 wall=13:26:27.548
[student] PLAY skeletons p=0.88 cell 280 board (0.58, 0.64) units 4 28 ms tap [skeletons,?,?,?] hand [skeletons,rocket,ice_wizard,tesla] elixir 3 wall=13:26:29.440
[student] TAP slot 0 skeletons cell 280 wall=13:26:29.774
[student] TRAY first +0.36s tapped slot 0 meant skeletons before [skeletons,rocket,ice_wizard,tesla] now [?,rocket,ice_wizard,tesla] slot_now ? elixir 3->2 wall=13:26:30.131
[student] TRAY settled +0.82s tapped slot 0 meant skeletons before [skeletons,rocket,ice_wizard,tesla] now [?,rocket,ice_wizard,tesla] slot_now ? elixir 3->3 wall=13:26:30.589
[student] WAIT NO-TRAY-MATCH p=0.85 elixir 3 opp~? units 5 dets 5 (waits 4036/5601 badhand 1727/8165) tap [?,?,?,?] wall=13:26:31.445
[student] PLAY tornado p=0.81 cell 332 board (0.47, 0.77) units 7 27 ms tap [tornado,?,?,tesla] hand [tornado,rocket,ice_wizard,tesla] elixir 4 wall=13:26:31.925
[assist] TORNADO king-spot cell 332->332 trigger royal_giant at (0.46,0.56) enemy tracks 7 wall=13:26:31.926
[student] TAP slot 0 tornado cell 332 wall=13:26:32.274
[student] TRAY first +0.35s tapped slot 0 meant tornado before [tornado,rocket,ice_wizard,tesla] now [?,rocket,tesla,tesla] slot_now ? elixir 4->3 wall=13:26:32.624
[student] TRAY settled +0.72s tapped slot 0 meant tornado before [tornado,rocket,ice_wizard,tesla] now [?,rocket,tesla_evo,tesla] slot_now ? elixir 4->2 wall=13:26:32.996
[student] PLAY knight_evo p=0.46 cell 350 board (0.47, 0.83) units 5 19 ms tap [knight_evo,?,?,?] hand [knight_evo,rocket,ice_wizard,tesla] elixir 3 wall=13:26:34.647
[student] TAP slot 0 knight_evo cell 350 wall=13:26:34.979
[student] TRAY first +0.31s tapped slot 0 meant knight_evo before [knight_evo,rocket,ice_wizard,tesla] now [?,rocket,?,tesla] slot_now ? elixir 3->3 wall=13:26:35.289
[student] TRAY settled +0.72s tapped slot 0 meant knight_evo before [knight_evo,rocket,ice_wizard,tesla] now [?,rocket,?,tesla] slot_now ? elixir 3->0 wall=13:26:35.704
[student] PLAY the_log p=0.31 cell 248 board (0.81, 0.55) units 4 18 ms tap [the_log,?,?,?] hand [the_log,rocket,ice_wizard,tesla] elixir 3 wall=13:26:39.718
[student] TAP slot 0 the_log cell 331 wall=13:26:40.062
[student] TRAY first +0.31s tapped slot 0 meant the_log before [the_log,rocket,ice_wizard,tesla] now [?,rocket,the_log,tesla] slot_now ? elixir 3->2 wall=13:26:40.374
[student] TRAY settled +0.73s tapped slot 0 meant the_log before [the_log,rocket,ice_wizard,tesla] now [?,rocket,the_log,tesla] slot_now ? elixir 3->2 wall=13:26:40.789
[student] PLAY tesla p=0.84 cell 241 board (0.39, 0.56) units 3 15 ms tap [ice_wizard,?,?,tesla] hand [ice_wizard,rocket,x_bow,tesla] elixir 4 wall=13:26:43.197
[student] TAP slot 3 tesla cell 241 wall=13:26:43.528
[student] TRAY first +0.31s tapped slot 3 meant tesla before [ice_wizard,rocket,x_bow,tesla] now [ice_wizard,rocket,rocket,?] slot_now ? elixir 4->4 wall=13:26:43.841
[student] WAIT NO-TRAY-MATCH p=0.85 elixir 4 opp~? units 3 dets 3 (waits 4037/5606 badhand 1732/8179) tap [?,?,?,?] wall=13:26:43.914
[student] TRAY settled +0.96s tapped slot 3 meant tesla before [ice_wizard,rocket,x_bow,tesla] now [ice_wizard,rocket,ice_wizard,?] slot_now ? elixir 4->1 wall=13:26:44.487
[student] PLAY skeletons p=0.34 cell 237 board (0.19, 0.55) units 3 19 ms tap [?,?,?,skeletons] hand [ice_wizard,rocket,tesla,skeletons] elixir 1 wall=13:26:45.246
[student] TAP slot 3 skeletons cell 237 wall=13:26:45.590
[student] TRAY first +0.33s tapped slot 3 meant skeletons before [ice_wizard,rocket,tesla,skeletons] now [ice_wizard,rocket,ice_wizard,?] slot_now ? elixir 1->1 wall=13:26:45.925
[student] TRAY settled +0.98s tapped slot 3 meant skeletons before [ice_wizard,rocket,tesla,skeletons] now [ice_wizard,rocket,tesla,?] slot_now ? elixir 1->1 wall=13:26:46.574
[student] PLAY tornado p=0.40 cell 148 board (0.25, 0.36) units 4 27 ms tap [?,?,?,tornado] hand [ice_wizard,rocket,ice_wizard,tornado] elixir 3 wall=13:26:48.973
[assist] TORNADO nearest cell 148->290 target balloon at (0.20,0.55) enemy tracks 2 wall=13:26:48.973
[student] TAP slot 3 tornado cell 290 wall=13:26:49.309
[student] TRAY first +0.34s tapped slot 3 meant tornado before [ice_wizard,rocket,ice_wizard,tornado] now [tornado,rocket,rocket,?] slot_now ? elixir 3->3 wall=13:26:49.647
[student] TRAY settled +0.79s tapped slot 3 meant tornado before [ice_wizard,rocket,ice_wizard,tornado] now [ice_wizard,rocket,ice_wizard,?] slot_now ? elixir 3->1 wall=13:26:50.095
[student] PLAY knight p=0.56 cell 237 board (0.19, 0.55) units 4 25 ms tap [?,?,?,knight] hand [ice_wizard,rocket,ice_wizard,knight] elixir 3 wall=13:26:53.026
[student] TAP slot 3 knight cell 237 wall=13:26:53.374
[student] TRAY first +0.35s tapped slot 3 meant knight before [ice_wizard,rocket,ice_wizard,knight] now [ice_wizard,rocket,rocket,?] slot_now ? elixir 3->3 wall=13:26:53.722
[student] TRAY settled +1.18s tapped slot 3 meant knight before [ice_wizard,rocket,ice_wizard,knight] now [ice_wizard,rocket,ice_wizard,?] slot_now ? elixir 3->1 wall=13:26:54.554
[student] PLAY the_log p=0.31 cell 238 board (0.25, 0.55) units 6 17 ms tap [?,?,?,the_log] hand [ice_wizard,rocket,ice_wizard,the_log] elixir 2 wall=13:26:56.584
[student] TAP slot 3 the_log cell 238 wall=13:26:56.913
[student] TRAY first +0.40s tapped slot 3 meant the_log before [ice_wizard,rocket,ice_wizard,the_log] now [ice_wizard,rocket,ice_wizard,?] slot_now ? elixir 2->2 wall=13:26:57.314
[student] TRAY settled +0.85s tapped slot 3 meant the_log before [ice_wizard,rocket,ice_wizard,the_log] now [ice_wizard,rocket,tesla,?] slot_now ? elixir 2->1 wall=13:26:57.767
[student] PLAY ice_wizard p=0.81 cell 280 board (0.58, 0.64) units 5 22 ms tap [ice_wizard,?,?,tesla] hand [ice_wizard,rocket,x_bow,tesla] elixir 4 wall=13:27:01.260
[student] TAP slot 0 ice_wizard cell 280 wall=13:27:01.607
[student] TRAY first +0.32s tapped slot 0 meant ice_wizard before [ice_wizard,rocket,x_bow,tesla] now [?,rocket,tesla,tesla] slot_now ? elixir 4->3 wall=13:27:01.924
[student] TRAY settled +0.72s tapped slot 0 meant ice_wizard before [ice_wizard,rocket,x_bow,tesla] now [?,rocket,tesla_evo,tesla] slot_now ? elixir 4->1 wall=13:27:02.329
[student] PLAY skeletons p=0.74 cell 298 board (0.58, 0.7) units 5 16 ms tap [skeletons,?,?,?] hand [skeletons,rocket,ice_wizard,tesla] elixir 2 wall=13:27:03.610
[student] TAP slot 0 skeletons cell 298 wall=13:27:03.937
[student] TRAY first +0.33s tapped slot 0 meant skeletons before [skeletons,rocket,ice_wizard,tesla] now [?,rocket,the_log,tesla] slot_now ? elixir 2->1 wall=13:27:04.268
[student] TRAY settled +1.17s tapped slot 0 meant skeletons before [skeletons,rocket,ice_wizard,tesla] now [?,rocket,ice_wizard,tesla] slot_now ? elixir 2->2 wall=13:27:05.104
[student] PLAY tornado p=0.40 cell 219 board (0.19, 0.52) units 5 25 ms tap [tornado,?,?,?] hand [tornado,rocket,ice_wizard,tesla] elixir 3 wall=13:27:06.096
[assist] TORNADO king-spot cell 219->332 trigger royal_giant at (0.46,0.53) enemy tracks 7 wall=13:27:06.097
[student] TAP slot 0 tornado cell 332 wall=13:27:06.428
[student] TRAY first +0.78s tapped slot 0 meant tornado before [tornado,rocket,ice_wizard,tesla] now [?,rocket,ice_wizard,tesla] slot_now ? elixir 3->3 wall=13:27:07.207
[student] WAIT NO-TRAY-MATCH p=0.61 elixir 3 opp~? units 3 dets 3 (waits 4037/5613 badhand 1736/8196) tap [?,?,?,?] wall=13:27:07.293
[student] PLAY knight p=0.92 cell 306 board (0.03, 0.73) units 5 26 ms tap [knight,?,?,?] hand [knight,rocket,ice_wizard,tesla] elixir 3 wall=13:27:10.520
[student] TAP slot 0 knight cell 306 wall=13:27:10.857
[student] TRAY first +0.76s tapped slot 0 meant knight before [knight,rocket,ice_wizard,tesla] now [?,rocket,ice_wizard,tesla] slot_now ? elixir 3->3 wall=13:27:11.621
[student] PLAY the_log p=0.92 cell 237 board (0.19, 0.55) units 6 27 ms tap [the_log,?,?,?] hand [the_log,rocket,ice_wizard,tesla] elixir 3 wall=13:27:14.235
[student] TAP slot 0 the_log cell 238 wall=13:27:14.573
[student] TRAY first +0.67s tapped slot 0 meant the_log before [the_log,rocket,ice_wizard,tesla] now [?,rocket,tesla,tesla] slot_now ? elixir 3->2 wall=13:27:15.248
13:27:22 [play] UNKNOWN 0.8s after in-match -> grace hold (label lost: overtime / end animation / dropout; up to 150s)
13:27:23 [play] in-match read re-acquired -> grace hold released

[play] stop requested -- finishing this iteration. Press Ctrl+C again to abort immediately.
