[play] policy policy_rl.pt loaded (RL gate ON).
.\icebow\.venv\Scripts\python.exe : 
C:\Users\benpe\ClashBot\pipeline\model_v3.py:92: 
UserWarning: enable_nested_tensor is True, but 
self.use_nested_tensor is False because 
encoder_layer.norm_first was True
At line:1 char:1
+ .\icebow\.venv\Scripts\python.exe -u 
icebow\run.py play --student dat ...
+ ~~~~~~~~~~~~~~~~~~~~~~~~~~~~~~~~~~~~~~~~~~~~~~~~~
~~~~~~~~~~~~~~~~~~~~
    + CategoryInfo          : NotSpecified: (C:\Us 
   ers\benpe\..._first was True:String) [], Remot  
  eException
    + FullyQualifiedErrorId : NativeCommandError
 
  self.encoder = nn.TransformerEncoder(enc, layers)
[play] S1 STUDENT ON: s1_icebow_v6lat_s0.pt (epoch 15, grid lattice, gate tau 0.27, anti-stall 9 elixir / 12s) -- the old policy is loaded but only used for the frames the student declines to answer.
[play] opp-memory slot 5 source: opp_estimate
[play] live search unavailable (name 'card_db' is not defined); continuing on the policy alone
00:27:22 [play] running on cuda. Ctrl+C to stop, or slam the mouse into a screen corner for the failsafe. It navigates menus and plays in-match on its own.
00:27:22 [play] logging to C:\Users\benpe\ClashBot\icebow\data\play_20260912_002722.log
00:27:22 [play] state: HOME
00:27:22 [nav] HOME -> Battle (located) (0.509,0.773)
00:27:23 [play] state: UNKNOWN
00:27:30 [play] state: IN_MATCH
[student] PLAY the_log p=0.35 cell 237 board (0.19, 0.55) units 1 6 ms hand [the_log,tesla,?,x_bow] elixir 10 wall=00:27:36.487
[student] TAP slot 0 the_log cell 237 wall=00:27:36.850
[student] TRAY first +0.27s tapped slot 0 meant the_log before [the_log,tesla,?,x_bow] now [?,tesla,?,x_bow] slot_now ? elixir 10->8 wall=00:27:37.121
[student] TRAY settled +1.09s tapped slot 0 meant the_log before [the_log,tesla,?,x_bow] now [?,tesla,?,x_bow] slot_now ? elixir 10->8 wall=00:27:37.937
[student] WAIT | exact=0 opp=? next=0 t=8s hand=[-1, 164, -1, 3] tw=1.01.01.01.01.01.0 sp=2 unk=0 p=0.01 elixir 8 opp~? units 0 dets 2 (waits 10/11 badhand 11/11) wall=00:27:38.031
[student] WAIT | exact=0 opp=? next=2 t=15s hand=[0, 164, -1, 3] tw=1.01.01.01.01.01.0 sp=0 unk=0 p=0.05 elixir 10 opp~? units 0 dets 0 (waits 20/21 badhand 21/21) wall=00:27:44.746
[student] STALL-PLAY x_bow p=0.06 cell 267 board (0.86, 0.61) units 0 23 ms hand [tornado,tesla,?,x_bow] elixir 10 wall=00:27:48.898
[student] TAP slot 3 x_bow cell 231 wall=00:27:49.259
[student] TRAY first +0.29s tapped slot 3 meant x_bow before [tornado,tesla,?,x_bow] now [tornado,tesla,?,?] slot_now ? elixir 10->5 wall=00:27:49.548
[student] PLAY tesla p=0.59 cell 247 board (0.72, 0.56) units 2 37 ms hand [tornado,tesla,?,?] elixir 5 wall=00:27:49.652
[student] TAP slot 1 tesla cell 247 wall=00:27:50.007
[student] TRAY first +0.27s tapped slot 1 meant tesla before [tornado,tesla,?,?] now [tornado,?,?,?] slot_now ? elixir 5->4 wall=00:27:50.276
[student] PLAY tornado p=0.68 cell 176 board (0.81, 0.39) units 3 19 ms hand [tornado,?,?,?] elixir 4 wall=00:27:50.351
[student] TAP slot 0 tornado cell 333 wall=00:27:50.735
[student] TRAY first +0.30s tapped slot 0 meant tornado before [tornado,?,?,?] now [tornado,?,tornado,tornado] slot_now tornado elixir 4->0 wall=00:27:51.031
[student] TRAY settled +0.62s tapped slot 0 meant tornado before [tornado,?,?,?] now [tornado,?,tornado,tornado] slot_now tornado elixir 4->0 wall=00:27:51.358
[student] PLAY skeletons p=0.34 cell 250 board (0.92, 0.55) units 4 35 ms hand [ice_wizard,skeletons,?,ice_wizard] elixir 1 wall=00:27:54.885
[student] TAP slot 1 skeletons cell 250 wall=00:27:55.240
[student] TRAY first +0.30s tapped slot 1 meant skeletons before [ice_wizard,skeletons,?,ice_wizard] now [tornado,?,tornado,ice_wizard] slot_now ? elixir 1->1 wall=00:27:55.538
[student] TRAY settled +0.65s tapped slot 1 meant skeletons before [ice_wizard,skeletons,?,ice_wizard] now [tornado,?,?,ice_wizard] slot_now ? elixir 1->0 wall=00:27:55.889
[student] PLAY ice_wizard p=0.58 cell 247 board (0.75, 0.55) units 1 30 ms hand [tornado,rocket,?,ice_wizard] elixir 4 wall=00:28:05.110
[student] TAP slot 3 ice_wizard cell 247 wall=00:28:05.474
[student] TRAY first +0.30s tapped slot 3 meant ice_wizard before [tornado,rocket,?,ice_wizard] now [tornado,rocket,?,?] slot_now ? elixir 4->3 wall=00:28:05.770
[student] WAIT p=0.18 elixir 3 opp~? units 2 dets 3 (waits 30/36 badhand 36/36) wall=00:28:05.850
[student] TRAY settled +0.66s tapped slot 3 meant ice_wizard before [tornado,rocket,?,ice_wizard] now [tornado,rocket,?,?] slot_now ? elixir 4->1 wall=00:28:06.137
[student] PLAY the_log p=0.42 cell 249 board (0.86, 0.55) units 2 33 ms hand [tornado,rocket,?,the_log] elixir 3 wall=00:28:10.616
[student] TAP slot 3 the_log cell 249 wall=00:28:10.978
[student] TRAY first +0.30s tapped slot 3 meant the_log before [tornado,rocket,?,the_log] now [tornado,rocket,?,?] slot_now ? elixir 3->2 wall=00:28:11.274
[student] TRAY settled +0.63s tapped slot 3 meant the_log before [tornado,rocket,?,the_log] now [tornado,rocket,?,?] slot_now ? elixir 3->1 wall=00:28:11.608
[student] PLAY ice_wizard p=0.71 cell 247 board (0.75, 0.55) units 1 27 ms hand [tornado,rocket,?,ice_wizard] elixir 3 wall=00:28:16.194
[student] TAP slot 3 ice_wizard cell 247 wall=00:28:16.527
[student] TRAY first +0.33s tapped slot 3 meant ice_wizard before [tornado,rocket,?,ice_wizard] now [tornado,rocket,?,ice_wizard] slot_now ice_wizard elixir 3->3 wall=00:28:16.861
[student] PLAY ice_wizard p=0.56 cell 247 board (0.75, 0.55) units 1 24 ms hand [tornado,rocket,?,ice_wizard] elixir 3 wall=00:28:16.945
[student] TAP slot 3 ice_wizard cell 247 wall=00:28:17.291
[student] TRAY first +0.25s tapped slot 3 meant ice_wizard before [tornado,rocket,?,ice_wizard] now [tornado,rocket,?,?] slot_now ? elixir 3->3 wall=00:28:17.538
[student] PLAY tornado p=0.66 cell 80 board (0.47, 0.2) units 1 17 ms hand [tornado,rocket,?,?] elixir 3 wall=00:28:17.611
[student] TAP slot 0 tornado cell 196 wall=00:28:17.953
[student] TRAY first +0.27s tapped slot 0 meant tornado before [tornado,rocket,?,?] now [?,rocket,tornado,?] slot_now ? elixir 3->3 wall=00:28:18.225
[student] TRAY settled +0.62s tapped slot 0 meant tornado before [tornado,rocket,?,?] now [?,rocket,?,?] slot_now ? elixir 3->0 wall=00:28:18.571
[student] WAIT | exact=0 opp=? next=7 t=52s hand=[164, 4, 149, 6] tw=1.01.01.01.01.01.0 sp=0 unk=0 p=0.03 elixir 2 opp~? units 0 dets 0 (waits 40/50 badhand 38/50) wall=00:28:21.924
[student] PLAY ice_wizard p=0.29 cell 309 board (0.19, 0.73) units 0 26 ms hand [tesla,rocket,?,ice_wizard] elixir 3 wall=00:28:25.032
[student] TAP slot 3 ice_wizard cell 255 wall=00:28:25.390
[student] TRAY first +0.29s tapped slot 3 meant ice_wizard before [tesla,rocket,?,ice_wizard] now [tesla,rocket,?,?] slot_now ? elixir 3->3 wall=00:28:25.681
[student] TRAY settled +0.58s tapped slot 3 meant ice_wizard before [tesla,rocket,?,ice_wizard] now [tesla,rocket,?,ice_wizard] slot_now ice_wizard elixir 3->3 wall=00:28:25.969
[student] PLAY ice_wizard p=0.88 cell 343 board (0.08, 0.8) units 3 22 ms hand [tesla,rocket,?,ice_wizard] elixir 3 wall=00:28:26.053
[student] TAP slot 3 ice_wizard cell 343 wall=00:28:26.412
[student] TRAY first +0.31s tapped slot 3 meant ice_wizard before [tesla,rocket,?,ice_wizard] now [tesla,rocket,?,?] slot_now ? elixir 3->3 wall=00:28:26.718
[student] TRAY settled +0.67s tapped slot 3 meant ice_wizard before [tesla,rocket,?,ice_wizard] now [tesla,rocket,?,?] slot_now ? elixir 3->3 wall=00:28:27.082
[student] PLAY tesla p=0.89 cell 325 board (0.06, 0.75) units 2 27 ms hand [tesla,rocket,?,?] elixir 4 wall=00:28:27.772
[student] TAP slot 0 tesla cell 294 wall=00:28:28.133
[student] TRAY first +0.29s tapped slot 0 meant tesla before [tesla,rocket,?,?] now [?,rocket,tornado,x_bow] slot_now ? elixir 4->4 wall=00:28:28.423
[student] PLAY tornado p=0.44 cell 385 board (0.42, 0.89) units 3 20 ms hand [?,rocket,tornado,x_bow] elixir 4 wall=00:28:28.498
[student] TAP slot 2 tornado cell 385 wall=00:28:28.870
[student] TRAY first +0.24s tapped slot 2 meant tornado before [?,rocket,tornado,x_bow] now [?,rocket,?,?] slot_now ? elixir 4->0 wall=00:28:29.110
[student] TRAY settled +1.10s tapped slot 2 meant tornado before [?,rocket,tornado,x_bow] now [skeletons,rocket,?,?] slot_now ? elixir 4->1 wall=00:28:29.970
[student] WAIT | exact=0 opp=? next=2 t=64s hand=[7, 4, -1, 6] tw=1.01.01.01.01.00.0x sp=0 unk=0 p=0.02 elixir 2 opp~? units 1 dets 1 (waits 50/64 badhand 46/64) wall=00:28:33.756
[student] WAIT | exact=0 opp=? next=2 t=71s hand=[7, 4, -1, 3] tw=1.01.01.01.01.00.0x sp=0 unk=0 p=0.02 elixir 4 opp~? units 1 dets 1 (waits 60/74 badhand 56/74) wall=00:28:40.814
[student] WAIT | exact=0 opp=? next=2 t=78s hand=[7, 4, -1, 3] tw=1.01.01.01.01.00.0x sp=0 unk=0 p=0.05 elixir 7 opp~? units 2 dets 2 (waits 70/84 badhand 66/84) wall=00:28:48.039
[student] STALL-PLAY x_bow p=0.25 cell 254 board (0.14, 0.61) units 1 16 ms hand [skeletons,rocket,?,x_bow] elixir 9 wall=00:28:52.875
[student] TAP slot 3 x_bow cell 218 wall=00:28:53.223
[student] TRAY first +0.27s tapped slot 3 meant x_bow before [skeletons,rocket,?,x_bow] now [skeletons,rocket,knight,?] slot_now ? elixir 9->5 wall=00:28:53.490
[student] PLAY skeletons p=0.83 cell 238 board (0.25, 0.55) units 2 25 ms hand [skeletons,rocket,knight,?] elixir 5 wall=00:28:53.572
[student] TAP slot 0 skeletons cell 238 wall=00:28:53.927
[student] TRAY first +0.29s tapped slot 0 meant skeletons before [skeletons,rocket,knight,?] now [?,rocket,?,?] slot_now ? elixir 5->2 wall=00:28:54.222
[student] TRAY settled +1.15s tapped slot 0 meant skeletons before [skeletons,rocket,knight,?] now [?,rocket,?,ice_wizard] slot_now ? elixir 5->2 wall=00:28:55.074
[student] WAIT | exact=0 opp=? next=0 t=87s hand=[6, 4, 149, 2] tw=1.01.01.01.01.00.0x sp=0 unk=0 p=0.04 elixir 3 opp~? units 4 dets 4 (waits 80/96 badhand 74/96) wall=00:28:57.281
[student] PLAY the_log p=0.28 cell 237 board (0.19, 0.55) units 4 27 ms hand [the_log,rocket,knight,ice_wizard] elixir 5 wall=00:29:02.088
[student] TAP slot 0 the_log cell 272 wall=00:29:02.444
[student] TRAY first +0.25s tapped slot 0 meant the_log before [the_log,rocket,knight,ice_wizard] now [?,rocket,knight,ice_wizard] slot_now ? elixir 5->3 wall=00:29:02.692
[student] TRAY settled +0.59s tapped slot 0 meant the_log before [the_log,rocket,knight,ice_wizard] now [?,rocket,knight,ice_wizard] slot_now ? elixir 5->3 wall=00:29:03.035
[student] PLAY ice_wizard p=0.37 cell 234 board (0.03, 0.58) units 1 29 ms hand [?,rocket,knight,ice_wizard] elixir 3 wall=00:29:03.129
[student] TAP slot 3 ice_wizard cell 235 wall=00:29:03.478
[student] TRAY first +0.31s tapped slot 3 meant ice_wizard before [?,rocket,knight,ice_wizard] now [?,rocket,?,?] slot_now ? elixir 3->3 wall=00:29:03.786
[student] TRAY settled +0.90s tapped slot 3 meant ice_wizard before [?,rocket,knight,ice_wizard] now [tornado,rocket,?,?] slot_now ? elixir 3->1 wall=00:29:04.379
[student] PLAY tornado p=0.78 cell 385 board (0.42, 0.89) units 3 28 ms hand [tornado,rocket,knight,tesla_evo] elixir 3 wall=00:29:09.855
[student] TAP slot 0 tornado cell 385 wall=00:29:10.212
[student] TRAY first +1.09s tapped slot 0 meant tornado before [tornado,rocket,knight,tesla_evo] now [?,rocket,tornado,?] slot_now ? elixir 3->3 wall=00:29:11.306
[student] WAIT p=0.14 elixir 3 opp~? units 2 dets 3 (waits 90/109 badhand 77/109) wall=00:29:11.383
[student] PLAY the_log p=0.27 cell 248 board (0.81, 0.55) units 1 30 ms hand [the_log,rocket,?,tesla] elixir 2 wall=00:29:16.994
[student] TAP slot 0 the_log cell 248 wall=00:29:17.379
[student] TRAY first +1.05s tapped slot 0 meant the_log before [the_log,rocket,?,tesla] now [?,rocket,?,tesla_evo] slot_now ? elixir 2->3 wall=00:29:18.426
[student] PLAY knight p=0.39 cell 248 board (0.81, 0.55) units 1 16 ms hand [x_bow,rocket,knight,tesla_evo] elixir 3 wall=00:29:19.613
[student] TAP slot 2 knight cell 248 wall=00:29:19.983
[student] TRAY first +1.14s tapped slot 2 meant knight before [x_bow,rocket,knight,tesla_evo] now [tornado,rocket,?,tesla] slot_now ? elixir 3->3 wall=00:29:21.120
[clock] icon reads x3 but the clock reads x1 -> using the clock (x1)
[student] WAIT | exact=0 opp=? next=6 t=119s hand=[3, 4, 7, 164] tw=1.01.01.01.01.00.0x sp=0 unk=0 p=0.00 elixir 4 opp~? units 3 dets 3 (waits 100/121 badhand 78/121) wall=00:29:28.869
[clock] icon reads x3 but the clock reads x2 -> using the clock (x2)
00:29:31 [play] elixir x2
[student] STALL-PLAY x_bow p=0.00 cell 254 board (0.14, 0.61) units 3 29 ms hand [x_bow,rocket,skeletons,tesla_evo] elixir 9 wall=00:29:34.937
[student] TAP slot 0 x_bow cell 218 wall=00:29:35.290
[student] TRAY first +0.73s tapped slot 0 meant x_bow before [x_bow,rocket,skeletons,tesla_evo] now [?,rocket,skeletons,tesla_evo] slot_now ? elixir 9->5 wall=00:29:36.023
[student] PLAY tesla_evo p=0.76 cell 239 board (0.28, 0.56) units 3 19 ms hand [the_log,rocket,skeletons,tesla_evo] elixir 4 wall=00:29:37.686
[student] TAP slot 3 tesla_evo cell 239 wall=00:29:38.061
[student] TRAY first +0.71s tapped slot 3 meant tesla_evo before [the_log,rocket,skeletons,tesla_evo] now [the_log,rocket,skeletons,?] slot_now ? elixir 4->4 wall=00:29:38.769
[student] PLAY skeletons p=0.90 cell 235 board (0.08, 0.55) units 4 31 ms hand [the_log,rocket,skeletons,?] elixir 4 wall=00:29:38.861
[student] TAP slot 2 skeletons cell 235 wall=00:29:39.210
[student] TRAY first +0.71s tapped slot 2 meant skeletons before [the_log,rocket,skeletons,?] now [the_log,rocket,?,?] slot_now ? elixir 4->1 wall=00:29:39.916
[student] WAIT p=0.08 elixir 2 opp~? units 4 dets 4 (waits 110/134 badhand 81/134) wall=00:29:41.648
[student] PLAY the_log p=0.54 cell 236 board (0.14, 0.55) units 5 31 ms hand [the_log,rocket,tornado,ice_wizard] elixir 3 wall=00:29:43.173
[student] TAP slot 0 the_log cell 365 wall=00:29:43.542
[student] TRAY first +0.66s tapped slot 0 meant the_log before [the_log,rocket,tornado,ice_wizard] now [?,rocket,tornado,ice_wizard] slot_now ? elixir 3->4 wall=00:29:44.199
[student] PLAY ice_wizard p=0.76 cell 238 board (0.25, 0.55) units 4 27 ms hand [?,rocket,tornado,ice_wizard] elixir 4 wall=00:29:44.283
[student] TAP slot 3 ice_wizard cell 238 wall=00:29:44.641
[student] TRAY first +0.75s tapped slot 3 meant ice_wizard before [?,rocket,tornado,ice_wizard] now [?,rocket,tornado,?] slot_now ? elixir 4->2 wall=00:29:45.390
[student] PLAY tornado p=0.45 cell 148 board (0.25, 0.36) units 2 20 ms hand [knight,rocket,tornado,ice_wizard] elixir 3 wall=00:29:49.975
[student] TAP slot 2 tornado cell 148 wall=00:29:50.321
[student] TRAY first +0.26s tapped slot 2 meant tornado before [knight,rocket,tornado,ice_wizard] now [knight,rocket,?,?] slot_now ? elixir 3->3 wall=00:29:50.584
[student] PLAY knight p=0.60 cell 237 board (0.19, 0.55) units 2 29 ms hand [knight,rocket,?,?] elixir 3 wall=00:29:50.661
[student] TAP slot 0 knight cell 237 wall=00:29:51.022
[student] TRAY first +0.27s tapped slot 0 meant knight before [knight,rocket,?,?] now [?,rocket,?,tesla] slot_now ? elixir 3->1 wall=00:29:51.291
[student] TRAY settled +0.55s tapped slot 0 meant knight before [knight,rocket,?,?] now [?,rocket,?,tesla] slot_now ? elixir 3->1 wall=00:29:51.574
[student] PLAY the_log p=0.81 cell 374 board (0.81, 0.86) units 4 23 ms hand [?,rocket,tesla,the_log] elixir 2 wall=00:29:52.534
[student] TAP slot 3 the_log cell 392 wall=00:29:52.897
[student] TRAY first +0.27s tapped slot 3 meant the_log before [?,rocket,tesla,the_log] now [knight,rocket,tesla,tesla] slot_now tesla elixir 2->2 wall=00:29:53.166
[student] TRAY settled +1.14s tapped slot 3 meant the_log before [?,rocket,tesla,the_log] now [knight,rocket,tesla,tornado] slot_now tornado elixir 2->3 wall=00:29:54.035
[student] PLAY knight p=0.62 cell 358 board (0.92, 0.8) units 3 20 ms hand [knight,rocket,tesla,tornado] elixir 3 wall=00:29:54.113
[student] TAP slot 0 knight cell 358 wall=00:29:54.490
[student] TRAY first +0.28s tapped slot 0 meant knight before [knight,rocket,tesla,tornado] now [?,rocket,tesla,?] slot_now ? elixir 3->3 wall=00:29:54.773
[student] TRAY settled +0.64s tapped slot 0 meant knight before [knight,rocket,tesla,tornado] now [?,rocket,tesla,?] slot_now ? elixir 3->1 wall=00:29:55.132
[student] PLAY skeletons p=0.29 cell 248 board (0.81, 0.55) units 4 27 ms hand [skeletons,rocket,tesla,the_log] elixir 1 wall=00:29:56.183
[student] TAP slot 0 skeletons cell 248 wall=00:29:56.541
[student] TRAY first +0.30s tapped slot 0 meant skeletons before [skeletons,rocket,tesla,the_log] now [?,rocket,tesla,tesla] slot_now ? elixir 1->1 wall=00:29:56.843
[student] TRAY settled +1.07s tapped slot 0 meant skeletons before [skeletons,rocket,tesla,the_log] now [?,rocket,tesla,the_log] slot_now ? elixir 1->2 wall=00:29:57.616
[student] PLAY the_log p=0.56 cell 248 board (0.81, 0.55) units 3 18 ms hand [the_log,rocket,tesla,the_log] elixir 2 wall=00:29:58.513
[student] TAP slot 0 the_log cell 248 wall=00:29:58.885
[student] TRAY first +0.30s tapped slot 0 meant the_log before [the_log,rocket,tesla,the_log] now [?,rocket,tesla,?] slot_now ? elixir 2->1 wall=00:29:59.187
[student] TRAY settled +0.66s tapped slot 0 meant the_log before [the_log,rocket,tesla,the_log] now [?,rocket,tesla,?] slot_now ? elixir 2->1 wall=00:29:59.542
[student] PLAY ice_wizard p=0.29 cell 251 board (0.97, 0.58) units 1 17 ms hand [ice_wizard,rocket,tesla,ice_wizard] elixir 3 wall=00:30:02.830
[student] TAP slot 0 ice_wizard cell 250 wall=00:30:03.172
[student] TRAY first +0.27s tapped slot 0 meant ice_wizard before [ice_wizard,rocket,tesla,ice_wizard] now [?,rocket,tesla,tesla] slot_now ? elixir 3->3 wall=00:30:03.445
[student] TRAY settled +1.07s tapped slot 0 meant ice_wizard before [ice_wizard,rocket,tesla,ice_wizard] now [?,rocket,tesla,the_log] slot_now ? elixir 3->1 wall=00:30:04.244
[student] PLAY ice_wizard p=0.30 cell 247 board (0.75, 0.55) units 2 21 ms hand [tornado,rocket,tesla,ice_wizard] elixir 3 wall=00:30:06.560
[student] TAP slot 3 ice_wizard cell 247 wall=00:30:06.905
[student] TRAY first +0.24s tapped slot 3 meant ice_wizard before [tornado,rocket,tesla,ice_wizard] now [tornado,rocket,tesla,?] slot_now ? elixir 3->3 wall=00:30:07.145
[student] PLAY tornado p=0.73 cell 333 board (0.53, 0.77) units 3 30 ms hand [tornado,rocket,tesla,?] elixir 3 wall=00:30:07.233
[student] TAP slot 0 tornado cell 333 wall=00:30:07.616
[student] TRAY first +0.23s tapped slot 0 meant tornado before [tornado,rocket,tesla,?] now [?,rocket,tesla,tesla] slot_now ? elixir 3->3 wall=00:30:07.848
[student] TRAY settled +0.52s tapped slot 0 meant tornado before [tornado,rocket,tesla,?] now [?,rocket,tesla,tesla] slot_now ? elixir 3->1 wall=00:30:08.135
[student] PLAY knight_evo p=0.45 cell 248 board (0.81, 0.55) units 4 18 ms hand [knight_evo,rocket,tesla,ice_wizard] elixir 3 wall=00:30:10.270
[student] TAP slot 0 knight_evo cell 248 wall=00:30:10.629
[student] TRAY first +0.30s tapped slot 0 meant knight_evo before [knight_evo,rocket,tesla,ice_wizard] now [?,rocket,tesla,?] slot_now ? elixir 3->3 wall=00:30:10.925
[student] TRAY settled +0.90s tapped slot 0 meant knight_evo before [knight_evo,rocket,tesla,ice_wizard] now [?,rocket,tesla,?] slot_now ? elixir 3->0 wall=00:30:11.530
[student] WAIT p=0.25 elixir 2 opp~? units 2 dets 3 (waits 120/156 badhand 86/156) wall=00:30:13.364
[student] PLAY skeletons p=0.39 cell 248 board (0.81, 0.55) units 1 30 ms hand [skeletons,rocket,tesla,ice_wizard] elixir 2 wall=00:30:14.157
[student] TAP slot 0 skeletons cell 248 wall=00:30:14.510
[student] TRAY first +0.23s tapped slot 0 meant skeletons before [skeletons,rocket,tesla,ice_wizard] now [?,rocket,tesla,the_log] slot_now ? elixir 2->2 wall=00:30:14.742
[student] TRAY settled +0.58s tapped slot 0 meant skeletons before [skeletons,rocket,tesla,ice_wizard] now [?,rocket,tesla,the_log] slot_now ? elixir 2->2 wall=00:30:15.086
[student] PLAY the_log p=0.93 cell 374 board (0.81, 0.86) units 7 33 ms hand [the_log,rocket,tesla,ice_wizard] elixir 3 wall=00:30:16.219
[student] TAP slot 0 the_log cell 393 wall=00:30:16.588
[student] TRAY first +0.27s tapped slot 0 meant the_log before [the_log,rocket,tesla,ice_wizard] now [?,rocket,tesla,the_log] slot_now ? elixir 3->2 wall=00:30:16.858
[student] PLAY the_log p=0.82 cell 374 board (0.81, 0.86) units 8 29 ms hand [?,rocket,tesla,the_log] elixir 2 wall=00:30:16.950
[student] TAP slot 3 the_log cell 375 wall=00:30:17.314
[student] TRAY first +0.24s tapped slot 3 meant the_log before [?,rocket,tesla,the_log] now [?,rocket,tesla,ice_wizard] slot_now ice_wizard elixir 2->2 wall=00:30:17.559
[student] TRAY settled +0.87s tapped slot 3 meant the_log before [?,rocket,tesla,the_log] now [ice_wizard,rocket,tesla,tornado] slot_now tornado elixir 2->2 wall=00:30:18.180
[student] PLAY ice_wizard p=0.33 cell 297 board (0.53, 0.7) units 3 32 ms hand [ice_wizard,rocket,tesla,?] elixir 5 wall=00:30:22.054
[student] TAP slot 0 ice_wizard cell 297 wall=00:30:22.402
[student] TRAY first +0.28s tapped slot 0 meant ice_wizard before [ice_wizard,rocket,tesla,?] now [?,rocket,tesla,ice_wizard] slot_now ? elixir 5->3 wall=00:30:22.686
[student] WAIT p=0.16 elixir 3 opp~? units 4 dets 4 (waits 130/170 badhand 91/170) wall=00:30:22.771
[student] TRAY settled +0.62s tapped slot 0 meant ice_wizard before [ice_wizard,rocket,tesla,?] now [?,rocket,tesla,ice_wizard] slot_now ? elixir 5->3 wall=00:30:23.020
[student] PLAY tornado p=0.33 cell 157 board (0.75, 0.36) units 3 19 ms hand [tornado,rocket,tesla,ice_wizard] elixir 3 wall=00:30:24.054
[student] TAP slot 0 tornado cell 333 wall=00:30:24.420
[student] TRAY first +0.30s tapped slot 0 meant tornado before [tornado,rocket,tesla,ice_wizard] now [?,rocket,tesla,tesla] slot_now ? elixir 3->3 wall=00:30:24.724
[student] TRAY settled +0.59s tapped slot 0 meant tornado before [tornado,rocket,tesla,ice_wizard] now [?,rocket,tesla,tesla] slot_now ? elixir 3->1 wall=00:30:25.011
[student] PLAY knight p=0.58 cell 248 board (0.81, 0.55) units 5 29 ms hand [knight,rocket,tesla,ice_wizard] elixir 3 wall=00:30:27.382
[student] TAP slot 0 knight cell 248 wall=00:30:27.739
[student] TRAY first +0.38s tapped slot 0 meant knight before [knight,rocket,tesla,ice_wizard] now [?,rocket,tesla,?] slot_now ? elixir 3->3 wall=00:30:28.119
[student] TRAY settled +0.83s tapped slot 0 meant knight before [knight,rocket,tesla,ice_wizard] now [?,rocket,tesla,?] slot_now ? elixir 3->1 wall=00:30:28.566
[student] PLAY skeletons p=0.49 cell 320 board (0.81, 0.73) units 5 26 ms hand [skeletons,rocket,tesla,the_log] elixir 1 wall=00:30:29.821
[student] TAP slot 0 skeletons cell 266 wall=00:30:30.171
[student] TRAY first +0.32s tapped slot 0 meant skeletons before [skeletons,rocket,tesla,the_log] now [?,rocket,tesla,tesla] slot_now ? elixir 1->1 wall=00:30:30.488
[student] TRAY settled +0.76s tapped slot 0 meant skeletons before [skeletons,rocket,tesla,the_log] now [?,rocket,tesla,tesla] slot_now ? elixir 1->1 wall=00:30:30.929
[student] PLAY the_log p=0.42 cell 247 board (0.75, 0.55) units 3 28 ms hand [the_log,rocket,tesla,the_log] elixir 2 wall=00:30:31.915
[student] TAP slot 0 the_log cell 391 wall=00:30:32.282
[student] TRAY first +0.39s tapped slot 0 meant the_log before [the_log,rocket,tesla,the_log] now [?,rocket,tesla,?] slot_now ? elixir 2->2 wall=00:30:32.672
[student] TRAY settled +0.77s tapped slot 0 meant the_log before [the_log,rocket,tesla,the_log] now [?,rocket,tesla,?] slot_now ? elixir 2->1 wall=00:30:33.050
[student] PLAY the_log p=0.62 cell 374 board (0.81, 0.86) units 4 30 ms hand [ice_wizard,rocket,tesla,the_log] elixir 2 wall=00:30:34.321
[student] TAP slot 3 the_log cell 392 wall=00:30:34.683
[student] TRAY first +0.38s tapped slot 3 meant the_log before [ice_wizard,rocket,tesla,the_log] now [ice_wizard,rocket,tesla,tornado] slot_now tornado elixir 2->2 wall=00:30:35.063
[student] TRAY settled +0.78s tapped slot 3 meant the_log before [ice_wizard,rocket,tesla,the_log] now [ice_wizard,rocket,tesla,?] slot_now ? elixir 2->3 wall=00:30:35.464
[student] PLAY ice_wizard p=0.34 cell 250 board (0.92, 0.55) units 3 32 ms hand [ice_wizard,rocket,tesla,?] elixir 3 wall=00:30:35.562
[student] TAP slot 0 ice_wizard cell 250 wall=00:30:35.932
[student] TRAY first +0.37s tapped slot 0 meant ice_wizard before [ice_wizard,rocket,tesla,?] now [?,rocket,tesla,?] slot_now ? elixir 3->3 wall=00:30:36.300
[student] TRAY settled +1.18s tapped slot 0 meant ice_wizard before [ice_wizard,rocket,tesla,?] now [?,rocket,tesla,?] slot_now ? elixir 3->1 wall=00:30:37.112
[student] PLAY tornado p=0.38 cell 158 board (0.81, 0.36) units 3 26 ms hand [tornado,rocket,tesla,ice_wizard] elixir 3 wall=00:30:39.965
[student] TAP slot 0 tornado cell 332 wall=00:30:40.338
[student] TRAY first +0.36s tapped slot 0 meant tornado before [tornado,rocket,tesla,ice_wizard] now [?,rocket,tesla,?] slot_now ? elixir 3->3 wall=00:30:40.696
[student] TRAY settled +0.73s tapped slot 0 meant tornado before [tornado,rocket,tesla,ice_wizard] now [?,rocket,tesla,?] slot_now ? elixir 3->1 wall=00:30:41.071
[student] PLAY knight p=0.34 cell 248 board (0.81, 0.55) units 1 16 ms hand [knight,rocket,tesla,ice_wizard] elixir 3 wall=00:30:44.060
[student] TAP slot 0 knight cell 248 wall=00:30:44.416
[student] TRAY first +0.37s tapped slot 0 meant knight before [knight,rocket,tesla,ice_wizard] now [?,rocket,tesla,?] slot_now ? elixir 3->3 wall=00:30:44.791
[student] TRAY settled +1.11s tapped slot 0 meant knight before [knight,rocket,tesla,ice_wizard] now [?,rocket,tesla,?] slot_now ? elixir 3->1 wall=00:30:45.523
[student] WAIT p=0.27 elixir 1 opp~? units 2 dets 2 (waits 140/188 badhand 95/188) wall=00:30:46.059
[student] PLAY skeletons p=0.51 cell 250 board (0.92, 0.55) units 4 27 ms hand [skeletons,rocket,tesla,ice_wizard] elixir 2 wall=00:30:48.045
[student] TAP slot 0 skeletons cell 250 wall=00:30:48.432
[student] TRAY first +0.38s tapped slot 0 meant skeletons before [skeletons,rocket,tesla,ice_wizard] now [?,rocket,tesla,the_log] slot_now ? elixir 2->2 wall=00:30:48.815
[student] TRAY settled +0.83s tapped slot 0 meant skeletons before [skeletons,rocket,tesla,ice_wizard] now [?,rocket,tesla,ice_wizard] slot_now ? elixir 2->2 wall=00:30:49.266
[student] PLAY ice_wizard p=0.44 cell 249 board (0.86, 0.55) units 4 18 ms hand [?,rocket,tesla,ice_wizard] elixir 3 wall=00:30:49.776
[student] TAP slot 3 ice_wizard cell 249 wall=00:30:50.143
[student] TRAY first +0.35s tapped slot 3 meant ice_wizard before [?,rocket,tesla,ice_wizard] now [the_log,rocket,tesla,?] slot_now ? elixir 3->3 wall=00:30:50.496
[student] TRAY settled +0.84s tapped slot 3 meant ice_wizard before [?,rocket,tesla,ice_wizard] now [the_log,rocket,tesla,?] slot_now ? elixir 3->4 wall=00:30:50.985
[student] WAIT | exact=0 opp=? next=2 t=204s hand=[6, 4, 164, 3] tw=1.00.0x1.01.01.00.0x sp=1 unk=0 p=0.00 elixir 6 opp~? units 2 dets 3 (waits 150/200 badhand 102/200) wall=00:30:54.273
[student] WAIT | exact=0 opp=? next=2 t=210s hand=[6, 4, 164, 3] tw=1.00.0x1.01.01.00.0x sp=2 unk=0 p=0.04 elixir 10 opp~? units 2 dets 4 (waits 160/210 badhand 102/210) wall=00:31:00.446
[student] STALL-PLAY the_log p=0.10 cell 248 board (0.81, 0.55) units 2 29 ms hand [the_log,rocket,tesla,x_bow] elixir 10 wall=00:31:02.535
[student] TAP slot 0 the_log cell 357 wall=00:31:02.898
[student] TRAY first +0.36s tapped slot 0 meant the_log before [the_log,rocket,tesla,x_bow] now [tesla,?,?,ice_wizard] slot_now tesla elixir 10->0 wall=00:31:03.256
[student] TRAY settled +0.80s tapped slot 0 meant the_log before [the_log,rocket,tesla,x_bow] now [tesla,?,?,?] slot_now tesla elixir 10->0 wall=00:31:03.697
00:31:10 [play] state: MATCH_END
[overlay-replay] saved C:\Users\benpe\ClashBot\icebow\data\overlayed_replays\match_20260912_002730.mp4 (11004 frames, captured 30.3 fps)00:31:10 [nav] MATCH_END -> Play Again (located) (0.348,0.914)

00:31:11 [play] state: UNKNOWN
00:31:19 [play] state: IN_MATCH
[student] WAIT | exact=0 opp=? next=6 t=6s hand=[164, 0, -1, 4] tw=1.01.01.01.01.00.8 sp=0 unk=0 p=0.00 elixir 9 opp~? units 0 dets 0 (waits 170/221 badhand 110/221) wall=00:31:25.397
[student] STALL-PLAY tornado p=0.01 cell 332 board (0.47, 0.77) units 0 26 ms hand [tesla,tornado,?,rocket] elixir 10 wall=00:31:31.382
[student] TAP slot 1 tornado cell 332 wall=00:31:31.749
[student] TRAY first +0.30s tapped slot 1 meant tornado before [tesla,tornado,?,rocket] now [tesla,?,?,rocket] slot_now ? elixir 10->7 wall=00:31:32.044
[student] TRAY settled +1.12s tapped slot 1 meant tornado before [tesla,tornado,?,rocket] now [tesla,?,?,rocket] slot_now ? elixir 10->7 wall=00:31:32.870
[student] WAIT | exact=0 opp=? next=2 t=15s hand=[164, 6, -1, 4] tw=1.01.01.01.01.00.8 sp=1 unk=0 p=0.01 elixir 7 opp~? units 0 dets 1 (waits 180/232 badhand 121/232) wall=00:31:33.825
[student] PLAY the_log p=0.45 cell 248 board (0.81, 0.55) units 1 18 ms hand [tesla,the_log,?,rocket] elixir 9 wall=00:31:39.219
[student] TAP slot 1 the_log cell 249 wall=00:31:39.582
[student] TRAY first +0.31s tapped slot 1 meant the_log before [tesla,the_log,?,rocket] now [tesla,?,?,rocket] slot_now ? elixir 9->7 wall=00:31:39.894
[student] PLAY tesla p=0.63 cell 244 board (0.56, 0.56) units 1 17 ms hand [tesla,?,?,rocket] elixir 7 wall=00:31:39.964
[student] TAP slot 0 tesla cell 244 wall=00:31:40.337
[student] TRAY first +0.28s tapped slot 0 meant tesla before [tesla,?,?,rocket] now [?,?,?,rocket] slot_now ? elixir 7->4 wall=00:31:40.620
[student] TRAY settled +0.67s tapped slot 0 meant tesla before [tesla,?,?,rocket] now [?,ice_wizard,?,rocket] slot_now ? elixir 7->3 wall=00:31:41.005
[student] WAIT | exact=0 opp=? next=7 t=23s hand=[3, 2, -1, 4] tw=1.01.01.01.01.00.8 sp=1 unk=0 p=0.01 elixir 4 opp~? units 1 dets 2 (waits 190/244 badhand 133/244) wall=00:31:42.448
[student] WAIT p=0.16 elixir 6 opp~? units 1 dets 1 (waits 200/254 badhand 143/254) wall=00:31:48.891
[student] PLAY x_bow p=0.35 cell 265 board (0.75, 0.61) units 2 28 ms hand [x_bow,ice_wizard,?,rocket] elixir 7 wall=00:31:50.429
[student] TAP slot 0 x_bow cell 229 wall=00:31:50.790
[student] TRAY first +0.29s tapped slot 0 meant x_bow before [x_bow,ice_wizard,?,rocket] now [?,ice_wizard,?,rocket] slot_now ? elixir 7->6 wall=00:31:51.084
[student] PLAY ice_wizard p=0.71 cell 250 board (0.92, 0.55) units 2 28 ms hand [?,ice_wizard,?,rocket] elixir 6 wall=00:31:51.171
[student] TAP slot 1 ice_wizard cell 250 wall=00:31:51.533
[student] TRAY first +0.28s tapped slot 1 meant ice_wizard before [?,ice_wizard,?,rocket] now [?,ice_wizard,?,rocket] slot_now ice_wizard elixir 6->1 wall=00:31:51.816
[student] TRAY settled +0.61s tapped slot 1 meant ice_wizard before [?,ice_wizard,?,rocket] now [skeletons,ice_wizard,?,rocket] slot_now ice_wizard elixir 6->1 wall=00:31:52.139
[student] PLAY skeletons p=0.43 cell 248 board (0.81, 0.55) units 3 29 ms hand [skeletons,ice_wizard,knight,rocket] elixir 2 wall=00:31:53.537
[student] TAP slot 0 skeletons cell 248 wall=00:31:53.887
[student] TRAY first +0.29s tapped slot 0 meant skeletons before [skeletons,ice_wizard,knight,rocket] now [?,ice_wizard,?,rocket] slot_now ? elixir 2->1 wall=00:31:54.180
[student] TRAY settled +0.95s tapped slot 0 meant skeletons before [skeletons,ice_wizard,knight,rocket] now [?,ice_wizard,?,rocket] slot_now ? elixir 2->1 wall=00:31:54.832
[student] PLAY tornado p=0.54 cell 175 board (0.75, 0.39) units 5 20 ms hand [tornado,ice_wizard,?,rocket] elixir 3 wall=00:31:58.761
[student] TAP slot 0 tornado cell 175 wall=00:31:59.109
[student] TRAY first +0.29s tapped slot 0 meant tornado before [tornado,ice_wizard,?,rocket] now [?,tornado,tornado,rocket] slot_now ? elixir 3->3 wall=00:31:59.400
[student] TRAY settled +0.62s tapped slot 0 meant tornado before [tornado,ice_wizard,?,rocket] now [?,tornado,tornado,rocket] slot_now ? elixir 3->0 wall=00:31:59.733
[student] PLAY the_log p=0.72 cell 247 board (0.75, 0.55) units 4 31 ms hand [the_log,ice_wizard,knight,rocket] elixir 2 wall=00:32:04.332
[student] TAP slot 0 the_log cell 248 wall=00:32:04.687
[student] TRAY first +0.30s tapped slot 0 meant the_log before [the_log,ice_wizard,knight,rocket] now [?,tornado,tornado,rocket] slot_now ? elixir 2->1 wall=00:32:04.984
[student] TRAY settled +0.67s tapped slot 0 meant the_log before [the_log,ice_wizard,knight,rocket] now [?,tornado,tornado,rocket] slot_now ? elixir 2->0 wall=00:32:05.360
[student] PLAY ice_wizard p=0.91 cell 320 board (0.81, 0.73) units 3 21 ms hand [tesla,ice_wizard,?,rocket] elixir 3 wall=00:32:12.575
[student] TAP slot 1 ice_wizard cell 266 wall=00:32:12.938
[student] TRAY first +0.28s tapped slot 1 meant ice_wizard before [tesla,ice_wizard,?,rocket] now [tesla,?,tornado,rocket] slot_now ? elixir 3->3 wall=00:32:13.216
[student] PLAY tornado p=0.73 cell 352 board (0.58, 0.83) units 3 33 ms hand [tesla,?,tornado,rocket] elixir 3 wall=00:32:13.310
[student] TAP slot 2 tornado cell 352 wall=00:32:13.662
[student] TRAY first +0.27s tapped slot 2 meant tornado before [tesla,?,tornado,rocket] now [tesla,?,?,rocket] slot_now ? elixir 3->0 wall=00:32:13.936
[student] TRAY settled +0.65s tapped slot 2 meant tornado before [tesla,?,tornado,rocket] now [tesla,?,?,rocket] slot_now ? elixir 3->0 wall=00:32:14.308
[student] WAIT p=0.22 elixir 3 opp~? units 1 dets 1 (waits 210/271 badhand 155/271) wall=00:32:20.914
[student] PLAY ice_wizard p=0.37 cell 297 board (0.53, 0.7) units 1 31 ms hand [tesla,ice_wizard,?,rocket] elixir 3 wall=00:32:21.543
[student] TAP slot 1 ice_wizard cell 297 wall=00:32:21.904
[student] TRAY first +0.25s tapped slot 1 meant ice_wizard before [tesla,ice_wizard,?,rocket] now [tesla,x_bow,knight,rocket] slot_now x_bow elixir 3->3 wall=00:32:22.150
[student] TRAY settled +0.64s tapped slot 1 meant ice_wizard before [tesla,ice_wizard,?,rocket] now [tesla,ice_wizard,knight,rocket] slot_now ice_wizard elixir 3->3 wall=00:32:22.541
[student] PLAY knight p=0.66 cell 298 board (0.58, 0.7) units 1 37 ms hand [tesla,ice_wizard,knight,rocket] elixir 3 wall=00:32:22.641
[student] TAP slot 2 knight cell 298 wall=00:32:23.011
[student] TRAY first +0.28s tapped slot 2 meant knight before [tesla,ice_wizard,knight,rocket] now [tesla,?,?,rocket] slot_now ? elixir 3->3 wall=00:32:23.291
[student] TRAY settled +0.89s tapped slot 2 meant knight before [tesla,ice_wizard,knight,rocket] now [tesla,?,?,rocket] slot_now ? elixir 3->1 wall=00:32:23.903
[student] WAIT | exact=0 opp=? next=0 t=70s hand=[164, 2, 7, 4] tw=1.01.01.01.01.00.8 sp=0 unk=0 p=0.04 elixir 3 opp~? units 2 dets 2 (waits 220/283 badhand 155/283) wall=00:32:29.569
[student] WAIT | exact=0 opp=? next=0 t=77s hand=[164, 3, 7, 4] tw=1.01.01.01.01.00.8 sp=0 unk=0 p=0.00 elixir 5 opp~? units 1 dets 1 (waits 230/293 badhand 155/293) wall=00:32:36.163
[student] WAIT | exact=0 opp=? next=0 t=84s hand=[164, 3, 7, 4] tw=1.01.01.01.01.00.8 sp=0 unk=0 p=0.01 elixir 7 opp~? units 2 dets 2 (waits 240/303 badhand 155/303) wall=00:32:43.041
[student] STALL-PLAY skeletons p=0.05 cell 413 board (0.97, 0.95) units 1 32 ms hand [tesla,x_bow,skeletons,rocket] elixir 9 wall=00:32:46.759
[student] TAP slot 2 skeletons cell 413 wall=00:32:47.110
[student] TRAY first +0.29s tapped slot 2 meant skeletons before [tesla,x_bow,skeletons,rocket] now [tesla,x_bow,?,rocket] slot_now ? elixir 9->8 wall=00:32:47.396
[student] TRAY settled +0.94s tapped slot 2 meant skeletons before [tesla,x_bow,skeletons,rocket] now [tesla,x_bow,?,rocket] slot_now ? elixir 9->8 wall=00:32:48.045
[student] PLAY tesla p=0.57 cell 279 board (0.5, 0.66) units 3 33 ms hand [tesla,x_bow,tornado,rocket] elixir 9 wall=00:32:49.540
[student] TAP slot 0 tesla cell 279 wall=00:32:49.910
[student] TRAY first +0.32s tapped slot 0 meant tesla before [tesla,x_bow,tornado,rocket] now [?,x_bow,tornado,rocket] slot_now ? elixir 9->5 wall=00:32:50.227
[student] TRAY settled +0.90s tapped slot 0 meant tesla before [tesla,x_bow,tornado,rocket] now [?,x_bow,tornado,rocket] slot_now ? elixir 9->5 wall=00:32:50.809
[student] WAIT p=0.13 elixir 5 opp~? units 3 dets 3 (waits 250/315 badhand 159/315) wall=00:32:51.553
[student] PLAY the_log p=0.77 cell 248 board (0.81, 0.55) units 6 36 ms hand [the_log,x_bow,tornado,rocket] elixir 6 wall=00:32:52.251
[student] TAP slot 0 the_log cell 284 wall=00:32:52.608
[student] TRAY first +0.28s tapped slot 0 meant the_log before [the_log,x_bow,tornado,rocket] now [?,x_bow,tornado,rocket] slot_now ? elixir 6->4 wall=00:32:52.892
[student] TRAY settled +0.65s tapped slot 0 meant the_log before [the_log,x_bow,tornado,rocket] now [?,x_bow,tornado,rocket] slot_now ? elixir 6->4 wall=00:32:53.262
[student] PLAY ice_wizard p=0.32 cell 250 board (0.92, 0.55) units 4 32 ms hand [ice_wizard,x_bow,tornado,rocket] elixir 4 wall=00:32:54.201
[student] TAP slot 0 ice_wizard cell 250 wall=00:32:54.558
[student] TRAY first +0.28s tapped slot 0 meant ice_wizard before [ice_wizard,x_bow,tornado,rocket] now [?,the_log,tornado,rocket] slot_now ? elixir 4->3 wall=00:32:54.839
[student] TRAY settled +0.67s tapped slot 0 meant ice_wizard before [ice_wizard,x_bow,tornado,rocket] now [?,the_log,tornado,rocket] slot_now ? elixir 4->2 wall=00:32:55.230
[student] PLAY knight p=0.34 cell 319 board (0.75, 0.73) units 3 19 ms hand [knight,ice_wizard,tornado,rocket] elixir 3 wall=00:32:57.976
[student] TAP slot 0 knight cell 265 wall=00:32:58.349
[student] TRAY first +0.28s tapped slot 0 meant knight before [knight,ice_wizard,tornado,rocket] now [?,x_bow,tornado,rocket] slot_now ? elixir 3->3 wall=00:32:58.633
[student] WAIT p=0.05 elixir 3 opp~? units 3 dets 3 (waits 260/328 badhand 166/328) wall=00:32:58.727
[student] TRAY settled +0.66s tapped slot 0 meant knight before [knight,ice_wizard,tornado,rocket] now [?,tornado,tornado,rocket] slot_now ? elixir 3->0 wall=00:32:59.011
[student] WAIT p=0.05 elixir 4 opp~? units 3 dets 3 (waits 270/338 badhand 166/338) wall=00:33:11.628
[clock] icon reads x3 but the clock reads x1 -> using the clock (x1)
[student] PLAY skeletons p=0.80 cell 242 board (0.47, 0.55) units 3 34 ms hand [skeletons,x_bow,tornado,rocket] elixir 7 wall=00:33:16.647
[student] TAP slot 0 skeletons cell 242 wall=00:33:17.008
[student] TRAY first +0.73s tapped slot 0 meant skeletons before [skeletons,x_bow,tornado,rocket] now [?,x_bow,tornado,rocket] slot_now ? elixir 7->7 wall=00:33:17.739
[student] PLAY tornado p=0.84 cell 247 board (0.75, 0.55) units 4 30 ms hand [?,x_bow,tornado,rocket] elixir 7 wall=00:33:17.835
[student] TAP slot 2 tornado cell 247 wall=00:33:18.191
[student] TRAY first +0.67s tapped slot 2 meant tornado before [?,x_bow,tornado,rocket] now [tesla_evo,x_bow,?,rocket] slot_now ? elixir 7->4 wall=00:33:18.865
[student] PLAY tesla_evo p=0.33 cell 298 board (0.56, 0.69) units 4 35 ms hand [tesla_evo,x_bow,?,rocket] elixir 4 wall=00:33:18.970
[student] TAP slot 0 tesla_evo cell 298 wall=00:33:19.319
[clock] icon reads x3 but the clock reads x2 -> using the clock (x2)
00:33:20 [play] elixir x2
[student] TRAY first +0.78s tapped slot 0 meant tesla_evo before [tesla_evo,x_bow,?,rocket] now [?,?,?,rocket] slot_now ? elixir 4->4 wall=00:33:20.099
[student] PLAY the_log p=0.38 cell 247 board (0.75, 0.55) units 5 32 ms hand [ice_wizard,the_log,the_log,rocket] elixir 2 wall=00:33:21.774
[student] TAP slot 1 the_log cell 319 wall=00:33:22.128
[student] TRAY first +0.65s tapped slot 1 meant the_log before [ice_wizard,the_log,the_log,rocket] now [ice_wizard,ice_wizard,the_log,rocket] slot_now ice_wizard elixir 2->3 wall=00:33:22.783
[student] PLAY ice_wizard p=0.32 cell 248 board (0.81, 0.55) units 1 26 ms hand [ice_wizard,ice_wizard,the_log,rocket] elixir 3 wall=00:33:22.870
[student] TAP slot 0 ice_wizard cell 248 wall=00:33:23.250
[student] TRAY first +0.75s tapped slot 0 meant ice_wizard before [ice_wizard,ice_wizard,the_log,rocket] now [?,tesla,the_log,rocket] slot_now ? elixir 3->3 wall=00:33:24.001
[student] PLAY the_log p=0.71 cell 248 board (0.81, 0.55) units 5 29 ms hand [?,tesla,the_log,rocket] elixir 3 wall=00:33:24.163
[student] TAP slot 2 the_log cell 391 wall=00:33:24.550
[student] TRAY first +0.77s tapped slot 2 meant the_log before [?,tesla,the_log,rocket] now [knight_evo,x_bow,?,rocket] slot_now ? elixir 3->1 wall=00:33:25.318
[student] PLAY skeletons p=0.67 cell 244 board (0.58, 0.55) units 3 25 ms hand [knight_evo,the_log,skeletons,rocket] elixir 2 wall=00:33:27.832
[student] TAP slot 2 skeletons cell 244 wall=00:33:28.194
[student] TRAY first +0.63s tapped slot 2 meant skeletons before [knight_evo,the_log,skeletons,rocket] now [knight_evo,the_log,?,rocket] slot_now ? elixir 2->1 wall=00:33:28.823
[student] PLAY tornado p=0.97 cell 332 board (0.47, 0.77) units 2 28 ms hand [knight_evo,ice_wizard,tornado,rocket] elixir 3 wall=00:33:31.162
[student] TAP slot 2 tornado cell 332 wall=00:33:31.525
[student] TRAY first +0.72s tapped slot 2 meant tornado before [knight_evo,ice_wizard,tornado,rocket] now [knight_evo,tesla,?,rocket] slot_now ? elixir 3->3 wall=00:33:32.243
[student] PLAY knight_evo p=0.79 cell 243 board (0.53, 0.55) units 6 23 ms hand [knight_evo,tesla,?,rocket] elixir 3 wall=00:33:32.330
[student] TAP slot 0 knight_evo cell 243 wall=00:33:32.680
[student] TRAY first +0.78s tapped slot 0 meant knight_evo before [knight_evo,tesla,?,rocket] now [?,the_log,?,rocket] slot_now ? elixir 3->2 wall=00:33:33.459
[student] PLAY the_log p=0.68 cell 338 board (0.81, 0.77) units 5 23 ms hand [?,the_log,?,rocket] elixir 2 wall=00:33:33.550
[student] TAP slot 1 the_log cell 338 wall=00:33:33.908
[student] TRAY first +0.72s tapped slot 1 meant the_log before [?,the_log,?,rocket] now [?,x_bow,tesla,rocket] slot_now x_bow elixir 2->3 wall=00:33:34.627
[student] PLAY ice_wizard p=0.53 cell 235 board (0.08, 0.55) units 4 28 ms hand [ice_wizard,ice_wizard,tesla,rocket] elixir 3 wall=00:33:38.769
[student] TAP slot 0 ice_wizard cell 235 wall=00:33:39.129
[student] TRAY first +0.26s tapped slot 0 meant ice_wizard before [ice_wizard,ice_wizard,tesla,rocket] now [?,?,tesla,rocket] slot_now ? elixir 3->3 wall=00:33:39.393
[student] TRAY settled +0.57s tapped slot 0 meant ice_wizard before [ice_wizard,ice_wizard,tesla,rocket] now [?,?,tesla,rocket] slot_now ? elixir 3->1 wall=00:33:39.702
[student] PLAY the_log p=0.57 cell 237 board (0.19, 0.55) units 4 20 ms hand [the_log,the_log,tesla,rocket] elixir 2 wall=00:33:41.411
[student] TAP slot 0 the_log cell 404 wall=00:33:41.774
[student] TRAY first +0.27s tapped slot 0 meant the_log before [the_log,the_log,tesla,rocket] now [?,?,tesla,rocket] slot_now ? elixir 2->1 wall=00:33:42.046
[student] TRAY settled +0.58s tapped slot 0 meant the_log before [the_log,the_log,tesla,rocket] now [?,?,tesla,rocket] slot_now ? elixir 2->1 wall=00:33:42.356
[student] PLAY skeletons p=0.60 cell 250 board (0.92, 0.55) units 6 21 ms hand [skeletons,the_log,tesla,rocket] elixir 1 wall=00:33:43.543
[student] TAP slot 0 skeletons cell 250 wall=00:33:43.905
[student] TRAY first +0.28s tapped slot 0 meant skeletons before [skeletons,the_log,tesla,rocket] now [?,tesla,tesla,rocket] slot_now ? elixir 1->1 wall=00:33:44.189
[student] TRAY settled +0.64s tapped slot 0 meant skeletons before [skeletons,the_log,tesla,rocket] now [?,tesla,tesla,rocket] slot_now ? elixir 1->1 wall=00:33:44.546
[student] PLAY ice_wizard p=0.27 cell 320 board (0.81, 0.73) units 3 22 ms hand [tornado,ice_wizard,tesla,rocket] elixir 3 wall=00:33:46.884
[student] TAP slot 1 ice_wizard cell 266 wall=00:33:47.236
[student] TRAY first +0.26s tapped slot 1 meant ice_wizard before [tornado,ice_wizard,tesla,rocket] now [tornado,x_bow,tesla,rocket] slot_now x_bow elixir 3->3 wall=00:33:47.497
[student] WAIT p=0.19 elixir 3 opp~? units 3 dets 3 (waits 280/362 badhand 173/362) wall=00:33:47.574
[student] TRAY settled +0.87s tapped slot 1 meant ice_wizard before [tornado,ice_wizard,tesla,rocket] now [tornado,x_bow,tesla,rocket] slot_now x_bow elixir 3->4 wall=00:33:48.103
[student] PLAY tesla p=0.48 cell 247 board (0.72, 0.56) units 4 33 ms hand [tornado,x_bow,tesla,rocket] elixir 4 wall=00:33:48.529
[student] TAP slot 2 tesla cell 294 wall=00:33:48.887
[student] TRAY first +0.30s tapped slot 2 meant tesla before [tornado,x_bow,tesla,rocket] now [tornado,?,?,rocket] slot_now ? elixir 4->4 wall=00:33:49.191
[student] PLAY tornado p=0.50 cell 333 board (0.53, 0.77) units 4 23 ms hand [tornado,?,?,rocket] elixir 4 wall=00:33:49.288
[student] TAP slot 0 tornado cell 333 wall=00:33:49.638
[student] TRAY first +0.29s tapped slot 0 meant tornado before [tornado,?,?,rocket] now [ice_wizard,tesla,?,rocket] slot_now ice_wizard elixir 4->1 wall=00:33:49.927
[student] TRAY settled +0.94s tapped slot 0 meant tornado before [tornado,?,?,rocket] now [?,the_log,?,rocket] slot_now ? elixir 4->1 wall=00:33:50.576
[student] PLAY the_log p=0.34 cell 374 board (0.81, 0.86) units 5 29 ms hand [?,the_log,knight,rocket] elixir 2 wall=00:33:51.065
[student] TAP slot 1 the_log cell 390 wall=00:33:51.428
[student] TRAY first +0.31s tapped slot 1 meant the_log before [?,the_log,knight,rocket] now [tornado,tornado,?,rocket] slot_now tornado elixir 2->2 wall=00:33:51.740
[student] TRAY settled +0.66s tapped slot 1 meant the_log before [?,the_log,knight,rocket] now [tornado,tornado,?,rocket] slot_now tornado elixir 2->2 wall=00:33:52.084
[student] PLAY tornado p=0.38 cell 352 board (0.58, 0.83) units 4 19 ms hand [tornado,x_bow,?,rocket] elixir 3 wall=00:33:53.438
[student] TAP slot 0 tornado cell 333 wall=00:33:53.806
[student] TRAY first +0.29s tapped slot 0 meant tornado before [tornado,x_bow,?,rocket] now [?,tesla,?,rocket] slot_now ? elixir 3->3 wall=00:33:54.098
[student] TRAY settled +0.65s tapped slot 0 meant tornado before [tornado,x_bow,?,rocket] now [?,the_log,?,rocket] slot_now ? elixir 3->1 wall=00:33:54.451
[student] PLAY the_log p=0.45 cell 337 board (0.75, 0.77) units 5 30 ms hand [ice_wizard,the_log,knight,rocket] elixir 2 wall=00:33:55.396
[student] TAP slot 1 the_log cell 388 wall=00:33:55.770
00:33:56 [play] UNKNOWN 1.0s after in-match -> grace hold (label lost: overtime / end animation / dropout; up to 150s)
[student] TRAY first +0.49s tapped slot 1 meant the_log before [ice_wizard,the_log,knight,rocket] now [tesla,?,?,?] slot_now ? elixir 2->0 wall=00:33:56.256
[student] TRAY settled +1.47s tapped slot 1 meant the_log before [ice_wizard,the_log,knight,rocket] now [tesla,?,?,?] slot_now ? elixir 2->0 wall=00:33:57.238
00:34:02 [play] state: MATCH_END
[overlay-replay] saved C:\Users\benpe\ClashBot\icebow\data\overlayed_replays\match_20260912_003119.mp4 (8191 frames, captured 29.9 fps)
00:34:03 [nav] MATCH_END -> Play Again (fixed) (0.335,0.905)
00:34:03 [play] state: UNKNOWN
00:34:09 [play] state: IN_MATCH
[student] WAIT | exact=0 opp=? next=149 t=6s hand=[4, 2, 0, 164] tw=1.01.01.01.01.01.0 sp=0 unk=0 p=0.00 elixir 9 opp~? units 0 dets 0 (waits 290/377 badhand 176/377) wall=00:34:15.342
[student] STALL-PLAY tornado p=0.05 cell 80 board (0.47, 0.2) units 1 18 ms hand [rocket,ice_wizard,tornado,tesla] elixir 10 wall=00:34:21.598
[student] TAP slot 2 tornado cell 80 wall=00:34:21.949
[student] TRAY first +0.28s tapped slot 2 meant tornado before [rocket,ice_wizard,tornado,tesla] now [rocket,ice_wizard,?,tesla] slot_now ? elixir 10->7 wall=00:34:22.229
[student] TRAY settled +1.10s tapped slot 2 meant tornado before [rocket,ice_wizard,tornado,tesla] now [rocket,ice_wizard,?,tesla] slot_now ? elixir 10->7 wall=00:34:23.048
[student] WAIT | exact=0 opp=? next=149 t=14s hand=[4, 2, -1, 164] tw=1.01.01.01.01.01.0 sp=1 unk=0 p=0.00 elixir 7 opp~? units 1 dets 2 (waits 300/388 badhand 178/388) wall=00:34:23.120
[student] WAIT p=0.06 elixir 9 opp~? units 2 dets 2 (waits 310/398 badhand 188/398) wall=00:34:29.506
[student] PLAY tesla p=0.31 cell 279 board (0.5, 0.66) units 2 26 ms hand [rocket,ice_wizard,?,tesla] elixir 10 wall=00:34:34.789
[student] TAP slot 3 tesla cell 279 wall=00:34:35.150
[student] TRAY first +0.29s tapped slot 3 meant tesla before [rocket,ice_wizard,?,tesla] now [rocket,ice_wizard,?,?] slot_now ? elixir 10->6 wall=00:34:35.442
[student] TRAY settled +0.75s tapped slot 3 meant tesla before [rocket,ice_wizard,?,tesla] now [rocket,ice_wizard,?,?] slot_now ? elixir 10->6 wall=00:34:35.900
[student] PLAY ice_wizard p=0.33 cell 323 board (0.97, 0.73) units 4 32 ms hand [rocket,ice_wizard,?,?] elixir 6 wall=00:34:35.997
[student] TAP slot 1 ice_wizard cell 323 wall=00:34:36.374
[student] TRAY first +0.30s tapped slot 1 meant ice_wizard before [rocket,ice_wizard,?,?] now [rocket,?,?,the_log] slot_now ? elixir 6->3 wall=00:34:36.674
[student] TRAY settled +0.66s tapped slot 1 meant ice_wizard before [rocket,ice_wizard,?,?] now [rocket,?,?,the_log] slot_now ? elixir 6->3 wall=00:34:37.037
[student] WAIT p=0.15 elixir 3 opp~? units 5 dets 5 (waits 320/410 badhand 200/410) wall=00:34:37.503
[student] PLAY the_log p=0.39 cell 248 board (0.81, 0.55) units 4 31 ms hand [rocket,x_bow,?,the_log] elixir 5 wall=00:34:42.280
[student] TAP slot 3 the_log cell 248 wall=00:34:42.632
[student] TRAY first +0.28s tapped slot 3 meant the_log before [rocket,x_bow,?,the_log] now [rocket,ice_wizard,?,?] slot_now ? elixir 5->3 wall=00:34:42.911
[student] PLAY ice_wizard p=0.52 cell 323 board (0.97, 0.73) units 3 30 ms hand [rocket,ice_wizard,?,?] elixir 3 wall=00:34:43.002
[student] TAP slot 1 ice_wizard cell 323 wall=00:34:43.366
[student] TRAY first +0.30s tapped slot 1 meant ice_wizard before [rocket,ice_wizard,?,?] now [rocket,ice_wizard,?,?] slot_now ice_wizard elixir 3->3 wall=00:34:43.668
[student] TRAY settled +0.67s tapped slot 1 meant ice_wizard before [rocket,ice_wizard,?,?] now [rocket,x_bow,?,skeletons] slot_now x_bow elixir 3->3 wall=00:34:44.035
[student] WAIT p=0.16 elixir 3 opp~? units 5 dets 6 (waits 330/422 badhand 212/422) wall=00:34:44.482
[student] PLAY skeletons p=0.31 cell 248 board (0.81, 0.55) units 5 31 ms hand [rocket,x_bow,?,skeletons] elixir 4 wall=00:34:45.667
[student] TAP slot 3 skeletons cell 248 wall=00:34:46.005
[student] TRAY first +0.28s tapped slot 3 meant skeletons before [rocket,x_bow,?,skeletons] now [rocket,ice_wizard,?,?] slot_now ? elixir 4->3 wall=00:34:46.288
[student] PLAY ice_wizard p=0.54 cell 250 board (0.92, 0.55) units 5 31 ms hand [rocket,ice_wizard,?,?] elixir 3 wall=00:34:46.387
[student] TAP slot 1 ice_wizard cell 250 wall=00:34:46.757
[student] TRAY first +0.31s tapped slot 1 meant ice_wizard before [rocket,ice_wizard,?,?] now [rocket,x_bow,?,?] slot_now x_bow elixir 3->3 wall=00:34:47.071
[student] TRAY settled +0.67s tapped slot 1 meant ice_wizard before [rocket,ice_wizard,?,?] now [rocket,x_bow,?,?] slot_now x_bow elixir 3->4 wall=00:34:47.424
[student] PLAY tornado p=0.27 cell 211 board (0.75, 0.48) units 5 34 ms hand [rocket,x_bow,?,tornado] elixir 5 wall=00:34:48.219
[student] TAP slot 3 tornado cell 211 wall=00:34:48.582
[student] TRAY first +0.31s tapped slot 3 meant tornado before [rocket,x_bow,?,tornado] now [rocket,the_log,?,?] slot_now ? elixir 5->3 wall=00:34:48.892
[student] PLAY the_log p=0.39 cell 247 board (0.75, 0.55) units 2 23 ms hand [rocket,the_log,?,?] elixir 3 wall=00:34:48.990
[student] TAP slot 1 the_log cell 265 wall=00:34:49.355
[student] TRAY first +0.28s tapped slot 1 meant the_log before [rocket,the_log,?,?] now [rocket,tornado,?,?] slot_now tornado elixir 3->2 wall=00:34:49.636
[student] TRAY settled +0.89s tapped slot 1 meant the_log before [rocket,the_log,?,?] now [rocket,tornado,?,tesla] slot_now tornado elixir 3->2 wall=00:34:50.244
[student] WAIT p=0.13 elixir 5 opp~? units 2 dets 2 (waits 340/436 badhand 226/436) wall=00:34:54.782
[student] WAIT | exact=0 opp=? next=2 t=51s hand=[4, 3, -1, 164] tw=1.01.01.01.01.01.0 sp=0 unk=0 p=0.04 elixir 8 opp~? units 2 dets 2 (waits 350/446 badhand 236/446) wall=00:35:00.695
[student] STALL-PLAY x_bow p=0.03 cell 254 board (0.14, 0.61) units 2 25 ms hand [rocket,x_bow,?,tesla] elixir 9 wall=00:35:02.199
[student] TAP slot 1 x_bow cell 218 wall=00:35:02.577
[student] TRAY first +0.35s tapped slot 1 meant x_bow before [rocket,x_bow,?,tesla] now [rocket,?,?,tesla] slot_now ? elixir 9->5 wall=00:35:02.930
[student] PLAY tesla p=0.69 cell 239 board (0.28, 0.56) units 4 23 ms hand [rocket,?,?,tesla] elixir 5 wall=00:35:03.018
[student] TAP slot 3 tesla cell 239 wall=00:35:03.397
[student] TRAY first +0.31s tapped slot 3 meant tesla before [rocket,?,?,tesla] now [rocket,?,?,?] slot_now ? elixir 5->4 wall=00:35:03.708
[student] TRAY settled +0.70s tapped slot 3 meant tesla before [rocket,?,?,tesla] now [rocket,?,?,?] slot_now ? elixir 5->0 wall=00:35:04.095
[student] PLAY the_log p=0.51 cell 407 board (0.64, 0.92) units 4 20 ms hand [rocket,ice_wizard,knight,the_log] elixir 2 wall=00:35:10.168
[student] TAP slot 3 the_log cell 390 wall=00:35:10.534
[student] TRAY first +0.34s tapped slot 3 meant the_log before [rocket,ice_wizard,knight,the_log] now [rocket,tornado,tornado,?] slot_now ? elixir 2->1 wall=00:35:10.871
[student] TRAY settled +0.95s tapped slot 3 meant the_log before [rocket,ice_wizard,knight,the_log] now [rocket,ice_wizard,?,?] slot_now ? elixir 2->1 wall=00:35:11.479
[student] PLAY skeletons p=0.27 cell 243 board (0.53, 0.55) units 4 28 ms hand [rocket,ice_wizard,?,skeletons] elixir 1 wall=00:35:13.239
[student] TAP slot 3 skeletons cell 243 wall=00:35:13.601
[student] TRAY first +0.29s tapped slot 3 meant skeletons before [rocket,ice_wizard,?,skeletons] now [rocket,ice_wizard,?,?] slot_now ? elixir 1->1 wall=00:35:13.894
[student] TRAY settled +0.62s tapped slot 3 meant skeletons before [rocket,ice_wizard,?,skeletons] now [rocket,ice_wizard,?,?] slot_now ? elixir 1->1 wall=00:35:14.225
[student] PLAY tornado p=0.71 cell 333 board (0.53, 0.77) units 2 23 ms hand [rocket,ice_wizard,?,tornado] elixir 3 wall=00:35:19.537
[student] TAP slot 3 tornado cell 333 wall=00:35:19.888
[student] TRAY first +0.27s tapped slot 3 meant tornado before [rocket,ice_wizard,?,tornado] now [rocket,tornado,tornado,?] slot_now ? elixir 3->3 wall=00:35:20.160
[student] TRAY settled +1.09s tapped slot 3 meant tornado before [rocket,ice_wizard,?,tornado] now [rocket,ice_wizard,tornado,?] slot_now ? elixir 3->0 wall=00:35:20.978
[student] WAIT p=0.12 elixir 3 opp~? units 1 dets 1 (waits 360/461 badhand 241/461) wall=00:35:29.261
[student] WAIT | exact=0 opp=? next=164 t=87s hand=[4, 2, 149, 3] tw=1.01.00.0x1.01.01.0 sp=0 unk=0 p=0.02 elixir 5 opp~? units 1 dets 1 (waits 370/471 badhand 241/471) wall=00:35:35.936
[student] PLAY ice_wizard p=0.40 cell 350 board (0.47, 0.83) units 2 32 ms hand [rocket,ice_wizard,?,x_bow] elixir 7 wall=00:35:39.498
[student] TAP slot 1 ice_wizard cell 350 wall=00:35:39.848
[student] TRAY first +0.26s tapped slot 1 meant ice_wizard before [rocket,ice_wizard,?,x_bow] now [rocket,?,?,x_bow] slot_now ? elixir 7->3 wall=00:35:40.112
[student] TRAY settled +0.86s tapped slot 1 meant ice_wizard before [rocket,ice_wizard,?,x_bow] now [rocket,?,?,x_bow] slot_now ? elixir 7->4 wall=00:35:40.707
[student] PLAY tesla_evo p=0.49 cell 297 board (0.5, 0.69) units 3 24 ms hand [rocket,tesla_evo,?,x_bow] elixir 5 wall=00:35:41.940
[student] TAP slot 1 tesla_evo cell 297 wall=00:35:42.281
[student] TRAY first +0.29s tapped slot 1 meant tesla_evo before [rocket,tesla_evo,?,x_bow] now [rocket,?,?,tesla] slot_now ? elixir 5->4 wall=00:35:42.573
[student] PLAY tesla p=0.50 cell 243 board (0.5, 0.56) units 4 14 ms hand [rocket,?,?,tesla] elixir 4 wall=00:35:42.645
[student] TAP slot 3 tesla cell 243 wall=00:35:42.999
[student] TRAY first +0.30s tapped slot 3 meant tesla before [rocket,?,?,tesla] now [rocket,?,?,ice_wizard] slot_now ice_wizard elixir 4->1 wall=00:35:43.300
[student] TRAY settled +0.63s tapped slot 3 meant tesla before [rocket,?,?,tesla] now [?,?,?,ice_wizard] slot_now ice_wizard elixir 4->1 wall=00:35:43.631
[student] PLAY the_log p=0.63 cell 292 board (0.25, 0.67) units 4 21 ms hand [rocket,the_log,knight,ice_wizard] elixir 2 wall=00:35:45.170
[student] TAP slot 1 the_log cell 292 wall=00:35:45.543
[student] TRAY first +0.25s tapped slot 1 meant the_log before [rocket,the_log,knight,ice_wizard] now [rocket,?,tornado,x_bow] slot_now ? elixir 2->2 wall=00:35:45.798
[student] TRAY settled +0.58s tapped slot 1 meant the_log before [rocket,the_log,knight,ice_wizard] now [rocket,?,tornado,?] slot_now ? elixir 2->0 wall=00:35:46.119
[student] PLAY skeletons p=0.41 cell 277 board (0.42, 0.64) units 4 32 ms hand [rocket,skeletons,knight,the_log] elixir 2 wall=00:35:47.856
[student] TAP slot 1 skeletons cell 277 wall=00:35:48.198
[student] TRAY first +0.36s tapped slot 1 meant skeletons before [rocket,skeletons,knight,the_log] now [rocket,?,?,tesla] slot_now ? elixir 2->1 wall=00:35:48.561
[student] TRAY settled +0.75s tapped slot 1 meant skeletons before [rocket,skeletons,knight,the_log] now [rocket,?,?,tesla] slot_now ? elixir 2->1 wall=00:35:48.952
[student] WAIT p=0.17 elixir 4 opp~? units 5 dets 5 (waits 380/486 badhand 242/486) wall=00:35:54.951
[student] PLAY x_bow p=0.42 cell 267 board (0.86, 0.61) units 4 31 ms hand [rocket,tornado,?,x_bow] elixir 7 wall=00:35:58.401
[student] TAP slot 3 x_bow cell 231 wall=00:35:58.747
[student] TRAY first +0.97s tapped slot 3 meant x_bow before [rocket,tornado,?,x_bow] now [rocket,tornado,knight,?] slot_now ? elixir 7->5 wall=00:35:59.721
[student] PLAY knight p=0.82 cell 249 board (0.86, 0.55) units 4 29 ms hand [rocket,tornado,knight,?] elixir 5 wall=00:35:59.810
[student] TAP slot 2 knight cell 249 wall=00:36:00.187
[student] TRAY first +1.13s tapped slot 2 meant knight before [rocket,tornado,knight,?] now [rocket,tornado,?,ice_wizard] slot_now ? elixir 5->2 wall=00:36:01.321
[student] PLAY ice_wizard p=0.44 cell 246 board (0.69, 0.55) units 6 21 ms hand [rocket,tornado,?,ice_wizard] elixir 3 wall=00:36:02.642
[student] TAP slot 3 ice_wizard cell 246 wall=00:36:02.982
[student] TRAY first +1.17s tapped slot 3 meant ice_wizard before [rocket,tornado,?,ice_wizard] now [rocket,tornado,tesla,tornado] slot_now tornado elixir 3->0 wall=00:36:04.148
[clock] icon reads x3 but the clock reads x1 -> using the clock (x1)
[student] PLAY tornado p=0.55 cell 80 board (0.47, 0.2) units 3 24 ms hand [rocket,tornado,tesla,ice_wizard] elixir 3 wall=00:36:08.909
[student] TAP slot 1 tornado cell 212 wall=00:36:09.242
[clock] icon reads x3 but the clock reads x2 -> using the clock (x2)
00:36:09 [play] elixir x2
[student] TRAY first +0.63s tapped slot 1 meant tornado before [rocket,tornado,tesla,ice_wizard] now [rocket,?,tesla,ice_wizard] slot_now ? elixir 3->3 wall=00:36:09.875
[student] PLAY ice_wizard p=0.62 cell 246 board (0.69, 0.55) units 2 27 ms hand [rocket,?,tesla,ice_wizard] elixir 3 wall=00:36:09.960
[student] TAP slot 3 ice_wizard cell 246 wall=00:36:10.310
[student] TRAY first +0.64s tapped slot 3 meant ice_wizard before [rocket,?,tesla,ice_wizard] now [rocket,the_log,tesla,ice_wizard] slot_now ice_wizard elixir 3->2 wall=00:36:10.945
[student] PLAY the_log p=0.53 cell 248 board (0.81, 0.55) units 3 22 ms hand [rocket,the_log,tesla,ice_wizard] elixir 2 wall=00:36:11.037
[student] TAP slot 1 the_log cell 248 wall=00:36:11.400
[student] TRAY first +0.67s tapped slot 1 meant the_log before [rocket,the_log,tesla,ice_wizard] now [rocket,?,tesla,ice_wizard] slot_now ? elixir 2->2 wall=00:36:12.073
[student] PLAY skeletons p=0.27 cell 247 board (0.75, 0.55) units 3 28 ms hand [rocket,skeletons,tesla,ice_wizard] elixir 1 wall=00:36:13.813
[student] TAP slot 1 skeletons cell 247 wall=00:36:14.181
[student] TRAY first +0.75s tapped slot 1 meant skeletons before [rocket,skeletons,tesla,ice_wizard] now [rocket,?,tesla,ice_wizard] slot_now ? elixir 1->1 wall=00:36:14.929
[student] PLAY the_log p=0.44 cell 248 board (0.81, 0.55) units 3 23 ms hand [rocket,the_log,tesla,ice_wizard] elixir 2 wall=00:36:16.463
[student] TAP slot 1 the_log cell 248 wall=00:36:16.836
[student] TRAY first +0.66s tapped slot 1 meant the_log before [rocket,the_log,tesla,ice_wizard] now [rocket,ice_wizard,tesla,ice_wizard] slot_now ice_wizard elixir 2->3 wall=00:36:17.493
[student] PLAY ice_wizard p=0.90 cell 316 board (0.58, 0.73) units 2 18 ms hand [rocket,ice_wizard,tesla,ice_wizard] elixir 3 wall=00:36:17.563
[student] TAP slot 1 ice_wizard cell 316 wall=00:36:17.932
[student] TRAY first +0.69s tapped slot 1 meant ice_wizard before [rocket,ice_wizard,tesla,ice_wizard] now [rocket,x_bow,tesla,ice_wizard] slot_now x_bow elixir 3->4 wall=00:36:18.624
[student] PLAY tesla p=0.88 cell 298 board (0.56, 0.69) units 2 32 ms hand [rocket,x_bow,tesla,ice_wizard] elixir 4 wall=00:36:18.714
[student] TAP slot 2 tesla cell 298 wall=00:36:19.076
[student] TRAY first +0.67s tapped slot 2 meant tesla before [rocket,x_bow,tesla,ice_wizard] now [rocket,tesla,?,ice_wizard] slot_now ? elixir 4->4 wall=00:36:19.744
[student] PLAY tesla p=0.98 cell 298 board (0.56, 0.69) units 3 17 ms hand [rocket,tesla,?,ice_wizard] elixir 4 wall=00:36:19.801
[student] TAP slot 1 tesla cell 298 wall=00:36:20.159
[student] TRAY first +0.54s tapped slot 1 meant tesla before [rocket,tesla,?,ice_wizard] now [rocket,ice_wizard,?,ice_wizard] slot_now ice_wizard elixir 4->2 wall=00:36:20.698
[student] PLAY ice_wizard p=0.94 cell 332 board (0.47, 0.77) units 3 29 ms hand [rocket,ice_wizard,?,ice_wizard] elixir 3 wall=00:36:22.971
[student] TAP slot 1 ice_wizard cell 332 wall=00:36:23.326
[student] TRAY first +0.68s tapped slot 1 meant ice_wizard before [rocket,ice_wizard,?,ice_wizard] now [rocket,x_bow,?,ice_wizard] slot_now x_bow elixir 3->4 wall=00:36:24.007
[student] PLAY ice_wizard p=0.92 cell 354 board (0.69, 0.8) units 3 20 ms hand [rocket,x_bow,?,ice_wizard] elixir 4 wall=00:36:24.079
[student] TAP slot 3 ice_wizard cell 354 wall=00:36:24.425
[student] TRAY first +0.70s tapped slot 3 meant ice_wizard before [rocket,x_bow,?,ice_wizard] now [rocket,the_log,knight,?] slot_now ? elixir 4->3 wall=00:36:25.125
[student] PLAY knight p=0.89 cell 320 board (0.81, 0.73) units 3 17 ms hand [rocket,the_log,knight,?] elixir 3 wall=00:36:25.198
[student] TAP slot 2 knight cell 266 wall=00:36:25.552
[student] TRAY first +0.68s tapped slot 2 meant knight before [rocket,the_log,knight,?] now [rocket,?,?,tesla] slot_now ? elixir 3->3 wall=00:36:26.229
[student] PLAY the_log p=0.48 cell 337 board (0.75, 0.77) units 4 29 ms hand [rocket,the_log,the_log,tornado] elixir 2 wall=00:36:28.431
[student] TAP slot 1 the_log cell 371 wall=00:36:28.786
[student] TRAY first +0.69s tapped slot 1 meant the_log before [rocket,the_log,the_log,tornado] now [rocket,ice_wizard,the_log,tornado] slot_now ice_wizard elixir 2->3 wall=00:36:29.474
[student] PLAY tornado p=0.86 cell 387 board (0.53, 0.89) units 4 32 ms hand [rocket,ice_wizard,the_log,tornado] elixir 3 wall=00:36:29.564
[student] TAP slot 3 tornado cell 332 wall=00:36:29.937
[student] TRAY first +0.33s tapped slot 3 meant tornado before [rocket,ice_wizard,the_log,tornado] now [rocket,?,the_log,?] slot_now ? elixir 3->3 wall=00:36:30.264
[student] PLAY the_log p=0.84 cell 328 board (0.25, 0.77) units 5 26 ms hand [rocket,?,the_log,?] elixir 3 wall=00:36:30.358
[student] TAP slot 2 the_log cell 384 wall=00:36:30.725
[student] TRAY first +0.30s tapped slot 2 meant the_log before [rocket,?,the_log,?] now [rocket,the_log,?,?] slot_now ? elixir 3->1 wall=00:36:31.026
[student] TRAY settled +0.68s tapped slot 2 meant the_log before [rocket,?,the_log,?] now [rocket,the_log,?,skeletons] slot_now ? elixir 3->1 wall=00:36:31.403
[student] PLAY skeletons p=0.38 cell 310 board (0.25, 0.73) units 3 26 ms hand [rocket,the_log,?,skeletons] elixir 1 wall=00:36:31.504
[student] TAP slot 3 skeletons cell 256 wall=00:36:31.899
[student] TRAY first +0.30s tapped slot 3 meant skeletons before [rocket,the_log,?,skeletons] now [rocket,x_bow,?,?] slot_now ? elixir 1->0 wall=00:36:32.199
[student] TRAY settled +0.92s tapped slot 3 meant skeletons before [rocket,the_log,?,skeletons] now [rocket,?,tesla,?] slot_now ? elixir 1->0 wall=00:36:32.815
[student] PLAY ice_wizard p=0.68 cell 313 board (0.42, 0.73) units 5 20 ms hand [rocket,x_bow,tesla,ice_wizard] elixir 4 wall=00:36:36.408
[student] TAP slot 3 ice_wizard cell 313 wall=00:36:36.744
[student] TRAY first +0.33s tapped slot 3 meant ice_wizard before [rocket,x_bow,tesla,ice_wizard] now [rocket,the_log,tesla,?] slot_now ? elixir 4->3 wall=00:36:37.072
[student] PLAY the_log p=0.82 cell 381 board (0.19, 0.89) units 6 34 ms hand [rocket,the_log,tesla,?] elixir 3 wall=00:36:37.199
[student] TAP slot 1 the_log cell 401 wall=00:36:37.587
[student] TRAY first +0.26s tapped slot 1 meant the_log before [rocket,the_log,tesla,?] now [rocket,tornado,tesla,?] slot_now tornado elixir 3->2 wall=00:36:37.846
[student] TRAY settled +0.64s tapped slot 1 meant the_log before [rocket,the_log,tesla,?] now [rocket,tornado,tesla,?] slot_now tornado elixir 3->2 wall=00:36:38.223
[student] PLAY knight_evo p=0.68 cell 247 board (0.75, 0.55) units 8 34 ms hand [rocket,ice_wizard,tesla,knight_evo] elixir 3 wall=00:36:38.932
[student] TAP slot 3 knight_evo cell 247 wall=00:36:39.278
[student] TRAY first +0.31s tapped slot 3 meant knight_evo before [rocket,ice_wizard,tesla,knight_evo] now [rocket,tesla,tesla,?] slot_now ? elixir 3->3 wall=00:36:39.590
[student] TRAY settled +0.68s tapped slot 3 meant knight_evo before [rocket,ice_wizard,tesla,knight_evo] now [rocket,the_log,tesla,?] slot_now ? elixir 3->1 wall=00:36:39.957
[student] PLAY the_log p=0.42 cell 337 board (0.75, 0.77) units 5 15 ms hand [rocket,the_log,tesla,?] elixir 2 wall=00:36:40.643
[student] TAP slot 1 the_log cell 404 wall=00:36:40.980
[student] TRAY first +0.32s tapped slot 1 meant the_log before [rocket,the_log,tesla,?] now [rocket,tornado,tesla,tornado] slot_now tornado elixir 2->2 wall=00:36:41.304
[student] TRAY settled +1.07s tapped slot 1 meant the_log before [rocket,the_log,tesla,?] now [rocket,ice_wizard,tesla,tornado] slot_now ice_wizard elixir 2->3 wall=00:36:42.047
[student] PLAY tesla p=0.36 cell 295 board (0.39, 0.69) units 6 21 ms hand [rocket,x_bow,tesla,tornado] elixir 5 wall=00:36:44.770
[student] TAP slot 2 tesla cell 295 wall=00:36:45.136
[student] TRAY first +0.32s tapped slot 2 meant tesla before [rocket,x_bow,tesla,tornado] now [rocket,the_log,?,tornado] slot_now ? elixir 5->4 wall=00:36:45.454
[student] WAIT p=0.06 elixir 4 opp~? units 4 dets 4 (waits 390/519 badhand 255/519) wall=00:36:45.543
[student] TRAY settled +0.72s tapped slot 2 meant tesla before [rocket,x_bow,tesla,tornado] now [rocket,the_log,?,tornado] slot_now ? elixir 5->2 wall=00:36:45.859
[student] PLAY ice_wizard p=0.33 cell 332 board (0.47, 0.77) units 3 34 ms hand [rocket,ice_wizard,the_log,tornado] elixir 3 wall=00:36:47.261
[student] TAP slot 1 ice_wizard cell 332 wall=00:36:47.626
[student] TRAY first +0.26s tapped slot 1 meant ice_wizard before [rocket,ice_wizard,the_log,tornado] now [rocket,x_bow,the_log,tornado] slot_now x_bow elixir 3->3 wall=00:36:47.888
[student] TRAY settled +0.87s tapped slot 1 meant ice_wizard before [rocket,ice_wizard,the_log,tornado] now [rocket,x_bow,the_log,tornado] slot_now x_bow elixir 3->4 wall=00:36:48.491
[student] PLAY tornado p=0.31 cell 245 board (0.64, 0.58) units 4 20 ms hand [rocket,x_bow,the_log,tornado] elixir 4 wall=00:36:49.748
[student] TAP slot 3 tornado cell 333 wall=00:36:50.093
[student] TRAY first +0.28s tapped slot 3 meant tornado before [rocket,x_bow,the_log,tornado] now [rocket,the_log,the_log,?] slot_now ? elixir 4->3 wall=00:36:50.376
[student] PLAY the_log p=0.57 cell 299 board (0.64, 0.7) units 4 30 ms hand [rocket,the_log,the_log,?] elixir 3 wall=00:36:50.467
[student] TAP slot 1 the_log cell 315 wall=00:36:50.826
[student] TRAY first +0.25s tapped slot 1 meant the_log before [rocket,the_log,the_log,?] now [rocket,tornado,the_log,?] slot_now tornado elixir 3->2 wall=00:36:51.079
[student] TRAY settled +0.61s tapped slot 1 meant the_log before [rocket,the_log,the_log,?] now [rocket,tornado,the_log,skeletons] slot_now tornado elixir 3->3 wall=00:36:51.431
[student] WAIT | exact=0 opp=? next=2 t=164s hand=[4, 3, 6, 7] tw=1.01.00.0x1.01.01.0 sp=0 unk=0 p=0.00 elixir 5 opp~? units 4 dets 4 (waits 400/532 badhand 259/532) wall=00:36:53.586
[student] WAIT | exact=0 opp=? next=2 t=169s hand=[4, 3, 6, 7] tw=1.01.00.0x1.01.01.0 sp=1 unk=0 p=0.00 elixir 10 opp~? units 3 dets 4 (waits 410/542 badhand 259/542) wall=00:36:58.782
[student] STALL-PLAY x_bow p=0.02 cell 254 board (0.14, 0.61) units 2 33 ms hand [rocket,x_bow,the_log,skeletons] elixir 10 wall=00:37:03.162
[student] TAP slot 1 x_bow cell 218 wall=00:37:03.538
[student] TRAY first +0.28s tapped slot 1 meant x_bow before [rocket,x_bow,the_log,skeletons] now [rocket,?,the_log,skeletons] slot_now ? elixir 10->6 wall=00:37:03.816
[student] PLAY skeletons p=0.89 cell 238 board (0.25, 0.55) units 2 36 ms hand [rocket,?,the_log,skeletons] elixir 6 wall=00:37:03.909
[student] TAP slot 3 skeletons cell 238 wall=00:37:04.276
[student] TRAY first +0.28s tapped slot 3 meant skeletons before [rocket,?,the_log,skeletons] now [rocket,?,the_log,?] slot_now ? elixir 6->2 wall=00:37:04.561
[student] PLAY the_log p=0.52 cell 236 board (0.14, 0.55) units 2 20 ms hand [rocket,?,the_log,?] elixir 2 wall=00:37:04.636
[student] TAP slot 2 the_log cell 382 wall=00:37:05.019
[student] TRAY first +0.31s tapped slot 2 meant the_log before [rocket,?,the_log,?] now [rocket,ice_wizard,?,?] slot_now ? elixir 2->1 wall=00:37:05.328
00:37:06 [play] UNKNOWN 0.4s after in-match -> grace hold (label lost: overtime / end animation / dropout; up to 150s)
[student] TRAY settled +1.36s tapped slot 2 meant the_log before [rocket,?,the_log,?] now [tesla,?,?,?] slot_now ? elixir 2->0 wall=00:37:06.380
00:37:12 [play] state: MATCH_END
00:37:12 [nav] MATCH_END -> Play Again (located) (0.348,0.914)
[overlay-replay] saved C:\Users\benpe\ClashBot\icebow\data\overlayed_replays\match_20260912_003409.mp4 (9174 frames, captured 29.6 fps)
00:37:13 [play] state: UNKNOWN
00:37:19 [play] state: IN_MATCH
[student] WAIT | exact=0 opp=? next=149 t=4s hand=[3, 6, 0, 164] tw=1.01.01.01.01.01.0 sp=0 unk=0 p=0.00 elixir 8 opp~? units 0 dets 0 (waits 420/555 badhand 261/555) wall=00:37:23.365
[student] WAIT | exact=0 opp=? next=149 t=11s hand=[3, 6, 0, 164] tw=1.01.01.01.01.01.0 sp=0 unk=0 p=0.00 elixir 10 opp~? units 1 dets 1 (waits 430/565 badhand 261/565) wall=00:37:30.210
[student] STALL-PLAY x_bow p=0.03 cell 267 board (0.86, 0.61) units 1 23 ms hand [x_bow,the_log,tornado,tesla] elixir 10 wall=00:37:31.730
[student] TAP slot 0 x_bow cell 231 wall=00:37:32.081
[student] TRAY first +0.27s tapped slot 0 meant x_bow before [x_bow,the_log,tornado,tesla] now [?,the_log,tornado,tesla] slot_now ? elixir 10->6 wall=00:37:32.348
[student] TRAY settled +0.85s tapped slot 0 meant x_bow before [x_bow,the_log,tornado,tesla] now [?,the_log,tornado,tesla] slot_now ? elixir 10->4 wall=00:37:32.929
[student] WAIT | exact=0 opp=? next=4 t=18s hand=[149, 6, 0, 164] tw=1.01.01.01.01.01.0 sp=0 unk=0 p=0.01 elixir 5 opp~? units 3 dets 3 (waits 440/576 badhand 264/576) wall=00:37:37.205
[student] WAIT p=0.12 elixir 7 opp~? units 4 dets 4 (waits 450/586 badhand 264/586) wall=00:37:42.557
[student] PLAY the_log p=0.32 cell 248 board (0.81, 0.55) units 4 25 ms hand [knight,the_log,tornado,tesla] elixir 8 wall=00:37:45.091
[student] TAP slot 1 the_log cell 248 wall=00:37:45.473
[student] TRAY first +0.30s tapped slot 1 meant the_log before [knight,the_log,tornado,tesla] now [knight,?,tornado,tesla] slot_now ? elixir 8->5 wall=00:37:45.772
[student] PLAY knight p=0.71 cell 247 board (0.75, 0.55) units 3 37 ms hand [knight,?,tornado,tesla] elixir 5 wall=00:37:45.876
[student] TAP slot 0 knight cell 247 wall=00:37:46.239
[student] TRAY first +0.31s tapped slot 0 meant knight before [knight,?,tornado,tesla] now [?,?,tornado,tesla] slot_now ? elixir 5->3 wall=00:37:46.550
[student] PLAY tornado p=0.39 cell 333 board (0.53, 0.77) units 3 21 ms hand [?,?,tornado,tesla] elixir 3 wall=00:37:46.628
[student] TAP slot 2 tornado cell 333 wall=00:37:46.994
[student] TRAY first +0.29s tapped slot 2 meant tornado before [?,?,tornado,tesla] now [?,rocket,?,tesla] slot_now ? elixir 3->3 wall=00:37:47.279
[student] TRAY settled +0.58s tapped slot 2 meant tornado before [?,?,tornado,tesla] now [?,rocket,?,tesla] slot_now ? elixir 3->1 wall=00:37:47.578
[student] PLAY skeletons p=0.31 cell 242 board (0.47, 0.55) units 8 21 ms hand [ice_wizard,rocket,skeletons,tesla] elixir 1 wall=00:37:50.176
[student] TAP slot 2 skeletons cell 242 wall=00:37:50.526
[student] TRAY first +0.29s tapped slot 2 meant skeletons before [ice_wizard,rocket,skeletons,tesla] now [ice_wizard,rocket,?,tesla] slot_now ? elixir 1->1 wall=00:37:50.821
[student] TRAY settled +0.64s tapped slot 2 meant skeletons before [ice_wizard,rocket,skeletons,tesla] now [ice_wizard,rocket,?,tesla] slot_now ? elixir 1->1 wall=00:37:51.171
[student] PLAY the_log p=0.38 cell 407 board (0.64, 0.92) units 8 19 ms hand [ice_wizard,rocket,the_log,tesla] elixir 2 wall=00:37:53.501
[student] TAP slot 2 the_log cell 371 wall=00:37:53.856
[student] TRAY first +0.30s tapped slot 2 meant the_log before [ice_wizard,rocket,the_log,tesla] now [ice_wizard,rocket,ice_wizard,tesla] slot_now ice_wizard elixir 2->2 wall=00:37:54.152
[student] TRAY settled +1.17s tapped slot 2 meant the_log before [ice_wizard,rocket,the_log,tesla] now [ice_wizard,rocket,tornado,tesla] slot_now tornado elixir 2->2 wall=00:37:55.029
[student] PLAY tesla p=0.50 cell 244 board (0.56, 0.56) units 5 42 ms hand [ice_wizard,rocket,x_bow,tesla] elixir 4 wall=00:37:58.797
[student] TAP slot 3 tesla cell 298 wall=00:37:59.168
[student] TRAY first +0.31s tapped slot 3 meant tesla before [ice_wizard,rocket,x_bow,tesla] now [tornado,rocket,x_bow,?] slot_now ? elixir 4->4 wall=00:37:59.474
[student] WAIT p=0.20 elixir 4 opp~? units 4 dets 4 (waits 460/602 badhand 267/602) wall=00:37:59.517
[student] TRAY settled +0.64s tapped slot 3 meant tesla before [ice_wizard,rocket,x_bow,tesla] now [tornado,rocket,x_bow,?] slot_now ? elixir 4->0 wall=00:37:59.807
[student] WAIT p=0.05 elixir 4 opp~? units 3 dets 3 (waits 470/612 badhand 267/612) wall=00:38:10.581
[student] WAIT p=0.20 elixir 6 opp~? units 2 dets 2 (waits 480/622 badhand 267/622) wall=00:38:17.930
[student] PLAY x_bow p=0.47 cell 267 board (0.86, 0.61) units 2 21 ms hand [ice_wizard,rocket,x_bow,the_log] elixir 7 wall=00:38:18.729
[student] TAP slot 2 x_bow cell 231 wall=00:38:19.086
[student] TRAY first +0.40s tapped slot 2 meant x_bow before [ice_wizard,rocket,x_bow,the_log] now [ice_wizard,rocket,?,the_log] slot_now ? elixir 7->5 wall=00:38:19.486
[student] PLAY ice_wizard p=0.56 cell 251 board (0.97, 0.58) units 4 22 ms hand [ice_wizard,rocket,?,the_log] elixir 5 wall=00:38:19.543
[student] TAP slot 0 ice_wizard cell 250 wall=00:38:19.916
[student] TRAY first +0.26s tapped slot 0 meant ice_wizard before [ice_wizard,rocket,?,the_log] now [ice_wizard,rocket,?,the_log] slot_now ice_wizard elixir 5->1 wall=00:38:20.176
[student] TRAY settled +0.61s tapped slot 0 meant ice_wizard before [ice_wizard,rocket,?,the_log] now [ice_wizard,rocket,?,the_log] slot_now ice_wizard elixir 5->1 wall=00:38:20.522
[student] PLAY the_log p=0.34 cell 249 board (0.86, 0.55) units 5 20 ms hand [ice_wizard,rocket,?,the_log] elixir 2 wall=00:38:23.663
[student] TAP slot 3 the_log cell 249 wall=00:38:24.033
[student] TRAY first +0.32s tapped slot 3 meant the_log before [ice_wizard,rocket,?,the_log] now [ice_wizard,rocket,?,?] slot_now ? elixir 2->1 wall=00:38:24.353
[student] TRAY settled +0.67s tapped slot 3 meant the_log before [ice_wizard,rocket,?,the_log] now [ice_wizard,rocket,?,?] slot_now ? elixir 2->1 wall=00:38:24.700
[student] PLAY tornado p=0.82 cell 175 board (0.75, 0.39) units 6 7 ms hand [ice_wizard,rocket,?,tornado] elixir 3 wall=00:38:29.762
[student] TAP slot 3 tornado cell 175 wall=00:38:30.134
[student] TRAY first +0.28s tapped slot 3 meant tornado before [ice_wizard,rocket,?,tornado] now [tornado,rocket,tornado,?] slot_now ? elixir 3->3 wall=00:38:30.416
[student] TRAY settled +0.63s tapped slot 3 meant tornado before [ice_wizard,rocket,?,tornado] now [tornado,rocket,tornado,?] slot_now ? elixir 3->0 wall=00:38:30.761
[student] WAIT p=0.07 elixir 1 opp~? units 0 dets 0 (waits 490/636 badhand 270/636) wall=00:38:34.810
[student] PLAY skeletons p=0.84 cell 242 board (0.47, 0.55) units 1 33 ms hand [ice_wizard,rocket,knight,skeletons] elixir 2 wall=00:38:35.674
[student] TAP slot 3 skeletons cell 242 wall=00:38:36.047
[student] TRAY first +0.28s tapped slot 3 meant skeletons before [ice_wizard,rocket,knight,skeletons] now [ice_wizard,rocket,?,?] slot_now ? elixir 2->1 wall=00:38:36.329
[student] TRAY settled +0.62s tapped slot 3 meant skeletons before [ice_wizard,rocket,knight,skeletons] now [ice_wizard,rocket,?,?] slot_now ? elixir 2->1 wall=00:38:36.668
[student] PLAY ice_wizard p=0.79 cell 236 board (0.14, 0.55) units 1 18 ms hand [ice_wizard,rocket,?,tesla] elixir 3 wall=00:38:41.049
[student] TAP slot 0 ice_wizard cell 236 wall=00:38:41.402
[student] TRAY first +0.28s tapped slot 0 meant ice_wizard before [ice_wizard,rocket,?,tesla] now [?,rocket,tornado,tesla] slot_now ? elixir 3->3 wall=00:38:41.678
[student] TRAY settled +0.70s tapped slot 0 meant ice_wizard before [ice_wizard,rocket,?,tesla] now [?,rocket,tornado,tesla] slot_now ? elixir 3->0 wall=00:38:42.103
[student] WAIT | exact=0 opp=? next=6 t=95s hand=[3, 4, 0, 164] tw=1.01.01.01.01.01.0 sp=0 unk=0 p=0.05 elixir 4 opp~? units 1 dets 1 (waits 500/648 badhand 271/648) wall=00:38:54.057
[student] WAIT p=0.10 elixir 7 opp~? units 2 dets 3 (waits 510/658 badhand 271/658) wall=00:39:01.773
[student] PLAY x_bow p=0.30 cell 267 board (0.86, 0.61) units 1 30 ms hand [x_bow,rocket,?,tesla] elixir 8 wall=00:39:06.345
[student] TAP slot 0 x_bow cell 231 wall=00:39:06.700
[student] TRAY first +1.08s tapped slot 0 meant x_bow before [x_bow,rocket,?,tesla] now [?,rocket,?,tesla] slot_now ? elixir 8->5 wall=00:39:07.780
[student] PLAY tesla p=0.53 cell 247 board (0.72, 0.56) units 3 24 ms hand [?,rocket,?,tesla] elixir 5 wall=00:39:07.869
[student] TAP slot 3 tesla cell 247 wall=00:39:08.211
[student] TRAY first +1.10s tapped slot 3 meant tesla before [?,rocket,?,tesla] now [the_log,rocket,?,?] slot_now ? elixir 5->3 wall=00:39:09.315
[student] PLAY the_log p=0.44 cell 249 board (0.86, 0.55) units 4 21 ms hand [the_log,rocket,?,?] elixir 3 wall=00:39:09.394
[student] TAP slot 0 the_log cell 249 wall=00:39:09.770
[student] TRAY first +1.33s tapped slot 0 meant the_log before [the_log,rocket,?,?] now [tornado,rocket,tornado,tesla] slot_now tornado elixir 3->0 wall=00:39:11.104
[clock] icon reads x3 but the clock reads x1 -> using the clock (x1)
[student] PLAY the_log p=0.42 cell 248 board (0.81, 0.55) units 3 20 ms hand [the_log,rocket,?,tornado] elixir 4 wall=00:39:18.922
[student] TAP slot 0 the_log cell 265 wall=00:39:19.261
[clock] icon reads x3 but the clock reads x2 -> using the clock (x2)
00:39:19 [play] elixir x2
[student] TRAY first +0.69s tapped slot 0 meant the_log before [the_log,rocket,?,tornado] now [?,rocket,?,tornado] slot_now ? elixir 4->3 wall=00:39:19.953
[student] PLAY skeletons p=0.65 cell 242 board (0.47, 0.55) units 2 20 ms hand [skeletons,rocket,?,tornado] elixir 4 wall=00:39:21.777
[student] TAP slot 0 skeletons cell 242 wall=00:39:22.136
[student] TRAY first +0.72s tapped slot 0 meant skeletons before [skeletons,rocket,?,tornado] now [?,rocket,?,tornado] slot_now ? elixir 4->4 wall=00:39:22.852
[student] PLAY tornado p=0.85 cell 227 board (0.64, 0.52) units 3 38 ms hand [?,rocket,?,tornado] elixir 4 wall=00:39:22.960
[student] TAP slot 3 tornado cell 227 wall=00:39:23.322
[student] TRAY first +0.70s tapped slot 3 meant tornado before [?,rocket,?,tornado] now [ice_wizard,rocket,knight,?] slot_now ? elixir 4->3 wall=00:39:24.027
[student] PLAY knight p=0.90 cell 320 board (0.81, 0.73) units 3 25 ms hand [ice_wizard,rocket,knight,?] elixir 3 wall=00:39:24.125
[student] TAP slot 2 knight cell 266 wall=00:39:24.480
[student] TRAY first +0.72s tapped slot 2 meant knight before [ice_wizard,rocket,knight,?] now [ice_wizard,rocket,?,tesla] slot_now ? elixir 3->2 wall=00:39:25.198
[student] PLAY the_log p=0.75 cell 338 board (0.81, 0.77) units 4 38 ms hand [ice_wizard,rocket,tesla,the_log] elixir 2 wall=00:39:28.393
[student] TAP slot 3 the_log cell 316 wall=00:39:28.757
[student] TRAY first +0.73s tapped slot 3 meant the_log before [ice_wizard,rocket,tesla,the_log] now [ice_wizard,rocket,tesla_evo,?] slot_now ? elixir 2->3 wall=00:39:29.491
[student] PLAY ice_wizard p=0.40 cell 297 board (0.53, 0.7) units 3 27 ms hand [ice_wizard,rocket,tesla_evo,?] elixir 3 wall=00:39:29.585
[student] TAP slot 0 ice_wizard cell 297 wall=00:39:29.944
[student] TRAY first +0.72s tapped slot 0 meant ice_wizard before [ice_wizard,rocket,tesla_evo,?] now [?,rocket,?,?] slot_now ? elixir 3->3 wall=00:39:30.662
[student] PLAY the_log p=0.98 cell 381 board (0.19, 0.89) units 6 26 ms hand [the_log,rocket,tesla,the_log] elixir 2 wall=00:39:33.066
[student] TAP slot 0 the_log cell 382 wall=00:39:33.420
[student] TRAY first +0.74s tapped slot 0 meant the_log before [the_log,rocket,tesla,the_log] now [?,rocket,?,tesla] slot_now ? elixir 2->2 wall=00:39:34.162
[student] WAIT p=0.17 elixir 2 opp~? units 2 dets 3 (waits 520/678 badhand 278/678) wall=00:39:35.973
[student] PLAY skeletons p=0.35 cell 351 board (0.53, 0.83) units 2 27 ms hand [skeletons,rocket,tesla_evo,x_bow] elixir 7 wall=00:39:41.785
[student] TAP slot 0 skeletons cell 351 wall=00:39:42.130
[student] TRAY first +0.28s tapped slot 0 meant skeletons before [skeletons,rocket,tesla_evo,x_bow] now [?,rocket,tesla_evo,x_bow] slot_now ? elixir 7->6 wall=00:39:42.406
[student] WAIT p=0.07 elixir 6 opp~? units 3 dets 3 (waits 530/689 badhand 279/689) wall=00:39:42.490
[student] TRAY settled +0.63s tapped slot 0 meant skeletons before [skeletons,rocket,tesla_evo,x_bow] now [?,rocket,tesla_evo,x_bow] slot_now ? elixir 7->6 wall=00:39:42.756
[student] PLAY x_bow p=0.28 cell 267 board (0.86, 0.61) units 3 31 ms hand [tornado,rocket,tesla_evo,x_bow] elixir 7 wall=00:39:43.672
[student] TAP slot 3 x_bow cell 231 wall=00:39:44.023
[student] TRAY first +0.27s tapped slot 3 meant x_bow before [tornado,rocket,tesla_evo,x_bow] now [tornado,rocket,tesla,?] slot_now ? elixir 7->6 wall=00:39:44.290
[student] PLAY tesla p=0.62 cell 247 board (0.72, 0.56) units 5 29 ms hand [tornado,rocket,tesla,?] elixir 6 wall=00:39:44.385
[student] TAP slot 2 tesla cell 247 wall=00:39:44.744
[student] TRAY first +0.32s tapped slot 2 meant tesla before [tornado,rocket,tesla,?] now [tornado,rocket,tesla,?] slot_now tesla elixir 6->2 wall=00:39:45.064
[student] TRAY settled +0.64s tapped slot 2 meant tesla before [tornado,rocket,tesla,?] now [tornado,rocket,tesla,knight_evo] slot_now tesla elixir 6->2 wall=00:39:45.386
[student] PLAY knight_evo p=0.58 cell 247 board (0.75, 0.55) units 4 35 ms hand [tornado,rocket,tesla_evo,knight_evo] elixir 3 wall=00:39:46.081
[student] TAP slot 3 knight_evo cell 247 wall=00:39:46.437
[student] TRAY first +0.28s tapped slot 3 meant knight_evo before [tornado,rocket,tesla_evo,knight_evo] now [tornado,rocket,?,?] slot_now ? elixir 3->3 wall=00:39:46.720
[student] PLAY tornado p=0.74 cell 175 board (0.75, 0.39) units 4 18 ms hand [tornado,rocket,?,?] elixir 3 wall=00:39:46.809
[student] TAP slot 0 tornado cell 175 wall=00:39:47.145
[student] TRAY first +0.28s tapped slot 0 meant tornado before [tornado,rocket,?,?] now [x_bow,rocket,?,?] slot_now x_bow elixir 3->1 wall=00:39:47.425
[student] TRAY settled +0.69s tapped slot 0 meant tornado before [tornado,rocket,?,?] now [ice_wizard,rocket,?,tesla] slot_now ice_wizard elixir 3->1 wall=00:39:47.830
[student] PLAY ice_wizard p=0.38 cell 245 board (0.64, 0.55) units 6 38 ms hand [tornado,rocket,tesla_evo,ice_wizard] elixir 3 wall=00:39:50.531
[student] TAP slot 3 ice_wizard cell 245 wall=00:39:50.899
[student] TRAY first +0.31s tapped slot 3 meant ice_wizard before [tornado,rocket,tesla_evo,ice_wizard] now [tornado,rocket,?,?] slot_now ? elixir 3->3 wall=00:39:51.211
[student] PLAY tornado p=0.37 cell 80 board (0.47, 0.2) units 6 36 ms hand [tornado,rocket,?,?] elixir 3 wall=00:39:51.342
[student] TAP slot 0 tornado cell 80 wall=00:39:51.682
[student] TRAY first +0.25s tapped slot 0 meant tornado before [tornado,rocket,?,?] now [ice_wizard,rocket,?,?] slot_now ice_wizard elixir 3->1 wall=00:39:51.934
[student] TRAY settled +0.61s tapped slot 0 meant tornado before [tornado,rocket,?,?] now [tornado,rocket,?,the_log] slot_now tornado elixir 3->1 wall=00:39:52.288
[student] PLAY the_log p=0.38 cell 247 board (0.75, 0.55) units 4 29 ms hand [?,rocket,tesla,the_log] elixir 2 wall=00:39:53.228
[student] TAP slot 3 the_log cell 247 wall=00:39:53.590
[student] TRAY first +0.28s tapped slot 3 meant the_log before [?,rocket,tesla,the_log] now [tornado,rocket,?,?] slot_now ? elixir 2->1 wall=00:39:53.871
[student] TRAY settled +1.07s tapped slot 3 meant the_log before [?,rocket,tesla,the_log] now [tornado,rocket,?,?] slot_now ? elixir 2->1 wall=00:39:54.665
[student] PLAY skeletons p=0.50 cell 250 board (0.92, 0.55) units 4 26 ms hand [tornado,rocket,tesla_evo,skeletons] elixir 4 wall=00:39:59.042
[student] TAP slot 3 skeletons cell 250 wall=00:39:59.400
[student] TRAY first +0.29s tapped slot 3 meant skeletons before [tornado,rocket,tesla_evo,skeletons] now [tornado,rocket,tesla_evo,?] slot_now ? elixir 4->3 wall=00:39:59.693
[student] WAIT p=0.13 elixir 3 opp~? units 5 dets 5 (waits 540/707 badhand 285/707) wall=00:39:59.795
[student] TRAY settled +0.69s tapped slot 3 meant skeletons before [tornado,rocket,tesla_evo,skeletons] now [tornado,rocket,tesla_evo,?] slot_now ? elixir 4->4 wall=00:40:00.092
[student] PLAY tesla_evo p=0.55 cell 243 board (0.5, 0.56) units 4 30 ms hand [tornado,rocket,tesla_evo,?] elixir 4 wall=00:40:00.197
[student] TAP slot 2 tesla_evo cell 243 wall=00:40:00.586
[student] TRAY first +0.26s tapped slot 2 meant tesla_evo before [tornado,rocket,tesla_evo,?] now [tornado,rocket,?,x_bow] slot_now ? elixir 4->4 wall=00:40:00.843
[student] PLAY tornado p=0.53 cell 212 board (0.81, 0.48) units 2 15 ms hand [tornado,rocket,?,x_bow] elixir 4 wall=00:40:00.933
[student] TAP slot 0 tornado cell 212 wall=00:40:01.297
[student] TRAY first +0.28s tapped slot 0 meant tornado before [tornado,rocket,?,x_bow] now [skeletons,rocket,?,tesla] slot_now skeletons elixir 4->1 wall=00:40:01.575
[student] TRAY settled +0.67s tapped slot 0 meant tornado before [tornado,rocket,?,x_bow] now [ice_wizard,rocket,?,tesla] slot_now ice_wizard elixir 4->1 wall=00:40:01.964
[student] PLAY tornado p=0.37 cell 247 board (0.75, 0.55) units 3 15 ms hand [tornado,rocket,?,ice_wizard] elixir 3 wall=00:40:04.746
[student] TAP slot 0 tornado cell 247 wall=00:40:05.101
[student] TRAY first +0.29s tapped slot 0 meant tornado before [tornado,rocket,?,ice_wizard] now [?,rocket,?,?] slot_now ? elixir 3->3 wall=00:40:05.391
[student] TRAY settled +0.90s tapped slot 0 meant tornado before [tornado,rocket,?,ice_wizard] now [?,rocket,?,tesla] slot_now ? elixir 3->1 wall=00:40:06.000
[student] PLAY ice_wizard p=0.69 cell 297 board (0.53, 0.7) units 2 35 ms hand [ice_wizard,rocket,?,ice_wizard] elixir 3 wall=00:40:08.821
[student] TAP slot 0 ice_wizard cell 297 wall=00:40:09.171
[student] TRAY first +0.30s tapped slot 0 meant ice_wizard before [ice_wizard,rocket,?,ice_wizard] now [?,rocket,?,?] slot_now ? elixir 3->3 wall=00:40:09.467
[student] TRAY settled +0.61s tapped slot 0 meant ice_wizard before [ice_wizard,rocket,?,ice_wizard] now [?,rocket,?,?] slot_now ? elixir 3->1 wall=00:40:09.776
[student] PLAY the_log p=0.53 cell 247 board (0.75, 0.55) units 2 23 ms hand [the_log,rocket,?,the_log] elixir 2 wall=00:40:11.514
[student] TAP slot 0 the_log cell 390 wall=00:40:11.883
[student] TRAY first +0.24s tapped slot 0 meant the_log before [the_log,rocket,?,the_log] now [?,rocket,tornado,?] slot_now ? elixir 2->1 wall=00:40:12.128
[student] TRAY settled +0.81s tapped slot 0 meant the_log before [the_log,rocket,?,the_log] now [?,rocket,?,?] slot_now ? elixir 2->1 wall=00:40:12.696
[student] PLAY skeletons p=0.53 cell 248 board (0.81, 0.55) units 2 28 ms hand [skeletons,rocket,?,tesla] elixir 1 wall=00:40:13.389
[student] TAP slot 0 skeletons cell 248 wall=00:40:13.748
[student] TRAY first +0.30s tapped slot 0 meant skeletons before [skeletons,rocket,?,tesla] now [?,rocket,?,?] slot_now ? elixir 1->1 wall=00:40:14.048
[student] TRAY settled +0.71s tapped slot 0 meant skeletons before [skeletons,rocket,?,tesla] now [?,rocket,?,?] slot_now ? elixir 1->1 wall=00:40:14.456
00:40:16 [play] UNKNOWN 0.5s after in-match -> grace hold (label lost: overtime / end animation / dropout; up to 150s)
00:40:22 [play] state: MATCH_END
[overlay-replay] saved C:\Users\benpe\ClashBot\icebow\data\overlayed_replays\match_20260912_003719.mp4 (9154 frames, captured 29.4 fps)
00:40:22 [nav] MATCH_END -> Play Again (located) (0.348,0.914)
00:40:23 [play] state: UNKNOWN
00:40:29 [play] state: IN_MATCH
[student] PLAY skeletons p=0.52 cell 422 board (0.47, 0.98) units 0 26 ms hand [rocket,skeletons,ice_wizard,?] elixir 8 wall=00:40:30.786
[student] TAP slot 1 skeletons cell 422 wall=00:40:31.142
[student] TRAY first +0.29s tapped slot 1 meant skeletons before [rocket,skeletons,ice_wizard,?] now [rocket,?,ice_wizard,knight] slot_now ? elixir 8->7 wall=00:40:31.435
[student] TRAY settled +0.91s tapped slot 1 meant skeletons before [rocket,skeletons,ice_wizard,?] now [rocket,?,ice_wizard,knight] slot_now ? elixir 8->7 wall=00:40:32.054
[student] WAIT | exact=0 opp=? next=0 t=4s hand=[4, 3, 2, 149] tw=1.01.01.01.01.01.0 sp=1 unk=0 p=0.01 elixir 8 opp~? units 2 dets 3 (waits 550/724 badhand 294/724) wall=00:40:33.731
[student] PLAY x_bow p=0.29 cell 254 board (0.14, 0.61) units 3 32 ms hand [rocket,x_bow,ice_wizard,knight] elixir 9 wall=00:40:37.855
[student] TAP slot 1 x_bow cell 218 wall=00:40:38.222
[student] TRAY first +0.31s tapped slot 1 meant x_bow before [rocket,x_bow,ice_wizard,knight] now [rocket,?,ice_wizard,knight] slot_now ? elixir 9->6 wall=00:40:38.534
[student] PLAY knight p=0.84 cell 237 board (0.19, 0.55) units 4 18 ms hand [rocket,?,ice_wizard,knight] elixir 6 wall=00:40:38.600
[student] TAP slot 3 knight cell 237 wall=00:40:38.950
[student] TRAY first +0.30s tapped slot 3 meant knight before [rocket,?,ice_wizard,knight] now [rocket,?,tornado,?] slot_now ? elixir 6->3 wall=00:40:39.250
[student] PLAY tornado p=0.76 cell 333 board (0.53, 0.77) units 4 22 ms hand [rocket,?,tornado,?] elixir 3 wall=00:40:39.328
[student] TAP slot 2 tornado cell 333 wall=00:40:39.678
[student] TRAY first +0.31s tapped slot 2 meant tornado before [rocket,?,tornado,?] now [rocket,tornado,ice_wizard,?] slot_now ice_wizard elixir 3->1 wall=00:40:39.984
[student] TRAY settled +0.94s tapped slot 2 meant tornado before [rocket,?,tornado,?] now [rocket,tornado,the_log,tesla] slot_now the_log elixir 3->1 wall=00:40:40.616
[student] WAIT p=0.14 elixir 3 opp~? units 4 dets 5 (waits 560/737 badhand 296/737) wall=00:40:45.838
[student] PLAY ice_wizard p=0.47 cell 240 board (0.36, 0.55) units 5 17 ms hand [rocket,tornado,ice_wizard,tesla] elixir 3 wall=00:40:46.449
[student] TAP slot 2 ice_wizard cell 240 wall=00:40:46.823
[student] TRAY first +0.28s tapped slot 2 meant ice_wizard before [rocket,tornado,ice_wizard,tesla] now [rocket,tornado,?,tesla] slot_now ? elixir 3->3 wall=00:40:47.102
[student] TRAY settled +0.63s tapped slot 2 meant ice_wizard before [rocket,tornado,ice_wizard,tesla] now [rocket,tornado,?,tesla] slot_now ? elixir 3->0 wall=00:40:47.455
[student] WAIT p=0.14 elixir 3 opp~? units 3 dets 3 (waits 570/748 badhand 297/748) wall=00:40:56.064
[student] PLAY tesla p=0.30 cell 239 board (0.28, 0.56) units 3 36 ms hand [rocket,tornado,the_log,tesla] elixir 4 wall=00:40:56.705
[student] TAP slot 3 tesla cell 239 wall=00:40:57.057
[student] TRAY first +0.31s tapped slot 3 meant tesla before [rocket,tornado,the_log,tesla] now [rocket,tornado,the_log,?] slot_now ? elixir 4->4 wall=00:40:57.365
[student] PLAY the_log p=0.40 cell 236 board (0.14, 0.55) units 4 24 ms hand [rocket,tornado,the_log,?] elixir 4 wall=00:40:57.460
[student] TAP slot 2 the_log cell 239 wall=00:40:57.825
[student] TRAY first +0.30s tapped slot 2 meant the_log before [rocket,tornado,the_log,?] now [rocket,tornado,ice_wizard,?] slot_now ice_wizard elixir 4->0 wall=00:40:58.125
[student] TRAY settled +0.67s tapped slot 2 meant the_log before [rocket,tornado,the_log,?] now [rocket,tornado,tesla,?] slot_now tesla elixir 4->0 wall=00:40:58.497
[student] WAIT p=0.18 elixir 2 opp~? units 3 dets 3 (waits 580/760 badhand 298/760) wall=00:41:04.361
[student] PLAY skeletons p=0.29 cell 237 board (0.19, 0.55) units 3 36 ms hand [rocket,tornado,the_log,skeletons] elixir 3 wall=00:41:05.518
[student] TAP slot 3 skeletons cell 237 wall=00:41:05.886
[student] TRAY first +0.28s tapped slot 3 meant skeletons before [rocket,tornado,the_log,skeletons] now [rocket,tornado,the_log,?] slot_now ? elixir 3->2 wall=00:41:06.165
[student] TRAY settled +0.65s tapped slot 3 meant skeletons before [rocket,tornado,the_log,skeletons] now [rocket,tornado,the_log,?] slot_now ? elixir 3->2 wall=00:41:06.541
[student] PLAY ice_wizard p=0.28 cell 153 board (0.53, 0.36) units 2 31 ms hand [rocket,tornado,the_log,ice_wizard] elixir 4 wall=00:41:10.703
[student] TAP slot 3 ice_wizard cell 243 wall=00:41:11.096
[student] TRAY first +0.30s tapped slot 3 meant ice_wizard before [rocket,tornado,the_log,ice_wizard] now [rocket,tornado,the_log,?] slot_now ? elixir 4->4 wall=00:41:11.400
[student] PLAY the_log p=0.38 cell 237 board (0.19, 0.55) units 2 30 ms hand [rocket,tornado,the_log,?] elixir 4 wall=00:41:11.495
[student] TAP slot 2 the_log cell 242 wall=00:41:11.857
[student] TRAY first +0.31s tapped slot 2 meant the_log before [rocket,tornado,the_log,?] now [rocket,tornado,?,the_log] slot_now ? elixir 4->1 wall=00:41:12.167
[student] TRAY settled +0.68s tapped slot 2 meant the_log before [rocket,tornado,the_log,?] now [rocket,tornado,?,the_log] slot_now ? elixir 4->2 wall=00:41:12.539
[student] WAIT | exact=0 opp=? next=149 t=43s hand=[4, 0, -1, 6] tw=1.01.01.01.00.0x1.0 sp=1 unk=0 p=0.01 elixir 2 opp~? units 2 dets 3 (waits 590/773 badhand 303/773) wall=00:41:12.655
[student] PLAY tornado p=0.27 cell 148 board (0.25, 0.36) units 1 22 ms hand [rocket,tornado,?,ice_wizard] elixir 4 wall=00:41:16.209
[student] TAP slot 1 tornado cell 333 wall=00:41:16.583
[student] TRAY first +0.28s tapped slot 1 meant tornado before [rocket,tornado,?,ice_wizard] now [rocket,?,?,tesla] slot_now ? elixir 4->3 wall=00:41:16.866
[student] TRAY settled +0.92s tapped slot 1 meant tornado before [rocket,tornado,?,ice_wizard] now [rocket,?,?,tesla] slot_now ? elixir 4->1 wall=00:41:17.507
[student] WAIT p=0.10 elixir 4 opp~? units 0 dets 0 (waits 600/784 badhand 307/784) wall=00:41:24.637
[student] PLAY ice_wizard p=0.39 cell 358 board (0.92, 0.8) units 1 17 ms hand [rocket,ice_wizard,?,x_bow] elixir 4 wall=00:41:25.529
[student] TAP slot 1 ice_wizard cell 358 wall=00:41:25.889
[student] TRAY first +0.30s tapped slot 1 meant ice_wizard before [rocket,ice_wizard,?,x_bow] now [rocket,?,?,tesla] slot_now ? elixir 4->3 wall=00:41:26.191
[student] TRAY settled +0.78s tapped slot 1 meant ice_wizard before [rocket,ice_wizard,?,x_bow] now [rocket,?,?,the_log] slot_now ? elixir 4->1 wall=00:41:26.671
[student] PLAY the_log p=0.38 cell 284 board (0.81, 0.64) units 1 29 ms hand [rocket,tesla,knight,the_log] elixir 2 wall=00:41:27.987
[student] TAP slot 3 the_log cell 391 wall=00:41:28.349
[student] TRAY first +0.30s tapped slot 3 meant the_log before [rocket,tesla,knight,the_log] now [rocket,tesla,?,ice_wizard] slot_now ice_wizard elixir 2->2 wall=00:41:28.653
[student] TRAY settled +0.69s tapped slot 3 meant the_log before [rocket,tesla,knight,the_log] now [rocket,tesla,?,tornado] slot_now tornado elixir 2->2 wall=00:41:29.041
[student] PLAY tesla p=0.35 cell 246 board (0.67, 0.56) units 1 32 ms hand [rocket,tesla,?,?] elixir 4 wall=00:41:33.476
[student] TAP slot 1 tesla cell 299 wall=00:41:33.839
[student] TRAY first +0.29s tapped slot 1 meant tesla before [rocket,tesla,?,?] now [rocket,?,tornado,x_bow] slot_now ? elixir 4->4 wall=00:41:34.130
[student] TRAY settled +1.13s tapped slot 1 meant tesla before [rocket,tesla,?,?] now [rocket,?,tornado,?] slot_now ? elixir 4->0 wall=00:41:34.973
[student] WAIT p=0.11 elixir 2 opp~? units 3 dets 3 (waits 610/797 badhand 308/797) wall=00:41:39.638
[student] PLAY skeletons p=0.31 cell 248 board (0.81, 0.55) units 3 29 ms hand [rocket,skeletons,?,ice_wizard] elixir 3 wall=00:41:43.722
[student] TAP slot 1 skeletons cell 248 wall=00:41:44.094
[student] TRAY first +0.32s tapped slot 1 meant skeletons before [rocket,skeletons,?,ice_wizard] now [rocket,?,?,ice_wizard] slot_now ? elixir 3->3 wall=00:41:44.412
[student] TRAY settled +0.92s tapped slot 1 meant skeletons before [rocket,skeletons,?,ice_wizard] now [rocket,?,?,ice_wizard] slot_now ? elixir 3->3 wall=00:41:45.013
[student] PLAY ice_wizard p=0.50 cell 332 board (0.47, 0.77) units 3 23 ms hand [rocket,the_log,?,ice_wizard] elixir 3 wall=00:41:45.703
[student] TAP slot 3 ice_wizard cell 332 wall=00:41:46.075
[student] TRAY first +0.32s tapped slot 3 meant ice_wizard before [rocket,the_log,?,ice_wizard] now [rocket,the_log,?,?] slot_now ? elixir 3->3 wall=00:41:46.392
[student] WAIT p=0.12 elixir 3 opp~? units 2 dets 2 (waits 620/809 badhand 311/809) wall=00:41:46.486
[student] TRAY settled +0.71s tapped slot 3 meant ice_wizard before [rocket,the_log,?,ice_wizard] now [rocket,the_log,?,?] slot_now ? elixir 3->3 wall=00:41:46.780
[student] PLAY the_log p=0.27 cell 248 board (0.81, 0.55) units 2 34 ms hand [rocket,the_log,?,?] elixir 4 wall=00:41:49.576
[student] TAP slot 1 the_log cell 283 wall=00:41:49.941
[student] TRAY first +0.29s tapped slot 1 meant the_log before [rocket,the_log,?,?] now [rocket,?,?,ice_wizard] slot_now ? elixir 4->2 wall=00:41:50.235
[student] TRAY settled +1.10s tapped slot 1 meant the_log before [rocket,the_log,?,?] now [rocket,?,?,ice_wizard] slot_now ? elixir 4->3 wall=00:41:51.043
[student] PLAY ice_wizard p=0.27 cell 336 board (0.69, 0.77) units 2 24 ms hand [rocket,?,?,ice_wizard] elixir 3 wall=00:41:51.118
[student] TAP slot 3 ice_wizard cell 336 wall=00:41:51.478
[student] TRAY first +0.32s tapped slot 3 meant ice_wizard before [rocket,?,?,ice_wizard] now [rocket,tornado,?,?] slot_now ? elixir 3->3 wall=00:41:51.796
[student] TRAY settled +0.98s tapped slot 3 meant ice_wizard before [rocket,?,?,ice_wizard] now [rocket,tornado,?,?] slot_now ? elixir 3->3 wall=00:41:52.461
[student] WAIT | exact=0 opp=? next=2 t=84s hand=[4, 0, 149, -1] tw=1.01.01.01.00.0x1.0 sp=0 unk=0 p=0.01 elixir 4 opp~? units 3 dets 3 (waits 630/821 badhand 323/821) wall=00:41:54.332
[student] WAIT | exact=0 opp=? next=2 t=91s hand=[4, 0, 149, 3] tw=1.01.01.01.00.0x1.0 sp=0 unk=0 p=0.00 elixir 6 opp~? units 2 dets 2 (waits 640/831 badhand 328/831) wall=00:42:01.040
[student] WAIT | exact=0 opp=? next=2 t=97s hand=[4, 0, 149, 3] tw=1.01.01.01.00.0x1.0 sp=0 unk=0 p=0.01 elixir 8 opp~? units 0 dets 0 (waits 650/841 badhand 328/841) wall=00:42:06.496
[student] STALL-PLAY x_bow p=0.01 cell 254 board (0.14, 0.61) units 1 22 ms hand [rocket,tornado,?,x_bow] elixir 9 wall=00:42:07.240
[student] TAP slot 3 x_bow cell 248 wall=00:42:07.600
[student] TRAY first +0.29s tapped slot 3 meant x_bow before [rocket,tornado,?,x_bow] now [rocket,tornado,?,?] slot_now ? elixir 9->5 wall=00:42:07.891
[student] PLAY tornado p=0.40 cell 80 board (0.47, 0.2) units 1 35 ms hand [rocket,tornado,?,?] elixir 5 wall=00:42:07.993
[student] TAP slot 1 tornado cell 357 wall=00:42:08.351
[student] TRAY first +0.28s tapped slot 1 meant tornado before [rocket,tornado,?,?] now [rocket,?,tornado,?] slot_now ? elixir 5->3 wall=00:42:08.633
[student] PLAY tornado p=0.46 cell 176 board (0.81, 0.39) units 1 22 ms hand [rocket,?,tornado,?] elixir 3 wall=00:42:08.721
[student] TAP slot 2 tornado cell 357 wall=00:42:09.091
[student] TRAY first +0.30s tapped slot 2 meant tornado before [rocket,?,tornado,?] now [rocket,?,?,ice_wizard] slot_now ? elixir 3->0 wall=00:42:09.389
[student] TRAY settled +1.77s tapped slot 2 meant tornado before [rocket,?,tornado,?] now [rocket,?,?,ice_wizard] slot_now ? elixir 3->1 wall=00:42:10.858
[student] PLAY ice_wizard p=0.76 cell 249 board (0.86, 0.55) units 3 33 ms hand [rocket,?,?,ice_wizard] elixir 3 wall=00:42:16.887
[student] TAP slot 3 ice_wizard cell 249 wall=00:42:17.243
[student] TRAY first +1.07s tapped slot 3 meant ice_wizard before [rocket,?,?,ice_wizard] now [rocket,?,tornado,?] slot_now ? elixir 3->3 wall=00:42:18.312
[student] PLAY tornado p=0.63 cell 176 board (0.81, 0.39) units 6 21 ms hand [rocket,?,tornado,?] elixir 3 wall=00:42:18.401
[student] TAP slot 2 tornado cell 333 wall=00:42:18.739
[student] TRAY first +1.07s tapped slot 2 meant tornado before [rocket,?,tornado,?] now [rocket,tesla,?,skeletons] slot_now ? elixir 3->1 wall=00:42:19.806
[student] PLAY skeletons p=0.39 cell 247 board (0.75, 0.55) units 3 30 ms hand [rocket,tesla,?,skeletons] elixir 2 wall=00:42:22.637
[student] TAP slot 3 skeletons cell 247 wall=00:42:23.016
[student] TRAY first +1.19s tapped slot 3 meant skeletons before [rocket,tesla,?,skeletons] now [rocket,?,?,?] slot_now ? elixir 2->1 wall=00:42:24.207
[clock] icon reads x3 but the clock reads x1 -> using the clock (x1)
[student] PLAY knight p=0.58 cell 248 board (0.81, 0.55) units 2 30 ms hand [rocket,tesla_evo,knight,the_log] elixir 4 wall=00:42:27.930
[student] TAP slot 2 knight cell 248 wall=00:42:28.286
[student] TRAY first +0.69s tapped slot 2 meant knight before [rocket,tesla_evo,knight,the_log] now [rocket,?,?,the_log] slot_now ? elixir 4->3 wall=00:42:28.974
[student] PLAY the_log p=0.47 cell 320 board (0.81, 0.73) units 2 28 ms hand [rocket,?,?,the_log] elixir 3 wall=00:42:29.070
[student] TAP slot 3 the_log cell 302 wall=00:42:29.444
[student] TRAY first +0.67s tapped slot 3 meant the_log before [rocket,?,?,the_log] now [rocket,?,rocket,?] slot_now ? elixir 3->1 wall=00:42:30.115
[clock] icon reads x3 but the clock reads x2 -> using the clock (x2)
00:42:30 [play] elixir x2
[student] PLAY the_log p=0.38 cell 338 board (0.81, 0.77) units 4 29 ms hand [rocket,tesla,the_log,tornado] elixir 2 wall=00:42:32.613
[student] TAP slot 2 the_log cell 357 wall=00:42:32.955
[student] TRAY first +0.68s tapped slot 2 meant the_log before [rocket,tesla,the_log,tornado] now [rocket,?,?,tornado] slot_now ? elixir 2->3 wall=00:42:33.638
[student] PLAY tornado p=0.55 cell 388 board (0.58, 0.89) units 3 22 ms hand [rocket,?,?,tornado] elixir 3 wall=00:42:33.726
[student] TAP slot 3 tornado cell 388 wall=00:42:34.065
[student] TRAY first +0.71s tapped slot 3 meant tornado before [rocket,?,?,tornado] now [rocket,tesla,ice_wizard,?] slot_now ? elixir 3->3 wall=00:42:34.773
[student] PLAY ice_wizard p=0.87 cell 358 board (0.92, 0.83) units 3 28 ms hand [rocket,tesla,ice_wizard,?] elixir 3 wall=00:42:34.864
[student] TAP slot 2 ice_wizard cell 358 wall=00:42:35.223
[student] TRAY first +0.76s tapped slot 2 meant ice_wizard before [rocket,tesla,ice_wizard,?] now [rocket,?,ice_wizard,tesla] slot_now ice_wizard elixir 3->1 wall=00:42:35.984
[student] PLAY ice_wizard p=0.43 cell 358 board (0.92, 0.8) units 4 34 ms hand [rocket,tesla,rocket,ice_wizard] elixir 3 wall=00:42:37.826
[student] TAP slot 3 ice_wizard cell 358 wall=00:42:38.186
[student] TRAY first +0.72s tapped slot 3 meant ice_wizard before [rocket,tesla,rocket,ice_wizard] now [rocket,?,ice_wizard,?] slot_now ? elixir 3->3 wall=00:42:38.909
[student] PLAY ice_wizard p=0.85 cell 251 board (0.97, 0.58) units 1 33 ms hand [rocket,?,ice_wizard,?] elixir 3 wall=00:42:39.001
[student] TAP slot 2 ice_wizard cell 250 wall=00:42:39.368
[student] TRAY first +0.69s tapped slot 2 meant ice_wizard before [rocket,?,ice_wizard,?] now [rocket,?,ice_wizard,skeletons] slot_now ice_wizard elixir 3->1 wall=00:42:40.062
[student] PLAY skeletons p=0.50 cell 248 board (0.81, 0.55) units 2 32 ms hand [rocket,tesla,rocket,skeletons] elixir 3 wall=00:42:41.727
[student] TAP slot 3 skeletons cell 248 wall=00:42:42.082
[student] TRAY first +0.69s tapped slot 3 meant skeletons before [rocket,tesla,rocket,skeletons] now [rocket,tesla,ice_wizard,?] slot_now ? elixir 3->1 wall=00:42:42.769
[student] PLAY ice_wizard p=0.35 cell 316 board (0.58, 0.73) units 2 30 ms hand [rocket,?,ice_wizard,?] elixir 3 wall=00:42:43.542
[student] TAP slot 2 ice_wizard cell 316 wall=00:42:43.912
[student] TRAY first +0.69s tapped slot 2 meant ice_wizard before [rocket,?,ice_wizard,?] now [rocket,tesla_evo,?,knight_evo] slot_now ? elixir 3->4 wall=00:42:44.602
[student] PLAY knight_evo p=0.89 cell 320 board (0.81, 0.73) units 3 32 ms hand [rocket,tesla_evo,?,knight_evo] elixir 4 wall=00:42:45.437
[student] TAP slot 3 knight_evo cell 266 wall=00:42:45.782
[student] TRAY first +0.64s tapped slot 3 meant knight_evo before [rocket,tesla_evo,?,knight_evo] now [rocket,tesla,the_log,?] slot_now ? elixir 4->3 wall=00:42:46.417
[student] PLAY the_log p=0.57 cell 374 board (0.81, 0.86) units 2 16 ms hand [rocket,tesla,the_log,?] elixir 3 wall=00:42:46.492
[student] TAP slot 2 the_log cell 374 wall=00:42:46.825
[student] TRAY first +0.69s tapped slot 2 meant the_log before [rocket,tesla,the_log,?] now [rocket,?,?,?] slot_now ? elixir 3->3 wall=00:42:47.511
[student] PLAY the_log p=0.31 cell 248 board (0.81, 0.55) units 3 34 ms hand [rocket,tesla_evo,?,the_log] elixir 4 wall=00:42:49.175
[student] TAP slot 3 the_log cell 320 wall=00:42:49.538
[student] TRAY first +0.73s tapped slot 3 meant the_log before [rocket,tesla_evo,?,the_log] now [rocket,tesla,ice_wizard,?] slot_now ? elixir 4->3 wall=00:42:50.272
[student] PLAY ice_wizard p=0.55 cell 248 board (0.81, 0.55) units 2 26 ms hand [rocket,tesla,ice_wizard,?] elixir 3 wall=00:42:50.367
[student] TAP slot 2 ice_wizard cell 248 wall=00:42:50.709
[student] TRAY first +0.29s tapped slot 2 meant ice_wizard before [rocket,tesla,ice_wizard,?] now [rocket,?,x_bow,?] slot_now x_bow elixir 3->4 wall=00:42:50.996
[student] TRAY settled +0.67s tapped slot 2 meant ice_wizard before [rocket,tesla,ice_wizard,?] now [rocket,tesla_evo,x_bow,tornado] slot_now x_bow elixir 3->4 wall=00:42:51.382
[student] WAIT | exact=0 opp=? next=2 t=142s hand=[4, 164, 3, 0] tw=1.01.01.01.00.0x1.0 sp=1 unk=0 p=0.02 elixir 4 opp~? units 4 dets 5 (waits 660/870 badhand 346/870) wall=00:42:51.462
[student] WAIT p=0.16 elixir 8 opp~? units 1 dets 1 (waits 670/880 badhand 346/880) wall=00:42:57.978
[student] PLAY rocket p=0.44 cell 120 board (0.69, 0.27) units 2 25 ms hand [rocket,tesla_evo,?,tornado] elixir 9 wall=00:42:58.347
[student] TAP slot 0 rocket cell 120 wall=00:42:58.687
[student] TRAY first +0.28s tapped slot 0 meant rocket before [rocket,tesla_evo,?,tornado] now [?,tesla_evo,ice_wizard,tornado] slot_now ? elixir 9->5 wall=00:42:58.970
[student] PLAY tesla_evo p=0.28 cell 279 board (0.5, 0.66) units 2 26 ms hand [?,tesla_evo,ice_wizard,tornado] elixir 5 wall=00:42:59.032
[student] TAP slot 1 tesla_evo cell 279 wall=00:42:59.415
[student] TRAY first +0.27s tapped slot 1 meant tesla_evo before [?,tesla_evo,ice_wizard,tornado] now [?,?,x_bow,tornado] slot_now ? elixir 5->4 wall=00:42:59.688
[student] TRAY settled +0.63s tapped slot 1 meant tesla_evo before [?,tesla_evo,ice_wizard,tornado] now [?,?,x_bow,tornado] slot_now ? elixir 5->0 wall=00:43:00.046
[student] PLAY skeletons p=0.73 cell 248 board (0.81, 0.55) units 3 25 ms hand [ice_wizard,skeletons,ice_wizard,ice_wizard] elixir 1 wall=00:43:02.199
[student] TAP slot 1 skeletons cell 248 wall=00:43:02.581
[student] TRAY first +0.26s tapped slot 1 meant skeletons before [ice_wizard,skeletons,ice_wizard,ice_wizard] now [ice_wizard,?,ice_wizard,tornado] slot_now ? elixir 1->1 wall=00:43:02.841
[student] TRAY settled +0.64s tapped slot 1 meant skeletons before [ice_wizard,skeletons,ice_wizard,ice_wizard] now [ice_wizard,?,ice_wizard,tornado] slot_now ? elixir 1->1 wall=00:43:03.221
[student] PLAY ice_wizard p=0.41 cell 248 board (0.81, 0.55) units 3 17 ms hand [ice_wizard,knight,ice_wizard,tornado] elixir 3 wall=00:43:05.802
[student] TAP slot 0 ice_wizard cell 248 wall=00:43:06.160
[student] TRAY first +0.31s tapped slot 0 meant ice_wizard before [ice_wizard,knight,ice_wizard,tornado] now [?,knight,tornado,tornado] slot_now ? elixir 3->3 wall=00:43:06.471
[student] PLAY tornado p=0.32 cell 139 board (0.75, 0.3) units 5 32 ms hand [?,knight,tornado,tornado] elixir 3 wall=00:43:06.592
[student] TAP slot 2 tornado cell 139 wall=00:43:06.945
[student] TRAY first +0.30s tapped slot 2 meant tornado before [?,knight,tornado,tornado] now [?,knight,tornado,tornado] slot_now tornado elixir 3->1 wall=00:43:07.241
[student] TRAY settled +0.76s tapped slot 2 meant tornado before [?,knight,tornado,tornado] now [the_log,knight,ice_wizard,ice_wizard] slot_now ice_wizard elixir 3->1 wall=00:43:07.709
[student] PLAY the_log p=0.30 cell 248 board (0.81, 0.55) units 2 19 ms hand [the_log,knight,?,tornado] elixir 3 wall=00:43:10.281
[student] TAP slot 0 the_log cell 248 wall=00:43:10.622
[student] TRAY first +0.31s tapped slot 0 meant the_log before [the_log,knight,?,tornado] now [?,knight,tesla,tornado] slot_now ? elixir 3->1 wall=00:43:10.929
[student] TRAY settled +0.67s tapped slot 0 meant the_log before [the_log,knight,?,tornado] now [?,knight,the_log,tornado] slot_now ? elixir 3->2 wall=00:43:11.290
[student] PLAY the_log p=0.38 cell 374 board (0.81, 0.86) units 3 22 ms hand [?,knight,the_log,tornado] elixir 2 wall=00:43:11.378
[student] TAP slot 2 the_log cell 375 wall=00:43:11.731
[student] TRAY first +0.35s tapped slot 2 meant the_log before [?,knight,the_log,tornado] now [rocket,knight,tornado,tornado] slot_now tornado elixir 2->2 wall=00:43:12.082
[student] TRAY settled +0.72s tapped slot 2 meant the_log before [?,knight,the_log,tornado] now [rocket,knight,tesla,tornado] slot_now tesla elixir 2->2 wall=00:43:12.449
[student] PLAY knight p=0.79 cell 358 board (0.92, 0.8) units 2 22 ms hand [rocket,knight,?,tornado] elixir 3 wall=00:43:13.310
[student] TAP slot 1 knight cell 358 wall=00:43:13.678
[student] TRAY first +0.27s tapped slot 1 meant knight before [rocket,knight,?,tornado] now [rocket,?,rocket,tornado] slot_now ? elixir 3->3 wall=00:43:13.943
[student] TRAY settled +0.62s tapped slot 1 meant knight before [rocket,knight,?,tornado] now [rocket,?,ice_wizard,tornado] slot_now ? elixir 3->1 wall=00:43:14.299
[student] WAIT | exact=0 opp=? next=7 t=166s hand=[4, 164, 6, 0] tw=1.01.01.01.00.0x1.0 sp=0 unk=0 p=0.04 elixir 2 opp~? units 3 dets 3 (waits 680/898 badhand 352/898) wall=00:43:16.427
[student] PLAY ice_wizard p=0.28 cell 305 board (0.97, 0.67) units 5 38 ms hand [rocket,tesla,ice_wizard,tornado] elixir 3 wall=00:43:17.148
[student] TAP slot 2 ice_wizard cell 305 wall=00:43:17.512
[student] TRAY first +0.32s tapped slot 2 meant ice_wizard before [rocket,tesla,ice_wizard,tornado] now [rocket,tesla,?,tornado] slot_now ? elixir 3->3 wall=00:43:17.831
[student] TRAY settled +0.71s tapped slot 2 meant ice_wizard before [rocket,tesla,ice_wizard,tornado] now [rocket,tesla,x_bow,tornado] slot_now x_bow elixir 3->3 wall=00:43:18.221
[student] PLAY rocket p=0.44 cell 120 board (0.69, 0.27) units 2 17 ms hand [rocket,tesla,?,tornado] elixir 6 wall=00:43:21.380
[student] TAP slot 0 rocket cell 120 wall=00:43:21.721
[student] TRAY first +0.32s tapped slot 0 meant rocket before [rocket,tesla,?,tornado] now [?,?,?,tornado] slot_now ? elixir 6->5 wall=00:43:22.043
[student] PLAY tornado p=0.59 cell 122 board (0.81, 0.27) units 2 23 ms hand [?,?,?,tornado] elixir 5 wall=00:43:22.119
[student] TAP slot 3 tornado cell 122 wall=00:43:22.462
[student] TRAY first +0.25s tapped slot 3 meant tornado before [?,?,?,tornado] now [?,?,ice_wizard,tornado] slot_now tornado elixir 5->1 wall=00:43:22.710
[student] TRAY settled +0.56s tapped slot 3 meant tornado before [?,?,?,tornado] now [?,tesla,ice_wizard,ice_wizard] slot_now ice_wizard elixir 5->1 wall=00:43:23.026
[student] WAIT | exact=0 opp=? next=2 t=175s hand=[7, 164, 6, 0] tw=1.01.01.01.00.0x1.0 sp=1 unk=0 p=0.02 elixir 2 opp~? units 3 dets 4 (waits 690/911 badhand 354/911) wall=00:43:24.746
00:43:25 [play] UNKNOWN 0.6s after in-match -> grace hold (label lost: overtime / end animation / dropout; up to 150s)
00:43:32 [play] state: MATCH_END
[overlay-replay] saved C:\Users\benpe\ClashBot\icebow\data\overlayed_replays\match_20260912_004029.mp4 (9115 frames, captured 28.2 fps)
00:43:32 [nav] MATCH_END -> Play Again (fixed) (0.335,0.905)
00:43:33 [play] state: UNKNOWN
00:43:39 [play] state: IN_MATCH
[student] WAIT | exact=0 opp=? next=7 t=7s hand=[164, 6, 2, 0] tw=1.01.01.01.01.01.0 sp=0 unk=0 p=0.01 elixir 9 opp~? units 0 dets 0 (waits 700/921 badhand 355/921) wall=00:43:46.109
[student] STALL-PLAY the_log p=0.03 cell 248 board (0.81, 0.55) units 0 23 ms hand [tesla,the_log,ice_wizard,tornado] elixir 10 wall=00:43:51.371
[student] TAP slot 1 the_log cell 266 wall=00:43:51.743
[student] TRAY first +0.28s tapped slot 1 meant the_log before [tesla,the_log,ice_wizard,tornado] now [tesla,?,ice_wizard,tornado] slot_now ? elixir 10->8 wall=00:43:52.025
[student] TRAY settled +0.66s tapped slot 1 meant the_log before [tesla,the_log,ice_wizard,tornado] now [tesla,?,ice_wizard,tornado] slot_now ? elixir 10->8 wall=00:43:52.400
[student] WAIT | exact=0 opp=? next=7 t=13s hand=[164, -1, 2, 0] tw=1.01.01.01.01.01.0 sp=1 unk=0 p=0.02 elixir 8 opp~? units 1 dets 2 (waits 710/932 badhand 357/932) wall=00:43:52.444
[student] WAIT p=0.12 elixir 10 opp~? units 1 dets 1 (waits 720/942 badhand 358/942) wall=00:43:58.980
[student] STALL-PLAY tesla p=0.16 cell 279 board (0.5, 0.66) units 2 32 ms hand [tesla,skeletons,ice_wizard,tornado] elixir 10 wall=00:44:04.212
[student] TAP slot 0 tesla cell 279 wall=00:44:04.555
[student] TRAY first +0.27s tapped slot 0 meant tesla before [tesla,skeletons,ice_wizard,tornado] now [?,skeletons,ice_wizard,tornado] slot_now ? elixir 10->6 wall=00:44:04.826
[student] TRAY settled +0.85s tapped slot 0 meant tesla before [tesla,skeletons,ice_wizard,tornado] now [?,skeletons,ice_wizard,tornado] slot_now ? elixir 10->6 wall=00:44:05.408
[student] WAIT p=0.18 elixir 6 opp~? units 7 dets 7 (waits 730/953 badhand 360/953) wall=00:44:05.477
[student] PLAY skeletons p=0.52 cell 242 board (0.47, 0.55) units 8 25 ms hand [rocket,skeletons,ice_wizard,tornado] elixir 6 wall=00:44:08.587
[student] TAP slot 1 skeletons cell 242 wall=00:44:08.930
[student] TRAY first +0.28s tapped slot 1 meant skeletons before [rocket,skeletons,ice_wizard,tornado] now [rocket,?,ice_wizard,tornado] slot_now ? elixir 6->6 wall=00:44:09.206
[student] TRAY settled +0.68s tapped slot 1 meant skeletons before [rocket,skeletons,ice_wizard,tornado] now [rocket,?,ice_wizard,tornado] slot_now ? elixir 6->6 wall=00:44:09.608
[student] PLAY ice_wizard p=0.53 cell 331 board (0.42, 0.77) units 8 28 ms hand [rocket,?,ice_wizard,tornado] elixir 6 wall=00:44:09.716
[student] TAP slot 2 ice_wizard cell 331 wall=00:44:10.066
[student] TRAY first +0.29s tapped slot 2 meant ice_wizard before [rocket,?,ice_wizard,tornado] now [rocket,knight,?,tornado] slot_now ? elixir 6->3 wall=00:44:10.352
[student] TRAY settled +0.67s tapped slot 2 meant ice_wizard before [rocket,?,ice_wizard,tornado] now [rocket,knight,?,tornado] slot_now ? elixir 6->3 wall=00:44:10.739
[student] PLAY knight p=0.37 cell 243 board (0.53, 0.55) units 6 28 ms hand [rocket,knight,?,tornado] elixir 3 wall=00:44:11.225
[student] TAP slot 1 knight cell 243 wall=00:44:11.560
[student] TRAY first +0.29s tapped slot 1 meant knight before [rocket,knight,?,tornado] now [rocket,?,ice_wizard,tornado] slot_now ? elixir 3->4 wall=00:44:11.854
[student] PLAY ice_wizard p=0.30 cell 332 board (0.47, 0.77) units 8 30 ms hand [rocket,?,ice_wizard,tornado] elixir 4 wall=00:44:11.970
[student] TAP slot 2 ice_wizard cell 332 wall=00:44:12.325
[student] TRAY first +0.29s tapped slot 2 meant ice_wizard before [rocket,?,ice_wizard,tornado] now [rocket,?,tornado,tornado] slot_now tornado elixir 4->1 wall=00:44:12.612
[student] TRAY settled +0.66s tapped slot 2 meant ice_wizard before [rocket,?,ice_wizard,tornado] now [rocket,the_log,ice_wizard,ice_wizard] slot_now ice_wizard elixir 4->1 wall=00:44:12.983
[student] PLAY the_log p=0.41 cell 263 board (0.64, 0.61) units 5 29 ms hand [rocket,the_log,ice_wizard,tornado] elixir 2 wall=00:44:14.694
[student] TAP slot 1 the_log cell 296 wall=00:44:15.053
[student] TRAY first +0.32s tapped slot 1 meant the_log before [rocket,the_log,ice_wizard,tornado] now [rocket,?,x_bow,tornado] slot_now ? elixir 2->1 wall=00:44:15.370
[student] TRAY settled +0.66s tapped slot 1 meant the_log before [rocket,the_log,ice_wizard,tornado] now [rocket,?,tornado,tornado] slot_now ? elixir 2->0 wall=00:44:15.713
[student] WAIT p=0.06 elixir 2 opp~? units 3 dets 3 (waits 740/968 badhand 366/968) wall=00:44:21.403
[student] PLAY tornado p=0.73 cell 243 board (0.53, 0.58) units 3 27 ms hand [rocket,tesla,ice_wizard,tornado] elixir 3 wall=00:44:23.438
[student] TAP slot 3 tornado cell 332 wall=00:44:23.805
[student] TRAY first +0.32s tapped slot 3 meant tornado before [rocket,tesla,ice_wizard,tornado] now [rocket,?,tornado,?] slot_now ? elixir 3->3 wall=00:44:24.124
[student] TRAY settled +0.68s tapped slot 3 meant tornado before [rocket,tesla,ice_wizard,tornado] now [rocket,?,tornado,?] slot_now ? elixir 3->3 wall=00:44:24.487
[student] WAIT | exact=0 opp=? next=2 t=50s hand=[4, 164, 6, 7] tw=1.01.01.01.01.01.0 sp=0 unk=0 p=0.00 elixir 2 opp~? units 1 dets 1 (waits 750/979 badhand 368/979) wall=00:44:29.263
[student] WAIT | exact=0 opp=? next=2 t=56s hand=[4, 164, 3, 7] tw=1.01.01.01.01.01.0 sp=0 unk=0 p=0.00 elixir 4 opp~? units 2 dets 2 (waits 760/989 badhand 368/989) wall=00:44:34.700
[student] WAIT | exact=0 opp=? next=2 t=60s hand=[4, 164, 3, 7] tw=1.01.01.01.01.01.0 sp=0 unk=0 p=0.00 elixir 5 opp~? units 2 dets 2 (waits 770/999 badhand 368/999) wall=00:44:39.463
[student] WAIT p=0.07 elixir 8 opp~? units 4 dets 5 (waits 780/1009 badhand 368/1009) wall=00:44:45.366
[student] STALL-PLAY skeletons p=0.02 cell 237 board (0.19, 0.58) units 2 33 ms hand [rocket,tesla,x_bow,skeletons] elixir 9 wall=00:44:48.678
[student] TAP slot 3 skeletons cell 237 wall=00:44:49.043
[student] TRAY first +0.26s tapped slot 3 meant skeletons before [rocket,tesla,x_bow,skeletons] now [rocket,tesla,x_bow,?] slot_now ? elixir 9->8 wall=00:44:49.305
[student] PLAY x_bow p=0.32 cell 267 board (0.86, 0.61) units 1 17 ms hand [rocket,tesla,x_bow,?] elixir 8 wall=00:44:49.385
[student] TAP slot 2 x_bow cell 231 wall=00:44:49.749
[student] TRAY first +0.31s tapped slot 2 meant x_bow before [rocket,tesla,x_bow,?] now [rocket,tesla,?,?] slot_now ? elixir 8->6 wall=00:44:50.057
[student] PLAY tesla p=0.84 cell 247 board (0.72, 0.56) units 2 16 ms hand [rocket,tesla,?,?] elixir 6 wall=00:44:50.128
[student] TAP slot 1 tesla cell 247 wall=00:44:50.490
[student] TRAY first +0.26s tapped slot 1 meant tesla before [rocket,tesla,?,?] now [rocket,tesla,?,ice_wizard] slot_now tesla elixir 6->2 wall=00:44:50.747
[student] TRAY settled +0.62s tapped slot 1 meant tesla before [rocket,tesla,?,?] now [rocket,tesla,?,ice_wizard] slot_now tesla elixir 6->3 wall=00:44:51.111
[student] PLAY ice_wizard p=0.67 cell 246 board (0.69, 0.55) units 3 28 ms hand [rocket,tesla,?,ice_wizard] elixir 3 wall=00:44:51.212
[student] TAP slot 3 ice_wizard cell 246 wall=00:44:51.578
[student] TRAY first +0.29s tapped slot 3 meant ice_wizard before [rocket,tesla,?,ice_wizard] now [rocket,?,tornado,?] slot_now ? elixir 3->3 wall=00:44:51.863
[student] PLAY tornado p=0.48 cell 176 board (0.81, 0.39) units 2 17 ms hand [rocket,?,tornado,?] elixir 3 wall=00:44:51.942
[student] TAP slot 2 tornado cell 273 wall=00:44:52.322
[student] TRAY first +0.27s tapped slot 2 meant tornado before [rocket,?,tornado,?] now [rocket,?,?,?] slot_now ? elixir 3->0 wall=00:44:52.596
[student] TRAY settled +0.68s tapped slot 2 meant tornado before [rocket,?,tornado,?] now [rocket,?,?,rocket] slot_now ? elixir 3->0 wall=00:44:52.997
[student] WAIT | exact=0 opp=? next=0 t=81s hand=[4, 164, -1, 6] tw=1.00.0x1.01.01.01.0 sp=1 unk=0 p=0.04 elixir 3 opp~? units 2 dets 3 (waits 790/1024 badhand 378/1024) wall=00:45:00.098
[student] PLAY the_log p=0.38 cell 249 board (0.86, 0.55) units 8 39 ms hand [rocket,tesla,?,the_log] elixir 4 wall=00:45:04.776
[student] TAP slot 3 the_log cell 249 wall=00:45:05.125
[student] TRAY first +0.32s tapped slot 3 meant the_log before [rocket,tesla,?,the_log] now [rocket,tesla,knight,?] slot_now ? elixir 4->3 wall=00:45:05.444
[student] TRAY settled +0.67s tapped slot 3 meant the_log before [rocket,tesla,?,the_log] now [rocket,tesla,knight,?] slot_now ? elixir 4->3 wall=00:45:05.799
[student] WAIT p=0.06 elixir 3 opp~? units 4 dets 5 (waits 800/1035 badhand 388/1035) wall=00:45:06.812
[student] PLAY knight p=0.61 cell 249 board (0.86, 0.55) units 2 19 ms hand [rocket,tesla,knight,tornado] elixir 4 wall=00:45:08.316
[student] TAP slot 2 knight cell 249 wall=00:45:08.681
[student] TRAY first +0.26s tapped slot 2 meant knight before [rocket,tesla,knight,tornado] now [rocket,tesla,?,tornado] slot_now ? elixir 4->3 wall=00:45:08.938
[student] TRAY settled +0.60s tapped slot 2 meant knight before [rocket,tesla,knight,tornado] now [rocket,tesla,?,ice_wizard] slot_now ? elixir 4->1 wall=00:45:09.276
[student] WAIT p=0.26 elixir 3 opp~? units 2 dets 2 (waits 810/1046 badhand 389/1046) wall=00:45:13.666
[student] PLAY skeletons p=0.53 cell 266 board (0.81, 0.61) units 3 29 ms hand [rocket,tesla,skeletons,tornado] elixir 3 wall=00:45:15.312
[student] TAP slot 2 skeletons cell 266 wall=00:45:15.671
[student] TRAY first +0.29s tapped slot 2 meant skeletons before [rocket,tesla,skeletons,tornado] now [rocket,tesla,?,tornado] slot_now ? elixir 3->2 wall=00:45:15.963
[student] TRAY settled +0.62s tapped slot 2 meant skeletons before [rocket,tesla,skeletons,tornado] now [rocket,tesla,?,tornado] slot_now ? elixir 3->3 wall=00:45:16.295
[student] WAIT p=0.19 elixir 5 opp~? units 2 dets 2 (waits 820/1057 badhand 390/1057) wall=00:45:23.942
[student] PLAY x_bow p=0.34 cell 254 board (0.14, 0.61) units 0 22 ms hand [rocket,tesla,x_bow,tornado] elixir 8 wall=00:45:32.027
[student] TAP slot 2 x_bow cell 218 wall=00:45:32.365
[student] TRAY first +1.08s tapped slot 2 meant x_bow before [rocket,tesla,x_bow,tornado] now [rocket,tesla,?,tornado] slot_now ? elixir 8->5 wall=00:45:33.441
[student] PLAY tesla p=0.67 cell 239 board (0.28, 0.56) units 1 19 ms hand [rocket,tesla,?,tornado] elixir 5 wall=00:45:33.526
[student] TAP slot 1 tesla cell 239 wall=00:45:33.895
[student] TRAY first +1.08s tapped slot 1 meant tesla before [rocket,tesla,?,tornado] now [rocket,tesla,ice_wizard,tornado] slot_now tesla elixir 5->3 wall=00:45:34.976
[clock] icon reads x3 but the clock reads x1 -> using the clock (x1)
[student] PLAY ice_wizard p=0.53 cell 239 board (0.31, 0.55) units 1 25 ms hand [rocket,tesla,ice_wizard,tornado] elixir 4 wall=00:45:36.582
[student] TAP slot 2 ice_wizard cell 239 wall=00:45:36.944
[student] TRAY first +0.67s tapped slot 2 meant ice_wizard before [rocket,tesla,ice_wizard,tornado] now [rocket,tesla,?,tornado] slot_now ? elixir 4->3 wall=00:45:37.614
[student] WAIT p=0.15 elixir 3 opp~? units 3 dets 4 (waits 830/1070 badhand 392/1070) wall=00:45:39.178
[clock] icon reads x3 but the clock reads x2 -> using the clock (x2)
00:45:39 [play] elixir x2
[student] PLAY the_log p=0.60 cell 236 board (0.14, 0.55) units 2 16 ms hand [rocket,?,the_log,tornado] elixir 3 wall=00:45:40.024
[student] TAP slot 2 the_log cell 236 wall=00:45:40.387
[student] TRAY first +0.62s tapped slot 2 meant the_log before [rocket,?,the_log,tornado] now [rocket,tesla,?,tornado] slot_now ? elixir 3->2 wall=00:45:41.005
[student] PLAY tornado p=0.31 cell 80 board (0.47, 0.2) units 1 21 ms hand [rocket,tesla,?,tornado] elixir 3 wall=00:45:41.731
[student] TAP slot 3 tornado cell 333 wall=00:45:42.104
[student] TRAY first +0.62s tapped slot 3 meant tornado before [rocket,tesla,?,tornado] now [rocket,?,knight_evo,?] slot_now ? elixir 3->3 wall=00:45:42.724
[student] PLAY knight_evo p=0.86 cell 238 board (0.25, 0.55) units 4 26 ms hand [rocket,?,knight_evo,?] elixir 3 wall=00:45:42.804
[student] TAP slot 2 knight_evo cell 238 wall=00:45:43.164
[student] TRAY first +0.68s tapped slot 2 meant knight_evo before [rocket,?,knight_evo,?] now [rocket,?,tesla,?] slot_now tesla elixir 3->1 wall=00:45:43.840
[student] PLAY skeletons p=0.43 cell 237 board (0.19, 0.55) units 2 17 ms hand [rocket,tesla,knight_evo,skeletons] elixir 2 wall=00:45:44.761
[student] TAP slot 3 skeletons cell 237 wall=00:45:45.143
[student] TRAY first +0.82s tapped slot 3 meant skeletons before [rocket,tesla,knight_evo,skeletons] now [rocket,tesla,tesla,?] slot_now ? elixir 2->2 wall=00:45:45.964
[student] PLAY knight_evo p=0.87 cell 238 board (0.25, 0.55) units 1 21 ms hand [rocket,tesla,knight_evo,ice_wizard] elixir 3 wall=00:45:47.673
[student] TAP slot 2 knight_evo cell 238 wall=00:45:48.038
[student] TRAY first +0.69s tapped slot 2 meant knight_evo before [rocket,tesla,knight_evo,ice_wizard] now [rocket,?,?,tesla] slot_now ? elixir 3->3 wall=00:45:48.729
[student] PLAY the_log p=0.73 cell 292 board (0.25, 0.67) units 6 35 ms hand [rocket,tesla,ice_wizard,the_log] elixir 2 wall=00:45:50.450
[student] TAP slot 3 the_log cell 382 wall=00:45:50.809
[student] TRAY first +0.76s tapped slot 3 meant the_log before [rocket,tesla,ice_wizard,the_log] now [rocket,tesla,ice_wizard,?] slot_now ? elixir 2->3 wall=00:45:51.570
[student] PLAY ice_wizard p=0.92 cell 313 board (0.42, 0.73) units 2 33 ms hand [rocket,tesla,ice_wizard,?] elixir 3 wall=00:45:51.676
[student] TAP slot 2 ice_wizard cell 313 wall=00:45:52.040
[student] TRAY first +0.73s tapped slot 2 meant ice_wizard before [rocket,tesla,ice_wizard,?] now [rocket,tesla,?,?] slot_now ? elixir 3->3 wall=00:45:52.768
[student] PLAY the_log p=0.57 cell 328 board (0.25, 0.77) units 6 27 ms hand [rocket,tesla,the_log,the_log] elixir 2 wall=00:45:54.472
[student] TAP slot 2 the_log cell 401 wall=00:45:54.835
[student] TRAY first +0.77s tapped slot 2 meant the_log before [rocket,tesla,the_log,the_log] now [rocket,?,?,?] slot_now ? elixir 2->1 wall=00:45:55.604
[student] PLAY tornado p=0.79 cell 238 board (0.25, 0.55) units 3 17 ms hand [rocket,tesla,tornado,ice_wizard] elixir 3 wall=00:45:58.831
[student] TAP slot 2 tornado cell 238 wall=00:45:59.195
[student] TRAY first +0.29s tapped slot 2 meant tornado before [rocket,tesla,tornado,ice_wizard] now [rocket,?,?,tesla] slot_now ? elixir 3->3 wall=00:45:59.489
[student] TRAY settled +0.62s tapped slot 2 meant tornado before [rocket,tesla,tornado,ice_wizard] now [rocket,tesla,?,tesla] slot_now ? elixir 3->1 wall=00:45:59.818
[student] PLAY skeletons p=0.63 cell 295 board (0.42, 0.7) units 1 29 ms hand [rocket,tesla,skeletons,the_log] elixir 2 wall=00:46:00.731
[student] TAP slot 2 skeletons cell 295 wall=00:46:01.110
[student] TRAY first +0.31s tapped slot 2 meant skeletons before [rocket,tesla,skeletons,the_log] now [rocket,tesla,?,tesla] slot_now ? elixir 2->1 wall=00:46:01.417
[student] TRAY settled +0.67s tapped slot 2 meant skeletons before [rocket,tesla,skeletons,the_log] now [rocket,tesla,?,the_log] slot_now ? elixir 2->1 wall=00:46:01.784
[student] PLAY the_log p=0.34 cell 292 board (0.25, 0.7) units 4 28 ms hand [rocket,tesla,knight,the_log] elixir 2 wall=00:46:02.840
[student] TAP slot 3 the_log cell 384 wall=00:46:03.199
[student] TRAY first +0.29s tapped slot 3 meant the_log before [rocket,tesla,knight,the_log] now [rocket,tesla,?,?] slot_now ? elixir 2->3 wall=00:46:03.493
[student] TRAY settled +0.66s tapped slot 3 meant the_log before [rocket,tesla,knight,the_log] now [rocket,tesla,?,tornado] slot_now tornado elixir 2->3 wall=00:46:03.858
[student] PLAY tornado p=0.76 cell 240 board (0.36, 0.55) units 3 32 ms hand [rocket,tesla,?,tornado] elixir 3 wall=00:46:03.954
[student] TAP slot 3 tornado cell 333 wall=00:46:04.320
[student] TRAY first +0.27s tapped slot 3 meant tornado before [rocket,tesla,?,tornado] now [rocket,tesla,?,?] slot_now ? elixir 3->3 wall=00:46:04.589
[student] TRAY settled +1.08s tapped slot 3 meant tornado before [rocket,tesla,?,tornado] now [rocket,tesla,?,?] slot_now ? elixir 3->4 wall=00:46:05.397
[student] PLAY tesla p=0.97 cell 243 board (0.5, 0.56) units 3 19 ms hand [rocket,tesla,?,?] elixir 4 wall=00:46:05.465
[student] TAP slot 1 tesla cell 243 wall=00:46:05.838
[student] TRAY first +0.28s tapped slot 1 meant tesla before [rocket,tesla,?,?] now [rocket,?,?,?] slot_now ? elixir 4->4 wall=00:46:06.116
[student] TRAY settled +0.87s tapped slot 1 meant tesla before [rocket,tesla,?,?] now [rocket,?,?,?] slot_now ? elixir 4->1 wall=00:46:06.712
[student] PLAY the_log p=0.33 cell 310 board (0.25, 0.73) units 3 26 ms hand [rocket,ice_wizard,knight,the_log] elixir 2 wall=00:46:07.890
[student] TAP slot 3 the_log cell 348 wall=00:46:08.252
[student] TRAY first +0.35s tapped slot 3 meant the_log before [rocket,ice_wizard,knight,the_log] now [rocket,ice_wizard,?,tornado] slot_now tornado elixir 2->2 wall=00:46:08.601
[student] TRAY settled +0.74s tapped slot 3 meant the_log before [rocket,ice_wizard,knight,the_log] now [rocket,ice_wizard,?,?] slot_now ? elixir 2->3 wall=00:46:08.992
[student] PLAY ice_wizard p=0.87 cell 329 board (0.31, 0.77) units 3 26 ms hand [rocket,ice_wizard,?,?] elixir 3 wall=00:46:09.076
[student] TAP slot 1 ice_wizard cell 329 wall=00:46:09.418
[student] TRAY first +0.27s tapped slot 1 meant ice_wizard before [rocket,ice_wizard,?,?] now [rocket,?,tornado,?] slot_now ? elixir 3->3 wall=00:46:09.683
[student] TRAY settled +0.61s tapped slot 1 meant ice_wizard before [rocket,ice_wizard,?,?] now [rocket,?,tornado,?] slot_now ? elixir 3->0 wall=00:46:10.024
[student] PLAY the_log p=0.45 cell 328 board (0.25, 0.77) units 2 16 ms hand [rocket,the_log,?,ice_wizard] elixir 3 wall=00:46:14.264
[student] TAP slot 1 the_log cell 331 wall=00:46:14.630
[student] TRAY first +0.27s tapped slot 1 meant the_log before [rocket,the_log,?,ice_wizard] now [rocket,?,?,the_log] slot_now ? elixir 3->1 wall=00:46:14.904
[student] TRAY settled +0.61s tapped slot 1 meant the_log before [rocket,the_log,?,ice_wizard] now [rocket,?,?,the_log] slot_now ? elixir 3->2 wall=00:46:15.243
00:46:18 [play] UNKNOWN 0.6s after in-match -> grace hold (label lost: overtime / end animation / dropout; up to 150s)
00:46:24 [play] state: MATCH_END
[overlay-replay] saved C:\Users\benpe\ClashBot\icebow\data\overlayed_replays\match_20260912_004339.mp4 (8288 frames, captured 28.9 fps)
00:46:24 [nav] MATCH_END -> Play Again (located) (0.348,0.914)
00:46:25 [play] state: UNKNOWN
00:46:31 [play] state: IN_MATCH
[student] WAIT | exact=0 opp=? next=2 t=1s hand=[164, 7, -1, -1] tw=1.01.01.01.01.01.0 sp=0 unk=0 p=0.01 elixir 7 opp~? units 0 dets 0 (waits 840/1096 badhand 401/1096) wall=00:46:32.570
[student] WAIT | exact=0 opp=? next=2 t=8s hand=[164, 7, 6, 3] tw=1.01.01.01.01.01.0 sp=0 unk=0 p=0.00 elixir 10 opp~? units 0 dets 0 (waits 850/1106 badhand 401/1106) wall=00:46:39.965
[student] STALL-PLAY the_log p=0.00 cell 237 board (0.19, 0.55) units 1 17 ms hand [tesla,skeletons,the_log,x_bow] elixir 10 wall=00:46:43.778
[student] TAP slot 2 the_log cell 237 wall=00:46:44.131
[student] TRAY first +0.25s tapped slot 2 meant the_log before [tesla,skeletons,the_log,x_bow] now [tesla,skeletons,?,x_bow] slot_now ? elixir 10->8 wall=00:46:44.381
[student] PLAY skeletons p=0.42 cell 296 board (0.47, 0.7) units 1 28 ms hand [tesla,skeletons,?,x_bow] elixir 8 wall=00:46:44.470
[student] TAP slot 1 skeletons cell 296 wall=00:46:44.853
[student] TRAY first +0.27s tapped slot 1 meant skeletons before [tesla,skeletons,?,x_bow] now [tesla,?,?,x_bow] slot_now ? elixir 8->7 wall=00:46:45.120
[student] PLAY x_bow p=0.36 cell 267 board (0.86, 0.61) units 2 18 ms hand [tesla,?,?,x_bow] elixir 7 wall=00:46:45.203
[student] TAP slot 3 x_bow cell 231 wall=00:46:45.582
[student] TRAY first +0.32s tapped slot 3 meant x_bow before [tesla,?,?,x_bow] now [tesla,?,ice_wizard,?] slot_now ? elixir 7->5 wall=00:46:45.905
[student] PLAY tesla p=0.79 cell 239 board (0.28, 0.56) units 3 26 ms hand [tesla,?,ice_wizard,?] elixir 5 wall=00:46:45.992
[student] TAP slot 0 tesla cell 239 wall=00:46:46.348
[student] TRAY first +0.31s tapped slot 0 meant tesla before [tesla,?,ice_wizard,?] now [?,rocket,ice_wizard,?] slot_now ? elixir 5->1 wall=00:46:46.655
[student] TRAY settled +0.60s tapped slot 0 meant tesla before [tesla,?,ice_wizard,?] now [?,rocket,ice_wizard,?] slot_now ? elixir 5->1 wall=00:46:46.945
[student] PLAY ice_wizard p=0.60 cell 234 board (0.03, 0.58) units 2 26 ms hand [tesla,rocket,ice_wizard,tornado] elixir 3 wall=00:46:51.417
[student] TAP slot 2 ice_wizard cell 235 wall=00:46:51.776
[student] TRAY first +0.31s tapped slot 2 meant ice_wizard before [tesla,rocket,ice_wizard,tornado] now [tesla,rocket,?,tornado] slot_now ? elixir 3->3 wall=00:46:52.086
[student] PLAY tornado p=0.32 cell 165 board (0.19, 0.39) units 4 20 ms hand [tesla,rocket,?,tornado] elixir 3 wall=00:46:52.169
[student] TAP slot 3 tornado cell 333 wall=00:46:52.544
[student] TRAY first +0.28s tapped slot 3 meant tornado before [tesla,rocket,?,tornado] now [tesla,rocket,?,tornado] slot_now tornado elixir 3->0 wall=00:46:52.822
[student] TRAY settled +0.66s tapped slot 3 meant tornado before [tesla,rocket,?,tornado] now [tesla,rocket,?,tornado] slot_now tornado elixir 3->0 wall=00:46:53.207
[student] PLAY tornado p=0.48 cell 176 board (0.81, 0.39) units 4 26 ms hand [tesla,rocket,?,tornado] elixir 3 wall=00:46:59.964
[student] TAP slot 3 tornado cell 176 wall=00:47:00.327
[student] TRAY first +0.32s tapped slot 3 meant tornado before [tesla,rocket,?,tornado] now [tesla,rocket,tornado,?] slot_now ? elixir 3->3 wall=00:47:00.644
[student] PLAY tornado p=0.46 cell 176 board (0.81, 0.39) units 3 18 ms hand [tesla,rocket,tornado,?] elixir 3 wall=00:47:00.718
[student] TAP slot 2 tornado cell 333 wall=00:47:01.094
[student] TRAY first +0.27s tapped slot 2 meant tornado before [tesla,rocket,tornado,?] now [tesla,rocket,?,?] slot_now ? elixir 3->0 wall=00:47:01.368
[student] TRAY settled +1.08s tapped slot 2 meant tornado before [tesla,rocket,tornado,?] now [tesla,rocket,?,the_log] slot_now ? elixir 3->0 wall=00:47:02.176
[student] PLAY the_log p=0.32 cell 320 board (0.81, 0.73) units 4 26 ms hand [tesla,rocket,?,the_log] elixir 2 wall=00:47:07.085
[student] TAP slot 3 the_log cell 266 wall=00:47:07.450
[student] TRAY first +0.28s tapped slot 3 meant the_log before [tesla,rocket,?,the_log] now [tesla,rocket,?,?] slot_now ? elixir 2->1 wall=00:47:07.727
[student] TRAY settled +0.60s tapped slot 3 meant the_log before [tesla,rocket,?,the_log] now [tesla,rocket,?,?] slot_now ? elixir 2->1 wall=00:47:08.051
[student] PLAY skeletons p=0.54 cell 284 board (0.81, 0.64) units 3 27 ms hand [tesla,rocket,?,skeletons] elixir 1 wall=00:47:09.221
[student] TAP slot 3 skeletons cell 284 wall=00:47:09.575
[student] TRAY first +0.30s tapped slot 3 meant skeletons before [tesla,rocket,?,skeletons] now [tesla,rocket,tornado,?] slot_now ? elixir 1->1 wall=00:47:09.873
[student] TRAY settled +0.65s tapped slot 3 meant skeletons before [tesla,rocket,?,skeletons] now [tesla,rocket,tornado,?] slot_now ? elixir 1->0 wall=00:47:10.229
[student] PLAY the_log p=0.34 cell 338 board (0.81, 0.77) units 3 17 ms hand [tesla,rocket,?,the_log] elixir 2 wall=00:47:13.652
[student] TAP slot 3 the_log cell 355 wall=00:47:14.012
[student] TRAY first +0.23s tapped slot 3 meant the_log before [tesla,rocket,?,the_log] now [tesla,rocket,knight,ice_wizard] slot_now ice_wizard elixir 2->2 wall=00:47:14.247
[student] TRAY settled +0.61s tapped slot 3 meant the_log before [tesla,rocket,?,the_log] now [tesla,rocket,?,ice_wizard] slot_now ice_wizard elixir 2->2 wall=00:47:14.619
[student] WAIT | exact=0 opp=? next=2 t=47s hand=[164, 4, 149, 0] tw=1.01.01.01.01.01.0 sp=0 unk=0 p=0.03 elixir 3 opp~? units 2 dets 2 (waits 860/1127 badhand 414/1127) wall=00:47:18.497
[student] PLAY knight p=0.39 cell 306 board (0.03, 0.73) units 3 21 ms hand [tesla,rocket,knight,?] elixir 5 wall=00:47:23.419
[student] TAP slot 2 knight cell 306 wall=00:47:23.787
[student] TRAY first +0.24s tapped slot 2 meant knight before [tesla,rocket,knight,?] now [tesla,rocket,?,the_log] slot_now ? elixir 5->3 wall=00:47:24.023
[student] TRAY settled +0.55s tapped slot 2 meant knight before [tesla,rocket,knight,?] now [tesla,rocket,?,ice_wizard] slot_now ? elixir 5->2 wall=00:47:24.335
[student] WAIT p=0.17 elixir 3 opp~? units 3 dets 3 (waits 870/1138 badhand 416/1138) wall=00:47:25.205
[student] PLAY ice_wizard p=0.32 cell 234 board (0.03, 0.58) units 3 30 ms hand [tesla,rocket,ice_wizard,ice_wizard] elixir 3 wall=00:47:26.001
[student] TAP slot 2 ice_wizard cell 235 wall=00:47:26.343
[student] TRAY first +0.35s tapped slot 2 meant ice_wizard before [tesla,rocket,ice_wizard,ice_wizard] now [tesla,rocket,?,?] slot_now ? elixir 3->3 wall=00:47:26.695
[student] TRAY settled +0.67s tapped slot 2 meant ice_wizard before [tesla,rocket,ice_wizard,ice_wizard] now [tesla,rocket,?,?] slot_now ? elixir 3->0 wall=00:47:27.017
[student] WAIT | exact=0 opp=? next=6 t=66s hand=[164, 4, 0, 3] tw=1.01.01.01.01.01.0 sp=0 unk=0 p=0.01 elixir 4 opp~? units 1 dets 1 (waits 880/1149 badhand 416/1149) wall=00:47:37.777
[student] WAIT | exact=0 opp=? next=6 t=73s hand=[164, 4, 0, 3] tw=1.01.01.01.01.01.0 sp=0 unk=0 p=0.00 elixir 7 opp~? units 1 dets 1 (waits 890/1159 badhand 416/1159) wall=00:47:44.986
[student] STALL-PLAY rocket p=0.00 cell 183 board (0.19, 0.42) units 1 19 ms hand [tesla,rocket,tornado,x_bow] elixir 9 wall=00:47:50.311
[student] TAP slot 1 rocket cell 164 wall=00:47:50.655
[student] TRAY first +0.26s tapped slot 1 meant rocket before [tesla,rocket,tornado,x_bow] now [tesla,?,tornado,ice_wizard] slot_now ? elixir 9->5 wall=00:47:50.918
[student] PLAY tesla p=0.59 cell 239 board (0.28, 0.56) units 1 25 ms hand [tesla,?,tornado,ice_wizard] elixir 5 wall=00:47:50.996
[student] TAP slot 0 tesla cell 239 wall=00:47:51.359
[student] TRAY first +0.27s tapped slot 0 meant tesla before [tesla,?,tornado,ice_wizard] now [tesla,?,tornado,ice_wizard] slot_now tesla elixir 5->3 wall=00:47:51.632
[student] PLAY ice_wizard p=0.83 cell 234 board (0.03, 0.58) units 4 17 ms hand [tesla,?,tornado,ice_wizard] elixir 3 wall=00:47:51.712
[student] TAP slot 3 ice_wizard cell 235 wall=00:47:52.057
[student] TRAY first +0.29s tapped slot 3 meant ice_wizard before [tesla,?,tornado,ice_wizard] now [tesla,the_log,tornado,?] slot_now ? elixir 3->3 wall=00:47:52.343
[student] PLAY the_log p=0.40 cell 237 board (0.19, 0.55) units 1 14 ms hand [tesla,the_log,tornado,?] elixir 3 wall=00:47:52.411
[student] TAP slot 1 the_log cell 276 wall=00:47:52.766
[student] TRAY first +0.29s tapped slot 1 meant the_log before [tesla,the_log,tornado,?] now [tesla,?,tornado,the_log] slot_now ? elixir 3->2 wall=00:47:53.054
[student] TRAY settled +0.64s tapped slot 1 meant the_log before [tesla,the_log,tornado,?] now [tesla,?,tornado,the_log] slot_now ? elixir 3->2 wall=00:47:53.405
[student] WAIT p=0.18 elixir 2 opp~? units 0 dets 0 (waits 900/1173 badhand 422/1173) wall=00:47:54.691
[student] PLAY skeletons p=0.38 cell 297 board (0.53, 0.7) units 0 25 ms hand [tesla,skeletons,tornado,the_log] elixir 2 wall=00:47:55.105
[student] TAP slot 1 skeletons cell 297 wall=00:47:55.475
[student] TRAY first +0.26s tapped slot 1 meant skeletons before [tesla,skeletons,tornado,the_log] now [tesla,?,tornado,the_log] slot_now ? elixir 2->2 wall=00:47:55.738
[student] TRAY settled +0.61s tapped slot 1 meant skeletons before [tesla,skeletons,tornado,the_log] now [tesla,?,tornado,the_log] slot_now ? elixir 2->2 wall=00:47:56.081
[student] WAIT | exact=0 opp=? next=2 t=90s hand=[164, 149, 0, 3] tw=1.00.0x1.01.01.01.0 sp=1 unk=0 p=0.00 elixir 4 opp~? units 4 dets 5 (waits 910/1184 badhand 424/1184) wall=00:48:01.721
[student] WAIT | exact=0 opp=? next=2 t=97s hand=[164, 149, 0, 3] tw=1.00.0x1.01.01.01.0 sp=1 unk=0 p=0.00 elixir 6 opp~? units 3 dets 4 (waits 920/1194 badhand 424/1194) wall=00:48:08.884
[student] STALL-PLAY x_bow p=0.00 cell 254 board (0.14, 0.61) units 3 31 ms hand [tesla,knight,tornado,x_bow] elixir 9 wall=00:48:17.017
[student] TAP slot 3 x_bow cell 218 wall=00:48:17.376
[student] TRAY first +0.90s tapped slot 3 meant x_bow before [tesla,knight,tornado,x_bow] now [tesla,knight,tornado,?] slot_now ? elixir 9->5 wall=00:48:18.271
[student] PLAY knight p=0.93 cell 238 board (0.25, 0.55) units 3 17 ms hand [tesla,knight,tornado,?] elixir 5 wall=00:48:18.345
[student] TAP slot 1 knight cell 238 wall=00:48:18.678
[student] TRAY first +0.96s tapped slot 1 meant knight before [tesla,knight,tornado,?] now [tesla,?,tornado,ice_wizard] slot_now ? elixir 5->3 wall=00:48:19.639
[student] PLAY ice_wizard p=0.86 cell 235 board (0.08, 0.55) units 4 31 ms hand [tesla,?,tornado,ice_wizard] elixir 3 wall=00:48:19.733
[student] TAP slot 3 ice_wizard cell 235 wall=00:48:20.113
[student] TRAY first +0.99s tapped slot 3 meant ice_wizard before [tesla,?,tornado,ice_wizard] now [tesla,rocket,tornado,ice_wizard] slot_now ice_wizard elixir 3->1 wall=00:48:21.102
[student] PLAY ice_wizard p=0.55 cell 251 board (0.97, 0.58) units 5 30 ms hand [tesla,rocket,tornado,ice_wizard] elixir 3 wall=00:48:25.235
[student] TAP slot 3 ice_wizard cell 250 wall=00:48:25.603
[student] TRAY first +0.99s tapped slot 3 meant ice_wizard before [tesla,rocket,tornado,ice_wizard] now [tesla,rocket,tornado,?] slot_now ? elixir 3->3 wall=00:48:26.589
[student] PLAY tornado p=0.59 cell 165 board (0.19, 0.39) units 5 17 ms hand [tesla,rocket,tornado,?] elixir 3 wall=00:48:26.670
[student] TAP slot 2 tornado cell 333 wall=00:48:27.021
[student] TRAY first +1.06s tapped slot 2 meant tornado before [tesla,rocket,tornado,?] now [tesla,rocket,x_bow,the_log] slot_now x_bow elixir 3->1 wall=00:48:28.080
[clock] icon reads x3 but the clock reads x1 -> using the clock (x1)
[student] WAIT p=0.21 elixir 3 opp~? units 4 dets 5 (waits 930/1209 badhand 428/1209) wall=00:48:31.267
[student] PLAY the_log p=0.45 cell 236 board (0.14, 0.55) units 3 22 ms hand [tesla,rocket,tornado,the_log] elixir 4 wall=00:48:31.918
[student] TAP slot 3 the_log cell 385 wall=00:48:32.269
[clock] icon reads x3 but the clock reads x2 -> using the clock (x2)
00:48:32 [play] elixir x2
[student] TRAY first +0.62s tapped slot 3 meant the_log before [tesla,rocket,tornado,the_log] now [tesla,rocket,tornado,?] slot_now ? elixir 4->2 wall=00:48:32.885
[student] PLAY tornado p=0.54 cell 158 board (0.81, 0.36) units 3 19 ms hand [tesla,rocket,tornado,?] elixir 3 wall=00:48:33.707
[student] TAP slot 2 tornado cell 333 wall=00:48:34.042
[student] TRAY first +0.67s tapped slot 2 meant tornado before [tesla,rocket,tornado,?] now [tesla,rocket,?,skeletons] slot_now ? elixir 3->3 wall=00:48:34.712
[student] PLAY skeletons p=0.85 cell 298 board (0.58, 0.7) units 2 27 ms hand [tesla,rocket,?,skeletons] elixir 3 wall=00:48:34.790
[student] TAP slot 3 skeletons cell 298 wall=00:48:35.153
[student] TRAY first +0.64s tapped slot 3 meant skeletons before [tesla,rocket,?,skeletons] now [tesla,rocket,?,?] slot_now ? elixir 3->1 wall=00:48:35.791
[student] PLAY knight_evo p=0.79 cell 323 board (0.97, 0.73) units 3 20 ms hand [tesla,rocket,ice_wizard,knight_evo] elixir 3 wall=00:48:39.446
[student] TAP slot 3 knight_evo cell 323 wall=00:48:39.805
[student] TRAY first +0.60s tapped slot 3 meant knight_evo before [tesla,rocket,ice_wizard,knight_evo] now [tesla,rocket,ice_wizard,?] slot_now ? elixir 3->3 wall=00:48:40.400
[student] PLAY ice_wizard p=0.46 cell 251 board (0.97, 0.58) units 3 27 ms hand [tesla,rocket,ice_wizard,?] elixir 3 wall=00:48:40.497
[student] TAP slot 2 ice_wizard cell 250 wall=00:48:40.859
[student] TRAY first +0.59s tapped slot 2 meant ice_wizard before [tesla,rocket,ice_wizard,?] now [tesla,rocket,ice_wizard,ice_wizard] slot_now ice_wizard elixir 3->1 wall=00:48:41.447
[student] PLAY ice_wizard p=0.50 cell 251 board (0.97, 0.58) units 3 17 ms hand [tesla,rocket,rocket,ice_wizard] elixir 3 wall=00:48:43.028
[student] TAP slot 3 ice_wizard cell 250 wall=00:48:43.376
[student] TRAY first +0.62s tapped slot 3 meant ice_wizard before [tesla,rocket,rocket,ice_wizard] now [tesla,rocket,?,?] slot_now ? elixir 3->3 wall=00:48:43.991
[student] PLAY the_log p=0.42 cell 319 board (0.75, 0.73) units 4 26 ms hand [tesla,rocket,the_log,the_log] elixir 2 wall=00:48:46.381
[student] TAP slot 2 the_log cell 335 wall=00:48:46.740
[student] TRAY first +0.66s tapped slot 2 meant the_log before [tesla,rocket,the_log,the_log] now [tesla,rocket,rocket,the_log] slot_now rocket elixir 2->3 wall=00:48:47.402
[student] PLAY the_log p=0.62 cell 337 board (0.75, 0.77) units 5 32 ms hand [tesla,rocket,x_bow,the_log] elixir 3 wall=00:48:48.312
[student] TAP slot 3 the_log cell 316 wall=00:48:48.685
[student] TRAY first +0.66s tapped slot 3 meant the_log before [tesla,rocket,x_bow,the_log] now [tesla,rocket,the_log,?] slot_now ? elixir 3->2 wall=00:48:49.343
[student] PLAY the_log p=0.81 cell 248 board (0.81, 0.55) units 4 26 ms hand [tesla,rocket,the_log,?] elixir 2 wall=00:48:49.434
[student] TAP slot 2 the_log cell 389 wall=00:48:49.773
[student] TRAY first +0.68s tapped slot 2 meant the_log before [tesla,rocket,the_log,?] now [tesla,rocket,?,?] slot_now ? elixir 2->3 wall=00:48:50.451
[student] PLAY tesla p=0.69 cell 250 board (0.89, 0.56) units 3 19 ms hand [tesla,rocket,?,tornado] elixir 5 wall=00:48:53.657
[student] TAP slot 0 tesla cell 250 wall=00:48:54.001
[student] TRAY first +0.26s tapped slot 0 meant tesla before [tesla,rocket,?,tornado] now [?,rocket,the_log,tornado] slot_now ? elixir 5->4 wall=00:48:54.262
[student] PLAY the_log p=0.47 cell 247 board (0.75, 0.55) units 4 19 ms hand [?,rocket,the_log,tornado] elixir 4 wall=00:48:54.346
[student] TAP slot 2 the_log cell 406 wall=00:48:54.692
[student] TRAY first +0.26s tapped slot 2 meant the_log before [?,rocket,the_log,tornado] now [?,rocket,tesla,tornado] slot_now tesla elixir 4->2 wall=00:48:54.955
[student] TRAY settled +0.59s tapped slot 2 meant the_log before [?,rocket,the_log,tornado] now [?,rocket,rocket,tornado] slot_now rocket elixir 4->3 wall=00:48:55.278
[student] PLAY tornado p=0.38 cell 157 board (0.75, 0.36) units 4 19 ms hand [?,rocket,rocket,tornado] elixir 3 wall=00:48:55.342
[student] TAP slot 3 tornado cell 157 wall=00:48:55.696
[student] TRAY first +0.30s tapped slot 3 meant tornado before [?,rocket,rocket,tornado] now [skeletons,rocket,tornado,?] slot_now ? elixir 3->3 wall=00:48:55.993
[student] PLAY skeletons p=0.63 cell 247 board (0.75, 0.55) units 4 19 ms hand [skeletons,rocket,tornado,?] elixir 3 wall=00:48:56.067
[student] TAP slot 0 skeletons cell 247 wall=00:48:56.410
[student] TRAY first +0.28s tapped slot 0 meant skeletons before [skeletons,rocket,tornado,?] now [?,rocket,x_bow,?] slot_now ? elixir 3->1 wall=00:48:56.692
[student] TRAY settled +0.64s tapped slot 0 meant skeletons before [skeletons,rocket,tornado,?] now [?,rocket,?,ice_wizard] slot_now ? elixir 3->0 wall=00:48:57.047
[student] WAIT p=0.09 elixir 4 opp~? units 1 dets 2 (waits 940/1232 badhand 435/1232) wall=00:49:02.627
[student] STALL-PLAY x_bow p=0.20 cell 267 board (0.86, 0.61) units 1 20 ms hand [ice_wizard,rocket,x_bow,knight] elixir 9 wall=00:49:09.827
[student] TAP slot 2 x_bow cell 231 wall=00:49:10.181
[student] TRAY first +0.27s tapped slot 2 meant x_bow before [ice_wizard,rocket,x_bow,knight] now [ice_wizard,rocket,?,knight] slot_now ? elixir 9->5 wall=00:49:10.451
[student] PLAY knight p=0.83 cell 247 board (0.75, 0.55) units 3 18 ms hand [ice_wizard,rocket,?,knight] elixir 5 wall=00:49:10.527
[student] TAP slot 3 knight cell 247 wall=00:49:10.857
[student] TRAY first +0.27s tapped slot 3 meant knight before [ice_wizard,rocket,?,knight] now [tornado,rocket,?,?] slot_now ? elixir 5->4 wall=00:49:11.132
[student] PLAY tornado p=0.72 cell 80 board (0.47, 0.2) units 4 17 ms hand [tornado,rocket,?,?] elixir 4 wall=00:49:11.211
[student] TAP slot 0 tornado cell 333 wall=00:49:11.557
[student] TRAY first +0.27s tapped slot 0 meant tornado before [tornado,rocket,?,?] now [the_log,rocket,the_log,?] slot_now the_log elixir 4->1 wall=00:49:11.825
[student] TRAY settled +0.60s tapped slot 0 meant tornado before [tornado,rocket,?,?] now [the_log,rocket,?,?] slot_now the_log elixir 4->1 wall=00:49:12.161
[student] WAIT | exact=0 opp=? next=0 t=161s hand=[2, 4, 6, 164] tw=1.00.0x1.01.01.01.0 sp=1 unk=0 p=0.04 elixir 2 opp~? units 6 dets 7 (waits 950/1245 badhand 437/1245) wall=00:49:13.061
[student] WAIT | exact=0 opp=? next=0 t=166s hand=[2, 4, 6, 164] tw=1.00.0x1.01.01.01.0 sp=2 unk=0 p=0.02 elixir 5 opp~? units 4 dets 6 (waits 960/1255 badhand 437/1255) wall=00:49:18.162
[student] PLAY the_log p=0.29 cell 247 board (0.75, 0.55) units 5 32 ms hand [ice_wizard,rocket,the_log,tesla] elixir 7 wall=00:49:21.640
[student] TAP slot 2 the_log cell 391 wall=00:49:21.991
[student] TRAY first +0.29s tapped slot 2 meant the_log before [ice_wizard,rocket,the_log,tesla] now [ice_wizard,rocket,?,tesla] slot_now ? elixir 7->6 wall=00:49:22.281
[student] TRAY settled +0.77s tapped slot 2 meant the_log before [ice_wizard,rocket,the_log,tesla] now [ice_wizard,rocket,?,tesla] slot_now ? elixir 7->7 wall=00:49:22.761
[student] PLAY tesla p=0.86 cell 247 board (0.72, 0.56) units 5 20 ms hand [ice_wizard,rocket,tornado,tesla] elixir 7 wall=00:49:23.696
[student] TAP slot 3 tesla cell 247 wall=00:49:24.029
[student] TRAY first +0.27s tapped slot 3 meant tesla before [ice_wizard,rocket,tornado,tesla] now [ice_wizard,rocket,tornado,?] slot_now ? elixir 7->4 wall=00:49:24.296
[student] PLAY ice_wizard p=0.73 cell 250 board (0.92, 0.55) units 6 23 ms hand [ice_wizard,rocket,tornado,?] elixir 4 wall=00:49:24.381
[student] TAP slot 0 ice_wizard cell 250 wall=00:49:24.724
[student] TRAY first +0.32s tapped slot 0 meant ice_wizard before [ice_wizard,rocket,tornado,?] now [?,rocket,tornado,?] slot_now ? elixir 4->3 wall=00:49:25.048
[student] PLAY tornado p=0.57 cell 175 board (0.75, 0.39) units 6 28 ms hand [?,rocket,tornado,?] elixir 3 wall=00:49:25.137
[student] TAP slot 2 tornado cell 175 wall=00:49:25.508
[student] TRAY first +0.27s tapped slot 2 meant tornado before [?,rocket,tornado,?] now [?,rocket,?,skeletons] slot_now ? elixir 3->2 wall=00:49:25.778
[student] PLAY skeletons p=0.40 cell 237 board (0.19, 0.55) units 7 25 ms hand [?,rocket,?,skeletons] elixir 2 wall=00:49:25.848
[student] TAP slot 3 skeletons cell 237 wall=00:49:26.182
[student] TRAY first +0.28s tapped slot 3 meant skeletons before [?,rocket,?,skeletons] now [tesla,rocket,tornado,?] slot_now ? elixir 2->1 wall=00:49:26.460
[student] TRAY settled +0.66s tapped slot 3 meant skeletons before [?,rocket,?,skeletons] now [the_log,rocket,tornado,?] slot_now ? elixir 2->1 wall=00:49:26.840
[student] PLAY knight p=0.32 cell 248 board (0.81, 0.55) units 4 20 ms hand [ice_wizard,rocket,tornado,knight] elixir 3 wall=00:49:28.805
[student] TAP slot 3 knight cell 248 wall=00:49:29.169
[student] TRAY first +0.34s tapped slot 3 meant knight before [ice_wizard,rocket,tornado,knight] now [ice_wizard,rocket,tornado,?] slot_now ? elixir 3->3 wall=00:49:29.510
[student] PLAY ice_wizard p=0.59 cell 248 board (0.81, 0.55) units 4 27 ms hand [ice_wizard,rocket,tornado,?] elixir 3 wall=00:49:29.598
[student] TAP slot 0 ice_wizard cell 248 wall=00:49:29.975
[student] TRAY first +0.33s tapped slot 0 meant ice_wizard before [ice_wizard,rocket,tornado,?] now [tornado,rocket,tornado,?] slot_now tornado elixir 3->1 wall=00:49:30.310
[student] TRAY settled +0.83s tapped slot 0 meant ice_wizard before [ice_wizard,rocket,tornado,?] now [ice_wizard,rocket,tornado,the_log] slot_now ice_wizard elixir 3->1 wall=00:49:30.808
[student] PLAY the_log p=0.63 cell 374 board (0.81, 0.86) units 5 18 ms hand [ice_wizard,rocket,tornado,the_log] elixir 2 wall=00:49:31.647
[student] TAP slot 3 the_log cell 374 wall=00:49:32.012
[student] TRAY first +0.34s tapped slot 3 meant the_log before [ice_wizard,rocket,tornado,the_log] now [tornado,rocket,tornado,?] slot_now ? elixir 2->1 wall=00:49:32.349
[student] TRAY settled +0.77s tapped slot 3 meant the_log before [ice_wizard,rocket,tornado,the_log] now [ice_wizard,rocket,tornado,?] slot_now ? elixir 2->1 wall=00:49:32.787
[student] WAIT | exact=0 opp=? next=2 t=183s hand=[6, 4, 0, 164] tw=1.00.0x1.01.01.00.0x sp=2 unk=0 p=0.02 elixir 2 opp~? units 5 dets 7 (waits 970/1273 badhand 444/1273) wall=00:49:34.861
[student] PLAY tornado p=0.57 cell 157 board (0.75, 0.36) units 4 19 ms hand [ice_wizard,rocket,tornado,tesla_evo] elixir 3 wall=00:49:35.569
[student] TAP slot 2 tornado cell 332 wall=00:49:35.917
[student] TRAY first +0.39s tapped slot 2 meant tornado before [ice_wizard,rocket,tornado,tesla_evo] now [tornado,rocket,?,?] slot_now ? elixir 3->3 wall=00:49:36.309
[student] TRAY settled +1.21s tapped slot 2 meant tornado before [ice_wizard,rocket,tornado,tesla_evo] now [ice_wizard,rocket,?,tesla] slot_now ? elixir 3->1 wall=00:49:37.129
[student] PLAY ice_wizard p=0.53 cell 296 board (0.47, 0.7) units 4 31 ms hand [ice_wizard,rocket,ice_wizard,tesla_evo] elixir 3 wall=00:49:40.128
[student] TAP slot 0 ice_wizard cell 296 wall=00:49:40.478
[student] TRAY first +0.30s tapped slot 0 meant ice_wizard before [ice_wizard,rocket,ice_wizard,tesla_evo] now [x_bow,rocket,ice_wizard,tesla_evo] slot_now x_bow elixir 3->3 wall=00:49:40.777
[student] TRAY settled +0.73s tapped slot 0 meant ice_wizard before [ice_wizard,rocket,ice_wizard,tesla_evo] now [x_bow,rocket,ice_wizard,tesla_evo] slot_now x_bow elixir 3->4 wall=00:49:41.212
[student] PLAY ice_wizard p=0.54 cell 296 board (0.47, 0.7) units 4 19 ms hand [x_bow,rocket,ice_wizard,tesla_evo] elixir 4 wall=00:49:41.289
[student] TAP slot 2 ice_wizard cell 296 wall=00:49:41.648
[student] TRAY first +0.41s tapped slot 2 meant ice_wizard before [x_bow,rocket,ice_wizard,tesla_evo] now [tesla,rocket,?,tesla] slot_now ? elixir 4->3 wall=00:49:42.056
[student] TRAY settled +0.87s tapped slot 2 meant ice_wizard before [x_bow,rocket,ice_wizard,tesla_evo] now [the_log,rocket,?,?] slot_now ? elixir 4->2 wall=00:49:42.521
[student] PLAY skeletons p=0.40 cell 237 board (0.19, 0.55) units 6 17 ms hand [ice_wizard,rocket,skeletons,tesla] elixir 2 wall=00:49:43.792
[student] TAP slot 2 skeletons cell 237 wall=00:49:44.129
[student] TRAY first +0.38s tapped slot 2 meant skeletons before [ice_wizard,rocket,skeletons,tesla] now [the_log,rocket,?,tesla] slot_now ? elixir 2->2 wall=00:49:44.504
[student] TRAY settled +1.15s tapped slot 2 meant skeletons before [ice_wizard,rocket,skeletons,tesla] now [ice_wizard,rocket,?,tesla_evo] slot_now ? elixir 2->3 wall=00:49:45.278
[student] PLAY ice_wizard p=0.58 cell 250 board (0.92, 0.55) units 7 26 ms hand [ice_wizard,rocket,?,tesla_evo] elixir 3 wall=00:49:45.379
[student] TAP slot 0 ice_wizard cell 250 wall=00:49:45.741
[student] TRAY first +0.36s tapped slot 0 meant ice_wizard before [ice_wizard,rocket,?,tesla_evo] now [x_bow,rocket,knight_evo,tesla_evo] slot_now x_bow elixir 3->3 wall=00:49:46.105
[student] TRAY settled +0.82s tapped slot 0 meant ice_wizard before [ice_wizard,rocket,?,tesla_evo] now [x_bow,rocket,knight_evo,tesla_evo] slot_now x_bow elixir 3->3 wall=00:49:46.558
[student] WAIT p=0.16 elixir 4 opp~? units 6 dets 6 (waits 980/1288 badhand 449/1288) wall=00:49:47.078
[student] PLAY knight_evo p=0.44 cell 235 board (0.08, 0.55) units 8 34 ms hand [x_bow,rocket,knight_evo,tesla_evo] elixir 4 wall=00:49:47.914
[student] TAP slot 2 knight_evo cell 235 wall=00:49:48.275
[student] TRAY first +0.40s tapped slot 2 meant knight_evo before [x_bow,rocket,knight_evo,tesla_evo] now [the_log,rocket,?,tesla] slot_now ? elixir 4->3 wall=00:49:48.672
[student] PLAY the_log p=0.59 cell 248 board (0.81, 0.55) units 6 18 ms hand [the_log,rocket,?,tesla] elixir 3 wall=00:49:48.763
[student] TAP slot 0 the_log cell 247 wall=00:49:49.137
[student] TRAY first +0.37s tapped slot 0 meant the_log before [the_log,rocket,?,tesla] now [?,rocket,?,tesla_evo] slot_now ? elixir 3->3 wall=00:49:49.503
[student] TRAY settled +0.82s tapped slot 0 meant the_log before [the_log,rocket,?,tesla] now [x_bow,rocket,the_log,tesla_evo] slot_now x_bow elixir 3->3 wall=00:49:49.953
[student] PLAY the_log p=0.29 cell 248 board (0.81, 0.55) units 6 26 ms hand [x_bow,rocket,the_log,tesla_evo] elixir 3 wall=00:49:50.085
[student] TAP slot 2 the_log cell 247 wall=00:49:50.451
[student] TRAY first +0.37s tapped slot 2 meant the_log before [x_bow,rocket,the_log,tesla_evo] now [the_log,rocket,?,?] slot_now ? elixir 3->1 wall=00:49:50.819
[student] TRAY settled +1.13s tapped slot 2 meant the_log before [x_bow,rocket,the_log,tesla_evo] now [the_log,rocket,?,tesla] slot_now ? elixir 3->2 wall=00:49:51.585
[student] PLAY the_log p=0.28 cell 248 board (0.81, 0.55) units 5 30 ms hand [the_log,rocket,?,tesla] elixir 2 wall=00:49:51.685
[student] TAP slot 0 the_log cell 248 wall=00:49:52.046
[student] TRAY first +0.37s tapped slot 0 meant the_log before [the_log,rocket,?,tesla] now [?,rocket,tornado,tesla_evo] slot_now ? elixir 2->3 wall=00:49:52.416
[student] TRAY settled +0.84s tapped slot 0 meant the_log before [the_log,rocket,?,tesla] now [x_bow,rocket,tornado,tesla_evo] slot_now x_bow elixir 2->3 wall=00:49:52.890
[student] WAIT | exact=0 opp=? next=2 t=206s hand=[3, 4, 0, 164] tw=1.00.0x1.01.01.00.0x sp=1 unk=0 p=0.00 elixir 7 opp~? units 7 dets 8 (waits 990/1302 badhand 452/1302) wall=00:49:58.127
00:50:06 [play] UNKNOWN 0.5s after in-match -> grace hold (label lost: overtime / end animation / dropout; up to 150s)
00:50:06 [play] in-match read re-acquired -> grace hold released
00:50:07 [play] state: MATCH_END
[overlay-replay] saved C:\Users\benpe\ClashBot\icebow\data\overlayed_replays\match_20260912_004631.mp4 (10808 frames, captured 30.6 fps)
00:50:07 [nav] MATCH_END -> Play Again (located) (0.348,0.914)
00:50:08 [play] state: UNKNOWN
00:50:14 [play] state: IN_MATCH
[student] WAIT p=0.05 elixir 9 opp~? units 0 dets 0 (waits 1000/1312 badhand 459/1312) wall=00:50:20.331
[student] PLAY the_log p=0.28 cell 237 board (0.19, 0.55) units 1 20 ms hand [tesla,skeletons,?,the_log] elixir 10 wall=00:50:27.405
[student] TAP slot 3 the_log cell 237 wall=00:50:27.763
[student] TRAY first +0.29s tapped slot 3 meant the_log before [tesla,skeletons,?,the_log] now [tesla,skeletons,?,?] slot_now ? elixir 10->8 wall=00:50:28.055
[student] WAIT p=0.13 elixir 8 opp~? units 1 dets 3 (waits 1010/1323 badhand 470/1323) wall=00:50:28.145
[student] TRAY settled +0.65s tapped slot 3 meant the_log before [tesla,skeletons,?,the_log] now [tesla,skeletons,?,?] slot_now ? elixir 10->8 wall=00:50:28.414
[student] WAIT p=0.27 elixir 10 opp~? units 1 dets 1 (waits 1020/1333 badhand 480/1333) wall=00:50:35.091
[student] PLAY skeletons p=0.75 cell 242 board (0.47, 0.55) units 1 31 ms hand [tesla,skeletons,?,rocket] elixir 10 wall=00:50:35.698
[student] TAP slot 1 skeletons cell 242 wall=00:50:36.050
[student] TRAY first +0.26s tapped slot 1 meant skeletons before [tesla,skeletons,?,rocket] now [tesla,?,?,rocket] slot_now ? elixir 10->9 wall=00:50:36.309
[student] TRAY settled +0.63s tapped slot 1 meant skeletons before [tesla,skeletons,?,rocket] now [tesla,?,?,rocket] slot_now ? elixir 10->9 wall=00:50:36.683
[student] PLAY tesla p=0.32 cell 279 board (0.5, 0.66) units 2 21 ms hand [tesla,?,?,rocket] elixir 9 wall=00:50:36.764
[student] TAP slot 0 tesla cell 279 wall=00:50:37.115
[student] TRAY first +0.30s tapped slot 0 meant tesla before [tesla,?,?,rocket] now [?,?,?,rocket] slot_now ? elixir 9->5 wall=00:50:37.418
[student] TRAY settled +0.62s tapped slot 0 meant tesla before [tesla,?,?,rocket] now [?,ice_wizard,?,rocket] slot_now ? elixir 9->5 wall=00:50:37.732
[student] PLAY ice_wizard p=0.35 cell 238 board (0.25, 0.58) units 4 18 ms hand [x_bow,ice_wizard,?,rocket] elixir 5 wall=00:50:39.333
[student] TAP slot 1 ice_wizard cell 238 wall=00:50:39.718
[student] TRAY first +0.29s tapped slot 1 meant ice_wizard before [x_bow,ice_wizard,?,rocket] now [ice_wizard,?,?,rocket] slot_now ? elixir 5->3 wall=00:50:40.008
[student] TRAY settled +1.05s tapped slot 1 meant ice_wizard before [x_bow,ice_wizard,?,rocket] now [ice_wizard,?,?,rocket] slot_now ? elixir 5->3 wall=00:50:40.765
[student] PLAY ice_wizard p=0.48 cell 296 board (0.47, 0.7) units 4 28 ms hand [ice_wizard,?,?,rocket] elixir 3 wall=00:50:41.225
[student] TAP slot 0 ice_wizard cell 296 wall=00:50:41.578
[student] TRAY first +0.30s tapped slot 0 meant ice_wizard before [ice_wizard,?,?,rocket] now [?,tornado,?,rocket] slot_now ? elixir 3->3 wall=00:50:41.876
[student] TRAY settled +0.92s tapped slot 0 meant ice_wizard before [ice_wizard,?,?,rocket] now [x_bow,tornado,?,rocket] slot_now x_bow elixir 3->3 wall=00:50:42.498
[student] WAIT p=0.05 elixir 4 opp~? units 3 dets 3 (waits 1030/1347 badhand 494/1347) wall=00:50:44.162
[student] PLAY tornado p=0.65 cell 165 board (0.19, 0.39) units 4 21 ms hand [x_bow,tornado,?,rocket] elixir 5 wall=00:50:47.096
[student] TAP slot 1 tornado cell 165 wall=00:50:47.463
[student] TRAY first +0.24s tapped slot 1 meant tornado before [x_bow,tornado,?,rocket] now [the_log,?,?,rocket] slot_now ? elixir 5->3 wall=00:50:47.699
[student] TRAY settled +0.57s tapped slot 1 meant tornado before [x_bow,tornado,?,rocket] now [ice_wizard,?,?,rocket] slot_now ? elixir 5->2 wall=00:50:48.035
[student] WAIT | exact=0 opp=? next=7 t=37s hand=[3, 6, -1, 4] tw=1.01.01.01.01.01.0 sp=0 unk=0 p=0.05 elixir 4 opp~? units 2 dets 2 (waits 1040/1358 badhand 505/1358) wall=00:50:52.179
[student] WAIT p=0.10 elixir 6 opp~? units 1 dets 1 (waits 1050/1368 badhand 515/1368) wall=00:50:58.941
[student] PLAY the_log p=0.42 cell 237 board (0.19, 0.55) units 1 25 ms hand [x_bow,the_log,?,rocket] elixir 8 wall=00:51:02.739
[student] TAP slot 1 the_log cell 237 wall=00:51:03.091
[student] TRAY first +0.30s tapped slot 1 meant the_log before [x_bow,the_log,?,rocket] now [x_bow,?,?,rocket] slot_now ? elixir 8->6 wall=00:51:03.390
[student] TRAY settled +0.89s tapped slot 1 meant the_log before [x_bow,the_log,?,rocket] now [x_bow,?,?,rocket] slot_now ? elixir 8->6 wall=00:51:03.977
[student] PLAY rocket p=0.39 cell 184 board (0.25, 0.45) units 2 24 ms hand [x_bow,?,?,rocket] elixir 6 wall=00:51:04.300
[student] TAP slot 3 rocket cell 201 wall=00:51:04.666
[student] TRAY first +0.27s tapped slot 3 meant rocket before [x_bow,?,?,rocket] now [tornado,skeletons,tornado,?] slot_now ? elixir 6->5 wall=00:51:04.932
[student] TRAY settled +0.83s tapped slot 3 meant rocket before [x_bow,?,?,rocket] now [ice_wizard,skeletons,?,?] slot_now ? elixir 6->1 wall=00:51:05.493
[student] WAIT | exact=0 opp=? next=2 t=52s hand=[2, 7, 0, 164] tw=1.01.01.01.01.01.0 sp=2 unk=0 p=0.05 elixir 1 opp~? units 2 dets 4 (waits 1060/1380 badhand 525/1380) wall=00:51:06.463
[student] PLAY skeletons p=0.52 cell 237 board (0.19, 0.58) units 1 26 ms hand [the_log,skeletons,knight,tesla] elixir 2 wall=00:51:08.465
[student] TAP slot 1 skeletons cell 237 wall=00:51:08.806
[student] TRAY first +0.31s tapped slot 1 meant skeletons before [the_log,skeletons,knight,tesla] now [ice_wizard,?,?,tesla] slot_now ? elixir 2->1 wall=00:51:09.119
[student] TRAY settled +0.73s tapped slot 1 meant skeletons before [the_log,skeletons,knight,tesla] now [ice_wizard,?,?,tesla] slot_now ? elixir 2->1 wall=00:51:09.541
[student] PLAY ice_wizard p=0.89 cell 234 board (0.03, 0.58) units 1 20 ms hand [ice_wizard,ice_wizard,?,tesla] elixir 3 wall=00:51:14.473
[student] TAP slot 0 ice_wizard cell 235 wall=00:51:14.805
[student] TRAY first +0.25s tapped slot 0 meant ice_wizard before [ice_wizard,ice_wizard,?,tesla] now [x_bow,ice_wizard,?,tesla] slot_now x_bow elixir 3->3 wall=00:51:15.056
[student] TRAY settled +1.09s tapped slot 0 meant ice_wizard before [ice_wizard,ice_wizard,?,tesla] now [x_bow,ice_wizard,?,tesla] slot_now x_bow elixir 3->3 wall=00:51:15.892
[student] PLAY ice_wizard p=0.73 cell 235 board (0.08, 0.58) units 2 21 ms hand [x_bow,ice_wizard,?,tesla] elixir 3 wall=00:51:15.978
[student] TAP slot 1 ice_wizard cell 235 wall=00:51:16.334
[student] TRAY first +0.29s tapped slot 1 meant ice_wizard before [x_bow,ice_wizard,?,tesla] now [ice_wizard,?,?,tesla] slot_now ? elixir 3->3 wall=00:51:16.623
[student] PLAY ice_wizard p=0.85 cell 239 board (0.31, 0.58) units 3 21 ms hand [ice_wizard,?,?,tesla] elixir 3 wall=00:51:16.699
[student] TAP slot 0 ice_wizard cell 239 wall=00:51:17.046
[student] TRAY first +0.28s tapped slot 0 meant ice_wizard before [ice_wizard,?,?,tesla] now [tornado,?,?,tesla] slot_now tornado elixir 3->1 wall=00:51:17.321
[student] TRAY settled +1.03s tapped slot 0 meant ice_wizard before [ice_wizard,?,?,tesla] now [tornado,tornado,?,tesla] slot_now tornado elixir 3->1 wall=00:51:18.074
[student] PLAY tornado p=0.77 cell 349 board (0.42, 0.83) units 2 21 ms hand [?,tornado,?,tesla] elixir 3 wall=00:51:22.909
[student] TAP slot 1 tornado cell 349 wall=00:51:23.250
[student] TRAY first +0.31s tapped slot 1 meant tornado before [?,tornado,?,tesla] now [x_bow,?,tornado,tesla] slot_now ? elixir 3->3 wall=00:51:23.565
[student] TRAY settled +0.91s tapped slot 1 meant tornado before [?,tornado,?,tesla] now [tornado,?,tornado,tesla] slot_now ? elixir 3->0 wall=00:51:24.156
[student] WAIT | exact=0 opp=? next=4 t=75s hand=[6, 6, 149, 164] tw=1.01.01.01.01.01.0 sp=0 unk=0 p=0.03 elixir 2 opp~? units 1 dets 1 (waits 1070/1395 badhand 528/1395) wall=00:51:29.876
[student] WAIT | exact=0 opp=? next=4 t=82s hand=[3, 6, 149, 164] tw=1.01.01.01.01.01.0 sp=0 unk=0 p=0.02 elixir 5 opp~? units 0 dets 0 (waits 1080/1405 badhand 528/1405) wall=00:51:37.157
[student] WAIT p=0.07 elixir 7 opp~? units 1 dets 1 (waits 1090/1415 badhand 528/1415) wall=00:51:44.312
[student] PLAY tesla p=0.53 cell 297 board (0.5, 0.69) units 2 28 ms hand [x_bow,the_log,?,tesla] elixir 8 wall=00:51:45.493
[student] TAP slot 3 tesla cell 297 wall=00:51:45.845
[student] TRAY first +0.28s tapped slot 3 meant tesla before [x_bow,the_log,?,tesla] now [x_bow,the_log,?,?] slot_now ? elixir 8->4 wall=00:51:46.124
[student] TRAY settled +0.75s tapped slot 3 meant tesla before [x_bow,the_log,?,tesla] now [x_bow,the_log,?,?] slot_now ? elixir 8->4 wall=00:51:46.593
[student] PLAY the_log p=0.32 cell 237 board (0.19, 0.55) units 3 27 ms hand [x_bow,the_log,?,?] elixir 4 wall=00:51:46.662
[student] TAP slot 1 the_log cell 237 wall=00:51:47.002
[student] TRAY first +0.27s tapped slot 1 meant the_log before [x_bow,the_log,?,?] now [ice_wizard,?,?,rocket] slot_now ? elixir 4->2 wall=00:51:47.274
[student] TRAY settled +1.08s tapped slot 1 meant the_log before [x_bow,the_log,?,?] now [ice_wizard,?,?,rocket] slot_now ? elixir 4->3 wall=00:51:48.085
[student] PLAY skeletons p=0.87 cell 235 board (0.08, 0.55) units 5 27 ms hand [ice_wizard,skeletons,?,rocket] elixir 3 wall=00:51:48.894
[student] TAP slot 1 skeletons cell 235 wall=00:51:49.260
[student] TRAY first +0.27s tapped slot 1 meant skeletons before [ice_wizard,skeletons,?,rocket] now [ice_wizard,?,?,rocket] slot_now ? elixir 3->1 wall=00:51:49.534
[student] TRAY settled +0.62s tapped slot 1 meant skeletons before [ice_wizard,skeletons,?,rocket] now [ice_wizard,?,?,rocket] slot_now ? elixir 3->2 wall=00:51:49.883
[student] PLAY ice_wizard p=0.72 cell 306 board (0.03, 0.73) units 4 33 ms hand [ice_wizard,ice_wizard,?,rocket] elixir 3 wall=00:51:50.692
[student] TAP slot 0 ice_wizard cell 306 wall=00:51:51.039
[student] TRAY first +0.25s tapped slot 0 meant ice_wizard before [ice_wizard,ice_wizard,?,rocket] now [x_bow,ice_wizard,?,rocket] slot_now x_bow elixir 3->3 wall=00:51:51.294
[student] TRAY settled +0.63s tapped slot 0 meant ice_wizard before [ice_wizard,ice_wizard,?,rocket] now [x_bow,ice_wizard,?,rocket] slot_now x_bow elixir 3->3 wall=00:51:51.669
[student] PLAY ice_wizard p=0.42 cell 234 board (0.03, 0.58) units 4 24 ms hand [x_bow,ice_wizard,?,rocket] elixir 3 wall=00:51:52.383
[student] TAP slot 1 ice_wizard cell 235 wall=00:51:52.746
[student] TRAY first +0.28s tapped slot 1 meant ice_wizard before [x_bow,ice_wizard,?,rocket] now [ice_wizard,?,?,rocket] slot_now ? elixir 3->3 wall=00:51:53.026
[student] PLAY ice_wizard p=0.28 cell 306 board (0.03, 0.73) units 4 27 ms hand [ice_wizard,?,?,rocket] elixir 3 wall=00:51:53.125
[student] TAP slot 0 ice_wizard cell 306 wall=00:51:53.479
[student] TRAY first +0.31s tapped slot 0 meant ice_wizard before [ice_wizard,?,?,rocket] now [tornado,?,?,rocket] slot_now tornado elixir 3->1 wall=00:51:53.788
[student] TRAY settled +0.65s tapped slot 0 meant ice_wizard before [ice_wizard,?,?,rocket] now [tornado,?,?,rocket] slot_now tornado elixir 3->1 wall=00:51:54.125
[student] PLAY tornado p=0.58 cell 165 board (0.19, 0.39) units 1 29 ms hand [x_bow,tornado,?,rocket] elixir 4 wall=00:52:03.258
[student] TAP slot 1 tornado cell 165 wall=00:52:03.610
[student] TRAY first +0.90s tapped slot 1 meant tornado before [x_bow,tornado,?,rocket] now [tesla,?,?,rocket] slot_now ? elixir 4->3 wall=00:52:04.505
[student] WAIT | exact=0 opp=? next=6 t=112s hand=[6, 164, 149, 4] tw=1.01.01.01.01.01.0 sp=0 unk=0 p=0.02 elixir 2 opp~? units 0 dets 0 (waits 1100/1432 badhand 536/1432) wall=00:52:06.841
[clock] icon reads x3 but the clock reads x1 -> using the clock (x1)
[student] PLAY x_bow p=0.63 cell 267 board (0.86, 0.61) units 1 25 ms hand [x_bow,tesla_evo,?,rocket] elixir 7 wall=00:52:14.967
[student] TAP slot 0 x_bow cell 231 wall=00:52:15.340
[clock] icon reads x3 but the clock reads x2 -> using the clock (x2)
00:52:15 [play] elixir x2
[student] TRAY first +0.69s tapped slot 0 meant x_bow before [x_bow,tesla_evo,?,rocket] now [?,?,?,rocket] slot_now ? elixir 7->5 wall=00:52:16.028
[student] PLAY the_log p=0.66 cell 248 board (0.81, 0.55) units 4 20 ms hand [the_log,tesla,?,rocket] elixir 3 wall=00:52:17.626
[student] TAP slot 0 the_log cell 247 wall=00:52:17.978
[student] TRAY first +0.73s tapped slot 0 meant the_log before [the_log,tesla,?,rocket] now [?,?,?,rocket] slot_now ? elixir 3->2 wall=00:52:18.713
[student] PLAY skeletons p=0.54 cell 247 board (0.75, 0.55) units 5 31 ms hand [skeletons,tesla,?,rocket] elixir 2 wall=00:52:20.216
[student] TAP slot 0 skeletons cell 247 wall=00:52:20.579
[student] TRAY first +0.67s tapped slot 0 meant skeletons before [skeletons,tesla,?,rocket] now [?,tesla,?,rocket] slot_now ? elixir 2->2 wall=00:52:21.244
[student] PLAY tesla_evo p=0.74 cell 247 board (0.72, 0.56) units 5 24 ms hand [ice_wizard,tesla_evo,?,rocket] elixir 4 wall=00:52:23.728
[student] TAP slot 1 tesla_evo cell 247 wall=00:52:24.090
[student] TRAY first +0.68s tapped slot 1 meant tesla_evo before [ice_wizard,tesla_evo,?,rocket] now [ice_wizard,?,?,rocket] slot_now ? elixir 4->4 wall=00:52:24.774
[student] PLAY ice_wizard p=0.78 cell 250 board (0.92, 0.55) units 5 22 ms hand [ice_wizard,?,?,rocket] elixir 4 wall=00:52:24.875
[student] TAP slot 0 ice_wizard cell 250 wall=00:52:25.242
[student] TRAY first +0.56s tapped slot 0 meant ice_wizard before [ice_wizard,?,?,rocket] now [ice_wizard,tornado,?,rocket] slot_now ice_wizard elixir 4->2 wall=00:52:25.806
[student] PLAY tornado p=0.77 cell 158 board (0.81, 0.36) units 5 21 ms hand [ice_wizard,tornado,?,rocket] elixir 3 wall=00:52:27.501
[student] TAP slot 1 tornado cell 158 wall=00:52:27.872
[student] TRAY first +0.71s tapped slot 1 meant tornado before [ice_wizard,tornado,?,rocket] now [tornado,?,?,rocket] slot_now ? elixir 3->3 wall=00:52:28.583
[student] PLAY tornado p=0.41 cell 158 board (0.81, 0.36) units 5 27 ms hand [tornado,?,?,rocket] elixir 3 wall=00:52:28.684
[student] TAP slot 0 tornado cell 158 wall=00:52:29.036
[student] TRAY first +0.69s tapped slot 0 meant tornado before [tornado,?,?,rocket] now [ice_wizard,tesla,?,rocket] slot_now ice_wizard elixir 3->1 wall=00:52:29.727
[student] PLAY the_log p=0.63 cell 237 board (0.19, 0.55) units 5 27 ms hand [ice_wizard,the_log,knight,rocket] elixir 2 wall=00:52:30.564
[student] TAP slot 1 the_log cell 291 wall=00:52:30.915
[student] TRAY first +0.73s tapped slot 1 meant the_log before [ice_wizard,the_log,knight,rocket] now [ice_wizard,tornado,?,rocket] slot_now tornado elixir 2->3 wall=00:52:31.641
[student] PLAY ice_wizard p=0.73 cell 234 board (0.03, 0.58) units 2 20 ms hand [ice_wizard,ice_wizard,?,rocket] elixir 3 wall=00:52:32.559
[student] TAP slot 0 ice_wizard cell 235 wall=00:52:32.919
[student] TRAY first +0.69s tapped slot 0 meant ice_wizard before [ice_wizard,ice_wizard,?,rocket] now [?,tesla,?,rocket] slot_now ? elixir 3->3 wall=00:52:33.610
[student] PLAY the_log p=0.72 cell 327 board (0.19, 0.77) units 4 36 ms hand [?,the_log,?,rocket] elixir 2 wall=00:52:34.530
[student] TAP slot 1 the_log cell 347 wall=00:52:34.877
[student] TRAY first +0.31s tapped slot 1 meant the_log before [?,the_log,?,rocket] now [the_log,tornado,?,rocket] slot_now tornado elixir 2->2 wall=00:52:35.189
[student] WAIT p=0.08 elixir 2 opp~? units 4 dets 4 (waits 1110/1452 badhand 539/1452) wall=00:52:35.276
[student] TRAY settled +0.68s tapped slot 1 meant the_log before [?,the_log,?,rocket] now [the_log,ice_wizard,?,rocket] slot_now ice_wizard elixir 2->3 wall=00:52:35.555
[student] PLAY the_log p=0.99 cell 327 board (0.19, 0.77) units 4 26 ms hand [the_log,ice_wizard,?,rocket] elixir 3 wall=00:52:35.646
[student] TAP slot 0 the_log cell 364 wall=00:52:35.990
[student] TRAY first +0.27s tapped slot 0 meant the_log before [the_log,ice_wizard,?,rocket] now [?,the_log,?,rocket] slot_now ? elixir 3->2 wall=00:52:36.259
[student] PLAY the_log p=0.58 cell 273 board (0.19, 0.64) units 4 16 ms hand [?,the_log,?,rocket] elixir 2 wall=00:52:36.361
[student] TAP slot 1 the_log cell 365 wall=00:52:36.695
[student] TRAY first +0.30s tapped slot 1 meant the_log before [?,the_log,?,rocket] now [?,ice_wizard,knight,rocket] slot_now ice_wizard elixir 2->2 wall=00:52:36.993
[student] TRAY settled +0.75s tapped slot 1 meant the_log before [?,the_log,?,rocket] now [skeletons,tornado,?,rocket] slot_now tornado elixir 2->2 wall=00:52:37.449
[student] PLAY skeletons p=0.60 cell 237 board (0.19, 0.55) units 4 20 ms hand [skeletons,tornado,?,rocket] elixir 2 wall=00:52:37.526
[student] TAP slot 0 skeletons cell 237 wall=00:52:37.884
[student] TRAY first +0.31s tapped slot 0 meant skeletons before [skeletons,tornado,?,rocket] now [?,the_log,?,rocket] slot_now ? elixir 2->2 wall=00:52:38.193
[student] PLAY the_log p=0.78 cell 291 board (0.19, 0.7) units 3 29 ms hand [?,the_log,?,rocket] elixir 2 wall=00:52:38.291
[student] TAP slot 1 the_log cell 381 wall=00:52:38.640
[student] TRAY first +0.29s tapped slot 1 meant the_log before [?,the_log,?,rocket] now [?,tornado,?,rocket] slot_now tornado elixir 2->2 wall=00:52:38.925
[student] TRAY settled +0.65s tapped slot 1 meant the_log before [?,the_log,?,rocket] now [tesla,tornado,?,rocket] slot_now tornado elixir 2->2 wall=00:52:39.285
[student] PLAY tornado p=0.60 cell 201 board (0.19, 0.48) units 1 21 ms hand [tesla,tornado,?,rocket] elixir 3 wall=00:52:40.060
[student] TAP slot 1 tornado cell 201 wall=00:52:40.440
[student] TRAY first +0.24s tapped slot 1 meant tornado before [tesla,tornado,?,rocket] now [tesla,x_bow,?,rocket] slot_now x_bow elixir 3->3 wall=00:52:40.681
[student] TRAY settled +0.65s tapped slot 1 meant tornado before [tesla,tornado,?,rocket] now [tesla,x_bow,?,rocket] slot_now x_bow elixir 3->4 wall=00:52:41.088
[student] PLAY tesla p=0.34 cell 310 board (0.22, 0.72) units 1 25 ms hand [tesla,x_bow,?,rocket] elixir 5 wall=00:52:42.540
[student] TAP slot 0 tesla cell 295 wall=00:52:42.888
[student] TRAY first +0.29s tapped slot 0 meant tesla before [tesla,x_bow,?,rocket] now [?,the_log,?,rocket] slot_now ? elixir 5->4 wall=00:52:43.174
[student] TRAY settled +0.92s tapped slot 0 meant tesla before [tesla,x_bow,?,rocket] now [?,the_log,knight,rocket] slot_now ? elixir 5->2 wall=00:52:43.808
[student] PLAY the_log p=0.48 cell 309 board (0.19, 0.73) units 4 29 ms hand [?,the_log,?,rocket] elixir 2 wall=00:52:44.342
[student] TAP slot 1 the_log cell 381 wall=00:52:44.694
[student] TRAY first +0.28s tapped slot 1 meant the_log before [?,the_log,?,rocket] now [tornado,tornado,?,rocket] slot_now tornado elixir 2->2 wall=00:52:44.977
[student] TRAY settled +0.60s tapped slot 1 meant the_log before [?,the_log,?,rocket] now [tornado,ice_wizard,?,rocket] slot_now ice_wizard elixir 2->3 wall=00:52:45.291
[student] PLAY ice_wizard p=0.84 cell 309 board (0.19, 0.73) units 4 5 ms hand [tornado,ice_wizard,?,rocket] elixir 3 wall=00:52:45.983
[student] TAP slot 1 ice_wizard cell 255 wall=00:52:46.323
[student] TRAY first +0.29s tapped slot 1 meant ice_wizard before [tornado,ice_wizard,?,rocket] now [tornado,x_bow,?,rocket] slot_now x_bow elixir 3->4 wall=00:52:46.608
[student] TRAY settled +1.08s tapped slot 1 meant ice_wizard before [tornado,ice_wizard,?,rocket] now [tornado,x_bow,?,rocket] slot_now x_bow elixir 3->4 wall=00:52:47.406
[student] PLAY tornado p=0.36 cell 278 board (0.47, 0.64) units 1 15 ms hand [tornado,x_bow,?,rocket] elixir 4 wall=00:52:47.479
[student] TAP slot 0 tornado cell 332 wall=00:52:47.821
[student] TRAY first +0.28s tapped slot 0 meant tornado before [tornado,x_bow,?,rocket] now [?,the_log,knight,rocket] slot_now ? elixir 4->3 wall=00:52:48.100
[student] PLAY the_log p=0.70 cell 327 board (0.19, 0.77) units 3 15 ms hand [?,the_log,knight,rocket] elixir 3 wall=00:52:48.186
[student] TAP slot 1 the_log cell 327 wall=00:52:48.549
[student] TRAY first +0.27s tapped slot 1 meant the_log before [?,the_log,knight,rocket] now [?,tornado,?,rocket] slot_now tornado elixir 3->2 wall=00:52:48.816
[student] TRAY settled +0.61s tapped slot 1 meant the_log before [?,the_log,knight,rocket] now [ice_wizard,tornado,?,rocket] slot_now tornado elixir 3->2 wall=00:52:49.159
[student] WAIT p=0.13 elixir 3 opp~? units 0 dets 0 (waits 1120/1472 badhand 545/1472) wall=00:52:50.580
[student] PLAY ice_wizard p=0.62 cell 296 board (0.47, 0.7) units 1 30 ms hand [ice_wizard,x_bow,?,rocket] elixir 4 wall=00:52:50.997
[student] TAP slot 0 ice_wizard cell 296 wall=00:52:51.338
[student] TRAY first +0.32s tapped slot 0 meant ice_wizard before [ice_wizard,x_bow,?,rocket] now [?,the_log,?,rocket] slot_now ? elixir 4->3 wall=00:52:51.658
[student] PLAY the_log p=0.71 cell 328 board (0.25, 0.77) units 3 27 ms hand [?,the_log,?,rocket] elixir 3 wall=00:52:51.866
[student] TAP slot 1 the_log cell 367 wall=00:52:52.216
[student] TRAY first +0.25s tapped slot 1 meant the_log before [?,the_log,?,rocket] now [?,tornado,?,rocket] slot_now tornado elixir 3->2 wall=00:52:52.462
[student] TRAY settled +0.70s tapped slot 1 meant the_log before [?,the_log,?,rocket] now [the_log,tornado,?,rocket] slot_now tornado elixir 3->2 wall=00:52:52.918
[student] PLAY ice_wizard p=0.83 cell 280 board (0.58, 0.64) units 2 28 ms hand [the_log,ice_wizard,?,rocket] elixir 3 wall=00:52:53.752
[student] TAP slot 1 ice_wizard cell 280 wall=00:52:54.088
[student] TRAY first +0.32s tapped slot 1 meant ice_wizard before [the_log,ice_wizard,?,rocket] now [the_log,ice_wizard,?,rocket] slot_now ice_wizard elixir 3->3 wall=00:52:54.413
[student] PLAY ice_wizard p=0.84 cell 349 board (0.42, 0.83) units 3 26 ms hand [the_log,ice_wizard,?,rocket] elixir 3 wall=00:52:54.532
[student] TAP slot 1 ice_wizard cell 349 wall=00:52:54.887
[student] TRAY first +0.25s tapped slot 1 meant ice_wizard before [the_log,ice_wizard,?,rocket] now [the_log,x_bow,?,rocket] slot_now x_bow elixir 3->4 wall=00:52:55.138
[student] PLAY the_log p=0.51 cell 337 board (0.75, 0.77) units 4 29 ms hand [the_log,x_bow,?,rocket] elixir 4 wall=00:52:55.312
[student] TAP slot 0 the_log cell 386 wall=00:52:55.681
[student] TRAY first +0.26s tapped slot 0 meant the_log before [the_log,x_bow,?,rocket] now [?,the_log,?,rocket] slot_now ? elixir 4->2 wall=00:52:55.941
[student] TRAY settled +0.62s tapped slot 0 meant the_log before [the_log,x_bow,?,rocket] now [?,the_log,?,rocket] slot_now ? elixir 4->2 wall=00:52:56.304
[student] PLAY skeletons p=0.86 cell 280 board (0.58, 0.64) units 3 18 ms hand [skeletons,tesla,?,rocket] elixir 3 wall=00:52:57.869
[student] TAP slot 0 skeletons cell 280 wall=00:52:58.227
[student] TRAY first +0.26s tapped slot 0 meant skeletons before [skeletons,tesla,?,rocket] now [?,ice_wizard,?,rocket] slot_now ? elixir 3->2 wall=00:52:58.489
[student] TRAY settled +0.59s tapped slot 0 meant skeletons before [skeletons,tesla,?,rocket] now [?,tesla,?,rocket] slot_now ? elixir 3->3 wall=00:52:58.819
[student] PLAY tesla p=0.75 cell 280 board (0.56, 0.66) units 5 31 ms hand [tesla,x_bow,?,rocket] elixir 4 wall=00:52:59.744
[student] TAP slot 0 tesla cell 280 wall=00:53:00.124
[student] TRAY first +0.28s tapped slot 0 meant tesla before [tesla,x_bow,?,rocket] now [?,?,tornado,rocket] slot_now ? elixir 4->4 wall=00:53:00.404
[student] TRAY settled +0.85s tapped slot 0 meant tesla before [tesla,x_bow,?,rocket] now [?,tesla,?,rocket] slot_now ? elixir 4->1 wall=00:53:00.976
[student] PLAY tornado p=0.81 cell 260 board (0.47, 0.61) units 2 30 ms hand [tornado,ice_wizard,?,rocket] elixir 3 wall=00:53:03.742
[student] TAP slot 0 tornado cell 332 wall=00:53:04.103
[student] TRAY first +0.28s tapped slot 0 meant tornado before [tornado,ice_wizard,?,rocket] now [?,tornado,tornado,rocket] slot_now ? elixir 3->3 wall=00:53:04.387
[student] TRAY settled +0.64s tapped slot 0 meant tornado before [tornado,ice_wizard,?,rocket] now [?,?,?,rocket] slot_now ? elixir 3->0 wall=00:53:04.741
[student] WAIT | exact=0 opp=? next=6 t=172s hand=[2, 6, 0, 4] tw=1.00.0x1.01.01.01.0 sp=0 unk=0 p=0.00 elixir 2 opp~? units 3 dets 3 (waits 1130/1490 badhand 551/1490) wall=00:53:07.243
00:53:10 [play] UNKNOWN 0.4s after in-match -> grace hold (label lost: overtime / end animation / dropout; up to 150s)
00:53:17 [play] state: MATCH_END
[overlay-replay] saved C:\Users\benpe\ClashBot\icebow\data\overlayed_replays\match_20260912_005014.mp4 (9111 frames, captured 30.0 fps)
00:53:17 [nav] MATCH_END -> Play Again (located) (0.348,0.914)
00:53:17 [play] state: UNKNOWN
00:53:24 [play] state: IN_MATCH
[student] WAIT | exact=0 opp=? next=2 t=4s hand=[4, 164, 3, 149] tw=1.01.01.01.01.01.0 sp=0 unk=0 p=0.00 elixir 8 opp~? units 0 dets 0 (waits 1140/1500 badhand 552/1500) wall=00:53:28.026
[student] WAIT p=0.25 elixir 10 opp~? units 0 dets 0 (waits 1150/1510 badhand 552/1510) wall=00:53:35.099
[student] PLAY x_bow p=0.45 cell 267 board (0.86, 0.61) units 1 33 ms hand [rocket,tesla,x_bow,knight] elixir 10 wall=00:53:35.718
[student] TAP slot 2 x_bow cell 231 wall=00:53:36.093
[student] TRAY first +0.28s tapped slot 2 meant x_bow before [rocket,tesla,x_bow,knight] now [rocket,tesla,?,knight] slot_now ? elixir 10->5 wall=00:53:36.369
[student] TRAY settled +0.63s tapped slot 2 meant x_bow before [rocket,tesla,x_bow,knight] now [rocket,tesla,?,knight] slot_now ? elixir 10->4 wall=00:53:36.720
[student] PLAY knight p=0.43 cell 247 board (0.75, 0.55) units 2 22 ms hand [rocket,tesla,ice_wizard,knight] elixir 5 wall=00:53:40.533
[student] TAP slot 3 knight cell 247 wall=00:53:40.888
[student] TRAY first +0.27s tapped slot 3 meant knight before [rocket,tesla,ice_wizard,knight] now [rocket,tesla,ice_wizard,?] slot_now ? elixir 5->3 wall=00:53:41.159
[student] PLAY ice_wizard p=0.31 cell 245 board (0.64, 0.55) units 4 17 ms hand [rocket,tesla,ice_wizard,?] elixir 3 wall=00:53:41.237
[student] TAP slot 2 ice_wizard cell 245 wall=00:53:41.581
[student] TRAY first +0.25s tapped slot 2 meant ice_wizard before [rocket,tesla,ice_wizard,?] now [rocket,tesla,ice_wizard,?] slot_now ice_wizard elixir 3->2 wall=00:53:41.831
[student] TRAY settled +0.61s tapped slot 2 meant ice_wizard before [rocket,tesla,ice_wizard,?] now [rocket,tesla,ice_wizard,?] slot_now ice_wizard elixir 3->2 wall=00:53:42.192
[student] PLAY ice_wizard p=0.62 cell 250 board (0.92, 0.55) units 4 32 ms hand [rocket,tesla,ice_wizard,the_log] elixir 3 wall=00:53:43.469
[student] TAP slot 2 ice_wizard cell 250 wall=00:53:43.836
[student] TRAY first +0.28s tapped slot 2 meant ice_wizard before [rocket,tesla,ice_wizard,the_log] now [rocket,?,?,the_log] slot_now ? elixir 3->3 wall=00:53:44.118
[student] TRAY settled +0.60s tapped slot 2 meant ice_wizard before [rocket,tesla,ice_wizard,the_log] now [rocket,?,?,the_log] slot_now ? elixir 3->0 wall=00:53:44.439
[student] WAIT p=0.13 elixir 1 opp~? units 6 dets 6 (waits 1160/1524 badhand 556/1524) wall=00:53:46.251
[student] PLAY skeletons p=0.51 cell 340 board (0.92, 0.77) units 1 23 ms hand [rocket,tesla,skeletons,the_log] elixir 3 wall=00:53:51.612
[student] TAP slot 2 skeletons cell 340 wall=00:53:51.960
[student] TRAY first +0.29s tapped slot 2 meant skeletons before [rocket,tesla,skeletons,the_log] now [rocket,tesla,?,the_log] slot_now ? elixir 3->2 wall=00:53:52.246
[student] TRAY settled +0.66s tapped slot 2 meant skeletons before [rocket,tesla,skeletons,the_log] now [rocket,tesla,?,the_log] slot_now ? elixir 3->2 wall=00:53:52.618
[student] WAIT | exact=0 opp=? next=0 t=29s hand=[4, 164, -1, 6] tw=1.01.01.01.01.01.0 sp=0 unk=0 p=0.03 elixir 2 opp~? units 4 dets 4 (waits 1170/1535 badhand 558/1535) wall=00:53:52.689
[student] WAIT | exact=0 opp=? next=3 t=35s hand=[4, 164, 0, 6] tw=1.01.01.01.01.01.0 sp=0 unk=0 p=0.01 elixir 4 opp~? units 1 dets 1 (waits 1180/1545 badhand 559/1545) wall=00:53:59.172
[student] PLAY tesla p=0.41 cell 279 board (0.5, 0.66) units 2 7 ms hand [rocket,tesla,tornado,the_log] elixir 6 wall=00:54:02.722
[student] TAP slot 1 tesla cell 279 wall=00:54:03.070
[student] TRAY first +0.26s tapped slot 1 meant tesla before [rocket,tesla,tornado,the_log] now [rocket,?,tornado,the_log] slot_now ? elixir 6->4 wall=00:54:03.332
[student] PLAY the_log p=0.31 cell 320 board (0.81, 0.73) units 3 30 ms hand [rocket,?,tornado,the_log] elixir 4 wall=00:54:03.421
[student] TAP slot 3 the_log cell 266 wall=00:54:03.779
[student] TRAY first +0.26s tapped slot 3 meant the_log before [rocket,?,tornado,the_log] now [rocket,?,tornado,?] slot_now ? elixir 4->1 wall=00:54:04.041
[student] TRAY settled +0.78s tapped slot 3 meant the_log before [rocket,?,tornado,the_log] now [rocket,tornado,tornado,?] slot_now ? elixir 4->0 wall=00:54:04.563
[student] WAIT | exact=0 opp=? next=2 t=48s hand=[4, 2, 0, 149] tw=1.01.01.01.01.01.0 sp=0 unk=0 p=0.04 elixir 3 opp~? units 1 dets 1 (waits 1190/1557 badhand 560/1557) wall=00:54:11.677
[student] WAIT p=0.11 elixir 5 opp~? units 1 dets 1 (waits 1200/1567 badhand 560/1567) wall=00:54:19.240
[student] PLAY x_bow p=0.35 cell 265 board (0.75, 0.61) units 1 29 ms hand [rocket,x_bow,tornado,knight] elixir 7 wall=00:54:22.984
[student] TAP slot 1 x_bow cell 229 wall=00:54:23.336
[student] TRAY first +0.27s tapped slot 1 meant x_bow before [rocket,x_bow,tornado,knight] now [rocket,?,tornado,knight] slot_now ? elixir 7->5 wall=00:54:23.610
[student] PLAY knight p=0.64 cell 248 board (0.81, 0.55) units 2 29 ms hand [rocket,?,tornado,knight] elixir 5 wall=00:54:23.695
[student] TAP slot 3 knight cell 248 wall=00:54:24.078
[student] TRAY first +0.28s tapped slot 3 meant knight before [rocket,?,tornado,knight] now [rocket,?,tornado,?] slot_now ? elixir 5->1 wall=00:54:24.356
[student] TRAY settled +0.60s tapped slot 3 meant knight before [rocket,?,tornado,knight] now [rocket,tesla,tornado,?] slot_now ? elixir 5->1 wall=00:54:24.678
[student] PLAY ice_wizard p=0.38 cell 245 board (0.64, 0.55) units 2 18 ms hand [rocket,ice_wizard,tornado,knight] elixir 3 wall=00:54:28.278
[student] TAP slot 1 ice_wizard cell 245 wall=00:54:28.635
[student] TRAY first +0.29s tapped slot 1 meant ice_wizard before [rocket,ice_wizard,tornado,knight] now [rocket,?,tornado,knight] slot_now ? elixir 3->3 wall=00:54:28.920
[student] TRAY settled +0.66s tapped slot 1 meant ice_wizard before [rocket,ice_wizard,tornado,knight] now [rocket,?,tornado,knight] slot_now ? elixir 3->0 wall=00:54:29.296
[student] PLAY skeletons p=0.38 cell 248 board (0.81, 0.55) units 3 29 ms hand [rocket,skeletons,tornado,knight] elixir 1 wall=00:54:31.356
[student] TAP slot 1 skeletons cell 248 wall=00:54:31.735
[student] TRAY first +0.23s tapped slot 1 meant skeletons before [rocket,skeletons,tornado,knight] now [rocket,?,tornado,knight] slot_now ? elixir 1->1 wall=00:54:31.968
[student] TRAY settled +0.56s tapped slot 1 meant skeletons before [rocket,skeletons,tornado,knight] now [rocket,?,tornado,knight] slot_now ? elixir 1->0 wall=00:54:32.295
[student] PLAY knight p=0.74 cell 248 board (0.81, 0.55) units 4 21 ms hand [rocket,tesla,tornado,knight] elixir 3 wall=00:54:39.394
[student] TAP slot 3 knight cell 248 wall=00:54:39.739
[student] TRAY first +0.31s tapped slot 3 meant knight before [rocket,tesla,tornado,knight] now [rocket,?,tornado,?] slot_now ? elixir 3->3 wall=00:54:40.051
[student] PLAY tornado p=0.44 cell 175 board (0.75, 0.39) units 4 20 ms hand [rocket,?,tornado,?] elixir 3 wall=00:54:40.138
[student] TAP slot 2 tornado cell 175 wall=00:54:40.490
[student] TRAY first +0.28s tapped slot 2 meant tornado before [rocket,?,tornado,?] now [rocket,?,tornado,?] slot_now tornado elixir 3->0 wall=00:54:40.771
[student] TRAY settled +0.63s tapped slot 2 meant tornado before [rocket,?,tornado,?] now [rocket,?,tornado,the_log] slot_now tornado elixir 3->0 wall=00:54:41.116
[student] WAIT p=0.14 elixir 2 opp~? units 2 dets 2 (waits 1210/1583 badhand 563/1583) wall=00:54:46.825
[student] PLAY tesla p=0.29 cell 298 board (0.56, 0.69) units 2 23 ms hand [rocket,tesla,tornado,the_log] elixir 4 wall=00:54:52.910
[student] TAP slot 1 tesla cell 298 wall=00:54:53.266
[student] TRAY first +0.25s tapped slot 1 meant tesla before [rocket,tesla,tornado,the_log] now [rocket,?,tornado,the_log] slot_now ? elixir 4->4 wall=00:54:53.514
[student] TRAY settled +0.59s tapped slot 1 meant tesla before [rocket,tesla,tornado,the_log] now [rocket,?,tornado,the_log] slot_now ? elixir 4->1 wall=00:54:53.857
[student] WAIT p=0.12 elixir 2 opp~? units 2 dets 2 (waits 1220/1594 badhand 564/1594) wall=00:54:56.524
[student] PLAY ice_wizard p=0.38 cell 332 board (0.47, 0.77) units 2 17 ms hand [rocket,ice_wizard,tornado,the_log] elixir 3 wall=00:54:59.723
[student] TAP slot 1 ice_wizard cell 332 wall=00:55:00.070
[student] TRAY first +0.26s tapped slot 1 meant ice_wizard before [rocket,ice_wizard,tornado,the_log] now [rocket,ice_wizard,tornado,the_log] slot_now ice_wizard elixir 3->3 wall=00:55:00.327
[student] PLAY the_log p=0.35 cell 374 board (0.81, 0.86) units 3 27 ms hand [rocket,ice_wizard,tornado,the_log] elixir 3 wall=00:55:00.415
[student] TAP slot 3 the_log cell 374 wall=00:55:00.775
[student] TRAY first +0.27s tapped slot 3 meant the_log before [rocket,ice_wizard,tornado,the_log] now [rocket,the_log,tornado,?] slot_now ? elixir 3->1 wall=00:55:01.048
[student] TRAY settled +0.90s tapped slot 3 meant the_log before [rocket,ice_wizard,tornado,the_log] now [rocket,the_log,tornado,?] slot_now ? elixir 3->1 wall=00:55:01.675
[student] WAIT p=0.12 elixir 4 opp~? units 1 dets 1 (waits 1230/1606 badhand 564/1606) wall=00:55:08.514
[student] PLAY rocket p=0.69 cell 194 board (0.81, 0.45) units 2 29 ms hand [rocket,x_bow,tornado,ice_wizard] elixir 8 wall=00:55:20.583
[student] TAP slot 0 rocket cell 338 wall=00:55:20.925
[clock] icon reads x3 but the clock reads x1 -> using the clock (x1)
[student] TRAY first +0.71s tapped slot 0 meant rocket before [rocket,x_bow,tornado,ice_wizard] now [?,ice_wizard,tornado,ice_wizard] slot_now ? elixir 8->6 wall=00:55:21.640
[student] PLAY ice_wizard p=0.38 cell 341 board (0.97, 0.77) units 2 24 ms hand [?,ice_wizard,tornado,ice_wizard] elixir 6 wall=00:55:21.725
[student] TAP slot 1 ice_wizard cell 341 wall=00:55:22.061
[student] TRAY first +0.55s tapped slot 1 meant ice_wizard before [?,ice_wizard,tornado,ice_wizard] now [?,x_bow,tornado,ice_wizard] slot_now x_bow elixir 6->4 wall=00:55:22.607
[student] WAIT | exact=0 opp=? next=149 t=119s hand=[-1, 3, 0, 2] tw=1.01.01.01.01.00.0x sp=0 unk=0 p=0.04 elixir 4 opp~? units 1 dets 1 (waits 1240/1618 badhand 566/1618) wall=00:55:22.680
[student] PLAY skeletons p=0.41 cell 242 board (0.47, 0.55) units 2 18 ms hand [skeletons,x_bow,tornado,ice_wizard] elixir 4 wall=00:55:23.399
[student] TAP slot 0 skeletons cell 242 wall=00:55:23.764
[student] TRAY first +0.66s tapped slot 0 meant skeletons before [skeletons,x_bow,tornado,ice_wizard] now [?,x_bow,tornado,ice_wizard] slot_now ? elixir 4->4 wall=00:55:24.427
[student] PLAY ice_wizard p=0.80 cell 297 board (0.53, 0.67) units 2 24 ms hand [?,x_bow,tornado,ice_wizard] elixir 4 wall=00:55:24.538
[student] TAP slot 3 ice_wizard cell 297 wall=00:55:24.892
[clock] icon reads x3 but the clock reads x2 -> using the clock (x2)
00:55:25 [play] elixir x2
[student] TRAY first +0.76s tapped slot 3 meant ice_wizard before [?,x_bow,tornado,ice_wizard] now [tesla,the_log,tornado,?] slot_now ? elixir 4->3 wall=00:55:25.655
[student] PLAY the_log p=0.68 cell 301 board (0.75, 0.67) units 5 29 ms hand [tesla,the_log,tornado,?] elixir 3 wall=00:55:25.875
[student] TAP slot 1 the_log cell 391 wall=00:55:26.226
[student] TRAY first +0.70s tapped slot 1 meant the_log before [tesla,the_log,tornado,?] now [knight_evo,ice_wizard,tornado,tesla_evo] slot_now ice_wizard elixir 3->3 wall=00:55:26.924
[student] PLAY knight_evo p=0.32 cell 248 board (0.81, 0.55) units 3 26 ms hand [knight_evo,ice_wizard,tornado,tesla_evo] elixir 3 wall=00:55:27.091
[student] TAP slot 0 knight_evo cell 248 wall=00:55:27.461
[student] TRAY first +0.66s tapped slot 0 meant knight_evo before [knight_evo,ice_wizard,tornado,tesla_evo] now [?,?,tornado,tesla] slot_now ? elixir 3->3 wall=00:55:28.119
[student] PLAY tornado p=0.94 cell 230 board (0.81, 0.52) units 4 19 ms hand [the_log,ice_wizard,tornado,tesla_evo] elixir 3 wall=00:55:31.290
[student] TAP slot 2 tornado cell 333 wall=00:55:31.640
[student] TRAY first +0.71s tapped slot 2 meant tornado before [the_log,ice_wizard,tornado,tesla_evo] now [the_log,?,?,tesla] slot_now ? elixir 3->3 wall=00:55:32.347
[student] PLAY ice_wizard p=0.63 cell 284 board (0.81, 0.64) units 3 30 ms hand [the_log,ice_wizard,rocket,tesla_evo] elixir 3 wall=00:55:35.482
[student] TAP slot 1 ice_wizard cell 284 wall=00:55:35.848
[student] TRAY first +0.60s tapped slot 1 meant ice_wizard before [the_log,ice_wizard,rocket,tesla_evo] now [the_log,x_bow,rocket,tesla_evo] slot_now x_bow elixir 3->3 wall=00:55:36.451
[student] PLAY the_log p=0.60 cell 338 board (0.81, 0.77) units 2 20 ms hand [the_log,x_bow,rocket,tesla_evo] elixir 3 wall=00:55:36.532
[student] TAP slot 0 the_log cell 301 wall=00:55:36.894
[student] TRAY first +0.71s tapped slot 0 meant the_log before [the_log,x_bow,rocket,tesla_evo] now [?,the_log,rocket,tesla] slot_now ? elixir 3->2 wall=00:55:37.603
[student] PLAY ice_wizard p=0.86 cell 248 board (0.81, 0.58) units 4 17 ms hand [?,ice_wizard,rocket,tesla_evo] elixir 3 wall=00:55:38.435
[student] TAP slot 1 ice_wizard cell 248 wall=00:55:38.780
[student] TRAY first +0.54s tapped slot 1 meant ice_wizard before [?,ice_wizard,rocket,tesla_evo] now [skeletons,x_bow,rocket,tesla_evo] slot_now x_bow elixir 3->4 wall=00:55:39.319
[student] PLAY tesla_evo p=0.41 cell 280 board (0.56, 0.66) units 3 25 ms hand [skeletons,x_bow,rocket,tesla_evo] elixir 4 wall=00:55:39.378
[student] TAP slot 3 tesla_evo cell 299 wall=00:55:39.741
[student] TRAY first +0.67s tapped slot 3 meant tesla_evo before [skeletons,x_bow,rocket,tesla_evo] now [skeletons,tornado,rocket,?] slot_now ? elixir 4->4 wall=00:55:40.409
[student] PLAY tornado p=0.68 cell 247 board (0.75, 0.55) units 4 28 ms hand [skeletons,tornado,rocket,?] elixir 4 wall=00:55:40.500
[student] TAP slot 1 tornado cell 247 wall=00:55:40.867
[student] TRAY first +0.72s tapped slot 1 meant tornado before [skeletons,tornado,rocket,?] now [skeletons,ice_wizard,rocket,ice_wizard] slot_now ice_wizard elixir 4->1 wall=00:55:41.589
[student] PLAY skeletons p=0.81 cell 247 board (0.75, 0.55) units 4 29 ms hand [skeletons,ice_wizard,rocket,ice_wizard] elixir 1 wall=00:55:41.700
[student] TAP slot 0 skeletons cell 247 wall=00:55:42.059
[student] TRAY first +0.65s tapped slot 0 meant skeletons before [skeletons,ice_wizard,rocket,ice_wizard] now [?,tesla,rocket,ice_wizard] slot_now ? elixir 1->1 wall=00:55:42.707
[student] PLAY ice_wizard p=0.28 cell 320 board (0.81, 0.73) units 3 27 ms hand [knight,ice_wizard,rocket,ice_wizard] elixir 3 wall=00:55:44.943
[student] TAP slot 1 ice_wizard cell 266 wall=00:55:45.286
[student] TRAY first +0.26s tapped slot 1 meant ice_wizard before [knight,ice_wizard,rocket,ice_wizard] now [knight,x_bow,rocket,ice_wizard] slot_now x_bow elixir 3->3 wall=00:55:45.546
[student] TRAY settled +0.71s tapped slot 1 meant ice_wizard before [knight,ice_wizard,rocket,ice_wizard] now [knight,x_bow,rocket,ice_wizard] slot_now x_bow elixir 3->4 wall=00:55:45.995
[student] WAIT p=0.11 elixir 4 opp~? units 2 dets 4 (waits 1250/1640 badhand 573/1640) wall=00:55:46.407
[student] WAIT p=0.10 elixir 8 opp~? units 2 dets 2 (waits 1260/1650 badhand 573/1650) wall=00:55:52.755
[student] PLAY x_bow p=0.30 cell 254 board (0.14, 0.61) units 3 31 ms hand [knight,x_bow,rocket,ice_wizard] elixir 9 wall=00:55:54.229
[student] TAP slot 1 x_bow cell 218 wall=00:55:54.591
[student] TRAY first +0.32s tapped slot 1 meant x_bow before [knight,x_bow,rocket,ice_wizard] now [knight,?,rocket,ice_wizard] slot_now ? elixir 9->5 wall=00:55:54.913
[student] PLAY knight p=0.95 cell 236 board (0.14, 0.55) units 3 20 ms hand [knight,?,rocket,ice_wizard] elixir 5 wall=00:55:54.993
[student] TAP slot 0 knight cell 236 wall=00:55:55.355
[student] TRAY first +0.29s tapped slot 0 meant knight before [knight,?,rocket,ice_wizard] now [?,?,rocket,ice_wizard] slot_now ? elixir 5->3 wall=00:55:55.646
[student] PLAY ice_wizard p=0.92 cell 238 board (0.25, 0.55) units 2 30 ms hand [?,?,rocket,ice_wizard] elixir 3 wall=00:55:55.762
[student] TAP slot 3 ice_wizard cell 238 wall=00:55:56.159
[student] TRAY first +0.29s tapped slot 3 meant ice_wizard before [?,?,rocket,ice_wizard] now [?,tornado,rocket,the_log] slot_now the_log elixir 3->1 wall=00:55:56.449
[student] TRAY settled +0.71s tapped slot 3 meant ice_wizard before [?,?,rocket,ice_wizard] now [the_log,tornado,rocket,ice_wizard] slot_now ice_wizard elixir 3->1 wall=00:55:56.871
[student] PLAY the_log p=0.59 cell 236 board (0.14, 0.55) units 2 22 ms hand [the_log,tornado,rocket,ice_wizard] elixir 2 wall=00:55:57.562
[student] TAP slot 0 the_log cell 385 wall=00:55:57.928
[student] TRAY first +0.25s tapped slot 0 meant the_log before [the_log,tornado,rocket,ice_wizard] now [?,tornado,rocket,ice_wizard] slot_now ? elixir 2->1 wall=00:55:58.174
[student] TRAY settled +0.55s tapped slot 0 meant the_log before [the_log,tornado,rocket,ice_wizard] now [?,tornado,rocket,tornado] slot_now ? elixir 2->0 wall=00:55:58.473
[student] PLAY tornado p=0.66 cell 147 board (0.19, 0.36) units 3 29 ms hand [tesla,tornado,rocket,ice_wizard] elixir 3 wall=00:56:01.939
[student] TAP slot 1 tornado cell 333 wall=00:56:02.285
[student] TRAY first +0.26s tapped slot 1 meant tornado before [tesla,tornado,rocket,ice_wizard] now [tesla,?,rocket,tornado] slot_now ? elixir 3->3 wall=00:56:02.544
[student] TRAY settled +0.58s tapped slot 1 meant tornado before [tesla,tornado,rocket,ice_wizard] now [tesla,?,rocket,ice_wizard] slot_now ? elixir 3->1 wall=00:56:02.860
[student] PLAY skeletons p=0.33 cell 235 board (0.08, 0.55) units 4 20 ms hand [tesla,skeletons,rocket,ice_wizard] elixir 2 wall=00:56:05.051
[student] TAP slot 1 skeletons cell 235 wall=00:56:05.410
[student] TRAY first +0.26s tapped slot 1 meant skeletons before [tesla,skeletons,rocket,ice_wizard] now [tesla,?,rocket,ice_wizard] slot_now ? elixir 2->2 wall=00:56:05.673
[student] TRAY settled +0.63s tapped slot 1 meant skeletons before [tesla,skeletons,rocket,ice_wizard] now [tesla,?,rocket,ice_wizard] slot_now ? elixir 2->2 wall=00:56:06.040
[student] PLAY ice_wizard p=0.79 cell 236 board (0.14, 0.55) units 5 21 ms hand [tesla,ice_wizard,rocket,ice_wizard] elixir 3 wall=00:56:07.732
[student] TAP slot 1 ice_wizard cell 236 wall=00:56:08.088
[student] TRAY first +0.27s tapped slot 1 meant ice_wizard before [tesla,ice_wizard,rocket,ice_wizard] now [tesla,x_bow,rocket,ice_wizard] slot_now x_bow elixir 3->3 wall=00:56:08.355
[student] PLAY ice_wizard p=0.37 cell 235 board (0.08, 0.58) units 3 20 ms hand [tesla,x_bow,rocket,ice_wizard] elixir 3 wall=00:56:08.438
[student] TAP slot 3 ice_wizard cell 235 wall=00:56:08.799
[student] TRAY first +0.25s tapped slot 3 meant ice_wizard before [tesla,x_bow,rocket,ice_wizard] now [tesla,tesla,rocket,?] slot_now ? elixir 3->3 wall=00:56:09.053
[student] TRAY settled +0.60s tapped slot 3 meant ice_wizard before [tesla,x_bow,rocket,ice_wizard] now [tesla,the_log,rocket,?] slot_now ? elixir 3->1 wall=00:56:09.395
[student] PLAY ice_wizard p=0.87 cell 306 board (0.03, 0.73) units 2 7 ms hand [tesla,ice_wizard,rocket,knight] elixir 3 wall=00:56:11.699
[student] TAP slot 1 ice_wizard cell 306 wall=00:56:12.051
[student] TRAY first +0.28s tapped slot 1 meant ice_wizard before [tesla,ice_wizard,rocket,knight] now [tesla,ice_wizard,rocket,knight] slot_now ice_wizard elixir 3->3 wall=00:56:12.329
[student] PLAY ice_wizard p=0.85 cell 306 board (0.03, 0.73) units 3 19 ms hand [tesla,ice_wizard,rocket,knight] elixir 3 wall=00:56:12.412
[student] TAP slot 1 ice_wizard cell 306 wall=00:56:12.758
[student] TRAY first +0.28s tapped slot 1 meant ice_wizard before [tesla,ice_wizard,rocket,knight] now [tesla,x_bow,rocket,knight] slot_now x_bow elixir 3->4 wall=00:56:13.041
[student] PLAY tesla p=0.84 cell 295 board (0.39, 0.69) units 4 20 ms hand [tesla,x_bow,rocket,knight] elixir 4 wall=00:56:13.121
[student] TAP slot 0 tesla cell 295 wall=00:56:13.466
[student] TRAY first +0.28s tapped slot 0 meant tesla before [tesla,x_bow,rocket,knight] now [?,?,rocket,knight] slot_now ? elixir 4->4 wall=00:56:13.747
[student] PLAY knight p=0.80 cell 309 board (0.19, 0.73) units 3 17 ms hand [?,?,rocket,knight] elixir 4 wall=00:56:13.827
[student] TAP slot 3 knight cell 255 wall=00:56:14.196
[student] TRAY first +0.30s tapped slot 3 meant knight before [?,?,rocket,knight] now [?,tesla,rocket,?] slot_now ? elixir 4->1 wall=00:56:14.494
[student] TRAY settled +0.65s tapped slot 3 meant knight before [?,?,rocket,knight] now [the_log,the_log,rocket,?] slot_now ? elixir 4->1 wall=00:56:14.844
[student] PLAY the_log p=0.69 cell 237 board (0.19, 0.55) units 3 25 ms hand [the_log,the_log,rocket,?] elixir 2 wall=00:56:15.715
[student] TAP slot 0 the_log cell 383 wall=00:56:16.106
[student] TRAY first +0.30s tapped slot 0 meant the_log before [the_log,the_log,rocket,?] now [?,tornado,rocket,knight] slot_now ? elixir 2->2 wall=00:56:16.410
[student] TRAY settled +0.91s tapped slot 0 meant the_log before [the_log,the_log,rocket,?] now [?,?,rocket,knight] slot_now ? elixir 2->1 wall=00:56:17.013
[student] PLAY ice_wizard p=0.63 cell 331 board (0.42, 0.77) units 2 27 ms hand [tornado,ice_wizard,rocket,knight] elixir 3 wall=00:56:20.166
[student] TAP slot 1 ice_wizard cell 331 wall=00:56:20.521
[student] TRAY first +0.34s tapped slot 1 meant ice_wizard before [tornado,ice_wizard,rocket,knight] now [tornado,x_bow,rocket,knight] slot_now x_bow elixir 3->3 wall=00:56:20.864
[student] PLAY knight p=0.37 cell 237 board (0.19, 0.55) units 4 29 ms hand [tornado,x_bow,rocket,knight] elixir 3 wall=00:56:21.032
[student] TAP slot 3 knight cell 237 wall=00:56:21.369
[student] TRAY first +0.37s tapped slot 3 meant knight before [tornado,x_bow,rocket,knight] now [tornado,tesla,rocket,?] slot_now ? elixir 3->3 wall=00:56:21.738
[student] PLAY tornado p=0.41 cell 148 board (0.25, 0.36) units 2 26 ms hand [tornado,tesla,rocket,?] elixir 3 wall=00:56:21.851
[student] TAP slot 0 tornado cell 333 wall=00:56:22.199
[student] TRAY first +0.36s tapped slot 0 meant tornado before [tornado,tesla,rocket,?] now [tornado,the_log,rocket,?] slot_now tornado elixir 3->2 wall=00:56:22.559
[student] PLAY the_log p=0.81 cell 337 board (0.75, 0.77) units 4 33 ms hand [tornado,the_log,rocket,?] elixir 2 wall=00:56:22.633
[student] TAP slot 1 the_log cell 387 wall=00:56:22.996
[student] TRAY first +0.40s tapped slot 1 meant the_log before [tornado,the_log,rocket,?] now [tornado,tornado,rocket,skeletons] slot_now tornado elixir 2->2 wall=00:56:23.392
[student] PLAY skeletons p=0.46 cell 336 board (0.69, 0.77) units 6 20 ms hand [tornado,tornado,rocket,skeletons] elixir 2 wall=00:56:23.478
[student] TAP slot 3 skeletons cell 336 wall=00:56:23.809
[student] TRAY first +0.40s tapped slot 3 meant skeletons before [tornado,tornado,rocket,skeletons] now [tornado,the_log,rocket,?] slot_now ? elixir 2->2 wall=00:56:24.207
[student] WAIT p=0.18 elixir 2 opp~? units 8 dets 8 (waits 1270/1678 badhand 581/1678) wall=00:56:24.290
[student] TRAY settled +0.87s tapped slot 3 meant skeletons before [tornado,tornado,rocket,skeletons] now [tornado,the_log,rocket,?] slot_now ? elixir 2->2 wall=00:56:24.675
[student] PLAY ice_wizard p=0.41 cell 332 board (0.47, 0.77) units 10 26 ms hand [tornado,ice_wizard,rocket,ice_wizard] elixir 3 wall=00:56:25.578
[student] TAP slot 1 ice_wizard cell 332 wall=00:56:25.922
[student] TRAY first +0.35s tapped slot 1 meant ice_wizard before [tornado,ice_wizard,rocket,ice_wizard] now [tornado,x_bow,rocket,ice_wizard] slot_now x_bow elixir 3->3 wall=00:56:26.271
[student] TRAY settled +1.12s tapped slot 1 meant ice_wizard before [tornado,ice_wizard,rocket,ice_wizard] now [tornado,x_bow,rocket,ice_wizard] slot_now x_bow elixir 3->4 wall=00:56:27.040
[student] PLAY ice_wizard p=0.57 cell 298 board (0.58, 0.7) units 6 18 ms hand [tornado,x_bow,rocket,ice_wizard] elixir 4 wall=00:56:27.115
[student] TAP slot 3 ice_wizard cell 298 wall=00:56:27.495
[student] TRAY first +0.37s tapped slot 3 meant ice_wizard before [tornado,x_bow,rocket,ice_wizard] now [tornado,the_log,rocket,?] slot_now ? elixir 4->3 wall=00:56:27.869
[student] PLAY tornado p=0.68 cell 240 board (0.36, 0.58) units 8 25 ms hand [tornado,the_log,rocket,?] elixir 3 wall=00:56:27.958
[student] TAP slot 0 tornado cell 333 wall=00:56:28.327
[student] TRAY first +0.40s tapped slot 0 meant tornado before [tornado,the_log,rocket,?] now [?,the_log,rocket,?] slot_now ? elixir 3->2 wall=00:56:28.727
[student] PLAY the_log p=0.60 cell 338 board (0.81, 0.77) units 3 25 ms hand [?,the_log,rocket,?] elixir 2 wall=00:56:28.822
[student] TAP slot 1 the_log cell 314 wall=00:56:29.193
[student] TRAY first +0.33s tapped slot 1 meant the_log before [?,the_log,rocket,?] now [?,x_bow,rocket,tesla] slot_now x_bow elixir 2->3 wall=00:56:29.525
[student] TRAY settled +0.71s tapped slot 1 meant the_log before [?,the_log,rocket,?] now [?,x_bow,rocket,tesla] slot_now x_bow elixir 2->0 wall=00:56:29.905
[student] PLAY ice_wizard p=0.74 cell 334 board (0.58, 0.77) units 5 32 ms hand [the_log,ice_wizard,rocket,tesla] elixir 3 wall=00:56:33.910
[student] TAP slot 1 ice_wizard cell 334 wall=00:56:34.270
[student] TRAY first +0.41s tapped slot 1 meant ice_wizard before [the_log,ice_wizard,rocket,tesla] now [the_log,x_bow,rocket,tesla] slot_now x_bow elixir 3->3 wall=00:56:34.680
[student] PLAY the_log p=0.29 cell 338 board (0.81, 0.77) units 5 27 ms hand [the_log,x_bow,rocket,tesla] elixir 3 wall=00:56:34.770
[student] TAP slot 0 the_log cell 387 wall=00:56:35.112
[student] TRAY first +0.40s tapped slot 0 meant the_log before [the_log,x_bow,rocket,tesla] now [?,the_log,rocket,tesla] slot_now ? elixir 3->2 wall=00:56:35.515
[student] TRAY settled +0.83s tapped slot 0 meant the_log before [the_log,x_bow,rocket,tesla] now [?,the_log,rocket,tesla] slot_now ? elixir 3->2 wall=00:56:35.941
[student] PLAY the_log p=0.28 cell 248 board (0.81, 0.55) units 4 20 ms hand [?,the_log,rocket,tesla] elixir 2 wall=00:56:36.036
[student] TAP slot 1 the_log cell 386 wall=00:56:36.376
[student] TRAY first +0.42s tapped slot 1 meant the_log before [?,the_log,rocket,tesla] now [knight_evo,ice_wizard,rocket,tesla] slot_now ice_wizard elixir 2->3 wall=00:56:36.792
[student] PLAY knight_evo p=0.44 cell 248 board (0.81, 0.55) units 7 29 ms hand [knight_evo,ice_wizard,rocket,tesla] elixir 3 wall=00:56:36.896
[student] TAP slot 0 knight_evo cell 248 wall=00:56:37.233
[student] TRAY first +0.33s tapped slot 0 meant knight_evo before [knight_evo,ice_wizard,rocket,tesla] now [?,?,rocket,tesla] slot_now ? elixir 3->3 wall=00:56:37.559
[student] TRAY settled +0.79s tapped slot 0 meant knight_evo before [knight_evo,ice_wizard,rocket,tesla] now [?,?,rocket,tesla] slot_now ? elixir 3->1 wall=00:56:38.028
[student] WAIT | exact=0 opp=? next=2 t=198s hand=[7, 3, 4, 164] tw=1.01.00.0x1.01.00.0x sp=1 unk=0 p=0.00 elixir 4 opp~? units 3 dets 4 (waits 1280/1696 badhand 586/1696) wall=00:56:42.429
[student] WAIT | exact=0 opp=? next=2 t=205s hand=[7, 3, 4, 164] tw=1.01.00.0x1.01.00.0x sp=0 unk=0 p=0.00 elixir 8 opp~? units 6 dets 6 (waits 1290/1706 badhand 586/1706) wall=00:56:48.904
[student] STALL-PLAY skeletons p=0.00 cell 237 board (0.19, 0.55) units 6 21 ms hand [skeletons,x_bow,rocket,tesla] elixir 9 wall=00:56:49.730
[student] TAP slot 0 skeletons cell 237 wall=00:56:50.110
[student] TRAY first +0.41s tapped slot 0 meant skeletons before [skeletons,x_bow,rocket,tesla] now [?,x_bow,rocket,tesla] slot_now ? elixir 9->8 wall=00:56:50.524
[student] PLAY rocket p=0.94 cell 120 board (0.69, 0.27) units 9 26 ms hand [?,x_bow,rocket,tesla] elixir 8 wall=00:56:50.626
[student] TAP slot 2 rocket cell 120 wall=00:56:50.958
[student] TRAY first +0.36s tapped slot 2 meant rocket before [?,x_bow,rocket,tesla] now [?,the_log,?,tesla] slot_now ? elixir 8->5 wall=00:56:51.318
[student] PLAY the_log p=0.89 cell 247 board (0.75, 0.55) units 6 28 ms hand [?,the_log,?,tesla] elixir 5 wall=00:56:51.418
[student] TAP slot 1 the_log cell 370 wall=00:56:51.789
[student] TRAY first +0.44s tapped slot 1 meant the_log before [?,the_log,?,tesla] now [ice_wizard,ice_wizard,?,tesla] slot_now ice_wizard elixir 5->3 wall=00:56:52.226
[student] PLAY ice_wizard p=0.93 cell 329 board (0.31, 0.77) units 9 30 ms hand [ice_wizard,ice_wizard,?,tesla] elixir 3 wall=00:56:52.338
[student] TAP slot 0 ice_wizard cell 329 wall=00:56:52.727
[student] TRAY first +0.36s tapped slot 0 meant ice_wizard before [ice_wizard,ice_wizard,?,tesla] now [?,tesla,tornado,tesla] slot_now ? elixir 3->3 wall=00:56:53.087
[student] TRAY settled +0.88s tapped slot 0 meant ice_wizard before [ice_wizard,ice_wizard,?,tesla] now [?,tesla,ice_wizard,tesla] slot_now ? elixir 3->1 wall=00:56:53.605
[student] PLAY the_log p=0.46 cell 327 board (0.19, 0.77) units 3 23 ms hand [the_log,the_log,tornado,tesla] elixir 2 wall=00:56:54.512
[student] TAP slot 0 the_log cell 383 wall=00:56:54.857
[student] TRAY first +0.34s tapped slot 0 meant the_log before [the_log,the_log,tornado,tesla] now [?,tornado,tornado,tesla] slot_now ? elixir 2->2 wall=00:56:55.194
[student] TRAY settled +0.74s tapped slot 0 meant the_log before [the_log,the_log,tornado,tesla] now [?,?,tornado,tesla] slot_now ? elixir 2->0 wall=00:56:55.600
00:57:01 [play] UNKNOWN 0.4s after in-match -> grace hold (label lost: overtime / end animation / dropout; up to 150s)
00:57:01 [play] in-match read re-acquired -> grace hold released
00:57:02 [play] UNKNOWN 0.5s after in-match -> grace hold (label lost: overtime / end animation / dropout; up to 150s)
00:57:03 [play] in-match read re-acquired -> grace hold released
00:57:03 [play] state: MATCH_END
[overlay-replay] saved C:\Users\benpe\ClashBot\icebow\data\overlayed_replays\match_20260912_005324.mp4 (10994 frames, captured 29.4 fps)
00:57:03 [nav] MATCH_END -> Play Again (located) (0.348,0.914)
00:57:04 [play] state: UNKNOWN
00:57:10 [play] state: IN_MATCH
[student] WAIT | exact=0 opp=? next=149 t=7s hand=[2, 164, 6, 0] tw=1.01.01.01.01.01.0 sp=0 unk=0 p=0.00 elixir 9 opp~? units 0 dets 0 (waits 1300/1721 badhand 591/1721) wall=00:57:17.290
[student] STALL-PLAY the_log p=0.19 cell 247 board (0.75, 0.55) units 1 19 ms hand [ice_wizard,tesla,the_log,tornado] elixir 10 wall=00:57:23.256
[student] TAP slot 2 the_log cell 247 wall=00:57:23.613
[student] TRAY first +0.25s tapped slot 2 meant the_log before [ice_wizard,tesla,the_log,tornado] now [ice_wizard,tesla,?,tornado] slot_now ? elixir 10->7 wall=00:57:23.860
[student] TRAY settled +0.61s tapped slot 2 meant the_log before [ice_wizard,tesla,the_log,tornado] now [ice_wizard,tesla,?,tornado] slot_now ? elixir 10->8 wall=00:57:24.224
[student] WAIT p=0.16 elixir 8 opp~? units 1 dets 3 (waits 1310/1732 badhand 593/1732) wall=00:57:24.311
[student] PLAY ice_wizard p=0.33 cell 334 board (0.58, 0.77) units 1 16 ms hand [ice_wizard,tesla,?,tornado] elixir 10 wall=00:57:31.857
[student] TAP slot 0 ice_wizard cell 334 wall=00:57:32.222
[student] TRAY first +0.28s tapped slot 0 meant ice_wizard before [ice_wizard,tesla,?,tornado] now [?,tesla,?,tornado] slot_now ? elixir 10->7 wall=00:57:32.504
[student] WAIT p=0.24 elixir 7 opp~? units 2 dets 2 (waits 1320/1743 badhand 604/1743) wall=00:57:32.581
[student] TRAY settled +0.63s tapped slot 0 meant ice_wizard before [ice_wizard,tesla,?,tornado] now [?,tesla,?,tornado] slot_now ? elixir 10->7 wall=00:57:32.855
[student] WAIT p=0.10 elixir 9 opp~? units 2 dets 2 (waits 1330/1753 badhand 614/1753) wall=00:57:39.319
[student] PLAY tesla p=0.32 cell 279 board (0.5, 0.66) units 2 24 ms hand [rocket,tesla,?,tornado] elixir 10 wall=00:57:42.584
[student] TAP slot 1 tesla cell 279 wall=00:57:42.950
[student] TRAY first +0.28s tapped slot 1 meant tesla before [rocket,tesla,?,tornado] now [rocket,?,?,tornado] slot_now ? elixir 10->6 wall=00:57:43.227
[student] TRAY settled +1.07s tapped slot 1 meant tesla before [rocket,tesla,?,tornado] now [rocket,?,?,tornado] slot_now ? elixir 10->6 wall=00:57:44.017
[student] WAIT p=0.13 elixir 7 opp~? units 3 dets 3 (waits 1340/1764 badhand 625/1764) wall=00:57:47.901
[student] PLAY x_bow p=0.37 cell 254 board (0.14, 0.61) units 3 36 ms hand [rocket,x_bow,?,tornado] elixir 9 wall=00:57:53.497
[student] TAP slot 1 x_bow cell 218 wall=00:57:53.873
[student] TRAY first +0.38s tapped slot 1 meant x_bow before [rocket,x_bow,?,tornado] now [rocket,?,?,tornado] slot_now ? elixir 9->6 wall=00:57:54.250
[student] PLAY tornado p=0.45 cell 176 board (0.81, 0.39) units 4 37 ms hand [rocket,?,?,tornado] elixir 6 wall=00:57:54.377
[student] TAP slot 3 tornado cell 176 wall=00:57:54.741
[student] TRAY first +0.29s tapped slot 3 meant tornado before [rocket,?,?,tornado] now [rocket,?,tornado,?] slot_now ? elixir 6->3 wall=00:57:55.035
[student] TRAY settled +0.67s tapped slot 3 meant tornado before [rocket,?,?,tornado] now [rocket,skeletons,?,?] slot_now ? elixir 6->0 wall=00:57:55.410
[student] WAIT | exact=0 opp=? next=2 t=46s hand=[4, 7, 0, 6] tw=1.01.01.01.01.01.0 sp=0 unk=0 p=0.03 elixir 1 opp~? units 5 dets 5 (waits 1350/1776 badhand 635/1776) wall=00:57:56.865
[student] PLAY skeletons p=0.31 cell 247 board (0.75, 0.55) units 4 27 ms hand [rocket,skeletons,knight,the_log] elixir 2 wall=00:57:58.645
[student] TAP slot 1 skeletons cell 247 wall=00:57:59.012
[student] TRAY first +0.26s tapped slot 1 meant skeletons before [rocket,skeletons,knight,the_log] now [rocket,?,?,the_log] slot_now ? elixir 2->1 wall=00:57:59.267
[student] TRAY settled +0.56s tapped slot 1 meant skeletons before [rocket,skeletons,knight,the_log] now [rocket,?,?,the_log] slot_now ? elixir 2->1 wall=00:57:59.571
[student] PLAY ice_wizard p=0.47 cell 238 board (0.25, 0.55) units 3 27 ms hand [rocket,ice_wizard,?,the_log] elixir 3 wall=00:58:04.261
[student] TAP slot 1 ice_wizard cell 238 wall=00:58:04.626
[student] TRAY first +0.28s tapped slot 1 meant ice_wizard before [rocket,ice_wizard,?,the_log] now [rocket,?,tornado,the_log] slot_now ? elixir 3->3 wall=00:58:04.910
[student] TRAY settled +0.65s tapped slot 1 meant ice_wizard before [rocket,ice_wizard,?,the_log] now [rocket,?,tornado,the_log] slot_now ? elixir 3->0 wall=00:58:05.276
[student] WAIT p=0.07 elixir 2 opp~? units 1 dets 1 (waits 1360/1788 badhand 636/1788) wall=00:58:11.091
[student] PLAY the_log p=0.58 cell 309 board (0.19, 0.73) units 2 8 ms hand [rocket,tesla,?,the_log] elixir 4 wall=00:58:16.217
[student] TAP slot 3 the_log cell 291 wall=00:58:16.583
[student] TRAY first +0.28s tapped slot 3 meant the_log before [rocket,tesla,?,the_log] now [rocket,tesla,?,?] slot_now ? elixir 4->2 wall=00:58:16.861
[student] TRAY settled +0.89s tapped slot 3 meant the_log before [rocket,tesla,?,the_log] now [rocket,tesla,?,?] slot_now ? elixir 4->2 wall=00:58:17.475
[student] WAIT | exact=0 opp=? next=0 t=69s hand=[4, 164, 149, 2] tw=1.01.01.01.01.01.0 sp=1 unk=0 p=0.03 elixir 3 opp~? units 1 dets 2 (waits 1370/1799 badhand 636/1799) wall=00:58:19.764
[student] PLAY tesla p=0.57 cell 309 board (0.17, 0.72) units 2 22 ms hand [rocket,tesla,?,x_bow] elixir 4 wall=00:58:22.946
[student] TAP slot 1 tesla cell 255 wall=00:58:23.298
[student] TRAY first +0.31s tapped slot 1 meant tesla before [rocket,tesla,?,x_bow] now [rocket,?,?,?] slot_now ? elixir 4->4 wall=00:58:23.604
[student] TRAY settled +1.11s tapped slot 1 meant tesla before [rocket,tesla,?,x_bow] now [rocket,?,?,?] slot_now ? elixir 4->1 wall=00:58:24.403
[student] WAIT p=0.13 elixir 3 opp~? units 3 dets 3 (waits 1380/1810 badhand 636/1810) wall=00:58:30.627
[student] PLAY tornado p=0.28 cell 175 board (0.75, 0.39) units 4 29 ms hand [rocket,tornado,?,x_bow] elixir 5 wall=00:58:37.505
[student] TAP slot 1 tornado cell 175 wall=00:58:37.867
[student] TRAY first +0.28s tapped slot 1 meant tornado before [rocket,tornado,?,x_bow] now [rocket,?,?,ice_wizard] slot_now ? elixir 5->3 wall=00:58:38.145
[student] WAIT p=0.08 elixir 3 opp~? units 3 dets 3 (waits 1390/1821 badhand 637/1821) wall=00:58:38.225
[student] TRAY settled +0.59s tapped slot 1 meant tornado before [rocket,tornado,?,x_bow] now [rocket,?,?,ice_wizard] slot_now ? elixir 5->3 wall=00:58:38.457
[student] PLAY ice_wizard p=0.48 cell 297 board (0.53, 0.7) units 4 17 ms hand [rocket,?,?,ice_wizard] elixir 3 wall=00:58:39.134
[student] TAP slot 3 ice_wizard cell 297 wall=00:58:39.505
[student] TRAY first +0.28s tapped slot 3 meant ice_wizard before [rocket,?,?,ice_wizard] now [rocket,skeletons,?,?] slot_now ? elixir 3->3 wall=00:58:39.788
[student] TRAY settled +0.63s tapped slot 3 meant ice_wizard before [rocket,?,?,ice_wizard] now [rocket,skeletons,?,?] slot_now ? elixir 3->3 wall=00:58:40.138
[student] WAIT p=0.16 elixir 5 opp~? units 3 dets 3 (waits 1400/1832 badhand 648/1832) wall=00:58:45.364
[student] WAIT p=0.08 elixir 7 opp~? units 2 dets 2 (waits 1410/1842 badhand 648/1842) wall=00:58:51.652
[student] STALL-PLAY skeletons p=0.10 cell 320 board (0.81, 0.73) units 3 20 ms hand [rocket,skeletons,?,x_bow] elixir 9 wall=00:58:56.425
[student] TAP slot 1 skeletons cell 266 wall=00:58:56.761
[student] TRAY first +1.11s tapped slot 1 meant skeletons before [rocket,skeletons,?,x_bow] now [rocket,?,?,x_bow] slot_now ? elixir 9->8 wall=00:58:57.870
[student] PLAY rocket p=0.27 cell 302 board (0.81, 0.67) units 4 30 ms hand [rocket,?,?,x_bow] elixir 8 wall=00:58:57.959
[student] TAP slot 0 rocket cell 320 wall=00:58:58.312
[student] TRAY first +1.12s tapped slot 0 meant rocket before [rocket,?,?,x_bow] now [?,ice_wizard,?,ice_wizard] slot_now ? elixir 8->5 wall=00:58:59.428
[student] PLAY ice_wizard p=0.67 cell 323 board (0.97, 0.73) units 3 30 ms hand [the_log,ice_wizard,?,ice_wizard] elixir 3 wall=00:59:00.719
[student] TAP slot 1 ice_wizard cell 323 wall=00:59:01.080
[student] TRAY first +0.87s tapped slot 1 meant ice_wizard before [the_log,ice_wizard,?,ice_wizard] now [the_log,?,?,?] slot_now ? elixir 3->3 wall=00:59:01.947
[student] PLAY the_log p=0.62 cell 338 board (0.81, 0.77) units 4 25 ms hand [the_log,?,?,?] elixir 3 wall=00:59:02.042
[student] TAP slot 0 the_log cell 338 wall=00:59:02.387
[student] TRAY first +1.14s tapped slot 0 meant the_log before [the_log,?,?,?] now [?,?,?,tesla] slot_now ? elixir 3->1 wall=00:59:03.524
[clock] icon reads x3 but the clock reads x1 -> using the clock (x1)
[clock] icon reads x3 but the clock reads x2 -> using the clock (x2)
00:59:11 [play] elixir x2
[student] WAIT | exact=0 opp=? next=7 t=122s hand=[0, 164, 149, 3] tw=1.01.01.01.01.01.0 sp=0 unk=0 p=0.05 elixir 4 opp~? units 3 dets 3 (waits 1420/1856 badhand 653/1856) wall=00:59:12.492
[student] PLAY tesla_evo p=0.30 cell 279 board (0.5, 0.66) units 3 21 ms hand [tornado,tesla_evo,?,x_bow] elixir 6 wall=00:59:15.366
[student] TAP slot 1 tesla_evo cell 279 wall=00:59:15.750
[student] TRAY first +0.58s tapped slot 1 meant tesla_evo before [tornado,tesla_evo,?,x_bow] now [tornado,?,?,ice_wizard] slot_now ? elixir 6->4 wall=00:59:16.326
[student] PLAY tornado p=0.53 cell 211 board (0.75, 0.48) units 4 29 ms hand [tornado,?,?,ice_wizard] elixir 4 wall=00:59:16.418
[student] TAP slot 0 tornado cell 211 wall=00:59:16.774
[student] TRAY first +0.70s tapped slot 0 meant tornado before [tornado,?,?,ice_wizard] now [?,?,?,tesla] slot_now ? elixir 4->3 wall=00:59:17.474
[student] PLAY skeletons p=0.27 cell 320 board (0.81, 0.73) units 4 33 ms hand [?,skeletons,?,the_log] elixir 1 wall=00:59:18.329
[student] TAP slot 1 skeletons cell 266 wall=00:59:18.708
[student] TRAY first +0.78s tapped slot 1 meant skeletons before [?,skeletons,?,the_log] now [rocket,?,?,the_log] slot_now ? elixir 1->1 wall=00:59:19.492
[student] PLAY ice_wizard p=0.32 cell 296 board (0.47, 0.7) units 4 28 ms hand [rocket,ice_wizard,?,ice_wizard] elixir 3 wall=00:59:21.320
[student] TAP slot 1 ice_wizard cell 296 wall=00:59:21.682
[student] TRAY first +0.64s tapped slot 1 meant ice_wizard before [rocket,ice_wizard,?,ice_wizard] now [rocket,?,?,?] slot_now ? elixir 3->3 wall=00:59:22.325
[student] PLAY the_log p=0.57 cell 301 board (0.75, 0.7) units 5 24 ms hand [rocket,the_log,?,ice_wizard] elixir 3 wall=00:59:25.584
[student] TAP slot 1 the_log cell 388 wall=00:59:25.931
[student] TRAY first +0.77s tapped slot 1 meant the_log before [rocket,the_log,?,ice_wizard] now [rocket,?,?,the_log] slot_now ? elixir 3->1 wall=00:59:26.704
[student] PLAY the_log p=0.30 cell 319 board (0.75, 0.73) units 5 28 ms hand [rocket,?,?,the_log] elixir 2 wall=00:59:27.606
[student] TAP slot 3 the_log cell 388 wall=00:59:27.965
[student] TRAY first +0.73s tapped slot 3 meant the_log before [rocket,?,?,the_log] now [rocket,tesla,?,?] slot_now ? elixir 2->3 wall=00:59:28.693
[student] PLAY tesla p=0.59 cell 243 board (0.5, 0.56) units 3 24 ms hand [rocket,tesla,?,?] elixir 4 wall=00:59:29.607
[student] TAP slot 1 tesla cell 243 wall=00:59:29.976
[student] TRAY first +0.75s tapped slot 1 meant tesla before [rocket,tesla,?,?] now [rocket,?,tornado,?] slot_now ? elixir 4->4 wall=00:59:30.727
[student] PLAY tornado p=0.85 cell 229 board (0.75, 0.52) units 6 35 ms hand [rocket,?,tornado,?] elixir 4 wall=00:59:30.838
[student] TAP slot 2 tornado cell 229 wall=00:59:31.193
[student] TRAY first +0.26s tapped slot 2 meant tornado before [rocket,?,tornado,?] now [rocket,?,?,tesla] slot_now ? elixir 4->1 wall=00:59:31.455
[student] TRAY settled +0.61s tapped slot 2 meant tornado before [rocket,?,tornado,?] now [rocket,tornado,?,the_log] slot_now ? elixir 4->1 wall=00:59:31.803
[student] PLAY tornado p=0.33 cell 260 board (0.47, 0.61) units 3 30 ms hand [rocket,tornado,?,x_bow] elixir 4 wall=00:59:34.938
[student] TAP slot 1 tornado cell 333 wall=00:59:35.293
[student] TRAY first +0.30s tapped slot 1 meant tornado before [rocket,tornado,?,x_bow] now [rocket,?,?,tesla] slot_now ? elixir 4->3 wall=00:59:35.595
[student] TRAY settled +0.92s tapped slot 1 meant tornado before [rocket,tornado,?,x_bow] now [rocket,?,knight,the_log] slot_now ? elixir 4->2 wall=00:59:36.215
[student] WAIT | exact=0 opp=? next=7 t=146s hand=[4, -1, 149, 6] tw=1.01.00.0x1.01.01.0 sp=0 unk=0 p=0.01 elixir 2 opp~? units 2 dets 2 (waits 1430/1875 badhand 661/1875) wall=00:59:36.304
[student] PLAY skeletons p=0.41 cell 280 board (0.58, 0.64) units 4 14 ms hand [rocket,skeletons,?,the_log] elixir 2 wall=00:59:36.907
[student] TAP slot 1 skeletons cell 280 wall=00:59:37.260
[student] TRAY first +0.28s tapped slot 1 meant skeletons before [rocket,skeletons,?,the_log] now [rocket,?,knight,the_log] slot_now ? elixir 2->2 wall=00:59:37.536
[student] TRAY settled +0.65s tapped slot 1 meant skeletons before [rocket,skeletons,?,the_log] now [rocket,?,knight,the_log] slot_now ? elixir 2->2 wall=00:59:37.905
[student] PLAY ice_wizard p=0.55 cell 332 board (0.47, 0.77) units 6 30 ms hand [rocket,ice_wizard,?,ice_wizard] elixir 3 wall=00:59:39.003
[student] TAP slot 1 ice_wizard cell 332 wall=00:59:39.376
[student] TRAY first +0.34s tapped slot 1 meant ice_wizard before [rocket,ice_wizard,?,ice_wizard] now [rocket,?,tornado,?] slot_now ? elixir 3->3 wall=00:59:39.713
[student] TRAY settled +1.01s tapped slot 1 meant ice_wizard before [rocket,ice_wizard,?,ice_wizard] now [rocket,?,?,?] slot_now ? elixir 3->1 wall=00:59:40.390
[student] PLAY knight p=0.31 cell 238 board (0.25, 0.55) units 4 19 ms hand [rocket,the_log,knight,ice_wizard] elixir 4 wall=00:59:44.584
[student] TAP slot 2 knight cell 238 wall=00:59:44.949
[student] TRAY first +0.29s tapped slot 2 meant knight before [rocket,the_log,knight,ice_wizard] now [rocket,the_log,?,x_bow] slot_now ? elixir 4->4 wall=00:59:45.236
[student] PLAY the_log p=0.28 cell 238 board (0.25, 0.55) units 6 30 ms hand [rocket,the_log,?,x_bow] elixir 4 wall=00:59:45.322
[student] TAP slot 1 the_log cell 310 wall=00:59:45.675
[student] TRAY first +0.31s tapped slot 1 meant the_log before [rocket,the_log,?,x_bow] now [rocket,?,?,x_bow] slot_now ? elixir 4->2 wall=00:59:45.989
[student] TRAY settled +0.90s tapped slot 1 meant the_log before [rocket,the_log,?,x_bow] now [rocket,?,tesla,?] slot_now ? elixir 4->0 wall=00:59:46.575
[student] WAIT p=0.09 elixir 2 opp~? units 4 dets 6 (waits 1440/1889 badhand 665/1889) wall=00:59:49.882
[student] PLAY rocket p=0.33 cell 76 board (0.25, 0.17) units 6 29 ms hand [rocket,tornado,tesla,x_bow] elixir 7 wall=00:59:55.860
[student] TAP slot 0 rocket cell 23 wall=00:59:56.211
[student] TRAY first +0.29s tapped slot 0 meant rocket before [rocket,tornado,tesla,x_bow] now [?,tornado,tesla,tesla] slot_now ? elixir 7->6 wall=00:59:56.505
[student] TRAY settled +0.67s tapped slot 0 meant rocket before [rocket,tornado,tesla,x_bow] now [?,tornado,tesla,the_log] slot_now ? elixir 7->1 wall=00:59:56.876
[student] WAIT | exact=0 opp=? next=7 t=167s hand=[-1, 0, 164, 6] tw=1.01.00.0x1.01.01.0 sp=1 unk=0 p=0.01 elixir 2 opp~? units 6 dets 7 (waits 1450/1900 badhand 667/1900) wall=00:59:57.316
[student] PLAY tornado p=0.54 cell 260 board (0.47, 0.61) units 5 34 ms hand [skeletons,tornado,tesla,ice_wizard] elixir 3 wall=00:59:58.616
[student] TAP slot 1 tornado cell 332 wall=00:59:58.986
[student] TRAY first +0.28s tapped slot 1 meant tornado before [skeletons,tornado,tesla,ice_wizard] now [skeletons,?,tesla,?] slot_now ? elixir 3->3 wall=00:59:59.264
[student] TRAY settled +0.88s tapped slot 1 meant tornado before [skeletons,tornado,tesla,ice_wizard] now [skeletons,?,tesla,?] slot_now ? elixir 3->0 wall=00:59:59.868
[student] PLAY skeletons p=0.62 cell 280 board (0.58, 0.64) units 5 32 ms hand [skeletons,ice_wizard,tesla,ice_wizard] elixir 2 wall=01:00:02.845
[student] TAP slot 0 skeletons cell 280 wall=01:00:03.191
[student] TRAY first +0.28s tapped slot 0 meant skeletons before [skeletons,ice_wizard,tesla,ice_wizard] now [?,ice_wizard,tesla,the_log] slot_now ? elixir 2->1 wall=01:00:03.475
[student] TRAY settled +0.89s tapped slot 0 meant skeletons before [skeletons,ice_wizard,tesla,ice_wizard] now [?,ice_wizard,tesla,ice_wizard] slot_now ? elixir 2->3 wall=01:00:04.077
[student] PLAY ice_wizard p=0.36 cell 313 board (0.42, 0.73) units 4 28 ms hand [?,ice_wizard,tesla,ice_wizard] elixir 3 wall=01:00:04.168
[student] TAP slot 1 ice_wizard cell 313 wall=01:00:04.514
[student] TRAY first +0.29s tapped slot 1 meant ice_wizard before [?,ice_wizard,tesla,ice_wizard] now [tornado,?,tesla,?] slot_now ? elixir 3->3 wall=01:00:04.799
[student] PLAY tornado p=0.61 cell 333 board (0.53, 0.77) units 5 20 ms hand [tornado,?,tesla,?] elixir 3 wall=01:00:04.887
[student] TAP slot 0 tornado cell 332 wall=01:00:05.265
[student] TRAY first +0.28s tapped slot 0 meant tornado before [tornado,?,tesla,?] now [?,?,tesla,?] slot_now ? elixir 3->1 wall=01:00:05.543
[student] TRAY settled +0.70s tapped slot 0 meant tornado before [tornado,?,tesla,?] now [?,?,tesla,?] slot_now ? elixir 3->1 wall=01:00:05.966
01:00:07 [play] UNKNOWN 0.7s after in-match -> grace hold (label lost: overtime / end animation / dropout; up to 150s)
01:00:13 [play] state: MATCH_END
[overlay-replay] saved C:\Users\benpe\ClashBot\icebow\data\overlayed_replays\match_20260912_005710.mp4 (9163 frames, captured 29.5 fps)
[overlay-replay] 10/10 clip(s) recorded -- cap reached, recorder off for this session
01:00:14 [nav] MATCH_END -> Play Again (located) (0.348,0.914)
01:00:14 [play] state: UNKNOWN
01:00:20 [play] state: IN_MATCH
[student] WAIT | exact=0 opp=? next=7 t=3s hand=[6, 164, 0, 0] tw=1.01.01.01.01.01.0 sp=0 unk=0 p=0.00 elixir 8 opp~? units 0 dets 0 (waits 1460/1914 badhand 671/1914) wall=01:00:23.924
[student] WAIT p=0.11 elixir 10 opp~? units 2 dets 2 (waits 1470/1924 badhand 671/1924) wall=01:00:30.316
[student] PLAY tornado p=0.37 cell 332 board (0.47, 0.77) units 2 18 ms hand [the_log,tesla,?,tornado] elixir 10 wall=01:00:31.970
[student] TAP slot 3 tornado cell 332 wall=01:00:32.308
[student] TRAY first +0.24s tapped slot 3 meant tornado before [the_log,tesla,?,tornado] now [the_log,tesla,?,?] slot_now ? elixir 10->7 wall=01:00:32.551
[student] PLAY the_log p=0.70 cell 320 board (0.81, 0.73) units 2 22 ms hand [the_log,tesla,?,?] elixir 7 wall=01:00:32.623
[student] TAP slot 0 the_log cell 267 wall=01:00:32.959
[student] TRAY first +0.31s tapped slot 0 meant the_log before [the_log,tesla,?,?] now [?,tesla,?,?] slot_now ? elixir 7->5 wall=01:00:33.271
[student] PLAY tesla p=0.54 cell 279 board (0.5, 0.66) units 1 27 ms hand [?,tesla,?,?] elixir 5 wall=01:00:33.371
[student] TAP slot 1 tesla cell 295 wall=01:00:33.707
[student] TRAY first +0.29s tapped slot 1 meant tesla before [?,tesla,?,?] now [?,?,?,skeletons] slot_now ? elixir 5->4 wall=01:00:33.993
[student] TRAY settled +0.72s tapped slot 1 meant tesla before [?,tesla,?,?] now [?,?,?,skeletons] slot_now ? elixir 5->1 wall=01:00:34.424
[student] PLAY skeletons p=0.31 cell 243 board (0.53, 0.55) units 2 25 ms hand [ice_wizard,the_log,?,skeletons] elixir 2 wall=01:00:36.421
[student] TAP slot 3 skeletons cell 243 wall=01:00:36.759
[student] TRAY first +0.26s tapped slot 3 meant skeletons before [ice_wizard,the_log,?,skeletons] now [ice_wizard,tesla,?,?] slot_now ? elixir 2->1 wall=01:00:37.014
[student] TRAY settled +1.04s tapped slot 3 meant skeletons before [ice_wizard,the_log,?,skeletons] now [ice_wizard,tesla,?,?] slot_now ? elixir 2->1 wall=01:00:37.796
[student] PLAY the_log p=0.32 cell 320 board (0.81, 0.73) units 4 23 ms hand [ice_wizard,the_log,?,rocket] elixir 2 wall=01:00:40.363
[student] TAP slot 1 the_log cell 338 wall=01:00:40.708
[student] TRAY first +0.27s tapped slot 1 meant the_log before [ice_wizard,the_log,?,rocket] now [ice_wizard,tornado,?,rocket] slot_now tornado elixir 2->2 wall=01:00:40.975
[student] TRAY settled +1.01s tapped slot 1 meant the_log before [ice_wizard,the_log,?,rocket] now [ice_wizard,tornado,?,rocket] slot_now tornado elixir 2->2 wall=01:00:41.717
[student] WAIT | exact=0 opp=? next=0 t=23s hand=[2, 3, 149, 4] tw=1.01.01.01.01.01.0 sp=0 unk=0 p=0.02 elixir 3 opp~? units 2 dets 2 (waits 1480/1939 badhand 676/1939) wall=01:00:44.160
[student] WAIT p=0.08 elixir 5 opp~? units 2 dets 2 (waits 1490/1949 badhand 676/1949) wall=01:00:49.655
[student] PLAY ice_wizard p=0.35 cell 323 board (0.97, 0.73) units 5 6 ms hand [ice_wizard,x_bow,?,rocket] elixir 7 wall=01:00:55.027
[student] TAP slot 0 ice_wizard cell 323 wall=01:00:55.356
[student] TRAY first +0.24s tapped slot 0 meant ice_wizard before [ice_wizard,x_bow,?,rocket] now [?,x_bow,?,rocket] slot_now ? elixir 7->4 wall=01:00:55.600
[student] TRAY settled +0.56s tapped slot 0 meant ice_wizard before [ice_wizard,x_bow,?,rocket] now [?,x_bow,?,rocket] slot_now ? elixir 7->4 wall=01:00:55.918
[student] WAIT p=0.09 elixir 5 opp~? units 5 dets 5 (waits 1500/1960 badhand 676/1960) wall=01:00:56.836
[student] PLAY tornado p=0.31 cell 212 board (0.81, 0.48) units 4 16 ms hand [tornado,x_bow,?,rocket] elixir 5 wall=01:00:57.665
[student] TAP slot 0 tornado cell 212 wall=01:00:57.996
[student] TRAY first +0.23s tapped slot 0 meant tornado before [tornado,x_bow,?,rocket] now [?,the_log,?,rocket] slot_now ? elixir 5->3 wall=01:00:58.230
[student] TRAY settled +0.51s tapped slot 0 meant tornado before [tornado,x_bow,?,rocket] now [?,the_log,?,rocket] slot_now ? elixir 5->2 wall=01:00:58.510
[student] PLAY ice_wizard p=0.67 cell 250 board (0.92, 0.55) units 5 19 ms hand [?,ice_wizard,?,rocket] elixir 3 wall=01:00:59.274
[student] TAP slot 1 ice_wizard cell 250 wall=01:00:59.608
[student] TRAY first +0.26s tapped slot 1 meant ice_wizard before [?,ice_wizard,?,rocket] now [the_log,x_bow,?,rocket] slot_now x_bow elixir 3->3 wall=01:00:59.869
[student] TRAY settled +0.59s tapped slot 1 meant ice_wizard before [?,ice_wizard,?,rocket] now [the_log,ice_wizard,?,rocket] slot_now ice_wizard elixir 3->3 wall=01:01:00.201
[student] PLAY the_log p=0.49 cell 248 board (0.81, 0.55) units 4 17 ms hand [the_log,x_bow,?,rocket] elixir 4 wall=01:01:02.908
[student] TAP slot 0 the_log cell 391 wall=01:01:03.240
[student] TRAY first +0.27s tapped slot 0 meant the_log before [the_log,x_bow,?,rocket] now [?,the_log,?,rocket] slot_now ? elixir 4->2 wall=01:01:03.512
[student] TRAY settled +0.62s tapped slot 0 meant the_log before [the_log,x_bow,?,rocket] now [?,the_log,?,rocket] slot_now ? elixir 4->2 wall=01:01:03.863
[student] PLAY the_log p=0.37 cell 248 board (0.81, 0.55) units 1 17 ms hand [?,the_log,?,rocket] elixir 2 wall=01:01:03.928
[student] TAP slot 1 the_log cell 391 wall=01:01:04.274
[student] TRAY first +0.26s tapped slot 1 meant the_log before [?,the_log,?,rocket] now [tesla,tornado,?,rocket] slot_now tornado elixir 2->3 wall=01:01:04.532
[student] PLAY tornado p=0.51 cell 229 board (0.75, 0.52) units 2 15 ms hand [tesla,tornado,?,rocket] elixir 3 wall=01:01:04.600
[student] TAP slot 1 tornado cell 333 wall=01:01:04.930
[student] TRAY first +0.24s tapped slot 1 meant tornado before [tesla,tornado,?,rocket] now [tesla,tornado,?,rocket] slot_now tornado elixir 3->3 wall=01:01:05.169
[student] PLAY tornado p=0.33 cell 227 board (0.64, 0.52) units 5 11 ms hand [tesla,tornado,?,rocket] elixir 3 wall=01:01:05.203
[student] TAP slot 1 tornado cell 333 wall=01:01:05.540
[student] TRAY first +0.25s tapped slot 1 meant tornado before [tesla,tornado,?,rocket] now [tesla,x_bow,?,rocket] slot_now x_bow elixir 3->3 wall=01:01:05.795
[student] TRAY settled +0.60s tapped slot 1 meant tornado before [tesla,tornado,?,rocket] now [tesla,ice_wizard,?,rocket] slot_now ice_wizard elixir 3->3 wall=01:01:06.139
[student] PLAY ice_wizard p=0.97 cell 249 board (0.86, 0.55) units 2 18 ms hand [tesla,ice_wizard,?,rocket] elixir 3 wall=01:01:06.211
[student] TAP slot 1 ice_wizard cell 249 wall=01:01:06.546
[student] TRAY first +0.25s tapped slot 1 meant ice_wizard before [tesla,ice_wizard,?,rocket] now [tesla,x_bow,?,rocket] slot_now x_bow elixir 3->3 wall=01:01:06.799
[student] TRAY settled +0.56s tapped slot 1 meant ice_wizard before [tesla,ice_wizard,?,rocket] now [tesla,x_bow,?,rocket] slot_now x_bow elixir 3->3 wall=01:01:07.103
[student] WAIT p=0.05 elixir 4 opp~? units 0 dets 0 (waits 1510/1977 badhand 682/1977) wall=01:01:07.973
[student] PLAY tesla p=0.57 cell 279 board (0.5, 0.66) units 1 32 ms hand [tesla,x_bow,?,rocket] elixir 5 wall=01:01:10.309
[student] TAP slot 0 tesla cell 279 wall=01:01:10.646
[student] TRAY first +0.27s tapped slot 0 meant tesla before [tesla,x_bow,?,rocket] now [?,tesla,?,rocket] slot_now ? elixir 5->4 wall=01:01:10.915
[student] PLAY tesla p=0.69 cell 245 board (0.61, 0.56) units 2 27 ms hand [?,tesla,?,rocket] elixir 4 wall=01:01:11.001
[student] TAP slot 1 tesla cell 245 wall=01:01:11.339
[student] TRAY first +0.23s tapped slot 1 meant tesla before [?,tesla,?,rocket] now [?,ice_wizard,?,rocket] slot_now ice_wizard elixir 4->1 wall=01:01:11.566
[student] TRAY settled +0.75s tapped slot 1 meant tesla before [?,tesla,?,rocket] now [skeletons,ice_wizard,?,rocket] slot_now ice_wizard elixir 4->1 wall=01:01:12.094
[student] PLAY skeletons p=0.69 cell 320 board (0.81, 0.73) units 2 16 ms hand [skeletons,ice_wizard,?,rocket] elixir 1 wall=01:01:12.163
[student] TAP slot 0 skeletons cell 266 wall=01:01:12.507
[student] TRAY first +0.27s tapped slot 0 meant skeletons before [skeletons,ice_wizard,?,rocket] now [?,?,?,rocket] slot_now ? elixir 1->1 wall=01:01:12.776
[student] TRAY settled +1.03s tapped slot 0 meant skeletons before [skeletons,ice_wizard,?,rocket] now [?,?,?,rocket] slot_now ? elixir 1->1 wall=01:01:13.538
[student] WAIT | exact=0 opp=? next=0 t=59s hand=[2, 2, -1, 4] tw=1.01.01.01.01.01.0 sp=0 unk=0 p=0.05 elixir 3 opp~? units 3 dets 3 (waits 1520/1990 badhand 692/1990) wall=01:01:19.990
[student] WAIT p=0.10 elixir 5 opp~? units 2 dets 2 (waits 1530/2000 badhand 702/2000) wall=01:01:25.903
[student] PLAY x_bow p=0.29 cell 254 board (0.14, 0.61) units 5 27 ms hand [ice_wizard,x_bow,?,rocket] elixir 6 wall=01:01:28.395
[student] TAP slot 1 x_bow cell 218 wall=01:01:28.745
[student] TRAY first +0.25s tapped slot 1 meant x_bow before [ice_wizard,x_bow,?,rocket] now [ice_wizard,?,tornado,rocket] slot_now ? elixir 6->5 wall=01:01:28.990
[student] PLAY ice_wizard p=0.49 cell 235 board (0.08, 0.55) units 3 19 ms hand [ice_wizard,?,tornado,rocket] elixir 5 wall=01:01:29.061
[student] TAP slot 0 ice_wizard cell 235 wall=01:01:29.406
[student] TRAY first +0.27s tapped slot 0 meant ice_wizard before [ice_wizard,?,tornado,rocket] now [ice_wizard,?,?,rocket] slot_now ice_wizard elixir 5->0 wall=01:01:29.674
[student] TRAY settled +0.55s tapped slot 0 meant ice_wizard before [ice_wizard,?,tornado,rocket] now [ice_wizard,?,?,rocket] slot_now ice_wizard elixir 5->1 wall=01:01:29.959
[student] PLAY ice_wizard p=0.58 cell 235 board (0.08, 0.55) units 7 25 ms hand [ice_wizard,tornado,?,rocket] elixir 4 wall=01:01:38.831
[student] TAP slot 0 ice_wizard cell 235 wall=01:01:39.162
[student] TRAY first +0.26s tapped slot 0 meant ice_wizard before [ice_wizard,tornado,?,rocket] now [?,tornado,?,rocket] slot_now ? elixir 4->3 wall=01:01:39.422
[student] TRAY settled +0.60s tapped slot 0 meant ice_wizard before [ice_wizard,tornado,?,rocket] now [?,tornado,?,rocket] slot_now ? elixir 4->1 wall=01:01:39.762
[student] WAIT | exact=0 opp=? next=164 t=80s hand=[6, 0, 0, 4] tw=1.01.01.01.01.01.0 sp=0 unk=0 p=0.02 elixir 2 opp~? units 6 dets 6 (waits 1540/2013 badhand 708/2013) wall=01:01:41.149
[student] PLAY the_log p=0.38 cell 320 board (0.81, 0.73) units 5 16 ms hand [the_log,tornado,?,rocket] elixir 2 wall=01:01:42.876
[student] TAP slot 0 the_log cell 320 wall=01:01:43.206
[student] TRAY first +0.25s tapped slot 0 meant the_log before [the_log,tornado,?,rocket] now [?,tornado,?,rocket] slot_now ? elixir 2->1 wall=01:01:43.454
[student] TRAY settled +0.84s tapped slot 0 meant the_log before [the_log,tornado,?,rocket] now [?,tornado,?,rocket] slot_now ? elixir 2->1 wall=01:01:44.042
[student] PLAY tornado p=0.84 cell 352 board (0.58, 0.83) units 3 26 ms hand [tesla_evo,tornado,?,rocket] elixir 3 wall=01:01:49.450
[student] TAP slot 1 tornado cell 352 wall=01:01:49.791
[student] TRAY first +0.27s tapped slot 1 meant tornado before [tesla_evo,tornado,?,rocket] now [?,?,tornado,rocket] slot_now ? elixir 3->3 wall=01:01:50.062
[student] TRAY settled +0.61s tapped slot 1 meant tornado before [tesla_evo,tornado,?,rocket] now [?,?,tornado,rocket] slot_now ? elixir 3->0 wall=01:01:50.400
[student] PLAY skeletons p=0.29 cell 248 board (0.81, 0.55) units 1 15 ms hand [tesla,skeletons,?,rocket] elixir 1 wall=01:01:52.828
[student] TAP slot 1 skeletons cell 248 wall=01:01:53.161
[student] TRAY first +0.26s tapped slot 1 meant skeletons before [tesla,skeletons,?,rocket] now [?,?,?,rocket] slot_now ? elixir 1->1 wall=01:01:53.419
[student] TRAY settled +0.55s tapped slot 1 meant skeletons before [tesla,skeletons,?,rocket] now [?,?,?,rocket] slot_now ? elixir 1->0 wall=01:01:53.713
[student] PLAY the_log p=0.51 cell 337 board (0.75, 0.77) units 1 19 ms hand [?,the_log,knight,rocket] elixir 2 wall=01:01:58.082
[student] TAP slot 1 the_log cell 390 wall=01:01:58.423
[student] TRAY first +0.25s tapped slot 1 meant the_log before [?,the_log,knight,rocket] now [tesla,tornado,?,rocket] slot_now tornado elixir 2->2 wall=01:01:58.670
[student] TRAY settled +1.04s tapped slot 1 meant the_log before [?,the_log,knight,rocket] now [tesla,tornado,?,rocket] slot_now tornado elixir 2->2 wall=01:01:59.461
[student] WAIT p=0.09 elixir 5 opp~? units 0 dets 1 (waits 1550/2027 badhand 709/2027) wall=01:02:07.967
[student] PLAY x_bow p=0.46 cell 254 board (0.14, 0.61) units 0 15 ms hand [tesla_evo,x_bow,?,rocket] elixir 8 wall=01:02:16.045
[student] TAP slot 1 x_bow cell 218 wall=01:02:16.378
[student] TRAY first +0.80s tapped slot 1 meant x_bow before [tesla_evo,x_bow,?,rocket] now [tesla,?,?,rocket] slot_now ? elixir 8->6 wall=01:02:17.178
[student] PLAY tesla p=0.83 cell 239 board (0.28, 0.56) units 1 15 ms hand [tesla,?,?,rocket] elixir 6 wall=01:02:17.241
[student] TAP slot 0 tesla cell 239 wall=01:02:17.572
[clock] icon reads x3 but the clock reads x1 -> using the clock (x1)
[student] TRAY first +0.68s tapped slot 0 meant tesla before [tesla,?,?,rocket] now [?,ice_wizard,?,rocket] slot_now ? elixir 6->3 wall=01:02:18.255
[clock] icon reads x3 but the clock reads x2 -> using the clock (x2)
01:02:21 [play] elixir x2
[student] PLAY the_log p=0.36 cell 236 board (0.14, 0.55) units 3 7 ms hand [the_log,ice_wizard,knight,rocket] elixir 2 wall=01:02:21.990
[student] TAP slot 0 the_log cell 236 wall=01:02:22.328
[student] TRAY first +0.51s tapped slot 0 meant the_log before [the_log,ice_wizard,knight,rocket] now [?,tornado,tornado,rocket] slot_now ? elixir 2->1 wall=01:02:22.839
[student] PLAY tornado p=0.70 cell 80 board (0.47, 0.2) units 4 27 ms hand [tornado,ice_wizard,?,rocket] elixir 3 wall=01:02:26.415
[student] TAP slot 0 tornado cell 333 wall=01:02:26.761
[student] TRAY first +0.52s tapped slot 0 meant tornado before [tornado,ice_wizard,?,rocket] now [?,ice_wizard,?,rocket] slot_now ? elixir 3->3 wall=01:02:27.282
[student] PLAY ice_wizard p=0.52 cell 235 board (0.08, 0.55) units 3 16 ms hand [?,ice_wizard,?,rocket] elixir 3 wall=01:02:27.348
[student] TAP slot 1 ice_wizard cell 235 wall=01:02:27.689
[student] TRAY first +0.62s tapped slot 1 meant ice_wizard before [?,ice_wizard,?,rocket] now [?,ice_wizard,?,rocket] slot_now ice_wizard elixir 3->1 wall=01:02:28.309
[student] PLAY skeletons p=0.57 cell 235 board (0.08, 0.55) units 4 26 ms hand [skeletons,ice_wizard,knight,rocket] elixir 2 wall=01:02:29.126
[student] TAP slot 0 skeletons cell 235 wall=01:02:29.473
[student] TRAY first +0.58s tapped slot 0 meant skeletons before [skeletons,ice_wizard,knight,rocket] now [?,ice_wizard,?,rocket] slot_now ? elixir 2->1 wall=01:02:30.056
[student] PLAY ice_wizard p=0.88 cell 234 board (0.03, 0.58) units 4 15 ms hand [ice_wizard,ice_wizard,?,rocket] elixir 3 wall=01:02:32.501
[student] TAP slot 0 ice_wizard cell 235 wall=01:02:32.828
[student] TRAY first +0.63s tapped slot 0 meant ice_wizard before [ice_wizard,ice_wizard,?,rocket] now [x_bow,ice_wizard,?,rocket] slot_now x_bow elixir 3->4 wall=01:02:33.463
[student] PLAY ice_wizard p=0.78 cell 235 board (0.08, 0.55) units 4 15 ms hand [x_bow,ice_wizard,?,rocket] elixir 4 wall=01:02:33.514
[student] TAP slot 1 ice_wizard cell 235 wall=01:02:33.857
[student] TRAY first +0.67s tapped slot 1 meant ice_wizard before [x_bow,ice_wizard,?,rocket] now [the_log,?,knight,rocket] slot_now ? elixir 4->3 wall=01:02:34.527
[student] PLAY knight p=0.54 cell 235 board (0.08, 0.55) units 4 21 ms hand [the_log,?,knight,rocket] elixir 3 wall=01:02:34.611
[student] TAP slot 2 knight cell 235 wall=01:02:34.963
[student] TRAY first +0.74s tapped slot 2 meant knight before [the_log,?,knight,rocket] now [ice_wizard,tesla,?,rocket] slot_now ? elixir 3->2 wall=01:02:35.699
[student] PLAY the_log p=0.47 cell 238 board (0.25, 0.55) units 4 5 ms hand [the_log,ice_wizard,the_log,rocket] elixir 2 wall=01:02:38.879
[student] TAP slot 0 the_log cell 382 wall=01:02:39.210
[student] TRAY first +0.59s tapped slot 0 meant the_log before [the_log,ice_wizard,the_log,rocket] now [tornado,tesla,the_log,rocket] slot_now tornado elixir 2->2 wall=01:02:39.805
[student] WAIT p=0.07 elixir 2 opp~? units 4 dets 4 (waits 1560/2047 badhand 714/2047) wall=01:02:39.879
[student] PLAY tesla p=0.35 cell 243 board (0.5, 0.56) units 2 21 ms hand [x_bow,tesla,the_log,rocket] elixir 4 wall=01:02:41.715
[student] TAP slot 1 tesla cell 243 wall=01:02:42.044
[student] TRAY first +0.26s tapped slot 1 meant tesla before [x_bow,tesla,the_log,rocket] now [tornado,?,the_log,rocket] slot_now ? elixir 4->4 wall=01:02:42.303
[student] TRAY settled +0.61s tapped slot 1 meant tesla before [x_bow,tesla,the_log,rocket] now [ice_wizard,?,the_log,rocket] slot_now ? elixir 4->1 wall=01:02:42.655
[student] PLAY ice_wizard p=0.28 cell 235 board (0.08, 0.55) units 5 29 ms hand [ice_wizard,tornado,the_log,rocket] elixir 3 wall=01:02:45.466
[student] TAP slot 0 ice_wizard cell 235 wall=01:02:45.795
[student] TRAY first +0.24s tapped slot 0 meant ice_wizard before [ice_wizard,tornado,the_log,rocket] now [x_bow,tornado,the_log,rocket] slot_now x_bow elixir 3->3 wall=01:02:46.038
[student] TRAY settled +1.09s tapped slot 0 meant ice_wizard before [ice_wizard,tornado,the_log,rocket] now [x_bow,tornado,the_log,rocket] slot_now x_bow elixir 3->4 wall=01:02:46.883
[student] PLAY the_log p=0.30 cell 237 board (0.19, 0.55) units 4 25 ms hand [x_bow,tornado,the_log,rocket] elixir 5 wall=01:02:48.672
[student] TAP slot 2 the_log cell 381 wall=01:02:49.008
[student] TRAY first +0.23s tapped slot 2 meant the_log before [x_bow,tornado,the_log,rocket] now [x_bow,tornado,?,rocket] slot_now ? elixir 5->3 wall=01:02:49.239
[student] WAIT | exact=0 opp=? next=7 t=148s hand=[3, 0, -1, 4] tw=1.01.00.0x1.00.0x1.0 sp=1 unk=0 p=0.02 elixir 3 opp~? units 3 dets 4 (waits 1570/2060 badhand 716/2060) wall=01:02:49.311
[student] TRAY settled +0.56s tapped slot 2 meant the_log before [x_bow,tornado,the_log,rocket] now [x_bow,tornado,?,rocket] slot_now ? elixir 5->4 wall=01:02:49.571
[student] WAIT | exact=0 opp=? next=2 t=154s hand=[3, 0, 7, 4] tw=1.01.00.0x1.00.0x1.0 sp=0 unk=0 p=0.04 elixir 7 opp~? units 2 dets 2 (waits 1580/2070 badhand 718/2070) wall=01:02:54.788
[student] WAIT p=0.10 elixir 10 opp~? units 1 dets 2 (waits 1590/2080 badhand 718/2080) wall=01:03:00.765
[student] STALL-PLAY x_bow p=0.25 cell 265 board (0.75, 0.61) units 1 27 ms hand [x_bow,tornado,skeletons,rocket] elixir 10 wall=01:03:01.187
[student] TAP slot 0 x_bow cell 229 wall=01:03:01.522
[student] TRAY first +0.25s tapped slot 0 meant x_bow before [x_bow,tornado,skeletons,rocket] now [?,tornado,skeletons,rocket] slot_now ? elixir 10->6 wall=01:03:01.772
[student] TRAY settled +0.60s tapped slot 0 meant x_bow before [x_bow,tornado,skeletons,rocket] now [?,tornado,skeletons,rocket] slot_now ? elixir 10->4 wall=01:03:02.117
[student] PLAY skeletons p=0.92 cell 250 board (0.92, 0.55) units 2 17 ms hand [ice_wizard,tornado,skeletons,rocket] elixir 4 wall=01:03:03.023
[student] TAP slot 2 skeletons cell 250 wall=01:03:03.358
[student] TRAY first +0.25s tapped slot 2 meant skeletons before [ice_wizard,tornado,skeletons,rocket] now [ice_wizard,tornado,?,rocket] slot_now ? elixir 4->2 wall=01:03:03.611
[student] TRAY settled +0.55s tapped slot 2 meant skeletons before [ice_wizard,tornado,skeletons,rocket] now [ice_wizard,tornado,?,rocket] slot_now ? elixir 4->3 wall=01:03:03.910
[student] PLAY ice_wizard p=0.56 cell 236 board (0.14, 0.55) units 5 28 ms hand [ice_wizard,tornado,?,rocket] elixir 3 wall=01:03:03.976
[student] TAP slot 0 ice_wizard cell 236 wall=01:03:04.322
[student] TRAY first +0.24s tapped slot 0 meant ice_wizard before [ice_wizard,tornado,?,rocket] now [?,tornado,?,rocket] slot_now ? elixir 3->3 wall=01:03:04.558
[student] PLAY tornado p=0.66 cell 147 board (0.19, 0.36) units 3 15 ms hand [?,tornado,?,rocket] elixir 3 wall=01:03:04.626
[student] TAP slot 1 tornado cell 147 wall=01:03:04.960
[student] TRAY first +0.26s tapped slot 1 meant tornado before [?,tornado,?,rocket] now [?,ice_wizard,?,rocket] slot_now ice_wizard elixir 3->1 wall=01:03:05.224
[student] TRAY settled +0.61s tapped slot 1 meant tornado before [?,tornado,?,rocket] now [?,?,?,rocket] slot_now ? elixir 3->1 wall=01:03:05.567
[student] PLAY tornado p=0.33 cell 165 board (0.19, 0.39) units 6 26 ms hand [tesla,tornado,?,rocket] elixir 3 wall=01:03:08.411
[student] TAP slot 1 tornado cell 165 wall=01:03:08.754
[student] TRAY first +0.24s tapped slot 1 meant tornado before [tesla,tornado,?,rocket] now [tesla,?,?,rocket] slot_now ? elixir 3->3 wall=01:03:08.990
[student] TRAY settled +0.53s tapped slot 1 meant tornado before [tesla,tornado,?,rocket] now [tesla,?,?,rocket] slot_now ? elixir 3->1 wall=01:03:09.285
[student] PLAY the_log p=0.32 cell 247 board (0.75, 0.55) units 4 18 ms hand [tesla,the_log,?,rocket] elixir 2 wall=01:03:11.241
[student] TAP slot 1 the_log cell 300 wall=01:03:11.573
[student] TRAY first +0.25s tapped slot 1 meant the_log before [tesla,the_log,?,rocket] now [tesla,?,?,rocket] slot_now ? elixir 2->2 wall=01:03:11.820
[student] TRAY settled +0.97s tapped slot 1 meant the_log before [tesla,the_log,?,rocket] now [tesla,?,?,rocket] slot_now ? elixir 2->1 wall=01:03:12.547
[student] PLAY ice_wizard p=0.58 cell 320 board (0.81, 0.73) units 5 17 ms hand [tesla,ice_wizard,?,rocket] elixir 3 wall=01:03:14.181
[student] TAP slot 1 ice_wizard cell 266 wall=01:03:14.510
[student] TRAY first +0.24s tapped slot 1 meant ice_wizard before [tesla,ice_wizard,?,rocket] now [tesla,x_bow,?,rocket] slot_now x_bow elixir 3->3 wall=01:03:14.748
[student] TRAY settled +0.58s tapped slot 1 meant ice_wizard before [tesla,ice_wizard,?,rocket] now [tesla,x_bow,?,rocket] slot_now x_bow elixir 3->3 wall=01:03:15.094
[student] PLAY tesla p=0.59 cell 321 board (0.83, 0.72) units 4 17 ms hand [tesla,x_bow,?,rocket] elixir 4 wall=01:03:15.864
[student] TAP slot 0 tesla cell 267 wall=01:03:16.194
[student] TRAY first +0.26s tapped slot 0 meant tesla before [tesla,x_bow,?,rocket] now [?,tornado,tornado,rocket] slot_now ? elixir 4->4 wall=01:03:16.450
[student] TRAY settled +0.58s tapped slot 0 meant tesla before [tesla,x_bow,?,rocket] now [?,?,?,rocket] slot_now ? elixir 4->0 wall=01:03:16.774
[student] WAIT p=0.13 elixir 2 opp~? units 3 dets 3 (waits 1600/2098 badhand 730/2098) wall=01:03:19.610
[student] PLAY skeletons p=0.64 cell 248 board (0.81, 0.55) units 3 31 ms hand [skeletons,ice_wizard,?,rocket] elixir 3 wall=01:03:20.351
[student] TAP slot 0 skeletons cell 248 wall=01:03:20.689
[student] TRAY first +0.33s tapped slot 0 meant skeletons before [skeletons,ice_wizard,?,rocket] now [?,the_log,?,rocket] slot_now ? elixir 3->2 wall=01:03:21.015
[student] TRAY settled +0.69s tapped slot 0 meant skeletons before [skeletons,ice_wizard,?,rocket] now [?,ice_wizard,?,rocket] slot_now ? elixir 3->3 wall=01:03:21.378
[student] PLAY ice_wizard p=0.68 cell 273 board (0.19, 0.64) units 6 5 ms hand [?,ice_wizard,?,rocket] elixir 3 wall=01:03:21.416
[student] TAP slot 1 ice_wizard cell 273 wall=01:03:21.743
[student] TRAY first +0.30s tapped slot 1 meant ice_wizard before [?,ice_wizard,?,rocket] now [?,x_bow,?,rocket] slot_now x_bow elixir 3->3 wall=01:03:22.040
[student] TRAY settled +0.69s tapped slot 1 meant ice_wizard before [?,ice_wizard,?,rocket] now [ice_wizard,x_bow,?,rocket] slot_now x_bow elixir 3->3 wall=01:03:22.432
[student] PLAY ice_wizard p=0.61 cell 298 board (0.58, 0.7) units 4 19 ms hand [ice_wizard,x_bow,?,rocket] elixir 3 wall=01:03:22.503
[student] TAP slot 0 ice_wizard cell 298 wall=01:03:22.839
[student] TRAY first +0.36s tapped slot 0 meant ice_wizard before [ice_wizard,x_bow,?,rocket] now [?,tesla,?,rocket] slot_now ? elixir 3->4 wall=01:03:23.200
[student] PLAY tesla p=0.95 cell 325 board (0.06, 0.75) units 7 27 ms hand [?,tesla,?,rocket] elixir 4 wall=01:03:23.306
[student] TAP slot 1 tesla cell 295 wall=01:03:23.640
[student] TRAY first +0.33s tapped slot 1 meant tesla before [?,tesla,?,rocket] now [?,ice_wizard,knight,rocket] slot_now ice_wizard elixir 4->2 wall=01:03:23.969
[student] TRAY settled +0.76s tapped slot 1 meant tesla before [?,tesla,?,rocket] now [tornado,tornado,?,rocket] slot_now tornado elixir 4->2 wall=01:03:24.404
[student] PLAY tornado p=0.67 cell 240 board (0.36, 0.58) units 5 29 ms hand [tornado,tornado,?,rocket] elixir 3 wall=01:03:25.694
[student] TAP slot 0 tornado cell 333 wall=01:03:26.037
[student] TRAY first +0.29s tapped slot 0 meant tornado before [tornado,tornado,?,rocket] now [?,?,tornado,rocket] slot_now ? elixir 3->3 wall=01:03:26.325
[student] TRAY settled +0.71s tapped slot 0 meant tornado before [tornado,tornado,?,rocket] now [?,?,?,rocket] slot_now ? elixir 3->1 wall=01:03:26.745
[student] PLAY the_log p=0.31 cell 248 board (0.81, 0.55) units 2 24 ms hand [the_log,tesla,?,rocket] elixir 3 wall=01:03:30.541
[student] TAP slot 0 the_log cell 349 wall=01:03:30.876
[student] TRAY first +0.32s tapped slot 0 meant the_log before [the_log,tesla,?,rocket] now [?,the_log,knight,rocket] slot_now ? elixir 3->2 wall=01:03:31.197
[student] TRAY settled +1.06s tapped slot 0 meant the_log before [the_log,tesla,?,rocket] now [?,the_log,?,rocket] slot_now ? elixir 3->2 wall=01:03:31.934
[student] PLAY ice_wizard p=0.29 cell 248 board (0.81, 0.55) units 2 27 ms hand [tesla_evo,ice_wizard,?,rocket] elixir 3 wall=01:03:32.822
[student] TAP slot 1 ice_wizard cell 248 wall=01:03:33.156
[student] TRAY first +0.34s tapped slot 1 meant ice_wizard before [tesla_evo,ice_wizard,?,rocket] now [tesla_evo,x_bow,?,rocket] slot_now x_bow elixir 3->3 wall=01:03:33.497
[student] TRAY settled +1.08s tapped slot 1 meant ice_wizard before [tesla_evo,ice_wizard,?,rocket] now [tesla_evo,x_bow,?,rocket] slot_now x_bow elixir 3->4 wall=01:03:34.235
[student] PLAY tesla_evo p=0.60 cell 247 board (0.72, 0.56) units 2 7 ms hand [tesla_evo,x_bow,?,rocket] elixir 4 wall=01:03:34.281
[student] TAP slot 0 tesla_evo cell 247 wall=01:03:34.621
[student] TRAY first +0.31s tapped slot 0 meant tesla_evo before [tesla_evo,x_bow,?,rocket] now [?,?,tornado,rocket] slot_now ? elixir 4->4 wall=01:03:34.931
[student] TRAY settled +0.74s tapped slot 0 meant tesla_evo before [tesla_evo,x_bow,?,rocket] now [?,?,?,rocket] slot_now ? elixir 4->1 wall=01:03:35.364
[student] WAIT | exact=0 opp=? next=2 t=196s hand=[7, 6, 0, 4] tw=1.01.00.0x1.00.0x1.0 sp=1 unk=0 p=0.04 elixir 2 opp~? units 4 dets 5 (waits 1610/2116 badhand 737/2116) wall=01:03:36.952
[student] PLAY skeletons p=0.65 cell 248 board (0.81, 0.55) units 3 29 ms hand [skeletons,ice_wizard,?,rocket] elixir 3 wall=01:03:38.694
[student] TAP slot 0 skeletons cell 248 wall=01:03:39.028
[student] TRAY first +0.36s tapped slot 0 meant skeletons before [skeletons,ice_wizard,?,rocket] now [?,the_log,?,rocket] slot_now ? elixir 3->1 wall=01:03:39.385
[student] TRAY settled +0.75s tapped slot 0 meant skeletons before [skeletons,ice_wizard,?,rocket] now [?,ice_wizard,?,rocket] slot_now ? elixir 3->3 wall=01:03:39.782
[student] PLAY ice_wizard p=0.77 cell 309 board (0.19, 0.73) units 5 19 ms hand [?,ice_wizard,?,rocket] elixir 3 wall=01:03:39.859
[student] TAP slot 1 ice_wizard cell 255 wall=01:03:40.194
[student] TRAY first +0.34s tapped slot 1 meant ice_wizard before [?,ice_wizard,?,rocket] now [?,x_bow,?,rocket] slot_now x_bow elixir 3->3 wall=01:03:40.536
[student] TRAY settled +1.04s tapped slot 1 meant ice_wizard before [?,ice_wizard,?,rocket] now [ice_wizard,x_bow,?,rocket] slot_now x_bow elixir 3->4 wall=01:03:41.236
[student] PLAY ice_wizard p=0.57 cell 309 board (0.19, 0.73) units 4 25 ms hand [ice_wizard,x_bow,?,rocket] elixir 4 wall=01:03:41.320
[student] TAP slot 0 ice_wizard cell 255 wall=01:03:41.660
[student] TRAY first +0.74s tapped slot 0 meant ice_wizard before [ice_wizard,x_bow,?,rocket] now [tesla,?,?,?] slot_now tesla elixir 4->0 wall=01:03:42.405
01:03:49 [play] state: MATCH_END
01:03:49 [nav] MATCH_END -> Play Again (located) (0.348,0.914)
01:03:50 [play] state: UNKNOWN
01:03:58 [play] state: IN_MATCH
[student] WAIT p=0.24 elixir 9 opp~? units 0 dets 0 (waits 1620/2129 badhand 739/2129) wall=01:04:04.572
[student] PLAY ice_wizard p=0.51 cell 423 board (0.53, 0.98) units 0 31 ms hand [skeletons,tesla,ice_wizard,rocket] elixir 10 wall=01:04:05.405
[student] TAP slot 2 ice_wizard cell 423 wall=01:04:05.744
[student] TRAY first +0.28s tapped slot 2 meant ice_wizard before [skeletons,tesla,ice_wizard,rocket] now [skeletons,tesla,?,rocket] slot_now ? elixir 10->7 wall=01:04:06.029
[student] TRAY settled +0.87s tapped slot 2 meant ice_wizard before [skeletons,tesla,ice_wizard,rocket] now [skeletons,tesla,?,rocket] slot_now ? elixir 10->7 wall=01:04:06.611
[student] WAIT p=0.18 elixir 8 opp~? units 2 dets 2 (waits 1630/2140 badhand 741/2140) wall=01:04:12.043
[student] PLAY x_bow p=0.41 cell 254 board (0.14, 0.61) units 2 15 ms hand [skeletons,tesla,x_bow,rocket] elixir 9 wall=01:04:12.786
[student] TAP slot 2 x_bow cell 218 wall=01:04:13.121
[student] TRAY first +0.25s tapped slot 2 meant x_bow before [skeletons,tesla,x_bow,rocket] now [skeletons,tesla,?,rocket] slot_now ? elixir 9->5 wall=01:04:13.373
[student] TRAY settled +1.05s tapped slot 2 meant x_bow before [skeletons,tesla,x_bow,rocket] now [skeletons,tesla,?,rocket] slot_now ? elixir 9->3 wall=01:04:14.167
[student] WAIT p=0.24 elixir 5 opp~? units 3 dets 3 (waits 1640/2151 badhand 743/2151) wall=01:04:19.879
[student] PLAY tesla p=0.29 cell 239 board (0.28, 0.56) units 3 16 ms hand [skeletons,tesla,the_log,rocket] elixir 5 wall=01:04:20.664
[student] TAP slot 1 tesla cell 239 wall=01:04:20.992
[student] TRAY first +0.27s tapped slot 1 meant tesla before [skeletons,tesla,the_log,rocket] now [skeletons,?,the_log,rocket] slot_now ? elixir 5->4 wall=01:04:21.260
[student] PLAY skeletons p=0.69 cell 235 board (0.08, 0.55) units 6 28 ms hand [skeletons,?,the_log,rocket] elixir 4 wall=01:04:21.351
[student] TAP slot 0 skeletons cell 235 wall=01:04:21.693
[student] TRAY first +0.26s tapped slot 0 meant skeletons before [skeletons,?,the_log,rocket] now [?,?,the_log,rocket] slot_now ? elixir 4->1 wall=01:04:21.948
[student] TRAY settled +0.56s tapped slot 0 meant skeletons before [skeletons,?,the_log,rocket] now [?,?,the_log,rocket] slot_now ? elixir 4->1 wall=01:04:22.256
[student] PLAY knight p=0.29 cell 235 board (0.08, 0.55) units 6 28 ms hand [tornado,knight,the_log,rocket] elixir 3 wall=01:04:27.161
[student] TAP slot 1 knight cell 235 wall=01:04:27.494
[student] TRAY first +0.24s tapped slot 1 meant knight before [tornado,knight,the_log,rocket] now [tornado,?,the_log,rocket] slot_now ? elixir 3->3 wall=01:04:27.734
[student] TRAY settled +0.57s tapped slot 1 meant knight before [tornado,knight,the_log,rocket] now [tornado,?,the_log,rocket] slot_now ? elixir 3->0 wall=01:04:28.062
[student] PLAY the_log p=0.27 cell 320 board (0.81, 0.73) units 4 4 ms hand [tornado,ice_wizard,the_log,rocket] elixir 2 wall=01:04:33.614
[student] TAP slot 2 the_log cell 266 wall=01:04:33.955
[student] TRAY first +0.27s tapped slot 2 meant the_log before [tornado,ice_wizard,the_log,rocket] now [tornado,ice_wizard,?,rocket] slot_now ? elixir 2->1 wall=01:04:34.221
[student] TRAY settled +0.61s tapped slot 2 meant the_log before [tornado,ice_wizard,the_log,rocket] now [tornado,ice_wizard,?,rocket] slot_now ? elixir 2->0 wall=01:04:34.569
[student] PLAY the_log p=0.54 cell 338 board (0.81, 0.77) units 2 15 ms hand [tornado,ice_wizard,the_log,rocket] elixir 2 wall=01:04:38.390
[student] TAP slot 2 the_log cell 321 wall=01:04:38.721
[student] TRAY first +0.22s tapped slot 2 meant the_log before [tornado,ice_wizard,the_log,rocket] now [tornado,ice_wizard,ice_wizard,rocket] slot_now ice_wizard elixir 2->2 wall=01:04:38.940
[student] TRAY settled +0.53s tapped slot 2 meant the_log before [tornado,ice_wizard,the_log,rocket] now [tornado,ice_wizard,ice_wizard,rocket] slot_now ice_wizard elixir 2->2 wall=01:04:39.249
[student] PLAY tornado p=0.70 cell 245 board (0.64, 0.58) units 2 19 ms hand [tornado,ice_wizard,rocket,rocket] elixir 3 wall=01:04:40.843
[student] TAP slot 0 tornado cell 245 wall=01:04:41.190
[student] TRAY first +0.24s tapped slot 0 meant tornado before [tornado,ice_wizard,rocket,rocket] now [?,tornado,x_bow,rocket] slot_now ? elixir 3->3 wall=01:04:41.431
[student] PLAY tornado p=0.41 cell 243 board (0.53, 0.58) units 3 18 ms hand [?,tornado,x_bow,rocket] elixir 3 wall=01:04:41.514
[student] TAP slot 1 tornado cell 243 wall=01:04:41.843
[student] TRAY first +0.26s tapped slot 1 meant tornado before [?,tornado,x_bow,rocket] now [?,tornado,tornado,rocket] slot_now tornado elixir 3->0 wall=01:04:42.100
[student] TRAY settled +0.52s tapped slot 1 meant tornado before [?,tornado,x_bow,rocket] now [?,tornado,tornado,rocket] slot_now tornado elixir 3->0 wall=01:04:42.362
[student] PLAY the_log p=0.41 cell 320 board (0.81, 0.73) units 2 4 ms hand [tesla,ice_wizard,the_log,rocket] elixir 2 wall=01:04:47.014
[student] TAP slot 2 the_log cell 338 wall=01:04:47.359
[student] TRAY first +0.26s tapped slot 2 meant the_log before [tesla,ice_wizard,the_log,rocket] now [tesla,ice_wizard,ice_wizard,rocket] slot_now ice_wizard elixir 2->2 wall=01:04:47.616
[student] TRAY settled +1.00s tapped slot 2 meant the_log before [tesla,ice_wizard,the_log,rocket] now [tesla,ice_wizard,tornado,rocket] slot_now tornado elixir 2->2 wall=01:04:48.357
[student] WAIT | exact=0 opp=? next=7 t=54s hand=[164, 2, 3, 4] tw=1.01.01.01.01.01.0 sp=0 unk=0 p=0.05 elixir 4 opp~? units 0 dets 0 (waits 1650/2169 badhand 748/2169) wall=01:04:52.076
[student] WAIT p=0.06 elixir 6 opp~? units 0 dets 0 (waits 1660/2179 badhand 748/2179) wall=01:04:59.591
[student] PLAY ice_wizard p=0.32 cell 423 board (0.53, 0.98) units 0 16 ms hand [tesla,ice_wizard,?,rocket] elixir 8 wall=01:05:03.390
[student] TAP slot 1 ice_wizard cell 423 wall=01:05:03.737
[student] TRAY first +0.24s tapped slot 1 meant ice_wizard before [tesla,ice_wizard,?,rocket] now [tesla,?,x_bow,rocket] slot_now ? elixir 8->5 wall=01:05:03.975
[student] TRAY settled +1.03s tapped slot 1 meant ice_wizard before [tesla,ice_wizard,?,rocket] now [tesla,?,x_bow,rocket] slot_now ? elixir 8->5 wall=01:05:04.771
[student] WAIT p=0.11 elixir 6 opp~? units 2 dets 2 (waits 1670/2190 badhand 750/2190) wall=01:05:06.888
[student] PLAY x_bow p=0.27 cell 267 board (0.86, 0.61) units 2 28 ms hand [tesla,skeletons,x_bow,rocket] elixir 7 wall=01:05:09.622
[student] TAP slot 2 x_bow cell 231 wall=01:05:09.959
[student] TRAY first +0.24s tapped slot 2 meant x_bow before [tesla,skeletons,x_bow,rocket] now [tesla,skeletons,?,rocket] slot_now ? elixir 7->5 wall=01:05:10.202
[student] PLAY skeletons p=0.80 cell 247 board (0.75, 0.55) units 3 21 ms hand [tesla,skeletons,?,rocket] elixir 5 wall=01:05:10.275
[student] TAP slot 1 skeletons cell 247 wall=01:05:10.617
[student] TRAY first +0.25s tapped slot 1 meant skeletons before [tesla,skeletons,?,rocket] now [tesla,?,?,rocket] slot_now ? elixir 5->1 wall=01:05:10.864
[student] TRAY settled +1.02s tapped slot 1 meant skeletons before [tesla,skeletons,?,rocket] now [tesla,?,?,rocket] slot_now ? elixir 5->1 wall=01:05:11.634
[student] PLAY the_log p=0.28 cell 248 board (0.81, 0.55) units 4 16 ms hand [tesla,the_log,?,rocket] elixir 2 wall=01:05:15.465
[student] TAP slot 1 the_log cell 248 wall=01:05:15.792
[student] TRAY first +0.26s tapped slot 1 meant the_log before [tesla,the_log,?,rocket] now [tesla,?,tornado,rocket] slot_now ? elixir 2->1 wall=01:05:16.050
[student] TRAY settled +1.07s tapped slot 1 meant the_log before [tesla,the_log,?,rocket] now [tesla,?,?,rocket] slot_now ? elixir 2->0 wall=01:05:16.862
[student] PLAY tornado p=0.34 cell 158 board (0.81, 0.36) units 4 27 ms hand [tesla,tornado,?,rocket] elixir 3 wall=01:05:23.566
[student] TAP slot 1 tornado cell 158 wall=01:05:23.893
[student] TRAY first +0.24s tapped slot 1 meant tornado before [tesla,tornado,?,rocket] now [tesla,?,tornado,rocket] slot_now ? elixir 3->3 wall=01:05:24.137
[student] TRAY settled +0.58s tapped slot 1 meant tornado before [tesla,tornado,?,rocket] now [tesla,?,tornado,rocket] slot_now ? elixir 3->0 wall=01:05:24.473
[student] WAIT p=0.10 elixir 3 opp~? units 5 dets 5 (waits 1680/2204 badhand 752/2204) wall=01:05:33.928
[student] PLAY tesla p=0.38 cell 279 board (0.5, 0.66) units 3 26 ms hand [tesla,ice_wizard,?,rocket] elixir 4 wall=01:05:34.280
[student] TAP slot 0 tesla cell 279 wall=01:05:34.610
[student] TRAY first +0.28s tapped slot 0 meant tesla before [tesla,ice_wizard,?,rocket] now [?,tornado,tornado,rocket] slot_now ? elixir 4->4 wall=01:05:34.889
[student] TRAY settled +0.66s tapped slot 0 meant tesla before [tesla,ice_wizard,?,rocket] now [?,tornado,tornado,rocket] slot_now ? elixir 4->0 wall=01:05:35.266
[student] PLAY ice_wizard p=0.29 cell 250 board (0.92, 0.55) units 3 28 ms hand [x_bow,ice_wizard,?,rocket] elixir 4 wall=01:05:46.249
[student] TAP slot 1 ice_wizard cell 250 wall=01:05:46.579
[student] TRAY first +0.94s tapped slot 1 meant ice_wizard before [x_bow,ice_wizard,?,rocket] now [tesla,?,?,rocket] slot_now ? elixir 4->3 wall=01:05:47.515
[student] PLAY skeletons p=0.48 cell 248 board (0.81, 0.55) units 4 22 ms hand [the_log,skeletons,knight,rocket] elixir 2 wall=01:05:49.498
[student] TAP slot 1 skeletons cell 248 wall=01:05:49.825
[student] TRAY first +0.98s tapped slot 1 meant skeletons before [the_log,skeletons,knight,rocket] now [tesla,?,?,rocket] slot_now ? elixir 2->1 wall=01:05:50.806
[student] PLAY the_log p=0.35 cell 247 board (0.75, 0.55) units 6 22 ms hand [the_log,?,knight,rocket] elixir 2 wall=01:05:51.749
[student] TAP slot 0 the_log cell 248 wall=01:05:52.087
[student] TRAY first +0.98s tapped slot 0 meant the_log before [the_log,?,knight,rocket] now [ice_wizard,the_log,?,rocket] slot_now ice_wizard elixir 2->2 wall=01:05:53.068
[clock] icon reads x3 but the clock reads x1 -> using the clock (x1)
[student] PLAY the_log p=0.48 cell 338 board (0.81, 0.77) units 2 15 ms hand [x_bow,the_log,?,rocket] elixir 3 wall=01:05:54.843
[student] TAP slot 1 the_log cell 320 wall=01:05:55.175
[student] TRAY first +0.55s tapped slot 1 meant the_log before [x_bow,the_log,?,rocket] now [the_log,?,knight,rocket] slot_now ? elixir 3->1 wall=01:05:55.722
[student] PLAY the_log p=0.34 cell 320 board (0.81, 0.73) units 2 26 ms hand [the_log,?,?,rocket] elixir 2 wall=01:05:56.594
[student] TAP slot 0 the_log cell 391 wall=01:05:56.927
[student] TRAY first +0.61s tapped slot 0 meant the_log before [the_log,?,?,rocket] now [x_bow,tornado,?,rocket] slot_now x_bow elixir 2->3 wall=01:05:57.537
[student] WAIT p=0.24 elixir 4 opp~? units 2 dets 2 (waits 1690/2220 badhand 755/2220) wall=01:05:58.792
[clock] icon reads x3 but the clock reads x2 -> using the clock (x2)
01:05:59 [play] elixir x2
[student] PLAY tornado p=0.28 cell 176 board (0.81, 0.39) units 2 20 ms hand [x_bow,tornado,?,rocket] elixir 4 wall=01:05:59.537
[student] TAP slot 1 tornado cell 333 wall=01:05:59.870
[student] TRAY first +0.55s tapped slot 1 meant tornado before [x_bow,tornado,?,rocket] now [the_log,?,?,rocket] slot_now ? elixir 4->3 wall=01:06:00.420
[student] PLAY ice_wizard p=0.49 cell 320 board (0.81, 0.73) units 4 33 ms hand [ice_wizard,?,?,rocket] elixir 3 wall=01:06:01.607
[student] TAP slot 0 ice_wizard cell 266 wall=01:06:01.941
[student] TRAY first +0.63s tapped slot 0 meant ice_wizard before [ice_wizard,?,?,rocket] now [x_bow,tesla_evo,?,rocket] slot_now x_bow elixir 3->3 wall=01:06:02.573
[student] WAIT | exact=0 opp=? next=2 t=130s hand=[3, 164, 149, 4] tw=1.01.01.01.00.0x0.0x sp=0 unk=0 p=0.04 elixir 8 opp~? units 2 dets 2 (waits 1700/2232 badhand 757/2232) wall=01:06:08.451
[student] PLAY rocket p=0.37 cell 85 board (0.75, 0.17) units 2 29 ms hand [x_bow,tesla_evo,?,rocket] elixir 10 wall=01:06:11.332
[student] TAP slot 3 rocket cell 30 wall=01:06:11.661
[student] TRAY first +0.64s tapped slot 3 meant rocket before [x_bow,tesla_evo,?,rocket] now [x_bow,tesla_evo,?,?] slot_now ? elixir 10->6 wall=01:06:12.301
[student] PLAY tesla_evo p=0.96 cell 243 board (0.5, 0.56) units 2 24 ms hand [x_bow,tesla_evo,?,ice_wizard] elixir 4 wall=01:06:13.657
[student] TAP slot 1 tesla_evo cell 243 wall=01:06:14.003
[student] TRAY first +0.60s tapped slot 1 meant tesla_evo before [x_bow,tesla_evo,?,ice_wizard] now [ice_wizard,?,?,ice_wizard] slot_now ? elixir 4->4 wall=01:06:14.607
[student] PLAY ice_wizard p=0.95 cell 323 board (0.97, 0.73) units 4 19 ms hand [ice_wizard,?,?,ice_wizard] elixir 4 wall=01:06:14.688
[student] TAP slot 0 ice_wizard cell 323 wall=01:06:15.018
[student] TRAY first +0.59s tapped slot 0 meant ice_wizard before [ice_wizard,?,?,ice_wizard] now [ice_wizard,?,?,ice_wizard] slot_now ice_wizard elixir 4->1 wall=01:06:15.611
[student] PLAY skeletons p=0.83 cell 250 board (0.92, 0.55) units 3 25 ms hand [ice_wizard,skeletons,knight,ice_wizard] elixir 2 wall=01:06:16.363
[student] TAP slot 1 skeletons cell 250 wall=01:06:16.708
[student] TRAY first +0.53s tapped slot 1 meant skeletons before [ice_wizard,skeletons,knight,ice_wizard] now [tesla,?,?,ice_wizard] slot_now ? elixir 2->1 wall=01:06:17.239
[student] PLAY the_log p=0.88 cell 320 board (0.81, 0.73) units 5 25 ms hand [the_log,?,?,ice_wizard] elixir 2 wall=01:06:18.100
[student] TAP slot 0 the_log cell 319 wall=01:06:18.437
[student] TRAY first +0.29s tapped slot 0 meant the_log before [the_log,?,?,ice_wizard] now [?,the_log,?,ice_wizard] slot_now ? elixir 2->3 wall=01:06:18.726
[student] PLAY ice_wizard p=0.87 cell 306 board (0.03, 0.73) units 4 19 ms hand [?,the_log,?,ice_wizard] elixir 3 wall=01:06:18.852
[student] TAP slot 3 ice_wizard cell 306 wall=01:06:19.197
[student] TRAY first +0.29s tapped slot 3 meant ice_wizard before [?,the_log,?,ice_wizard] now [tornado,the_log,tornado,?] slot_now ? elixir 3->3 wall=01:06:19.490
[student] PLAY tornado p=0.38 cell 246 board (0.69, 0.58) units 5 5 ms hand [tornado,the_log,tornado,?] elixir 3 wall=01:06:19.531
[student] TAP slot 0 tornado cell 246 wall=01:06:19.858
[student] TRAY first +0.27s tapped slot 0 meant tornado before [tornado,the_log,tornado,?] now [tornado,the_log,?,?] slot_now tornado elixir 3->1 wall=01:06:20.125
[student] TRAY settled +0.62s tapped slot 0 meant tornado before [tornado,the_log,tornado,?] now [tornado,the_log,?,?] slot_now tornado elixir 3->1 wall=01:06:20.480
[student] WAIT p=0.14 elixir 4 opp~? units 7 dets 7 (waits 1710/2249 badhand 763/2249) wall=01:06:24.628
[student] PLAY the_log p=0.31 cell 237 board (0.19, 0.55) units 4 11 ms hand [?,the_log,?,tornado] elixir 4 wall=01:06:24.916
[student] TAP slot 1 the_log cell 256 wall=01:06:25.254
[student] TRAY first +0.26s tapped slot 1 meant the_log before [?,the_log,?,tornado] now [ice_wizard,?,?,tornado] slot_now ? elixir 4->2 wall=01:06:25.511
[student] TRAY settled +1.06s tapped slot 1 meant the_log before [?,the_log,?,tornado] now [ice_wizard,?,?,tornado] slot_now ? elixir 4->3 wall=01:06:26.319
[student] PLAY tornado p=0.32 cell 165 board (0.19, 0.39) units 4 14 ms hand [x_bow,rocket,?,tornado] elixir 4 wall=01:06:27.986
[student] TAP slot 3 tornado cell 165 wall=01:06:28.316
[student] TRAY first +0.26s tapped slot 3 meant tornado before [x_bow,rocket,?,tornado] now [the_log,rocket,knight,?] slot_now ? elixir 4->3 wall=01:06:28.580
[student] PLAY knight p=0.88 cell 235 board (0.08, 0.55) units 4 19 ms hand [the_log,rocket,knight,?] elixir 3 wall=01:06:28.663
[student] TAP slot 2 knight cell 235 wall=01:06:28.991
[student] TRAY first +0.25s tapped slot 2 meant knight before [the_log,rocket,knight,?] now [the_log,rocket,?,?] slot_now ? elixir 3->2 wall=01:06:29.240
[student] PLAY the_log p=0.61 cell 337 board (0.75, 0.77) units 5 21 ms hand [the_log,rocket,?,?] elixir 2 wall=01:06:29.320
[student] TAP slot 0 the_log cell 350 wall=01:06:29.663
[student] TRAY first +0.25s tapped slot 0 meant the_log before [the_log,rocket,?,?] now [x_bow,rocket,?,tesla] slot_now x_bow elixir 2->3 wall=01:06:29.916
[student] TRAY settled +0.57s tapped slot 0 meant the_log before [the_log,rocket,?,?] now [?,rocket,?,tesla] slot_now ? elixir 2->0 wall=01:06:30.229
[student] PLAY skeletons p=0.37 cell 336 board (0.69, 0.77) units 6 23 ms hand [tornado,rocket,skeletons,tesla] elixir 1 wall=01:06:31.402
[student] TAP slot 2 skeletons cell 336 wall=01:06:31.737
[student] TRAY first +0.33s tapped slot 2 meant skeletons before [tornado,rocket,skeletons,tesla] now [tornado,rocket,?,tesla] slot_now ? elixir 1->1 wall=01:06:32.068
[student] TRAY settled +0.68s tapped slot 2 meant skeletons before [tornado,rocket,skeletons,tesla] now [ice_wizard,rocket,?,tesla] slot_now ? elixir 1->0 wall=01:06:32.413
[student] PLAY the_log p=0.75 cell 327 board (0.19, 0.77) units 3 31 ms hand [the_log,rocket,ice_wizard,tesla] elixir 2 wall=01:06:34.071
[student] TAP slot 0 the_log cell 383 wall=01:06:34.404
[student] TRAY first +0.26s tapped slot 0 meant the_log before [the_log,rocket,ice_wizard,tesla] now [tornado,rocket,ice_wizard,tesla] slot_now tornado elixir 2->2 wall=01:06:34.661
[student] TRAY settled +1.05s tapped slot 0 meant the_log before [the_log,rocket,ice_wizard,tesla] now [?,rocket,ice_wizard,tesla] slot_now ? elixir 2->3 wall=01:06:35.458
[student] WAIT | exact=0 opp=? next=6 t=161s hand=[3, 4, 2, 164] tw=1.01.01.01.00.0x0.0x sp=0 unk=0 p=0.03 elixir 5 opp~? units 1 dets 1 (waits 1720/2265 badhand 767/2265) wall=01:06:39.483
[student] PLAY ice_wizard p=0.30 cell 332 board (0.47, 0.77) units 2 17 ms hand [x_bow,rocket,ice_wizard,tesla] elixir 7 wall=01:06:41.266
[student] TAP slot 2 ice_wizard cell 332 wall=01:06:41.602
[student] TRAY first +0.25s tapped slot 2 meant ice_wizard before [x_bow,rocket,ice_wizard,tesla] now [x_bow,rocket,?,tesla] slot_now ? elixir 7->4 wall=01:06:41.847
[student] PLAY tesla p=0.62 cell 296 board (0.44, 0.69) units 3 29 ms hand [x_bow,rocket,?,tesla] elixir 4 wall=01:06:41.934
[student] TAP slot 3 tesla cell 296 wall=01:06:42.274
[student] TRAY first +0.28s tapped slot 3 meant tesla before [x_bow,rocket,?,tesla] now [ice_wizard,rocket,?,?] slot_now ? elixir 4->4 wall=01:06:42.549
[student] PLAY ice_wizard p=0.77 cell 314 board (0.47, 0.73) units 3 24 ms hand [ice_wizard,rocket,?,?] elixir 4 wall=01:06:42.632
[student] TAP slot 0 ice_wizard cell 314 wall=01:06:42.974
[student] TRAY first +0.27s tapped slot 0 meant ice_wizard before [ice_wizard,rocket,?,?] now [ice_wizard,rocket,the_log,?] slot_now ice_wizard elixir 4->1 wall=01:06:43.247
[student] TRAY settled +0.64s tapped slot 0 meant ice_wizard before [ice_wizard,rocket,?,?] now [ice_wizard,the_log,the_log,?] slot_now ice_wizard elixir 4->1 wall=01:06:43.613
[student] PLAY tornado p=0.42 cell 351 board (0.53, 0.83) units 3 21 ms hand [?,rocket,the_log,tornado] elixir 3 wall=01:06:45.219
[student] TAP slot 3 tornado cell 332 wall=01:06:45.553
[student] TRAY first +0.26s tapped slot 3 meant tornado before [?,rocket,the_log,tornado] now [x_bow,rocket,the_log,?] slot_now ? elixir 3->3 wall=01:06:45.809
[student] PLAY the_log p=0.69 cell 330 board (0.36, 0.77) units 3 16 ms hand [x_bow,rocket,the_log,?] elixir 3 wall=01:06:45.875
[student] TAP slot 2 the_log cell 351 wall=01:06:46.208
[student] TRAY first +0.25s tapped slot 2 meant the_log before [x_bow,rocket,the_log,?] now [ice_wizard,rocket,ice_wizard,?] slot_now ice_wizard elixir 3->0 wall=01:06:46.459
[student] TRAY settled +0.56s tapped slot 2 meant the_log before [x_bow,rocket,the_log,?] now [ice_wizard,rocket,the_log,?] slot_now the_log elixir 3->1 wall=01:06:46.768
[student] PLAY the_log p=0.37 cell 348 board (0.36, 0.83) units 3 26 ms hand [ice_wizard,rocket,the_log,knight_evo] elixir 2 wall=01:06:49.223
[student] TAP slot 2 the_log cell 351 wall=01:06:49.570
[student] TRAY first +0.24s tapped slot 2 meant the_log before [ice_wizard,rocket,the_log,knight_evo] now [ice_wizard,rocket,?,tesla] slot_now ? elixir 2->1 wall=01:06:49.810
[student] TRAY settled +0.57s tapped slot 2 meant the_log before [ice_wizard,rocket,the_log,knight_evo] now [tesla,rocket,?,?] slot_now ? elixir 2->1 wall=01:06:50.136
[student] PLAY the_log p=0.47 cell 296 board (0.47, 0.7) units 3 25 ms hand [the_log,ice_wizard,?,tesla] elixir 2 wall=01:06:50.957
[student] TAP slot 0 the_log cell 350 wall=01:06:51.295
[student] TRAY first +0.29s tapped slot 0 meant the_log before [the_log,ice_wizard,?,tesla] now [tornado,rocket,skeletons,knight_evo] slot_now tornado elixir 2->2 wall=01:06:51.584
[student] TRAY settled +0.90s tapped slot 0 meant the_log before [the_log,ice_wizard,?,tesla] now [?,rocket,skeletons,knight_evo] slot_now ? elixir 2->3 wall=01:06:52.192
01:06:54 [play] UNKNOWN 0.6s after in-match -> grace hold (label lost: overtime / end animation / dropout; up to 150s)
01:07:02 [play] state: MATCH_END
01:07:02 [nav] MATCH_END -> Play Again (located) (0.348,0.914)
01:07:02 [play] state: UNKNOWN
01:07:09 [play] state: IN_MATCH
[student] WAIT | exact=0 opp=? next=2 t=1s hand=[3, 164, -1, -1] tw=1.01.01.01.01.01.0 sp=0 unk=0 p=0.00 elixir 7 opp~? units 0 dets 0 (waits 1730/2282 badhand 772/2282) wall=01:07:10.008
[student] WAIT | exact=0 opp=? next=2 t=8s hand=[3, 164, 6, 0] tw=1.01.01.01.01.01.0 sp=0 unk=0 p=0.00 elixir 10 opp~? units 0 dets 0 (waits 1740/2292 badhand 772/2292) wall=01:07:17.428
[student] STALL-PLAY tornado p=0.03 cell 350 board (0.47, 0.83) units 1 5 ms hand [x_bow,tesla,the_log,tornado] elixir 10 wall=01:07:21.932
[student] TAP slot 3 tornado cell 350 wall=01:07:22.274
[student] TRAY first +0.23s tapped slot 3 meant tornado before [x_bow,tesla,the_log,tornado] now [x_bow,tesla,the_log,?] slot_now ? elixir 10->7 wall=01:07:22.502
[student] TRAY settled +0.56s tapped slot 3 meant tornado before [x_bow,tesla,the_log,tornado] now [x_bow,tesla,the_log,?] slot_now ? elixir 10->7 wall=01:07:22.834
[student] WAIT p=0.22 elixir 7 opp~? units 2 dets 3 (waits 1750/2303 badhand 775/2303) wall=01:07:23.679
[student] PLAY the_log p=0.36 cell 327 board (0.19, 0.77) units 2 22 ms hand [x_bow,tesla,the_log,ice_wizard] elixir 7 wall=01:07:24.508
[student] TAP slot 2 the_log cell 364 wall=01:07:24.855
[student] TRAY first +0.28s tapped slot 2 meant the_log before [x_bow,tesla,the_log,ice_wizard] now [x_bow,tesla,?,ice_wizard] slot_now ? elixir 7->5 wall=01:07:25.132
[student] TRAY settled +0.60s tapped slot 2 meant the_log before [x_bow,tesla,the_log,ice_wizard] now [x_bow,tesla,?,ice_wizard] slot_now ? elixir 7->5 wall=01:07:25.456
[student] WAIT p=0.06 elixir 7 opp~? units 0 dets 0 (waits 1760/2314 badhand 778/2314) wall=01:07:31.758
[student] PLAY skeletons p=0.28 cell 242 board (0.47, 0.55) units 1 31 ms hand [x_bow,tesla,skeletons,ice_wizard] elixir 8 wall=01:07:33.081
[student] TAP slot 2 skeletons cell 242 wall=01:07:33.423
[student] TRAY first +0.27s tapped slot 2 meant skeletons before [x_bow,tesla,skeletons,ice_wizard] now [x_bow,tesla,?,ice_wizard] slot_now ? elixir 8->7 wall=01:07:33.696
[student] PLAY ice_wizard p=0.44 cell 350 board (0.47, 0.83) units 3 30 ms hand [x_bow,tesla,?,ice_wizard] elixir 7 wall=01:07:33.765
[student] TAP slot 3 ice_wizard cell 350 wall=01:07:34.103
[student] TRAY first +0.25s tapped slot 3 meant ice_wizard before [x_bow,tesla,?,ice_wizard] now [x_bow,tesla,?,?] slot_now ? elixir 7->4 wall=01:07:34.358
[student] TRAY settled +0.55s tapped slot 3 meant ice_wizard before [x_bow,tesla,?,ice_wizard] now [x_bow,tesla,?,?] slot_now ? elixir 7->4 wall=01:07:34.648
[student] PLAY tesla p=0.39 cell 243 board (0.5, 0.56) units 4 17 ms hand [x_bow,tesla,?,rocket] elixir 6 wall=01:07:38.697
[student] TAP slot 1 tesla cell 243 wall=01:07:39.051
[student] TRAY first +0.24s tapped slot 1 meant tesla before [x_bow,tesla,?,rocket] now [the_log,?,?,rocket] slot_now ? elixir 6->4 wall=01:07:39.293
[student] TRAY settled +0.59s tapped slot 1 meant tesla before [x_bow,tesla,?,rocket] now [ice_wizard,?,?,rocket] slot_now ? elixir 6->2 wall=01:07:39.642
[student] WAIT | exact=0 opp=? next=6 t=32s hand=[2, 0, -1, 4] tw=1.00.91.01.01.01.0 sp=0 unk=0 p=0.04 elixir 3 opp~? units 3 dets 3 (waits 1770/2327 badhand 789/2327) wall=01:07:41.156
[student] WAIT p=0.09 elixir 5 opp~? units 1 dets 1 (waits 1780/2337 badhand 799/2337) wall=01:07:47.877
[student] PLAY x_bow p=0.41 cell 265 board (0.75, 0.61) units 1 16 ms hand [x_bow,tornado,?,rocket] elixir 8 wall=01:07:54.534
[student] TAP slot 0 x_bow cell 229 wall=01:07:54.868
[student] TRAY first +0.26s tapped slot 0 meant x_bow before [x_bow,tornado,?,rocket] now [?,tornado,knight,rocket] slot_now ? elixir 8->5 wall=01:07:55.125
[student] PLAY knight p=0.65 cell 248 board (0.81, 0.55) units 2 17 ms hand [?,tornado,knight,rocket] elixir 5 wall=01:07:55.168
[student] TAP slot 2 knight cell 248 wall=01:07:55.499
[student] TRAY first +0.25s tapped slot 2 meant knight before [?,tornado,knight,rocket] now [?,tornado,?,rocket] slot_now ? elixir 5->2 wall=01:07:55.746
[student] TRAY settled +0.56s tapped slot 2 meant knight before [?,tornado,knight,rocket] now [?,tornado,?,rocket] slot_now ? elixir 5->2 wall=01:07:56.064
[student] WAIT p=0.10 elixir 3 opp~? units 2 dets 3 (waits 1790/2349 badhand 811/2349) wall=01:07:57.551
[student] PLAY the_log p=0.30 cell 247 board (0.75, 0.55) units 2 30 ms hand [the_log,tornado,?,rocket] elixir 4 wall=01:08:00.459
[student] TAP slot 0 the_log cell 387 wall=01:08:00.801
[student] TRAY first +0.26s tapped slot 0 meant the_log before [the_log,tornado,?,rocket] now [?,tornado,?,rocket] slot_now ? elixir 4->2 wall=01:08:01.060
[student] TRAY settled +0.61s tapped slot 0 meant the_log before [the_log,tornado,?,rocket] now [?,tornado,?,rocket] slot_now ? elixir 4->2 wall=01:08:01.406
[student] PLAY skeletons p=0.84 cell 250 board (0.92, 0.55) units 3 22 ms hand [skeletons,tornado,knight,rocket] elixir 2 wall=01:08:02.806
[student] TAP slot 0 skeletons cell 250 wall=01:08:03.155
[student] TRAY first +0.28s tapped slot 0 meant skeletons before [skeletons,tornado,knight,rocket] now [?,tornado,knight,rocket] slot_now ? elixir 2->2 wall=01:08:03.438
[student] TRAY settled +0.59s tapped slot 0 meant skeletons before [skeletons,tornado,knight,rocket] now [?,tornado,knight,rocket] slot_now ? elixir 2->2 wall=01:08:03.741
[student] PLAY knight p=0.93 cell 249 board (0.86, 0.55) units 7 17 ms hand [ice_wizard,tornado,knight,rocket] elixir 3 wall=01:08:05.901
[student] TAP slot 2 knight cell 249 wall=01:08:06.231
[student] TRAY first +0.25s tapped slot 2 meant knight before [ice_wizard,tornado,knight,rocket] now [tornado,tornado,?,rocket] slot_now ? elixir 3->3 wall=01:08:06.485
[student] TRAY settled +0.63s tapped slot 2 meant knight before [ice_wizard,tornado,knight,rocket] now [tornado,tornado,?,rocket] slot_now ? elixir 3->0 wall=01:08:06.859
[student] PLAY tornado p=0.90 cell 332 board (0.47, 0.77) units 2 32 ms hand [ice_wizard,tornado,tesla,rocket] elixir 3 wall=01:08:15.044
[student] TAP slot 1 tornado cell 333 wall=01:08:15.376
[student] TRAY first +0.23s tapped slot 1 meant tornado before [ice_wizard,tornado,tesla,rocket] now [ice_wizard,?,tesla,rocket] slot_now ? elixir 3->3 wall=01:08:15.606
[student] PLAY ice_wizard p=0.92 cell 309 board (0.19, 0.73) units 4 6 ms hand [ice_wizard,?,tesla,rocket] elixir 3 wall=01:08:15.644
[student] TAP slot 0 ice_wizard cell 255 wall=01:08:15.985
[student] TRAY first +0.24s tapped slot 0 meant ice_wizard before [ice_wizard,?,tesla,rocket] now [tornado,?,tesla,rocket] slot_now tornado elixir 3->0 wall=01:08:16.226
[student] TRAY settled +0.57s tapped slot 0 meant ice_wizard before [ice_wizard,?,tesla,rocket] now [ice_wizard,?,tesla,rocket] slot_now ice_wizard elixir 3->0 wall=01:08:16.555
[student] WAIT p=0.21 elixir 3 opp~? units 0 dets 1 (waits 1800/2364 badhand 817/2364) wall=01:08:24.092
[student] PLAY tesla p=0.69 cell 297 board (0.5, 0.69) units 1 15 ms hand [ice_wizard,x_bow,tesla,rocket] elixir 5 wall=01:08:30.328
[student] TAP slot 2 tesla cell 297 wall=01:08:30.657
[student] TRAY first +0.27s tapped slot 2 meant tesla before [ice_wizard,x_bow,tesla,rocket] now [ice_wizard,the_log,?,rocket] slot_now ? elixir 5->4 wall=01:08:30.926
[student] PLAY the_log p=0.66 cell 292 board (0.25, 0.67) units 2 28 ms hand [ice_wizard,the_log,?,rocket] elixir 4 wall=01:08:31.011
[student] TAP slot 1 the_log cell 292 wall=01:08:31.351
[student] TRAY first +0.27s tapped slot 1 meant the_log before [ice_wizard,the_log,?,rocket] now [ice_wizard,ice_wizard,?,rocket] slot_now ice_wizard elixir 4->2 wall=01:08:31.625
[student] TRAY settled +0.65s tapped slot 1 meant the_log before [ice_wizard,the_log,?,rocket] now [ice_wizard,tornado,?,rocket] slot_now tornado elixir 4->2 wall=01:08:31.997
[student] WAIT p=0.10 elixir 2 opp~? units 2 dets 2 (waits 1810/2376 badhand 818/2376) wall=01:08:32.956
[student] PLAY the_log p=0.50 cell 328 board (0.25, 0.77) units 5 20 ms hand [ice_wizard,tornado,the_log,rocket] elixir 2 wall=01:08:33.747
[student] TAP slot 2 the_log cell 385 wall=01:08:34.081
[student] TRAY first +0.28s tapped slot 2 meant the_log before [ice_wizard,tornado,the_log,rocket] now [ice_wizard,tesla,?,rocket] slot_now ? elixir 2->1 wall=01:08:34.356
[student] TRAY settled +0.60s tapped slot 2 meant the_log before [ice_wizard,tornado,the_log,rocket] now [ice_wizard,tesla,?,rocket] slot_now ? elixir 2->1 wall=01:08:34.678
[student] PLAY skeletons p=0.90 cell 309 board (0.19, 0.73) units 4 17 ms hand [ice_wizard,the_log,skeletons,rocket] elixir 1 wall=01:08:35.538
[student] TAP slot 2 skeletons cell 255 wall=01:08:35.867
[student] TRAY first +0.24s tapped slot 2 meant skeletons before [ice_wizard,the_log,skeletons,rocket] now [ice_wizard,?,?,rocket] slot_now ? elixir 1->1 wall=01:08:36.107
[student] TRAY settled +0.59s tapped slot 2 meant skeletons before [ice_wizard,the_log,skeletons,rocket] now [ice_wizard,?,?,rocket] slot_now ? elixir 1->0 wall=01:08:36.457
[student] WAIT | exact=0 opp=? next=0 t=97s hand=[2, 3, 149, 4] tw=1.00.71.01.01.01.0 sp=0 unk=0 p=0.03 elixir 4 opp~? units 1 dets 1 (waits 1820/2388 badhand 818/2388) wall=01:08:46.842
[student] WAIT p=0.11 elixir 7 opp~? units 2 dets 3 (waits 1830/2398 badhand 818/2398) wall=01:08:56.095
[student] PLAY ice_wizard p=0.34 cell 351 board (0.53, 0.83) units 2 27 ms hand [ice_wizard,x_bow,?,rocket] elixir 8 wall=01:08:57.114
[student] TAP slot 0 ice_wizard cell 351 wall=01:08:57.457
[student] TRAY first +0.79s tapped slot 0 meant ice_wizard before [ice_wizard,x_bow,?,rocket] now [?,x_bow,?,rocket] slot_now ? elixir 8->4 wall=01:08:58.251
[student] PLAY rocket p=0.34 cell 237 board (0.19, 0.55) units 3 20 ms hand [tornado,x_bow,?,rocket] elixir 6 wall=01:09:02.355
[student] TAP slot 3 rocket cell 237 wall=01:09:02.701
[student] TRAY first +0.91s tapped slot 3 meant rocket before [tornado,x_bow,?,rocket] now [tornado,tesla,?,?] slot_now ? elixir 6->5 wall=01:09:03.613
[student] PLAY tesla p=0.64 cell 279 board (0.5, 0.66) units 2 19 ms hand [tornado,tesla,?,?] elixir 5 wall=01:09:03.683
[student] TAP slot 1 tesla cell 279 wall=01:09:04.015
[student] TRAY first +0.85s tapped slot 1 meant tesla before [tornado,tesla,?,?] now [tornado,ice_wizard,?,tesla] slot_now ice_wizard elixir 5->1 wall=01:09:04.868
[clock] icon reads x3 but the clock reads x1 -> using the clock (x1)
[student] PLAY tornado p=0.30 cell 260 board (0.47, 0.61) units 1 18 ms hand [tornado,x_bow,?,tesla_evo] elixir 4 wall=01:09:08.573
[student] TAP slot 0 tornado cell 333 wall=01:09:08.909
[student] TRAY first +0.63s tapped slot 0 meant tornado before [tornado,x_bow,?,tesla_evo] now [?,the_log,knight,tesla] slot_now ? elixir 4->3 wall=01:09:09.544
[student] PLAY the_log p=0.81 cell 309 board (0.19, 0.73) units 1 29 ms hand [?,the_log,knight,tesla] elixir 3 wall=01:09:09.633
[student] TAP slot 1 the_log cell 382 wall=01:09:09.980
[clock] icon reads x3 but the clock reads x2 -> using the clock (x2)
01:09:10 [play] elixir x2
[student] TRAY first +0.50s tapped slot 1 meant the_log before [?,the_log,knight,tesla] now [?,tornado,?,tesla_evo] slot_now tornado elixir 3->2 wall=01:09:10.477
[student] TRAY settled +1.08s tapped slot 1 meant the_log before [?,the_log,knight,tesla] now [the_log,tornado,?,tesla_evo] slot_now tornado elixir 3->3 wall=01:09:11.061
[student] PLAY the_log p=0.90 cell 337 board (0.75, 0.77) units 2 22 ms hand [the_log,x_bow,?,tesla_evo] elixir 4 wall=01:09:12.699
[student] TAP slot 0 the_log cell 354 wall=01:09:13.031
[student] TRAY first +0.57s tapped slot 0 meant the_log before [the_log,x_bow,?,tesla_evo] now [?,ice_wizard,?,tesla_evo] slot_now ? elixir 4->2 wall=01:09:13.599
[student] WAIT p=0.21 elixir 5 opp~? units 0 dets 1 (waits 1840/2414 badhand 820/2414) wall=01:09:16.872
[student] PLAY skeletons p=0.71 cell 333 board (0.53, 0.77) units 2 27 ms hand [skeletons,x_bow,?,tesla_evo] elixir 5 wall=01:09:17.556
[student] TAP slot 0 skeletons cell 333 wall=01:09:17.898
[student] TRAY first +0.50s tapped slot 0 meant skeletons before [skeletons,x_bow,?,tesla_evo] now [?,x_bow,?,tesla_evo] slot_now ? elixir 5->4 wall=01:09:18.400
[student] PLAY ice_wizard p=0.27 cell 332 board (0.47, 0.77) units 2 15 ms hand [ice_wizard,x_bow,?,tesla_evo] elixir 6 wall=01:09:20.097
[student] TAP slot 0 ice_wizard cell 332 wall=01:09:20.430
[student] TRAY first +0.57s tapped slot 0 meant ice_wizard before [ice_wizard,x_bow,?,tesla_evo] now [?,x_bow,?,tesla_evo] slot_now ? elixir 6->3 wall=01:09:21.005
[student] PLAY tesla_evo p=0.77 cell 297 board (0.5, 0.69) units 8 23 ms hand [rocket,x_bow,?,tesla_evo] elixir 5 wall=01:09:22.563
[student] TAP slot 3 tesla_evo cell 297 wall=01:09:22.897
[student] TRAY first +0.67s tapped slot 3 meant tesla_evo before [rocket,x_bow,?,tesla_evo] now [rocket,the_log,knight,?] slot_now ? elixir 5->4 wall=01:09:23.563
[student] PLAY knight p=0.87 cell 249 board (0.86, 0.55) units 7 26 ms hand [rocket,the_log,knight,?] elixir 4 wall=01:09:23.661
[student] TAP slot 2 knight cell 249 wall=01:09:23.998
[student] TRAY first +0.60s tapped slot 2 meant knight before [rocket,the_log,knight,?] now [rocket,the_log,?,?] slot_now ? elixir 4->2 wall=01:09:24.601
[student] PLAY the_log p=0.51 cell 248 board (0.81, 0.55) units 5 21 ms hand [rocket,the_log,?,?] elixir 2 wall=01:09:24.688
[student] TAP slot 1 the_log cell 337 wall=01:09:25.014
[student] TRAY first +0.60s tapped slot 1 meant the_log before [rocket,the_log,?,?] now [rocket,tornado,?,tornado] slot_now tornado elixir 2->0 wall=01:09:25.612
[student] PLAY the_log p=0.33 cell 248 board (0.81, 0.55) units 5 26 ms hand [rocket,ice_wizard,the_log,tornado] elixir 3 wall=01:09:29.544
[student] TAP slot 2 the_log cell 283 wall=01:09:29.875
[student] TRAY first +0.25s tapped slot 2 meant the_log before [rocket,ice_wizard,the_log,tornado] now [rocket,the_log,?,tornado] slot_now ? elixir 3->2 wall=01:09:30.125
[student] TRAY settled +0.60s tapped slot 2 meant the_log before [rocket,ice_wizard,the_log,tornado] now [rocket,the_log,?,tornado] slot_now ? elixir 3->2 wall=01:09:30.479
[student] WAIT | exact=0 opp=? next=7 t=142s hand=[4, 6, -1, 0] tw=1.00.0x1.01.01.01.0 sp=1 unk=0 p=0.00 elixir 2 opp~? units 5 dets 6 (waits 1850/2430 badhand 829/2430) wall=01:09:31.214
[student] PLAY skeletons p=0.55 cell 244 board (0.58, 0.55) units 5 30 ms hand [rocket,ice_wizard,skeletons,tornado] elixir 3 wall=01:09:31.652
[student] TAP slot 2 skeletons cell 244 wall=01:09:31.981
[student] TRAY first +0.28s tapped slot 2 meant skeletons before [rocket,ice_wizard,skeletons,tornado] now [rocket,the_log,?,tornado] slot_now ? elixir 3->2 wall=01:09:32.260
[student] TRAY settled +0.62s tapped slot 2 meant skeletons before [rocket,ice_wizard,skeletons,tornado] now [rocket,the_log,?,tornado] slot_now ? elixir 3->2 wall=01:09:32.600
[student] PLAY ice_wizard p=0.93 cell 250 board (0.92, 0.55) units 5 5 ms hand [rocket,ice_wizard,ice_wizard,tornado] elixir 3 wall=01:09:33.463
[student] TAP slot 1 ice_wizard cell 250 wall=01:09:33.797
[student] TRAY first +0.26s tapped slot 1 meant ice_wizard before [rocket,ice_wizard,ice_wizard,tornado] now [rocket,x_bow,ice_wizard,tornado] slot_now x_bow elixir 3->3 wall=01:09:34.057
[student] TRAY settled +0.61s tapped slot 1 meant ice_wizard before [rocket,ice_wizard,ice_wizard,tornado] now [rocket,x_bow,ice_wizard,tornado] slot_now x_bow elixir 3->4 wall=01:09:34.407
[student] PLAY ice_wizard p=0.75 cell 248 board (0.81, 0.55) units 3 27 ms hand [rocket,x_bow,ice_wizard,tornado] elixir 4 wall=01:09:34.487
[student] TAP slot 2 ice_wizard cell 248 wall=01:09:34.814
[student] TRAY first +0.25s tapped slot 2 meant ice_wizard before [rocket,x_bow,ice_wizard,tornado] now [rocket,the_log,?,tornado] slot_now ? elixir 4->3 wall=01:09:35.067
[student] TRAY settled +0.60s tapped slot 2 meant ice_wizard before [rocket,x_bow,ice_wizard,tornado] now [rocket,the_log,?,tornado] slot_now ? elixir 4->1 wall=01:09:35.418
[student] PLAY tesla p=0.77 cell 246 board (0.67, 0.56) units 5 26 ms hand [rocket,x_bow,tesla,tornado] elixir 4 wall=01:09:38.917
[student] TAP slot 2 tesla cell 246 wall=01:09:39.247
[student] TRAY first +0.27s tapped slot 2 meant tesla before [rocket,x_bow,tesla,tornado] now [rocket,?,?,tornado] slot_now ? elixir 4->4 wall=01:09:39.520
[student] PLAY tornado p=0.34 cell 175 board (0.75, 0.39) units 3 27 ms hand [rocket,?,?,tornado] elixir 4 wall=01:09:39.573
[student] TAP slot 3 tornado cell 333 wall=01:09:39.910
[student] TRAY first +0.22s tapped slot 3 meant tornado before [rocket,?,?,tornado] now [rocket,tesla,?,skeletons] slot_now skeletons elixir 4->1 wall=01:09:40.134
[student] PLAY skeletons p=0.38 cell 248 board (0.81, 0.55) units 7 31 ms hand [rocket,tesla,?,skeletons] elixir 1 wall=01:09:40.221
[student] TAP slot 3 skeletons cell 248 wall=01:09:40.560
[student] TRAY first +0.25s tapped slot 3 meant skeletons before [rocket,tesla,?,skeletons] now [rocket,the_log,?,ice_wizard] slot_now ice_wizard elixir 1->1 wall=01:09:40.807
[student] TRAY settled +0.56s tapped slot 3 meant skeletons before [rocket,tesla,?,skeletons] now [rocket,the_log,tesla,tornado] slot_now tornado elixir 1->1 wall=01:09:41.116
[student] WAIT | exact=0 opp=? next=6 t=152s hand=[4, 6, 164, -1] tw=1.00.0x1.01.01.01.0 sp=0 unk=0 p=0.02 elixir 2 opp~? units 4 dets 4 (waits 1860/2446 badhand 836/2446) wall=01:09:41.483
[student] PLAY knight_evo p=0.53 cell 248 board (0.81, 0.55) units 2 5 ms hand [rocket,x_bow,knight_evo,tornado] elixir 5 wall=01:09:45.349
[student] TAP slot 2 knight_evo cell 248 wall=01:09:45.680
[student] TRAY first +0.30s tapped slot 2 meant knight_evo before [rocket,x_bow,knight_evo,tornado] now [rocket,the_log,?,tornado] slot_now ? elixir 5->3 wall=01:09:45.977
[student] TRAY settled +0.66s tapped slot 2 meant knight_evo before [rocket,x_bow,knight_evo,tornado] now [rocket,the_log,?,tornado] slot_now ? elixir 5->2 wall=01:09:46.335
[student] PLAY the_log p=0.45 cell 338 board (0.81, 0.77) units 2 29 ms hand [rocket,ice_wizard,the_log,tornado] elixir 3 wall=01:09:47.254
[student] TAP slot 2 the_log cell 336 wall=01:09:47.580
[student] TRAY first +0.26s tapped slot 2 meant the_log before [rocket,ice_wizard,the_log,tornado] now [rocket,the_log,?,tornado] slot_now ? elixir 3->2 wall=01:09:47.844
[student] WAIT | exact=0 opp=? next=7 t=159s hand=[4, 6, -1, 0] tw=1.00.0x1.01.01.01.0 sp=2 unk=0 p=0.00 elixir 2 opp~? units 1 dets 3 (waits 1870/2458 badhand 841/2458) wall=01:09:48.020
[student] TRAY settled +0.68s tapped slot 2 meant the_log before [rocket,ice_wizard,the_log,tornado] now [rocket,the_log,?,tornado] slot_now ? elixir 3->2 wall=01:09:48.260
[student] PLAY skeletons p=0.54 cell 320 board (0.81, 0.73) units 2 16 ms hand [rocket,x_bow,skeletons,tornado] elixir 4 wall=01:09:51.259
[student] TAP slot 2 skeletons cell 266 wall=01:09:51.590
[student] TRAY first +0.26s tapped slot 2 meant skeletons before [rocket,x_bow,skeletons,tornado] now [rocket,tesla,?,tornado] slot_now ? elixir 4->2 wall=01:09:51.849
[student] TRAY settled +0.57s tapped slot 2 meant skeletons before [rocket,x_bow,skeletons,tornado] now [rocket,tesla,?,tornado] slot_now ? elixir 4->3 wall=01:09:52.161
[student] PLAY tornado p=0.36 cell 246 board (0.69, 0.58) units 6 16 ms hand [rocket,tesla,?,tornado] elixir 3 wall=01:09:52.233
[student] TAP slot 3 tornado cell 246 wall=01:09:52.567
[student] TRAY first +0.26s tapped slot 3 meant tornado before [rocket,tesla,?,tornado] now [rocket,tesla,?,?] slot_now ? elixir 3->3 wall=01:09:52.823
[student] TRAY settled +1.02s tapped slot 3 meant tornado before [rocket,tesla,?,tornado] now [rocket,the_log,ice_wizard,?] slot_now ? elixir 3->1 wall=01:09:53.590
[student] WAIT p=0.13 elixir 4 opp~? units 4 dets 4 (waits 1880/2470 badhand 843/2470) wall=01:09:57.202
[student] PLAY ice_wizard p=0.63 cell 298 board (0.58, 0.7) units 2 18 ms hand [rocket,x_bow,ice_wizard,tesla] elixir 5 wall=01:09:59.358
[student] TAP slot 2 ice_wizard cell 298 wall=01:09:59.697
[student] TRAY first +0.26s tapped slot 2 meant ice_wizard before [rocket,x_bow,ice_wizard,tesla] now [rocket,ice_wizard,?,tesla] slot_now ? elixir 5->3 wall=01:09:59.956
[student] PLAY ice_wizard p=0.85 cell 323 board (0.97, 0.73) units 9 31 ms hand [rocket,ice_wizard,?,tesla] elixir 3 wall=01:10:00.048
[student] TAP slot 1 ice_wizard cell 323 wall=01:10:00.397
[student] TRAY first +0.25s tapped slot 1 meant ice_wizard before [rocket,ice_wizard,?,tesla] now [rocket,x_bow,?,tesla] slot_now x_bow elixir 3->3 wall=01:10:00.651
[student] TRAY settled +0.61s tapped slot 1 meant ice_wizard before [rocket,ice_wizard,?,tesla] now [rocket,x_bow,?,tesla] slot_now x_bow elixir 3->4 wall=01:10:01.011
[student] PLAY tesla p=0.46 cell 243 board (0.5, 0.56) units 6 23 ms hand [rocket,x_bow,?,tesla] elixir 4 wall=01:10:01.488
[student] TAP slot 3 tesla cell 243 wall=01:10:01.827
[student] TRAY first +0.27s tapped slot 3 meant tesla before [rocket,x_bow,?,tesla] now [rocket,?,?,?] slot_now ? elixir 4->4 wall=01:10:02.099
[student] TRAY settled +0.59s tapped slot 3 meant tesla before [rocket,x_bow,?,tesla] now [rocket,?,?,?] slot_now ? elixir 4->1 wall=01:10:02.412
[student] PLAY the_log p=0.51 cell 248 board (0.81, 0.55) units 7 15 ms hand [rocket,the_log,knight,the_log] elixir 2 wall=01:10:03.891
[student] TAP slot 1 the_log cell 315 wall=01:10:04.226
[student] TRAY first +0.25s tapped slot 1 meant the_log before [rocket,the_log,knight,the_log] now [rocket,tornado,?,the_log] slot_now tornado elixir 2->2 wall=01:10:04.475
[student] TRAY settled +0.61s tapped slot 1 meant the_log before [rocket,the_log,knight,the_log] now [tesla,?,?,?] slot_now ? elixir 2->0 wall=01:10:04.839
01:10:05 [play] UNKNOWN 0.5s after in-match -> grace hold (label lost: overtime / end animation / dropout; up to 150s)
01:10:11 [play] state: MATCH_END
01:10:11 [nav] MATCH_END -> Play Again (located) (0.348,0.914)
01:10:12 [play] state: UNKNOWN
01:10:19 [play] state: IN_MATCH
[student] WAIT | exact=0 opp=? next=4 t=4s hand=[2, 3, 6, 164] tw=1.01.01.01.01.01.0 sp=0 unk=0 p=0.05 elixir 9 opp~? units 0 dets 0 (waits 1890/2484 badhand 847/2484) wall=01:10:23.444
[student] PLAY tesla p=0.31 cell 279 board (0.5, 0.66) units 1 17 ms hand [ice_wizard,x_bow,the_log,tesla] elixir 10 wall=01:10:29.307
[student] TAP slot 3 tesla cell 279 wall=01:10:29.642
[student] TRAY first +0.49s tapped slot 3 meant tesla before [ice_wizard,x_bow,the_log,tesla] now [ice_wizard,x_bow,the_log,?] slot_now ? elixir 10->6 wall=01:10:30.130
[student] TRAY settled +1.29s tapped slot 3 meant tesla before [ice_wizard,x_bow,the_log,tesla] now [ice_wizard,x_bow,the_log,?] slot_now ? elixir 10->6 wall=01:10:30.929
[student] WAIT p=0.12 elixir 6 opp~? units 1 dets 1 (waits 1900/2495 badhand 849/2495) wall=01:10:30.992
[student] WAIT p=0.09 elixir 8 opp~? units 2 dets 2 (waits 1910/2505 badhand 849/2505) wall=01:10:37.427
[student] PLAY x_bow p=0.30 cell 256 board (0.25, 0.61) units 2 17 ms hand [ice_wizard,x_bow,the_log,rocket] elixir 9 wall=01:10:40.020
[student] TAP slot 1 x_bow cell 238 wall=01:10:40.358
[student] TRAY first +0.27s tapped slot 1 meant x_bow before [ice_wizard,x_bow,the_log,rocket] now [ice_wizard,?,the_log,rocket] slot_now ? elixir 9->6 wall=01:10:40.625
[student] PLAY the_log p=0.42 cell 237 board (0.19, 0.55) units 2 25 ms hand [ice_wizard,?,the_log,rocket] elixir 6 wall=01:10:40.716
[student] TAP slot 2 the_log cell 237 wall=01:10:41.063
[student] TRAY first +0.26s tapped slot 2 meant the_log before [ice_wizard,?,the_log,rocket] now [ice_wizard,?,?,rocket] slot_now ? elixir 6->2 wall=01:10:41.322
[student] TRAY settled +0.58s tapped slot 2 meant the_log before [ice_wizard,?,the_log,rocket] now [ice_wizard,?,?,rocket] slot_now ? elixir 6->2 wall=01:10:41.647
[student] PLAY knight p=0.65 cell 240 board (0.36, 0.55) units 3 8 ms hand [ice_wizard,knight,tornado,rocket] elixir 3 wall=01:10:46.176
[student] TAP slot 1 knight cell 240 wall=01:10:46.530
[student] TRAY first +0.27s tapped slot 1 meant knight before [ice_wizard,knight,tornado,rocket] now [ice_wizard,?,tornado,rocket] slot_now ? elixir 3->3 wall=01:10:46.800
[student] TRAY settled +0.63s tapped slot 1 meant knight before [ice_wizard,knight,tornado,rocket] now [ice_wizard,?,tornado,rocket] slot_now ? elixir 3->0 wall=01:10:47.160
[student] PLAY skeletons p=0.28 cell 235 board (0.08, 0.55) units 3 22 ms hand [ice_wizard,skeletons,ice_wizard,rocket] elixir 1 wall=01:10:49.605
[student] TAP slot 1 skeletons cell 235 wall=01:10:49.942
[student] TRAY first +0.25s tapped slot 1 meant skeletons before [ice_wizard,skeletons,ice_wizard,rocket] now [ice_wizard,?,tornado,rocket] slot_now ? elixir 1->1 wall=01:10:50.189
[student] TRAY settled +0.56s tapped slot 1 meant skeletons before [ice_wizard,skeletons,ice_wizard,rocket] now [ice_wizard,?,tornado,rocket] slot_now ? elixir 1->0 wall=01:10:50.497
[student] PLAY ice_wizard p=0.35 cell 235 board (0.08, 0.55) units 3 21 ms hand [ice_wizard,tesla,tornado,rocket] elixir 3 wall=01:10:56.683
[student] TAP slot 0 ice_wizard cell 235 wall=01:10:57.026
[student] TRAY first +0.25s tapped slot 0 meant ice_wizard before [ice_wizard,tesla,tornado,rocket] now [?,?,tornado,rocket] slot_now ? elixir 3->3 wall=01:10:57.280
[student] TRAY settled +0.61s tapped slot 0 meant ice_wizard before [ice_wizard,tesla,tornado,rocket] now [?,?,tornado,rocket] slot_now ? elixir 3->0 wall=01:10:57.632
[student] WAIT p=0.08 elixir 2 opp~? units 4 dets 4 (waits 1920/2520 badhand 852/2520) wall=01:11:01.984
[student] PLAY tornado p=0.55 cell 332 board (0.47, 0.77) units 2 23 ms hand [ice_wizard,tesla,tornado,rocket] elixir 3 wall=01:11:04.860
[student] TAP slot 2 tornado cell 332 wall=01:11:05.208
[student] TRAY first +0.25s tapped slot 2 meant tornado before [ice_wizard,tesla,tornado,rocket] now [x_bow,?,?,rocket] slot_now ? elixir 3->3 wall=01:11:05.461
[student] TRAY settled +1.05s tapped slot 2 meant tornado before [ice_wizard,tesla,tornado,rocket] now [tornado,?,?,rocket] slot_now ? elixir 3->0 wall=01:11:06.254
[student] WAIT | exact=0 opp=? next=149 t=57s hand=[3, 164, 6, 4] tw=1.01.01.01.01.01.0 sp=0 unk=0 p=0.04 elixir 4 opp~? units 0 dets 0 (waits 1930/2531 badhand 852/2531) wall=01:11:16.414
[student] WAIT p=0.06 elixir 6 opp~? units 1 dets 1 (waits 1940/2541 badhand 852/2541) wall=01:11:24.143
[student] PLAY rocket p=0.37 cell 103 board (0.75, 0.23) units 2 20 ms hand [x_bow,tesla,the_log,rocket] elixir 7 wall=01:11:26.843
[student] TAP slot 3 rocket cell 103 wall=01:11:27.191
[student] TRAY first +0.22s tapped slot 3 meant rocket before [x_bow,tesla,the_log,rocket] now [the_log,ice_wizard,the_log,?] slot_now ? elixir 7->6 wall=01:11:27.412
[student] TRAY settled +0.84s tapped slot 3 meant rocket before [x_bow,tesla,the_log,rocket] now [the_log,tesla,the_log,?] slot_now ? elixir 7->2 wall=01:11:28.029
[student] WAIT | exact=0 opp=? next=7 t=71s hand=[2, 164, 6, 149] tw=1.01.01.01.01.01.0 sp=1 unk=0 p=0.01 elixir 3 opp~? units 0 dets 1 (waits 1950/2552 badhand 856/2552) wall=01:11:29.987
[student] WAIT p=0.09 elixir 5 opp~? units 1 dets 1 (waits 1960/2562 badhand 856/2562) wall=01:11:36.097
[student] PLAY knight p=0.68 cell 297 board (0.53, 0.7) units 1 23 ms hand [x_bow,tesla,the_log,knight] elixir 6 wall=01:11:39.272
[student] TAP slot 3 knight cell 297 wall=01:11:39.616
[student] TRAY first +0.27s tapped slot 3 meant knight before [x_bow,tesla,the_log,knight] now [x_bow,tesla,the_log,?] slot_now ? elixir 6->6 wall=01:11:39.889
[student] PLAY tesla p=0.67 cell 298 board (0.56, 0.69) units 2 29 ms hand [x_bow,tesla,the_log,?] elixir 6 wall=01:11:40.076
[student] TAP slot 1 tesla cell 298 wall=01:11:40.408
[student] TRAY first +0.26s tapped slot 1 meant tesla before [x_bow,tesla,the_log,?] now [ice_wizard,?,the_log,?] slot_now ? elixir 6->3 wall=01:11:40.665
[student] TRAY settled +0.68s tapped slot 1 meant tesla before [x_bow,tesla,the_log,?] now [x_bow,tesla,the_log,skeletons] slot_now tesla elixir 6->4 wall=01:11:41.084
[student] WAIT | exact=0 opp=? next=0 t=87s hand=[164, 2, 6, 7] tw=1.01.01.01.01.01.0 sp=0 unk=0 p=0.04 elixir 1 opp~? units 3 dets 3 (waits 1970/2574 badhand 858/2574) wall=01:11:45.871
[student] PLAY ice_wizard p=0.28 cell 323 board (0.97, 0.73) units 5 19 ms hand [x_bow,ice_wizard,the_log,skeletons] elixir 4 wall=01:11:53.224
[student] TAP slot 1 ice_wizard cell 323 wall=01:11:53.557
[student] TRAY first +0.25s tapped slot 1 meant ice_wizard before [x_bow,ice_wizard,the_log,skeletons] now [tesla,?,the_log,skeletons] slot_now ? elixir 4->3 wall=01:11:53.806
[student] WAIT p=0.23 elixir 3 opp~? units 5 dets 5 (waits 1980/2585 badhand 859/2585) wall=01:11:53.879
[student] TRAY settled +0.58s tapped slot 1 meant ice_wizard before [x_bow,ice_wizard,the_log,skeletons] now [tesla,?,the_log,skeletons] slot_now ? elixir 4->1 wall=01:11:54.138
[student] PLAY skeletons p=0.47 cell 242 board (0.47, 0.55) units 1 11 ms hand [the_log,tornado,the_log,skeletons] elixir 2 wall=01:11:56.042
[student] TAP slot 3 skeletons cell 242 wall=01:11:56.374
[student] TRAY first +0.26s tapped slot 3 meant skeletons before [the_log,tornado,the_log,skeletons] now [tesla,tornado,the_log,?] slot_now ? elixir 2->1 wall=01:11:56.636
[student] TRAY settled +0.61s tapped slot 3 meant skeletons before [the_log,tornado,the_log,skeletons] now [tesla,tornado,the_log,?] slot_now ? elixir 2->1 wall=01:11:56.987
[student] PLAY the_log p=0.60 cell 320 board (0.81, 0.73) units 4 23 ms hand [the_log,tornado,the_log,rocket] elixir 2 wall=01:11:59.934
[student] TAP slot 0 the_log cell 320 wall=01:12:00.262
[student] TRAY first +0.86s tapped slot 0 meant the_log before [the_log,tornado,the_log,rocket] now [tornado,tornado,the_log,rocket] slot_now tornado elixir 2->2 wall=01:12:01.121
[student] PLAY the_log p=0.49 cell 338 board (0.81, 0.77) units 1 16 ms hand [x_bow,tornado,the_log,rocket] elixir 3 wall=01:12:03.356
[student] TAP slot 2 the_log cell 393 wall=01:12:03.691
[student] TRAY first +0.94s tapped slot 2 meant the_log before [x_bow,tornado,the_log,rocket] now [the_log,tornado,?,rocket] slot_now ? elixir 3->2 wall=01:12:04.634
[student] PLAY the_log p=0.31 cell 338 board (0.81, 0.77) units 2 27 ms hand [the_log,tornado,?,rocket] elixir 2 wall=01:12:04.714
[student] TAP slot 0 the_log cell 357 wall=01:12:05.046
[student] TRAY first +0.95s tapped slot 0 meant the_log before [the_log,tornado,?,rocket] now [tornado,tornado,knight_evo,rocket] slot_now tornado elixir 2->2 wall=01:12:05.994
[student] PLAY knight_evo p=0.59 cell 320 board (0.81, 0.73) units 3 14 ms hand [x_bow,tornado,knight_evo,rocket] elixir 3 wall=01:12:08.295
[student] TAP slot 2 knight_evo cell 266 wall=01:12:08.628
[student] TRAY first +0.98s tapped slot 2 meant knight_evo before [x_bow,tornado,knight_evo,rocket] now [tornado,tornado,?,rocket] slot_now ? elixir 3->3 wall=01:12:09.608
[student] WAIT p=0.08 elixir 2 opp~? units 3 dets 3 (waits 1990/2600 badhand 863/2600) wall=01:12:14.005
[clock] icon reads x3 but the clock reads x1 -> using the clock (x1)
[clock] icon reads x3 but the clock reads x2 -> using the clock (x2)
01:12:19 [play] elixir x2
[student] PLAY x_bow p=0.31 cell 267 board (0.86, 0.61) units 0 25 ms hand [x_bow,tornado,tesla_evo,rocket] elixir 6 wall=01:12:20.503
[student] TAP slot 0 x_bow cell 231 wall=01:12:20.845
[student] TRAY first +0.56s tapped slot 0 meant x_bow before [x_bow,tornado,tesla_evo,rocket] now [?,tornado,?,rocket] slot_now ? elixir 6->5 wall=01:12:21.401
[student] PLAY tornado p=0.75 cell 80 board (0.47, 0.2) units 2 18 ms hand [?,tornado,?,rocket] elixir 5 wall=01:12:21.476
[student] TAP slot 1 tornado cell 333 wall=01:12:21.824
[student] TRAY first +0.56s tapped slot 1 meant tornado before [?,tornado,?,rocket] now [?,?,tesla,rocket] slot_now ? elixir 5->2 wall=01:12:22.387
[student] PLAY ice_wizard p=0.49 cell 246 board (0.69, 0.55) units 2 27 ms hand [ice_wizard,tornado,tesla_evo,rocket] elixir 4 wall=01:12:25.105
[student] TAP slot 0 ice_wizard cell 246 wall=01:12:25.442
[student] TRAY first +0.53s tapped slot 0 meant ice_wizard before [ice_wizard,tornado,tesla_evo,rocket] now [?,tornado,tesla,rocket] slot_now ? elixir 4->3 wall=01:12:25.971
[student] WAIT | exact=0 opp=? next=7 t=127s hand=[-1, 0, 164, 4] tw=1.01.00.0x1.01.01.0 sp=0 unk=0 p=0.02 elixir 3 opp~? units 3 dets 3 (waits 2000/2613 badhand 865/2613) wall=01:12:26.046
[student] PLAY skeletons p=0.39 cell 247 board (0.75, 0.55) units 3 25 ms hand [skeletons,tornado,tesla_evo,rocket] elixir 4 wall=01:12:29.142
[student] TAP slot 0 skeletons cell 247 wall=01:12:29.490
[student] TRAY first +0.48s tapped slot 0 meant skeletons before [skeletons,tornado,tesla_evo,rocket] now [?,tornado,tesla_evo,rocket] slot_now ? elixir 4->3 wall=01:12:29.975
[student] TRAY settled +1.12s tapped slot 0 meant skeletons before [skeletons,tornado,tesla_evo,rocket] now [?,tornado,tesla_evo,rocket] slot_now ? elixir 4->4 wall=01:12:30.610
[student] PLAY the_log p=0.38 cell 249 board (0.86, 0.55) units 3 34 ms hand [the_log,tornado,tesla_evo,rocket] elixir 4 wall=01:12:31.445
[student] TAP slot 0 the_log cell 247 wall=01:12:31.796
[student] TRAY first +0.64s tapped slot 0 meant the_log before [the_log,tornado,tesla_evo,rocket] now [?,tornado,tesla_evo,rocket] slot_now ? elixir 4->3 wall=01:12:32.435
[student] PLAY knight p=0.63 cell 247 board (0.75, 0.55) units 3 26 ms hand [knight,tornado,tesla_evo,rocket] elixir 4 wall=01:12:33.760
[student] TAP slot 0 knight cell 247 wall=01:12:34.087
[student] TRAY first +0.69s tapped slot 0 meant knight before [knight,tornado,tesla_evo,rocket] now [?,tornado,tesla,rocket] slot_now ? elixir 4->3 wall=01:12:34.779
[student] PLAY ice_wizard p=0.59 cell 250 board (0.92, 0.55) units 4 16 ms hand [ice_wizard,tornado,tesla_evo,rocket] elixir 3 wall=01:12:36.196
[student] TAP slot 0 ice_wizard cell 250 wall=01:12:36.544
[student] TRAY first +0.73s tapped slot 0 meant ice_wizard before [ice_wizard,tornado,tesla_evo,rocket] now [x_bow,tornado,tesla_evo,rocket] slot_now x_bow elixir 3->3 wall=01:12:37.278
[student] WAIT | exact=0 opp=? next=2 t=139s hand=[3, 0, 164, 4] tw=1.01.00.0x1.01.01.0 sp=1 unk=0 p=0.01 elixir 4 opp~? units 3 dets 4 (waits 2010/2627 badhand 870/2627) wall=01:12:38.087
[student] WAIT | exact=0 opp=? next=2 t=144s hand=[3, 0, 164, 4] tw=1.01.00.0x1.01.01.0 sp=1 unk=0 p=0.02 elixir 8 opp~? units 1 dets 2 (waits 2020/2637 badhand 870/2637) wall=01:12:43.333
[student] WAIT p=0.05 elixir 10 opp~? units 1 dets 1 (waits 2030/2647 badhand 870/2647) wall=01:12:48.365
[student] STALL-PLAY x_bow p=0.03 cell 254 board (0.14, 0.61) units 2 27 ms hand [x_bow,tornado,tesla_evo,rocket] elixir 10 wall=01:12:49.127
[student] TAP slot 0 x_bow cell 218 wall=01:12:49.462
[student] TRAY first +0.25s tapped slot 0 meant x_bow before [x_bow,tornado,tesla_evo,rocket] now [?,tornado,tesla_evo,rocket] slot_now ? elixir 10->6 wall=01:12:49.714
[student] TRAY settled +0.61s tapped slot 0 meant x_bow before [x_bow,tornado,tesla_evo,rocket] now [?,tornado,tesla_evo,rocket] slot_now ? elixir 10->4 wall=01:12:50.075
[student] PLAY tesla_evo p=0.92 cell 239 board (0.28, 0.56) units 2 18 ms hand [ice_wizard,tornado,tesla_evo,rocket] elixir 4 wall=01:12:50.977
[student] TAP slot 2 tesla_evo cell 239 wall=01:12:51.322
[student] TRAY first +0.25s tapped slot 2 meant tesla_evo before [ice_wizard,tornado,tesla_evo,rocket] now [ice_wizard,tornado,?,rocket] slot_now ? elixir 4->4 wall=01:12:51.571
[student] PLAY ice_wizard p=0.81 cell 245 board (0.64, 0.55) units 4 15 ms hand [ice_wizard,tornado,?,rocket] elixir 4 wall=01:12:51.646
[student] TAP slot 0 ice_wizard cell 245 wall=01:12:51.979
[student] TRAY first +0.28s tapped slot 0 meant ice_wizard before [ice_wizard,tornado,?,rocket] now [ice_wizard,tornado,?,rocket] slot_now ice_wizard elixir 4->0 wall=01:12:52.254
[student] TRAY settled +1.13s tapped slot 0 meant ice_wizard before [ice_wizard,tornado,?,rocket] now [ice_wizard,tornado,skeletons,rocket] slot_now ice_wizard elixir 4->1 wall=01:12:53.107
[student] PLAY skeletons p=0.89 cell 320 board (0.81, 0.73) units 4 28 ms hand [ice_wizard,tornado,skeletons,rocket] elixir 2 wall=01:12:53.861
[student] TAP slot 2 skeletons cell 266 wall=01:12:54.196
[student] TRAY first +0.26s tapped slot 2 meant skeletons before [ice_wizard,tornado,skeletons,rocket] now [ice_wizard,tornado,?,rocket] slot_now ? elixir 2->1 wall=01:12:54.452
[student] TRAY settled +0.58s tapped slot 2 meant skeletons before [ice_wizard,tornado,skeletons,rocket] now [ice_wizard,tornado,?,rocket] slot_now ? elixir 2->1 wall=01:12:54.777
[student] PLAY the_log p=0.36 cell 236 board (0.14, 0.55) units 3 16 ms hand [ice_wizard,tornado,the_log,rocket] elixir 2 wall=01:12:55.976
[student] TAP slot 2 the_log cell 370 wall=01:12:56.308
01:12:56 [play] UNKNOWN 0.9s after in-match -> grace hold (label lost: overtime / end animation / dropout; up to 150s)
[student] TRAY first +0.47s tapped slot 2 meant the_log before [ice_wizard,tornado,the_log,rocket] now [tesla,?,?,?] slot_now ? elixir 2->0 wall=01:12:56.774
[student] TRAY settled +1.02s tapped slot 2 meant the_log before [ice_wizard,tornado,the_log,rocket] now [tesla,?,?,?] slot_now ? elixir 2->0 wall=01:12:57.324
01:13:03 [play] state: MATCH_END
01:13:03 [nav] MATCH_END -> Play Again (located) (0.348,0.914)
01:13:03 [play] state: UNKNOWN
01:13:10 [play] state: IN_MATCH
[student] PLAY knight p=0.35 cell 423 board (0.53, 0.98) units 0 17 ms hand [knight,rocket,tesla,skeletons] elixir 9 wall=01:13:15.307
[student] TAP slot 0 knight cell 423 wall=01:13:15.639
[student] TRAY first +0.23s tapped slot 0 meant knight before [knight,rocket,tesla,skeletons] now [?,rocket,tesla,skeletons] slot_now ? elixir 9->5 wall=01:13:15.873
[student] TRAY settled +0.81s tapped slot 0 meant knight before [knight,rocket,tesla,skeletons] now [?,rocket,tesla,skeletons] slot_now ? elixir 9->6 wall=01:13:16.445
[student] WAIT | exact=0 opp=? next=3 t=6s hand=[-1, 4, 164, 7] tw=1.01.01.01.01.01.0 sp=1 unk=0 p=0.04 elixir 6 opp~? units 1 dets 2 (waits 2040/2663 badhand 876/2663) wall=01:13:16.520
[student] WAIT | exact=0 opp=? next=0 t=13s hand=[3, 4, 164, 7] tw=1.01.01.01.01.01.0 sp=0 unk=0 p=0.03 elixir 9 opp~? units 2 dets 2 (waits 2050/2673 badhand 876/2673) wall=01:13:23.390
[student] PLAY x_bow p=0.36 cell 297 board (0.53, 0.7) units 4 21 ms hand [x_bow,rocket,tesla,skeletons] elixir 10 wall=01:13:25.834
[student] TAP slot 0 x_bow cell 297 wall=01:13:26.178
[student] TRAY first +0.26s tapped slot 0 meant x_bow before [x_bow,rocket,tesla,skeletons] now [?,rocket,tesla,skeletons] slot_now ? elixir 10->5 wall=01:13:26.437
[student] TRAY settled +1.09s tapped slot 0 meant x_bow before [x_bow,rocket,tesla,skeletons] now [?,rocket,tesla,skeletons] slot_now ? elixir 10->4 wall=01:13:27.264
[student] WAIT | exact=0 opp=? next=2 t=18s hand=[0, 4, 164, 7] tw=1.01.01.01.01.01.0 sp=0 unk=0 p=0.03 elixir 4 opp~? units 4 dets 4 (waits 2060/2684 badhand 878/2684) wall=01:13:29.053
[student] PLAY tornado p=0.38 cell 157 board (0.75, 0.36) units 5 17 ms hand [tornado,rocket,tesla,skeletons] elixir 6 wall=01:13:34.370
[student] TAP slot 0 tornado cell 333 wall=01:13:34.712
[student] TRAY first +0.25s tapped slot 0 meant tornado before [tornado,rocket,tesla,skeletons] now [?,rocket,tesla,skeletons] slot_now ? elixir 6->3 wall=01:13:34.967
[student] WAIT | exact=0 opp=? next=2 t=24s hand=[-1, 4, 164, 7] tw=1.01.01.01.01.01.0 sp=0 unk=0 p=0.03 elixir 3 opp~? units 2 dets 2 (waits 2070/2695 badhand 879/2695) wall=01:13:35.046
[student] TRAY settled +0.98s tapped slot 0 meant tornado before [tornado,rocket,tesla,skeletons] now [?,rocket,tesla,skeletons] slot_now ? elixir 6->3 wall=01:13:35.690
[student] PLAY ice_wizard p=0.41 cell 283 board (0.75, 0.64) units 4 17 ms hand [ice_wizard,rocket,tesla,skeletons] elixir 5 wall=01:13:40.344
[student] TAP slot 0 ice_wizard cell 283 wall=01:13:40.690
[student] TRAY first +0.23s tapped slot 0 meant ice_wizard before [ice_wizard,rocket,tesla,skeletons] now [?,rocket,tesla,skeletons] slot_now ? elixir 5->3 wall=01:13:40.920
[student] TRAY settled +0.97s tapped slot 0 meant ice_wizard before [ice_wizard,rocket,tesla,skeletons] now [?,rocket,tesla,skeletons] slot_now ? elixir 5->3 wall=01:13:41.664
[student] WAIT p=0.09 elixir 3 opp~? units 1 dets 1 (waits 2080/2706 badhand 882/2706) wall=01:13:42.510
[student] WAIT | exact=0 opp=? next=149 t=39s hand=[6, 4, 164, 7] tw=1.01.01.01.01.01.0 sp=0 unk=0 p=0.05 elixir 5 opp~? units 3 dets 3 (waits 2090/2716 badhand 882/2716) wall=01:13:49.610
[student] PLAY skeletons p=0.29 cell 248 board (0.81, 0.55) units 3 15 ms hand [the_log,rocket,tesla,skeletons] elixir 7 wall=01:13:54.082
[student] TAP slot 3 skeletons cell 248 wall=01:13:54.411
[student] TRAY first +0.27s tapped slot 3 meant skeletons before [the_log,rocket,tesla,skeletons] now [the_log,rocket,tesla,?] slot_now ? elixir 7->5 wall=01:13:54.680
[student] TRAY settled +1.07s tapped slot 3 meant skeletons before [the_log,rocket,tesla,skeletons] now [the_log,rocket,tesla,?] slot_now ? elixir 7->6 wall=01:13:55.476
[student] WAIT p=0.17 elixir 7 opp~? units 3 dets 3 (waits 2100/2727 badhand 884/2727) wall=01:13:57.766
[student] PLAY knight p=0.36 cell 248 board (0.81, 0.55) units 3 26 ms hand [the_log,rocket,tesla,knight] elixir 8 wall=01:13:58.550
[student] TAP slot 3 knight cell 248 wall=01:13:58.894
[student] TRAY first +0.25s tapped slot 3 meant knight before [the_log,rocket,tesla,knight] now [the_log,rocket,tesla,?] slot_now ? elixir 8->5 wall=01:13:59.147
[student] PLAY tesla p=0.30 cell 279 board (0.5, 0.66) units 3 29 ms hand [the_log,rocket,tesla,?] elixir 5 wall=01:13:59.230
[student] TAP slot 2 tesla cell 279 wall=01:13:59.561
[student] TRAY first +0.24s tapped slot 2 meant tesla before [the_log,rocket,tesla,?] now [the_log,rocket,?,?] slot_now ? elixir 5->4 wall=01:13:59.802
[student] TRAY settled +0.59s tapped slot 2 meant tesla before [the_log,rocket,tesla,?] now [the_log,rocket,?,?] slot_now ? elixir 5->1 wall=01:14:00.148
[student] PLAY the_log p=0.50 cell 247 board (0.75, 0.55) units 5 16 ms hand [the_log,rocket,tornado,ice_wizard] elixir 3 wall=01:14:04.288
[student] TAP slot 0 the_log cell 248 wall=01:14:04.622
[student] TRAY first +0.24s tapped slot 0 meant the_log before [the_log,rocket,tornado,ice_wizard] now [?,rocket,tornado,tesla] slot_now ? elixir 3->2 wall=01:14:04.863
[student] TRAY settled +0.52s tapped slot 0 meant the_log before [the_log,rocket,tornado,ice_wizard] now [?,rocket,tornado,tesla] slot_now ? elixir 3->1 wall=01:14:05.143
[student] WAIT | exact=0 opp=? next=7 t=57s hand=[2, 4, 0, 6] tw=1.01.01.01.01.01.0 sp=1 unk=0 p=0.01 elixir 2 opp~? units 6 dets 7 (waits 2110/2740 badhand 887/2740) wall=01:14:07.999
[student] PLAY tornado p=0.67 cell 247 board (0.75, 0.55) units 3 23 ms hand [ice_wizard,rocket,tornado,ice_wizard] elixir 3 wall=01:14:10.196
[student] TAP slot 2 tornado cell 247 wall=01:14:10.539
[student] TRAY first +0.23s tapped slot 2 meant tornado before [ice_wizard,rocket,tornado,ice_wizard] now [tornado,rocket,?,x_bow] slot_now ? elixir 3->3 wall=01:14:10.770
[student] TRAY settled +1.00s tapped slot 2 meant tornado before [ice_wizard,rocket,tornado,ice_wizard] now [ice_wizard,rocket,?,?] slot_now ? elixir 3->0 wall=01:14:11.537
[student] PLAY skeletons p=0.55 cell 241 board (0.42, 0.55) units 6 24 ms hand [ice_wizard,rocket,skeletons,?] elixir 1 wall=01:14:12.737
[student] TAP slot 2 skeletons cell 241 wall=01:14:13.076
[student] TRAY first +0.28s tapped slot 2 meant skeletons before [ice_wizard,rocket,skeletons,?] now [tornado,rocket,?,x_bow] slot_now ? elixir 1->1 wall=01:14:13.351
[student] TRAY settled +0.57s tapped slot 2 meant skeletons before [ice_wizard,rocket,skeletons,?] now [tornado,rocket,?,?] slot_now ? elixir 1->0 wall=01:14:13.647
[student] WAIT | exact=0 opp=? next=164 t=73s hand=[2, 4, 149, 2] tw=1.01.01.01.01.01.0 sp=0 unk=0 p=0.03 elixir 3 opp~? units 0 dets 0 (waits 2120/2752 badhand 888/2752) wall=01:14:23.157
[student] WAIT p=0.07 elixir 6 opp~? units 1 dets 1 (waits 2130/2762 badhand 888/2762) wall=01:14:30.480
[student] PLAY ice_wizard p=0.42 cell 423 board (0.53, 0.98) units 1 7 ms hand [ice_wizard,rocket,knight_evo,x_bow] elixir 7 wall=01:14:32.712
[student] TAP slot 0 ice_wizard cell 423 wall=01:14:33.044
[student] TRAY first +0.30s tapped slot 0 meant ice_wizard before [ice_wizard,rocket,knight_evo,x_bow] now [?,rocket,knight_evo,x_bow] slot_now ? elixir 7->4 wall=01:14:33.344
[student] TRAY settled +1.13s tapped slot 0 meant ice_wizard before [ice_wizard,rocket,knight_evo,x_bow] now [?,rocket,knight_evo,x_bow] slot_now ? elixir 7->4 wall=01:14:34.175
[student] PLAY knight_evo p=0.54 cell 249 board (0.86, 0.55) units 3 31 ms hand [tesla,rocket,knight_evo,x_bow] elixir 6 wall=01:14:37.799
[student] TAP slot 2 knight_evo cell 249 wall=01:14:38.156
[student] TRAY first +0.28s tapped slot 2 meant knight_evo before [tesla,rocket,knight_evo,x_bow] now [tesla,rocket,?,ice_wizard] slot_now ? elixir 6->3 wall=01:14:38.435
[student] WAIT p=0.16 elixir 3 opp~? units 3 dets 3 (waits 2140/2774 badhand 891/2774) wall=01:14:38.514
[student] TRAY settled +0.60s tapped slot 2 meant knight_evo before [tesla,rocket,knight_evo,x_bow] now [tesla,rocket,?,ice_wizard] slot_now ? elixir 6->3 wall=01:14:38.758
[student] PLAY ice_wizard p=0.88 cell 250 board (0.92, 0.55) units 4 9 ms hand [tesla,rocket,?,ice_wizard] elixir 3 wall=01:14:38.817
[student] TAP slot 3 ice_wizard cell 250 wall=01:14:39.156
[student] TRAY first +0.25s tapped slot 3 meant ice_wizard before [tesla,rocket,?,ice_wizard] now [tesla,rocket,?,?] slot_now ? elixir 3->3 wall=01:14:39.409
[student] TRAY settled +0.60s tapped slot 3 meant ice_wizard before [tesla,rocket,?,ice_wizard] now [tesla,rocket,the_log,?] slot_now ? elixir 3->3 wall=01:14:39.753
[student] PLAY the_log p=0.92 cell 266 board (0.81, 0.61) units 3 17 ms hand [tesla,rocket,the_log,?] elixir 3 wall=01:14:39.840
[student] TAP slot 2 the_log cell 266 wall=01:14:40.172
[student] TRAY first +0.30s tapped slot 2 meant the_log before [tesla,rocket,the_log,?] now [tesla,rocket,?,the_log] slot_now ? elixir 3->1 wall=01:14:40.467
[student] TRAY settled +0.94s tapped slot 2 meant the_log before [tesla,rocket,the_log,?] now [tesla,rocket,?,the_log] slot_now ? elixir 3->2 wall=01:14:41.115
[student] PLAY tornado p=0.85 cell 194 board (0.81, 0.45) units 4 27 ms hand [tesla,rocket,tornado,ice_wizard] elixir 3 wall=01:14:43.629
[student] TAP slot 2 tornado cell 194 wall=01:14:43.971
[student] TRAY first +0.27s tapped slot 2 meant tornado before [tesla,rocket,tornado,ice_wizard] now [tesla,rocket,?,x_bow] slot_now ? elixir 3->3 wall=01:14:44.240
[student] TRAY settled +1.03s tapped slot 2 meant tornado before [tesla,rocket,tornado,ice_wizard] now [tesla,rocket,?,?] slot_now ? elixir 3->0 wall=01:14:44.997
[student] WAIT | exact=0 opp=? next=2 t=99s hand=[164, 4, 7, 6] tw=1.01.01.01.01.01.0 sp=0 unk=0 p=0.00 elixir 2 opp~? units 3 dets 3 (waits 2150/2787 badhand 895/2787) wall=01:14:49.975
[student] PLAY skeletons p=0.51 cell 250 board (0.92, 0.55) units 3 16 ms hand [tesla,rocket,skeletons,ice_wizard] elixir 3 wall=01:14:52.383
[student] TAP slot 2 skeletons cell 250 wall=01:14:52.721
[student] TRAY first +0.95s tapped slot 2 meant skeletons before [tesla,rocket,skeletons,ice_wizard] now [tesla,rocket,?,the_log] slot_now ? elixir 3->1 wall=01:14:53.676
[student] PLAY ice_wizard p=0.75 cell 323 board (0.97, 0.73) units 3 28 ms hand [tesla,rocket,ice_wizard,ice_wizard] elixir 3 wall=01:14:55.576
[student] TAP slot 2 ice_wizard cell 323 wall=01:14:55.905
[student] TRAY first +1.00s tapped slot 2 meant ice_wizard before [tesla,rocket,ice_wizard,ice_wizard] now [tesla,rocket,?,?] slot_now ? elixir 3->3 wall=01:14:56.903
[clock] icon reads x3 but the clock reads x1 -> using the clock (x1)
[student] WAIT p=0.10 elixir 5 opp~? units 3 dets 3 (waits 2160/2799 badhand 895/2799) wall=01:15:08.665
[student] PLAY x_bow p=0.61 cell 254 board (0.14, 0.61) units 3 16 ms hand [tesla,rocket,?,x_bow] elixir 7 wall=01:15:10.673
[student] TAP slot 3 x_bow cell 218 wall=01:15:11.005
[clock] icon reads x3 but the clock reads x2 -> using the clock (x2)
01:15:11 [play] elixir x2
[student] TRAY first +0.61s tapped slot 3 meant x_bow before [tesla,rocket,?,x_bow] now [tesla,rocket,?,?] slot_now ? elixir 7->5 wall=01:15:11.617
[student] PLAY tesla p=0.87 cell 239 board (0.28, 0.56) units 2 12 ms hand [tesla,rocket,?,?] elixir 5 wall=01:15:11.684
[student] TAP slot 0 tesla cell 239 wall=01:15:12.010
[student] TRAY first +0.63s tapped slot 0 meant tesla before [tesla,rocket,?,?] now [tesla,rocket,?,?] slot_now tesla elixir 5->2 wall=01:15:12.643
[student] PLAY the_log p=0.77 cell 284 board (0.81, 0.64) units 3 26 ms hand [tesla,rocket,?,the_log] elixir 3 wall=01:15:13.958
[student] TAP slot 3 the_log cell 302 wall=01:15:14.305
[student] TRAY first +0.65s tapped slot 3 meant the_log before [tesla,rocket,?,the_log] now [tesla,rocket,knight,?] slot_now ? elixir 3->2 wall=01:15:14.950
[student] PLAY tesla p=0.37 cell 239 board (0.28, 0.56) units 3 28 ms hand [tesla,rocket,?,tornado] elixir 4 wall=01:15:17.945
[student] TAP slot 0 tesla cell 239 wall=01:15:18.277
[student] TRAY first +0.64s tapped slot 0 meant tesla before [tesla,rocket,?,tornado] now [?,rocket,?,tornado] slot_now ? elixir 4->4 wall=01:15:18.913
[student] PLAY tornado p=0.43 cell 165 board (0.19, 0.39) units 4 16 ms hand [?,rocket,?,tornado] elixir 4 wall=01:15:19.000
[student] TAP slot 3 tornado cell 165 wall=01:15:19.328
[student] TRAY first +0.63s tapped slot 3 meant tornado before [?,rocket,?,tornado] now [?,rocket,?,ice_wizard] slot_now ice_wizard elixir 4->1 wall=01:15:19.963
[student] PLAY skeletons p=0.74 cell 235 board (0.08, 0.55) units 3 21 ms hand [skeletons,rocket,?,?] elixir 2 wall=01:15:20.723
[student] TAP slot 0 skeletons cell 235 wall=01:15:21.057
[student] TRAY first +0.72s tapped slot 0 meant skeletons before [skeletons,rocket,?,?] now [?,rocket,?,tornado] slot_now ? elixir 2->2 wall=01:15:21.776
[student] PLAY ice_wizard p=0.54 cell 235 board (0.08, 0.55) units 5 16 ms hand [ice_wizard,rocket,?,tornado] elixir 3 wall=01:15:23.323
[student] TAP slot 0 ice_wizard cell 235 wall=01:15:23.655
[student] TRAY first +0.57s tapped slot 0 meant ice_wizard before [ice_wizard,rocket,?,tornado] now [?,rocket,tornado,tornado] slot_now ? elixir 3->3 wall=01:15:24.230
[student] WAIT | exact=0 opp=? next=6 t=139s hand=[3, 4, 0, 0] tw=1.01.01.01.01.01.0 sp=0 unk=0 p=0.05 elixir 4 opp~? units 2 dets 2 (waits 2170/2816 badhand 899/2816) wall=01:15:29.557
[student] PLAY tornado p=0.28 cell 148 board (0.25, 0.36) units 2 16 ms hand [x_bow,rocket,?,tornado] elixir 6 wall=01:15:31.398
[student] TAP slot 3 tornado cell 148 wall=01:15:31.738
[student] TRAY first +0.28s tapped slot 3 meant tornado before [x_bow,rocket,?,tornado] now [ice_wizard,rocket,?,?] slot_now ? elixir 6->3 wall=01:15:32.019
[student] PLAY ice_wizard p=0.52 cell 234 board (0.03, 0.58) units 2 22 ms hand [ice_wizard,rocket,?,?] elixir 3 wall=01:15:32.098
[student] TAP slot 0 ice_wizard cell 235 wall=01:15:32.448
[student] TRAY first +0.25s tapped slot 0 meant ice_wizard before [ice_wizard,rocket,?,?] now [?,rocket,?,?] slot_now ? elixir 3->4 wall=01:15:32.696
[student] TRAY settled +0.60s tapped slot 0 meant ice_wizard before [ice_wizard,rocket,?,?] now [x_bow,rocket,?,?] slot_now x_bow elixir 3->4 wall=01:15:33.044
[student] PLAY the_log p=0.40 cell 248 board (0.81, 0.55) units 3 24 ms hand [x_bow,rocket,?,the_log] elixir 5 wall=01:15:34.512
[student] TAP slot 3 the_log cell 248 wall=01:15:34.855
[student] TRAY first +0.24s tapped slot 3 meant the_log before [x_bow,rocket,?,the_log] now [x_bow,rocket,?,?] slot_now ? elixir 5->2 wall=01:15:35.098
[student] TRAY settled +0.81s tapped slot 3 meant the_log before [x_bow,rocket,?,the_log] now [x_bow,rocket,?,?] slot_now ? elixir 5->4 wall=01:15:35.666
[student] PLAY tesla_evo p=0.69 cell 279 board (0.5, 0.66) units 2 16 ms hand [x_bow,rocket,?,tesla_evo] elixir 5 wall=01:15:37.245
[student] TAP slot 3 tesla_evo cell 279 wall=01:15:37.578
[student] TRAY first +0.26s tapped slot 3 meant tesla_evo before [x_bow,rocket,?,tesla_evo] now [tesla,rocket,?,?] slot_now ? elixir 5->4 wall=01:15:37.837
[student] PLAY tesla p=0.83 cell 244 board (0.56, 0.56) units 4 27 ms hand [tesla,rocket,?,?] elixir 4 wall=01:15:37.925
[student] TAP slot 0 tesla cell 244 wall=01:15:38.260
[student] TRAY first +0.28s tapped slot 0 meant tesla before [tesla,rocket,?,?] now [ice_wizard,rocket,?,?] slot_now ice_wizard elixir 4->2 wall=01:15:38.542
[student] TRAY settled +1.08s tapped slot 0 meant tesla before [tesla,rocket,?,?] now [tornado,rocket,?,skeletons] slot_now tornado elixir 4->2 wall=01:15:39.341
[student] WAIT | exact=0 opp=? next=2 t=152s hand=[3, 4, 0, 7] tw=1.01.00.0x1.01.01.0 sp=0 unk=0 p=0.01 elixir 4 opp~? units 2 dets 2 (waits 2180/2831 badhand 901/2831) wall=01:15:42.249
[student] WAIT | exact=0 opp=? next=2 t=159s hand=[3, 4, 0, 7] tw=1.01.00.0x1.01.01.0 sp=0 unk=0 p=0.02 elixir 9 opp~? units 3 dets 3 (waits 2190/2841 badhand 901/2841) wall=01:15:49.181
[student] STALL-PLAY skeletons p=0.03 cell 248 board (0.81, 0.55) units 2 21 ms hand [x_bow,rocket,?,skeletons] elixir 10 wall=01:15:50.624
[student] TAP slot 3 skeletons cell 248 wall=01:15:50.974
[student] TRAY first +0.24s tapped slot 3 meant skeletons before [x_bow,rocket,?,skeletons] now [x_bow,rocket,?,?] slot_now ? elixir 10->8 wall=01:15:51.215
[student] PLAY rocket p=0.91 cell 302 board (0.81, 0.67) units 3 17 ms hand [x_bow,rocket,?,?] elixir 8 wall=01:15:51.292
[student] TAP slot 1 rocket cell 300 wall=01:15:51.626
[student] TRAY first +0.27s tapped slot 1 meant rocket before [x_bow,rocket,?,?] now [ice_wizard,?,?,?] slot_now ? elixir 8->5 wall=01:15:51.892
[student] PLAY ice_wizard p=0.98 cell 237 board (0.19, 0.55) units 4 25 ms hand [ice_wizard,?,?,?] elixir 5 wall=01:15:51.982
[student] TAP slot 0 ice_wizard cell 237 wall=01:15:52.320
[student] TRAY first +0.28s tapped slot 0 meant ice_wizard before [ice_wizard,?,?,?] now [?,?,?,ice_wizard] slot_now ? elixir 5->3 wall=01:15:52.595
[student] PLAY ice_wizard p=0.43 cell 235 board (0.08, 0.55) units 4 22 ms hand [?,?,?,ice_wizard] elixir 3 wall=01:15:52.681
[student] TAP slot 3 ice_wizard cell 235 wall=01:15:53.020
[student] TRAY first +0.26s tapped slot 3 meant ice_wizard before [?,?,?,ice_wizard] now [tornado,tornado,tornado,?] slot_now ? elixir 3->3 wall=01:15:53.283
[student] TRAY settled +0.63s tapped slot 3 meant ice_wizard before [?,?,?,ice_wizard] now [ice_wizard,tornado,?,?] slot_now ? elixir 3->0 wall=01:15:53.652
[student] PLAY tornado p=0.45 cell 239 board (0.31, 0.58) units 2 28 ms hand [x_bow,tornado,?,the_log] elixir 4 wall=01:15:58.516
[student] TAP slot 1 tornado cell 239 wall=01:15:58.854
[student] TRAY first +0.26s tapped slot 1 meant tornado before [x_bow,tornado,?,the_log] now [tesla,?,?,the_log] slot_now ? elixir 4->3 wall=01:15:59.119
[student] TRAY settled +0.87s tapped slot 1 meant tornado before [x_bow,tornado,?,the_log] now [the_log,?,?,the_log] slot_now ? elixir 4->2 wall=01:15:59.720
[student] WAIT p=0.15 elixir 3 opp~? units 5 dets 7 (waits 2200/2856 badhand 907/2856) wall=01:16:00.844
01:16:06 [play] UNKNOWN 0.5s after in-match -> grace hold (label lost: overtime / end animation / dropout; up to 150s)
01:16:13 [play] state: MATCH_END
01:16:13 [nav] MATCH_END -> Play Again (located) (0.348,0.914)
01:16:14 [play] state: UNKNOWN
01:16:20 [play] state: IN_MATCH
[student] WAIT | exact=0 opp=? next=0 t=2s hand=[3, 149, 6, 164] tw=1.01.01.01.01.01.0 sp=0 unk=0 p=0.00 elixir 7 opp~? units 0 dets 0 (waits 2210/2866 badhand 908/2866) wall=01:16:22.476
[student] WAIT p=0.06 elixir 10 opp~? units 1 dets 1 (waits 2220/2876 badhand 908/2876) wall=01:16:29.927
[student] PLAY the_log p=0.42 cell 237 board (0.19, 0.55) units 2 24 ms hand [x_bow,knight,the_log,tesla] elixir 10 wall=01:16:31.874
[student] TAP slot 2 the_log cell 237 wall=01:16:32.210
[student] TRAY first +0.24s tapped slot 2 meant the_log before [x_bow,knight,the_log,tesla] now [x_bow,knight,?,tesla] slot_now ? elixir 10->8 wall=01:16:32.450
[student] TRAY settled +0.57s tapped slot 2 meant the_log before [x_bow,knight,the_log,tesla] now [x_bow,knight,?,tesla] slot_now ? elixir 10->8 wall=01:16:32.780
[student] PLAY x_bow p=0.69 cell 254 board (0.14, 0.61) units 1 17 ms hand [x_bow,knight,?,tesla] elixir 8 wall=01:16:33.613
[student] TAP slot 0 x_bow cell 218 wall=01:16:33.942
[student] TRAY first +0.26s tapped slot 0 meant x_bow before [x_bow,knight,?,tesla] now [?,knight,tornado,tesla] slot_now ? elixir 8->6 wall=01:16:34.203
[student] PLAY tornado p=0.64 cell 332 board (0.47, 0.77) units 1 22 ms hand [?,knight,tornado,tesla] elixir 6 wall=01:16:34.281
[student] TAP slot 2 tornado cell 332 wall=01:16:34.622
[student] TRAY first +0.26s tapped slot 2 meant tornado before [?,knight,tornado,tesla] now [?,knight,?,tesla] slot_now ? elixir 6->2 wall=01:16:34.879
[student] TRAY settled +0.57s tapped slot 2 meant tornado before [?,knight,tornado,tesla] now [?,knight,?,tesla] slot_now ? elixir 6->2 wall=01:16:35.189
[student] PLAY knight p=0.32 cell 238 board (0.25, 0.55) units 3 17 ms hand [ice_wizard,knight,tornado,tesla] elixir 3 wall=01:16:36.830
[student] TAP slot 1 knight cell 238 wall=01:16:37.159
[student] TRAY first +0.24s tapped slot 1 meant knight before [ice_wizard,knight,tornado,tesla] now [tornado,?,tornado,tesla] slot_now ? elixir 3->3 wall=01:16:37.400
[student] TRAY settled +0.58s tapped slot 1 meant knight before [ice_wizard,knight,tornado,tesla] now [tornado,?,tornado,tesla] slot_now ? elixir 3->0 wall=01:16:37.741
[student] PLAY ice_wizard p=0.42 cell 306 board (0.03, 0.73) units 6 25 ms hand [ice_wizard,rocket,tornado,tesla] elixir 3 wall=01:16:44.827
[student] TAP slot 0 ice_wizard cell 306 wall=01:16:45.176
[student] TRAY first +0.24s tapped slot 0 meant ice_wizard before [ice_wizard,rocket,tornado,tesla] now [?,rocket,tornado,tesla] slot_now ? elixir 3->3 wall=01:16:45.418
[student] TRAY settled +0.54s tapped slot 0 meant ice_wizard before [ice_wizard,rocket,tornado,tesla] now [?,rocket,tornado,tesla] slot_now ? elixir 3->0 wall=01:16:45.713
[student] PLAY skeletons p=0.44 cell 238 board (0.25, 0.55) units 4 13 ms hand [skeletons,rocket,tornado,tesla] elixir 1 wall=01:16:48.267
[student] TAP slot 0 skeletons cell 238 wall=01:16:48.603
[student] TRAY first +0.25s tapped slot 0 meant skeletons before [skeletons,rocket,tornado,tesla] now [?,rocket,tornado,tesla] slot_now ? elixir 1->1 wall=01:16:48.858
[student] TRAY settled +0.59s tapped slot 0 meant skeletons before [skeletons,rocket,tornado,tesla] now [?,rocket,tornado,tesla] slot_now ? elixir 1->0 wall=01:16:49.192
[student] WAIT p=0.14 elixir 2 opp~? units 3 dets 3 (waits 2230/2892 badhand 914/2892) wall=01:16:55.292
[student] PLAY the_log p=0.42 cell 236 board (0.14, 0.55) units 3 18 ms hand [the_log,rocket,tornado,tesla] elixir 3 wall=01:16:56.043
[student] TAP slot 0 the_log cell 238 wall=01:16:56.388
[student] TRAY first +0.25s tapped slot 0 meant the_log before [the_log,rocket,tornado,tesla] now [?,rocket,tornado,tesla] slot_now ? elixir 3->1 wall=01:16:56.635
[student] TRAY settled +0.55s tapped slot 0 meant the_log before [the_log,rocket,tornado,tesla] now [?,rocket,tornado,tesla] slot_now ? elixir 3->1 wall=01:16:56.942
[student] WAIT p=0.12 elixir 4 opp~? units 1 dets 1 (waits 2240/2903 badhand 914/2903) wall=01:17:05.259
[student] PLAY tesla p=0.33 cell 241 board (0.39, 0.56) units 2 24 ms hand [x_bow,rocket,tornado,tesla] elixir 4 wall=01:17:06.940
[student] TAP slot 3 tesla cell 241 wall=01:17:07.287
[student] TRAY first +0.25s tapped slot 3 meant tesla before [x_bow,rocket,tornado,tesla] now [ice_wizard,rocket,tornado,?] slot_now ? elixir 4->4 wall=01:17:07.542
[student] TRAY settled +0.57s tapped slot 3 meant tesla before [x_bow,rocket,tornado,tesla] now [ice_wizard,rocket,tornado,?] slot_now ? elixir 4->1 wall=01:17:07.861
[student] PLAY knight p=0.45 cell 238 board (0.25, 0.55) units 4 20 ms hand [ice_wizard,rocket,tornado,knight] elixir 3 wall=01:17:13.669
[student] TAP slot 3 knight cell 238 wall=01:17:14.009
[student] TRAY first +0.26s tapped slot 3 meant knight before [ice_wizard,rocket,tornado,knight] now [x_bow,rocket,tornado,?] slot_now ? elixir 3->3 wall=01:17:14.273
[student] TRAY settled +0.85s tapped slot 3 meant knight before [ice_wizard,rocket,tornado,knight] now [tornado,rocket,tornado,?] slot_now ? elixir 3->0 wall=01:17:14.856
[student] WAIT p=0.05 elixir 2 opp~? units 2 dets 2 (waits 2250/2915 badhand 916/2915) wall=01:17:19.534
[student] PLAY ice_wizard p=0.70 cell 235 board (0.08, 0.55) units 3 20 ms hand [ice_wizard,rocket,tornado,ice_wizard] elixir 3 wall=01:17:21.544
[student] TAP slot 0 ice_wizard cell 235 wall=01:17:21.874
[student] TRAY first +0.27s tapped slot 0 meant ice_wizard before [ice_wizard,rocket,tornado,ice_wizard] now [x_bow,rocket,tornado,ice_wizard] slot_now x_bow elixir 3->3 wall=01:17:22.147
[student] TRAY settled +0.58s tapped slot 0 meant ice_wizard before [ice_wizard,rocket,tornado,ice_wizard] now [x_bow,rocket,tornado,ice_wizard] slot_now x_bow elixir 3->3 wall=01:17:22.458
[student] PLAY ice_wizard p=0.29 cell 237 board (0.19, 0.55) units 3 17 ms hand [x_bow,rocket,tornado,ice_wizard] elixir 3 wall=01:17:22.858
[student] TAP slot 3 ice_wizard cell 237 wall=01:17:23.203
[student] TRAY first +0.24s tapped slot 3 meant ice_wizard before [x_bow,rocket,tornado,ice_wizard] now [tornado,rocket,tornado,?] slot_now ? elixir 3->3 wall=01:17:23.440
[student] TRAY settled +0.56s tapped slot 3 meant ice_wizard before [x_bow,rocket,tornado,ice_wizard] now [tornado,rocket,tornado,?] slot_now ? elixir 3->0 wall=01:17:23.762
[student] WAIT p=0.13 elixir 2 opp~? units 2 dets 2 (waits 2260/2927 badhand 917/2927) wall=01:17:28.444
[student] PLAY tornado p=0.28 cell 165 board (0.19, 0.39) units 3 19 ms hand [ice_wizard,rocket,tornado,skeletons] elixir 3 wall=01:17:30.778
[student] TAP slot 2 tornado cell 165 wall=01:17:31.116
[student] TRAY first +0.26s tapped slot 2 meant tornado before [ice_wizard,rocket,tornado,skeletons] now [tornado,rocket,?,skeletons] slot_now ? elixir 3->3 wall=01:17:31.376
[student] TRAY settled +0.58s tapped slot 2 meant tornado before [ice_wizard,rocket,tornado,skeletons] now [tornado,rocket,?,skeletons] slot_now ? elixir 3->0 wall=01:17:31.699
[student] PLAY skeletons p=0.28 cell 237 board (0.19, 0.55) units 3 19 ms hand [tesla,rocket,the_log,skeletons] elixir 1 wall=01:17:34.058
[student] TAP slot 3 skeletons cell 237 wall=01:17:34.405
[student] TRAY first +0.25s tapped slot 3 meant skeletons before [tesla,rocket,the_log,skeletons] now [tornado,rocket,the_log,?] slot_now ? elixir 1->1 wall=01:17:34.650
[student] TRAY settled +0.54s tapped slot 3 meant skeletons before [tesla,rocket,the_log,skeletons] now [tornado,rocket,the_log,?] slot_now ? elixir 1->0 wall=01:17:34.944
[student] WAIT p=0.09 elixir 2 opp~? units 1 dets 1 (waits 2270/2939 badhand 918/2939) wall=01:17:40.114
[student] WAIT p=0.07 elixir 5 opp~? units 0 dets 0 (waits 2280/2949 badhand 918/2949) wall=01:17:47.691
[student] WAIT p=0.26 elixir 7 opp~? units 0 dets 0 (waits 2290/2959 badhand 918/2959) wall=01:17:54.930
[student] PLAY x_bow p=0.31 cell 267 board (0.86, 0.61) units 1 24 ms hand [x_bow,rocket,the_log,tesla] elixir 8 wall=01:17:56.045
[student] TAP slot 0 x_bow cell 231 wall=01:17:56.383
[student] TRAY first +0.23s tapped slot 0 meant x_bow before [x_bow,rocket,the_log,tesla] now [?,rocket,the_log,tesla] slot_now ? elixir 8->5 wall=01:17:56.614
[student] PLAY tesla p=0.46 cell 247 board (0.72, 0.56) units 2 18 ms hand [?,rocket,the_log,tesla] elixir 5 wall=01:17:56.686
[student] TAP slot 3 tesla cell 247 wall=01:17:57.019
[student] TRAY first +0.25s tapped slot 3 meant tesla before [?,rocket,the_log,tesla] now [?,rocket,the_log,tesla] slot_now tesla elixir 5->2 wall=01:17:57.265
[student] PLAY the_log p=0.35 cell 266 board (0.81, 0.61) units 6 23 ms hand [?,rocket,the_log,tesla] elixir 2 wall=01:17:57.346
[student] TAP slot 2 the_log cell 266 wall=01:17:57.691
[student] TRAY first +0.27s tapped slot 2 meant the_log before [?,rocket,the_log,tesla] now [knight_evo,rocket,?,tesla] slot_now ? elixir 2->1 wall=01:17:57.956
[student] TRAY settled +0.55s tapped slot 2 meant the_log before [?,rocket,the_log,tesla] now [knight_evo,rocket,?,tesla] slot_now ? elixir 2->1 wall=01:17:58.237
[student] PLAY knight_evo p=0.62 cell 247 board (0.75, 0.55) units 2 24 ms hand [knight_evo,rocket,ice_wizard,tesla] elixir 3 wall=01:18:05.266
[student] TAP slot 0 knight_evo cell 247 wall=01:18:05.610
[student] TRAY first +0.88s tapped slot 0 meant knight_evo before [knight_evo,rocket,ice_wizard,tesla] now [?,rocket,ice_wizard,tesla] slot_now ? elixir 3->3 wall=01:18:06.486
[student] PLAY ice_wizard p=0.34 cell 250 board (0.92, 0.55) units 3 17 ms hand [?,rocket,ice_wizard,tesla] elixir 3 wall=01:18:06.579
[student] TAP slot 2 ice_wizard cell 250 wall=01:18:06.908
[student] TRAY first +0.97s tapped slot 2 meant ice_wizard before [?,rocket,ice_wizard,tesla] now [tornado,rocket,the_log,tesla] slot_now the_log elixir 3->1 wall=01:18:07.883
[student] PLAY tornado p=0.76 cell 80 board (0.47, 0.2) units 4 28 ms hand [tornado,rocket,ice_wizard,tesla] elixir 3 wall=01:18:12.709
[student] TAP slot 0 tornado cell 332 wall=01:18:13.057
[student] TRAY first +0.70s tapped slot 0 meant tornado before [tornado,rocket,ice_wizard,tesla] now [?,rocket,tornado,tesla] slot_now ? elixir 3->3 wall=01:18:13.756
[student] PLAY skeletons p=0.28 cell 243 board (0.53, 0.55) units 3 26 ms hand [skeletons,rocket,ice_wizard,tesla] elixir 1 wall=01:18:15.916
[student] TAP slot 0 skeletons cell 243 wall=01:18:16.258
[student] TRAY first +0.95s tapped slot 0 meant skeletons before [skeletons,rocket,ice_wizard,tesla] now [?,rocket,ice_wizard,tesla] slot_now ? elixir 1->1 wall=01:18:17.210
[clock] icon reads x3 but the clock reads x1 -> using the clock (x1)
[student] PLAY ice_wizard p=0.37 cell 297 board (0.53, 0.7) units 3 17 ms hand [ice_wizard,rocket,ice_wizard,tesla] elixir 3 wall=01:18:21.386
[student] TAP slot 0 ice_wizard cell 297 wall=01:18:21.716
[clock] icon reads x3 but the clock reads x2 -> using the clock (x2)
01:18:22 [play] elixir x2
[student] TRAY first +0.64s tapped slot 0 meant ice_wizard before [ice_wizard,rocket,ice_wizard,tesla] now [?,rocket,ice_wizard,tesla] slot_now ? elixir 3->4 wall=01:18:22.354
[student] PLAY tesla p=0.50 cell 298 board (0.56, 0.69) units 4 16 ms hand [x_bow,rocket,ice_wizard,tesla] elixir 5 wall=01:18:24.310
[student] TAP slot 3 tesla cell 298 wall=01:18:24.642
[student] TRAY first +0.51s tapped slot 3 meant tesla before [x_bow,rocket,ice_wizard,tesla] now [the_log,rocket,ice_wizard,?] slot_now ? elixir 5->4 wall=01:18:25.151
[student] PLAY ice_wizard p=0.64 cell 250 board (0.92, 0.55) units 4 16 ms hand [the_log,rocket,ice_wizard,?] elixir 4 wall=01:18:25.211
[student] TAP slot 2 ice_wizard cell 250 wall=01:18:25.541
[student] TRAY first +0.54s tapped slot 2 meant ice_wizard before [the_log,rocket,ice_wizard,?] now [x_bow,rocket,?,?] slot_now ? elixir 4->3 wall=01:18:26.078
[student] PLAY the_log p=0.57 cell 337 board (0.75, 0.77) units 6 17 ms hand [the_log,rocket,?,the_log] elixir 2 wall=01:18:29.529
[student] TAP slot 0 the_log cell 317 wall=01:18:29.857
[student] TRAY first +0.57s tapped slot 0 meant the_log before [the_log,rocket,?,the_log] now [x_bow,rocket,?,the_log] slot_now x_bow elixir 2->3 wall=01:18:30.423
[student] PLAY the_log p=0.39 cell 248 board (0.81, 0.55) units 4 25 ms hand [x_bow,rocket,?,the_log] elixir 3 wall=01:18:30.589
[student] TAP slot 3 the_log cell 317 wall=01:18:30.937
[student] TRAY first +0.67s tapped slot 3 meant the_log before [x_bow,rocket,?,the_log] now [the_log,rocket,knight,?] slot_now ? elixir 3->2 wall=01:18:31.603
[student] PLAY the_log p=0.42 cell 248 board (0.81, 0.55) units 3 5 ms hand [the_log,rocket,knight,?] elixir 2 wall=01:18:31.629
[student] TAP slot 0 the_log cell 335 wall=01:18:31.959
[student] TRAY first +0.62s tapped slot 0 meant the_log before [the_log,rocket,knight,?] now [tornado,rocket,?,?] slot_now tornado elixir 2->2 wall=01:18:32.579
[student] PLAY tornado p=0.34 cell 245 board (0.64, 0.58) units 1 27 ms hand [x_bow,rocket,?,tornado] elixir 3 wall=01:18:34.200
[student] TAP slot 3 tornado cell 332 wall=01:18:34.551
[student] TRAY first +0.54s tapped slot 3 meant tornado before [x_bow,rocket,?,tornado] now [tesla,rocket,?,?] slot_now ? elixir 3->3 wall=01:18:35.091
[student] PLAY the_log p=0.92 cell 248 board (0.81, 0.55) units 3 12 ms hand [the_log,rocket,knight,?] elixir 2 wall=01:18:35.735
[student] TAP slot 0 the_log cell 336 wall=01:18:36.069
[student] TRAY first +0.56s tapped slot 0 meant the_log before [the_log,rocket,knight,?] now [tornado,rocket,?,skeletons] slot_now tornado elixir 2->2 wall=01:18:36.632
[student] PLAY skeletons p=0.72 cell 248 board (0.81, 0.55) units 3 25 ms hand [tornado,rocket,?,skeletons] elixir 2 wall=01:18:36.716
[student] TAP slot 3 skeletons cell 248 wall=01:18:37.060
[student] TRAY first +0.60s tapped slot 3 meant skeletons before [tornado,rocket,?,skeletons] now [the_log,rocket,?,?] slot_now ? elixir 2->2 wall=01:18:37.655
[student] WAIT p=0.12 elixir 2 opp~? units 0 dets 0 (waits 2300/2985 badhand 927/2985) wall=01:18:37.729
[student] PLAY ice_wizard p=0.38 cell 310 board (0.25, 0.73) units 3 19 ms hand [ice_wizard,rocket,?,tesla_evo] elixir 3 wall=01:18:39.077
[student] TAP slot 0 ice_wizard cell 256 wall=01:18:39.418
[student] TRAY first +0.51s tapped slot 0 meant ice_wizard before [ice_wizard,rocket,?,tesla_evo] now [x_bow,rocket,?,tesla_evo] slot_now x_bow elixir 3->4 wall=01:18:39.927
[student] WAIT | exact=0 opp=? next=2 t=144s hand=[3, 4, 149, 164] tw=1.00.0x1.01.01.01.0 sp=1 unk=0 p=0.01 elixir 7 opp~? units 1 dets 2 (waits 2310/2996 badhand 927/2996) wall=01:18:45.050
[student] WAIT p=0.12 elixir 10 opp~? units 4 dets 4 (waits 2320/3006 badhand 927/3006) wall=01:18:50.862
[student] STALL-PLAY x_bow p=0.14 cell 267 board (0.86, 0.61) units 4 23 ms hand [x_bow,rocket,?,tesla_evo] elixir 10 wall=01:18:51.520
[student] TAP slot 0 x_bow cell 231 wall=01:18:51.853
[student] TRAY first +0.24s tapped slot 0 meant x_bow before [x_bow,rocket,?,tesla_evo] now [?,rocket,?,tesla_evo] slot_now ? elixir 10->5 wall=01:18:52.088
[student] TRAY settled +0.59s tapped slot 0 meant x_bow before [x_bow,rocket,?,tesla_evo] now [?,rocket,?,tesla_evo] slot_now ? elixir 10->4 wall=01:18:52.440
[student] PLAY tesla_evo p=0.97 cell 247 board (0.72, 0.56) units 4 17 ms hand [ice_wizard,rocket,?,tesla_evo] elixir 4 wall=01:18:53.256
[student] TAP slot 3 tesla_evo cell 247 wall=01:18:53.594
[student] TRAY first +0.25s tapped slot 3 meant tesla_evo before [ice_wizard,rocket,?,tesla_evo] now [ice_wizard,rocket,tornado,?] slot_now ? elixir 4->4 wall=01:18:53.849
[student] PLAY ice_wizard p=0.94 cell 336 board (0.69, 0.77) units 6 15 ms hand [ice_wizard,rocket,tornado,?] elixir 4 wall=01:18:53.930
[student] TAP slot 0 ice_wizard cell 336 wall=01:18:54.269
[student] TRAY first +0.27s tapped slot 0 meant ice_wizard before [ice_wizard,rocket,tornado,?] now [ice_wizard,rocket,?,?] slot_now ice_wizard elixir 4->1 wall=01:18:54.535
[student] TRAY settled +0.58s tapped slot 0 meant ice_wizard before [ice_wizard,rocket,tornado,?] now [the_log,?,?,?] slot_now the_log elixir 4->1 wall=01:18:54.845
[student] PLAY the_log p=0.34 cell 249 board (0.86, 0.55) units 5 23 ms hand [ice_wizard,rocket,?,the_log] elixir 2 wall=01:18:56.447
[student] TAP slot 3 the_log cell 390 wall=01:18:56.779
[student] TRAY first +0.25s tapped slot 3 meant the_log before [ice_wizard,rocket,?,the_log] now [ice_wizard,rocket,tornado,?] slot_now ? elixir 2->1 wall=01:18:57.028
[student] TRAY settled +1.00s tapped slot 3 meant the_log before [ice_wizard,rocket,?,the_log] now [ice_wizard,rocket,?,?] slot_now ? elixir 2->1 wall=01:18:57.782
[student] PLAY ice_wizard p=0.63 cell 247 board (0.75, 0.55) units 2 6 ms hand [ice_wizard,rocket,?,tornado] elixir 4 wall=01:19:01.536
[student] TAP slot 0 ice_wizard cell 247 wall=01:19:01.866
[student] TRAY first +0.25s tapped slot 0 meant ice_wizard before [ice_wizard,rocket,?,tornado] now [?,rocket,?,tornado] slot_now ? elixir 4->3 wall=01:19:02.117
[student] TRAY settled +0.99s tapped slot 0 meant ice_wizard before [ice_wizard,rocket,?,tornado] now [?,rocket,?,tornado] slot_now ? elixir 4->1 wall=01:19:02.853
[student] PLAY skeletons p=0.36 cell 250 board (0.92, 0.55) units 4 32 ms hand [skeletons,rocket,?,tornado] elixir 4 wall=01:19:06.291
[student] TAP slot 0 skeletons cell 250 wall=01:19:06.623
[student] TRAY first +0.24s tapped slot 0 meant skeletons before [skeletons,rocket,?,tornado] now [?,rocket,?,tornado] slot_now ? elixir 4->3 wall=01:19:06.865
[student] WAIT | exact=0 opp=? next=3 t=166s hand=[-1, 4, 0, 0] tw=1.00.0x0.0x1.01.01.0 sp=0 unk=0 p=0.01 elixir 3 opp~? units 4 dets 4 (waits 2330/3022 badhand 932/3022) wall=01:19:06.952
[student] TRAY settled +0.59s tapped slot 0 meant skeletons before [skeletons,rocket,?,tornado] now [?,rocket,?,tornado] slot_now ? elixir 4->4 wall=01:19:07.209
[student] PLAY tornado p=0.28 cell 80 board (0.47, 0.2) units 4 15 ms hand [x_bow,rocket,?,tornado] elixir 5 wall=01:19:09.207
[student] TAP slot 3 tornado cell 333 wall=01:19:09.544
[student] TRAY first +0.23s tapped slot 3 meant tornado before [x_bow,rocket,?,tornado] now [ice_wizard,rocket,?,?] slot_now ? elixir 5->3 wall=01:19:09.776
[student] PLAY ice_wizard p=0.90 cell 249 board (0.86, 0.55) units 6 5 ms hand [ice_wizard,rocket,?,?] elixir 3 wall=01:19:09.802
[student] TAP slot 0 ice_wizard cell 249 wall=01:19:10.132
[student] TRAY first +0.26s tapped slot 0 meant ice_wizard before [ice_wizard,rocket,?,?] now [tornado,rocket,?,?] slot_now tornado elixir 3->3 wall=01:19:10.393
[student] PLAY tornado p=0.28 cell 175 board (0.75, 0.39) units 3 31 ms hand [tornado,rocket,?,?] elixir 3 wall=01:19:10.509
[student] TAP slot 0 tornado cell 333 wall=01:19:10.840
[student] TRAY first +0.27s tapped slot 0 meant tornado before [tornado,rocket,?,?] now [x_bow,rocket,?,tesla] slot_now x_bow elixir 3->3 wall=01:19:11.107
[student] TRAY settled +0.65s tapped slot 0 meant tornado before [tornado,rocket,?,?] now [x_bow,rocket,?,tesla] slot_now x_bow elixir 3->4 wall=01:19:11.491
[student] PLAY tesla p=0.30 cell 245 board (0.61, 0.56) units 3 21 ms hand [x_bow,rocket,?,tesla] elixir 4 wall=01:19:12.166
[student] TAP slot 3 tesla cell 245 wall=01:19:12.510
[student] TRAY first +0.29s tapped slot 3 meant tesla before [x_bow,rocket,?,tesla] now [ice_wizard,rocket,?,?] slot_now ? elixir 4->4 wall=01:19:12.797
[student] PLAY ice_wizard p=0.49 cell 296 board (0.47, 0.67) units 4 26 ms hand [ice_wizard,rocket,?,?] elixir 4 wall=01:19:12.906
[student] TAP slot 0 ice_wizard cell 296 wall=01:19:13.240
[student] TRAY first +0.25s tapped slot 0 meant ice_wizard before [ice_wizard,rocket,?,?] now [tornado,rocket,?,?] slot_now tornado elixir 4->1 wall=01:19:13.488
[student] TRAY settled +0.62s tapped slot 0 meant ice_wizard before [ice_wizard,rocket,?,?] now [ice_wizard,rocket,?,?] slot_now ice_wizard elixir 4->1 wall=01:19:13.855
[student] WAIT | exact=0 opp=? next=2 t=175s hand=[0, 4, 0, 6] tw=1.00.0x0.0x1.01.00.0x sp=0 unk=0 p=0.05 elixir 3 opp~? units 4 dets 4 (waits 2340/3037 badhand 938/3037) wall=01:19:15.798
01:19:17 [play] UNKNOWN 0.4s after in-match -> grace hold (label lost: overtime / end animation / dropout; up to 150s)
01:19:24 [play] state: MATCH_END
01:19:24 [nav] MATCH_END -> Play Again (fixed) (0.335,0.905)
01:19:25 [nav] MATCH_END -> Play Again (fixed) (0.335,0.905)
01:19:26 [nav] MATCH_END -> Play Again (fixed) (0.335,0.905)
01:19:26 [nav] MATCH_END -> Play Again (fixed) (0.335,0.905)
01:19:27 [play] state: UNKNOWN
01:19:28 [play] state: MATCH_END
01:19:28 [nav] MATCH_END -> Play Again (fixed) (0.335,0.905)
01:19:28 [nav] MATCH_END -> Play Again (fixed) (0.335,0.905)
01:19:29 [nav] MATCH_END -> Play Again (fixed) (0.335,0.905)
01:19:30 [nav] MATCH_END -> Play Again (fixed) (0.335,0.905)
01:19:30 [nav] MATCH_END -> Play Again (fixed) (0.335,0.905)
01:19:31 [nav] MATCH_END -> Play Again (fixed) (0.335,0.905)
01:19:32 [nav] MATCH_END -> Play Again (fixed) (0.335,0.905)
01:19:33 [nav] MATCH_END -> Play Again (fixed) (0.335,0.905)
01:19:33 [nav] MATCH_END -> Play Again (fixed) (0.335,0.905)
01:19:34 [nav] MATCH_END stuck ~6s -> escalate: tap OK (0.500,0.905)
01:19:35 [play] state: UNKNOWN
01:20:00 [nav] stuck on UNKNOWN ~25s -> dismiss (0.645,0.905)
01:20:25 [nav] stuck on UNKNOWN ~25s -> dismiss (0.645,0.905)
01:20:51 [nav] stuck on UNKNOWN ~25s -> dismiss (0.645,0.905)
01:21:16 [nav] stuck on UNKNOWN ~25s -> dismiss (0.645,0.905)
01:21:25 [nav] NO MATCH for 120s (state UNKNOWN) -> recover #1: foreground 'Clash Royale - vegetableleaf207' (game: True), force focus ok, Escape sent, screenshot C:\Users\benpe\ClashBot\icebow\data\nav_stall\recover_20260912_012124.png
01:21:41 [nav] stuck on UNKNOWN ~25s -> dismiss (0.645,0.905)
01:22:06 [nav] stuck on UNKNOWN ~25s -> dismiss (0.645,0.905)
01:22:25 [nav] NO MATCH for 180s (state UNKNOWN) -> recover #2: foreground 'Clash Royale - vegetableleaf207' (game: True), force focus ok, Escape sent, screenshot C:\Users\benpe\ClashBot\icebow\data\nav_stall\recover_20260912_012225.png
01:22:31 [nav] stuck on UNKNOWN ~25s -> dismiss (0.645,0.905)
01:22:56 [nav] stuck on UNKNOWN ~25s -> dismiss (0.645,0.905)
01:23:22 [nav] stuck on UNKNOWN ~25s -> dismiss (0.645,0.905)
01:23:25 [nav] NO MATCH for 240s (state UNKNOWN) -> recover #3: foreground 'Clash Royale - vegetableleaf207' (game: True), force focus ok, Escape sent, screenshot C:\Users\benpe\ClashBot\icebow\data\nav_stall\recover_20260912_012325.png
01:23:47 [nav] stuck on UNKNOWN ~25s -> dismiss (0.645,0.905)
01:24:12 [nav] stuck on UNKNOWN ~25s -> dismiss (0.645,0.905)
01:24:25 [nav] NO MATCH for 301s (state UNKNOWN) -> recover #4: foreground 'Clash Royale - vegetableleaf207' (game: True), force focus ok, Escape sent, screenshot C:\Users\benpe\ClashBot\icebow\data\nav_stall\recover_20260912_012425.png
01:24:37 [nav] stuck on UNKNOWN ~25s -> dismiss (0.645,0.905)
01:25:03 [nav] stuck on UNKNOWN ~25s -> dismiss (0.645,0.905)
01:25:25 [nav] NO MATCH for 361s (state UNKNOWN) -> recover #5: foreground 'Clash Royale - vegetableleaf207' (game: True), force focus ok, Escape sent, screenshot C:\Users\benpe\ClashBot\icebow\data\nav_stall\recover_20260912_012525.png
01:25:28 [nav] stuck on UNKNOWN ~25s -> dismiss (0.645,0.905)
01:25:53 [nav] stuck on UNKNOWN ~25s -> dismiss (0.645,0.905)
01:26:18 [nav] stuck on UNKNOWN ~25s -> dismiss (0.645,0.905)
01:26:25 [nav] NO MATCH for 421s (state UNKNOWN) -> recover #6: foreground 'Clash Royale - vegetableleaf207' (game: True), force focus ok, Escape sent, screenshot C:\Users\benpe\ClashBot\icebow\data\nav_stall\recover_20260912_012625.png
01:26:43 [nav] stuck on UNKNOWN ~25s -> dismiss (0.645,0.905)
01:27:09 [nav] stuck on UNKNOWN ~25s -> dismiss (0.645,0.905)
01:27:26 [nav] NO MATCH for 481s (state UNKNOWN) -> recover #7: foreground 'Clash Royale - vegetableleaf207' (game: True), force focus ok, Escape sent, screenshot C:\Users\benpe\ClashBot\icebow\data\nav_stall\recover_20260912_012725.png
01:27:34 [nav] stuck on UNKNOWN ~25s -> dismiss (0.645,0.905)
01:27:59 [nav] stuck on UNKNOWN ~25s -> dismiss (0.645,0.905)
01:28:24 [nav] stuck on UNKNOWN ~25s -> dismiss (0.645,0.905)
01:28:26 [nav] NO MATCH for 541s (state UNKNOWN) -> recover #8: foreground 'Clash Royale - vegetableleaf207' (game: True), force focus ok, Escape sent, screenshot C:\Users\benpe\ClashBot\icebow\data\nav_stall\recover_20260912_012826.png
01:28:50 [nav] stuck on UNKNOWN ~25s -> dismiss (0.645,0.905)
01:29:15 [nav] stuck on UNKNOWN ~25s -> dismiss (0.645,0.905)
01:29:25 [nav] NO MATCH for 600s (state UNKNOWN) -> GIVING UP, stopping play. foreground 'Clash Royale - vegetableleaf207' (game: True), screenshot C:\Users\benpe\ClashBot\icebow\data\nav_stall\giveup_20260912_012924.png
01:29:25 [nav] Discord alert sent
01:29:25 [play] navigation gave up (no match started for too long) -> stopping. Desktop screenshots in data/nav_stall.
01:29:25 [play] stopped.
