tag,tick,sim_t,side,card,base,kind,pro_tx,pro_ty,threat,d_threat,threat_ra,n_enemy_troops,bb_detected,bb_case,n_cands,pc_pro_p1_pull_band,pc_lock_p1_pull_band,pc_rank_p1_pull_band,pc_ntie_p1_pull_band,pc_pro_p1_close_penalty,pc_lock_p1_close_penalty,pc_rank_p1_close_penalty,pc_ntie_p1_close_penalty,pc_pro_p2_cover,pc_lock_p2_cover,pc_rank_p2_cover,pc_ntie_p2_cover,pc_pro_p3_intercept,pc_lock_p3_intercept,pc_rank_p3_intercept,pc_ntie_p3_intercept,pc_pro_p4_spell_frac,pc_lock_p4_spell_frac,pc_rank_p4_spell_frac,pc_ntie_p4_spell_frac,pc_pro_p4_nado,pc_lock_p4_nado,pc_rank_p4_nado,pc_ntie_p4_nado,pc_pro_p4_king_activation,pc_lock_p4_king_activation,pc_rank_p4_king_activation,pc_ntie_p4_king_activation,pc_pro_p5_timing,pc_lock_p5_timing,pc_rank_p5_timing,pc_ntie_p5_timing,pc_pro_p6_siege,pc_lock_p6_siege,pc_rank_p6_siege,pc_ntie_p6_siege,pc_pro_p7_fragility,pc_lock_p7_fragility,pc_rank_p7_fragility,pc_ntie_p7_fragility,pc_pro_p1_snapshot,pc_lock_p1_snapshot,pc_rank_p1_snapshot,pc_ntie_p1_snapshot,pc_pro_p1_close_snapshot,pc_lock_p1_close_snapshot,pc_rank_p1_close_snapshot,pc_ntie_p1_close_snapshot,pc_pro_d_path,pc_lock_d_path,pc_rank_d_path,pc_ntie_d_path,pc_pro_sum,pc_lock_sum,pc_rank_sum,pc_ntie_sum,pc_best_cand,pc_pro_pcred,pc_lock_pcred,pc_rank_pcred,pc_ntie_pcred,pc_best_pcred,pc_pro_tcred,pc_lock_tcred,ra_pro_p1_pull_band,ra_lock_p1_pull_band,ra_rank_p1_pull_band,ra_ntie_p1_pull_band,ra_pro_p1_close_penalty,ra_lock_p1_close_penalty,ra_rank_p1_close_penalty,ra_ntie_p1_close_penalty,ra_pro_p2_cover,ra_lock_p2_cover,ra_rank_p2_cover,ra_ntie_p2_cover,ra_pro_p3_intercept,ra_lock_p3_intercept,ra_rank_p3_intercept,ra_ntie_p3_intercept,ra_pro_p4_spell_frac,ra_lock_p4_spell_frac,ra_rank_p4_spell_frac,ra_ntie_p4_spell_frac,ra_pro_p4_nado,ra_lock_p4_nado,ra_rank_p4_nado,ra_ntie_p4_nado,ra_pro_p4_king_activation,ra_lock_p4_king_activation,ra_rank_p4_king_activation,ra_ntie_p4_king_activation,ra_pro_p5_timing,ra_lock_p5_timing,ra_rank_p5_timing,ra_ntie_p5_timing,ra_pro_p6_siege,ra_lock_p6_siege,ra_rank_p6_siege,ra_ntie_p6_siege,ra_pro_p7_fragility,ra_lock_p7_fragility,ra_rank_p7_fragility,ra_ntie_p7_fragility,ra_pro_p1_snapshot,ra_lock_p1_snapshot,ra_rank_p1_snapshot,ra_ntie_p1_snapshot,ra_pro_p1_close_snapshot,ra_lock_p1_close_snapshot,ra_rank_p1_close_snapshot,ra_ntie_p1_close_snapshot,ra_pro_d_path,ra_lock_d_path,ra_rank_d_path,ra_ntie_d_path,ra_pro_sum,ra_lock_sum,ra_rank_sum,ra_ntie_sum,ra_best_cand,ra_pro_pcred,ra_lock_pcred,ra_rank_pcred,ra_ntie_pcred,ra_best_pcred,ra_pro_tcred,ra_lock_tcred
000YLY0JCPGL,435,21.8,1,tesla,tesla,building,9.0,21.0,archers,11.56,archers,3,0.0,0.0,26,0.5,0.0,1,3,0.0,0.0,1,26,1.0,0.5,1,8,0.0,0.0,1,26,0.0,0.0,1,26,0.0,0.0,1,26,0.0,0.0,1,26,0.0,0.0,1,26,0.0,0.0,1,26,0.0,0.0,1,26,0.0,0.0,1,26,0.0,0.0,1,26,5.0,1.5,15,3,1.5,0.5,1,2,tesla_modal,0.5,0.0,1,2,tesla_modal,0.0,0.0,1.0,0.0,1,3,0.0,0.0,1,26,1.0,0.5,1,8,0.0,0.0,1,26,0.0,0.0,1,26,0.0,0.0,1,26,0.0,0.0,1,26,0.0,0.0,1,26,0.0,0.0,1,26,0.0,0.0,1,26,0.0,0.0,1,26,0.0,0.0,1,26,5.0,1.5,15,3,2.0,0.5,1,2,tesla_modal,1.0,0.0,1,2,tesla_modal,0.0,0.0
000YLY0JCPGL,1531,76.6,1,tesla,tesla,building,9.0,18.0,,0.0,,3,0.0,0.0,26,0.0,0.0,1,26,0.0,0.0,1,26,0.4663,0.5,26,1,0.0,0.0,1,26,0.0,0.0,1,26,0.0,0.0,1,26,0.0,0.0,1,26,0.0,0.0,1,26,0.0,0.0,1,26,0.0,0.0,1,26,0.0,0.0,1,26,0.0,0.0,1,26,0.0,0.0,1,26,0.4663,0.5,26,1,centre,0.0,0.0,1,26,corner,0.0,0.0,0.0,0.0,1,26,0.0,0.0,1,26,0.4663,0.5,26,1,0.0,0.0,1,26,0.0,0.0,1,26,0.0,0.0,1,26,0.0,0.0,1,26,0.0,0.0,1,26,0.0,0.0,1,26,0.0,0.0,1,26,0.0,0.0,1,26,0.0,0.0,1,26,0.0,0.0,1,26,0.4663,0.5,26,1,centre,0.0,0.0,1,26,corner,0.0,0.0
000YLY0JCPGL,2192,109.6,1,x-bow,x_bow,building,15.5,19.5,,0.0,,0,0.0,0.0,26,0.0,0.0,1,26,0.0,0.0,1,26,0.5,0.5,11,16,0.0,0.0,1,26,0.0,0.0,1,26,0.0,0.0,1,26,0.0,0.0,1,26,0.0,0.0,1,26,0.9616,1.0,9,0,0.0,0.0,1,26,0.0,0.0,1,26,0.0,0.0,1,26,0.0,0.0,1,26,1.4616,1.5,9,0,g9_18,0.9616,1.0,9,0,corner,0.0,0.0,0.0,0.0,1,26,0.0,0.0,1,26,0.5,0.5,11,16,0.0,0.0,1,26,0.0,0.0,1,26,0.0,0.0,1,26,0.0,0.0,1,26,0.0,0.0,1,26,0.9616,1.0,9,0,0.0,0.0,1,26,0.0,0.0,1,26,0.0,0.0,1,26,0.0,0.0,1,26,1.4616,1.5,9,0,g9_18,0.9616,1.0,9,0,corner,0.0,0.0
000YLY0JCPGL,2696,134.8,1,x-bow,x_bow,building,15.5,19.5,,0.0,,0,0.0,0.0,26,0.0,0.0,1,26,0.0,0.0,1,26,0.5,0.5,11,16,0.0,0.0,1,26,0.0,0.0,1,26,0.0,0.0,1,26,0.0,0.0,1,26,0.0,0.0,1,26,0.9616,1.0,9,0,0.0,0.0,1,26,0.0,0.0,1,26,0.0,0.0,1,26,0.0,0.0,1,26,1.4616,1.5,9,0,g9_18,0.9616,1.0,9,0,corner,0.0,0.0,0.0,0.0,1,26,0.0,0.0,1,26,0.5,0.5,11,16,0.0,0.0,1,26,0.0,0.0,1,26,0.0,0.0,1,26,0.0,0.0,1,26,0.0,0.0,1,26,0.9616,1.0,9,0,0.0,0.0,1,26,0.0,0.0,1,26,0.0,0.0,1,26,0.0,0.0,1,26,1.4616,1.5,9,0,g9_18,0.9616,1.0,9,0,corner,0.0,0.0
000YLY0JCPGL,2795,139.8,1,tesla,tesla,building,17.0,25.0,goblinstein,7.3,goblinstein,3,0.0,0.0,26,0.0,0.0,6,21,-0.0,-0.0,1,21,0.5,0.5,9,17,0.0,0.0,1,26,0.0,0.0,1,26,0.0,0.0,1,26,0.0,0.0,1,26,1.0,1.0,1,26,0.0,0.0,1,26,0.0,0.0,1,26,0.0,0.0,8,19,-0.0,-0.0,1,23,5.2009,13.3579,22,0,1.5,1.5,12,12,tesla_modal,0.0,0.0,5,19,tesla_modal,1.0,1.0,0.0,0.0,8,19,-0.0,-0.0,1,22,0.5,0.5,9,17,0.0,0.0,1,26,0.0,0.0,1,26,0.0,0.0,1,26,0.0,0.0,1,26,1.0,1.0,1,26,0.0,0.0,1,26,0.0,0.0,1,26,0.0,0.0,8,19,-0.0,-0.0,1,23,5.2009,13.3579,22,0,1.5,1.5,12,12,tesla_modal,0.0,0.0,5,19,tesla_modal,1.0,1.0
000YLY0JCPGL,3261,163.1,1,tesla,tesla,building,8.0,19.0,archers,7.49,archers,5,0.0,0.0,26,0.1375,0.0,4,0,0.0,0.0,1,26,0.7692,0.5,9,0,0.0,0.0,1,26,0.0,0.0,1,26,0.0,0.0,1,26,0.0,0.0,1,26,1.0,1.0,1,26,0.0,0.0,1,26,0.0,0.0,1,26,0.0,0.0,4,23,0.0,0.0,1,26,7.225,12.1192,21,0,1.9067,1.5,11,0,g9_18,0.1216,0.0,4,0,g9_18,1.0,1.0,0.2417,0.0,6,0,0.0,0.0,1,26,0.7692,0.5,9,0,0.0,0.0,1,26,0.0,0.0,1,26,0.0,0.0,1,26,0.0,0.0,1,26,1.0,1.0,1,26,0.0,0.0,1,26,0.0,0.0,1,26,0.0,0.0,4,23,0.0,0.0,1,26,7.225,12.1192,21,0,2.0109,1.5,5,0,lane_R,0.2138,0.0,6,0,lane_R,1.0,1.0
000YLY0JCPGL,3711,185.6,1,tesla,tesla,building,10.0,21.0,archers,11.21,archers,5,0.0,0.0,26,0.0,0.0,4,23,0.0,0.0,1,26,1.0,0.5,1,8,0.0,0.0,1,26,0.0,0.0,1,26,0.0,0.0,1,26,0.0,0.0,1,26,0.0,0.0,1,26,0.0,0.0,1,26,0.0,0.0,1,26,0.0,0.0,1,26,0.0,0.0,1,26,4.0,12.5,20,0,1.0,0.5,3,6,tesla_modal,0.0,0.0,4,23,tesla_modal,0.0,0.0,1.0,0.0,1,3,0.0,0.0,1,26,1.0,0.5,1,8,0.0,0.0,1,26,0.0,0.0,1,26,0.0,0.0,1,26,0.0,0.0,1,26,0.0,0.0,1,26,0.0,0.0,1,26,0.0,0.0,1,26,0.0,0.0,1,26,0.0,0.0,1,26,4.0,12.5,20,0,2.0,0.5,1,2,tesla_modal,1.0,0.0,1,2,tesla_modal,0.0,0.0
000YLY0JCPGL,4185,209.3,1,x-bow,x_bow,building,5.5,22.5,,0.0,,0,0.0,0.0,26,0.0,0.0,1,26,0.0,0.0,1,26,0.7044,0.5,9,0,0.0,0.0,1,26,0.0,0.0,1,26,0.0,0.0,1,26,0.0,0.0,1,26,0.0,0.0,1,26,0.0,1.0,9,18,0.0,0.0,1,26,0.0,0.0,1,26,0.0,0.0,1,26,0.0,0.0,1,26,0.7044,1.5,17,0,g9_18,0.0,1.0,9,18,corner,0.0,0.0,0.0,0.0,1,26,0.0,0.0,1,26,0.7044,0.5,9,0,0.0,0.0,1,26,0.0,0.0,1,26,0.0,0.0,1,26,0.0,0.0,1,26,0.0,0.0,1,26,0.0,1.0,9,18,0.0,0.0,1,26,0.0,0.0,1,26,0.0,0.0,1,26,0.0,0.0,1,26,0.7044,1.5,17,0,g9_18,0.0,1.0,9,18,corner,0.0,0.0
000YLY0JCPGL,4386,219.3,1,tesla,tesla,building,14.0,23.0,goblinstein,2.96,goblinstein,5,0.0,0.0,26,0.0,0.0,6,21,-1.0,-0.0,27,0,0.5,0.5,9,17,0.0,0.0,1,26,0.0,0.0,1,26,0.0,0.0,1,26,0.0,0.0,1,26,1.0,1.0,1,26,0.0,0.0,1,26,0.0,0.0,1,26,1.0,0.0,1,2,-0.0,-0.0,1,22,0.0,12.0517,27,0,0.5,1.5,27,0,g9_18,-0.3,0.0,25,2,g9_18,1.0,1.0,0.0861,0.0,7,0,-1.0,-0.0,27,0,0.5,0.5,9,17,0.0,0.0,1,26,0.0,0.0,1,26,0.0,0.0,1,26,0.0,0.0,1,26,1.0,1.0,1,26,0.0,0.0,1,26,0.0,0.0,1,26,1.0,0.0,1,3,-0.0,-0.0,1,23,0.0,12.0517,27,0,0.5861,1.5,27,0,corner_R,-0.2354,0.0,26,0,corner_R,1.0,1.0
000YLY0JCPGL,4752,237.6,1,x-bow,x_bow,building,8.5,21.5,goblinstein,16.4,goblinstein,7,0.0,0.0,26,1.0,0.0,1,3,-0.0,-0.0,1,19,1.0,0.5,1,8,0.0,0.0,1,26,0.0,0.0,1,26,0.0,0.0,1,26,0.0,0.0,1,26,0.0,0.0,1,26,0.0,1.0,9,18,0.0,0.0,1,26,0.0,0.0,1,26,-0.0,-0.0,1,26,5.4,12.4,12,1,2.0,1.5,2,2,g9_18,1.0,1.0,1,7,corner,0.0,0.0,1.0,0.0,1,4,-0.0,-0.0,1,20,1.0,0.5,1,8,0.0,0.0,1,26,0.0,0.0,1,26,0.0,0.0,1,26,0.0,0.0,1,26,0.0,0.0,1,26,0.0,1.0,9,18,0.0,0.0,1,26,0.0,0.0,1,26,-0.0,-0.0,1,26,5.4,12.4,12,1,2.0,1.5,3,3,g9_18,1.0,1.0,1,8,corner,0.0,0.0
000YLY0JCPGL,5111,255.6,1,tesla,tesla,building,12.0,24.0,archers,9.84,archers,5,0.0,0.0,26,0.0,0.0,1,26,0.0,0.0,1,26,0.9562,0.5,9,0,0.0,0.0,1,26,0.0,0.0,1,26,0.0,0.0,1,26,0.0,0.0,1,26,1.0,1.0,1,26,0.0,0.0,1,26,0.0,0.0,1,26,0.0,0.0,5,22,0.0,0.0,1,26,3.8012,2.7633,16,0,1.9562,1.5,9,0,centre,0.0,0.0,1,26,corner,1.0,1.0,0.0,0.6094,7,20,0.0,0.0,1,26,0.9562,0.5,9,0,0.0,0.0,1,26,0.0,0.0,1,26,0.0,0.0,1,26,0.0,0.0,1,26,1.0,1.0,1,26,0.0,0.0,1,26,0.0,0.0,1,26,0.0,0.6094,9,18,0.0,0.0,1,26,3.8012,2.7633,16,0,1.9562,2.1094,13,0,g3_22,0.0,0.4571,7,20,g3_22,1.0,1.0
000YLY0JCPGL,5363,268.2,1,tesla,tesla,building,10.0,21.0,goblinstein,6.43,goblinstein,10,0.0,0.0,26,0.0,0.0,3,24,0.0,0.0,1,26,1.0,0.5,1,8,0.0,0.0,1,26,0.0,0.0,1,26,0.0,0.0,1,26,0.0,0.0,1,26,1.0,1.0,1,26,0.0,0.0,1,26,0.0,0.0,1,26,0.4121,0.0,3,0,0.0,0.0,1,26,4.3402,13.0106,19,0,2.0,1.5,3,7,tesla_modal,0.0,0.0,3,24,tesla_modal,1.0,1.0,1.0,0.0,1,2,-0.0,-0.0,1,20,1.0,0.5,1,8,0.0,0.0,1,26,0.0,0.0,1,26,0.0,0.0,1,26,0.0,0.0,1,26,1.0,1.0,1,26,0.0,0.0,1,26,0.0,0.0,1,26,0.801,0.0,6,0,-0.0,-0.0,1,25,4.3402,13.0106,19,0,3.0,1.5,1,1,tesla_modal,1.0,0.0,1,1,tesla_modal,1.0,1.0
000YLY0JCPGL,5606,280.3,1,tesla,tesla,building,17.0,24.0,goblinstein,7.61,goblinstein,6,0.0,0.0,26,0.0,0.0,12,15,-0.0,-0.0,1,23,0.5,0.5,9,17,0.0,0.0,1,26,0.0,0.0,1,26,0.0,0.0,1,26,0.0,0.0,1,26,1.0,1.0,1,26,0.0,0.0,1,26,0.0,0.0,1,26,0.0,0.0,12,15,-0.0,-0.0,1,26,7.5898,7.7462,10,0,1.5,1.5,14,12,centre,0.0,0.0,11,15,centre,1.0,1.0,0.0,0.0,12,15,-0.0,-0.0,1,23,0.5,0.5,9,17,0.0,0.0,1,26,0.0,0.0,1,26,0.0,0.0,1,26,0.0,0.0,1,26,1.0,1.0,1,26,0.0,0.0,1,26,0.0,0.0,1,26,0.0,0.0,12,15,-0.0,-0.0,1,26,7.5898,7.7462,10,0,1.5,1.5,14,12,centre,0.0,0.0,11,15,centre,1.0,1.0
000YLY0PYYQY,467,23.4,1,tesla,tesla,building,6.0,18.0,princess,4.05,princess,1,0.0,0.0,26,0.0,0.0,1,26,0.0,0.0,1,26,0.5,0.5,9,17,0.0,0.0,1,26,0.0,0.0,1,26,0.0,0.0,1,26,0.0,0.0,1,26,0.4364,0.4364,1,26,0.0,0.0,1,26,0.0,0.0,1,26,0.0,0.0,3,24,0.0,0.0,1,26,2.0,1.5,20,0,0.9364,0.9364,9,17,centre,0.0,0.0,1,26,corner,0.4364,0.4364,0.0,0.0,4,23,0.0,0.0,1,26,0.5,0.5,9,17,0.0,0.0,1,26,0.0,0.0,1,26,0.0,0.0,1,26,0.0,0.0,1,26,0.4364,0.4364,1,26,0.0,0.0,1,26,0.0,0.0,1,26,0.3526,0.3526,5,1,0.0,0.0,1,26,2.0,1.5,20,0,0.9364,0.9364,10,17,tesla_modal,0.0,0.0,4,23,tesla_modal,0.4364,0.4364
000YLY0PYYQY,689,34.5,1,x-bow,x_bow,building,3.5,19.5,,0.0,,1,0.0,0.0,26,0.0,0.0,1,26,0.0,0.0,1,26,0.5,0.5,11,16,0.0,0.0,1,26,0.0,0.0,1,26,0.0,0.0,1,26,0.0,0.0,1,26,0.0,0.0,1,26,1.0,1.0,1,8,0.0,0.0,1,26,0.0,0.0,1,26,0.0,0.0,1,26,0.0,0.0,1,26,1.5,1.5,2,7,g9_18,1.0,1.0,1,8,corner,0.0,0.0,0.0,0.0,1,26,0.0,0.0,1,26,0.5,0.5,11,16,0.0,0.0,1,26,0.0,0.0,1,26,0.0,0.0,1,26,0.0,0.0,1,26,0.0,0.0,1,26,1.0,1.0,1,8,0.0,0.0,1,26,0.0,0.0,1,26,0.0,0.0,1,26,0.0,0.0,1,26,1.5,1.5,2,7,g9_18,1.0,1.0,1,8,corner,0.0,0.0
000YLY0PYYQY,1517,75.9,1,tesla,tesla,building,8.0,18.0,princess,5.81,princess,1,0.0,0.0,26,0.0,0.0,3,24,0.0,0.0,1,26,0.0251,0.0,19,0,0.0,0.0,1,26,0.0,0.0,1,26,0.0,0.0,1,26,0.0,0.0,1,26,0.3423,0.3423,1,26,0.0,0.0,1,26,0.0,0.0,1,26,0.0,0.0,6,21,0.0,0.0,1,26,2.8651,2.316,14,0,0.3674,0.3423,19,0,g15_18,0.0,0.0,3,24,g15_18,0.3423,0.3423,0.0,0.0,5,22,0.0,0.0,1,26,0.0251,0.0,19,0,0.0,0.0,1,26,0.0,0.0,1,26,0.0,0.0,1,26,0.0,0.0,1,26,0.3423,0.3423,1,26,0.0,0.0,1,26,0.0,0.0,1,26,0.9924,0.4233,2,0,0.0,0.0,1,26,2.8651,2.316,14,0,0.3674,0.3423,20,0,lane_R,0.0,0.0,5,22,lane_R,0.3423,0.3423
000YLY0PYYQY,1692,84.6,1,x-bow,x_bow,building,4.5,19.5,wall_breakers,11.28,wall_breakers,2,0.0,0.0,26,0.0,0.0,10,17,-0.0,-0.0,1,20,0.0,0.0,19,8,0.0,0.0,1,26,0.0,0.0,1,26,0.0,0.0,1,26,0.0,0.0,1,26,1.0,1.0,1,26,0.9616,1.0,9,0,0.0,0.0,1,26,0.0,0.0,8,19,-0.0,-0.0,1,26,9.4,12.4,8,1,1.9616,2.0,10,0,corner_R,0.9616,1.0,6,0,corner,1.0,1.0,0.0,0.0,6,21,0.0,0.0,1,26,0.0,0.0,19,8,0.0,0.0,1,26,0.0,0.0,1,26,0.0,0.0,1,26,0.0,0.0,1,26,1.0,1.0,1,26,0.9616,1.0,9,0,0.0,0.0,1,26,0.0,0.0,9,18,0.0,0.0,1,26,9.4,12.4,8,1,1.9616,2.0,11,0,g9_18,0.9616,1.0,9,0,corner,1.0,1.0
000YLY0PYYQY,2484,124.2,1,x-bow,x_bow,building,3.5,12.5,,0.0,,0,0.0,0.0,26,0.0,0.0,1,26,0.0,0.0,1,26,0.0,0.0,19,8,0.0,0.0,1,26,0.0,0.0,1,26,0.0,0.0,1,26,0.0,0.0,1,26,0.0,0.0,1,26,0.0,1.0,9,18,0.0,0.0,1,26,0.0,0.0,1,26,0.0,0.0,1,26,0.0,0.0,1,26,0.0,1.0,23,4,bow_modal_R,0.0,1.0,9,18,corner,0.0,0.0,0.0,0.0,1,26,0.0,0.0,1,26,0.0,0.0,19,8,0.0,0.0,1,26,0.0,0.0,1,26,0.0,0.0,1,26,0.0,0.0,1,26,0.0,0.0,1,26,0.0,1.0,9,18,0.0,0.0,1,26,0.0,0.0,1,26,0.0,0.0,1,26,0.0,0.0,1,26,0.0,1.0,23,4,bow_modal_R,0.0,1.0,9,18,corner,0.0,0.0
000YLY2UCC8C,279,14.0,1,tesla,tesla,building,9.0,18.0,minions,14.16,minions,3,0.0,0.0,26,1.0,0.0,1,5,0.0,0.0,1,26,0.4663,0.5,26,1,0.0,0.0,1,26,0.0,0.0,1,26,0.0,0.0,1,26,0.0,0.0,1,26,0.0,0.0,1,26,0.0,0.0,1,26,0.0,0.0,1,26,0.0,0.0,1,26,0.0,0.0,1,26,3.9066,11.4034,19,1,1.4663,0.5,5,1,centre,0.7332,0.0,5,1,centre,0.0,0.0,0.9908,0.0,5,1,0.0,0.0,1,26,0.4663,0.5,26,1,0.0,0.0,1,26,0.0,0.0,1,26,0.0,0.0,1,26,0.0,0.0,1,26,0.0,0.0,1,26,0.0,0.0,1,26,0.0,0.0,1,26,0.0,0.0,1,26,0.0,0.0,1,26,3.9066,11.4034,19,1,1.4571,0.5,5,1,centre,0.7264,0.0,5,1,centre,0.0,0.0
000YLY2UCC8C,446,22.3,1,x-bow,x_bow,building,13.5,19.5,minions,5.34,minions,2,0.0,0.0,26,0.0,0.0,8,19,0.0,0.0,1,26,0.5,0.5,11,16,0.0,0.0,1,26,0.0,0.0,1,26,0.0,0.0,1,26,0.0,0.0,1,26,1.0,1.0,1,26,0.9616,1.0,9,0,0.0,0.0,1,26,1.0,0.0,1,4,0.0,0.0,1,26,0.0,11.4849,26,1,2.4616,2.5,13,0,g9_18,0.9616,1.0,13,0,corner,1.0,1.0,0.0,0.0,7,20,0.0,0.0,1,26,0.5,0.5,11,16,0.0,0.0,1,26,0.0,0.0,1,26,0.0,0.0,1,26,0.0,0.0,1,26,1.0,1.0,1,26,0.9616,1.0,9,0,0.0,0.0,1,26,1.0,0.0,1,4,0.0,0.0,1,26,0.0,11.4849,26,1,2.4616,2.5,13,0,g9_18,0.9616,1.0,13,0,corner,1.0,1.0
000YLY2UCC8C,1763,88.2,1,x-bow,x_bow,building,2.5,19.5,minions,9.66,minions,4,0.0,0.0,26,0.0,0.0,2,25,0.0,0.0,1,26,0.5,0.5,1,16,0.0,0.0,1,26,0.0,0.0,1,26,0.0,0.0,1,26,0.0,0.0,1,26,0.0,0.0,1,26,0.9616,1.0,9,0,0.0,0.0,1,26,0.0,0.0,3,24,0.0,0.0,1,26,9.5616,10.9491,5,0,1.4616,1.5,5,0,corner,0.9616,1.0,9,0,corner,0.0,0.0,0.0,0.0,2,25,0.0,0.0,1,26,0.5,0.5,1,16,0.0,0.0,1,26,0.0,0.0,1,26,0.0,0.0,1,26,0.0,0.0,1,26,0.0,0.0,1,26,0.9616,1.0,9,0,0.0,0.0,1,26,0.0,0.0,2,25,0.0,0.0,1,26,9.5616,10.9491,5,0,1.4616,1.5,5,0,corner,0.9616,1.0,9,0,corner,0.0,0.0
000YLY2UCC8C,2437,121.9,1,x-bow,x_bow,building,9.5,18.5,,0.0,,0,0.0,0.0,26,0.0,0.0,1,26,0.0,0.0,1,26,0.0,0.0,1,26,0.0,0.0,1,26,0.0,0.0,1,26,0.0,0.0,1,26,0.0,0.0,1,26,0.0,0.0,1,26,1.0,1.0,1,8,0.0,0.0,1,26,0.0,0.0,1,26,0.0,0.0,1,26,0.0,0.0,1,26,1.0,1.0,1,8,corner,1.0,1.0,1,8,corner,0.0,0.0,0.0,0.0,1,26,0.0,0.0,1,26,0.0,0.0,1,26,0.0,0.0,1,26,0.0,0.0,1,26,0.0,0.0,1,26,0.0,0.0,1,26,0.0,0.0,1,26,1.0,1.0,1,8,0.0,0.0,1,26,0.0,0.0,1,26,0.0,0.0,1,26,0.0,0.0,1,26,1.0,1.0,1,8,corner,1.0,1.0,1,8,corner,0.0,0.0
000YLY2UCC8C,2609,130.5,1,tesla,tesla,building,7.0,18.0,balloon,2.49,balloon,1,0.0,0.0,26,0.9071,1.0,18,0,-0.1689,-0.0,26,0,0.0,0.0,1,26,0.0,0.0,1,26,0.0,0.0,1,26,0.0,0.0,1,26,0.0,0.0,1,26,0.7576,0.7576,1,26,0.0,0.0,1,26,0.0,0.0,1,26,1.0,1.0,1,9,-0.0,-0.0,1,26,0.9142,5.228,26,0,1.4958,1.7576,18,0,corner,0.2847,0.5,18,0,corner,0.7576,0.7576,0.0,1.0,19,8,0.0,0.0,1,26,0.0,0.0,1,26,0.0,0.0,1,26,0.0,0.0,1,26,0.0,0.0,1,26,0.0,0.0,1,26,0.7576,0.7576,1,26,0.0,0.0,1,26,0.0,0.0,1,26,0.5673,1.0,10,0,0.0,0.0,1,26,0.9142,5.228,26,0,0.7576,1.7576,19,8,corner,0.0,0.5,19,8,corner,0.7576,0.7576
000YLY2ULYLR,952,47.6,1,tesla,tesla,building,9.0,21.0,pekka,5.7,pekka,2,0.0,0.0,26,0.9971,0.0,1,1,-0.0,-0.0,1,20,1.0,0.5,1,8,0.0,0.0,1,26,0.0,0.0,1,26,0.0,0.0,1,26,0.0,0.0,1,26,1.0,1.0,1,26,0.0,0.0,1,26,0.0,0.0,1,26,0.5269,0.0,5,1,-0.0,-0.0,1,23,5.0057,12.5089,15,1,2.9971,1.5,1,1,tesla_modal,0.9971,0.0,1,1,tesla_modal,1.0,1.0,1.0,0.0,1,2,-0.0,-0.0,1,20,1.0,0.5,1,8,0.0,0.0,1,26,0.0,0.0,1,26,0.0,0.0,1,26,0.0,0.0,1,26,1.0,1.0,1,26,0.0,0.0,1,26,0.0,0.0,1,26,0.7144,0.0,5,1,-0.0,-0.0,1,23,5.0057,12.5089,15,1,3.0,1.5,1,1,tesla_modal,1.0,0.0,1,1,tesla_modal,1.0,1.0
000YLY2UVGRL,601,30.1,1,tesla,tesla,building,10.0,22.0,miner,6.46,miner,4,0.0,0.0,26,0.0,0.0,1,26,-0.0,-0.0,1,25,1.0,0.5,1,8,0.0,0.0,1,26,0.0,0.0,1,26,0.0,0.0,1,26,0.0,0.0,1,26,1.0,1.0,1,26,0.0,0.0,1,26,0.0,0.0,1,26,0.0,0.0,1,26,-0.0,-0.0,1,25,5.2009,14.2648,18,1,2.0,1.5,1,8,centre,0.0,0.0,1,25,corner,1.0,1.0,0.0,0.0,1,26,0.0,0.0,1,26,1.0,0.5,1,8,0.0,0.0,1,26,0.0,0.0,1,26,0.0,0.0,1,26,0.0,0.0,1,26,1.0,1.0,1,26,0.0,0.0,1,26,0.0,0.0,1,26,0.0,0.0,1,26,0.0,0.0,1,26,5.2009,14.2648,18,1,2.0,1.5,1,8,centre,0.0,0.0,1,26,corner,1.0,1.0
000YLY2UVGRL,1417,70.9,1,x-bow,x_bow,building,2.5,19.5,musketeer,18.03,musketeer,1,0.0,0.0,26,0.0,0.0,1,26,0.0,0.0,1,26,0.5,0.5,11,16,0.0,0.0,1,26,0.0,0.0,1,26,0.0,0.0,1,26,0.0,0.0,1,26,0.0,0.0,1,26,0.9616,1.0,9,0,0.0,0.0,1,26,0.0,0.0,1,26,0.0,0.0,1,26,11.4,12.4,5,0,1.4616,1.5,9,0,g9_18,0.9616,1.0,9,0,corner,0.0,0.0,0.0,0.0,5,22,0.0,0.0,1,26,0.5,0.5,11,16,0.0,0.0,1,26,0.0,0.0,1,26,0.0,0.0,1,26,0.0,0.0,1,26,0.0,0.0,1,26,0.9616,1.0,9,0,0.0,0.0,1,26,0.0,0.0,1,26,0.0,0.0,1,26,11.4,12.4,5,0,1.4616,1.5,11,0,g9_18,0.9616,1.0,11,0,corner,0.0,0.0
000YLY2UVGRL,2096,104.8,1,tesla,tesla,building,5.0,18.0,,0.0,,5,0.0,0.0,26,0.0,0.0,1,26,0.0,0.0,1,26,0.5,0.5,9,17,0.0,0.0,1,26,0.0,0.0,1,26,0.0,0.0,1,26,0.0,0.0,1,26,0.0,0.0,1,26,0.0,0.0,1,26,0.0,0.0,1,26,0.0,0.0,1,26,0.0,0.0,1,26,0.0,0.0,1,26,0.5,0.5,9,17,centre,0.0,0.0,1,26,corner,0.0,0.0,0.0,0.0,1,26,0.0,0.0,1,26,0.5,0.5,9,17,0.0,0.0,1,26,0.0,0.0,1,26,0.0,0.0,1,26,0.0,0.0,1,26,0.0,0.0,1,26,0.0,0.0,1,26,0.0,0.0,1,26,0.0,0.0,1,26,0.0,0.0,1,26,0.0,0.0,1,26,0.5,0.5,9,17,centre,0.0,0.0,1,26,corner,0.0,0.0
000YLY2UVGRL,2147,107.4,1,x-bow,x_bow,building,2.5,19.5,,0.0,,0,0.0,0.0,26,0.0,0.0,1,26,0.0,0.0,1,26,0.5,0.5,11,16,0.0,0.0,1,26,0.0,0.0,1,26,0.0,0.0,1,26,0.0,0.0,1,26,0.0,0.0,1,26,0.9616,1.0,9,0,0.0,0.0,1,26,0.0,0.0,1,26,0.0,0.0,1,26,0.0,0.0,1,26,1.4616,1.5,9,0,g9_18,0.9616,1.0,9,0,corner,0.0,0.0,0.0,0.0,1,26,0.0,0.0,1,26,0.5,0.5,11,16,0.0,0.0,1,26,0.0,0.0,1,26,0.0,0.0,1,26,0.0,0.0,1,26,0.0,0.0,1,26,0.9616,1.0,9,0,0.0,0.0,1,26,0.0,0.0,1,26,0.0,0.0,1,26,0.0,0.0,1,26,1.4616,1.5,9,0,g9_18,0.9616,1.0,9,0,corner,0.0,0.0
000YLY2UVGRL,2625,131.3,1,tesla,tesla,building,6.0,18.0,miner,7.35,miner,3,0.0,0.0,26,0.0,0.0,1,26,-0.0,-0.0,1,25,0.5,0.5,9,17,0.0,0.0,1,26,0.0,0.0,1,26,0.0,0.0,1,26,0.0,0.0,1,26,1.0,1.0,1,26,0.0,0.0,1,26,0.0,0.0,1,26,0.0,0.0,1,26,-0.0,-0.0,1,25,7.3008,5.5124,13,0,1.5,1.5,9,16,centre,0.0,0.0,1,25,corner,1.0,1.0,0.0,0.0,1,26,0.0,0.0,1,26,0.5,0.5,9,17,0.0,0.0,1,26,0.0,0.0,1,26,0.0,0.0,1,26,0.0,0.0,1,26,1.0,1.0,1,26,0.0,0.0,1,26,0.0,0.0,1,26,0.0,0.0,1,26,0.0,0.0,1,26,7.3008,5.5124,13,0,1.5,1.5,9,17,centre,0.0,0.0,1,26,corner,1.0,1.0
000YLY2UVGRL,2781,139.1,1,x-bow,x_bow,building,2.5,19.5,,0.0,,0,0.0,0.0,26,0.0,0.0,1,26,0.0,0.0,1,26,0.5,0.5,11,16,0.0,0.0,1,26,0.0,0.0,1,26,0.0,0.0,1,26,0.0,0.0,1,26,0.0,0.0,1,26,0.9616,1.0,9,0,0.0,0.0,1,26,0.0,0.0,1,26,0.0,0.0,1,26,0.0,0.0,1,26,1.4616,1.5,9,0,g9_18,0.9616,1.0,9,0,corner,0.0,0.0,0.0,0.0,1,26,0.0,0.0,1,26,0.5,0.5,11,16,0.0,0.0,1,26,0.0,0.0,1,26,0.0,0.0,1,26,0.0,0.0,1,26,0.0,0.0,1,26,0.9616,1.0,9,0,0.0,0.0,1,26,0.0,0.0,1,26,0.0,0.0,1,26,0.0,0.0,1,26,1.4616,1.5,9,0,g9_18,0.9616,1.0,9,0,corner,0.0,0.0
000YLY2UVGRL,3341,167.1,1,x-bow,x_bow,building,2.5,19.5,balloon,10.99,balloon,4,0.0,0.0,26,0.0,0.0,2,25,-0.0,-0.0,1,25,0.5,0.5,1,16,0.0,0.0,1,26,0.0,0.0,1,26,0.0,0.0,1,26,0.0,0.0,1,26,0.6924,0.6924,1,26,0.9616,1.0,9,0,0.0,0.0,1,26,0.0,0.0,2,25,-0.0,-0.0,1,26,10.7111,12.1253,5,0,2.154,2.1924,6,0,corner,0.9616,1.0,9,0,corner,0.6924,0.6924,0.0,0.0,2,25,0.0,0.0,1,26,0.5,0.5,1,16,0.0,0.0,1,26,0.0,0.0,1,26,0.0,0.0,1,26,0.0,0.0,1,26,0.0,0.0,1,26,0.9616,1.0,9,0,0.0,0.0,1,26,0.0,0.0,2,25,0.0,0.0,1,26,10.7111,12.1253,5,0,1.4616,1.5,5,0,corner,0.9616,1.0,9,0,corner,0.0,0.0
000YLY2UVGRL,3561,178.1,1,tesla,tesla,building,8.0,14.0,ice_golem,4.25,ice_golem,1,0.0,0.0,26,1.0,0.0,1,9,-0.0,-0.4776,1,19,0.0,0.5,18,9,0.0,0.0,1,26,0.0,0.0,1,26,0.0,0.0,1,26,0.0,0.0,1,26,0.0,0.0,1,26,0.0,0.0,1,26,0.0,0.0,1,26,1.0,0.0,1,3,-0.0,-0.0,1,26,3.24,0.9142,16,0,1.0,0.0224,7,4,centre,0.5,-0.3,7,4,centre,0.0,0.0,1.0,0.0,1,8,-0.0,-0.4998,1,19,0.0,0.5,18,9,0.0,0.0,1,26,0.0,0.0,1,26,0.0,0.0,1,26,0.0,0.0,1,26,0.0,0.0,1,26,0.0,0.0,1,26,0.0,0.0,1,26,1.0,0.0,1,2,-0.0,-0.0,1,26,3.24,0.9142,16,0,1.0,0.0002,6,4,centre,0.5,-0.3,6,4,centre,0.0,0.0
000YLY2VQ92P,535,26.8,1,tesla,tesla,building,9.0,22.0,mega_knight,11.38,mega_knight,1,0.0,0.0,26,1.0,0.0,1,3,-0.0,-0.0,1,20,1.0,0.5,1,8,0.0,0.0,1,26,0.0,0.0,1,26,0.0,0.0,1,26,0.0,0.0,1,26,0.0,0.0,1,26,0.0,0.0,1,26,0.0,0.0,1,26,0.0,0.0,2,25,-0.0,-0.0,1,26,5.0,12.5,14,3,2.0,0.5,1,2,tesla_modal,1.0,0.0,1,2,tesla_modal,0.0,0.0,1.0,0.0,1,3,-0.0,-0.0,1,20,1.0,0.5,1,8,0.0,0.0,1,26,0.0,0.0,1,26,0.0,0.0,1,26,0.0,0.0,1,26,0.0,0.0,1,26,0.0,0.0,1,26,0.0,0.0,1,26,0.0,0.0,2,25,-0.0,-0.0,1,26,5.0,12.5,14,3,2.0,0.5,1,2,tesla_modal,1.0,0.0,1,2,tesla_modal,0.0,0.0
000YLY2VQ92P,1231,61.6,1,tesla,tesla,building,11.0,19.0,bandit,5.21,bandit,1,0.0,0.0,26,0.9022,0.0,8,0,-0.1117,-0.0,20,0,0.0251,0.5,18,0,0.0,0.0,1,26,0.0,0.0,1,26,0.0,0.0,1,26,0.0,0.0,1,26,0.0151,0.0151,1,26,0.0,0.0,1,26,0.0,0.0,1,26,0.4621,0.0,4,1,-0.0,-0.0,1,26,1.5545,10.4985,20,0,0.8307,0.5151,10,0,centre,0.3507,0.0,9,0,centre,0.0151,0.0151,0.004,0.0,9,0,0.0,0.0,1,26,0.0251,0.5,18,0,0.0,0.0,1,26,0.0,0.0,1,26,0.0,0.0,1,26,0.0,0.0,1,26,0.0151,0.0151,1,26,0.0,0.0,1,26,0.0,0.0,1,26,0.3155,0.0,4,1,0.0,0.0,1,26,1.5545,10.4985,20,0,0.0441,0.5151,21,0,g9_18,0.002,0.0,9,0,g9_18,0.0151,0.0151
000YLY2VQ92P,2017,100.9,1,tesla,tesla,building,7.0,21.0,archer_queen,5.21,archer_queen,3,0.0,0.0,26,0.506,0.0,2,0,0.0,0.0,1,26,0.5,0.5,1,16,0.0,0.0,1,26,0.0,0.0,1,26,0.0,0.0,1,26,0.0,0.0,1,26,0.6606,0.6606,1,26,0.0,0.0,1,26,0.0,0.0,1,26,0.4438,0.0,4,0,0.0,0.0,1,26,5.012,0.5833,20,0,1.6666,1.1606,2,0,tesla_modal,0.3795,0.0,2,0,tesla_modal,0.6606,0.6606,1.0,0.0,1,2,0.0,0.0,1,26,0.5,0.5,1,16,0.0,0.0,1,26,0.0,0.0,1,26,0.0,0.0,1,26,0.0,0.0,1,26,0.6606,0.6606,1,26,0.0,0.0,1,26,0.0,0.0,1,26,0.5472,1.0,7,0,0.0,0.0,1,26,5.012,0.5833,20,0,2.1606,1.1606,1,1,g3_22,0.75,0.0,1,1,g3_22,0.6606,0.6606
000YLY2VQ92P,2485,124.3,1,x-bow,x_bow,building,4.5,19.5,bandit,5.38,bandit,1,0.0,0.0,26,0.125,1.0,16,0,-1.0,-0.0,27,0,0.0,0.0,1,26,0.0,0.0,1,26,0.0,0.0,1,26,0.0,0.0,1,26,0.0,0.0,1,26,1.0,1.0,1,26,0.9616,1.0,9,0,0.0,0.0,1,26,0.9702,1.0,5,0,-0.0,-0.0,1,26,0.0,2.216,27,0,1.0866,3.0,17,0,corner,0.7,1.0,8,1,corner,1.0,1.0,0.0,0.3347,12,15,0.0,0.0,1,26,0.0,0.0,1,26,0.0,0.0,1,26,0.0,0.0,1,26,0.0,0.0,1,26,0.0,0.0,1,26,1.0,1.0,1,26,0.9616,1.0,9,0,0.0,0.0,1,26,0.8236,1.0,5,0,0.0,0.0,1,26,0.0,2.216,27,0,1.9616,2.3347,11,0,g9_18,0.9616,1.0,9,0,corner,1.0,1.0
000YLY2VQ92P,2594,130.1,1,tesla,tesla,building,7.0,18.0,wall_breakers,1.28,wall_breakers,4,0.0,0.0,26,0.3503,1.0,18,0,-0.8663,-0.0,26,0,0.0,0.0,1,26,0.0,0.0,1,26,0.0,0.0,1,26,0.0,0.0,1,26,0.0,0.0,1,26,1.0,1.0,1,26,0.0,0.0,1,26,0.0,0.0,1,26,0.8386,1.0,17,0,-0.2152,-0.0,26,0,0.2005,2.6623,26,0,0.484,2.0,26,0,corner,-0.1249,0.5,26,0,corner,1.0,1.0,0.0,0.6529,17,10,0.0,0.0,1,26,0.0,0.0,1,26,0.0,0.0,1,26,0.0,0.0,1,26,0.0,0.0,1,26,0.0,0.0,1,26,1.0,1.0,1,26,0.0,0.0,1,26,0.0,0.0,1,26,0.0,1.0,18,9,0.0,0.0,1,26,0.2005,2.6623,26,0,1.0,1.6529,17,10,centre,0.0,0.3265,17,10,centre,1.0,1.0
000YLY2VQ92P,2958,148.3,1,tesla,tesla,building,9.0,18.0,prince,6.94,prince,6,0.0,0.0,26,0.0,0.0,3,24,-0.0,-0.0,1,21,0.0,0.0,1,26,0.0,0.0,1,26,0.0,0.0,1,26,0.0,0.0,1,26,0.0,0.0,1,26,1.0,1.0,1,26,0.0,0.0,1,26,0.0,0.0,1,26,0.0,0.0,3,24,-0.0,-0.0,1,23,7.0417,9.3602,8,1,1.0,1.0,2,21,centre,0.0,0.0,1,21,corner,1.0,1.0,0.0,0.0,1,26,0.0,0.0,1,26,0.0,0.0,1,26,0.0,0.0,1,26,0.0,0.0,1,26,0.0,0.0,1,26,0.0,0.0,1,26,1.0,1.0,1,26,0.0,0.0,1,26,0.0,0.0,1,26,0.0,0.0,1,26,0.0,0.0,1,26,7.0417,9.3602,8,1,1.0,1.0,1,26,corner,0.0,0.0,1,26,corner,1.0,1.0
002YLLLP2YRR,1191,59.6,1,tesla,tesla,building,9.0,21.0,royal_hogs,7.81,royal_hogs,6,0.0,0.0,26,0.0,0.3642,8,19,-0.0,-0.748,1,19,1.0,0.5,1,8,0.0,0.0,1,26,0.0,0.0,1,26,0.0,0.0,1,26,0.0,0.0,1,26,1.0,1.0,1,26,0.0,0.0,1,26,0.0,0.0,1,26,0.0,1.0,8,19,-0.0,-0.0,1,24,5.6122,0.4285,14,1,2.0,1.1163,2,8,g9_18,0.0,-0.0268,3,18,g9_18,1.0,1.0,0.0,0.0,2,25,0.0,0.0,1,26,1.0,0.5,1,8,0.0,0.0,1,26,0.0,0.0,1,26,0.0,0.0,1,26,0.0,0.0,1,26,1.0,1.0,1,26,0.0,0.0,1,26,0.0,0.0,1,26,0.0,0.2547,8,19,0.0,0.0,1,26,5.6122,0.4285,14,1,2.0,1.5,2,8,g9_18,0.0,0.0,2,25,g9_18,1.0,1.0
002YLLLP2YRR,1794,89.7,1,x-bow,x_bow,building,15.5,19.5,,0.0,,2,0.0,0.0,26,0.0,0.0,1,26,0.0,0.0,1,26,0.5,0.5,11,16,0.0,0.0,1,26,0.0,0.0,1,26,0.0,0.0,1,26,0.0,0.0,1,26,0.0,0.0,1,26,0.9616,1.0,9,0,0.0,0.0,1,26,0.0,0.0,1,26,0.0,0.0,1,26,0.0,0.0,1,26,1.4616,1.5,9,0,g9_18,0.9616,1.0,9,0,corner,0.0,0.0,0.0,0.0,1,26,0.0,0.0,1,26,0.5,0.5,11,16,0.0,0.0,1,26,0.0,0.0,1,26,0.0,0.0,1,26,0.0,0.0,1,26,0.0,0.0,1,26,0.9616,1.0,9,0,0.0,0.0,1,26,0.0,0.0,1,26,0.0,0.0,1,26,0.0,0.0,1,26,1.4616,1.5,9,0,g9_18,0.9616,1.0,9,0,corner,0.0,0.0
002YLLLP2YRR,2512,125.6,1,x-bow,x_bow,building,11.5,22.5,furnace,21.07,furnace,2,0.0,0.0,26,0.0,0.0,2,25,0.0,0.0,1,26,0.5,0.0,1,17,0.0,0.0,1,26,0.0,0.0,1,26,0.0,0.0,1,26,0.0,0.0,1,26,0.0,0.0,1,26,0.0,1.0,9,18,0.0,0.0,1,26,0.0,0.0,1,26,0.0,0.0,1,26,4.2351,2.216,9,0,0.5,1.0,10,13,bow_modal_R,0.0,1.0,10,17,corner,0.0,0.0,1.0,0.3358,1,3,0.0,0.0,1,26,0.5,0.0,1,17,0.0,0.0,1,26,0.0,0.0,1,26,0.0,0.0,1,26,0.0,0.0,1,26,0.0,0.0,1,26,0.0,1.0,9,18,0.0,0.0,1,26,0.0,0.0,1,26,0.0,0.0,1,26,4.2351,2.216,9,0,1.5,1.3358,2,4,g9_18,0.75,1.0,9,1,corner,0.0,0.0
002YLLLP2YRR,2731,136.6,1,tesla,tesla,building,9.0,22.0,furnace,12.49,furnace,2,0.0,0.0,26,0.0,0.698,7,20,0.0,0.0,1,26,0.5,0.0,1,17,0.0,0.0,1,26,0.0,0.0,1,26,0.0,0.0,1,26,0.0,0.0,1,26,1.0,1.0,1,26,0.0,0.0,1,26,0.0,0.0,1,26,0.0,0.0,1,26,0.0,0.0,1,26,9.1025,5.8961,18,1,1.5,1.698,4,17,g9_18,0.0,0.349,7,20,bow_modal_L,1.0,1.0,0.0,0.9061,7,20,0.0,0.0,1,26,0.5,0.0,1,17,0.0,0.0,1,26,0.0,0.0,1,26,0.0,0.0,1,26,0.0,0.0,1,26,1.0,1.0,1,26,0.0,0.0,1,26,0.0,0.0,1,26,0.0,0.0,1,26,0.0,0.0,1,26,9.1025,5.8961,18,1,1.5,1.9061,6,17,g9_18,0.0,0.4531,7,20,g9_18,1.0,1.0
002YLLLP2YRR,2958,147.9,1,x-bow,x_bow,building,15.5,19.5,furnace,10.66,furnace,3,0.0,0.0,26,0.0,0.0,4,23,0.0,0.0,1,26,0.5,0.0,1,17,0.0,0.0,1,26,0.0,0.0,1,26,0.0,0.0,1,26,0.0,0.0,1,26,0.0,0.0,1,26,0.9616,1.0,9,0,0.0,0.0,1,26,0.0,0.0,1,26,0.0,0.0,1,26,0.4,11.2284,22,1,1.4616,1.0,5,0,bow_modal_R,0.9616,1.0,9,0,corner,0.0,0.0,0.0,0.0,5,22,0.0,0.0,1,26,0.5,0.0,1,17,0.0,0.0,1,26,0.0,0.0,1,26,0.0,0.0,1,26,0.0,0.0,1,26,0.0,0.0,1,26,0.9616,1.0,9,0,0.0,0.0,1,26,0.0,0.0,1,26,0.0,0.0,1,26,0.4,11.2284,22,1,1.4616,1.0,7,0,g9_18,0.9616,1.0,9,0,corner,0.0,0.0
002YLLLP2YRR,3061,153.1,1,tesla,tesla,building,12.0,18.0,royal_hogs,3.42,royal_hogs,5,0.0,0.0,26,1.0,0.0,1,2,-0.0,-0.0,1,23,0.5,0.0,1,17,0.0,0.0,1,26,0.0,0.0,1,26,0.0,0.0,1,26,0.0,0.0,1,26,1.0,1.0,1,26,0.0,0.0,1,26,0.0,0.0,1,26,1.0,0.0,1,2,-0.0,-0.0,1,23,3.2946,13.5357,22,0,2.5,1.0,1,2,lane_R,0.75,0.0,1,2,lane_R,1.0,1.0,0.9691,0.0,1,0,0.0,0.0,1,26,0.5,0.0,1,17,0.0,0.0,1,26,0.0,0.0,1,26,0.0,0.0,1,26,0.0,0.0,1,26,1.0,1.0,1,26,0.0,0.0,1,26,0.0,0.0,1,26,1.0,0.0,1,1,0.0,0.0,1,26,3.2946,13.5357,22,0,2.4691,1.0,1,0,g15_22,0.7268,0.0,1,0,g15_22,1.0,1.0
002YLLLP2YRR,3358,167.9,1,x-bow,x_bow,building,15.5,19.5,,0.0,,1,0.0,0.0,26,0.0,0.0,1,26,0.0,0.0,1,26,0.5,0.0,1,17,0.0,0.0,1,26,0.0,0.0,1,26,0.0,0.0,1,26,0.0,0.0,1,26,0.0,0.0,1,26,0.9616,1.0,9,0,0.0,0.0,1,26,0.0,0.0,1,26,0.0,0.0,1,26,0.0,0.0,1,26,1.4616,1.0,4,0,bow_modal_R,0.9616,1.0,9,0,corner,0.0,0.0,0.0,0.0,1,26,0.0,0.0,1,26,0.5,0.0,1,17,0.0,0.0,1,26,0.0,0.0,1,26,0.0,0.0,1,26,0.0,0.0,1,26,0.0,0.0,1,26,0.9616,1.0,9,0,0.0,0.0,1,26,0.0,0.0,1,26,0.0,0.0,1,26,0.0,0.0,1,26,1.4616,1.0,4,0,bow_modal_R,0.9616,1.0,9,0,corner,0.0,0.0
002YLLLP9JUR,696,34.8,1,tesla,tesla,building,9.0,21.0,electro_wizard,12.02,electro_wizard,1,0.0,0.0,26,0.0,0.0,5,22,0.0,0.0,1,26,1.0,0.5,1,8,0.0,0.0,1,26,0.0,0.0,1,26,0.0,0.0,1,26,0.0,0.0,1,26,1.0,1.0,1,26,0.0,0.0,1,26,0.0,0.0,1,26,0.0,0.0,1,26,0.0,0.0,1,26,8.3563,3.8874,19,1,2.0,1.5,3,8,lane,0.0,0.0,5,22,lane,1.0,1.0,0.0,1.0,8,19,0.0,0.0,1,26,1.0,0.5,1,8,0.0,0.0,1,26,0.0,0.0,1,26,0.0,0.0,1,26,0.0,0.0,1,26,1.0,1.0,1,26,0.0,0.0,1,26,0.0,0.0,1,26,0.0,0.0,1,26,0.0,0.0,1,26,8.3563,3.8874,19,1,2.0,2.5,7,8,corner,0.0,0.75,8,19,corner,1.0,1.0
002YLLLP9JUR,992,49.6,1,x-bow,x_bow,building,14.5,19.5,mega_knight,17.85,mega_knight,1,0.0,0.0,26,0.0,0.6,8,19,-0.0,-0.3636,1,19,0.5,0.5,11,16,0.0,0.0,1,26,0.0,0.0,1,26,0.0,0.0,1,26,0.0,0.0,1,26,0.0,0.0,1,26,1.0,1.0,1,8,0.0,0.0,1,26,0.0,0.0,1,26,-0.0,-0.0,1,26,10.4,1.4,7,0,1.5,1.7364,6,3,g9_18,1.0,0.7,1,6,tesla_modal,0.0,0.0,0.0,0.6167,8,19,-0.0,-0.3538,1,19,0.5,0.5,11,16,0.0,0.0,1,26,0.0,0.0,1,26,0.0,0.0,1,26,0.0,0.0,1,26,0.0,0.0,1,26,1.0,1.0,1,8,0.0,0.0,1,26,0.0,0.0,1,26,-0.0,-0.0,1,26,10.4,1.4,7,0,1.5,1.7628,6,3,g9_18,1.0,0.7,1,6,tesla_modal,0.0,0.0
002YLLLP9JUR,1927,96.4,1,tesla,tesla,building,9.0,21.0,,0.0,,0,0.0,0.0,26,0.0,0.0,1,26,0.0,0.0,1,26,0.5,0.0,1,17,0.0,0.0,1,26,0.0,0.0,1,26,0.0,0.0,1,26,0.0,0.0,1,26,0.0,0.0,1,26,0.0,0.0,1,26,0.0,0.0,1,26,0.0,0.0,1,26,0.0,0.0,1,26,0.0,0.0,1,26,0.5,0.0,1,17,centre,0.0,0.0,1,26,corner,0.0,0.0,0.0,0.0,1,26,0.0,0.0,1,26,0.5,0.0,1,17,0.0,0.0,1,26,0.0,0.0,1,26,0.0,0.0,1,26,0.0,0.0,1,26,0.0,0.0,1,26,0.0,0.0,1,26,0.0,0.0,1,26,0.0,0.0,1,26,0.0,0.0,1,26,0.0,0.0,1,26,0.5,0.0,1,17,centre,0.0,0.0,1,26,corner,0.0,0.0
002YLLLP9JUR,2311,115.6,1,x-bow,x_bow,building,13.5,19.5,executioner,18.54,executioner,1,0.0,0.0,26,0.0,0.0,4,23,0.0,0.0,1,26,0.5,0.0,1,17,0.0,0.0,1,26,0.0,0.0,1,26,0.0,0.0,1,26,0.0,0.0,1,26,0.0,0.0,1,26,0.9616,1.0,9,0,0.0,0.0,1,26,0.0,0.0,1,26,0.0,0.0,1,26,0.4,12.4,22,1,1.4616,1.0,5,0,g9_18,0.9616,1.0,9,0,corner,0.0,0.0,0.0,0.0,5,22,0.0,0.0,1,26,0.5,0.0,1,17,0.0,0.0,1,26,0.0,0.0,1,26,0.0,0.0,1,26,0.0,0.0,1,26,0.0,0.0,1,26,0.9616,1.0,9,0,0.0,0.0,1,26,0.0,0.0,1,26,0.0,0.0,1,26,0.4,12.4,22,1,1.4616,1.0,7,0,g9_18,0.9616,1.0,9,0,corner,0.0,0.0
002YLLLP9JUR,2586,129.3,1,tesla,tesla,building,11.0,18.0,mega_knight,3.73,mega_knight,3,0.0,0.0,26,1.0,0.0,1,3,-0.0,-0.0,1,21,0.5,0.0,1,17,0.0,0.0,1,26,0.0,0.0,1,26,0.0,0.0,1,26,0.0,0.0,1,26,0.8,0.8,1,26,0.0,0.0,1,26,0.0,0.0,1,26,1.0,0.0,1,4,-0.0,-0.0,1,26,2.7345,12.1057,22,0,2.3,0.8,1,2,tesla_modal,0.75,0.0,1,2,tesla_modal,0.8,0.8,1.0,0.0,1,3,-0.0,-0.0,1,21,0.5,0.0,1,17,0.0,0.0,1,26,0.0,0.0,1,26,0.0,0.0,1,26,0.0,0.0,1,26,0.8,0.8,1,26,0.0,0.0,1,26,0.0,0.0,1,26,1.0,0.0,1,4,-0.0,-0.0,1,26,2.7345,12.1057,22,0,2.3,0.8,1,2,tesla_modal,0.75,0.0,1,2,tesla_modal,0.8,0.8
002YLLLP9JUR,2853,142.7,1,x-bow,x_bow,building,13.5,19.5,,0.0,,0,0.0,0.0,26,0.0,0.0,1,26,0.0,0.0,1,26,0.5,0.0,1,17,0.0,0.0,1,26,0.0,0.0,1,26,0.0,0.0,1,26,0.0,0.0,1,26,0.0,0.0,1,26,0.9616,1.0,9,0,0.0,0.0,1,26,0.0,0.0,1,26,0.0,0.0,1,26,0.0,0.0,1,26,1.4616,1.0,4,0,bow_modal_R,0.9616,1.0,9,0,corner,0.0,0.0,0.0,0.0,1,26,0.0,0.0,1,26,0.5,0.0,1,17,0.0,0.0,1,26,0.0,0.0,1,26,0.0,0.0,1,26,0.0,0.0,1,26,0.0,0.0,1,26,0.9616,1.0,9,0,0.0,0.0,1,26,0.0,0.0,1,26,0.0,0.0,1,26,0.0,0.0,1,26,1.4616,1.0,4,0,bow_modal_R,0.9616,1.0,9,0,corner,0.0,0.0
002YLLLP9JUR,3085,154.3,1,tesla,tesla,building,10.0,18.0,mega_knight,4.98,mega_knight,1,0.0,0.0,26,1.0,0.0,1,0,-0.0,-0.0,1,21,0.4179,0.0,18,0,0.0,0.0,1,26,0.0,0.0,1,26,0.0,0.0,1,26,0.0,0.0,1,26,1.0,1.0,1,26,0.0,0.0,1,26,0.0,0.0,1,26,1.0,0.0,1,3,-0.0,-0.0,1,24,4.9464,13.4497,20,0,2.4179,1.0,1,0,tesla_modal,0.7089,0.0,1,0,tesla_modal,1.0,1.0,1.0,0.0,1,0,-0.0,-0.0,1,21,0.4179,0.0,18,0,0.0,0.0,1,26,0.0,0.0,1,26,0.0,0.0,1,26,0.0,0.0,1,26,1.0,1.0,1,26,0.0,0.0,1,26,0.0,0.0,1,26,1.0,0.0,1,3,-0.0,-0.0,1,24,4.9464,13.4497,20,0,2.4179,1.0,1,0,tesla_modal,0.7089,0.0,1,0,tesla_modal,1.0,1.0
002YLLLP9JUR,3307,165.4,1,x-bow,x_bow,building,15.5,19.5,mega_knight,3.08,mega_knight,6,0.0,0.0,26,0.0,0.0,2,25,-0.0,-0.0,1,24,0.5,0.0,1,17,0.0,0.0,1,26,0.0,0.0,1,26,0.0,0.0,1,26,0.0,0.0,1,26,0.0,0.0,1,26,0.9616,1.0,9,0,0.0,0.0,1,26,0.0,0.0,2,25,-0.0,-0.0,1,24,3.2334,13.5584,23,0,1.4616,1.0,4,0,bow_modal_R,0.9616,1.0,9,0,corner,0.0,0.0,0.0,0.0,2,25,-0.0,-0.0,1,24,0.5,0.0,1,17,0.0,0.0,1,26,0.0,0.0,1,26,0.0,0.0,1,26,0.0,0.0,1,26,0.0,0.0,1,26,0.9616,1.0,9,0,0.0,0.0,1,26,0.0,0.0,2,25,-0.0,-0.0,1,24,3.2334,13.5584,23,0,1.4616,1.0,4,0,bow_modal_R,0.9616,1.0,9,0,corner,0.0,0.0
00GYPYP0PCLR,307,15.4,1,tesla,tesla,building,9.0,21.0,skeleton_barrel,8.13,skeleton_barrel,1,0.0,0.0,26,1.0,0.0,1,4,-0.0,-0.0,1,20,1.0,0.5,1,8,0.0,0.0,1,26,0.0,0.0,1,26,0.0,0.0,1,26,0.0,0.0,1,26,0.9986,0.9986,1,26,0.0,0.0,1,26,0.0,0.0,1,26,0.7852,0.0,7,1,-0.0,-0.0,1,26,5.3848,13.0804,14,1,2.9986,1.4986,1,3,tesla_modal,1.0,0.0,1,3,tesla_modal,0.9986,0.9986,1.0,0.0,1,3,0.0,0.0,1,26,1.0,0.5,1,8,0.0,0.0,1,26,0.0,0.0,1,26,0.0,0.0,1,26,0.0,0.0,1,26,0.9986,0.9986,1,26,0.0,0.0,1,26,0.0,0.0,1,26,0.5255,0.0,6,1,0.0,0.0,1,26,5.3848,13.0804,14,1,2.9986,1.4986,1,2,tesla_modal,1.0,0.0,1,2,tesla_modal,0.9986,0.9986
00GYPYP0PCLR,495,24.8,1,x-bow,x_bow,building,15.5,19.5,suspicious_bush,19.68,suspicious_bush,4,0.0,0.0,26,0.0,1.0,10,17,-0.0,-0.0,1,23,0.5,0.5,11,16,0.0,0.0,1,26,0.0,0.0,1,26,0.0,0.0,1,26,0.0,0.0,1,26,0.0,0.0,1,26,0.9616,1.0,9,0,0.0,0.0,1,26,0.0,0.0,1,26,-0.0,-0.0,1,26,6.4711,2.5962,10,0,1.4616,2.5,11,0,g9_18,0.9616,1.0,8,0,corner,0.0,0.0,0.0,1.0,10,17,-0.0,-0.0,1,22,0.5,0.5,11,16,0.0,0.0,1,26,0.0,0.0,1,26,0.0,0.0,1,26,0.0,0.0,1,26,0.0,0.0,1,26,0.9616,1.0,9,0,0.0,0.0,1,26,0.0,0.0,1,26,-0.0,-0.0,1,26,6.4711,2.5962,10,0,1.4616,2.5,11,0,corner,0.9616,1.0,7,0,corner,0.0,0.0
00GYPYP0PCLR,1288,64.4,1,tesla,tesla,building,9.0,22.0,skeleton_barrel,8.03,skeleton_barrel,2,0.0,0.0,26,0.0,0.0,8,19,-0.0,-0.0,1,20,1.0,0.5,1,8,0.0,0.0,1,26,0.0,0.0,1,26,0.0,0.0,1,26,0.0,0.0,1,26,1.0,1.0,1,26,0.0,0.0,1,26,0.0,0.0,1,26,0.0,0.0,8,19,-0.0,-0.0,1,25,5.2943,13.0804,15,1,2.0,1.5,4,7,tesla_modal,0.0,0.0,5,18,tesla_modal,1.0,1.0,0.0,0.0,3,24,0.0,0.0,1,26,1.0,0.5,1,8,0.0,0.0,1,26,0.0,0.0,1,26,0.0,0.0,1,26,0.0,0.0,1,26,1.0,1.0,1,26,0.0,0.0,1,26,0.0,0.0,1,26,0.0,0.0,7,20,0.0,0.0,1,26,5.2943,13.0804,15,1,2.0,1.5,3,7,tesla_modal,0.0,0.0,3,24,tesla_modal,1.0,1.0
00GYPYP0PCLR,1394,70.1,1,x-bow,x_bow,building,15.5,19.5,,0.0,,9,0.0,0.0,26,0.0,0.0,1,26,0.0,0.0,1,26,0.5,0.5,11,16,0.0,0.0,1,26,0.0,0.0,1,26,0.0,0.0,1,26,0.0,0.0,1,26,0.0,0.0,1,26,0.9616,1.0,9,0,0.0,0.0,1,26,0.0,0.0,1,26,0.0,0.0,1,26,0.0,0.0,1,26,1.4616,1.5,9,0,g9_18,0.9616,1.0,9,0,corner,0.0,0.0,0.0,0.0,1,26,0.0,0.0,1,26,0.5,0.5,11,16,0.0,0.0,1,26,0.0,0.0,1,26,0.0,0.0,1,26,0.0,0.0,1,26,0.0,0.0,1,26,0.9616,1.0,9,0,0.0,0.0,1,26,0.0,0.0,1,26,0.0,0.0,1,26,0.0,0.0,1,26,1.4616,1.5,9,0,g9_18,0.9616,1.0,9,0,corner,0.0,0.0
00GYPYP0PCLR,2373,118.7,1,tesla,tesla,building,9.0,19.0,suspicious_bush,5.26,suspicious_bush,1,0.0,0.0,26,1.0,0.0,1,3,-0.0,-0.0,1,21,0.9902,0.5,9,0,0.0,0.0,1,26,0.0,0.0,1,26,0.0,0.0,1,26,0.0,0.0,1,26,1.0,1.0,1,26,0.0,0.0,1,26,0.0,0.0,1,26,1.0,0.0,1,4,-0.0,-0.0,1,24,5.0,12.5,14,3,2.9902,1.5,2,0,tesla_modal,0.9951,0.0,2,0,tesla_modal,1.0,1.0,1.0,0.0,1,2,-0.0,-0.0,1,20,0.9902,0.5,9,0,0.0,0.0,1,26,0.0,0.0,1,26,0.0,0.0,1,26,0.0,0.0,1,26,1.0,1.0,1,26,0.0,0.0,1,26,0.0,0.0,1,26,1.0,0.0,1,5,-0.0,-0.0,1,24,5.0,12.5,14,3,2.9902,1.5,2,0,tesla_modal,0.9951,0.0,2,0,tesla_modal,1.0,1.0
00GYPYP0PCLR,2455,122.8,1,x-bow,x_bow,building,14.5,19.5,knight,17.3,knight,2,0.0,0.0,26,0.0,0.0,7,20,-1.0,-0.0,24,3,0.5,0.5,11,16,0.0,0.0,1,26,0.0,0.0,1,26,0.0,0.0,1,26,0.0,0.0,1,26,0.0,0.0,1,26,1.0,1.0,1,8,0.0,0.0,1,26,0.0,0.0,1,26,-0.0,-0.0,1,26,0.0,12.4,24,3,0.5,1.5,16,8,g9_18,0.7,1.0,9,3,corner,0.0,0.0,0.0,0.0,7,20,-1.0,-0.0,24,3,0.5,0.5,11,16,0.0,0.0,1,26,0.0,0.0,1,26,0.0,0.0,1,26,0.0,0.0,1,26,0.0,0.0,1,26,1.0,1.0,1,8,0.0,0.0,1,26,0.0,0.0,1,26,-0.0,-0.0,1,26,0.0,12.4,24,3,0.5,1.5,16,8,g9_18,0.7,1.0,9,3,corner,0.0,0.0
00GYPYP0PCLR,3341,167.1,1,tesla,tesla,building,9.0,21.0,three_musketeers,5.27,three_musketeers,5,0.0,0.0,26,0.0,0.0,1,26,0.0,0.0,1,26,0.5,0.5,1,16,0.0,0.0,1,26,0.0,0.0,1,26,0.0,0.0,1,26,0.0,0.0,1,26,1.0,1.0,1,26,0.0,0.0,1,26,0.0,0.0,1,26,0.1364,0.0,2,1,0.0,0.0,1,26,4.4929,2.2296,16,1,1.5,1.5,1,16,corner,0.0,0.0,1,26,corner,1.0,1.0,1.0,0.4365,1,3,0.0,0.0,1,26,0.5,0.5,1,16,0.0,0.0,1,26,0.0,0.0,1,26,0.0,0.0,1,26,0.0,0.0,1,26,1.0,1.0,1,26,0.0,0.0,1,26,0.0,0.0,1,26,1.0,0.5637,1,4,0.0,0.0,1,26,4.4929,2.2296,16,1,2.5,1.9365,1,2,tesla_modal,0.75,0.3274,1,2,tesla_modal,1.0,1.0
00GYPYP0PCLR,3485,174.3,1,x-bow,x_bow,building,14.5,19.5,skeleton_barrel,6.5,skeleton_barrel,6,0.0,0.0,26,0.0,0.0,5,22,-0.0,-0.0,1,22,0.0,0.5,19,8,0.0,0.0,1,26,0.0,0.0,1,26,0.0,0.0,1,26,0.0,0.0,1,26,0.2014,0.2014,1,26,1.0,1.0,1,8,0.0,0.0,1,26,0.0,0.0,5,22,-0.0,-0.0,1,23,6.3959,9.9253,9,0,1.2014,1.7014,8,3,corner,1.0,1.0,1,8,corner,0.2014,0.2014,0.0,0.0,2,25,0.0,0.0,1,26,0.0,0.5,19,8,0.0,0.0,1,26,0.0,0.0,1,26,0.0,0.0,1,26,0.0,0.0,1,26,0.0,0.0,1,26,1.0,1.0,1,8,0.0,0.0,1,26,0.0,0.0,2,25,0.0,0.0,1,26,6.3959,9.9253,9,0,1.0,1.5,6,3,corner,1.0,1.0,1,8,corner,0.0,0.0
00GYPYPRQCY8,271,13.6,1,tesla,tesla,building,9.0,22.0,giant_skeleton,17.46,giant_skeleton,1,0.0,0.0,26,1.0,0.85,1,3,-0.0,-0.1667,1,19,1.0,0.5,1,8,0.0,0.0,1,26,0.0,0.0,1,26,0.0,0.0,1,26,0.0,0.0,1,26,0.0,0.0,1,26,0.0,0.0,1,26,0.0,0.0,1,26,0.0,0.0,1,26,-0.0,-0.0,1,26,5.0,1.5,15,3,2.0,1.1833,1,2,tesla_modal,1.0,0.4708,1,2,tesla_modal,0.0,0.0,1.0,0.6667,1,3,-0.0,-0.3077,1,19,1.0,0.5,1,8,0.0,0.0,1,26,0.0,0.0,1,26,0.0,0.0,1,26,0.0,0.0,1,26,0.0,0.0,1,26,0.0,0.0,1,26,0.0,0.0,1,26,0.0,0.0,1,26,-0.0,-0.0,1,26,5.0,1.5,15,3,2.0,0.859,1,2,tesla_modal,1.0,0.2,1,2,tesla_modal,0.0,0.0
00GYPYPRQCY8,837,42.1,1,x-bow,x_bow,building,3.5,19.5,,0.0,,0,0.0,0.0,26,0.0,0.0,1,26,0.0,0.0,1,26,0.5,0.5,11,16,0.0,0.0,1,26,0.0,0.0,1,26,0.0,0.0,1,26,0.0,0.0,1,26,0.0,0.0,1,26,1.0,1.0,1,8,0.0,0.0,1,26,0.0,0.0,1,26,0.0,0.0,1,26,0.0,0.0,1,26,1.5,1.5,2,7,g9_18,1.0,1.0,1,8,corner,0.0,0.0,0.0,0.0,1,26,0.0,0.0,1,26,0.5,0.5,11,16,0.0,0.0,1,26,0.0,0.0,1,26,0.0,0.0,1,26,0.0,0.0,1,26,0.0,0.0,1,26,1.0,1.0,1,8,0.0,0.0,1,26,0.0,0.0,1,26,0.0,0.0,1,26,0.0,0.0,1,26,1.5,1.5,2,7,g9_18,1.0,1.0,1,8,corner,0.0,0.0
00GYPYPRQCY8,2102,105.1,1,tesla,tesla,building,9.0,22.0,giant_skeleton,6.2,giant_skeleton,3,0.0,0.0,26,0.0,0.6868,7,20,-0.0,-0.3479,1,21,1.0,0.5,1,8,0.0,0.0,1,26,0.0,0.0,1,26,0.0,0.0,1,26,0.0,0.0,1,26,1.0,1.0,1,26,0.0,0.0,1,26,0.0,0.0,1,26,0.0,0.6868,7,20,-0.0,-0.3479,1,21,6.7003,1.1737,18,1,2.0,1.8389,5,8,lane,0.0,0.2151,6,20,lane,1.0,1.0,0.0,0.5035,7,20,-0.0,-0.4583,1,20,1.0,0.5,1,8,0.0,0.0,1,26,0.0,0.0,1,26,0.0,0.0,1,26,0.0,0.0,1,26,1.0,1.0,1,26,0.0,0.0,1,26,0.0,0.0,1,26,0.0,0.5035,7,20,-0.0,-0.4583,1,20,6.7003,1.1737,18,1,2.0,1.5452,4,8,lane,0.0,0.0776,6,20,lane,1.0,1.0
00GYPYPRQCY8,2531,126.6,1,x-bow,x_bow,building,10.5,22.5,,0.0,,0,0.0,0.0,26,0.0,0.0,1,26,0.0,0.0,1,26,0.5,0.0,1,17,0.0,0.0,1,26,0.0,0.0,1,26,0.0,0.0,1,26,0.0,0.0,1,26,0.0,0.0,1,26,0.0,1.0,9,18,0.0,0.0,1,26,0.0,0.0,1,26,0.0,0.0,1,26,0.0,0.0,1,26,0.5,1.0,9,14,bow_modal_R,0.0,1.0,9,18,corner,0.0,0.0,0.0,0.0,1,26,0.0,0.0,1,26,0.5,0.0,1,17,0.0,0.0,1,26,0.0,0.0,1,26,0.0,0.0,1,26,0.0,0.0,1,26,0.0,0.0,1,26,0.0,1.0,9,18,0.0,0.0,1,26,0.0,0.0,1,26,0.0,0.0,1,26,0.0,0.0,1,26,0.5,1.0,9,14,bow_modal_R,0.0,1.0,9,18,corner,0.0,0.0
00GYPYPRQCY8,2688,134.4,1,tesla,tesla,building,9.0,20.0,flying_machine,4.58,flying_machine,2,0.0,0.0,26,0.0,0.0,6,21,0.0,0.0,1,26,0.5,0.0,1,17,0.0,0.0,1,26,0.0,0.0,1,26,0.0,0.0,1,26,0.0,0.0,1,26,1.0,1.0,1,26,0.0,0.0,1,26,0.0,0.0,1,26,0.0,0.0,6,21,0.0,0.0,1,26,3.0355,9.5499,25,0,1.5,1.0,5,13,skel_cell,0.0,0.0,6,21,skel_cell,1.0,1.0,0.5553,0.0,9,0,0.0,0.0,1,26,0.5,0.0,1,17,0.0,0.0,1,26,0.0,0.0,1,26,0.0,0.0,1,26,0.0,0.0,1,26,1.0,1.0,1,26,0.0,0.0,1,26,0.0,0.0,1,26,1.0,0.0,1,4,0.0,0.0,1,26,3.0355,9.5499,25,0,2.0553,1.0,9,0,corner_R,0.4165,0.0,9,0,corner_R,1.0,1.0
00GYPYPRQCY8,3431,171.6,1,tesla,tesla,building,9.0,21.0,flying_machine,2.67,flying_machine,4,0.0,0.0,26,0.0,0.8568,10,17,0.0,0.0,1,26,0.5,0.0,1,17,0.0,0.0,1,26,0.0,0.0,1,26,0.0,0.0,1,26,0.0,0.0,1,26,1.0,1.0,1,26,0.0,0.0,1,26,0.0,0.0,1,26,0.0,0.8641,14,13,0.0,0.0,1,26,0.0,6.7136,21,6,1.5,1.8568,8,13,g15_18,0.0,0.4284,10,17,corner,1.0,1.0,0.0,0.4088,13,14,0.0,0.0,1,26,0.5,0.0,1,17,0.0,0.0,1,26,0.0,0.0,1,26,0.0,0.0,1,26,0.0,0.0,1,26,1.0,1.0,1,26,0.0,0.0,1,26,0.0,0.0,1,26,0.371,0.4016,14,1,0.0,0.0,1,26,0.0,6.7136,21,6,1.5,1.4088,11,11,lane_R,0.0,0.2044,13,14,lane_R,1.0,1.0
00GYPYPYUQQY,651,32.6,1,x-bow,x_bow,building,2.5,19.5,witch,1.42,witch,8,0.0,0.0,26,0.0,0.0,1,26,0.0,0.0,1,26,0.5,0.5,11,16,0.0,0.0,1,26,0.0,0.0,1,26,0.0,0.0,1,26,0.0,0.0,1,26,0.0,0.0,1,26,0.9616,1.0,9,0,0.0,0.0,1,26,0.0,0.0,3,24,0.0,0.0,1,26,1.0565,2.1608,23,0,1.4616,1.5,9,0,g9_18,0.9616,1.0,9,0,corner,0.0,0.0,0.0,0.0,4,23,0.0,0.0,1,26,0.5,0.5,11,16,0.0,0.0,1,26,0.0,0.0,1,26,0.0,0.0,1,26,0.0,0.0,1,26,0.0,0.0,1,26,0.9616,1.0,9,0,0.0,0.0,1,26,0.0,0.0,4,23,0.0,0.0,1,26,1.0565,2.1608,23,0,1.4616,1.5,11,0,g9_18,0.9616,1.0,9,0,corner,0.0,0.0
00GYPYPYUQQY,1031,51.6,1,tesla,tesla,building,9.0,21.0,elixir_golem,6.96,elixir_golem,7,0.0,0.0,26,1.0,0.0,1,3,-0.0,-0.0,1,20,0.5,0.0,1,17,0.0,0.0,1,26,0.0,0.0,1,26,0.0,0.0,1,26,0.0,0.0,1,26,0.1375,0.1375,1,26,0.0,0.0,1,26,0.0,0.0,1,26,0.6108,0.0,7,1,-0.0,-0.0,1,26,5.0,12.096,14,2,1.6375,0.1375,1,2,tesla_modal,0.75,0.0,1,2,tesla_modal,0.1375,0.1375,1.0,0.0,1,3,0.0,0.0,1,26,0.5,0.0,1,17,0.0,0.0,1,26,0.0,0.0,1,26,0.0,0.0,1,26,0.0,0.0,1,26,0.1375,0.1375,1,26,0.0,0.0,1,26,0.0,0.0,1,26,0.4511,0.0,7,1,0.0,0.0,1,26,5.0,12.096,14,2,1.6375,0.1375,1,2,tesla_modal,0.75,0.0,1,2,tesla_modal,0.1375,0.1375
00GYPYPYUQQY,1931,96.6,1,x-bow,x_bow,building,14.5,19.5,,0.0,,0,0.0,0.0,26,0.0,0.0,1,26,0.0,0.0,1,26,0.5,0.0,1,17,0.0,0.0,1,26,0.0,0.0,1,26,0.0,0.0,1,26,0.0,0.0,1,26,0.0,0.0,1,26,1.0,1.0,1,8,0.0,0.0,1,26,0.0,0.0,1,26,0.0,0.0,1,26,0.0,0.0,1,26,1.5,1.0,1,3,bow_modal_R,1.0,1.0,1,8,corner,0.0,0.0,0.0,0.0,1,26,0.0,0.0,1,26,0.5,0.0,1,17,0.0,0.0,1,26,0.0,0.0,1,26,0.0,0.0,1,26,0.0,0.0,1,26,0.0,0.0,1,26,1.0,1.0,1,8,0.0,0.0,1,26,0.0,0.0,1,26,0.0,0.0,1,26,0.0,0.0,1,26,1.5,1.0,1,3,bow_modal_R,1.0,1.0,1,8,corner,0.0,0.0
00GYPYPYUQQY,2257,112.9,1,tesla,tesla,building,9.0,21.0,elixir_golem,9.72,elixir_golem,4,0.0,0.0,26,1.0,1.0,1,10,-0.0,-0.0,1,20,0.5,0.0,1,17,0.0,0.0,1,26,0.0,0.0,1,26,0.0,0.0,1,26,0.0,0.0,1,26,0.0,0.0,1,26,0.0,0.0,1,26,0.0,0.0,1,26,0.0,1.0,6,21,-0.0,-0.0,1,26,2.6171,2.316,14,1,1.5,1.0,1,4,tesla_modal,0.75,0.5,1,4,tesla_modal,0.0,0.0,0.6303,0.4798,5,1,0.0,0.0,1,26,0.5,0.0,1,17,0.0,0.0,1,26,0.0,0.0,1,26,0.0,0.0,1,26,0.0,0.0,1,26,0.0,0.0,1,26,0.0,0.0,1,26,0.0,0.0,1,26,0.0,0.8722,6,21,0.0,0.0,1,26,2.6171,2.316,14,1,1.1303,0.4798,4,1,knight_cell,0.4728,0.2399,5,1,knight_cell,0.0,0.0
00JYPQQ8UCVL,642,32.1,1,tesla,tesla,building,8.0,21.0,balloon,8.53,balloon,2,0.0,0.0,26,1.0,0.45,1,5,-0.0,-1.0,1,20,1.0,0.5,1,8,0.0,0.0,1,26,0.0,0.0,1,26,0.0,0.0,1,26,0.0,0.0,1,26,0.8955,0.8955,1,26,0.0,0.0,1,26,0.0,0.0,1,26,0.5848,1.0,8,0,-0.0,-0.0,1,26,4.9571,0.0,18,0,2.8955,0.8455,1,3,centre,1.0,0.0375,1,3,centre,0.8955,0.8955,1.0,0.0,1,4,0.0,0.0,1,26,1.0,0.5,1,8,0.0,0.0,1,26,0.0,0.0,1,26,0.0,0.0,1,26,0.0,0.0,1,26,0.8955,0.8955,1,26,0.0,0.0,1,26,0.0,0.0,1,26,0.3251,0.673,8,0,0.0,0.0,1,26,4.9571,0.0,18,0,2.8955,1.3955,1,3,centre,1.0,0.0,1,3,centre,0.8955,0.8955
00JYPQQ8UCVL,1411,70.6,1,x-bow,x_bow,building,9.5,21.5,mega_knight,17.43,mega_knight,1,0.0,0.0,26,1.0,0.6,1,3,-0.0,-0.3636,1,19,1.0,0.5,1,8,0.0,0.0,1,26,0.0,0.0,1,26,0.0,0.0,1,26,0.0,0.0,1,26,0.0,0.0,1,26,0.0,1.0,9,18,0.0,0.0,1,26,0.0,0.0,1,26,-0.0,-0.0,1,26,5.4,1.4,13,0,2.0,1.7364,2,2,g9_18,1.0,0.7,1,6,tesla_modal,0.0,0.0,0.9875,0.6167,4,0,-0.0,-0.3538,1,19,1.0,0.5,1,8,0.0,0.0,1,26,0.0,0.0,1,26,0.0,0.0,1,26,0.0,0.0,1,26,0.0,0.0,1,26,0.0,1.0,9,18,0.0,0.0,1,26,0.0,0.0,1,26,-0.0,-0.0,1,26,5.4,1.4,13,0,1.9875,1.7628,4,0,g9_18,0.9875,0.7,7,0,tesla_modal,0.0,0.0
00JYPQQ8UCVL,1856,92.8,1,tesla,tesla,building,8.0,22.0,inferno_dragon,3.63,inferno_dragon,3,0.0,0.0,26,0.0,0.0,4,23,0.0,0.0,1,26,1.0,0.5,1,8,0.0,0.0,1,26,0.0,0.0,1,26,0.0,0.0,1,26,0.0,0.0,1,26,1.0,1.0,1,26,0.0,0.0,1,26,0.0,0.0,1,26,0.0,0.0,5,22,0.0,0.0,1,26,3.6328,10.3943,19,0,2.0,1.5,3,6,g9_22,0.0,0.0,4,23,bow_modal_R,1.0,1.0,0.0,0.0,4,23,0.0,0.0,1,26,1.0,0.5,1,8,0.0,0.0,1,26,0.0,0.0,1,26,0.0,0.0,1,26,0.0,0.0,1,26,1.0,1.0,1,26,0.0,0.0,1,26,0.0,0.0,1,26,0.0,0.0,6,21,0.0,0.0,1,26,3.6328,10.3943,19,0,2.0,1.5,4,6,g9_22,0.0,0.0,4,23,bow_modal_R,1.0,1.0
00JYPQQ8UCVL,2766,138.3,1,x-bow,x_bow,building,9.5,22.5,ice_wizard,8.26,ice_wizard,3,0.0,0.0,26,0.0,0.0,1,26,0.0,0.0,1,26,1.0,0.5,1,8,0.0,0.0,1,26,0.0,0.0,1,26,0.0,0.0,1,26,0.0,0.0,1,26,0.0,0.0,1,26,0.0,1.0,9,18,0.0,0.0,1,26,0.0,0.0,4,23,0.0,0.0,1,26,3.3321,11.0009,21,0,1.0,1.5,9,8,g9_18,0.0,1.0,9,18,corner,0.0,0.0,0.0,0.0,4,23,0.0,0.0,1,26,1.0,0.5,1,8,0.0,0.0,1,26,0.0,0.0,1,26,0.0,0.0,1,26,0.0,0.0,1,26,0.0,0.0,1,26,0.0,1.0,9,18,0.0,0.0,1,26,0.0,0.0,6,21,0.0,0.0,1,26,3.3321,11.0009,21,0,1.0,1.5,11,6,g9_18,0.0,1.0,11,16,corner,0.0,0.0
00JYPQQ8UCVL,2878,143.9,1,tesla,tesla,building,10.0,20.0,dark_prince,2.42,dark_prince,4,0.0,0.0,26,0.4784,0.0,11,0,-0.4741,-0.0,27,0,0.9951,0.5,9,0,0.0,0.0,1,26,0.0,0.0,1,26,0.0,0.0,1,26,0.0,0.0,1,26,1.0,1.0,1,26,0.0,0.0,1,26,0.0,0.0,1,26,1.0,0.0,1,6,-0.0,-0.0,1,24,1.1569,9.7854,27,0,1.9994,1.5,14,0,centre,0.1773,0.0,10,0,centre,1.0,1.0,0.0,0.0,4,23,0.0,0.0,1,26,0.9951,0.5,9,0,0.0,0.0,1,26,0.0,0.0,1,26,0.0,0.0,1,26,0.0,0.0,1,26,1.0,1.0,1,26,0.0,0.0,1,26,0.0,0.0,1,26,0.0,0.0,7,20,0.0,0.0,1,26,1.1569,9.7854,27,0,1.9951,1.5,9,0,centre,0.0,0.0,4,23,centre,1.0,1.0
00JYPQQ8UCVL,3343,167.2,1,tesla,tesla,building,8.0,21.0,ice_wizard,5.76,ice_wizard,3,0.0,0.0,26,0.0,0.0,2,25,0.0,0.0,1,26,1.0,0.5,1,8,0.0,0.0,1,26,0.0,0.0,1,26,0.0,0.0,1,26,0.0,0.0,1,26,1.0,1.0,1,26,0.0,0.0,1,26,0.0,0.0,1,26,0.0,0.0,4,23,0.0,0.0,1,26,5.4932,11.7725,12,0,2.0,1.5,2,7,g9_22,0.0,0.0,2,25,g9_22,1.0,1.0,0.0,0.0,4,23,0.0,0.0,1,26,1.0,0.5,1,8,0.0,0.0,1,26,0.0,0.0,1,26,0.0,0.0,1,26,0.0,0.0,1,26,1.0,1.0,1,26,0.0,0.0,1,26,0.0,0.0,1,26,0.0,0.0,5,22,0.0,0.0,1,26,5.4932,11.7725,12,0,2.0,1.5,3,6,g9_22,0.0,0.0,4,23,g9_22,1.0,1.0
00JYPQQ8UCVL,3416,170.8,1,x-bow,x_bow,building,10.5,22.5,dark_prince,6.9,dark_prince,2,0.0,0.0,26,1.0,0.0,1,6,-0.0,-0.0,1,23,1.0,0.5,1,8,0.0,0.0,1,26,0.0,0.0,1,26,0.0,0.0,1,26,0.0,0.0,1,26,1.0,1.0,1,26,0.0,1.0,9,18,0.0,0.0,1,26,0.0,0.0,7,20,-0.0,-0.0,1,26,3.2371,10.4181,21,0,3.0,2.5,3,3,g9_18,1.0,1.0,1,9,corner,1.0,1.0,0.0,0.0,3,24,0.0,0.0,1,26,1.0,0.5,1,8,0.0,0.0,1,26,0.0,0.0,1,26,0.0,0.0,1,26,0.0,0.0,1,26,0.0,0.0,1,26,0.0,1.0,9,18,0.0,0.0,1,26,0.0,0.0,6,21,0.0,0.0,1,26,3.2371,10.4181,21,0,1.0,1.5,11,6,g9_18,0.0,1.0,11,16,corner,0.0,0.0
00JYPQQ9V8UY,611,30.6,1,x-bow,x_bow,building,15.5,19.5,baby_dragon,21.0,baby_dragon,1,0.0,0.0,26,0.0,0.0,4,23,0.0,0.0,1,26,0.5,0.5,11,16,0.0,0.0,1,26,0.0,0.0,1,26,0.0,0.0,1,26,0.0,0.0,1,26,0.0,0.0,1,26,0.9616,1.0,9,0,0.0,0.0,1,26,0.0,0.0,1,26,0.0,0.0,1,26,12.0515,0.5163,2,0,1.4616,1.5,11,0,g9_18,0.9616,1.0,11,0,corner,0.0,0.0,0.0,0.0,4,23,0.0,0.0,1,26,0.5,0.5,11,16,0.0,0.0,1,26,0.0,0.0,1,26,0.0,0.0,1,26,0.0,0.0,1,26,0.0,0.0,1,26,0.9616,1.0,9,0,0.0,0.0,1,26,0.0,0.0,1,26,0.0,0.0,1,26,12.0515,0.5163,2,0,1.4616,1.5,11,0,g9_18,0.9616,1.0,11,0,corner,0.0,0.0
00JYPQQ9V8UY,712,35.6,1,tesla,tesla,building,9.0,20.0,electro_giant,6.57,electro_giant,2,0.0,0.0,26,1.0,0.0,1,3,-0.0,-0.0,1,21,1.0,0.5,1,8,0.0,0.0,1,26,0.0,0.0,1,26,0.0,0.0,1,26,0.0,0.0,1,26,0.6,0.6,1,26,0.0,0.0,1,26,0.0,0.0,1,26,1.0,0.0,1,6,-0.0,-0.0,1,26,5.8873,12.7382,20,0,2.6,1.1,1,2,tesla_modal,1.0,0.0,1,2,tesla_modal,0.6,0.6,1.0,0.0,1,3,0.0,0.0,1,26,1.0,0.5,1,8,0.0,0.0,1,26,0.0,0.0,1,26,0.0,0.0,1,26,0.0,0.0,1,26,0.6,0.6,1,26,0.0,0.0,1,26,0.0,0.0,1,26,1.0,0.0,1,5,0.0,0.0,1,26,5.8873,12.7382,20,0,2.6,1.1,1,2,tesla_modal,1.0,0.0,1,2,tesla_modal,0.6,0.6
00JYPQQ9V8UY,1865,93.3,1,tesla,tesla,building,9.0,19.0,baby_dragon,6.51,baby_dragon,1,0.0,0.0,26,0.0,0.0,7,20,0.0,0.0,1,26,0.4951,0.5,17,0,0.0,0.0,1,26,0.0,0.0,1,26,0.0,0.0,1,26,0.0,0.0,1,26,0.3538,0.3538,1,26,0.0,0.0,1,26,0.0,0.0,1,26,0.4941,0.0,6,0,0.0,0.0,1,26,2.4531,9.7662,16,0,0.8489,0.8538,19,0,lane,0.0,0.0,7,20,g15_26,0.3538,0.3538,0.264,0.0,6,0,0.0,0.0,1,26,0.4951,0.5,17,0,0.0,0.0,1,26,0.0,0.0,1,26,0.0,0.0,1,26,0.0,0.0,1,26,0.3538,0.3538,1,26,0.0,0.0,1,26,0.0,0.0,1,26,0.5097,0.0,6,0,0.0,0.0,1,26,2.4531,9.7662,16,0,1.1129,0.8538,4,0,lane,0.1974,0.0,6,0,g15_26,0.3538,0.3538
00JYPQQ9V8UY,2452,122.6,1,x-bow,x_bow,building,2.5,19.5,,0.0,,0,0.0,0.0,26,0.0,0.0,1,26,0.0,0.0,1,26,0.5,0.5,1,16,0.0,0.0,1,26,0.0,0.0,1,26,0.0,0.0,1,26,0.0,0.0,1,26,0.0,0.0,1,26,0.9616,1.0,9,0,0.0,0.0,1,26,0.0,0.0,1,26,0.0,0.0,1,26,0.0,0.0,1,26,1.4616,1.5,5,0,corner,0.9616,1.0,9,0,corner,0.0,0.0,0.0,0.0,1,26,0.0,0.0,1,26,0.5,0.5,1,16,0.0,0.0,1,26,0.0,0.0,1,26,0.0,0.0,1,26,0.0,0.0,1,26,0.0,0.0,1,26,0.9616,1.0,9,0,0.0,0.0,1,26,0.0,0.0,1,26,0.0,0.0,1,26,0.0,0.0,1,26,1.4616,1.5,5,0,corner,0.9616,1.0,9,0,corner,0.0,0.0
00JYPQQ9V8UY,2654,132.7,1,tesla,tesla,building,9.0,21.0,electro_giant,5.86,electro_giant,3,0.0,0.0,26,1.0,0.5069,1,2,-0.0,-0.4483,1,19,0.5,0.5,1,16,0.0,0.0,1,26,0.0,0.0,1,26,0.0,0.0,1,26,0.0,0.0,1,26,1.0,1.0,1,26,0.0,0.0,1,26,0.0,0.0,1,26,1.0,0.5562,1,4,-0.0,-0.4035,1,22,5.1784,1.2138,15,1,2.5,1.5586,1,1,tesla_modal,0.75,0.0802,1,1,tesla_modal,1.0,1.0,1.0,0.0,1,2,0.0,0.0,1,26,0.5,0.5,1,16,0.0,0.0,1,26,0.0,0.0,1,26,0.0,0.0,1,26,0.0,0.0,1,26,1.0,1.0,1,26,0.0,0.0,1,26,0.0,0.0,1,26,1.0,0.0,1,3,0.0,0.0,1,26,5.1784,1.2138,15,1,2.5,1.5,1,1,tesla_modal,0.75,0.0,1,1,tesla_modal,1.0,1.0
00JYPQQ9V8UY,3214,160.7,1,tesla,tesla,building,9.0,19.0,goblin_brawler,5.69,goblin_brawler,5,0.0,0.0,26,1.0,0.0,1,7,-0.0,-0.0,1,19,0.4951,0.5,17,0,0.0,0.0,1,26,0.0,0.0,1,26,0.0,0.0,1,26,0.0,0.0,1,26,0.0,0.0,1,26,0.0,0.0,1,26,0.0,0.0,1,26,0.0,0.0,4,23,-0.0,-0.0,1,26,3.3964,10.4985,13,0,1.4951,0.5,4,0,centre,0.7476,0.0,4,0,centre,0.0,0.0,0.926,0.0,3,0,0.0,0.0,1,26,0.4951,0.5,17,0,0.0,0.0,1,26,0.0,0.0,1,26,0.0,0.0,1,26,0.0,0.0,1,26,0.0,0.0,1,26,0.0,0.0,1,26,0.0,0.0,1,26,0.0,0.0,4,23,0.0,0.0,1,26,3.3964,10.4985,13,0,1.4211,0.5,1,0,g9_18,0.6922,0.0,1,0,g9_18,0.0,0.0
00JYPQYYV0JV,727,36.4,1,tesla,tesla,building,9.0,20.0,witch,5.43,witch,9,0.0,0.0,26,0.0,0.0,2,25,0.0,0.0,1,26,1.0,0.5,1,8,0.0,0.0,1,26,0.0,0.0,1,26,0.0,0.0,1,26,0.0,0.0,1,26,1.0,1.0,1,26,0.0,0.0,1,26,0.0,0.0,1,26,0.4645,0.0,2,0,0.0,0.0,1,26,3.7345,1.4059,18,0,2.0,1.5,1,8,centre,0.0,0.0,2,25,g9_18,1.0,1.0,0.1964,0.0,2,0,0.0,0.0,1,26,1.0,0.5,1,8,0.0,0.0,1,26,0.0,0.0,1,26,0.0,0.0,1,26,0.0,0.0,1,26,1.0,1.0,1,26,0.0,0.0,1,26,0.0,0.0,1,26,1.0,0.0,1,1,0.0,0.0,1,26,3.7345,1.4059,18,0,2.1964,1.5,1,0,g9_18,0.1964,0.0,2,0,g9_18,1.0,1.0
00JYPQYYV0JV,1321,66.1,1,tesla,tesla,building,9.0,22.0,elixir_golem,6.85,elixir_golem,6,0.0,0.0,26,1.0,0.85,1,3,-0.0,-0.1667,1,19,1.0,0.5,1,8,0.0,0.0,1,26,0.0,0.0,1,26,0.0,0.0,1,26,0.0,0.0,1,26,1.0,1.0,1,26,0.0,0.0,1,26,0.0,0.0,1,26,1.0,1.0,1,7,-0.0,-0.0,1,24,5.0,1.5,15,3,3.0,2.1833,1,2,tesla_modal,1.0,0.4708,1,2,tesla_modal,1.0,1.0,1.0,0.0718,1,3,0.0,0.0,1,26,1.0,0.5,1,8,0.0,0.0,1,26,0.0,0.0,1,26,0.0,0.0,1,26,0.0,0.0,1,26,1.0,1.0,1,26,0.0,0.0,1,26,0.0,0.0,1,26,1.0,0.3293,1,4,0.0,0.0,1,26,5.0,1.5,15,3,3.0,1.5718,1,2,tesla_modal,1.0,0.0538,1,2,tesla_modal,1.0,1.0
00JYPQYYV0JV,2166,108.3,1,x-bow,x_bow,building,2.5,19.5,,0.0,,0,0.0,0.0,26,0.0,0.0,1,26,0.0,0.0,1,26,0.5,0.5,11,16,0.0,0.0,1,26,0.0,0.0,1,26,0.0,0.0,1,26,0.0,0.0,1,26,0.0,0.0,1,26,0.9616,1.0,9,0,0.0,0.0,1,26,0.0,0.0,1,26,0.0,0.0,1,26,0.0,0.0,1,26,1.4616,1.5,9,0,g9_18,0.9616,1.0,9,0,corner,0.0,0.0,0.0,0.0,1,26,0.0,0.0,1,26,0.5,0.5,11,16,0.0,0.0,1,26,0.0,0.0,1,26,0.0,0.0,1,26,0.0,0.0,1,26,0.0,0.0,1,26,0.9616,1.0,9,0,0.0,0.0,1,26,0.0,0.0,1,26,0.0,0.0,1,26,0.0,0.0,1,26,1.4616,1.5,9,0,g9_18,0.9616,1.0,9,0,corner,0.0,0.0
00JYPQYYV0JV,2511,125.6,1,tesla,tesla,building,7.0,21.0,elixir_golemite,3.29,elixir_golemite,5,0.0,0.0,26,0.0,0.0,4,23,-0.0,-0.0,1,23,0.9179,0.5,9,0,0.0,0.0,1,26,0.0,0.0,1,26,0.0,0.0,1,26,0.0,0.0,1,26,1.0,1.0,1,26,0.0,0.0,1,26,0.0,0.0,1,26,0.0,0.0,4,23,-0.0,-0.0,1,24,3.2866,2.8603,21,0,1.9179,1.5,10,0,bow_modal_L,0.0,0.0,3,22,bow_modal_L,1.0,1.0,0.0,0.0,4,23,-0.0,-0.0,1,23,0.9179,0.5,9,0,0.0,0.0,1,26,0.0,0.0,1,26,0.0,0.0,1,26,0.0,0.0,1,26,1.0,1.0,1,26,0.0,0.0,1,26,0.0,0.0,1,26,0.0,0.0,4,23,-0.0,-0.0,1,24,3.2866,2.8603,21,0,1.9179,1.5,10,0,bow_modal_L,0.0,0.0,3,22,bow_modal_L,1.0,1.0
00JYPQYYV0JV,2756,137.8,1,x-bow,x_bow,building,15.5,19.5,skeleton_army,4.78,skeleton_army,26,0.0,0.0,26,0.0,0.0,1,26,-0.0,-0.0,1,25,0.5,0.5,11,16,0.0,0.0,1,26,0.0,0.0,1,26,0.0,0.0,1,26,0.0,0.0,1,26,0.0,0.0,1,26,0.9616,1.0,9,0,0.0,0.0,1,26,0.0,0.0,1,26,-0.0,-0.0,1,25,4.6768,12.2323,13,0,1.4616,1.5,9,0,g9_18,0.9616,1.0,9,0,corner,0.0,0.0,0.0,0.0,1,26,-0.0,-0.0,1,24,0.5,0.5,11,16,0.0,0.0,1,26,0.0,0.0,1,26,0.0,0.0,1,26,0.0,0.0,1,26,0.0,0.0,1,26,0.9616,1.0,9,0,0.0,0.0,1,26,0.0,0.0,1,26,-0.0,-0.0,1,25,4.6768,12.2323,13,0,1.4616,1.5,9,0,g9_18,0.9616,1.0,9,0,corner,0.0,0.0
00JYPQYYV0JV,2946,147.3,1,tesla,tesla,building,9.0,20.0,witch,3.82,witch,2,0.0,0.0,26,0.0,0.3044,4,23,0.0,0.0,1,26,0.5,0.0,1,17,0.0,0.0,1,26,0.0,0.0,1,26,0.0,0.0,1,26,0.0,0.0,1,26,1.0,1.0,1,26,0.0,0.0,1,26,0.0,0.0,1,26,0.0,0.3044,4,23,0.0,0.0,1,26,3.8184,5.1087,15,0,1.5,1.3044,2,17,g9_18,0.0,0.1522,4,23,g9_18,1.0,1.0,0.2384,0.8835,5,0,0.0,0.0,1,26,0.5,0.0,1,17,0.0,0.0,1,26,0.0,0.0,1,26,0.0,0.0,1,26,0.0,0.0,1,26,1.0,1.0,1,26,0.0,0.0,1,26,0.0,0.0,1,26,0.2384,0.8835,6,0,0.0,0.0,1,26,3.8184,5.1087,15,0,1.7384,1.8835,3,0,g9_18,0.1788,0.4418,5,0,g9_18,1.0,1.0
00JYPQYYV0JV,3246,162.3,1,x-bow,x_bow,building,9.5,18.5,witch,5.17,witch,10,0.0,0.0,26,0.2831,0.2544,3,0,0.0,0.0,1,26,0.4992,0.0,18,0,0.0,0.0,1,26,0.0,0.0,1,26,0.0,0.0,1,26,0.0,0.0,1,26,0.0,0.0,1,26,1.0,1.0,1,8,0.0,0.0,1,26,0.2831,0.2544,3,0,0.0,0.0,1,26,5.0662,5.0087,11,0,1.7823,1.2544,1,0,g9_18,1.0,1.0,1,8,corner,0.0,0.0,0.8623,0.8335,3,0,0.0,0.0,1,26,0.4992,0.0,18,0,0.0,0.0,1,26,0.0,0.0,1,26,0.0,0.0,1,26,0.0,0.0,1,26,0.0562,0.0562,1,26,1.0,1.0,1,8,0.0,0.0,1,26,0.8623,0.8335,3,0,0.0,0.0,1,26,5.0662,5.0087,11,0,2.4177,1.8897,1,0,g9_18,1.0,1.0,1,8,corner,0.0562,0.0562
00JYPQYYV0JV,3328,166.4,1,tesla,tesla,building,9.0,23.0,witch,3.08,witch,11,0.0,0.0,26,0.0,0.3044,4,23,0.0,0.0,1,26,0.5,0.0,1,17,0.0,0.0,1,26,0.0,0.0,1,26,0.0,0.0,1,26,0.0,0.0,1,26,1.0,1.0,1,26,0.0,0.0,1,26,0.0,0.0,1,26,0.0,0.3044,4,23,0.0,0.0,1,26,2.3607,5.1087,20,0,1.5,1.3044,2,17,g9_18,0.0,0.1522,4,23,g9_18,1.0,1.0,0.0,0.8835,6,21,0.0,0.0,1,26,0.5,0.0,1,17,0.0,0.0,1,26,0.0,0.0,1,26,0.0,0.0,1,26,0.0,0.0,1,26,1.0,1.0,1,26,0.0,0.0,1,26,0.0,0.0,1,26,0.0,0.8835,8,19,0.0,0.0,1,26,2.3607,5.1087,20,0,1.5,1.8835,5,17,g9_18,0.0,0.4418,6,21,g9_18,1.0,1.0
00LYPLCUGYJ2,1391,69.6,1,x-bow,x_bow,building,2.5,19.5,,0.0,,0,0.0,0.0,26,0.0,0.0,1,26,0.0,0.0,1,26,0.5,0.5,11,16,0.0,0.0,1,26,0.0,0.0,1,26,0.0,0.0,1,26,0.0,0.0,1,26,0.0,0.0,1,26,0.9616,1.0,9,0,0.0,0.0,1,26,0.0,0.0,1,26,0.0,0.0,1,26,0.0,0.0,1,26,1.4616,1.5,9,0,g9_18,0.9616,1.0,9,0,corner,0.0,0.0,0.0,0.0,1,26,0.0,0.0,1,26,0.5,0.5,11,16,0.0,0.0,1,26,0.0,0.0,1,26,0.0,0.0,1,26,0.0,0.0,1,26,0.0,0.0,1,26,0.9616,1.0,9,0,0.0,0.0,1,26,0.0,0.0,1,26,0.0,0.0,1,26,0.0,0.0,1,26,1.4616,1.5,9,0,g9_18,0.9616,1.0,9,0,corner,0.0,0.0
00LYPLCUGYJ2,2133,106.7,1,tesla,tesla,building,11.0,18.0,princess,5.02,princess,1,0.0,0.0,26,0.0,0.0,1,26,0.0,0.0,1,26,0.5,0.5,9,17,0.0,0.0,1,26,0.0,0.0,1,26,0.0,0.0,1,26,0.0,0.0,1,26,0.292,0.292,1,26,0.0,0.0,1,26,0.0,0.0,1,26,0.0,0.0,3,24,0.0,0.0,1,26,3.0,12.5,20,0,0.792,0.792,9,17,centre,0.0,0.0,1,26,corner,0.292,0.292,0.0,0.0,4,23,0.0,0.0,1,26,0.5,0.5,9,17,0.0,0.0,1,26,0.0,0.0,1,26,0.0,0.0,1,26,0.0,0.0,1,26,0.292,0.292,1,26,0.0,0.0,1,26,0.0,0.0,1,26,0.8758,0.0,2,0,0.0,0.0,1,26,3.0,12.5,20,0,0.792,0.792,10,17,tesla_modal,0.0,0.0,4,23,tesla_modal,0.292,0.292
00LYPLCUGYJ2,2265,113.3,1,x-bow,x_bow,building,13.5,19.5,,0.0,,0,0.0,0.0,26,0.0,0.0,1,26,0.0,0.0,1,26,0.5,0.5,11,16,0.0,0.0,1,26,0.0,0.0,1,26,0.0,0.0,1,26,0.0,0.0,1,26,0.0,0.0,1,26,0.9616,1.0,9,0,0.0,0.0,1,26,0.0,0.0,1,26,0.0,0.0,1,26,0.0,0.0,1,26,1.4616,1.5,9,0,g9_18,0.9616,1.0,9,0,corner,0.0,0.0,0.0,0.0,1,26,0.0,0.0,1,26,0.5,0.5,11,16,0.0,0.0,1,26,0.0,0.0,1,26,0.0,0.0,1,26,0.0,0.0,1,26,0.0,0.0,1,26,0.9616,1.0,9,0,0.0,0.0,1,26,0.0,0.0,1,26,0.0,0.0,1,26,0.0,0.0,1,26,1.4616,1.5,9,0,g9_18,0.9616,1.0,9,0,corner,0.0,0.0
00LYPLCUGYJ2,2863,143.2,1,tesla,tesla,building,10.0,18.0,skeleton_army,3.1,skeleton_army,17,0.0,0.0,26,1.0,0.0,1,8,-0.0,-0.0,1,20,0.0251,0.5,18,0,0.0,0.0,1,26,0.0,0.0,1,26,0.0,0.0,1,26,0.0,0.0,1,26,1.0,1.0,1,26,0.0,0.0,1,26,0.0,0.0,1,26,1.0,0.0,1,6,-0.0,-0.0,1,25,2.4999,10.259,16,0,2.0251,1.5,5,0,centre,0.5125,0.0,5,0,centre,1.0,1.0,1.0,0.0,1,5,-0.0,-0.0,1,16,0.0251,0.5,18,0,0.0,0.0,1,26,0.0,0.0,1,26,0.0,0.0,1,26,0.0,0.0,1,26,1.0,1.0,1,26,0.0,0.0,1,26,0.0,0.0,1,26,1.0,0.0,1,5,-0.0,-0.0,1,24,2.4999,10.259,16,0,2.0251,1.5,5,0,tesla_modal,0.5125,0.0,5,0,tesla_modal,1.0,1.0
00LYPLCUGYJ2,3191,159.6,1,x-bow,x_bow,building,8.5,21.5,princess,11.5,princess,2,0.0,0.0,26,0.0,0.0,1,26,0.0,0.0,1,26,0.5,0.5,1,16,0.0,0.0,1,26,0.0,0.0,1,26,0.0,0.0,1,26,0.0,0.0,1,26,0.0,0.0,1,26,0.0,1.0,9,18,0.0,0.0,1,26,0.0,0.3489,5,22,0.0,0.0,1,26,6.8273,2.6558,19,0,0.5,1.5,9,12,corner,0.0,1.0,9,18,corner,0.0,0.0,0.5343,0.0,4,0,0.0,0.0,1,26,0.5,0.5,1,16,0.0,0.0,1,26,0.0,0.0,1,26,0.0,0.0,1,26,0.0,0.0,1,26,0.87,0.87,1,26,0.0,1.0,9,18,0.0,0.0,1,26,0.0,0.0,1,26,0.0,0.0,1,26,6.8273,2.6558,19,0,1.9043,2.37,8,0,g9_18,0.4007,1.0,11,0,corner,0.87,0.87
00LYPLCUGYJ2,3305,165.3,1,tesla,tesla,building,9.0,18.0,skeleton_army,3.06,skeleton_army,18,0.0,0.0,26,1.0,0.0,1,11,-0.0,-0.0,1,24,0.2332,0.5,17,1,0.0,0.0,1,26,0.0,0.0,1,26,0.0,0.0,1,26,0.0,0.0,1,26,1.0,1.0,1,26,0.0,0.0,1,26,0.0,0.0,1,26,1.0,0.0,1,9,-0.0,-0.0,1,26,2.0032,7.1158,22,1,2.2332,1.5,7,1,lane,0.6166,0.0,6,1,lane,1.0,1.0,0.9766,0.0,9,1,-0.0228,-0.0,22,1,0.2332,0.5,17,1,0.0,0.0,1,26,0.0,0.0,1,26,0.0,0.0,1,26,0.0,0.0,1,26,1.0,1.0,1,26,0.0,0.0,1,26,0.0,0.0,1,26,1.0,0.0,1,6,-0.0,-0.0,1,23,2.0032,7.1158,22,1,2.187,1.5,6,1,lane,0.5793,0.0,5,1,lane,1.0,1.0
00LYPLCV08L9,1101,55.1,1,tesla,tesla,building,9.0,22.0,mini_pekka,6.03,mini_pekka,3,0.0,0.0,26,0.0,0.0,6,21,-0.0,-0.0,1,20,1.0,0.5,1,8,0.0,0.0,1,26,0.0,0.0,1,26,0.0,0.0,1,26,0.0,0.0,1,26,1.0,1.0,1,26,0.0,0.0,1,26,0.0,0.0,1,26,0.0,0.0,6,21,-0.0,-0.0,1,22,5.2412,12.9771,15,1,2.0,1.5,1,8,centre,0.0,0.0,4,20,corner_R,1.0,1.0,0.0,0.0,1,26,0.0,0.0,1,26,1.0,0.5,1,8,0.0,0.0,1,26,0.0,0.0,1,26,0.0,0.0,1,26,0.0,0.0,1,26,1.0,1.0,1,26,0.0,0.0,1,26,0.0,0.0,1,26,0.0,0.0,2,25,0.0,0.0,1,26,5.2412,12.9771,15,1,2.0,1.5,1,8,centre,0.0,0.0,1,26,corner,1.0,1.0
00LYPLCV08L9,2285,114.3,1,tesla,tesla,building,9.0,21.0,wizard,13.58,wizard,1,0.0,0.0,26,0.0,0.0,2,25,0.0,0.0,1,26,0.5,0.5,1,16,0.0,0.0,1,26,0.0,0.0,1,26,0.0,0.0,1,26,0.0,0.0,1,26,0.0,0.0,1,26,0.0,0.0,1,26,0.0,0.0,1,26,0.0,0.0,1,26,0.0,0.0,1,26,2.6171,10.4985,14,1,0.5,0.5,2,15,lane,0.0,0.0,2,25,lane,0.0,0.0,0.0,0.0,4,23,0.0,0.0,1,26,0.5,0.5,1,16,0.0,0.0,1,26,0.0,0.0,1,26,0.0,0.0,1,26,0.0,0.0,1,26,0.0,0.0,1,26,0.0,0.0,1,26,0.0,0.0,1,26,0.0,0.0,1,26,0.0,0.0,1,26,2.6171,10.4985,14,1,0.5,0.5,2,15,lane,0.0,0.0,4,23,lane,0.0,0.0
00LYPLCV08L9,2818,140.9,1,x-bow,x_bow,building,2.5,19.5,mini_pekka,11.18,mini_pekka,2,0.0,0.0,26,0.0,0.0,13,14,-0.0,-0.0,1,22,0.5,0.5,1,16,0.0,0.0,1,26,0.0,0.0,1,26,0.0,0.0,1,26,0.0,0.0,1,26,0.0,0.0,1,26,0.9616,1.0,9,0,0.0,0.0,1,26,0.0,0.0,13,14,-0.0,-0.0,1,23,11.0303,11.9846,11,0,1.4616,1.5,8,0,g9_18,0.9616,1.0,6,0,corner,0.0,0.0,0.0,0.0,9,18,0.0,0.0,1,26,0.5,0.5,1,16,0.0,0.0,1,26,0.0,0.0,1,26,0.0,0.0,1,26,0.0,0.0,1,26,0.0,0.0,1,26,0.9616,1.0,9,0,0.0,0.0,1,26,0.0,0.0,10,17,0.0,0.0,1,26,11.0303,11.9846,11,0,1.4616,1.5,9,0,g9_18,0.9616,1.0,9,0,corner,0.0,0.0
00LYPLCV08L9,3225,161.3,1,x-bow,x_bow,building,2.5,19.5,wizard,10.17,wizard,2,0.0,0.0,26,0.0,0.0,4,23,0.0,0.0,1,26,0.5,0.5,1,16,0.0,0.0,1,26,0.0,0.0,1,26,0.0,0.0,1,26,0.0,0.0,1,26,0.0,0.0,1,26,0.9616,1.0,9,0,0.0,0.0,1,26,0.0,0.0,4,23,0.0,0.0,1,26,10.0683,11.217,7,0,1.4616,1.5,5,0,corner,0.9616,1.0,9,0,corner,0.0,0.0,0.0,0.0,8,19,0.0,0.0,1,26,0.5,0.5,1,16,0.0,0.0,1,26,0.0,0.0,1,26,0.0,0.0,1,26,0.0,0.0,1,26,0.0,0.0,1,26,0.9616,1.0,9,0,0.0,0.0,1,26,0.0,0.0,9,18,0.0,0.0,1,26,10.0683,11.217,7,0,1.4616,1.5,6,0,g9_18,0.9616,1.0,9,0,corner,0.0,0.0
00LYPLCV08L9,3476,173.8,1,tesla,tesla,building,11.0,18.0,sparky,1.21,sparky,2,0.0,0.0,26,0.0,0.0,3,24,0.0,0.0,1,26,0.0,0.5,18,9,0.0,0.0,1,26,0.0,0.0,1,26,0.0,0.0,1,26,0.0,0.0,1,26,1.0,1.0,1,26,0.0,0.0,1,26,0.0,0.0,1,26,0.0,0.0,6,21,0.0,0.0,1,26,1.7102,10.2786,22,0,1.0,1.5,19,8,lane,0.0,0.0,3,24,lane,1.0,1.0,0.0,0.0,5,22,0.0,0.0,1,26,0.0,0.5,18,9,0.0,0.0,1,26,0.0,0.0,1,26,0.0,0.0,1,26,0.0,0.0,1,26,1.0,1.0,1,26,0.0,0.0,1,26,0.0,0.0,1,26,0.0,0.0,11,16,0.0,0.0,1,26,1.7102,10.2786,22,0,1.0,1.5,20,7,lane,0.0,0.0,5,22,lane,1.0,1.0
00LYPLCV92L0,966,48.3,1,tesla,tesla,building,9.0,21.0,executioner,9.29,executioner,1,0.0,0.0,26,0.75,0.0,1,3,0.0,0.0,1,26,1.0,0.5,1,8,0.0,0.0,1,26,0.0,0.0,1,26,0.0,0.0,1,26,0.0,0.0,1,26,0.0,0.0,1,26,0.0,0.0,1,26,0.0,0.0,1,26,0.0,0.0,4,23,0.0,0.0,1,26,5.0,12.5,14,3,1.75,0.5,1,2,tesla_modal,0.75,0.0,1,2,tesla_modal,0.0,0.0,1.0,0.0,1,3,0.0,0.0,1,26,1.0,0.5,1,8,0.0,0.0,1,26,0.0,0.0,1,26,0.0,0.0,1,26,0.0,0.0,1,26,0.0,0.0,1,26,0.0,0.0,1,26,0.0,0.0,1,26,0.0,0.0,4,23,0.0,0.0,1,26,5.0,12.5,14,3,2.0,0.5,1,2,tesla_modal,1.0,0.0,1,2,tesla_modal,0.0,0.0
00LYPLCV92L0,1281,64.1,1,x-bow,x_bow,building,2.5,19.5,,0.0,,0,0.0,0.0,26,0.0,0.0,1,26,0.0,0.0,1,26,0.5,0.5,11,16,0.0,0.0,1,26,0.0,0.0,1,26,0.0,0.0,1,26,0.0,0.0,1,26,0.0,0.0,1,26,0.9616,1.0,9,0,0.0,0.0,1,26,0.0,0.0,1,26,0.0,0.0,1,26,0.0,0.0,1,26,1.4616,1.5,9,0,g9_18,0.9616,1.0,9,0,corner,0.0,0.0,0.0,0.0,1,26,0.0,0.0,1,26,0.5,0.5,11,16,0.0,0.0,1,26,0.0,0.0,1,26,0.0,0.0,1,26,0.0,0.0,1,26,0.0,0.0,1,26,0.9616,1.0,9,0,0.0,0.0,1,26,0.0,0.0,1,26,0.0,0.0,1,26,0.0,0.0,1,26,1.4616,1.5,9,0,g9_18,0.9616,1.0,9,0,corner,0.0,0.0
00LYPLCV92L0,1604,80.2,1,tesla,tesla,building,8.0,20.0,golden_knight,3.67,golden_knight,3,0.0,0.0,26,1.0,0.9045,1,3,-0.0,-0.0868,1,19,0.9951,0.5,9,0,0.0,0.0,1,26,0.0,0.0,1,26,0.0,0.0,1,26,0.0,0.0,1,26,1.0,1.0,1,26,0.0,0.0,1,26,0.0,0.0,1,26,1.0,0.9655,1,3,-0.0,-0.0314,1,21,3.5837,2.009,20,0,2.9951,2.3177,3,0,tesla_modal,0.9976,0.5915,3,0,tesla_modal,1.0,1.0,1.0,0.2312,1,3,0.0,0.0,1,26,0.9951,0.5,9,0,0.0,0.0,1,26,0.0,0.0,1,26,0.0,0.0,1,26,0.0,0.0,1,26,1.0,1.0,1,26,0.0,0.0,1,26,0.0,0.0,1,26,1.0,0.2922,1,3,0.0,0.0,1,26,3.5837,2.009,20,0,2.9951,1.7312,3,0,tesla_modal,0.9976,0.1734,3,0,tesla_modal,1.0,1.0
00LYPLCV92L0,2257,112.9,1,x-bow,x_bow,building,2.5,19.5,,0.0,,0,0.0,0.0,26,0.0,0.0,1,26,0.0,0.0,1,26,0.0,0.0,19,8,0.0,0.0,1,26,0.0,0.0,1,26,0.0,0.0,1,26,0.0,0.0,1,26,0.0,0.0,1,26,0.9616,1.0,9,0,0.0,0.0,1,26,0.0,0.0,1,26,0.0,0.0,1,26,0.0,0.0,1,26,0.9616,1.0,9,0,bow_modal_R,0.9616,1.0,9,0,corner,0.0,0.0,0.0,0.0,1,26,0.0,0.0,1,26,0.0,0.0,19,8,0.0,0.0,1,26,0.0,0.0,1,26,0.0,0.0,1,26,0.0,0.0,1,26,0.0,0.0,1,26,0.9616,1.0,9,0,0.0,0.0,1,26,0.0,0.0,1,26,0.0,0.0,1,26,0.0,0.0,1,26,0.9616,1.0,9,0,bow_modal_R,0.9616,1.0,9,0,corner,0.0,0.0
00LYPLCV92L0,2696,134.8,1,tesla,tesla,building,15.0,28.0,inferno_dragon,11.19,inferno_dragon,2,0.0,0.0,26,0.0,0.0,9,18,0.0,0.0,1,26,0.5,0.0,1,17,0.0,0.0,1,26,0.0,0.0,1,26,0.0,0.0,1,26,0.0,0.0,1,26,1.0,1.0,1,26,0.0,0.0,1,26,0.0,0.0,1,26,0.0,0.0,13,14,0.0,0.0,1,26,7.037,8.6216,13,0,1.5,1.0,8,11,corner_R,0.0,0.0,9,18,corner_R,1.0,1.0,0.0,0.0,12,15,0.0,0.0,1,26,0.5,0.0,1,17,0.0,0.0,1,26,0.0,0.0,1,26,0.0,0.0,1,26,0.0,0.0,1,26,1.0,1.0,1,26,0.0,0.0,1,26,0.0,0.0,1,26,0.0,0.0,13,14,0.0,0.0,1,26,7.037,8.6216,13,0,1.5,1.0,11,8,corner_R,0.0,0.0,12,15,corner_R,1.0,1.0
00LYPLCV92L0,2844,142.2,1,x-bow,x_bow,building,2.5,19.5,inferno_dragon,9.72,inferno_dragon,6,0.0,0.0,26,0.0,0.0,4,23,0.0,0.0,1,26,0.0,0.0,19,8,0.0,0.0,1,26,0.0,0.0,1,26,0.0,0.0,1,26,0.0,0.0,1,26,0.0,0.0,1,26,0.9616,1.0,9,0,0.0,0.0,1,26,0.0,0.0,5,22,0.0,0.0,1,26,9.6159,10.7768,6,0,0.9616,1.0,9,0,g15_18,0.9616,1.0,9,0,corner,0.0,0.0,0.0,0.0,5,22,0.0,0.0,1,26,0.0,0.0,19,8,0.0,0.0,1,26,0.0,0.0,1,26,0.0,0.0,1,26,0.0,0.0,1,26,0.0,0.0,1,26,0.9616,1.0,9,0,0.0,0.0,1,26,0.0,0.0,7,20,0.0,0.0,1,26,9.6159,10.7768,6,0,0.9616,1.0,11,0,g15_18,0.9616,1.0,9,0,corner,0.0,0.0
00LYPLCV92L0,3071,153.6,1,tesla,tesla,building,5.0,18.0,executioner,5.69,executioner,2,0.0,0.0,26,0.1171,0.4693,7,0,0.0,0.0,1,26,0.0,0.0,1,26,0.0,0.0,1,26,0.0,0.0,1,26,0.0,0.0,1,26,0.0,0.0,1,26,1.0,1.0,1,26,0.0,0.0,1,26,0.0,0.0,1,26,0.8356,0.4848,2,0,0.0,0.0,1,26,3.7342,4.4386,27,0,1.1171,1.4693,7,0,g9_18,0.0586,0.2347,7,0,g9_18,1.0,1.0,1.0,1.0,1,5,0.0,0.0,1,26,0.0,0.0,1,26,0.0,0.0,1,26,0.0,0.0,1,26,0.0,0.0,1,26,0.0,0.0,1,26,1.0,1.0,1,26,0.0,0.0,1,26,0.0,0.0,1,26,0.939,0.5882,2,0,0.0,0.0,1,26,3.7342,4.4386,27,0,2.0,2.0,1,5,corner,0.5,0.5,1,5,corner,1.0,1.0
00LYPLCV92L0,3391,169.6,1,x-bow,x_bow,building,2.5,19.5,zappies,4.65,zappies,4,0.0,0.0,26,0.5748,0.0,1,0,0.0,0.0,1,26,0.0,0.0,1,26,0.0,0.0,1,26,0.0,0.0,1,26,0.0,0.0,1,26,0.0,0.0,1,26,0.0,0.0,1,26,0.9616,1.0,9,0,0.0,0.0,1,26,0.5748,0.0,2,0,0.0,0.0,1,26,4.6497,6.0492,13,0,1.5364,1.0,1,0,g9_18,1.0,1.0,1,8,corner,0.0,0.0,1.0,0.0,1,3,0.0,0.0,1,26,0.0,0.0,1,26,0.0,0.0,1,26,0.0,0.0,1,26,0.0,0.0,1,26,0.0,0.0,1,26,0.8456,0.8456,1,26,0.9616,1.0,9,0,0.0,0.0,1,26,1.0,0.0,1,3,0.0,0.0,1,26,4.6497,6.0492,13,0,2.8071,1.8456,2,0,g9_18,1.0,1.0,1,8,corner,0.8456,0.8456
00LYPLCVPJR9,687,34.4,1,tesla,tesla,building,8.0,18.0,dark_prince,14.99,dark_prince,1,0.0,0.0,26,1.0,0.65,1,3,-0.0,-0.3182,1,19,0.443,0.5,27,0,0.0,0.0,1,26,0.0,0.0,1,26,0.0,0.0,1,26,0.0,0.0,1,26,0.0,0.0,1,26,0.0,0.0,1,26,0.0,0.0,1,26,0.0,0.0,1,26,-0.0,-0.0,1,26,4.0,1.5,20,0,1.443,0.8318,4,0,tesla_modal,0.7215,0.1875,4,0,tesla_modal,0.0,0.0,0.3292,0.0,4,0,0.0,0.0,1,26,0.443,0.5,27,0,0.0,0.0,1,26,0.0,0.0,1,26,0.0,0.0,1,26,0.0,0.0,1,26,0.0,0.0,1,26,0.0,0.0,1,26,0.0,0.0,1,26,0.0,0.0,1,26,0.0,0.0,1,26,4.0,1.5,20,0,0.7721,0.5,10,0,tesla_modal,0.2375,0.0,4,0,tesla_modal,0.0,0.0
00LYPLCVPJR9,894,44.7,1,x-bow,x_bow,building,4.5,19.5,dark_prince,3.92,dark_prince,1,0.0,0.0,26,1.0,0.48,1,3,-0.0,-0.4727,1,22,0.5,0.5,11,16,0.0,0.0,1,26,0.0,0.0,1,26,0.0,0.0,1,26,0.0,0.0,1,26,0.0,0.0,1,26,0.9616,1.0,9,0,0.0,0.0,1,26,1.0,1.0,1,5,-0.0,-0.0,1,26,2.5695,1.1601,23,0,2.4616,1.5073,2,0,g9_18,1.0,0.7,1,4,bow_modal_R,0.0,0.0,0.0,0.0,6,21,0.0,0.0,1,26,0.5,0.5,11,16,0.0,0.0,1,26,0.0,0.0,1,26,0.0,0.0,1,26,0.0,0.0,1,26,0.0,0.0,1,26,0.9616,1.0,9,0,0.0,0.0,1,26,0.3055,0.0863,4,0,0.0,0.0,1,26,2.5695,1.1601,23,0,1.4616,1.5,10,0,g9_18,0.9616,1.0,9,0,corner,0.0,0.0
00LYPLCVPJR9,1738,86.9,1,x-bow,x_bow,building,2.5,19.5,witch,0.42,witch,1,0.0,0.0,26,0.0,0.0,1,26,0.0,0.0,1,26,0.5,0.5,11,16,0.0,0.0,1,26,0.0,0.0,1,26,0.0,0.0,1,26,0.0,0.0,1,26,0.0,0.0,1,26,0.9616,1.0,9,0,0.0,0.0,1,26,0.0,0.0,1,26,0.0,0.0,1,26,0.0,0.6118,26,1,1.4616,1.5,9,0,g9_18,0.9616,1.0,9,0,corner,0.0,0.0,0.0,0.0,1,26,0.0,0.0,1,26,0.5,0.5,11,16,0.0,0.0,1,26,0.0,0.0,1,26,0.0,0.0,1,26,0.0,0.0,1,26,0.0639,0.0639,1,26,0.9616,1.0,9,0,0.0,0.0,1,26,0.0,0.0,1,26,0.0,0.0,1,26,0.0,0.6118,26,1,1.5255,1.5639,9,0,g9_18,0.9616,1.0,9,0,corner,0.0639,0.0639
00LYPLCVPJR9,2585,129.3,1,tesla,tesla,building,9.0,21.0,giant,19.65,giant,1,0.0,0.0,26,1.0,0.0,1,3,-0.0,-0.0,1,20,0.5,0.0,1,17,0.0,0.0,1,26,0.0,0.0,1,26,0.0,0.0,1,26,0.0,0.0,1,26,0.0,0.0,1,26,0.0,0.0,1,26,0.0,0.0,1,26,0.0,0.0,1,26,-0.0,-0.0,1,26,5.0,12.5,14,3,1.5,0.0,1,2,tesla_modal,0.75,0.0,1,2,tesla_modal,0.0,0.0,1.0,0.0,1,3,0.0,0.0,1,26,0.5,0.0,1,17,0.0,0.0,1,26,0.0,0.0,1,26,0.0,0.0,1,26,0.0,0.0,1,26,0.0,0.0,1,26,0.0,0.0,1,26,0.0,0.0,1,26,0.0,0.0,1,26,0.0,0.0,1,26,5.0,12.5,14,3,1.5,0.0,1,2,tesla_modal,0.75,0.0,1,2,tesla_modal,0.0,0.0
00LYPLCVPJR9,3072,153.6,1,tesla,tesla,building,10.0,23.0,giant,2.18,giant,10,0.0,0.0,26,0.8451,0.0,7,0,-0.1408,-0.0,22,0,0.5,0.0,1,17,0.0,0.0,1,26,0.0,0.0,1,26,0.0,0.0,1,26,0.0,0.0,1,26,1.0,1.0,1,26,0.0,0.0,1,26,0.0,0.0,1,26,1.0,0.0,1,7,-0.0,-0.0,1,23,1.8901,9.2307,22,0,2.2042,1.0,7,0,centre,0.493,0.0,7,0,centre,1.0,1.0,0.2668,0.0,7,0,0.0,0.0,1,26,0.5,0.0,1,17,0.0,0.0,1,26,0.0,0.0,1,26,0.0,0.0,1,26,0.0,0.0,1,26,1.0,1.0,1,26,0.0,0.0,1,26,0.0,0.0,1,26,0.5368,0.0,8,0,0.0,0.0,1,26,1.8901,9.2307,22,0,1.7668,1.0,7,0,centre,0.2001,0.0,7,0,centre,1.0,1.0
00LYPLCVQRVY,1701,85.1,1,tesla,tesla,building,9.0,22.0,archers,4.96,archers,5,0.0,0.0,26,0.0957,0.0,1,1,0.0,0.0,1,26,1.0,0.5,1,8,0.0,0.0,1,26,0.0,0.0,1,26,0.0,0.0,1,26,0.0,0.0,1,26,1.0,1.0,1,26,0.0,0.0,1,26,0.0,0.0,1,26,0.4802,0.0,2,1,0.0,0.0,1,26,4.1915,2.8559,15,1,2.0957,1.5,1,1,g9_22,0.0957,0.0,1,1,g9_22,1.0,1.0,1.0,0.6557,1,4,0.0,0.0,1,26,1.0,0.5,1,8,0.0,0.0,1,26,0.0,0.0,1,26,0.0,0.0,1,26,0.0,0.0,1,26,1.0,1.0,1,26,0.0,0.0,1,26,0.0,0.0,1,26,1.0,0.7099,1,4,0.0,0.0,1,26,4.1915,2.8559,15,1,3.0,2.1557,1,3,centre,1.0,0.4918,1,3,centre,1.0,1.0
00LYPLCVQRVY,1891,94.6,1,x-bow,x_bow,building,2.5,19.5,,0.0,,0,0.0,0.0,26,0.0,0.0,1,26,0.0,0.0,1,26,0.5,0.5,11,16,0.0,0.0,1,26,0.0,0.0,1,26,0.0,0.0,1,26,0.0,0.0,1,26,0.0,0.0,1,26,0.9616,1.0,9,0,0.0,0.0,1,26,0.0,0.0,1,26,0.0,0.0,1,26,0.0,0.0,1,26,1.4616,1.5,9,0,g9_18,0.9616,1.0,9,0,corner,0.0,0.0,0.0,0.0,1,26,0.0,0.0,1,26,0.5,0.5,11,16,0.0,0.0,1,26,0.0,0.0,1,26,0.0,0.0,1,26,0.0,0.0,1,26,0.0,0.0,1,26,0.9616,1.0,9,0,0.0,0.0,1,26,0.0,0.0,1,26,0.0,0.0,1,26,0.0,0.0,1,26,1.4616,1.5,9,0,g9_18,0.9616,1.0,9,0,corner,0.0,0.0
00LYPLCVQRVY,2858,142.9,1,tesla,tesla,building,9.0,21.0,goblinstein,4.54,goblinstein,5,0.0,0.0,26,0.0,0.0,5,22,-0.0,-0.0,1,19,1.0,0.5,1,8,0.0,0.0,1,26,0.0,0.0,1,26,0.0,0.0,1,26,0.0,0.0,1,26,1.0,1.0,1,26,0.0,0.0,1,26,0.0,0.0,1,26,0.0,0.0,6,21,-0.0,-0.0,1,22,4.6338,12.0491,16,1,2.0,1.5,2,7,corner_R,0.0,0.0,3,19,corner_R,1.0,1.0,0.0,0.0,6,21,-0.0,-0.0,1,21,1.0,0.5,1,8,0.0,0.0,1,26,0.0,0.0,1,26,0.0,0.0,1,26,0.0,0.0,1,26,1.0,1.0,1,26,0.0,0.0,1,26,0.0,0.0,1,26,0.0,0.0,6,21,-0.0,-0.0,1,23,4.6338,12.0491,16,1,2.0,1.5,2,8,corner_R,0.0,0.0,3,20,corner_R,1.0,1.0
00LYPLCVQRVY,3033,151.7,1,x-bow,x_bow,building,2.5,19.5,goblinstein,10.83,goblinstein,6,0.0,0.0,26,0.0,0.0,1,26,0.0,0.0,1,26,0.5,0.5,11,16,0.0,0.0,1,26,0.0,0.0,1,26,0.0,0.0,1,26,0.0,0.0,1,26,0.0,0.0,1,26,0.9616,1.0,9,0,0.0,0.0,1,26,0.0,0.0,5,22,0.0,0.0,1,26,10.3521,11.409,9,0,1.4616,1.5,9,0,g9_18,0.9616,1.0,9,0,corner,0.0,0.0,0.0,0.0,10,17,-0.0,-0.0,1,23,0.5,0.5,11,16,0.0,0.0,1,26,0.0,0.0,1,26,0.0,0.0,1,26,0.0,0.0,1,26,0.0,0.0,1,26,0.9616,1.0,9,0,0.0,0.0,1,26,0.0,0.0,10,17,-0.0,-0.0,1,24,10.3521,11.409,9,0,1.4616,1.5,12,0,g9_18,0.9616,1.0,10,0,corner,0.0,0.0
00LYPLCVQRVY,3491,174.6,1,tesla,tesla,building,9.0,19.0,goblinstein,3.8,goblinstein,4,0.0,0.0,26,1.0,0.0,1,3,-0.0,-0.0,1,20,0.9902,0.5,9,0,0.0,0.0,1,26,0.0,0.0,1,26,0.0,0.0,1,26,0.0,0.0,1,26,1.0,1.0,1,26,0.0,0.0,1,26,0.0,0.0,1,26,1.0,0.0,1,5,-0.0,-0.0,1,23,4.0498,11.566,19,0,2.9902,1.5,2,0,tesla_modal,0.9951,0.0,2,0,tesla_modal,1.0,1.0,1.0,0.0,1,4,-0.0,-0.0,1,21,0.9902,0.5,9,0,0.0,0.0,1,26,0.0,0.0,1,26,0.0,0.0,1,26,0.0,0.0,1,26,1.0,1.0,1,26,0.0,0.0,1,26,0.0,0.0,1,26,1.0,0.0,1,5,-0.0,-0.0,1,23,4.0498,11.566,19,0,2.9902,1.5,3,0,tesla_modal,0.9951,0.0,3,0,tesla_modal,1.0,1.0
00LYPLCVQRVY,3773,188.7,1,x-bow,x_bow,building,2.5,19.5,archers,19.49,archers,2,0.0,0.0,26,0.0,0.0,4,23,0.0,0.0,1,26,0.5,0.5,11,16,0.0,0.0,1,26,0.0,0.0,1,26,0.0,0.0,1,26,0.0,0.0,1,26,0.0,0.0,1,26,0.9616,1.0,9,0,0.0,0.0,1,26,0.0,0.0,1,26,0.0,0.0,1,26,11.4,12.4,5,0,1.4616,1.5,9,0,g9_18,0.9616,1.0,9,0,corner,0.0,0.0,0.0,0.0,5,22,0.0,0.0,1,26,0.5,0.5,11,16,0.0,0.0,1,26,0.0,0.0,1,26,0.0,0.0,1,26,0.0,0.0,1,26,0.0,0.0,1,26,0.9616,1.0,9,0,0.0,0.0,1,26,0.0,0.0,1,26,0.0,0.0,1,26,11.4,12.4,5,0,1.4616,1.5,11,0,g9_18,0.9616,1.0,11,0,corner,0.0,0.0
00LYPLCVQRVY,4875,243.8,1,tesla,tesla,building,9.0,19.0,goblinstein,4.29,goblinstein,4,0.0,0.0,26,0.0193,0.0,4,0,0.0,0.0,1,26,0.9902,0.5,9,0,0.0,0.0,1,26,0.0,0.0,1,26,0.0,0.0,1,26,0.0,0.0,1,26,0.1767,0.1767,1,26,0.0,0.0,1,26,0.0,0.0,1,26,0.0,0.0,4,0,0.0,0.0,1,26,4.5386,11.1396,22,0,1.1862,0.6767,3,0,tesla_modal,0.0192,0.0,4,0,tesla_modal,0.1767,0.1767,1.0,0.0,1,5,-0.0,-0.0,1,24,0.9902,0.5,9,0,0.0,0.0,1,26,0.0,0.0,1,26,0.0,0.0,1,26,0.0,0.0,1,26,0.1767,0.1767,1,26,0.0,0.0,1,26,0.0,0.0,1,26,0.3889,0.0,7,0,-0.0,-0.0,1,26,4.5386,11.1396,22,0,2.1669,0.6767,2,0,tesla_modal,0.9951,0.0,2,0,tesla_modal,0.1767,0.1767
00LYPLCVQRVY,5135,256.8,1,tesla,tesla,building,9.0,19.0,,0.0,,0,0.0,0.0,26,0.0,0.0,1,26,0.0,0.0,1,26,0.9902,0.5,9,0,0.0,0.0,1,26,0.0,0.0,1,26,0.0,0.0,1,26,0.0,0.0,1,26,0.0,0.0,1,26,0.0,0.0,1,26,0.0,0.0,1,26,0.0,0.0,1,26,0.0,0.0,1,26,0.0,0.0,1,26,0.9902,0.5,9,0,centre,0.0,0.0,1,26,corner,0.0,0.0,0.0,0.0,1,26,0.0,0.0,1,26,0.9902,0.5,9,0,0.0,0.0,1,26,0.0,0.0,1,26,0.0,0.0,1,26,0.0,0.0,1,26,0.0,0.0,1,26,0.0,0.0,1,26,0.0,0.0,1,26,0.0,0.0,1,26,0.0,0.0,1,26,0.0,0.0,1,26,0.9902,0.5,9,0,centre,0.0,0.0,1,26,corner,0.0,0.0
00LYPLCVQRVY,5503,275.2,1,tesla,tesla,building,17.0,19.0,royal_hogs,4.59,royal_hogs,8,0.0,0.0,26,1.0,0.0,1,9,-0.0,-0.0,1,23,0.5,0.5,9,17,0.0,0.0,1,26,0.0,0.0,1,26,0.0,0.0,1,26,0.0,0.0,1,26,1.0,1.0,1,26,0.0,0.0,1,26,0.0,0.0,1,26,1.0,0.0,1,11,-0.0,-0.0,1,26,3.6915,10.2075,18,0,2.5,1.5,6,3,centre,0.75,0.0,6,3,centre,1.0,1.0,1.0,0.0,1,4,0.0,0.0,1,26,0.5,0.5,9,17,0.0,0.0,1,26,0.0,0.0,1,26,0.0,0.0,1,26,0.0,0.0,1,26,1.0,1.0,1,26,0.0,0.0,1,26,0.0,0.0,1,26,1.0,0.0,1,7,0.0,0.0,1,26,3.6915,10.2075,18,0,2.5,1.5,5,0,centre,0.75,0.0,5,0,centre,1.0,1.0
00LYPLCVQRVY,5696,284.8,1,tesla,tesla,building,9.0,20.0,goblinstein,5.04,goblinstein,3,0.0,0.0,26,1.0,0.65,1,2,-0.0,-0.3182,1,19,1.0,0.5,1,8,0.0,0.0,1,26,0.0,0.0,1,26,0.0,0.0,1,26,0.0,0.0,1,26,1.0,1.0,1,26,0.0,0.0,1,26,0.0,0.0,1,26,1.0,0.6616,1,2,-0.0,-0.3077,1,21,5.0,1.5,16,2,3.0,1.8318,1,1,tesla_modal,1.0,0.1875,1,1,tesla_modal,1.0,1.0,1.0,0.8361,1,2,-0.0,-0.1793,1,19,1.0,0.5,1,8,0.0,0.0,1,26,0.0,0.0,1,26,0.0,0.0,1,26,0.0,0.0,1,26,1.0,1.0,1,26,0.0,0.0,1,26,0.0,0.0,1,26,1.0,0.8477,1,4,-0.0,-0.1667,1,22,5.0,1.5,16,2,3.0,2.1568,1,1,tesla_modal,1.0,0.4478,1,1,tesla_modal,1.0,1.0
00LYPLCVRCCV,771,38.6,1,tesla,tesla,building,9.0,20.0,dark_prince,9.08,dark_prince,1,0.0,0.0,26,0.1123,1.0,8,0,-0.0,-0.0,1,24,1.0,0.5,1,8,0.0,0.0,1,26,0.0,0.0,1,26,0.0,0.0,1,26,0.0,0.0,1,26,1.0,1.0,1,26,0.0,0.0,1,26,0.0,0.0,1,26,0.0,0.0,3,24,-0.0,-0.0,1,26,7.2753,2.4793,20,0,2.1123,2.5,7,0,corner,0.1123,0.75,8,0,corner,1.0,1.0,0.3103,0.0,4,0,0.0,0.0,1,26,1.0,0.5,1,8,0.0,0.0,1,26,0.0,0.0,1,26,0.0,0.0,1,26,0.0,0.0,1,26,1.0,1.0,1,26,0.0,0.0,1,26,0.0,0.0,1,26,0.0,0.1913,5,22,0.0,0.0,1,26,7.2753,2.4793,20,0,2.3103,1.5,2,0,g3_22,0.3103,0.0,4,0,g3_22,1.0,1.0
00LYPLCVRCCV,1327,66.4,1,x-bow,x_bow,building,15.5,19.5,,0.0,,0,0.0,0.0,26,0.0,0.0,1,26,0.0,0.0,1,26,0.5,0.5,11,16,0.0,0.0,1,26,0.0,0.0,1,26,0.0,0.0,1,26,0.0,0.0,1,26,0.0,0.0,1,26,0.9616,1.0,9,0,0.0,0.0,1,26,0.0,0.0,1,26,0.0,0.0,1,26,0.0,0.0,1,26,1.4616,1.5,9,0,g9_18,0.9616,1.0,9,0,corner,0.0,0.0,0.0,0.0,1,26,0.0,0.0,1,26,0.5,0.5,11,16,0.0,0.0,1,26,0.0,0.0,1,26,0.0,0.0,1,26,0.0,0.0,1,26,0.0,0.0,1,26,0.9616,1.0,9,0,0.0,0.0,1,26,0.0,0.0,1,26,0.0,0.0,1,26,0.0,0.0,1,26,1.4616,1.5,9,0,g9_18,0.9616,1.0,9,0,corner,0.0,0.0
00LYPLCVRCCV,2175,108.8,1,x-bow,x_bow,building,15.5,19.5,dark_prince,11.1,dark_prince,2,0.0,0.0,26,0.0,1.0,10,17,-0.0,-0.0,1,23,0.5,0.5,11,16,0.0,0.0,1,26,0.0,0.0,1,26,0.0,0.0,1,26,0.0,0.0,1,26,1.0,1.0,1,26,0.9616,1.0,9,0,0.0,0.0,1,26,0.0,1.0,6,21,-0.0,-0.0,1,26,9.3492,2.4506,9,0,2.4616,3.5,11,0,g9_18,0.9616,1.0,10,0,corner,1.0,1.0,0.0,0.0,2,25,0.0,0.0,1,26,0.5,0.5,11,16,0.0,0.0,1,26,0.0,0.0,1,26,0.0,0.0,1,26,0.0,0.0,1,26,0.0,0.0,1,26,0.9616,1.0,9,0,0.0,0.0,1,26,0.0,0.8327,8,19,0.0,0.0,1,26,9.3492,2.4506,9,0,1.4616,1.5,9,0,g9_18,0.9616,1.0,9,0,corner,0.0,0.0
00LYPLCVRCCV,2342,117.1,1,tesla,tesla,building,7.0,20.0,,0.0,,0,0.0,0.0,26,0.0,0.0,1,26,0.0,0.0,1,26,0.7332,0.5,9,0,0.0,0.0,1,26,0.0,0.0,1,26,0.0,0.0,1,26,0.0,0.0,1,26,0.0,0.0,1,26,0.0,0.0,1,26,0.0,0.0,1,26,0.0,0.0,1,26,0.0,0.0,1,26,0.0,0.0,1,26,0.7332,0.5,9,0,centre,0.0,0.0,1,26,corner,0.0,0.0,0.0,0.0,1,26,0.0,0.0,1,26,0.7332,0.5,9,0,0.0,0.0,1,26,0.0,0.0,1,26,0.0,0.0,1,26,0.0,0.0,1,26,0.0,0.0,1,26,0.0,0.0,1,26,0.0,0.0,1,26,0.0,0.0,1,26,0.0,0.0,1,26,0.0,0.0,1,26,0.7332,0.5,9,0,centre,0.0,0.0,1,26,corner,0.0,0.0
00LYPLCVRCCV,2812,140.6,1,x-bow,x_bow,building,2.5,19.5,dark_prince,22.01,dark_prince,1,0.0,0.0,26,0.0,0.0,7,20,-0.0,-0.0,1,19,0.5,0.5,11,16,0.0,0.0,1,26,0.0,0.0,1,26,0.0,0.0,1,26,0.0,0.0,1,26,0.0,0.0,1,26,0.9616,1.0,9,0,0.0,0.0,1,26,0.0,0.0,1,26,-0.0,-0.0,1,26,11.4,12.4,5,0,1.4616,1.5,10,0,g9_18,0.9616,1.0,8,0,corner,0.0,0.0,0.0,0.0,4,23,0.0,0.0,1,26,0.5,0.5,11,16,0.0,0.0,1,26,0.0,0.0,1,26,0.0,0.0,1,26,0.0,0.0,1,26,0.0,0.0,1,26,0.9616,1.0,9,0,0.0,0.0,1,26,0.0,0.0,1,26,0.0,0.0,1,26,11.4,12.4,5,0,1.4616,1.5,11,0,g9_18,0.9616,1.0,9,0,corner,0.0,0.0
00LYPLCVRCCV,3284,164.2,0,tesla,tesla,building,13.0,18.0,knight,2.01,knight,1,0.0,0.0,26,0.9063,0.0,3,0,-0.0852,-0.0,23,0,0.5,0.5,9,17,0.0,0.0,1,26,0.0,0.0,1,26,0.0,0.0,1,26,0.0,0.0,1,26,1.0,1.0,1,26,0.0,0.0,1,26,0.0,0.0,1,26,0.9063,0.0,3,0,-0.0852,-0.0,24,0,2.0125,12.0828,23,0,2.321,1.5,3,0,corner_R,0.5945,0.0,3,0,corner_R,1.0,1.0,0.9229,0.0,3,0,-0.0711,-0.0,23,0,0.5,0.5,9,17,0.0,0.0,1,26,0.0,0.0,1,26,0.0,0.0,1,26,0.0,0.0,1,26,1.0,1.0,1,26,0.0,0.0,1,26,0.0,0.0,1,26,0.9229,0.0,3,0,-0.0711,-0.0,24,0,2.0125,12.0828,23,0,2.3518,1.5,3,0,corner_R,0.621,0.0,3,0,corner_R,1.0,1.0
00LYPLCVRCCV,3349,167.5,1,x-bow,x_bow,building,15.5,19.5,princess,12.03,princess,1,0.0,0.0,26,0.0,0.0,5,22,0.0,0.0,1,26,0.5,0.5,11,16,0.0,0.0,1,26,0.0,0.0,1,26,0.0,0.0,1,26,0.0,0.0,1,26,0.0,0.0,1,26,0.9616,0.0,4,0,0.0,0.0,1,26,0.0,0.0,3,24,0.0,0.0,1,26,11.925,6.687,14,0,1.4616,0.5,5,0,g15_18,0.9616,0.0,5,0,bow_modal_R,0.0,0.0,0.0,0.0,2,25,0.0,0.0,1,26,0.5,0.5,11,16,0.0,0.0,1,26,0.0,0.0,1,26,0.0,0.0,1,26,0.0,0.0,1,26,0.0,0.0,1,26,0.9616,1.0,9,0,0.0,0.0,1,26,0.0,0.0,1,26,0.0,0.0,1,26,11.925,6.687,14,0,1.4616,1.5,9,0,g9_18,0.9616,1.0,9,0,corner,0.0,0.0
00LYPLCVRCCV,3511,175.6,1,tesla,tesla,building,13.0,18.0,dark_prince,1.94,dark_prince,2,0.0,0.0,26,0.0036,0.0,9,0,-0.9059,-0.0,27,0,0.5,0.5,9,17,0.0,0.0,1,26,0.0,0.0,1,26,0.0,0.0,1,26,0.0,0.0,1,26,1.0,1.0,1,26,0.0,0.0,1,26,0.0,0.0,1,26,0.921,0.0,6,0,-0.0718,-0.0,26,0,0.2071,11.5416,27,0,0.5977,1.5,27,0,tesla_modal,-0.2973,0.0,27,0,tesla_modal,1.0,1.0,0.0,0.0,5,22,0.0,0.0,1,26,0.5,0.5,9,17,0.0,0.0,1,26,0.0,0.0,1,26,0.0,0.0,1,26,0.0,0.0,1,26,1.0,1.0,1,26,0.0,0.0,1,26,0.0,0.0,1,26,0.0,0.0,6,21,0.0,0.0,1,26,0.2071,11.5416,27,0,1.5,1.5,11,16,g9_22,0.0,0.0,5,22,g9_22,1.0,1.0
00LYPLCVRCCV,3956,197.8,1,x-bow,x_bow,building,2.5,19.5,princess,11.16,princess,1,0.0,0.0,26,0.0,0.0,1,26,0.0,0.0,1,26,0.5,0.5,11,16,0.0,0.0,1,26,0.0,0.0,1,26,0.0,0.0,1,26,0.0,0.0,1,26,0.0,0.0,1,26,0.9616,1.0,9,0,0.0,0.0,1,26,0.1297,0.3489,5,0,0.0,0.0,1,26,3.0401,2.6016,20,0,1.4616,1.5,9,0,g9_18,0.9616,1.0,9,0,corner,0.0,0.0,0.0,0.0,5,22,0.0,0.0,1,26,0.5,0.5,11,16,0.0,0.0,1,26,0.0,0.0,1,26,0.0,0.0,1,26,0.0,0.0,1,26,0.0,0.0,1,26,0.9616,1.0,9,0,0.0,0.0,1,26,0.0,0.0,1,26,0.0,0.0,1,26,3.0401,2.6016,20,0,1.4616,1.5,11,0,g9_22,0.9616,1.0,9,0,corner,0.0,0.0
00LYPLCVRCCV,4131,206.6,1,tesla,tesla,building,5.0,18.0,dark_prince,5.85,dark_prince,3,0.0,0.0,26,1.0,1.0,1,6,-0.0,-0.0,1,26,0.5,0.5,9,17,0.0,0.0,1,26,0.0,0.0,1,26,0.0,0.0,1,26,0.0,0.0,1,26,1.0,1.0,1,26,0.0,0.0,1,26,0.0,0.0,1,26,0.7607,0.4099,2,0,-0.0,-0.0,1,26,2.4532,3.6078,26,0,2.5,2.5,1,5,corner,0.75,0.75,1,5,corner,1.0,1.0,0.0,0.1331,7,20,0.0,0.0,1,26,0.5,0.5,9,17,0.0,0.0,1,26,0.0,0.0,1,26,0.0,0.0,1,26,0.0,0.0,1,26,1.0,1.0,1,26,0.0,0.0,1,26,0.0,0.0,1,26,0.9586,0.6078,2,0,0.0,0.0,1,26,2.4532,3.6078,26,0,1.5,1.6331,14,13,g9_18,0.0,0.0998,7,20,g9_18,1.0,1.0
00LYPLCVRCCV,4163,208.2,0,tesla,tesla,building,12.0,18.0,knight,1.95,knight,1,0.0,0.0,26,0.8729,0.0,4,0,-0.1156,-0.0,24,0,0.5,0.5,9,17,0.0,0.0,1,26,0.0,0.0,1,26,0.0,0.0,1,26,0.0,0.0,1,26,1.0,1.0,1,26,0.0,0.0,1,26,0.0,0.0,1,26,0.8729,0.0,5,0,-0.1156,-0.0,25,0,1.9458,12.3461,24,0,2.2573,1.5,6,0,tesla_modal,0.5391,0.0,5,0,lane_R,1.0,1.0,0.8896,0.0,4,0,-0.1019,-0.0,24,0,0.5,0.5,9,17,0.0,0.0,1,26,0.0,0.0,1,26,0.0,0.0,1,26,0.0,0.0,1,26,1.0,1.0,1,26,0.0,0.0,1,26,0.0,0.0,1,26,0.8896,0.0,5,0,-0.1019,-0.0,25,0,1.9458,12.3461,24,0,2.2876,1.5,6,0,tesla_modal,0.5652,0.0,5,0,lane_R,1.0,1.0
00LYPLCVRCCV,4355,217.8,1,x-bow,x_bow,building,15.5,19.5,dark_prince,16.43,dark_prince,5,0.0,0.0,26,0.0,0.6,8,19,-0.0,-0.3636,1,19,0.5,0.5,11,16,0.0,0.0,1,26,0.0,0.0,1,26,0.0,0.0,1,26,0.0,0.0,1,26,0.0,0.0,1,26,0.9616,0.8062,5,0,0.0,0.0,1,26,0.0,0.0,1,26,-0.0,-0.0,1,26,11.4,1.4,3,0,1.4616,1.5426,8,0,tesla_modal,0.9616,0.7,6,0,tesla_modal,0.0,0.0,0.0,0.0,4,23,0.0,0.0,1,26,0.5,0.5,11,16,0.0,0.0,1,26,0.0,0.0,1,26,0.0,0.0,1,26,0.0,0.0,1,26,0.0,0.0,1,26,0.9616,1.0,9,0,0.0,0.0,1,26,0.0,0.0,1,26,0.0,0.0,1,26,11.4,1.4,3,0,1.4616,1.5,11,0,g9_18,0.9616,1.0,9,0,corner,0.0,0.0
00LYPLCVRCCV,4434,221.7,0,tesla,tesla,building,5.0,18.0,knight,3.04,knight,1,0.0,0.0,26,0.4,0.65,6,1,-0.5455,-0.3182,22,1,0.5,0.5,9,17,0.0,0.0,1,26,0.0,0.0,1,26,0.0,0.0,1,26,0.0,0.0,1,26,0.0,0.0,1,26,0.0,0.0,1,26,0.0,0.0,1,26,1.0,1.0,1,4,-0.0,-0.0,1,26,1.0,1.5,22,1,0.3545,0.8318,22,1,tesla_modal,-0.0,0.1875,6,17,tesla_modal,0.0,0.0,0.4167,0.6667,6,1,-0.5385,-0.3077,22,1,0.5,0.5,9,17,0.0,0.0,1,26,0.0,0.0,1,26,0.0,0.0,1,26,0.0,0.0,1,26,0.0,0.0,1,26,0.0,0.0,1,26,0.0,0.0,1,26,1.0,1.0,1,4,-0.0,-0.0,1,26,1.0,1.5,22,1,0.3782,0.859,22,1,tesla_modal,0.0125,0.2,6,1,tesla_modal,0.0,0.0
00LYPLCVRCCV,4883,244.2,0,tesla,tesla,building,6.0,24.0,,0.0,,0,0.0,0.0,26,0.0,0.0,1,26,0.0,0.0,1,26,0.9562,0.5,9,0,0.0,0.0,1,26,0.0,0.0,1,26,0.0,0.0,1,26,0.0,0.0,1,26,0.0,0.0,1,26,0.0,0.0,1,26,0.0,0.0,1,26,0.0,0.0,1,26,0.0,0.0,1,26,0.0,0.0,1,26,0.9562,0.5,9,0,centre,0.0,0.0,1,26,corner,0.0,0.0,0.0,0.0,1,26,0.0,0.0,1,26,0.9562,0.5,9,0,0.0,0.0,1,26,0.0,0.0,1,26,0.0,0.0,1,26,0.0,0.0,1,26,0.0,0.0,1,26,0.0,0.0,1,26,0.0,0.0,1,26,0.0,0.0,1,26,0.0,0.0,1,26,0.0,0.0,1,26,0.9562,0.5,9,0,centre,0.0,0.0,1,26,corner,0.0,0.0
00LYPLJLC80L,193,9.7,1,tesla,tesla,building,9.0,19.0,hog_rider,6.53,hog_rider,1,0.0,0.0,26,1.0,0.0,1,1,-0.0,-0.0,1,20,0.9902,0.5,9,0,0.0,0.0,1,26,0.0,0.0,1,26,0.0,0.0,1,26,0.0,0.0,1,26,1.0,1.0,1,26,0.0,0.0,1,26,0.0,0.0,1,26,1.0,0.0,1,3,-0.0,-0.0,1,23,6.074,13.5425,12,0,2.9902,1.5,1,0,g9_18,0.9951,0.0,1,0,g9_18,1.0,1.0,1.0,0.0,1,1,0.0,0.0,1,26,0.9902,0.5,9,0,0.0,0.0,1,26,0.0,0.0,1,26,0.0,0.0,1,26,0.0,0.0,1,26,1.0,1.0,1,26,0.0,0.0,1,26,0.0,0.0,1,26,1.0,0.0,1,3,0.0,0.0,1,26,6.074,13.5425,12,0,2.9902,1.5,1,0,g9_18,0.9951,0.0,1,0,g9_18,1.0,1.0
00LYPLJLC80L,1161,58.1,1,tesla,tesla,building,9.0,21.0,hog_rider,7.69,hog_rider,3,0.0,0.0,26,0.0,0.1323,8,19,-0.0,-0.9641,1,19,1.0,0.5,1,8,0.0,0.0,1,26,0.0,0.0,1,26,0.0,0.0,1,26,0.0,0.0,1,26,1.0,1.0,1,26,0.0,0.0,1,26,0.0,0.0,1,26,0.0,0.6317,8,19,-0.0,-0.4092,1,22,5.7866,0.0646,14,1,2.0,0.6681,3,8,g9_18,0.0,-0.2008,3,18,g9_18,1.0,1.0,0.0,0.0,3,24,0.0,0.0,1,26,1.0,0.5,1,8,0.0,0.0,1,26,0.0,0.0,1,26,0.0,0.0,1,26,0.0,0.0,1,26,1.0,1.0,1,26,0.0,0.0,1,26,0.0,0.0,1,26,0.0,0.0,5,22,0.0,0.0,1,26,5.7866,0.0646,14,1,2.0,1.5,2,8,g9_18,0.0,0.0,3,24,g9_18,1.0,1.0
00LYPLJLC80L,1798,89.9,1,tesla,tesla,building,9.0,20.0,ice_golem,6.56,ice_golem,3,0.0,0.0,26,1.0,0.58,1,2,-0.0,-0.48,1,19,1.0,0.5,1,8,0.0,0.0,1,26,0.0,0.0,1,26,0.0,0.0,1,26,0.0,0.0,1,26,1.0,1.0,1,26,0.0,0.0,1,26,0.0,0.0,1,26,1.0,1.0,1,5,-0.0,-0.0,1,24,5.439,0.91,14,0,3.0,1.6,1,1,tesla_modal,1.0,0.135,1,1,tesla_modal,1.0,1.0,1.0,0.5411,1,2,-0.0,-0.5022,1,19,1.0,0.5,1,8,0.0,0.0,1,26,0.0,0.0,1,26,0.0,0.0,1,26,0.0,0.0,1,26,1.0,1.0,1,26,0.0,0.0,1,26,0.0,0.0,1,26,0.7606,1.0,7,0,-0.0,-0.0,1,24,5.439,0.91,14,0,3.0,1.5389,1,1,tesla_modal,1.0,0.1058,1,1,tesla_modal,1.0,1.0
00LYPLJLC80L,2701,135.1,1,tesla,tesla,building,9.0,22.0,ice_golem,6.25,ice_golem,2,0.0,0.0,26,1.0,0.0,1,5,-0.0,-0.0,1,21,1.0,0.5,1,8,0.0,0.0,1,26,0.0,0.0,1,26,0.0,0.0,1,26,0.0,0.0,1,26,1.0,1.0,1,26,0.0,0.0,1,26,0.0,0.0,1,26,1.0,0.0,1,7,-0.0,-0.0,1,25,4.5469,11.5798,14,1,3.0,1.5,1,3,tesla_modal,1.0,0.0,1,3,tesla_modal,1.0,1.0,1.0,0.0,1,5,-0.0,-0.0,1,21,1.0,0.5,1,8,0.0,0.0,1,26,0.0,0.0,1,26,0.0,0.0,1,26,0.0,0.0,1,26,1.0,1.0,1,26,0.0,0.0,1,26,0.0,0.0,1,26,0.9115,0.0,7,1,-0.0,-0.0,1,25,4.5469,11.5798,14,1,3.0,1.5,1,3,tesla_modal,1.0,0.0,1,3,tesla_modal,1.0,1.0
00LYPLJLC80L,3254,162.7,1,tesla,tesla,building,9.0,21.0,hog_rider,15.9,hog_rider,2,0.0,0.0,26,1.0,0.85,1,3,-0.0,-0.1667,1,19,1.0,0.5,1,8,0.0,0.0,1,26,0.0,0.0,1,26,0.0,0.0,1,26,0.0,0.0,1,26,0.0,0.0,1,26,0.0,0.0,1,26,0.0,0.0,1,26,0.0,0.0,2,25,-0.0,-0.0,1,26,5.0,1.5,15,3,2.0,1.1833,1,2,tesla_modal,1.0,0.4708,1,2,tesla_modal,0.0,0.0,1.0,0.0718,1,3,0.0,0.0,1,26,1.0,0.5,1,8,0.0,0.0,1,26,0.0,0.0,1,26,0.0,0.0,1,26,0.0,0.0,1,26,0.0,0.0,1,26,0.0,0.0,1,26,0.0,0.0,1,26,0.0,0.0,1,26,0.0,0.0,1,26,5.0,1.5,15,3,2.0,0.5718,1,2,tesla_modal,1.0,0.0538,1,2,tesla_modal,0.0,0.0
00LYPLJLC80L,3681,184.1,1,tesla,tesla,building,9.0,19.0,ice_golem,4.5,ice_golem,3,0.0,0.0,26,1.0,1.0,1,5,-0.0,-0.0,1,21,0.9902,0.5,9,0,0.0,0.0,1,26,0.0,0.0,1,26,0.0,0.0,1,26,0.0,0.0,1,26,1.0,1.0,1,26,0.0,0.0,1,26,0.0,0.0,1,26,1.0,1.0,1,7,-0.0,-0.0,1,24,4.6391,1.877,17,0,2.9902,2.5,3,0,tesla_modal,0.9951,0.75,3,0,tesla_modal,1.0,1.0,1.0,1.0,1,5,-0.0,-0.0,1,21,0.9902,0.5,9,0,0.0,0.0,1,26,0.0,0.0,1,26,0.0,0.0,1,26,0.0,0.0,1,26,1.0,1.0,1,26,0.0,0.0,1,26,0.0,0.0,1,26,1.0,1.0,1,7,-0.0,-0.0,1,24,4.6391,1.877,17,0,2.9902,2.5,3,0,tesla_modal,0.9951,0.75,3,0,tesla_modal,1.0,1.0
00LYPLJLC80L,4091,204.6,1,x-bow,x_bow,building,10.5,23.5,musketeer,21.67,musketeer,1,0.0,0.0,26,0.0,0.0,1,26,0.0,0.0,1,26,1.0,0.5,1,8,0.0,0.0,1,26,0.0,0.0,1,26,0.0,0.0,1,26,0.0,0.0,1,26,0.0,0.0,1,26,0.0,1.0,9,18,0.0,0.0,1,26,0.0,0.0,1,26,0.0,0.0,1,26,3.4,12.4,20,0,1.0,1.5,9,8,g9_18,0.0,1.0,9,18,corner,0.0,0.0,0.9278,0.0,4,0,0.0,0.0,1,26,1.0,0.5,1,8,0.0,0.0,1,26,0.0,0.0,1,26,0.0,0.0,1,26,0.0,0.0,1,26,0.0,0.0,1,26,0.0,1.0,9,18,0.0,0.0,1,26,0.0,0.0,1,26,0.0,0.0,1,26,3.4,12.4,20,0,1.9278,1.5,4,0,g9_18,0.9278,1.0,11,0,corner,0.0,0.0
00LYPLJLC80L,4328,216.4,1,tesla,tesla,building,1.0,23.0,hog_rider,8.96,hog_rider,7,0.0,0.0,26,1.0,0.85,1,3,-0.0,-0.1667,1,19,0.5,0.5,9,17,0.0,0.0,1,26,0.0,0.0,1,26,0.0,0.0,1,26,0.0,0.0,1,26,0.5975,0.5975,1,26,0.0,0.0,1,26,0.0,0.0,1,26,1.0,1.0,1,8,-0.0,-0.0,1,26,2.0,1.5,20,0,2.0975,1.7808,3,0,tesla_modal,0.75,0.4708,3,0,tesla_modal,0.5975,0.5975,0.3218,0.0718,4,0,0.0,0.0,1,26,0.5,0.5,9,17,0.0,0.0,1,26,0.0,0.0,1,26,0.0,0.0,1,26,0.0,0.0,1,26,0.5975,0.5975,1,26,0.0,0.0,1,26,0.0,0.0,1,26,0.02,1.0,8,1,0.0,0.0,1,26,2.0,1.5,20,0,1.4193,1.1693,10,0,tesla_modal,0.2413,0.0538,4,0,tesla_modal,0.5975,0.5975
00LYPLJLQ80J,1251,62.6,1,tesla,tesla,building,9.0,22.0,minion_horde,8.95,minion_horde,7,0.0,0.0,26,1.0,0.0,1,2,0.0,0.0,1,26,1.0,0.5,1,8,0.0,0.0,1,26,0.0,0.0,1,26,0.0,0.0,1,26,0.0,0.0,1,26,0.9111,0.9111,1,26,0.0,0.0,1,26,0.0,0.0,1,26,0.0,0.8106,8,19,0.0,0.0,1,26,5.28,0.892,16,1,2.9111,1.4111,1,2,tesla_modal,1.0,0.0,1,2,tesla_modal,0.9111,0.9111,1.0,0.421,1,2,-0.0,-0.5649,1,19,1.0,0.5,1,8,0.0,0.0,1,26,0.0,0.0,1,26,0.0,0.0,1,26,0.0,0.0,1,26,0.9111,0.9111,1,26,0.0,0.0,1,26,0.0,0.0,1,26,0.0,1.0,8,19,-0.0,-0.0,1,26,5.28,0.892,16,1,2.9111,1.2672,1,2,tesla_modal,1.0,0.0157,1,2,tesla_modal,0.9111,0.9111
00LYPLJLRJ00,782,39.1,1,tesla,tesla,building,10.0,21.0,cannon_cart,8.41,cannon_cart,3,0.0,0.0,26,0.75,0.0,1,0,0.0,0.0,1,26,1.0,0.5,1,8,0.0,0.0,1,26,0.0,0.0,1,26,0.0,0.0,1,26,0.0,0.0,1,26,0.0,0.0,1,26,0.0,0.0,1,26,0.0,0.0,1,26,0.0,0.0,3,24,0.0,0.0,1,26,6.0,1.5,13,0,1.75,0.5,1,0,tesla_modal,0.75,0.0,1,0,tesla_modal,0.0,0.0,0.8542,0.0,4,0,0.0,0.0,1,26,1.0,0.5,1,8,0.0,0.0,1,26,0.0,0.0,1,26,0.0,0.0,1,26,0.0,0.0,1,26,0.0,0.0,1,26,0.0,0.0,1,26,0.0,0.0,1,26,0.0,0.0,2,25,0.0,0.0,1,26,6.0,1.5,13,0,1.8542,0.5,3,0,tesla_modal,0.8542,0.0,3,0,tesla_modal,0.0,0.0
00LYPLJLYQCR,723,36.2,1,x-bow,x_bow,building,2.5,19.5,skeleton_army,8.23,skeleton_army,17,0.0,0.0,26,0.0,0.0,1,26,-0.0,-0.0,1,25,0.0,0.0,1,26,0.0,0.0,1,26,0.0,0.0,1,26,0.0,0.0,1,26,0.0,0.0,1,26,0.0,0.0,1,26,0.9616,1.0,9,0,0.0,0.0,1,26,0.0,0.0,1,26,-0.0,-0.0,1,26,8.1324,9.5024,11,0,0.9616,1.0,9,0,corner,0.9616,1.0,9,0,corner,0.0,0.0,0.0,0.0,1,26,-0.0,-0.0,1,23,0.0,0.0,1,26,0.0,0.0,1,26,0.0,0.0,1,26,0.0,0.0,1,26,0.0,0.0,1,26,0.0,0.0,1,26,0.9616,1.0,9,0,0.0,0.0,1,26,0.0,0.0,1,26,-0.0,-0.0,1,25,8.1324,9.5024,11,0,0.9616,1.0,9,0,corner,0.9616,1.0,9,0,corner,0.0,0.0
00LYPLR0C8GJ,736,36.8,1,tesla,tesla,building,9.0,22.0,hog_rider,8.58,hog_rider,3,0.0,0.0,26,0.0,0.0,7,20,-0.0,-0.0,1,20,1.0,0.5,1,8,0.0,0.0,1,26,0.0,0.0,1,26,0.0,0.0,1,26,0.0,0.0,1,26,1.0,1.0,1,26,0.0,0.0,1,26,0.0,0.0,1,26,0.0,0.0,7,20,-0.0,-0.0,1,24,5.5374,13.5425,15,1,2.0,1.5,3,8,g9_18,0.0,0.0,3,19,g9_18,1.0,1.0,0.0,0.0,3,24,0.0,0.0,1,26,1.0,0.5,1,8,0.0,0.0,1,26,0.0,0.0,1,26,0.0,0.0,1,26,0.0,0.0,1,26,1.0,1.0,1,26,0.0,0.0,1,26,0.0,0.0,1,26,0.0,0.0,7,20,0.0,0.0,1,26,5.5374,13.5425,15,1,2.0,1.5,2,8,g9_18,0.0,0.0,3,24,g9_18,1.0,1.0
00LYPLR0C8GJ,1415,70.8,1,tesla,tesla,building,10.0,20.0,mighty_miner,4.75,mighty_miner,3,0.0,0.0,26,1.0,0.0,1,2,-0.0,-0.0,1,19,0.9951,0.5,9,0,0.0,0.0,1,26,0.0,0.0,1,26,0.0,0.0,1,26,0.0,0.0,1,26,1.0,1.0,1,26,0.0,0.0,1,26,0.0,0.0,1,26,1.0,0.0,1,3,-0.0,-0.0,1,23,4.0,12.5,20,0,2.9951,1.5,2,0,tesla_modal,0.9976,0.0,2,0,tesla_modal,1.0,1.0,1.0,0.0,1,2,0.0,0.0,1,26,0.9951,0.5,9,0,0.0,0.0,1,26,0.0,0.0,1,26,0.0,0.0,1,26,0.0,0.0,1,26,1.0,1.0,1,26,0.0,0.0,1,26,0.0,0.0,1,26,1.0,0.0,1,2,0.0,0.0,1,26,4.0,12.5,20,0,2.9951,1.5,2,0,tesla_modal,0.9976,0.0,2,0,tesla_modal,1.0,1.0
00LYPLR0C8GJ,2392,119.6,1,x-bow,x_bow,building,2.5,19.5,,0.0,,0,0.0,0.0,26,0.0,0.0,1,26,0.0,0.0,1,26,0.5,0.5,1,16,0.0,0.0,1,26,0.0,0.0,1,26,0.0,0.0,1,26,0.0,0.0,1,26,0.0,0.0,1,26,0.9616,1.0,9,0,0.0,0.0,1,26,0.0,0.0,1,26,0.0,0.0,1,26,0.0,0.0,1,26,1.4616,1.5,5,0,corner,0.9616,1.0,9,0,corner,0.0,0.0,0.0,0.0,1,26,0.0,0.0,1,26,0.5,0.5,1,16,0.0,0.0,1,26,0.0,0.0,1,26,0.0,0.0,1,26,0.0,0.0,1,26,0.0,0.0,1,26,0.9616,1.0,9,0,0.0,0.0,1,26,0.0,0.0,1,26,0.0,0.0,1,26,0.0,0.0,1,26,1.4616,1.5,5,0,corner,0.9616,1.0,9,0,corner,0.0,0.0
00LYPLR0C8GJ,2451,122.6,0,tesla,tesla,building,16.0,18.0,knight,4.45,knight,1,0.0,0.0,26,0.4,0.0,5,0,-0.5455,-0.0,22,0,0.5,0.5,9,17,0.0,0.0,1,26,0.0,0.0,1,26,0.0,0.0,1,26,0.0,0.0,1,26,0.0,0.0,1,26,0.0,0.0,1,26,0.0,0.0,1,26,1.0,0.0,1,3,-0.0,-0.0,1,26,1.0,11.2047,22,0,0.3545,0.5,22,0,tesla_modal,-0.0,0.0,5,17,tesla_modal,0.0,0.0,0.4167,0.0,5,0,-0.5385,-0.0,22,0,0.5,0.5,9,17,0.0,0.0,1,26,0.0,0.0,1,26,0.0,0.0,1,26,0.0,0.0,1,26,0.0,0.0,1,26,0.0,0.0,1,26,0.0,0.0,1,26,1.0,0.0,1,3,-0.0,-0.0,1,26,1.0,11.2047,22,0,0.3782,0.5,22,0,tesla_modal,0.0125,0.0,5,0,tesla_modal,0.0,0.0
00LYPLR0C8GJ,2498,125.9,1,tesla,tesla,building,5.0,18.0,mighty_miner,2.76,mighty_miner,2,0.0,0.0,26,0.0,1.0,10,17,-0.7977,-0.0,27,0,0.5,0.5,1,16,0.0,0.0,1,26,0.0,0.0,1,26,0.0,0.0,1,26,0.0,0.0,1,26,0.7333,0.7333,1,26,0.0,0.0,1,26,0.0,0.0,1,26,1.0,1.0,1,4,-0.0,-0.0,1,25,0.5261,2.6897,27,0,0.4357,2.2333,27,0,corner,-0.3,0.75,27,0,corner,0.7333,0.7333,0.0,0.5726,9,18,0.0,0.0,1,26,0.5,0.5,1,16,0.0,0.0,1,26,0.0,0.0,1,26,0.0,0.0,1,26,0.0,0.0,1,26,0.7333,0.7333,1,26,0.0,0.0,1,26,0.0,0.0,1,26,0.6778,1.0,6,0,0.0,0.0,1,26,0.5261,2.6897,27,0,1.2333,1.8059,9,9,tesla_modal,0.0,0.4295,9,18,tesla_modal,0.7333,0.7333
00LYPLR0C8GJ,2967,148.4,1,tesla,tesla,building,9.0,18.0,hog_rider,4.9,hog_rider,3,0.0,0.0,26,1.0,0.85,1,2,-0.0,-0.1667,1,19,0.2332,0.5,17,1,0.0,0.0,1,26,0.0,0.0,1,26,0.0,0.0,1,26,0.0,0.0,1,26,1.0,1.0,1,26,0.0,0.0,1,26,0.0,0.0,1,26,1.0,0.894,1,4,-0.0,-0.1177,1,22,5.0,1.5,15,3,2.2332,2.1833,2,1,tesla_modal,0.6166,0.4708,2,1,tesla_modal,1.0,1.0,1.0,0.0718,1,2,0.0,0.0,1,26,0.2332,0.5,17,1,0.0,0.0,1,26,0.0,0.0,1,26,0.0,0.0,1,26,0.0,0.0,1,26,1.0,1.0,1,26,0.0,0.0,1,26,0.0,0.0,1,26,1.0,0.1158,1,3,0.0,0.0,1,26,5.0,1.5,15,3,2.2332,1.5718,2,1,tesla_modal,0.6166,0.0538,2,1,tesla_modal,1.0,1.0
00LYPLR0C8GJ,3351,167.6,1,tesla,tesla,building,9.0,19.0,mighty_miner,5.07,mighty_miner,3,0.0,0.0,26,0.0,0.4572,5,22,-0.0,-0.4176,1,19,0.4951,0.5,17,0,0.0,0.0,1,26,0.0,0.0,1,26,0.0,0.0,1,26,0.0,0.0,1,26,1.0,1.0,1,26,0.0,0.0,1,26,0.0,0.0,1,26,0.0,0.4572,7,20,-0.0,-0.4176,1,20,5.0653,1.5143,15,0,1.4951,1.5396,12,0,tesla_true,0.0,0.0429,3,19,tesla_true,1.0,1.0,0.0,0.0,2,25,0.0,0.0,1,26,0.4951,0.5,17,0,0.0,0.0,1,26,0.0,0.0,1,26,0.0,0.0,1,26,0.0,0.0,1,26,1.0,1.0,1,26,0.0,0.0,1,26,0.0,0.0,1,26,0.0,0.0,3,24,0.0,0.0,1,26,5.0653,1.5143,15,0,1.4951,1.5,17,0,tesla_true,0.0,0.0,2,25,tesla_true,1.0,1.0
00LYPLR200VU,864,43.2,1,tesla,tesla,building,8.0,22.0,bowler,10.54,bowler,2,0.0,0.0,26,0.0,0.82,9,18,0.0,0.0,1,26,1.0,0.5,1,8,0.0,0.0,1,26,0.0,0.0,1,26,0.0,0.0,1,26,0.0,0.0,1,26,1.0,1.0,1,26,0.0,0.0,1,26,0.0,0.0,1,26,0.0,0.0,3,24,0.0,0.0,1,26,7.8134,4.6401,19,0,2.0,2.32,7,7,g9_18,0.0,0.615,9,18,g9_18,1.0,1.0,0.0412,0.6492,9,0,0.0,0.0,1,26,1.0,0.5,1,8,0.0,0.0,1,26,0.0,0.0,1,26,0.0,0.0,1,26,0.0,0.0,1,26,1.0,1.0,1,26,0.0,0.0,1,26,0.0,0.0,1,26,0.0,0.0564,4,23,0.0,0.0,1,26,7.8134,4.6401,19,0,2.0412,2.1492,6,0,lane,0.0412,0.4869,8,0,lane,1.0,1.0
00LYPLR200VU,2072,103.6,1,x-bow,x_bow,building,15.5,19.5,inferno_dragon,20.74,inferno_dragon,1,0.0,0.0,26,0.0,0.4824,10,17,0.0,0.0,1,26,0.5,0.0,1,17,0.0,0.0,1,26,0.0,0.0,1,26,0.0,0.0,1,26,0.0,0.0,1,26,0.0,0.0,1,26,0.9616,1.0,9,0,0.0,0.0,1,26,0.0,0.0,1,26,0.0,0.0,1,26,8.4155,3.4648,2,0,1.4616,1.4824,5,0,bow_modal_R,0.9616,1.0,9,0,corner,0.0,0.0,0.0,0.7699,10,17,0.0,0.0,1,26,0.5,0.0,1,17,0.0,0.0,1,26,0.0,0.0,1,26,0.0,0.0,1,26,0.0,0.0,1,26,0.0,0.0,1,26,0.9616,1.0,9,0,0.0,0.0,1,26,0.0,0.0,1,26,0.0,0.0,1,26,8.4155,3.4648,2,0,1.4616,1.7699,8,0,corner,0.9616,1.0,9,0,corner,0.0,0.0
00LYPLR200VU,2667,133.4,1,tesla,tesla,building,8.0,21.0,inferno_dragon,1.0,inferno_dragon,2,0.0,0.0,26,0.0,0.0,6,21,0.0,0.0,1,26,0.5,0.0,1,17,0.0,0.0,1,26,0.0,0.0,1,26,0.0,0.0,1,26,0.0,0.0,1,26,1.0,1.0,1,26,0.0,0.0,1,26,0.0,0.0,1,26,0.0,0.0,7,20,0.0,0.0,1,26,1.0017,6.1206,24,0,1.5,1.0,5,16,g9_18,0.0,0.0,6,21,g9_18,1.0,1.0,0.0,0.0,6,21,0.0,0.0,1,26,0.5,0.0,1,17,0.0,0.0,1,26,0.0,0.0,1,26,0.0,0.0,1,26,0.0,0.0,1,26,1.0,1.0,1,26,0.0,0.0,1,26,0.0,0.0,1,26,0.0,0.0,8,19,0.0,0.0,1,26,1.0017,6.1206,24,0,1.5,1.0,5,16,knight_cell,0.0,0.0,6,21,g9_18,1.0,1.0
00LYPLR200VU,3108,155.4,1,tesla,tesla,building,8.0,19.0,balloon,6.45,balloon,3,0.0,0.0,26,0.0,0.0,2,25,-0.0,-0.0,1,24,0.2692,0.0,18,0,0.0,0.0,1,26,0.0,0.0,1,26,0.0,0.0,1,26,0.0,0.0,1,26,1.0,1.0,1,26,0.0,0.0,1,26,0.0,0.0,1,26,0.0,0.0,2,25,-0.0,-0.0,1,26,6.4482,8.9813,11,0,1.2692,1.0,17,0,g9_26,0.0,0.0,2,24,g9_26,1.0,1.0,0.0,0.0,1,26,0.0,0.0,1,26,0.2692,0.0,18,0,0.0,0.0,1,26,0.0,0.0,1,26,0.0,0.0,1,26,0.0,0.0,1,26,1.0,1.0,1,26,0.0,0.0,1,26,0.0,0.0,1,26,0.0,0.0,1,26,0.0,0.0,1,26,6.4482,8.9813,11,0,1.2692,1.0,18,0,centre,0.0,0.0,1,26,corner,1.0,1.0
00LYPLR200VU,3446,172.3,1,tesla,tesla,building,8.0,22.0,baby_dragon,4.64,baby_dragon,5,0.0,0.0,26,1.0,0.0,1,2,0.0,0.0,1,26,0.5,0.0,1,17,0.0,0.0,1,26,0.0,0.0,1,26,0.0,0.0,1,26,0.0,0.0,1,26,1.0,1.0,1,26,0.0,0.0,1,26,0.0,0.0,1,26,1.0,0.0,1,2,0.0,0.0,1,26,4.6381,9.7439,19,0,2.5,1.0,1,2,centre,0.75,0.0,1,2,centre,1.0,1.0,1.0,0.0,1,4,0.0,0.0,1,26,0.5,0.0,1,17,0.0,0.0,1,26,0.0,0.0,1,26,0.0,0.0,1,26,0.0,0.0,1,26,1.0,1.0,1,26,0.0,0.0,1,26,0.0,0.0,1,26,1.0,0.0,1,5,0.0,0.0,1,26,4.6381,9.7439,19,0,2.5,1.0,1,4,centre,0.75,0.0,1,4,centre,1.0,1.0
00LYPLR222YQ,602,30.1,1,tesla,tesla,building,6.0,18.0,cannon_cart,12.05,cannon_cart,1,0.0,0.0,26,0.0,0.0,4,23,0.0,0.0,1,26,0.5,0.5,9,17,0.0,0.0,1,26,0.0,0.0,1,26,0.0,0.0,1,26,0.0,0.0,1,26,0.0,0.0,1,26,0.0,0.0,1,26,0.0,0.0,1,26,0.0,0.0,1,26,0.0,0.0,1,26,2.0,1.5,20,0,0.5,0.5,10,17,tesla_modal,0.0,0.0,4,23,tesla_modal,0.0,0.0,0.2278,0.0,4,0,0.0,0.0,1,26,0.5,0.5,9,17,0.0,0.0,1,26,0.0,0.0,1,26,0.0,0.0,1,26,0.0,0.0,1,26,0.0,0.0,1,26,0.0,0.0,1,26,0.0,0.0,1,26,0.0,0.0,1,26,0.0,0.0,1,26,2.0,1.5,20,0,0.7278,0.5,10,0,tesla_modal,0.1708,0.0,4,0,tesla_modal,0.0,0.0
00LYPLU8C8JP,715,35.8,1,tesla,tesla,building,10.0,22.0,miner,2.05,miner,3,0.0,0.0,26,0.9248,0.0,1,0,-0.0684,-0.0,23,0,1.0,0.5,1,8,0.0,0.0,1,26,0.0,0.0,1,26,0.0,0.0,1,26,0.0,0.0,1,26,1.0,1.0,1,26,0.0,0.0,1,26,0.0,0.0,1,26,0.9248,0.0,1,1,-0.0684,-0.0,24,1,2.0495,11.2047,23,0,2.8564,1.5,1,0,g15_22,0.8564,0.0,1,0,g15_22,1.0,1.0,0.3465,0.0,1,0,0.0,0.0,1,26,1.0,0.5,1,8,0.0,0.0,1,26,0.0,0.0,1,26,0.0,0.0,1,26,0.0,0.0,1,26,1.0,1.0,1,26,0.0,0.0,1,26,0.0,0.0,1,26,0.3465,0.0,1,1,0.0,0.0,1,26,2.0495,11.2047,23,0,2.3465,1.5,1,0,centre,0.3465,0.0,1,0,g15_22,1.0,1.0
00LYPLU8C8JP,1232,61.6,1,x-bow,x_bow,building,2.5,19.5,,0.0,,1,0.0,0.0,26,0.0,0.0,1,26,0.0,0.0,1,26,0.5,0.5,11,16,0.0,0.0,1,26,0.0,0.0,1,26,0.0,0.0,1,26,0.0,0.0,1,26,0.0,0.0,1,26,0.9616,1.0,9,0,0.0,0.0,1,26,0.0,0.0,1,26,0.0,0.0,1,26,0.0,0.0,1,26,1.4616,1.5,9,0,g9_18,0.9616,1.0,9,0,corner,0.0,0.0,0.0,0.0,1,26,0.0,0.0,1,26,0.5,0.5,11,16,0.0,0.0,1,26,0.0,0.0,1,26,0.0,0.0,1,26,0.0,0.0,1,26,0.0,0.0,1,26,0.9616,1.0,9,0,0.0,0.0,1,26,0.0,0.0,1,26,0.0,0.0,1,26,0.0,0.0,1,26,1.4616,1.5,9,0,g9_18,0.9616,1.0,9,0,corner,0.0,0.0
00LYPLU8C8JP,1444,72.2,1,tesla,tesla,building,8.0,20.0,balloon,5.52,balloon,1,0.0,0.0,26,1.0,0.5922,1,2,-0.0,-0.7414,1,22,0.9951,0.5,9,0,0.0,0.0,1,26,0.0,0.0,1,26,0.0,0.0,1,26,0.0,0.0,1,26,1.0,1.0,1,26,0.0,0.0,1,26,0.0,0.0,1,26,1.0,0.597,1,2,-0.0,-0.7328,1,22,5.0227,0.2845,21,0,2.9951,1.3508,1,0,lane,0.9976,0.1442,1,0,lane,1.0,1.0,1.0,0.0,1,0,0.0,0.0,1,26,0.9951,0.5,9,0,0.0,0.0,1,26,0.0,0.0,1,26,0.0,0.0,1,26,0.0,0.0,1,26,1.0,1.0,1,26,0.0,0.0,1,26,0.0,0.0,1,26,1.0,0.0,1,0,0.0,0.0,1,26,5.0227,0.2845,21,0,2.9951,1.5,1,0,centre,0.9976,0.0,1,0,g3_22,1.0,1.0
00LYPLU8C8JP,2441,122.1,1,x-bow,x_bow,building,1.5,12.5,,0.0,,0,0.0,0.0,26,0.0,0.0,1,26,0.0,0.0,1,26,0.0,0.5,27,0,0.0,0.0,1,26,0.0,0.0,1,26,0.0,0.0,1,26,0.0,0.0,1,26,0.0,0.0,1,26,0.0,0.0,5,22,0.0,0.0,1,26,0.0,0.0,1,26,0.0,0.0,1,26,0.0,0.0,1,26,0.0,0.5,27,0,g9_18,0.0,0.0,5,22,bow_modal_R,0.0,0.0,0.0,0.0,1,26,0.0,0.0,1,26,0.0,0.5,27,0,0.0,0.0,1,26,0.0,0.0,1,26,0.0,0.0,1,26,0.0,0.0,1,26,0.0,0.0,1,26,0.0,0.0,5,22,0.0,0.0,1,26,0.0,0.0,1,26,0.0,0.0,1,26,0.0,0.0,1,26,0.0,0.5,27,0,g9_18,0.0,0.0,5,22,bow_modal_R,0.0,0.0
00LYPLU8VV0C,808,40.4,1,tesla,tesla,building,9.0,21.0,zappies,5.93,zappies,6,0.0,0.0,26,0.0,0.0,2,25,0.0,0.0,1,26,1.0,0.5,1,8,0.0,0.0,1,26,0.0,0.0,1,26,0.0,0.0,1,26,0.0,0.0,1,26,1.0,1.0,1,26,0.0,0.0,1,26,0.0,0.0,1,26,0.4833,0.0,2,1,0.0,0.0,1,26,3.2947,11.109,19,1,2.0,1.5,1,8,centre,0.0,0.0,2,25,g9_18,1.0,1.0,0.8741,0.0,2,1,0.0,0.0,1,26,1.0,0.5,1,8,0.0,0.0,1,26,0.0,0.0,1,26,0.0,0.0,1,26,0.0,0.0,1,26,1.0,1.0,1,26,0.0,0.0,1,26,0.0,0.0,1,26,0.8368,0.0,4,1,0.0,0.0,1,26,3.2947,11.109,19,1,2.8741,1.5,1,1,tesla_modal,0.8741,0.0,1,1,tesla_modal,1.0,1.0
00LYPLU8VV0C,1871,93.6,1,tesla,tesla,building,9.0,21.0,zappies,17.25,zappies,3,0.0,0.0,26,0.75,0.0,1,3,0.0,0.0,1,26,1.0,0.5,1,8,0.0,0.0,1,26,0.0,0.0,1,26,0.0,0.0,1,26,0.0,0.0,1,26,0.0,0.0,1,26,0.0,0.0,1,26,0.0,0.0,1,26,0.0,0.0,1,26,0.0,0.0,1,26,5.0,12.5,14,3,1.75,0.5,1,2,tesla_modal,0.75,0.0,1,2,tesla_modal,0.0,0.0,1.0,0.0,1,3,0.0,0.0,1,26,1.0,0.5,1,8,0.0,0.0,1,26,0.0,0.0,1,26,0.0,0.0,1,26,0.0,0.0,1,26,0.0,0.0,1,26,0.0,0.0,1,26,0.0,0.0,1,26,0.0,0.0,1,26,0.0,0.0,1,26,5.0,12.5,14,3,2.0,0.5,1,2,tesla_modal,1.0,0.0,1,2,tesla_modal,0.0,0.0
00LYPLU8VV0C,2258,112.9,1,x-bow,x_bow,building,15.5,19.5,royal_ghost,12.39,royal_ghost,4,0.0,0.0,26,0.0,0.0754,6,21,-0.0,-0.8405,1,20,0.5,0.5,11,16,0.0,0.0,1,26,0.0,0.0,1,26,0.0,0.0,1,26,0.0,0.0,1,26,0.6323,0.6323,1,26,0.9616,1.0,9,0,0.0,0.0,1,26,0.0,0.4223,7,20,-0.0,-0.5252,1,22,12.3909,0.3509,6,0,2.0939,1.3672,5,0,g9_18,0.9616,0.7,5,0,bow_modal_R,0.6323,0.6323,0.0,0.0,2,25,0.0,0.0,1,26,0.5,0.5,11,16,0.0,0.0,1,26,0.0,0.0,1,26,0.0,0.0,1,26,0.0,0.0,1,26,0.0,0.0,1,26,0.9616,1.0,9,0,0.0,0.0,1,26,0.0,0.0,3,24,0.0,0.0,1,26,12.3909,0.3509,6,0,1.4616,1.5,9,0,g9_18,0.9616,1.0,9,0,corner,0.0,0.0
00LYPLU8VV0C,2624,131.2,1,tesla,tesla,building,9.0,19.0,mother_witch_hog,4.95,mother_witch_hog,5,0.0,0.0,26,1.0,0.9669,1,2,-0.0,-0.0379,1,19,0.9902,0.5,9,0,0.0,0.0,1,26,0.0,0.0,1,26,0.0,0.0,1,26,0.0,0.0,1,26,1.0,1.0,1,26,0.0,0.0,1,26,0.0,0.0,1,26,1.0,1.0,1,4,-0.0,-0.0,1,23,4.8268,1.6837,17,0,2.9902,2.429,2,0,tesla_modal,0.9951,0.6873,2,0,tesla_modal,1.0,1.0,1.0,0.928,1,2,-0.0,-0.0788,1,19,0.9902,0.5,9,0,0.0,0.0,1,26,0.0,0.0,1,26,0.0,0.0,1,26,0.0,0.0,1,26,1.0,1.0,1,26,0.0,0.0,1,26,0.0,0.0,1,26,1.0,1.0,1,5,-0.0,-0.0,1,23,4.8268,1.6837,17,0,2.9902,2.3492,2,0,tesla_modal,0.9951,0.6172,2,0,tesla_modal,1.0,1.0
00LYPLU8VV0C,3153,157.7,1,tesla,tesla,building,9.0,21.0,giant_skeleton,7.85,giant_skeleton,5,0.0,0.0,26,1.0,0.0,1,3,-0.0,-0.0,1,20,1.0,0.5,1,8,0.0,0.0,1,26,0.0,0.0,1,26,0.0,0.0,1,26,0.0,0.0,1,26,0.0,0.0,1,26,0.0,0.0,1,26,0.0,0.0,1,26,0.0,0.0,5,22,-0.0,-0.0,1,26,5.0,12.5,14,3,2.0,0.5,1,2,tesla_modal,1.0,0.0,1,2,tesla_modal,0.0,0.0,1.0,0.0,1,3,-0.0,-0.0,1,20,1.0,0.5,1,8,0.0,0.0,1,26,0.0,0.0,1,26,0.0,0.0,1,26,0.0,0.0,1,26,0.0,0.0,1,26,0.0,0.0,1,26,0.0,0.0,1,26,0.0,0.0,5,22,-0.0,-0.0,1,26,5.0,12.5,14,3,2.0,0.5,1,2,tesla_modal,1.0,0.0,1,2,tesla_modal,0.0,0.0
00LYPLU8VV0C,3451,172.6,1,tesla,tesla,building,17.0,19.0,zappies,2.34,zappies,5,0.0,0.0,26,0.0,0.0,3,24,0.0,0.0,1,26,0.5,0.5,9,17,0.0,0.0,1,26,0.0,0.0,1,26,0.0,0.0,1,26,0.0,0.0,1,26,1.0,1.0,1,26,0.0,0.0,1,26,0.0,0.0,1,26,0.0,0.0,3,24,0.0,0.0,1,26,2.3851,12.0879,20,0,1.5,1.5,10,17,tesla_modal,0.0,0.0,3,24,tesla_modal,1.0,1.0,0.4193,0.0,3,0,0.0,0.0,1,26,0.5,0.5,9,17,0.0,0.0,1,26,0.0,0.0,1,26,0.0,0.0,1,26,0.0,0.0,1,26,1.0,1.0,1,26,0.0,0.0,1,26,0.0,0.0,1,26,0.445,0.0,4,0,0.0,0.0,1,26,2.3851,12.0879,20,0,1.9193,1.5,10,0,tesla_modal,0.3145,0.0,3,0,tesla_modal,1.0,1.0
00LYPLU8VV0C,3887,194.4,1,tesla,tesla,building,9.0,21.0,mother_witch_hog,5.04,mother_witch_hog,5,0.0,0.0,26,1.0,0.0,1,5,-0.0,-0.0,1,21,1.0,0.5,1,8,0.0,0.0,1,26,0.0,0.0,1,26,0.0,0.0,1,26,0.0,0.0,1,26,1.0,1.0,1,26,0.0,0.0,1,26,0.0,0.0,1,26,1.0,0.0,1,4,-0.0,-0.0,1,23,4.5599,11.8322,15,1,3.0,1.5,1,3,tesla_modal,1.0,0.0,1,3,tesla_modal,1.0,1.0,1.0,0.0,1,5,-0.0,-0.0,1,21,1.0,0.5,1,8,0.0,0.0,1,26,0.0,0.0,1,26,0.0,0.0,1,26,0.0,0.0,1,26,1.0,1.0,1,26,0.0,0.0,1,26,0.0,0.0,1,26,1.0,0.0,1,6,-0.0,-0.0,1,23,4.5599,11.8322,15,1,3.0,1.5,1,3,tesla_modal,1.0,0.0,1,3,tesla_modal,1.0,1.0
00LYPLU8VV0C,4415,220.8,1,tesla,tesla,building,9.0,21.0,zappies,11.5,zappies,4,0.0,0.0,26,0.75,0.0,1,3,0.0,0.0,1,26,1.0,0.5,1,8,0.0,0.0,1,26,0.0,0.0,1,26,0.0,0.0,1,26,0.0,0.0,1,26,0.0,0.0,1,26,0.0,0.0,1,26,0.0,0.0,1,26,0.0,0.0,1,26,0.0,0.0,1,26,5.0,1.5,15,3,1.75,0.5,1,2,tesla_modal,0.75,0.0,1,2,tesla_modal,0.0,0.0,1.0,0.0,1,3,0.0,0.0,1,26,1.0,0.5,1,8,0.0,0.0,1,26,0.0,0.0,1,26,0.0,0.0,1,26,0.0,0.0,1,26,0.0,0.0,1,26,0.0,0.0,1,26,0.0,0.0,1,26,0.0,0.0,1,26,0.0,0.0,1,26,5.0,1.5,15,3,2.0,0.5,1,2,tesla_modal,1.0,0.0,1,2,tesla_modal,0.0,0.0
00LYPLU8VV0C,4801,240.1,1,tesla,tesla,building,10.0,18.0,zappies,3.65,zappies,5,0.0,0.0,26,0.123,0.0,1,0,0.0,0.0,1,26,0.443,0.5,27,0,0.0,0.0,1,26,0.0,0.0,1,26,0.0,0.0,1,26,0.0,0.0,1,26,1.0,1.0,1,26,0.0,0.0,1,26,0.0,0.0,1,26,0.123,0.0,1,0,0.0,0.0,1,26,3.746,11.9867,20,0,1.566,1.5,9,0,centre,0.0888,0.0,1,0,corner,1.0,1.0,1.0,0.0,1,0,0.0,0.0,1,26,0.443,0.5,27,0,0.0,0.0,1,26,0.0,0.0,1,26,0.0,0.0,1,26,0.0,0.0,1,26,1.0,1.0,1,26,0.0,0.0,1,26,0.0,0.0,1,26,1.0,0.0,1,0,0.0,0.0,1,26,3.746,11.9867,20,0,2.443,1.5,1,0,centre,0.7215,0.0,1,0,corner_R,1.0,1.0
00LYPLU8VV0C,5067,253.4,1,tesla,tesla,building,9.0,21.0,barbarians,4.99,barbarians,9,0.0,0.0,26,0.0,0.0,3,24,-0.0,-0.0,1,23,1.0,0.5,1,8,0.0,0.0,1,26,0.0,0.0,1,26,0.0,0.0,1,26,0.0,0.0,1,26,1.0,1.0,1,26,0.0,0.0,1,26,0.0,0.0,1,26,0.0,0.0,3,24,-0.0,-0.0,1,24,4.9874,12.8656,15,1,2.0,1.5,2,8,lane_R,0.0,0.0,2,23,lane_R,1.0,1.0,0.0,0.0,3,24,-0.0,-0.0,1,23,1.0,0.5,1,8,0.0,0.0,1,26,0.0,0.0,1,26,0.0,0.0,1,26,0.0,0.0,1,26,1.0,1.0,1,26,0.0,0.0,1,26,0.0,0.0,1,26,0.0,0.0,3,24,-0.0,-0.0,1,24,4.9874,12.8656,15,1,2.0,1.5,1,8,centre,0.0,0.0,2,23,lane_R,1.0,1.0
00LYPLU8YQVQ,548,27.4,1,tesla,tesla,building,6.0,18.0,archers,7.6,archers,3,0.0,0.0,26,0.0,0.0,4,23,0.0,0.0,1,26,0.5,0.5,9,17,0.0,0.0,1,26,0.0,0.0,1,26,0.0,0.0,1,26,0.0,0.0,1,26,0.3323,0.3323,1,26,0.0,0.0,1,26,0.0,0.0,1,26,0.0,0.0,6,21,0.0,0.0,1,26,7.6048,12.0166,9,0,0.8323,0.8323,10,17,tesla_modal,0.0,0.0,4,23,tesla_modal,0.3323,0.3323,0.0,0.0,4,23,0.0,0.0,1,26,0.5,0.5,9,17,0.0,0.0,1,26,0.0,0.0,1,26,0.0,0.0,1,26,0.0,0.0,1,26,0.3323,0.3323,1,26,0.0,0.0,1,26,0.0,0.0,1,26,0.0,0.0,7,20,0.0,0.0,1,26,7.6048,12.0166,9,0,0.8323,0.8323,10,17,tesla_modal,0.0,0.0,4,23,tesla_modal,0.3323,0.3323
00LYPLU8YQVQ,655,32.8,0,x-bow,x_bow,building,2.5,19.5,knight,10.61,knight,1,0.0,0.0,26,0.0,0.0,10,17,-0.0,-0.0,1,23,0.5,0.5,11,16,0.0,0.0,1,26,0.0,0.0,1,26,0.0,0.0,1,26,0.0,0.0,1,26,0.0,0.0,1,26,0.9616,1.0,5,0,0.0,0.0,1,26,0.0,0.0,10,17,-0.0,-0.0,1,24,9.9986,11.0396,10,0,1.4616,1.5,11,0,tesla_modal,0.9616,1.0,8,0,corner,0.0,0.0,0.0,0.0,10,17,-0.0,-0.0,1,23,0.5,0.5,11,16,0.0,0.0,1,26,0.0,0.0,1,26,0.0,0.0,1,26,0.0,0.0,1,26,0.0,0.0,1,26,0.9616,1.0,9,0,0.0,0.0,1,26,0.0,0.0,10,17,-0.0,-0.0,1,24,9.9986,11.0396,10,0,1.4616,1.5,13,0,g9_18,0.9616,1.0,10,0,corner,0.0,0.0
00LYPLU8YQVQ,1296,64.8,0,x-bow,x_bow,building,15.5,19.5,knight,16.37,knight,4,0.0,0.0,26,0.0,0.6,8,19,-0.0,-0.3636,1,19,0.5,0.5,11,16,0.0,0.0,1,26,0.0,0.0,1,26,0.0,0.0,1,26,0.0,0.0,1,26,0.0,0.0,1,26,0.9616,1.0,9,0,0.0,0.0,1,26,0.0,0.0,1,26,-0.0,-0.0,1,26,11.4,1.4,3,0,1.4616,1.7364,9,0,g9_18,0.9616,0.7,7,0,tesla_modal,0.0,0.0,0.0,0.6167,8,19,-0.0,-0.3538,1,19,0.5,0.5,11,16,0.0,0.0,1,26,0.0,0.0,1,26,0.0,0.0,1,26,0.0,0.0,1,26,0.0,0.0,1,26,0.9616,1.0,9,0,0.0,0.0,1,26,0.0,0.0,1,26,-0.0,-0.0,1,26,11.4,1.4,3,0,1.4616,1.7628,9,0,g9_18,0.9616,0.7,7,0,tesla_modal,0.0,0.0
00LYPLU8YQVQ,1766,88.3,0,tesla,tesla,building,12.0,18.0,knight,1.87,knight,1,0.0,0.0,26,0.8346,0.0,3,0,-0.1504,-0.0,23,0,0.5,0.5,9,17,0.0,0.0,1,26,0.0,0.0,1,26,0.0,0.0,1,26,0.0,0.0,1,26,1.0,1.0,1,26,0.0,0.0,1,26,0.0,0.0,1,26,0.8346,0.0,5,0,-0.1504,-0.0,25,0,1.8692,12.3518,23,0,2.1842,1.5,5,0,tesla_modal,0.4756,0.0,5,0,tesla_modal,1.0,1.0,0.8513,0.0,3,0,-0.1373,-0.0,23,0,0.5,0.5,9,17,0.0,0.0,1,26,0.0,0.0,1,26,0.0,0.0,1,26,0.0,0.0,1,26,1.0,1.0,1,26,0.0,0.0,1,26,0.0,0.0,1,26,0.8513,0.0,5,0,-0.1373,-0.0,25,0,1.8692,12.3518,23,0,2.214,1.5,5,0,tesla_modal,0.5012,0.0,5,0,tesla_modal,1.0,1.0
00LYPLU8YQVQ,2223,111.2,1,x-bow,x_bow,building,15.5,19.5,,0.0,,0,0.0,0.0,26,0.0,0.0,1,26,0.0,0.0,1,26,0.5,0.5,11,16,0.0,0.0,1,26,0.0,0.0,1,26,0.0,0.0,1,26,0.0,0.0,1,26,0.0,0.0,1,26,0.9616,1.0,9,0,0.0,0.0,1,26,0.0,0.0,1,26,0.0,0.0,1,26,0.0,0.0,1,26,1.4616,1.5,9,0,g9_18,0.9616,1.0,9,0,corner,0.0,0.0,0.0,0.0,1,26,0.0,0.0,1,26,0.5,0.5,11,16,0.0,0.0,1,26,0.0,0.0,1,26,0.0,0.0,1,26,0.0,0.0,1,26,0.0,0.0,1,26,0.9616,1.0,9,0,0.0,0.0,1,26,0.0,0.0,1,26,0.0,0.0,1,26,0.0,0.0,1,26,1.4616,1.5,9,0,g9_18,0.9616,1.0,9,0,corner,0.0,0.0
00LYPLU8YQVQ,2552,127.6,0,x-bow,x_bow,building,15.5,19.5,,0.0,,0,0.0,0.0,26,0.0,0.0,1,26,0.0,0.0,1,26,0.5,0.5,11,16,0.0,0.0,1,26,0.0,0.0,1,26,0.0,0.0,1,26,0.0,0.0,1,26,0.0,0.0,1,26,0.9616,1.0,9,0,0.0,0.0,1,26,0.0,0.0,1,26,0.0,0.0,1,26,0.0,0.0,1,26,1.4616,1.5,9,0,g9_18,0.9616,1.0,9,0,corner,0.0,0.0,0.0,0.0,1,26,0.0,0.0,1,26,0.5,0.5,11,16,0.0,0.0,1,26,0.0,0.0,1,26,0.0,0.0,1,26,0.0,0.0,1,26,0.0,0.0,1,26,0.9616,1.0,9,0,0.0,0.0,1,26,0.0,0.0,1,26,0.0,0.0,1,26,0.0,0.0,1,26,1.4616,1.5,9,0,g9_18,0.9616,1.0,9,0,corner,0.0,0.0
00LYPLU8YQVQ,2629,131.5,1,tesla,tesla,building,6.0,18.0,,0.0,,3,0.0,0.0,26,0.0,0.0,1,26,0.0,0.0,1,26,0.5,0.5,9,17,0.0,0.0,1,26,0.0,0.0,1,26,0.0,0.0,1,26,0.0,0.0,1,26,0.0,0.0,1,26,0.0,0.0,1,26,0.0,0.0,1,26,0.0,0.0,1,26,0.0,0.0,1,26,0.0,0.0,1,26,0.5,0.5,9,17,centre,0.0,0.0,1,26,corner,0.0,0.0,0.0,0.0,1,26,0.0,0.0,1,26,0.5,0.5,9,17,0.0,0.0,1,26,0.0,0.0,1,26,0.0,0.0,1,26,0.0,0.0,1,26,0.0,0.0,1,26,0.0,0.0,1,26,0.0,0.0,1,26,0.0,0.0,1,26,0.0,0.0,1,26,0.0,0.0,1,26,0.5,0.5,9,17,centre,0.0,0.0,1,26,corner,0.0,0.0
00LYPLU8YQVQ,2666,133.3,0,tesla,tesla,building,13.0,18.0,knight,8.15,knight,1,0.0,0.0,26,0.0,1.0,9,18,-0.0,-0.0,1,21,0.5,0.5,9,17,0.0,0.0,1,26,0.0,0.0,1,26,0.0,0.0,1,26,0.0,0.0,1,26,1.0,1.0,1,26,0.0,0.0,1,26,0.0,0.0,1,26,0.0,1.0,10,17,-0.0,-0.0,1,25,8.1533,2.2293,10,0,1.5,2.5,13,10,tesla_modal,0.0,0.75,7,16,tesla_modal,1.0,1.0,0.0,1.0,9,18,-0.0,-0.0,1,21,0.5,0.5,9,17,0.0,0.0,1,26,0.0,0.0,1,26,0.0,0.0,1,26,0.0,0.0,1,26,1.0,1.0,1,26,0.0,0.0,1,26,0.0,0.0,1,26,0.0,1.0,10,17,-0.0,-0.0,1,25,8.1533,2.2293,10,0,1.5,2.5,13,10,tesla_modal,0.0,0.75,7,16,tesla_modal,1.0,1.0
00LYPLU8YQVQ,2898,144.9,1,x-bow,x_bow,building,15.5,19.5,archers,18.65,archers,2,0.0,0.0,26,0.0,0.0,4,23,0.0,0.0,1,26,0.5,0.5,11,16,0.0,0.0,1,26,0.0,0.0,1,26,0.0,0.0,1,26,0.0,0.0,1,26,0.0,0.0,1,26,0.9616,0.0,4,0,0.0,0.0,1,26,0.0,0.0,1,26,0.0,0.0,1,26,0.4,12.4,22,1,1.4616,0.5,5,0,g9_18,0.9616,0.0,5,0,bow_modal_R,0.0,0.0,0.0,0.0,5,22,0.0,0.0,1,26,0.5,0.5,11,16,0.0,0.0,1,26,0.0,0.0,1,26,0.0,0.0,1,26,0.0,0.0,1,26,0.0,0.0,1,26,0.9616,1.0,9,0,0.0,0.0,1,26,0.0,0.0,1,26,0.0,0.0,1,26,0.4,12.4,22,1,1.4616,1.5,11,0,g9_18,0.9616,1.0,11,0,corner,0.0,0.0
00LYPLU8YQVQ,2902,145.1,0,x-bow,x_bow,building,15.5,19.5,knight,11.69,knight,1,0.0,0.0,26,0.0,0.0,2,25,-0.0,-0.0,1,23,0.5,0.5,11,16,0.0,0.0,1,26,0.0,0.0,1,26,0.0,0.0,1,26,0.0,0.0,1,26,0.0,0.0,1,26,0.9616,0.0,4,0,0.0,0.0,1,26,0.0,0.0,2,25,-0.0,-0.0,1,24,11.592,4.3221,4,0,1.4616,0.5,4,0,bow_modal_R,0.9616,0.0,4,0,bow_modal_R,0.0,0.0,0.0,0.0,2,25,-0.0,-0.0,1,23,0.5,0.5,11,16,0.0,0.0,1,26,0.0,0.0,1,26,0.0,0.0,1,26,0.0,0.0,1,26,0.0,0.0,1,26,0.9616,1.0,9,0,0.0,0.0,1,26,0.0,0.0,2,25,-0.0,-0.0,1,24,11.592,4.3221,4,0,1.4616,1.5,9,0,g9_18,0.9616,1.0,9,0,corner,0.0,0.0
00LYPLU8YQVQ,3169,158.5,0,tesla,tesla,building,13.0,18.0,knight,8.55,knight,4,0.0,0.0,26,0.0,0.712,9,18,-0.0,-0.2619,1,20,0.5,0.5,9,17,0.0,0.0,1,26,0.0,0.0,1,26,0.0,0.0,1,26,0.0,0.0,1,26,1.0,1.0,1,26,0.0,0.0,1,26,0.0,0.0,1,26,0.0,0.8809,9,18,-0.0,-0.1082,1,21,8.5515,1.6239,13,0,1.5,1.9501,12,11,tesla_modal,0.0,0.2721,5,18,tesla_modal,1.0,1.0,0.0,0.7286,9,18,-0.0,-0.2505,1,20,0.5,0.5,9,17,0.0,0.0,1,26,0.0,0.0,1,26,0.0,0.0,1,26,0.0,0.0,1,26,1.0,1.0,1,26,0.0,0.0,1,26,0.0,0.0,1,26,0.0,0.8976,9,18,-0.0,-0.0945,1,21,8.5515,1.6239,13,0,1.5,1.9781,12,11,tesla_modal,0.0,0.296,5,18,tesla_modal,1.0,1.0
00LYPLU8YQVQ,3173,158.7,1,tesla,tesla,building,6.0,18.0,archers,4.39,archers,2,0.0,0.0,26,0.0,0.0,4,23,0.0,0.0,1,26,0.5,0.5,9,17,0.0,0.0,1,26,0.0,0.0,1,26,0.0,0.0,1,26,0.0,0.0,1,26,0.0,0.0,1,26,0.0,0.0,1,26,0.0,0.0,1,26,0.923,0.923,2,1,0.0,0.0,1,26,2.0,1.5,20,0,0.5,0.5,10,17,tesla_modal,0.0,0.0,4,23,tesla_modal,0.0,0.0,0.2278,0.0,4,0,0.0,0.0,1,26,0.5,0.5,9,17,0.0,0.0,1,26,0.0,0.0,1,26,0.0,0.0,1,26,0.0,0.0,1,26,0.0,0.0,1,26,0.0,0.0,1,26,0.0,0.0,1,26,0.9312,0.9312,3,1,0.0,0.0,1,26,2.0,1.5,20,0,0.7278,0.5,10,0,tesla_modal,0.1708,0.0,4,0,tesla_modal,0.0,0.0
00LYPLU8YQVQ,3467,173.4,0,x-bow,x_bow,building,8.5,22.5,,0.0,,0,0.0,0.0,26,0.0,0.0,1,26,0.0,0.0,1,26,1.0,0.5,1,8,0.0,0.0,1,26,0.0,0.0,1,26,0.0,0.0,1,26,0.0,0.0,1,26,0.0,0.0,1,26,0.0,1.0,9,18,0.0,0.0,1,26,0.0,0.0,1,26,0.0,0.0,1,26,0.0,0.0,1,26,1.0,1.5,9,8,g9_18,0.0,1.0,9,18,corner,0.0,0.0,0.0,0.0,1,26,0.0,0.0,1,26,1.0,0.5,1,8,0.0,0.0,1,26,0.0,0.0,1,26,0.0,0.0,1,26,0.0,0.0,1,26,0.0,0.0,1,26,0.0,1.0,9,18,0.0,0.0,1,26,0.0,0.0,1,26,0.0,0.0,1,26,0.0,0.0,1,26,1.0,1.5,9,8,g9_18,0.0,1.0,9,18,corner,0.0,0.0
00LYPLU8YQVQ,3669,183.5,0,tesla,tesla,building,3.0,19.0,,0.0,,0,0.0,0.0,26,0.0,0.0,1,26,0.0,0.0,1,26,0.5,0.5,9,17,0.0,0.0,1,26,0.0,0.0,1,26,0.0,0.0,1,26,0.0,0.0,1,26,0.0,0.0,1,26,0.0,0.0,1,26,0.0,0.0,1,26,0.0,0.0,1,26,0.0,0.0,1,26,0.0,0.0,1,26,0.5,0.5,9,17,centre,0.0,0.0,1,26,corner,0.0,0.0,0.0,0.0,1,26,0.0,0.0,1,26,0.5,0.5,9,17,0.0,0.0,1,26,0.0,0.0,1,26,0.0,0.0,1,26,0.0,0.0,1,26,0.0,0.0,1,26,0.0,0.0,1,26,0.0,0.0,1,26,0.0,0.0,1,26,0.0,0.0,1,26,0.0,0.0,1,26,0.5,0.5,9,17,centre,0.0,0.0,1,26,corner,0.0,0.0
00LYPLU8YQVQ,3722,186.1,1,x-bow,x_bow,building,9.5,18.5,,0.0,,3,0.0,0.0,26,0.0,0.0,1,26,0.0,0.0,1,26,0.7927,0.5,9,0,0.0,0.0,1,26,0.0,0.0,1,26,0.0,0.0,1,26,0.0,0.0,1,26,0.0,0.0,1,26,0.0,0.0,2,25,0.0,0.0,1,26,0.0,0.0,1,26,0.0,0.0,1,26,0.0,0.0,1,26,0.7927,0.5,9,0,centre,0.0,0.0,2,25,bow_modal_L,0.0,0.0,0.0,0.0,1,26,0.0,0.0,1,26,0.7927,0.5,9,0,0.0,0.0,1,26,0.0,0.0,1,26,0.0,0.0,1,26,0.0,0.0,1,26,0.0,0.0,1,26,1.0,1.0,1,8,0.0,0.0,1,26,0.0,0.0,1,26,0.0,0.0,1,26,0.0,0.0,1,26,1.7927,1.5,1,0,g9_18,1.0,1.0,1,8,corner,0.0,0.0
00LYPLU8YQVQ,3961,198.1,0,tesla,tesla,building,9.0,20.0,,0.0,,0,0.0,0.0,26,0.0,0.0,1,26,0.0,0.0,1,26,1.0,0.5,1,8,0.0,0.0,1,26,0.0,0.0,1,26,0.0,0.0,1,26,0.0,0.0,1,26,0.0,0.0,1,26,0.0,0.0,1,26,0.0,0.0,1,26,0.0,0.0,1,26,0.0,0.0,1,26,0.0,0.0,1,26,1.0,0.5,1,8,centre,0.0,0.0,1,26,corner,0.0,0.0,0.0,0.0,1,26,0.0,0.0,1,26,1.0,0.5,1,8,0.0,0.0,1,26,0.0,0.0,1,26,0.0,0.0,1,26,0.0,0.0,1,26,0.0,0.0,1,26,0.0,0.0,1,26,0.0,0.0,1,26,0.0,0.0,1,26,0.0,0.0,1,26,0.0,0.0,1,26,1.0,0.5,1,8,centre,0.0,0.0,1,26,corner,0.0,0.0
00LYPLU8YQVQ,4141,207.1,0,x-bow,x_bow,building,8.5,22.5,,0.0,,0,0.0,0.0,26,0.0,0.0,1,26,0.0,0.0,1,26,1.0,0.5,1,8,0.0,0.0,1,26,0.0,0.0,1,26,0.0,0.0,1,26,0.0,0.0,1,26,0.0,0.0,1,26,0.0,1.0,9,18,0.0,0.0,1,26,0.0,0.0,1,26,0.0,0.0,1,26,0.0,0.0,1,26,1.0,1.5,9,8,g9_18,0.0,1.0,9,18,corner,0.0,0.0,0.0,0.0,1,26,0.0,0.0,1,26,1.0,0.5,1,8,0.0,0.0,1,26,0.0,0.0,1,26,0.0,0.0,1,26,0.0,0.0,1,26,0.0,0.0,1,26,0.0,1.0,9,18,0.0,0.0,1,26,0.0,0.0,1,26,0.0,0.0,1,26,0.0,0.0,1,26,1.0,1.5,9,8,g9_18,0.0,1.0,9,18,corner,0.0,0.0
00LYPLU8YQVQ,4151,207.6,1,x-bow,x_bow,building,15.5,19.5,,0.0,,0,0.0,0.0,26,0.0,0.0,1,26,0.0,0.0,1,26,0.5,0.5,11,16,0.0,0.0,1,26,0.0,0.0,1,26,0.0,0.0,1,26,0.0,0.0,1,26,0.0,0.0,1,26,0.0,0.0,2,25,0.0,0.0,1,26,0.0,0.0,1,26,0.0,0.0,1,26,0.0,0.0,1,26,0.5,0.5,12,15,centre,0.0,0.0,2,25,bow_modal_L,0.0,0.0,0.0,0.0,1,26,0.0,0.0,1,26,0.5,0.5,11,16,0.0,0.0,1,26,0.0,0.0,1,26,0.0,0.0,1,26,0.0,0.0,1,26,0.0,0.0,1,26,0.9616,1.0,9,0,0.0,0.0,1,26,0.0,0.0,1,26,0.0,0.0,1,26,0.0,0.0,1,26,1.4616,1.5,9,0,g9_18,0.9616,1.0,9,0,corner,0.0,0.0
00LYPLU8YQVQ,4571,228.6,0,x-bow,x_bow,building,15.5,19.5,ice_wizard,19.75,ice_wizard,1,0.0,0.0,26,0.0,0.0,4,23,0.0,0.0,1,26,0.5,0.5,11,16,0.0,0.0,1,26,0.0,0.0,1,26,0.0,0.0,1,26,0.0,0.0,1,26,0.0,0.0,1,26,0.9616,1.0,9,0,0.0,0.0,1,26,0.0,0.0,1,26,0.0,0.0,1,26,11.4,1.4,3,0,1.4616,1.5,9,0,g9_18,0.9616,1.0,9,0,corner,0.0,0.0,0.0,0.0,4,23,0.0,0.0,1,26,0.5,0.5,11,16,0.0,0.0,1,26,0.0,0.0,1,26,0.0,0.0,1,26,0.0,0.0,1,26,0.0,0.0,1,26,0.9616,1.0,9,0,0.0,0.0,1,26,0.0,0.0,1,26,0.0,0.0,1,26,11.4,1.4,3,0,1.4616,1.5,11,0,g9_18,0.9616,1.0,9,0,corner,0.0,0.0
00LYPQ28JL8Q,572,28.6,1,x-bow,x_bow,building,2.5,19.5,,0.0,,1,0.0,0.0,26,0.0,0.0,1,26,0.0,0.0,1,26,0.5,0.5,11,16,0.0,0.0,1,26,0.0,0.0,1,26,0.0,0.0,1,26,0.0,0.0,1,26,0.0,0.0,1,26,0.9616,1.0,9,0,0.0,0.0,1,26,0.0,0.0,1,26,0.0,0.0,1,26,0.0,0.0,1,26,1.4616,1.5,9,0,g9_18,0.9616,1.0,9,0,corner,0.0,0.0,0.0,0.0,1,26,0.0,0.0,1,26,0.5,0.5,11,16,0.0,0.0,1,26,0.0,0.0,1,26,0.0,0.0,1,26,0.0,0.0,1,26,0.0,0.0,1,26,0.9616,1.0,9,0,0.0,0.0,1,26,0.0,0.0,1,26,0.0,0.0,1,26,0.0,0.0,1,26,1.4616,1.5,9,0,g9_18,0.9616,1.0,9,0,corner,0.0,0.0
00LYPQ28JL8Q,621,31.1,1,tesla,tesla,building,5.0,18.0,,0.0,,1,0.0,0.0,26,0.0,0.0,1,26,0.0,0.0,1,26,0.5,0.5,9,17,0.0,0.0,1,26,0.0,0.0,1,26,0.0,0.0,1,26,0.0,0.0,1,26,0.0,0.0,1,26,0.0,0.0,1,26,0.0,0.0,1,26,0.0,0.0,1,26,0.0,0.0,1,26,0.0,0.0,1,26,0.5,0.5,9,17,centre,0.0,0.0,1,26,corner,0.0,0.0,0.0,0.0,1,26,0.0,0.0,1,26,0.5,0.5,9,17,0.0,0.0,1,26,0.0,0.0,1,26,0.0,0.0,1,26,0.0,0.0,1,26,0.0,0.0,1,26,0.0,0.0,1,26,0.0,0.0,1,26,0.0,0.0,1,26,0.0,0.0,1,26,0.0,0.0,1,26,0.5,0.5,9,17,centre,0.0,0.0,1,26,corner,0.0,0.0
00LYPQ28JL8Q,1808,90.4,1,x-bow,x_bow,building,15.5,19.5,,0.0,,1,0.0,0.0,26,0.0,0.0,1,26,0.0,0.0,1,26,0.5,0.5,11,16,0.0,0.0,1,26,0.0,0.0,1,26,0.0,0.0,1,26,0.0,0.0,1,26,0.0,0.0,1,26,0.9616,1.0,9,0,0.0,0.0,1,26,0.0,0.0,1,26,0.0,0.0,1,26,0.0,0.0,1,26,1.4616,1.5,9,0,g9_18,0.9616,1.0,9,0,corner,0.0,0.0,0.0,0.0,1,26,0.0,0.0,1,26,0.5,0.5,11,16,0.0,0.0,1,26,0.0,0.0,1,26,0.0,0.0,1,26,0.0,0.0,1,26,0.0,0.0,1,26,0.9616,1.0,9,0,0.0,0.0,1,26,0.0,0.0,1,26,0.0,0.0,1,26,0.0,0.0,1,26,1.4616,1.5,9,0,g9_18,0.9616,1.0,9,0,corner,0.0,0.0
00LYPQ28JL8Q,1926,96.3,1,tesla,tesla,building,13.0,18.0,mighty_miner,5.42,mighty_miner,1,0.0,0.0,26,0.0,0.0,9,18,-0.95,-0.0,27,0,0.5,0.5,9,17,0.0,0.0,1,26,0.0,0.0,1,26,0.0,0.0,1,26,0.0,0.0,1,26,0.0,0.0,1,26,0.0,0.0,1,26,0.0,0.0,1,26,1.0,0.0,1,1,-0.0,-0.0,1,26,0.13,11.5325,27,0,-0.45,0.5,27,0,tesla_modal,-0.3,0.0,27,0,tesla_modal,0.0,0.0,0.0,0.0,7,20,0.0,0.0,1,26,0.5,0.5,9,17,0.0,0.0,1,26,0.0,0.0,1,26,0.0,0.0,1,26,0.0,0.0,1,26,0.0,0.0,1,26,0.0,0.0,1,26,0.0,0.0,1,26,1.0,0.0,1,1,0.0,0.0,1,26,0.13,11.5325,27,0,0.5,0.5,13,14,tesla_modal,0.0,0.0,7,20,tesla_modal,0.0,0.0
00LYPQ28JL8Q,2491,124.6,1,x-bow,x_bow,building,15.5,19.5,,0.0,,0,0.0,0.0,26,0.0,0.0,1,26,0.0,0.0,1,26,0.5,0.5,11,16,0.0,0.0,1,26,0.0,0.0,1,26,0.0,0.0,1,26,0.0,0.0,1,26,0.0,0.0,1,26,0.9616,1.0,9,0,0.0,0.0,1,26,0.0,0.0,1,26,0.0,0.0,1,26,0.0,0.0,1,26,1.4616,1.5,9,0,g9_18,0.9616,1.0,9,0,corner,0.0,0.0,0.0,0.0,1,26,0.0,0.0,1,26,0.5,0.5,11,16,0.0,0.0,1,26,0.0,0.0,1,26,0.0,0.0,1,26,0.0,0.0,1,26,0.0,0.0,1,26,0.9616,1.0,9,0,0.0,0.0,1,26,0.0,0.0,1,26,0.0,0.0,1,26,0.0,0.0,1,26,1.4616,1.5,9,0,g9_18,0.9616,1.0,9,0,corner,0.0,0.0
00LYPQ28JL8Q,3149,157.5,1,tesla,tesla,building,17.0,25.0,mighty_miner,4.49,mighty_miner,2,0.0,0.0,26,0.0,0.0,5,22,-0.1248,-0.0,22,0,0.5,0.5,9,17,0.0,0.0,1,26,0.0,0.0,1,26,0.0,0.0,1,26,0.0,0.0,1,26,1.0,1.0,1,26,0.0,0.0,1,26,0.0,0.0,1,26,0.0,0.0,6,21,-0.0,-0.0,1,21,2.2756,13.4815,22,0,1.3752,1.5,25,0,centre,-0.1248,0.0,25,0,g15_18,1.0,1.0,0.0,0.0,3,24,0.0,0.0,1,26,0.5,0.5,9,17,0.0,0.0,1,26,0.0,0.0,1,26,0.0,0.0,1,26,0.0,0.0,1,26,1.0,1.0,1,26,0.0,0.0,1,26,0.0,0.0,1,26,0.0,0.0,3,24,0.0,0.0,1,26,2.2756,13.4815,22,0,1.5,1.5,11,15,centre,0.0,0.0,3,24,g15_18,1.0,1.0
00LYPQ28JL8Q,3581,179.1,1,x-bow,x_bow,building,15.5,19.5,,0.0,,0,0.0,0.0,26,0.0,0.0,1,26,0.0,0.0,1,26,0.5,0.5,11,16,0.0,0.0,1,26,0.0,0.0,1,26,0.0,0.0,1,26,0.0,0.0,1,26,0.0,0.0,1,26,0.9616,1.0,9,0,0.0,0.0,1,26,0.0,0.0,1,26,0.0,0.0,1,26,0.0,0.0,1,26,1.4616,1.5,9,0,g9_18,0.9616,1.0,9,0,corner,0.0,0.0,0.0,0.0,1,26,0.0,0.0,1,26,0.5,0.5,11,16,0.0,0.0,1,26,0.0,0.0,1,26,0.0,0.0,1,26,0.0,0.0,1,26,0.0,0.0,1,26,0.9616,1.0,9,0,0.0,0.0,1,26,0.0,0.0,1,26,0.0,0.0,1,26,0.0,0.0,1,26,1.4616,1.5,9,0,g9_18,0.9616,1.0,9,0,corner,0.0,0.0
00LYPQ28JL8Q,4337,216.9,1,x-bow,x_bow,building,2.5,19.5,,0.0,,1,0.0,0.0,26,0.0,0.0,1,26,0.0,0.0,1,26,0.5,0.5,11,16,0.0,0.0,1,26,0.0,0.0,1,26,0.0,0.0,1,26,0.0,0.0,1,26,0.0,0.0,1,26,0.9616,1.0,6,0,0.0,0.0,1,26,0.0,0.0,1,26,0.0,0.0,1,26,0.0,0.0,1,26,1.4616,1.5,6,0,g9_18,0.9616,1.0,6,0,corner,0.0,0.0,0.0,0.0,1,26,0.0,0.0,1,26,0.5,0.5,11,16,0.0,0.0,1,26,0.0,0.0,1,26,0.0,0.0,1,26,0.0,0.0,1,26,0.0,0.0,1,26,0.9616,1.0,9,0,0.0,0.0,1,26,0.0,0.0,1,26,0.0,0.0,1,26,0.0,0.0,1,26,1.4616,1.5,9,0,g9_18,0.9616,1.0,9,0,corner,0.0,0.0
00LYPQ28JL8Q,4423,221.2,1,tesla,tesla,building,5.0,18.0,mighty_miner,6.91,mighty_miner,1,0.0,0.0,26,0.2,0.45,6,1,-0.6154,-0.4231,22,1,0.5,0.5,9,17,0.0,0.0,1,26,0.0,0.0,1,26,0.0,0.0,1,26,0.0,0.0,1,26,0.0,0.0,1,26,0.0,0.0,1,26,0.0,0.0,1,26,0.2952,0.0,2,0,-0.0,-0.0,1,26,1.0,1.5,22,1,0.0846,0.5269,22,1,tesla_modal,-0.15,0.0375,22,1,tesla_modal,0.0,0.0,0.0,0.0,4,23,0.0,0.0,1,26,0.5,0.5,9,17,0.0,0.0,1,26,0.0,0.0,1,26,0.0,0.0,1,26,0.0,0.0,1,26,0.0,0.0,1,26,0.0,0.0,1,26,0.0,0.0,1,26,0.3994,0.0486,2,0,0.0,0.0,1,26,1.0,1.5,22,1,0.5,0.5,10,17,tesla_modal,0.0,0.0,4,23,tesla_modal,0.0,0.0
00LYPQ28JL8Q,5088,254.4,1,tesla,tesla,building,17.0,20.0,,0.0,,6,0.0,0.0,26,0.0,0.0,1,26,0.0,0.0,1,26,0.5,0.5,9,17,0.0,0.0,1,26,0.0,0.0,1,26,0.0,0.0,1,26,0.0,0.0,1,26,0.0,0.0,1,26,0.0,0.0,1,26,0.0,0.0,1,26,0.0,0.0,1,26,0.0,0.0,1,26,0.0,0.0,1,26,0.5,0.5,9,17,centre,0.0,0.0,1,26,corner,0.0,0.0,0.0,0.0,1,26,0.0,0.0,1,26,0.5,0.5,9,17,0.0,0.0,1,26,0.0,0.0,1,26,0.0,0.0,1,26,0.0,0.0,1,26,0.0,0.0,1,26,0.0,0.0,1,26,0.0,0.0,1,26,0.0,0.0,1,26,0.0,0.0,1,26,0.0,0.0,1,26,0.5,0.5,9,17,centre,0.0,0.0,1,26,corner,0.0,0.0
00LYPQ28PU22,918,45.9,1,tesla,tesla,building,9.0,22.0,minion_horde,4.71,minion_horde,3,0.0,0.0,26,0.0,0.7079,4,23,0.0,0.0,1,26,1.0,0.5,1,8,0.0,0.0,1,26,0.0,0.0,1,26,0.0,0.0,1,26,0.0,0.0,1,26,1.0,1.0,1,26,0.0,0.0,1,26,0.0,0.0,1,26,0.0,0.7079,4,23,0.0,0.0,1,26,4.6765,2.9159,16,1,2.0,2.2079,3,8,corner,0.0,0.531,4,23,corner,1.0,1.0,0.0,1.0,6,21,-0.0,-0.0,1,23,1.0,0.5,1,8,0.0,0.0,1,26,0.0,0.0,1,26,0.0,0.0,1,26,0.0,0.0,1,26,1.0,1.0,1,26,0.0,0.0,1,26,0.0,0.0,1,26,0.0,1.0,6,21,-0.0,-0.0,1,24,4.6765,2.9159,16,1,2.0,2.5,4,8,corner,0.0,0.75,4,20,corner,1.0,1.0
00LYPQ28PU22,1756,87.8,1,x-bow,x_bow,building,2.5,19.5,,0.0,,0,0.0,0.0,26,0.0,0.0,1,26,0.0,0.0,1,26,0.5,0.5,1,16,0.0,0.0,1,26,0.0,0.0,1,26,0.0,0.0,1,26,0.0,0.0,1,26,0.0,0.0,1,26,0.9616,1.0,9,0,0.0,0.0,1,26,0.0,0.0,1,26,0.0,0.0,1,26,0.0,0.0,1,26,1.4616,1.5,5,0,corner,0.9616,1.0,9,0,corner,0.0,0.0,0.0,0.0,1,26,0.0,0.0,1,26,0.5,0.5,1,16,0.0,0.0,1,26,0.0,0.0,1,26,0.0,0.0,1,26,0.0,0.0,1,26,0.0,0.0,1,26,0.9616,1.0,9,0,0.0,0.0,1,26,0.0,0.0,1,26,0.0,0.0,1,26,0.0,0.0,1,26,1.4616,1.5,5,0,corner,0.9616,1.0,9,0,corner,0.0,0.0
00LYPQ28PU22,2404,120.2,1,x-bow,x_bow,building,2.5,19.5,mini_pekka,3.44,mini_pekka,1,0.0,0.0,26,0.0,0.0,1,26,-0.0,-0.0,1,24,0.5,0.5,1,16,0.0,0.0,1,26,0.0,0.0,1,26,0.0,0.0,1,26,0.0,0.0,1,26,0.0,0.0,1,26,0.9616,1.0,9,0,0.0,0.0,1,26,0.0,0.0,1,26,-0.0,-0.0,1,25,3.2854,4.5231,24,0,1.4616,1.5,5,0,corner,0.9616,1.0,9,0,corner,0.0,0.0,0.0,0.0,1,26,0.0,0.0,1,26,0.5,0.5,1,16,0.0,0.0,1,26,0.0,0.0,1,26,0.0,0.0,1,26,0.0,0.0,1,26,0.0,0.0,1,26,0.9616,1.0,9,0,0.0,0.0,1,26,0.0,0.0,1,26,0.0,0.0,1,26,3.2854,4.5231,24,0,1.4616,1.5,5,0,corner,0.9616,1.0,9,0,corner,0.0,0.0
00LYPQ28PU22,2641,132.1,1,tesla,tesla,building,5.0,18.0,giant,1.65,giant,6,0.0,0.0,26,0.6397,0.2701,6,0,-0.3275,-0.6635,23,0,0.5,0.5,1,16,0.0,0.0,1,26,0.0,0.0,1,26,0.0,0.0,1,26,0.0,0.0,1,26,1.0,1.0,1,26,0.0,0.0,1,26,0.0,0.0,1,26,0.8487,1.0,9,0,-0.1376,-0.0,26,0,1.4794,0.7402,23,0,1.8122,1.1065,6,0,tesla_modal,0.1798,-0.0974,6,0,tesla_modal,1.0,1.0,0.0615,0.0,6,0,0.0,0.0,1,26,0.5,0.5,1,16,0.0,0.0,1,26,0.0,0.0,1,26,0.0,0.0,1,26,0.0,0.0,1,26,1.0,1.0,1,26,0.0,0.0,1,26,0.0,0.0,1,26,0.2704,0.6091,9,0,0.0,0.0,1,26,1.4794,0.7402,23,0,1.5615,1.5,6,0,tesla_modal,0.0461,0.0,6,0,tesla_modal,1.0,1.0
00LYPQ28PU22,3159,158.0,1,tesla,tesla,building,9.0,20.0,sparky,5.42,sparky,7,0.0,0.0,26,0.5,0.0,1,2,0.0,0.0,1,26,0.5,0.5,1,16,0.0,0.0,1,26,0.0,0.0,1,26,0.0,0.0,1,26,0.0,0.0,1,26,0.8883,0.8883,1,26,0.0,0.0,1,26,0.0,0.0,1,26,0.0993,0.0,4,0,0.0,0.0,1,26,5.0,1.5,15,2,1.8883,1.3883,1,2,tesla_modal,0.375,0.0,1,2,tesla_modal,0.8883,0.8883,0.8292,0.0,1,2,0.0,0.0,1,26,0.5,0.5,1,16,0.0,0.0,1,26,0.0,0.0,1,26,0.0,0.0,1,26,0.0,0.0,1,26,0.8883,0.8883,1,26,0.0,0.0,1,26,0.0,0.0,1,26,0.5472,0.0,4,0,0.0,0.0,1,26,5.0,1.5,15,2,2.2175,1.3883,1,2,tesla_modal,0.6219,0.0,1,2,tesla_modal,0.8883,0.8883
00LYPQ28PU22,3361,168.1,1,x-bow,x_bow,building,8.5,22.5,mini_pekka,3.91,mini_pekka,4,0.0,0.0,26,1.0,0.0,1,11,-0.0,-0.0,1,24,0.5,0.5,1,16,0.0,0.0,1,26,0.0,0.0,1,26,0.0,0.0,1,26,0.0,0.0,1,26,0.0,0.0,1,26,0.0,1.0,9,18,0.0,0.0,1,26,1.0,0.0,1,10,-0.0,-0.0,1,25,3.373,9.9059,18,0,1.5,1.5,5,9,g9_18,0.75,1.0,9,5,corner,0.0,0.0,0.9143,0.0,5,0,0.0,0.0,1,26,0.5,0.5,1,16,0.0,0.0,1,26,0.0,0.0,1,26,0.0,0.0,1,26,0.0,0.0,1,26,0.0,0.0,1,26,0.0,1.0,9,18,0.0,0.0,1,26,1.0,0.0,1,4,0.0,0.0,1,26,3.373,9.9059,18,0,1.4143,1.5,11,0,corner_R,0.6857,1.0,11,0,corner,0.0,0.0
00LYPQ2909YG,693,34.7,0,x-bow,x_bow,building,15.5,19.5,ice_wizard,17.64,ice_wizard,1,0.0,0.0,26,0.0,0.0,4,23,0.0,0.0,1,26,0.5,0.5,11,16,0.0,0.0,1,26,0.0,0.0,1,26,0.0,0.0,1,26,0.0,0.0,1,26,0.0,0.0,1,26,0.9616,1.0,9,0,0.0,0.0,1,26,0.0,0.0,1,26,0.0,0.0,1,26,11.4,1.4,3,0,1.4616,1.5,9,0,g9_18,0.9616,1.0,9,0,corner,0.0,0.0,0.0,0.0,4,23,0.0,0.0,1,26,0.5,0.5,11,16,0.0,0.0,1,26,0.0,0.0,1,26,0.0,0.0,1,26,0.0,0.0,1,26,0.0,0.0,1,26,0.9616,1.0,9,0,0.0,0.0,1,26,0.0,0.0,1,26,0.0,0.0,1,26,11.4,1.4,3,0,1.4616,1.5,11,0,g9_18,0.9616,1.0,9,0,corner,0.0,0.0
00LYPQ2909YG,742,37.1,1,tesla,tesla,building,6.0,18.0,archers,10.76,archers,5,0.0,0.0,26,0.0,0.0,4,23,0.0,0.0,1,26,0.5,0.5,9,17,0.0,0.0,1,26,0.0,0.0,1,26,0.0,0.0,1,26,0.0,0.0,1,26,0.0,0.0,1,26,0.0,0.0,1,26,0.0,0.0,1,26,0.0,0.0,1,26,0.0,0.0,1,26,8.0,12.5,9,0,0.5,0.5,10,17,tesla_modal,0.0,0.0,4,23,tesla_modal,0.0,0.0,0.0,0.0,4,23,0.0,0.0,1,26,0.5,0.5,9,17,0.0,0.0,1,26,0.0,0.0,1,26,0.0,0.0,1,26,0.0,0.0,1,26,0.0,0.0,1,26,0.0,0.0,1,26,0.0,0.0,1,26,0.0,0.0,1,26,0.0,0.0,1,26,8.0,12.5,9,0,0.5,0.5,10,17,tesla_modal,0.0,0.0,4,23,tesla_modal,0.0,0.0
00LYPQ2909YG,1307,65.4,1,x-bow,x_bow,building,15.5,19.5,,0.0,,0,0.0,0.0,26,0.0,0.0,1,26,0.0,0.0,1,26,0.5,0.5,11,16,0.0,0.0,1,26,0.0,0.0,1,26,0.0,0.0,1,26,0.0,0.0,1,26,0.0,0.0,1,26,0.9616,1.0,9,0,0.0,0.0,1,26,0.0,0.0,1,26,0.0,0.0,1,26,0.0,0.0,1,26,1.4616,1.5,9,0,g9_18,0.9616,1.0,9,0,corner,0.0,0.0,0.0,0.0,1,26,0.0,0.0,1,26,0.5,0.5,11,16,0.0,0.0,1,26,0.0,0.0,1,26,0.0,0.0,1,26,0.0,0.0,1,26,0.0,0.0,1,26,0.9616,1.0,9,0,0.0,0.0,1,26,0.0,0.0,1,26,0.0,0.0,1,26,0.0,0.0,1,26,1.4616,1.5,9,0,g9_18,0.9616,1.0,9,0,corner,0.0,0.0
00LYPQ2909YG,1531,76.6,0,tesla,tesla,building,5.0,18.0,knight,2.97,knight,1,0.0,0.0,26,0.3464,1.0,10,0,-0.5942,-0.0,27,0,0.5,0.5,9,17,0.0,0.0,1,26,0.0,0.0,1,26,0.0,0.0,1,26,0.0,0.0,1,26,0.6153,0.6153,1,26,0.0,0.0,1,26,0.0,0.0,1,26,1.0,1.0,1,5,-0.0,-0.0,1,26,0.8928,2.564,27,0,0.8676,2.1153,27,0,tesla_modal,-0.0402,0.75,27,0,tesla_modal,0.6153,0.6153,0.3631,1.0,10,0,-0.5879,-0.0,27,0,0.5,0.5,9,17,0.0,0.0,1,26,0.0,0.0,1,26,0.0,0.0,1,26,0.0,0.0,1,26,0.6153,0.6153,1,26,0.0,0.0,1,26,0.0,0.0,1,26,1.0,1.0,1,5,-0.0,-0.0,1,26,0.8928,2.564,27,0,0.8905,2.1153,27,0,tesla_modal,-0.0277,0.75,27,0,tesla_modal,0.6153,0.6153
00LYPQ2909YG,2041,102.1,1,x-bow,x_bow,building,15.5,19.5,,0.0,,0,0.0,0.0,26,0.0,0.0,1,26,0.0,0.0,1,26,0.5,0.5,11,16,0.0,0.0,1,26,0.0,0.0,1,26,0.0,0.0,1,26,0.0,0.0,1,26,0.0,0.0,1,26,0.9616,1.0,5,0,0.0,0.0,1,26,0.0,0.0,1,26,0.0,0.0,1,26,0.0,0.0,1,26,1.4616,1.5,5,0,corner,0.9616,1.0,5,0,corner,0.0,0.0,0.0,0.0,1,26,0.0,0.0,1,26,0.5,0.5,11,16,0.0,0.0,1,26,0.0,0.0,1,26,0.0,0.0,1,26,0.0,0.0,1,26,0.0,0.0,1,26,0.9616,1.0,9,0,0.0,0.0,1,26,0.0,0.0,1,26,0.0,0.0,1,26,0.0,0.0,1,26,1.4616,1.5,9,0,g9_18,0.9616,1.0,9,0,corner,0.0,0.0
00LYPQ2909YG,2602,130.1,1,x-bow,x_bow,building,15.5,19.5,,0.0,,0,0.0,0.0,26,0.0,0.0,1,26,0.0,0.0,1,26,0.5,0.5,11,16,0.0,0.0,1,26,0.0,0.0,1,26,0.0,0.0,1,26,0.0,0.0,1,26,0.0,0.0,1,26,0.9616,1.0,9,0,0.0,0.0,1,26,0.0,0.0,1,26,0.0,0.0,1,26,0.0,0.0,1,26,1.4616,1.5,9,0,g9_18,0.9616,1.0,9,0,corner,0.0,0.0,0.0,0.0,1,26,0.0,0.0,1,26,0.5,0.5,11,16,0.0,0.0,1,26,0.0,0.0,1,26,0.0,0.0,1,26,0.0,0.0,1,26,0.0,0.0,1,26,0.9616,1.0,9,0,0.0,0.0,1,26,0.0,0.0,1,26,0.0,0.0,1,26,0.0,0.0,1,26,1.4616,1.5,9,0,g9_18,0.9616,1.0,9,0,corner,0.0,0.0
00LYPQ2909YG,2653,132.7,0,tesla,tesla,building,2.0,19.0,knight,3.76,knight,2,0.0,0.0,26,0.0,0.0,2,25,-0.0,-0.0,1,23,0.5,0.5,9,17,0.0,0.0,1,26,0.0,0.0,1,26,0.0,0.0,1,26,0.0,0.0,1,26,1.0,1.0,1,26,0.0,0.0,1,26,0.0,0.0,1,26,0.0,0.0,2,25,-0.0,-0.0,1,24,3.7602,4.4315,23,1,1.5,1.5,9,14,centre,0.0,0.0,1,23,corner,1.0,1.0,0.0,0.0,2,25,-0.0,-0.0,1,23,0.5,0.5,9,17,0.0,0.0,1,26,0.0,0.0,1,26,0.0,0.0,1,26,0.0,0.0,1,26,1.0,1.0,1,26,0.0,0.0,1,26,0.0,0.0,1,26,0.0,0.0,2,25,-0.0,-0.0,1,24,3.7602,4.4315,23,1,1.5,1.5,9,14,centre,0.0,0.0,1,23,corner,1.0,1.0
00LYPQ2909YG,2938,146.9,1,tesla,tesla,building,13.0,18.0,knight,6.9,knight,2,0.0,0.0,26,0.4,0.0,5,0,-0.5455,-0.0,22,0,0.5,0.5,9,17,0.0,0.0,1,26,0.0,0.0,1,26,0.0,0.0,1,26,0.0,0.0,1,26,0.0,0.0,1,26,0.0,0.0,1,26,0.0,0.0,1,26,0.0,0.0,1,26,-0.0,-0.0,1,26,1.0,11.8209,22,0,0.3545,0.5,22,0,tesla_modal,-0.0,0.0,5,17,tesla_modal,0.0,0.0,0.4167,0.0,5,0,-0.5385,-0.0,22,0,0.5,0.5,9,17,0.0,0.0,1,26,0.0,0.0,1,26,0.0,0.0,1,26,0.0,0.0,1,26,0.0,0.0,1,26,0.0,0.0,1,26,0.0,0.0,1,26,0.0,0.0,1,26,-0.0,-0.0,1,26,1.0,11.8209,22,0,0.3782,0.5,22,0,tesla_modal,0.0125,0.0,5,0,tesla_modal,0.0,0.0
00LYPQ2909YG,2988,149.4,0,x-bow,x_bow,building,15.5,19.5,knight,11.5,knight,1,0.0,0.0,26,0.0,1.0,10,17,-0.0,-0.0,1,23,0.5,0.5,11,16,0.0,0.0,1,26,0.0,0.0,1,26,0.0,0.0,1,26,0.0,0.0,1,26,1.0,1.0,1,26,0.9616,0.0,4,0,0.0,0.0,1,26,0.0,1.0,8,19,-0.0,-0.0,1,26,9.0281,2.4562,9,0,2.4616,2.5,11,0,tesla_modal,0.9616,0.75,6,0,tesla_modal,1.0,1.0,0.0,1.0,10,17,-0.0,-0.0,1,24,0.5,0.5,11,16,0.0,0.0,1,26,0.0,0.0,1,26,0.0,0.0,1,26,0.0,0.0,1,26,1.0,1.0,1,26,0.9616,1.0,9,0,0.0,0.0,1,26,0.0,1.0,8,19,-0.0,-0.0,1,26,9.0281,2.4562,9,0,2.4616,3.5,11,0,g9_18,0.9616,1.0,10,0,corner,1.0,1.0
00LYPQ2909YG,3311,165.6,1,x-bow,x_bow,building,2.5,19.5,,0.0,,0,0.0,0.0,26,0.0,0.0,1,26,0.0,0.0,1,26,0.5,0.5,11,16,0.0,0.0,1,26,0.0,0.0,1,26,0.0,0.0,1,26,0.0,0.0,1,26,0.0,0.0,1,26,0.0,0.0,4,23,0.0,0.0,1,26,0.0,0.0,1,26,0.0,0.0,1,26,0.0,0.0,1,26,0.5,0.5,14,13,bow_modal_R,0.0,0.0,4,23,bow_modal_R,0.0,0.0,0.0,0.0,1,26,0.0,0.0,1,26,0.5,0.5,11,16,0.0,0.0,1,26,0.0,0.0,1,26,0.0,0.0,1,26,0.0,0.0,1,26,0.0,0.0,1,26,0.9616,1.0,9,0,0.0,0.0,1,26,0.0,0.0,1,26,0.0,0.0,1,26,0.0,0.0,1,26,1.4616,1.5,9,0,g9_18,0.9616,1.0,9,0,corner,0.0,0.0
00LYPQ2909YG,3735,186.8,1,x-bow,x_bow,building,15.5,18.5,knight,12.58,knight,1,0.0,0.0,26,0.0,0.4993,6,21,-0.0,-0.0,1,26,0.5,0.5,11,16,0.0,0.0,1,26,0.0,0.0,1,26,0.0,0.0,1,26,0.0,0.0,1,26,0.0372,0.0372,1,26,1.0,1.0,1,8,0.0,0.0,1,26,0.0,0.0,1,26,-0.0,-0.0,1,26,12.4494,6.5015,14,0,1.5372,2.0364,6,3,g3_18,1.0,1.0,1,8,corner,0.0372,0.0372,0.0,0.4368,5,22,-0.0,-0.0,1,26,0.5,0.5,11,16,0.0,0.0,1,26,0.0,0.0,1,26,0.0,0.0,1,26,0.0,0.0,1,26,0.0594,0.0594,1,26,1.0,1.0,1,8,0.0,0.0,1,26,0.0,0.0,1,26,-0.0,-0.0,1,26,12.4494,6.5015,14,0,1.5594,1.9962,6,3,g3_18,1.0,1.0,1,8,corner,0.0594,0.0594
00LYPQ2909YG,3831,191.6,0,x-bow,x_bow,building,15.5,19.5,knight,11.58,knight,3,0.0,0.0,26,0.0,0.6,8,19,-0.0,-0.3636,1,19,0.5,0.5,11,16,0.0,0.0,1,26,0.0,0.0,1,26,0.0,0.0,1,26,0.0,0.0,1,26,1.0,1.0,1,26,0.9616,0.0,4,0,0.0,0.0,1,26,0.0,1.0,8,19,-0.0,-0.0,1,26,11.4,1.4,3,0,2.4616,1.7364,7,0,tesla_modal,0.9616,0.15,6,0,tesla_modal,1.0,1.0,0.0,0.6167,8,19,-0.0,-0.3538,1,19,0.5,0.5,11,16,0.0,0.0,1,26,0.0,0.0,1,26,0.0,0.0,1,26,0.0,0.0,1,26,1.0,1.0,1,26,0.9616,1.0,9,0,0.0,0.0,1,26,0.0,1.0,8,19,-0.0,-0.0,1,26,11.4,1.4,3,0,2.4616,2.7628,9,0,g9_18,0.9616,0.7,7,0,tesla_modal,1.0,1.0
00LYPQ2909YG,3951,197.6,1,tesla,tesla,building,7.0,18.0,knight,2.26,knight,2,0.0,0.0,26,0.9957,1.0,6,0,-0.0039,-0.0,22,0,0.5,0.5,9,17,0.0,0.0,1,26,0.0,0.0,1,26,0.0,0.0,1,26,0.0,0.0,1,26,1.0,1.0,1,26,0.0,0.0,1,26,0.0,0.0,1,26,1.0,1.0,1,6,-0.0,-0.0,1,25,2.1913,2.2255,22,0,2.4917,2.5,5,0,tesla_modal,0.7428,0.75,5,0,tesla_modal,1.0,1.0,1.0,1.0,1,5,-0.0,-0.0,1,21,0.5,0.5,9,17,0.0,0.0,1,26,0.0,0.0,1,26,0.0,0.0,1,26,0.0,0.0,1,26,1.0,1.0,1,26,0.0,0.0,1,26,0.0,0.0,1,26,1.0,1.0,1,6,-0.0,-0.0,1,25,2.1913,2.2255,22,0,2.5,2.5,3,2,tesla_modal,0.75,0.75,3,2,tesla_modal,1.0,1.0
00LYPQ8LGYP2,427,21.4,1,tesla,tesla,building,6.0,18.0,,0.0,,3,0.0,0.0,26,0.0,0.0,1,26,0.0,0.0,1,26,0.5,0.5,9,17,0.0,0.0,1,26,0.0,0.0,1,26,0.0,0.0,1,26,0.0,0.0,1,26,0.0,0.0,1,26,0.0,0.0,1,26,0.0,0.0,1,26,0.0,0.0,1,26,0.0,0.0,1,26,0.0,0.0,1,26,0.5,0.5,9,17,centre,0.0,0.0,1,26,corner,0.0,0.0,0.0,0.0,1,26,0.0,0.0,1,26,0.5,0.5,9,17,0.0,0.0,1,26,0.0,0.0,1,26,0.0,0.0,1,26,0.0,0.0,1,26,0.0,0.0,1,26,0.0,0.0,1,26,0.0,0.0,1,26,0.0,0.0,1,26,0.0,0.0,1,26,0.0,0.0,1,26,0.5,0.5,9,17,centre,0.0,0.0,1,26,corner,0.0,0.0
00LYPQ8LGYP2,702,35.1,1,x-bow,x_bow,building,15.5,19.5,minions,11.16,minions,2,0.0,0.0,26,0.0,0.0,1,26,0.0,0.0,1,26,0.5,0.5,11,16,0.0,0.0,1,26,0.0,0.0,1,26,0.0,0.0,1,26,0.0,0.0,1,26,0.0,0.0,1,26,0.9616,1.0,9,0,0.0,0.0,1,26,0.0,0.0,1,26,0.0,0.0,1,26,11.0613,3.4328,3,0,1.4616,1.5,9,0,g9_18,0.9616,1.0,9,0,corner,0.0,0.0,0.0,0.0,1,26,0.0,0.0,1,26,0.5,0.5,11,16,0.0,0.0,1,26,0.0,0.0,1,26,0.0,0.0,1,26,0.0,0.0,1,26,0.0,0.0,1,26,0.9616,1.0,9,0,0.0,0.0,1,26,0.0,0.0,1,26,0.0,0.0,1,26,11.0613,3.4328,3,0,1.4616,1.5,9,0,g9_18,0.9616,1.0,9,0,corner,0.0,0.0
00LYPQ8LGYP2,1241,62.1,1,tesla,tesla,building,10.0,22.0,skeleton_barrel,7.45,skeleton_barrel,1,0.0,0.0,26,0.0,0.0,7,20,-0.0,-0.0,1,21,1.0,0.5,1,8,0.0,0.0,1,26,0.0,0.0,1,26,0.0,0.0,1,26,0.0,0.0,1,26,1.0,1.0,1,26,0.0,0.0,1,26,0.0,0.0,1,26,0.0,0.0,7,20,-0.0,-0.0,1,24,4.5535,13.5425,18,0,2.0,1.5,3,8,lane_R,0.0,0.0,6,19,lane_R,1.0,1.0,0.0,0.0,3,24,0.0,0.0,1,26,1.0,0.5,1,8,0.0,0.0,1,26,0.0,0.0,1,26,0.0,0.0,1,26,0.0,0.0,1,26,1.0,1.0,1,26,0.0,0.0,1,26,0.0,0.0,1,26,0.0,0.0,5,22,0.0,0.0,1,26,4.5535,13.5425,18,0,2.0,1.5,2,8,g9_18,0.0,0.0,3,24,g9_18,1.0,1.0
00LYPQ8LGYP2,2083,104.2,1,tesla,tesla,building,16.0,18.0,mother_witch,2.19,mother_witch,2,0.0,0.0,26,0.0,0.0,1,26,0.0,0.0,1,26,0.0,0.5,18,9,0.0,0.0,1,26,0.0,0.0,1,26,0.0,0.0,1,26,0.0,0.0,1,26,1.0,1.0,1,26,0.0,0.0,1,26,0.0,0.0,1,26,0.0,0.0,6,21,0.0,0.0,1,26,2.1928,10.9039,18,0,1.0,1.5,18,9,corner,0.0,0.0,1,26,corner,1.0,1.0,0.3231,0.0,7,0,0.0,0.0,1,26,0.0,0.5,18,9,0.0,0.0,1,26,0.0,0.0,1,26,0.0,0.0,1,26,0.0,0.0,1,26,1.0,1.0,1,26,0.0,0.0,1,26,0.0,0.0,1,26,0.3231,0.0,10,0,0.0,0.0,1,26,2.1928,10.9039,18,0,1.3231,1.5,20,0,tesla_modal,0.1616,0.0,7,0,g9_18,1.0,1.0
00LYPQ8LGYP2,2423,121.2,1,x-bow,x_bow,building,2.5,19.5,,0.0,,0,0.0,0.0,26,0.0,0.0,1,26,0.0,0.0,1,26,0.5,0.5,1,16,0.0,0.0,1,26,0.0,0.0,1,26,0.0,0.0,1,26,0.0,0.0,1,26,0.0,0.0,1,26,0.9616,1.0,9,0,0.0,0.0,1,26,0.0,0.0,1,26,0.0,0.0,1,26,0.0,0.0,1,26,1.4616,1.5,5,0,corner,0.9616,1.0,9,0,corner,0.0,0.0,0.0,0.0,1,26,0.0,0.0,1,26,0.5,0.5,1,16,0.0,0.0,1,26,0.0,0.0,1,26,0.0,0.0,1,26,0.0,0.0,1,26,0.0,0.0,1,26,0.9616,1.0,9,0,0.0,0.0,1,26,0.0,0.0,1,26,0.0,0.0,1,26,0.0,0.0,1,26,1.4616,1.5,5,0,corner,0.9616,1.0,9,0,corner,0.0,0.0
00LYPQ8LGYP2,2781,139.1,1,tesla,tesla,building,8.0,18.0,ronin,6.0,ronin,1,0.0,0.0,26,1.0,1.0,1,5,-0.0,-0.0,1,26,0.4179,0.5,17,0,0.0,0.0,1,26,0.0,0.0,1,26,0.0,0.0,1,26,0.0,0.0,1,26,1.0,1.0,1,26,0.0,0.0,1,26,0.0,0.0,1,26,0.0,0.0,2,25,-0.0,-0.0,1,26,4.1906,4.9027,26,0,2.4179,2.5,6,0,corner,0.7089,0.75,5,0,corner,1.0,1.0,1.0,1.0,1,6,0.0,0.0,1,26,0.4179,0.5,17,0,0.0,0.0,1,26,0.0,0.0,1,26,0.0,0.0,1,26,0.0,0.0,1,26,1.0,1.0,1,26,0.0,0.0,1,26,0.0,0.0,1,26,0.0,0.0,2,25,0.0,0.0,1,26,4.1906,4.9027,26,0,2.4179,2.5,6,0,corner,0.7089,0.75,6,0,corner,1.0,1.0
00LYPQ8LGYP2,3376,168.8,1,tesla,tesla,building,6.0,18.0,mother_witch,1.35,mother_witch,3,0.0,0.0,26,0.0,0.0,1,26,0.0,0.0,1,26,0.5,0.5,1,16,0.0,0.0,1,26,0.0,0.0,1,26,0.0,0.0,1,26,0.0,0.0,1,26,1.0,1.0,1,26,0.0,0.0,1,26,0.0,0.0,1,26,0.0,0.0,4,23,0.0,0.0,1,26,0.2742,2.7093,27,0,1.5,1.5,1,16,corner,0.0,0.0,1,26,corner,1.0,1.0,0.0,0.5814,6,21,0.0,0.0,1,26,0.5,0.5,1,16,0.0,0.0,1,26,0.0,0.0,1,26,0.0,0.0,1,26,0.0,0.0,1,26,1.0,1.0,1,26,0.0,0.0,1,26,0.0,0.0,1,26,0.0,0.5814,9,18,0.0,0.0,1,26,0.2742,2.7093,27,0,1.5,2.0814,6,12,g3_22,0.0,0.436,6,21,g3_22,1.0,1.0
00UYPL92ULUL,703,35.2,1,tesla,tesla,building,8.0,22.0,skeleton_barrel,7.57,skeleton_barrel,6,0.0,0.0,26,0.0,0.4328,8,19,-0.0,-0.8403,1,20,1.0,0.5,1,8,0.0,0.0,1,26,0.0,0.0,1,26,0.0,0.0,1,26,0.0,0.0,1,26,1.0,1.0,1,26,0.0,0.0,1,26,0.0,0.0,1,26,0.0,0.9905,8,19,-0.0,-0.014,1,23,4.5535,0.2155,19,0,2.0,1.0924,3,8,lane,0.0,0.0246,5,18,lane,1.0,1.0,0.0,0.0,3,24,0.0,0.0,1,26,1.0,0.5,1,8,0.0,0.0,1,26,0.0,0.0,1,26,0.0,0.0,1,26,0.0,0.0,1,26,1.0,1.0,1,26,0.0,0.0,1,26,0.0,0.0,1,26,0.0,0.0,5,22,0.0,0.0,1,26,4.5535,0.2155,19,0,2.0,1.5,2,8,g9_18,0.0,0.0,3,24,g9_18,1.0,1.0
00UYPL92ULUL,1521,76.1,1,tesla,tesla,building,10.0,22.0,skeleton_barrel,8.66,skeleton_barrel,6,0.0,0.0,26,1.0,0.0,1,5,-0.0,-0.0,1,21,1.0,0.5,1,8,0.0,0.0,1,26,0.0,0.0,1,26,0.0,0.0,1,26,0.0,0.0,1,26,1.0,1.0,1,26,0.0,0.0,1,26,0.0,0.0,1,26,0.5192,0.0,7,0,-0.0,-0.0,1,26,4.5535,13.5425,18,0,3.0,1.5,1,3,tesla_modal,1.0,0.0,1,3,tesla_modal,1.0,1.0,1.0,0.0,1,3,0.0,0.0,1,26,1.0,0.5,1,8,0.0,0.0,1,26,0.0,0.0,1,26,0.0,0.0,1,26,0.0,0.0,1,26,1.0,1.0,1,26,0.0,0.0,1,26,0.0,0.0,1,26,0.2595,0.0,7,0,0.0,0.0,1,26,4.5535,13.5425,18,0,3.0,1.5,1,2,tesla_modal,1.0,0.0,1,2,tesla_modal,1.0,1.0
00UYPL92ULUL,2208,110.4,1,x-bow,x_bow,building,8.5,22.5,goblin_gang,5.74,goblin_gang,6,0.0,0.0,26,0.0687,0.0,4,0,0.0,0.0,1,26,0.5,0.5,1,16,0.0,0.0,1,26,0.0,0.0,1,26,0.0,0.0,1,26,0.0,0.0,1,26,0.0,0.0,1,26,0.0,1.0,9,18,0.0,0.0,1,26,0.8178,0.0,2,0,0.0,0.0,1,26,4.1374,1.9667,19,0,0.5687,1.5,11,0,corner,0.0515,1.0,11,0,corner,0.0,0.0,1.0,0.2101,1,3,0.0,0.0,1,26,0.5,0.5,1,16,0.0,0.0,1,26,0.0,0.0,1,26,0.0,0.0,1,26,0.0,0.0,1,26,0.4692,0.4692,1,26,0.0,1.0,9,18,0.0,0.0,1,26,1.0,0.2495,1,3,0.0,0.0,1,26,4.1374,1.9667,19,0,1.9692,2.1793,4,4,g9_18,0.75,1.0,9,2,corner,0.4692,0.4692
00UYPL92ULUL,2421,121.1,1,tesla,tesla,building,16.0,20.0,suspicious_bush,4.11,suspicious_bush,5,0.0,0.0,26,1.0,0.0,1,9,-0.0,-0.0,1,22,0.0,0.5,18,9,0.0,0.0,1,26,0.0,0.0,1,26,0.0,0.0,1,26,0.0,0.0,1,26,1.0,1.0,1,26,0.0,0.0,1,26,0.0,0.0,1,26,1.0,0.0,1,11,-0.0,-0.0,1,26,4.1075,7.5623,15,0,2.0,1.5,6,5,lane,0.5,0.0,6,5,lane,1.0,1.0,1.0,0.0,1,8,-0.0,-0.0,1,21,0.0,0.5,18,9,0.0,0.0,1,26,0.0,0.0,1,26,0.0,0.0,1,26,0.0,0.0,1,26,1.0,1.0,1,26,0.0,0.0,1,26,0.0,0.0,1,26,1.0,0.0,1,11,-0.0,-0.0,1,25,4.1075,7.5623,15,0,2.0,1.5,5,4,lane,0.5,0.0,5,4,lane,1.0,1.0
00UYPL92ULUL,2765,138.3,1,x-bow,x_bow,building,8.5,21.5,goblin_gang,13.45,goblin_gang,6,0.0,0.0,26,1.0,0.95,1,3,-0.0,-0.0667,1,19,0.5,0.5,1,16,0.0,0.0,1,26,0.0,0.0,1,26,0.0,0.0,1,26,0.0,0.0,1,26,0.191,0.191,1,26,0.0,1.0,9,18,0.0,0.0,1,26,0.0,0.0,1,26,-0.0,-0.0,1,26,4.4,1.4,18,1,1.691,2.5743,5,2,corner,0.75,0.9333,7,2,bow_modal_R,0.191,0.191,1.0,0.0,1,3,0.0,0.0,1,26,0.5,0.5,1,16,0.0,0.0,1,26,0.0,0.0,1,26,0.0,0.0,1,26,0.0,0.0,1,26,0.191,0.191,1,26,0.0,1.0,9,18,0.0,0.0,1,26,0.0,0.0,1,26,0.0,0.0,1,26,4.4,1.4,18,1,1.691,1.691,2,6,g9_18,0.75,1.0,9,2,corner,0.191,0.191
00UYPL92ULUL,3285,164.3,1,tesla,tesla,building,11.0,18.0,suspicious_bush,9.13,suspicious_bush,7,0.0,0.0,26,0.25,1.0,8,2,-0.0,-0.0,1,21,0.0,0.5,18,9,0.0,0.0,1,26,0.0,0.0,1,26,0.0,0.0,1,26,0.0,0.0,1,26,0.0,0.0,1,26,0.0,0.0,1,26,0.0,0.0,1,26,0.0,1.0,7,20,-0.0,-0.0,1,26,7.0,1.5,12,0,0.25,1.5,15,0,corner,0.125,0.75,7,0,corner,0.0,0.0,0.6389,0.8361,6,0,-0.0,-0.1793,1,19,0.0,0.5,18,9,0.0,0.0,1,26,0.0,0.0,1,26,0.0,0.0,1,26,0.0,0.0,1,26,0.0,0.0,1,26,0.0,0.0,1,26,0.0,0.0,1,26,0.0,1.0,8,19,-0.0,-0.0,1,26,7.0,1.5,12,0,0.6389,1.1568,6,0,tesla_modal,0.3194,0.4478,6,0,tesla_modal,0.0,0.0
00UYPL99PV2P,1013,50.7,1,tesla,tesla,building,9.0,22.0,giant,7.76,giant,1,0.0,0.0,26,1.0,0.0,1,3,-0.0,-0.0,1,20,1.0,0.5,1,8,0.0,0.0,1,26,0.0,0.0,1,26,0.0,0.0,1,26,0.0,0.0,1,26,0.9727,0.9727,1,26,0.0,0.0,1,26,0.0,0.0,1,26,0.7274,0.0,8,1,-0.0,-0.0,1,25,5.0,12.5,14,3,2.9727,1.4727,1,2,tesla_modal,1.0,0.0,1,2,tesla_modal,0.9727,0.9727,1.0,0.0,1,3,0.0,0.0,1,26,1.0,0.5,1,8,0.0,0.0,1,26,0.0,0.0,1,26,0.0,0.0,1,26,0.0,0.0,1,26,0.9727,0.9727,1,26,0.0,0.0,1,26,0.0,0.0,1,26,0.5677,0.0,7,1,0.0,0.0,1,26,5.0,12.5,14,3,2.9727,1.4727,1,2,tesla_modal,1.0,0.0,1,2,tesla_modal,0.9727,0.9727
00UYPL99UQCG,1108,55.4,1,tesla,tesla,building,7.0,18.0,knight,5.83,knight,6,0.0,0.0,26,0.9486,0.0,6,0,-0.0,-0.0,1,22,0.5,0.5,9,17,0.0,0.0,1,26,0.0,0.0,1,26,0.0,0.0,1,26,0.0,0.0,1,26,1.0,1.0,1,26,0.0,0.0,1,26,0.0,0.0,1,26,0.833,0.0,7,0,-0.0,-0.0,1,25,5.6027,11.024,14,0,2.4486,1.5,6,0,tesla_modal,0.7115,0.0,6,0,tesla_modal,1.0,1.0,0.8861,0.0,6,0,-0.0,-0.0,1,22,0.5,0.5,9,17,0.0,0.0,1,26,0.0,0.0,1,26,0.0,0.0,1,26,0.0,0.0,1,26,1.0,1.0,1,26,0.0,0.0,1,26,0.0,0.0,1,26,0.7705,0.0,7,0,-0.0,-0.0,1,25,5.6027,11.024,14,0,2.3861,1.5,6,0,tesla_modal,0.6646,0.0,6,0,tesla_modal,1.0,1.0
00UYPL99UQCG,1903,95.2,1,tesla,tesla,building,13.0,18.0,knight,8.51,knight,2,0.0,0.0,26,0.0,1.0,10,17,-0.0,-0.0,1,22,0.5,0.5,9,17,0.0,0.0,1,26,0.0,0.0,1,26,0.0,0.0,1,26,0.0,0.0,1,26,0.3672,0.3672,1,26,0.0,0.0,1,26,0.0,0.0,1,26,0.0,1.0,8,19,-0.0,-0.0,1,26,7.7392,2.3551,15,0,0.8672,1.8672,14,11,tesla_modal,0.0,0.75,9,17,tesla_modal,0.3672,0.3672,0.0,1.0,10,17,-0.0,-0.0,1,22,0.5,0.5,9,17,0.0,0.0,1,26,0.0,0.0,1,26,0.0,0.0,1,26,0.0,0.0,1,26,0.3672,0.3672,1,26,0.0,0.0,1,26,0.0,0.0,1,26,0.0,1.0,8,19,-0.0,-0.0,1,26,7.7392,2.3551,15,0,0.8672,1.8672,15,11,tesla_modal,0.0,0.75,9,17,tesla_modal,0.3672,0.3672
00UYPL99UQCG,2298,114.9,1,x-bow,x_bow,building,15.5,19.5,princess,5.33,princess,2,0.0,0.0,26,0.0,0.0,1,26,0.0,0.0,1,26,0.5,0.5,11,16,0.0,0.0,1,26,0.0,0.0,1,26,0.0,0.0,1,26,0.0,0.0,1,26,0.6767,0.6767,1,26,0.9616,1.0,9,0,0.0,0.0,1,26,0.0,0.0,4,23,0.0,0.0,1,26,3.0401,2.9781,19,0,2.1383,2.1767,9,0,g9_18,0.9616,1.0,9,0,corner,0.6767,0.6767,0.0,0.0,6,21,0.0,0.0,1,26,0.5,0.5,11,16,0.0,0.0,1,26,0.0,0.0,1,26,0.0,0.0,1,26,0.0,0.0,1,26,1.0,1.0,1,26,0.9616,1.0,9,0,0.0,0.0,1,26,1.0,0.0,1,0,0.0,0.0,1,26,3.0401,2.9781,19,0,2.4616,2.5,11,0,g9_22,0.9616,1.0,9,0,corner,1.0,1.0
00UYPL99UQCG,2625,131.3,1,tesla,tesla,building,10.0,18.0,knight,4.61,knight,2,0.0,0.0,26,0.0,0.0,5,22,-0.0,-0.0,1,20,0.443,0.5,27,0,0.0,0.0,1,26,0.0,0.0,1,26,0.0,0.0,1,26,0.0,0.0,1,26,1.0,1.0,1,26,0.0,0.0,1,26,0.0,0.0,1,26,0.0,0.0,6,21,-0.0,-0.0,1,22,4.6072,12.5723,18,0,1.443,1.5,24,0,corner_R,0.0,0.0,4,19,corner_R,1.0,1.0,0.0,0.0,5,22,-0.0,-0.0,1,21,0.443,0.5,27,0,0.0,0.0,1,26,0.0,0.0,1,26,0.0,0.0,1,26,0.0,0.0,1,26,1.0,1.0,1,26,0.0,0.0,1,26,0.0,0.0,1,26,0.0,0.0,6,21,-0.0,-0.0,1,22,4.6072,12.5723,18,0,1.443,1.5,24,0,corner_R,0.0,0.0,4,20,corner_R,1.0,1.0
00UYPL99UQCG,3199,160.0,1,tesla,tesla,building,8.0,18.0,goblin_gang,6.23,goblin_gang,3,0.0,0.0,26,0.0,0.0,1,26,0.0,0.0,1,26,0.0251,0.0,19,0,0.0,0.0,1,26,0.0,0.0,1,26,0.0,0.0,1,26,0.0,0.0,1,26,1.0,1.0,1,26,0.0,0.0,1,26,0.0,0.0,1,26,0.0,0.0,1,26,0.0,0.0,1,26,6.2347,12.6663,11,0,1.0251,1.0,19,0,centre,0.0,0.0,1,26,corner,1.0,1.0,0.0,0.0,1,26,0.0,0.0,1,26,0.0251,0.0,19,0,0.0,0.0,1,26,0.0,0.0,1,26,0.0,0.0,1,26,0.0,0.0,1,26,1.0,1.0,1,26,0.0,0.0,1,26,0.0,0.0,1,26,0.0,0.0,2,25,0.0,0.0,1,26,6.2347,12.6663,11,0,1.0251,1.0,19,0,centre,0.0,0.0,1,26,corner,1.0,1.0
00UYPL99UQCG,3541,177.1,1,tesla,tesla,building,11.0,18.0,goblin_gang,5.95,goblin_gang,5,0.0,0.0,26,0.9752,0.0,1,0,0.0,0.0,1,26,0.0,0.0,1,26,0.0,0.0,1,26,0.0,0.0,1,26,0.0,0.0,1,26,0.0,0.0,1,26,1.0,1.0,1,26,0.0,0.0,1,26,0.0,0.0,1,26,0.9752,0.0,2,0,0.0,0.0,1,26,5.9503,3.8198,7,0,1.9752,1.0,1,0,g9_18,0.4876,0.0,1,0,g9_18,1.0,1.0,0.8783,1.0,6,0,0.0,0.0,1,26,0.0,0.0,1,26,0.0,0.0,1,26,0.0,0.0,1,26,0.0,0.0,1,26,0.0,0.0,1,26,1.0,1.0,1,26,0.0,0.0,1,26,0.0,0.0,1,26,0.8783,1.0,9,0,0.0,0.0,1,26,5.9503,3.8198,7,0,1.8783,2.0,6,0,corner,0.4391,0.5,6,0,corner,1.0,1.0
00UYPL9P0VQL,334,16.7,1,tesla,tesla,building,7.0,18.0,princess,4.11,princess,1,0.0,0.0,26,0.0,0.0,1,26,0.0,0.0,1,26,0.5,0.5,9,17,0.0,0.0,1,26,0.0,0.0,1,26,0.0,0.0,1,26,0.0,0.0,1,26,0.6667,0.6667,1,26,0.0,0.0,1,26,0.0,0.0,1,26,0.0,0.0,2,25,0.0,0.0,1,26,3.0,1.5,20,0,1.1667,1.1667,9,17,centre,0.0,0.0,1,26,corner,0.6667,0.6667,0.0,0.0,4,23,0.0,0.0,1,26,0.5,0.5,9,17,0.0,0.0,1,26,0.0,0.0,1,26,0.0,0.0,1,26,0.0,0.0,1,26,0.6667,0.6667,1,26,0.0,0.0,1,26,0.0,0.0,1,26,0.5947,0.1799,4,0,0.0,0.0,1,26,3.0,1.5,20,0,1.1667,1.1667,10,17,tesla_modal,0.0,0.0,4,23,tesla_modal,0.6667,0.6667
00UYPL9P0VQL,596,29.8,1,x-bow,x_bow,building,2.5,19.5,bowler,17.08,bowler,1,0.0,0.0,26,0.0,0.0,4,23,0.0,0.0,1,26,0.5,0.5,11,16,0.0,0.0,1,26,0.0,0.0,1,26,0.0,0.0,1,26,0.0,0.0,1,26,0.0,0.0,1,26,0.9616,1.0,9,0,0.0,0.0,1,26,0.0,0.0,1,26,0.0,0.0,1,26,0.4,1.4,23,1,1.4616,1.5,11,0,g9_18,0.9616,1.0,9,0,corner,0.0,0.0,0.0,0.0,4,23,0.0,0.0,1,26,0.5,0.5,11,16,0.0,0.0,1,26,0.0,0.0,1,26,0.0,0.0,1,26,0.0,0.0,1,26,0.0,0.0,1,26,0.9616,1.0,9,0,0.0,0.0,1,26,0.0,0.0,1,26,0.0,0.0,1,26,0.4,1.4,23,1,1.4616,1.5,11,0,g9_18,0.9616,1.0,9,0,corner,0.0,0.0
00UYPL9P0VQL,852,42.6,0,tesla,tesla,building,16.0,18.0,ice_wizard,5.32,ice_wizard,1,0.0,0.0,26,0.0,0.0,4,23,0.0,0.0,1,26,0.5,0.5,9,17,0.0,0.0,1,26,0.0,0.0,1,26,0.0,0.0,1,26,0.0,0.0,1,26,0.0,0.0,1,26,0.0,0.0,1,26,0.0,0.0,1,26,0.4271,0.0,3,0,0.0,0.0,1,26,1.0,12.4163,22,0,0.5,0.5,10,17,tesla_modal,0.0,0.0,4,23,tesla_modal,0.0,0.0,0.0,0.0,4,23,0.0,0.0,1,26,0.5,0.5,9,17,0.0,0.0,1,26,0.0,0.0,1,26,0.0,0.0,1,26,0.0,0.0,1,26,0.0,0.0,1,26,0.0,0.0,1,26,0.0,0.0,1,26,1.0,0.0,1,1,0.0,0.0,1,26,1.0,12.4163,22,0,0.5,0.5,10,17,tesla_modal,0.0,0.0,4,23,tesla_modal,0.0,0.0
00UYPL9P0VQL,1455,72.8,1,tesla,tesla,building,1.0,23.0,,0.0,,3,0.0,0.0,26,0.0,0.0,1,26,0.0,0.0,1,26,0.5,0.5,9,17,0.0,0.0,1,26,0.0,0.0,1,26,0.0,0.0,1,26,0.0,0.0,1,26,0.0,0.0,1,26,0.0,0.0,1,26,0.0,0.0,1,26,0.0,0.0,1,26,0.0,0.0,1,26,0.0,0.0,1,26,0.5,0.5,9,17,centre,0.0,0.0,1,26,corner,0.0,0.0,0.0,0.0,1,26,0.0,0.0,1,26,0.5,0.5,9,17,0.0,0.0,1,26,0.0,0.0,1,26,0.0,0.0,1,26,0.0,0.0,1,26,0.0,0.0,1,26,0.0,0.0,1,26,0.0,0.0,1,26,0.0,0.0,1,26,0.0,0.0,1,26,0.0,0.0,1,26,0.5,0.5,9,17,centre,0.0,0.0,1,26,corner,0.0,0.0
00UYPL9P0VQL,2784,139.2,1,tesla,tesla,building,6.0,18.0,bowler,4.7,bowler,8,0.0,0.0,26,0.0,0.0,3,24,0.0,0.0,1,26,0.0,0.0,19,8,0.0,0.0,1,26,0.0,0.0,1,26,0.0,0.0,1,26,0.0,0.0,1,26,1.0,1.0,1,26,0.0,0.0,1,26,0.0,0.0,1,26,0.0,0.0,3,24,0.0,0.0,1,26,4.9539,6.8004,14,0,1.0,1.0,21,6,centre,0.0,0.0,3,24,g3_22,1.0,1.0,0.0,0.0,2,25,0.0,0.0,1,26,0.0,0.0,19,8,0.0,0.0,1,26,0.0,0.0,1,26,0.0,0.0,1,26,0.0,0.0,1,26,1.0,1.0,1,26,0.0,0.0,1,26,0.0,0.0,1,26,0.0,0.0,2,25,0.0,0.0,1,26,4.9539,6.8004,14,0,1.0,1.0,20,7,centre,0.0,0.0,2,25,g3_22,1.0,1.0
00UYPL9P0VQL,3056,152.8,1,x-bow,x_bow,building,9.5,22.5,goblin_gang,4.75,goblin_gang,4,0.0,0.0,26,0.0,0.0,4,23,0.0,0.0,1,26,0.5,0.0,1,17,0.0,0.0,1,26,0.0,0.0,1,26,0.0,0.0,1,26,0.0,0.0,1,26,0.0,0.0,1,26,0.0,1.0,9,18,0.0,0.0,1,26,0.3231,0.0,3,0,0.0,0.0,1,26,3.8749,11.4118,20,0,0.5,1.0,11,12,bow_modal_R,0.0,1.0,11,16,corner,0.0,0.0,1.0,0.0,1,3,0.0,0.0,1,26,0.5,0.0,1,17,0.0,0.0,1,26,0.0,0.0,1,26,0.0,0.0,1,26,0.0,0.0,1,26,0.1433,0.1433,1,26,0.0,1.0,9,18,0.0,0.0,1,26,1.0,0.0,1,4,0.0,0.0,1,26,3.8749,11.4118,20,0,1.6433,1.1433,3,4,g9_18,0.75,1.0,9,2,corner,0.1433,0.1433
00UYPL9P0VQL,3232,161.6,1,tesla,tesla,building,17.0,19.0,bowler,5.28,bowler,1,0.0,0.0,26,0.0,0.0,6,21,0.0,0.0,1,26,0.5,0.0,1,17,0.0,0.0,1,26,0.0,0.0,1,26,0.0,0.0,1,26,0.0,0.0,1,26,0.0,0.0,1,26,0.0,0.0,1,26,0.0,0.0,1,26,0.2725,0.0,4,0,0.0,0.0,1,26,2.4383,12.7382,24,0,0.5,0.0,6,13,g15_22,0.0,0.0,6,21,g15_22,0.0,0.0,0.0,0.0,6,21,0.0,0.0,1,26,0.5,0.0,1,17,0.0,0.0,1,26,0.0,0.0,1,26,0.0,0.0,1,26,0.0,0.0,1,26,0.0,0.0,1,26,0.0,0.0,1,26,0.0,0.0,1,26,0.4704,0.0,4,0,0.0,0.0,1,26,2.4383,12.7382,24,0,0.5,0.0,6,13,g9_18,0.0,0.0,6,21,g9_18,0.0,0.0
00UYPLL0RLRQ,441,22.1,1,tesla,tesla,building,9.0,19.0,bowler,13.35,bowler,1,0.0,0.0,26,1.0,0.0,1,3,0.0,0.0,1,26,0.9902,0.5,9,0,0.0,0.0,1,26,0.0,0.0,1,26,0.0,0.0,1,26,0.0,0.0,1,26,0.0,0.0,1,26,0.0,0.0,1,26,0.0,0.0,1,26,0.0,0.0,1,26,0.0,0.0,1,26,5.0,12.5,14,3,1.9902,0.5,3,0,tesla_modal,0.9951,0.0,3,0,tesla_modal,0.0,0.0,0.8292,0.0,1,3,0.0,0.0,1,26,0.9902,0.5,9,0,0.0,0.0,1,26,0.0,0.0,1,26,0.0,0.0,1,26,0.0,0.0,1,26,0.0,0.0,1,26,0.0,0.0,1,26,0.0,0.0,1,26,0.0,0.0,1,26,0.0,0.0,1,26,5.0,12.5,14,3,1.8194,0.5,3,0,tesla_modal,0.8251,0.0,3,0,tesla_modal,0.0,0.0
00UYPLL0RLRQ,1214,60.7,1,tesla,tesla,building,9.0,19.0,lumberjack,7.78,lumberjack,2,0.0,0.0,26,0.1342,0.0,7,0,-0.0,-0.0,1,26,0.9902,0.5,9,0,0.0,0.0,1,26,0.0,0.0,1,26,0.0,0.0,1,26,0.0,0.0,1,26,1.0,1.0,1,26,0.0,0.0,1,26,0.0,0.0,1,26,0.0,0.0,5,22,-0.0,-0.0,1,26,7.2316,13.804,21,0,2.1244,1.5,5,0,bow_modal_R,0.1336,0.0,7,0,bow_modal_R,1.0,1.0,0.2377,0.0,7,0,0.0,0.0,1,26,0.9902,0.5,9,0,0.0,0.0,1,26,0.0,0.0,1,26,0.0,0.0,1,26,0.0,0.0,1,26,1.0,1.0,1,26,0.0,0.0,1,26,0.0,0.0,1,26,0.0,0.0,5,22,0.0,0.0,1,26,7.2316,13.804,21,0,2.2279,1.5,4,0,bow_modal_R,0.2365,0.0,7,0,bow_modal_R,1.0,1.0
00UYPLL0RLRQ,1492,74.6,1,x-bow,x_bow,building,8.5,22.5,bowler,18.32,bowler,1,0.0,0.0,26,0.0,0.0,4,23,0.0,0.0,1,26,1.0,0.5,1,8,0.0,0.0,1,26,0.0,0.0,1,26,0.0,0.0,1,26,0.0,0.0,1,26,0.0,0.0,1,26,0.0,1.0,9,18,0.0,0.0,1,26,0.0,0.0,1,26,0.0,0.0,1,26,5.4,12.4,12,1,1.0,1.5,11,6,g9_18,0.0,1.0,11,16,corner,0.0,0.0,0.0,0.0,4,23,0.0,0.0,1,26,1.0,0.5,1,8,0.0,0.0,1,26,0.0,0.0,1,26,0.0,0.0,1,26,0.0,0.0,1,26,0.0,0.0,1,26,0.0,1.0,9,18,0.0,0.0,1,26,0.0,0.0,1,26,0.0,0.0,1,26,5.4,12.4,12,1,1.0,1.5,11,6,g9_18,0.0,1.0,11,16,corner,0.0,0.0
00UYPLL0RLRQ,2502,125.1,1,x-bow,x_bow,building,8.5,22.5,inferno_dragon,22.25,inferno_dragon,2,0.0,0.0,26,0.8871,0.0,3,0,0.0,0.0,1,26,1.0,0.5,1,8,0.0,0.0,1,26,0.0,0.0,1,26,0.0,0.0,1,26,0.0,0.0,1,26,0.0,0.0,1,26,0.0,1.0,9,18,0.0,0.0,1,26,0.0,0.0,1,26,0.0,0.0,1,26,5.7258,13.1679,12,0,1.8871,1.5,4,0,g9_18,0.8871,1.0,11,0,corner,0.0,0.0,0.9027,0.0,3,0,0.0,0.0,1,26,1.0,0.5,1,8,0.0,0.0,1,26,0.0,0.0,1,26,0.0,0.0,1,26,0.0,0.0,1,26,0.0,0.0,1,26,0.0,1.0,9,18,0.0,0.0,1,26,0.0,0.0,1,26,0.0,0.0,1,26,5.7258,13.1679,12,0,1.9027,1.5,4,0,g9_18,0.9027,1.0,11,0,corner,0.0,0.0
00UYPLL0RLRQ,2771,138.6,1,tesla,tesla,building,11.0,22.0,lumberjack,7.11,lumberjack,3,0.0,0.0,26,0.9792,0.0,6,0,-0.0,-0.0,1,25,1.0,0.5,1,8,0.0,0.0,1,26,0.0,0.0,1,26,0.0,0.0,1,26,0.0,0.0,1,26,0.8125,0.8125,1,26,0.0,0.0,1,26,0.0,0.0,1,26,0.0,0.0,7,20,-0.0,-0.0,1,26,5.5415,11.6655,21,0,2.7918,1.3125,1,0,tesla_modal,0.9792,0.0,1,0,tesla_modal,0.8125,0.8125,1.0,0.0,1,2,0.0,0.0,1,26,1.0,0.5,1,8,0.0,0.0,1,26,0.0,0.0,1,26,0.0,0.0,1,26,0.0,0.0,1,26,0.8125,0.8125,1,26,0.0,0.0,1,26,0.0,0.0,1,26,0.0,0.0,7,20,0.0,0.0,1,26,5.5415,11.6655,21,0,2.8125,1.3125,1,0,tesla_modal,1.0,0.0,1,0,tesla_modal,0.8125,0.8125
00UYPLL0RLRQ,2983,149.2,1,x-bow,x_bow,building,2.5,19.5,balloon,9.16,balloon,2,0.0,0.0,26,0.0,0.0,12,15,-0.0,-0.0,1,23,0.5,0.5,11,16,0.0,0.0,1,26,0.0,0.0,1,26,0.0,0.0,1,26,0.0,0.0,1,26,0.0,0.0,1,26,0.9616,1.0,9,0,0.0,0.0,1,26,0.0,0.0,12,15,-0.0,-0.0,1,25,7.6462,8.8868,12,0,1.4616,1.5,15,0,g9_18,0.9616,1.0,12,0,corner,0.0,0.0,0.0,0.0,9,18,0.0,0.0,1,26,0.5,0.5,11,16,0.0,0.0,1,26,0.0,0.0,1,26,0.0,0.0,1,26,0.0,0.0,1,26,0.0,0.0,1,26,0.9616,1.0,9,0,0.0,0.0,1,26,0.0,0.0,11,16,0.0,0.0,1,26,7.6462,8.8868,12,0,1.4616,1.5,10,0,corner_R,0.9616,1.0,9,0,corner,0.0,0.0
00UYPLL0RLRQ,3751,187.6,1,x-bow,x_bow,building,7.5,22.5,baby_dragon,8.41,baby_dragon,2,0.0,0.0,26,0.9121,0.0,2,0,0.0,0.0,1,26,1.0,0.5,1,8,0.0,0.0,1,26,0.0,0.0,1,26,0.0,0.0,1,26,0.0,0.0,1,26,1.0,1.0,1,26,0.0,1.0,9,18,0.0,0.0,1,26,0.0,0.0,9,18,0.0,0.0,1,26,5.6757,10.7747,11,0,2.9121,2.5,3,0,centre,0.9121,1.0,10,0,corner,1.0,1.0,0.9278,0.0,5,0,0.0,0.0,1,26,1.0,0.5,1,8,0.0,0.0,1,26,0.0,0.0,1,26,0.0,0.0,1,26,0.0,0.0,1,26,1.0,1.0,1,26,0.0,1.0,9,18,0.0,0.0,1,26,0.0,0.0,9,18,0.0,0.0,1,26,5.6757,10.7747,11,0,2.9278,2.5,6,0,g9_18,0.9278,1.0,13,0,corner,1.0,1.0
00UYPLL0RLRQ,3874,193.7,1,tesla,tesla,building,17.0,19.0,baby_dragon,4.7,baby_dragon,3,0.0,0.0,26,0.567,0.0,4,0,0.0,0.0,1,26,0.5,0.5,9,17,0.0,0.0,1,26,0.0,0.0,1,26,0.0,0.0,1,26,0.0,0.0,1,26,1.0,1.0,1,26,0.0,0.0,1,26,0.0,0.0,1,26,1.0,0.0,1,2,0.0,0.0,1,26,3.634,10.5138,22,0,2.067,1.5,6,0,tesla_modal,0.4253,0.0,4,0,tesla_modal,1.0,1.0,0.8545,0.0,4,0,0.0,0.0,1,26,0.5,0.5,9,17,0.0,0.0,1,26,0.0,0.0,1,26,0.0,0.0,1,26,0.0,0.0,1,26,1.0,1.0,1,26,0.0,0.0,1,26,0.0,0.0,1,26,1.0,0.0,1,3,0.0,0.0,1,26,3.634,10.5138,22,0,2.3545,1.5,4,0,tesla_modal,0.6409,0.0,4,0,tesla_modal,1.0,1.0
00UYPLLCLCJQ,571,28.6,1,tesla,tesla,building,9.0,21.0,goblinstein,4.89,goblinstein,4,0.0,0.0,26,1.0,0.0,1,3,-0.0,-0.0,1,19,1.0,0.5,1,8,0.0,0.0,1,26,0.0,0.0,1,26,0.0,0.0,1,26,0.0,0.0,1,26,1.0,1.0,1,26,0.0,0.0,1,26,0.0,0.0,1,26,1.0,0.0,1,3,-0.0,-0.0,1,22,4.6265,11.9261,15,1,3.0,1.5,1,2,tesla_modal,1.0,0.0,1,2,tesla_modal,1.0,1.0,1.0,0.0,1,5,-0.0,-0.0,1,21,1.0,0.5,1,8,0.0,0.0,1,26,0.0,0.0,1,26,0.0,0.0,1,26,0.0,0.0,1,26,1.0,1.0,1,26,0.0,0.0,1,26,0.0,0.0,1,26,1.0,0.0,1,6,-0.0,-0.0,1,23,4.6265,11.9261,15,1,3.0,1.5,1,3,tesla_modal,1.0,0.0,1,3,tesla_modal,1.0,1.0
00UYPLLCLCJQ,918,45.9,1,x-bow,x_bow,building,2.5,19.5,,0.0,,3,0.0,0.0,26,0.0,0.0,1,26,0.0,0.0,1,26,0.5,0.5,11,16,0.0,0.0,1,26,0.0,0.0,1,26,0.0,0.0,1,26,0.0,0.0,1,26,0.0,0.0,1,26,0.9616,1.0,9,0,0.0,0.0,1,26,0.0,0.0,1,26,0.0,0.0,1,26,0.0,0.0,1,26,1.4616,1.5,9,0,g9_18,0.9616,1.0,9,0,corner,0.0,0.0,0.0,0.0,1,26,0.0,0.0,1,26,0.5,0.5,11,16,0.0,0.0,1,26,0.0,0.0,1,26,0.0,0.0,1,26,0.0,0.0,1,26,0.0,0.0,1,26,0.9616,1.0,9,0,0.0,0.0,1,26,0.0,0.0,1,26,0.0,0.0,1,26,0.0,0.0,1,26,1.4616,1.5,9,0,g9_18,0.9616,1.0,9,0,corner,0.0,0.0
00UYPLLCLCJQ,1683,84.2,1,tesla,tesla,building,11.0,22.0,royal_hogs,4.87,royal_hogs,4,0.0,0.0,26,0.0,0.0,6,21,-0.0,-0.0,1,20,0.5,0.0,1,17,0.0,0.0,1,26,0.0,0.0,1,26,0.0,0.0,1,26,0.0,0.0,1,26,1.0,1.0,1,26,0.0,0.0,1,26,0.0,0.0,1,26,0.0,0.0,6,21,-0.0,-0.0,1,23,3.65,13.6694,20,0,1.5,1.0,3,11,lane_R,0.0,0.0,4,20,lane_R,1.0,1.0,0.0,0.0,2,25,0.0,0.0,1,26,0.5,0.0,1,17,0.0,0.0,1,26,0.0,0.0,1,26,0.0,0.0,1,26,0.0,0.0,1,26,1.0,1.0,1,26,0.0,0.0,1,26,0.0,0.0,1,26,0.0,0.0,3,24,0.0,0.0,1,26,3.65,13.6694,20,0,1.5,1.0,2,16,lane_R,0.0,0.0,2,25,lane_R,1.0,1.0
00UYPLLCLCJQ,2687,134.4,1,x-bow,x_bow,building,12.5,22.5,archers,19.45,archers,2,0.0,0.0,26,0.0,0.0,4,23,0.0,0.0,1,26,0.5,0.0,1,17,0.0,0.0,1,26,0.0,0.0,1,26,0.0,0.0,1,26,0.0,0.0,1,26,0.0,0.0,1,26,0.0,1.0,9,18,0.0,0.0,1,26,0.0,0.0,1,26,0.0,0.0,1,26,1.4,12.4,21,1,0.5,1.0,11,12,g9_18,0.0,1.0,11,16,corner,0.0,0.0,0.0,0.0,5,22,0.0,0.0,1,26,0.5,0.0,1,17,0.0,0.0,1,26,0.0,0.0,1,26,0.0,0.0,1,26,0.0,0.0,1,26,0.0,0.0,1,26,0.0,1.0,9,18,0.0,0.0,1,26,0.0,0.0,1,26,0.0,0.0,1,26,1.4,12.4,21,1,0.5,1.0,12,11,g9_18,0.0,1.0,12,15,corner,0.0,0.0
00UYPLLCLCJQ,2931,146.6,1,tesla,tesla,building,9.0,18.0,goblinstein,3.76,goblinstein,8,0.0,0.0,26,1.0,0.0,1,4,-0.0,-0.0,1,21,0.2332,0.0,18,1,0.0,0.0,1,26,0.0,0.0,1,26,0.0,0.0,1,26,0.0,0.0,1,26,1.0,1.0,1,26,0.0,0.0,1,26,0.0,0.0,1,26,1.0,0.0,1,5,-0.0,-0.0,1,24,3.7616,11.0448,16,1,2.2332,1.0,4,1,tesla_modal,0.6166,0.0,4,1,tesla_modal,1.0,1.0,1.0,0.0,1,5,-0.0,-0.0,1,22,0.2332,0.0,18,1,0.0,0.0,1,26,0.0,0.0,1,26,0.0,0.0,1,26,0.0,0.0,1,26,1.0,1.0,1,26,0.0,0.0,1,26,0.0,0.0,1,26,1.0,0.0,1,6,-0.0,-0.0,1,24,3.7616,11.0448,16,1,2.2332,1.0,5,1,tesla_modal,0.6166,0.0,5,1,tesla_modal,1.0,1.0
00UYPLLCLCJQ,3177,158.9,1,x-bow,x_bow,building,15.5,19.5,royal_hogs,3.57,royal_hogs,4,0.0,0.0,26,0.0,0.0,1,26,-0.0,-0.0,1,24,0.5,0.0,1,17,0.0,0.0,1,26,0.0,0.0,1,26,0.0,0.0,1,26,0.0,0.0,1,26,0.0,0.0,1,26,0.9616,1.0,9,0,0.0,0.0,1,26,0.0,0.0,1,26,-0.0,-0.0,1,25,3.5677,12.8529,23,0,1.4616,1.0,4,0,bow_modal_R,0.9616,1.0,9,0,corner,0.0,0.0,0.0,0.0,1,26,0.0,0.0,1,26,0.5,0.0,1,17,0.0,0.0,1,26,0.0,0.0,1,26,0.0,0.0,1,26,0.0,0.0,1,26,0.0,0.0,1,26,0.9616,1.0,9,0,0.0,0.0,1,26,0.0,0.0,1,26,0.0,0.0,1,26,3.5677,12.8529,23,0,1.4616,1.0,4,0,bow_modal_R,0.9616,1.0,9,0,corner,0.0,0.0
00UYPLLCLCJQ,3268,163.4,1,tesla,tesla,building,13.0,18.0,archers,0.74,archers,6,0.0,0.0,26,0.0,0.0,4,23,0.0,0.0,1,26,0.5,0.0,1,17,0.0,0.0,1,26,0.0,0.0,1,26,0.0,0.0,1,26,0.0,0.0,1,26,1.0,1.0,1,26,0.0,0.0,1,26,0.0,0.0,1,26,0.0,0.0,6,21,0.0,0.0,1,26,0.0,9.8308,27,0,1.5,1.0,4,14,knight_cell,0.0,0.0,4,23,knight_cell,1.0,1.0,0.0,0.0,9,18,0.0,0.0,1,26,0.5,0.0,1,17,0.0,0.0,1,26,0.0,0.0,1,26,0.0,0.0,1,26,0.0,0.0,1,26,1.0,1.0,1,26,0.0,0.0,1,26,0.0,0.0,1,26,0.0,0.0,9,18,0.0,0.0,1,26,0.0,9.8308,27,0,1.5,1.0,9,10,knight_cell,0.0,0.0,9,18,knight_cell,1.0,1.0
00UYPLLGUP02,581,29.1,1,tesla,tesla,building,9.0,21.0,furnace,11.61,furnace,3,0.0,0.0,26,0.0,0.6213,7,20,0.0,0.0,1,26,1.0,0.5,1,8,0.0,0.0,1,26,0.0,0.0,1,26,0.0,0.0,1,26,0.0,0.0,1,26,1.0,1.0,1,26,0.0,0.0,1,26,0.0,0.0,1,26,0.0,0.0,1,26,0.0,0.0,1,26,8.2366,5.7426,20,1,2.0,2.1213,4,8,bow_modal_L,0.0,0.466,7,20,bow_modal_L,1.0,1.0,0.0,0.9829,7,20,0.0,0.0,1,26,1.0,0.5,1,8,0.0,0.0,1,26,0.0,0.0,1,26,0.0,0.0,1,26,0.0,0.0,1,26,1.0,1.0,1,26,0.0,0.0,1,26,0.0,0.0,1,26,0.0,0.0,1,26,0.0,0.0,1,26,8.2366,5.7426,20,1,2.0,2.4829,6,8,tesla_true,0.0,0.7371,7,20,tesla_true,1.0,1.0
00UYPLLGUP02,1164,58.2,1,x-bow,x_bow,building,15.5,19.5,bowler,14.65,bowler,1,0.0,0.0,26,0.0,0.0,4,23,0.0,0.0,1,26,0.5,0.5,11,16,0.0,0.0,1,26,0.0,0.0,1,26,0.0,0.0,1,26,0.0,0.0,1,26,0.0,0.0,1,26,0.9616,1.0,9,0,0.0,0.0,1,26,0.0,0.0,1,26,0.0,0.0,1,26,11.4,1.4,3,0,1.4616,1.5,11,0,g9_18,0.9616,1.0,9,0,corner,0.0,0.0,0.0,0.0,4,23,0.0,0.0,1,26,0.5,0.5,11,16,0.0,0.0,1,26,0.0,0.0,1,26,0.0,0.0,1,26,0.0,0.0,1,26,0.0,0.0,1,26,0.9616,1.0,9,0,0.0,0.0,1,26,0.0,0.0,1,26,0.0,0.0,1,26,11.4,1.4,3,0,1.4616,1.5,11,0,g9_18,0.9616,1.0,9,0,corner,0.0,0.0
00UYPLLGUP02,2315,115.8,1,tesla,tesla,building,9.0,22.0,royal_hogs,7.97,royal_hogs,5,0.0,0.0,26,1.0,0.7836,1,3,-0.0,-0.2546,1,19,1.0,0.5,1,8,0.0,0.0,1,26,0.0,0.0,1,26,0.0,0.0,1,26,0.0,0.0,1,26,1.0,1.0,1,26,0.0,0.0,1,26,0.0,0.0,1,26,1.0,1.0,1,9,-0.0,-0.0,1,26,5.1129,1.2671,16,1,3.0,2.0289,1,2,tesla_modal,1.0,0.333,1,2,tesla_modal,1.0,1.0,1.0,0.0,1,3,0.0,0.0,1,26,1.0,0.5,1,8,0.0,0.0,1,26,0.0,0.0,1,26,0.0,0.0,1,26,0.0,0.0,1,26,1.0,1.0,1,26,0.0,0.0,1,26,0.0,0.0,1,26,0.5538,0.6994,7,1,0.0,0.0,1,26,5.1129,1.2671,16,1,3.0,1.5,1,2,tesla_modal,1.0,0.0,1,2,tesla_modal,1.0,1.0
00UYPLLGUP02,2637,131.9,1,x-bow,x_bow,building,9.5,21.5,bowler,12.53,bowler,2,0.0,0.0,26,1.0,0.0,1,0,0.0,0.0,1,26,1.0,0.5,1,8,0.0,0.0,1,26,0.0,0.0,1,26,0.0,0.0,1,26,0.0,0.0,1,26,0.0,0.0,1,26,0.0,1.0,9,18,0.0,0.0,1,26,0.0,0.0,1,26,0.0,0.0,1,26,5.4,1.4,13,0,2.0,1.5,2,0,g9_18,1.0,1.0,1,8,corner,0.0,0.0,1.0,0.0,1,0,0.0,0.0,1,26,1.0,0.5,1,8,0.0,0.0,1,26,0.0,0.0,1,26,0.0,0.0,1,26,0.0,0.0,1,26,0.0,0.0,1,26,0.0,1.0,9,18,0.0,0.0,1,26,0.0,0.0,2,25,0.0,0.0,1,26,5.4,1.4,13,0,2.0,1.5,2,0,g9_18,1.0,1.0,1,8,corner,0.0,0.0
00UYPLLGUP02,3141,157.1,1,tesla,tesla,building,7.0,18.0,royal_hogs,3.7,royal_hogs,6,0.0,0.0,26,1.0,0.5781,1,1,-0.0,-0.4964,1,19,0.5,0.5,9,17,0.0,0.0,1,26,0.0,0.0,1,26,0.0,0.0,1,26,0.0,0.0,1,26,1.0,1.0,1,26,0.0,0.0,1,26,0.0,0.0,1,26,1.0,0.7665,1,3,-0.0,-0.2747,1,22,3.6665,0.8562,20,0,2.5,1.5817,1,0,g9_18,0.75,0.1336,1,0,g9_18,1.0,1.0,1.0,0.0,1,1,0.0,0.0,1,26,0.5,0.5,9,17,0.0,0.0,1,26,0.0,0.0,1,26,0.0,0.0,1,26,0.0,0.0,1,26,1.0,1.0,1,26,0.0,0.0,1,26,0.0,0.0,1,26,1.0,0.0,1,2,0.0,0.0,1,26,3.6665,0.8562,20,0,2.5,1.5,1,0,g9_18,0.75,0.0,1,0,g9_18,1.0,1.0
00UYPLLGUP02,3435,171.8,1,x-bow,x_bow,building,9.5,21.5,furnace,6.47,furnace,2,0.0,0.0,26,0.0,0.0,2,25,0.0,0.0,1,26,1.0,0.5,1,8,0.0,0.0,1,26,0.0,0.0,1,26,0.0,0.0,1,26,0.0,0.0,1,26,0.0,0.0,1,26,0.0,1.0,6,21,0.0,0.0,1,26,0.3159,0.0,3,0,0.0,0.0,1,26,4.1693,2.5662,20,0,1.0,1.5,6,8,g9_18,0.0,1.0,7,20,corner,0.0,0.0,1.0,0.5109,1,2,0.0,0.0,1,26,1.0,0.5,1,8,0.0,0.0,1,26,0.0,0.0,1,26,0.0,0.0,1,26,0.0,0.0,1,26,0.0,0.0,1,26,0.0,1.0,6,21,0.0,0.0,1,26,0.42,0.5109,8,0,0.0,0.0,1,26,4.1693,2.5662,20,0,2.0,2.0109,3,1,bow_modal_L,1.0,1.0,1,6,corner,0.0,0.0
00UYPLLGYCQ2,235,11.8,1,tesla,tesla,building,10.0,22.0,skeleton_barrel,8.9,skeleton_barrel,1,0.0,0.0,26,1.0,0.0,1,5,-0.0,-0.0,1,21,1.0,0.5,1,8,0.0,0.0,1,26,0.0,0.0,1,26,0.0,0.0,1,26,0.0,0.0,1,26,1.0,1.0,1,26,0.0,0.0,1,26,0.0,0.0,1,26,0.4024,0.0,7,0,-0.0,-0.0,1,26,4.7145,13.8096,18,0,3.0,1.5,1,3,tesla_modal,1.0,0.0,1,3,tesla_modal,1.0,1.0,1.0,0.0,1,3,0.0,0.0,1,26,1.0,0.5,1,8,0.0,0.0,1,26,0.0,0.0,1,26,0.0,0.0,1,26,0.0,0.0,1,26,1.0,1.0,1,26,0.0,0.0,1,26,0.0,0.0,1,26,0.1427,0.0,7,0,0.0,0.0,1,26,4.7145,13.8096,18,0,3.0,1.5,1,2,tesla_modal,1.0,0.0,1,2,tesla_modal,1.0,1.0
00UYPLLGYCQ2,1051,52.6,1,tesla,tesla,building,11.0,21.0,rascals,6.47,rascals,5,0.0,0.0,26,0.6152,0.0,7,0,-0.0,-0.0,1,25,0.9179,0.5,9,0,0.0,0.0,1,26,0.0,0.0,1,26,0.0,0.0,1,26,0.0,0.0,1,26,1.0,1.0,1,26,0.0,0.0,1,26,0.0,0.0,1,26,0.1721,0.0,7,0,-0.0,-0.0,1,26,6.2696,12.7417,21,0,2.533,1.5,1,0,bow_modal_R,0.5899,0.0,7,0,bow_modal_R,1.0,1.0,0.7186,0.0,4,0,0.0,0.0,1,26,0.9179,0.5,9,0,0.0,0.0,1,26,0.0,0.0,1,26,0.0,0.0,1,26,0.0,0.0,1,26,1.0,1.0,1,26,0.0,0.0,1,26,0.0,0.0,1,26,0.2755,0.0,7,0,0.0,0.0,1,26,6.2696,12.7417,21,0,2.6365,1.5,1,0,lane_R,0.6891,0.0,4,0,lane_R,1.0,1.0
00UYPLLGYCQ2,1823,91.2,1,tesla,tesla,building,15.0,19.0,rascals,0.0,rascals,4,0.0,0.0,26,0.1513,0.0,4,1,-0.943,-0.0,25,1,0.5,0.0,1,17,0.0,0.0,1,26,0.0,0.0,1,26,0.0,0.0,1,26,0.0,0.0,1,26,1.0,1.0,1,26,0.0,0.0,1,26,0.0,0.0,1,26,0.1513,0.0,5,1,-0.943,-0.0,26,1,0.1025,13.0201,25,1,0.7082,1.0,24,1,corner_R,-0.1865,0.0,24,1,corner_R,1.0,1.0,0.0,0.0,1,26,0.0,0.0,1,26,0.5,0.0,1,17,0.0,0.0,1,26,0.0,0.0,1,26,0.0,0.0,1,26,0.0,0.0,1,26,1.0,1.0,1,26,0.0,0.0,1,26,0.0,0.0,1,26,0.0,0.0,2,25,0.0,0.0,1,26,0.1025,13.0201,25,1,1.5,1.0,1,17,centre,0.0,0.0,1,26,corner,1.0,1.0
00UYPLLGYCQ2,2517,125.9,1,tesla,tesla,building,9.0,18.0,cannon_cart,4.72,cannon_cart,2,0.0,0.0,26,0.0,0.0,3,24,0.0,0.0,1,26,0.2332,0.0,18,1,0.0,0.0,1,26,0.0,0.0,1,26,0.0,0.0,1,26,0.0,0.0,1,26,0.0,0.0,1,26,0.0,0.0,1,26,0.0,0.0,1,26,0.0,0.0,2,25,0.0,0.0,1,26,4.0897,9.6959,22,1,0.2332,0.0,18,1,g9_22,0.0,0.0,3,24,g9_22,0.0,0.0,1.0,0.0,1,3,0.0,0.0,1,26,0.2332,0.0,18,1,0.0,0.0,1,26,0.0,0.0,1,26,0.0,0.0,1,26,0.0,0.0,1,26,0.0,0.0,1,26,0.0,0.0,1,26,0.0,0.0,1,26,0.0,0.0,2,25,0.0,0.0,1,26,4.0897,9.6959,22,1,1.2332,0.0,4,1,tesla_modal,0.6166,0.0,4,1,tesla_modal,0.0,0.0
00UYPLLGYCQ2,2711,135.6,1,x-bow,x_bow,building,8.5,21.5,rascals,18.66,rascals,4,0.0,0.0,26,1.0,1.0,1,9,-0.0,-0.0,1,19,0.5,0.0,1,17,0.0,0.0,1,26,0.0,0.0,1,26,0.0,0.0,1,26,0.0,0.0,1,26,0.0,0.0,1,26,0.0,1.0,9,18,0.0,0.0,1,26,0.0,0.0,1,26,-0.0,-0.0,1,26,1.8618,2.216,20,0,1.5,2.0,5,6,g9_18,0.75,1.0,8,3,corner,0.0,0.0,0.1576,0.3347,11,0,0.0,0.0,1,26,0.5,0.0,1,17,0.0,0.0,1,26,0.0,0.0,1,26,0.0,0.0,1,26,0.0,0.0,1,26,0.0,0.0,1,26,0.0,1.0,9,18,0.0,0.0,1,26,0.0,0.0,1,26,0.0,0.0,1,26,1.8618,2.216,20,0,0.6576,1.3347,14,0,g9_18,0.1182,1.0,15,0,corner,0.0,0.0
00UYPLLGYCQ2,3588,179.4,1,tesla,tesla,building,11.0,19.0,rascals,3.33,rascals,6,0.0,0.0,26,1.0,0.0,1,7,-0.0,-0.0,1,21,0.0,0.0,1,26,0.0,0.0,1,26,0.0,0.0,1,26,0.0,0.0,1,26,0.0,0.0,1,26,1.0,1.0,1,26,0.0,0.0,1,26,0.0,0.0,1,26,1.0,0.0,1,1,-0.0,-0.0,1,21,3.1412,12.1231,21,0,2.0,1.0,1,7,centre,0.5,0.0,1,7,centre,1.0,1.0,0.7973,0.0,7,0,0.0,0.0,1,26,0.0,0.0,1,26,0.0,0.0,1,26,0.0,0.0,1,26,0.0,0.0,1,26,0.0,0.0,1,26,1.0,1.0,1,26,0.0,0.0,1,26,0.0,0.0,1,26,1.0,0.0,1,3,0.0,0.0,1,26,3.1412,12.1231,21,0,1.7973,1.0,7,0,centre,0.3987,0.0,7,0,centre,1.0,1.0
00UYPLLR2JVJ,282,14.1,1,tesla,tesla,building,9.0,21.0,ram_rider,17.49,ram_rider,1,0.0,0.0,26,1.0,0.85,1,3,-0.0,-0.1667,1,19,1.0,0.5,1,8,0.0,0.0,1,26,0.0,0.0,1,26,0.0,0.0,1,26,0.0,0.0,1,26,0.0,0.0,1,26,0.0,0.0,1,26,0.0,0.0,1,26,0.0,0.0,1,26,-0.0,-0.0,1,26,5.0,1.5,15,3,2.0,1.1833,1,2,tesla_modal,1.0,0.4708,1,2,tesla_modal,0.0,0.0,1.0,0.0718,1,3,0.0,0.0,1,26,1.0,0.5,1,8,0.0,0.0,1,26,0.0,0.0,1,26,0.0,0.0,1,26,0.0,0.0,1,26,0.0,0.0,1,26,0.0,0.0,1,26,0.0,0.0,1,26,0.0,0.0,1,26,0.0,0.0,1,26,5.0,1.5,15,3,2.0,0.5718,1,2,tesla_modal,1.0,0.0538,1,2,tesla_modal,0.0,0.0
00UYPLLR2JVJ,1088,54.4,1,tesla,tesla,building,9.0,21.0,golden_knight,6.13,golden_knight,2,0.0,0.0,26,1.0,1.0,1,7,-0.0,-0.0,1,24,1.0,0.5,1,8,0.0,0.0,1,26,0.0,0.0,1,26,0.0,0.0,1,26,0.0,0.0,1,26,1.0,1.0,1,26,0.0,0.0,1,26,0.0,0.0,1,26,0.5345,1.0,8,1,-0.0,-0.0,1,25,4.6432,2.6849,19,1,3.0,2.5,1,2,tesla_modal,1.0,0.75,1,2,tesla_modal,1.0,1.0,1.0,0.5692,1,4,0.0,0.0,1,26,1.0,0.5,1,8,0.0,0.0,1,26,0.0,0.0,1,26,0.0,0.0,1,26,0.0,0.0,1,26,1.0,1.0,1,26,0.0,0.0,1,26,0.0,0.0,1,26,0.6379,0.8166,7,1,0.0,0.0,1,26,4.6432,2.6849,19,1,3.0,2.0692,1,2,tesla_modal,1.0,0.4269,1,2,tesla_modal,1.0,1.0
00UYPLLR2JVJ,2304,115.2,1,tesla,tesla,building,9.0,22.0,pekka,8.65,pekka,2,0.0,0.0,26,1.0,0.65,1,3,-0.0,-0.3182,1,19,1.0,0.5,1,8,0.0,0.0,1,26,0.0,0.0,1,26,0.0,0.0,1,26,0.0,0.0,1,26,0.2044,0.2044,1,26,0.0,0.0,1,26,0.0,0.0,1,26,0.0,1.0,8,19,-0.0,-0.0,1,26,5.0,1.5,15,3,2.2044,1.0362,1,2,tesla_modal,1.0,0.1875,1,2,tesla_modal,0.2044,0.2044,1.0,0.6667,1,3,-0.0,-0.3077,1,19,1.0,0.5,1,8,0.0,0.0,1,26,0.0,0.0,1,26,0.0,0.0,1,26,0.0,0.0,1,26,0.2044,0.2044,1,26,0.0,0.0,1,26,0.0,0.0,1,26,0.0,1.0,8,19,-0.0,-0.0,1,26,5.0,1.5,15,3,2.2044,1.0633,1,2,tesla_modal,1.0,0.2,1,2,tesla_modal,0.2044,0.2044
00UYPLLR2JVJ,2998,149.9,1,tesla,tesla,building,9.0,20.0,golden_knight,5.99,golden_knight,3,0.0,0.0,26,1.0,0.0,1,4,-0.0,-0.0,1,22,1.0,0.5,1,8,0.0,0.0,1,26,0.0,0.0,1,26,0.0,0.0,1,26,0.0,0.0,1,26,0.6247,0.6247,1,26,0.0,0.0,1,26,0.0,0.0,1,26,0.0681,0.0,7,0,-0.0,-0.0,1,26,3.3605,11.0074,20,0,2.6247,1.1247,1,2,tesla_modal,1.0,0.0,1,2,tesla_modal,0.6247,0.6247,0.907,0.0,3,0,0.0,0.0,1,26,1.0,0.5,1,8,0.0,0.0,1,26,0.0,0.0,1,26,0.0,0.0,1,26,0.0,0.0,1,26,0.6247,0.6247,1,26,0.0,0.0,1,26,0.0,0.0,1,26,0.1716,0.0,7,0,0.0,0.0,1,26,3.3605,11.0074,20,0,2.5316,1.1247,2,0,g9_22,0.907,0.0,2,0,g9_22,0.6247,0.6247
00UYPLLR2JVJ,3637,181.9,1,tesla,tesla,building,7.0,22.0,golden_knight,6.9,golden_knight,4,0.0,0.0,26,0.0,0.0,10,17,-0.0,-0.0,1,21,1.0,0.5,1,8,0.0,0.0,1,26,0.0,0.0,1,26,0.0,0.0,1,26,0.0,0.0,1,26,1.0,1.0,1,26,0.0,0.0,1,26,0.0,0.0,1,26,0.0,0.0,10,17,-0.0,-0.0,1,24,3.5649,9.3221,16,0,2.0,1.5,8,5,knight_cell,0.0,0.0,10,17,knight_cell,1.0,1.0,0.0,0.0,7,20,0.0,0.0,1,26,1.0,0.5,1,8,0.0,0.0,1,26,0.0,0.0,1,26,0.0,0.0,1,26,0.0,0.0,1,26,1.0,1.0,1,26,0.0,0.0,1,26,0.0,0.0,1,26,0.0,0.0,9,18,0.0,0.0,1,26,3.5649,9.3221,16,0,2.0,1.5,6,6,knight_cell,0.0,0.0,7,20,g15_22,1.0,1.0
00UYPLLR2JVJ,3974,198.7,1,x-bow,x_bow,building,5.5,22.5,baby_dragon,6.92,baby_dragon,2,0.0,0.0,26,1.0,0.0,1,0,0.0,0.0,1,26,0.7044,0.5,9,0,0.0,0.0,1,26,0.0,0.0,1,26,0.0,0.0,1,26,0.0,0.0,1,26,0.0,0.0,1,26,0.0,1.0,9,18,0.0,0.0,1,26,0.3376,0.0,4,0,0.0,0.0,1,26,4.7391,0.0,21,0,1.7044,1.5,2,0,g9_18,0.8522,1.0,9,0,corner,0.0,0.0,1.0,0.0,1,0,0.0,0.0,1,26,0.7044,0.5,9,0,0.0,0.0,1,26,0.0,0.0,1,26,0.0,0.0,1,26,0.0,0.0,1,26,0.0,0.0,1,26,0.0,1.0,9,18,0.0,0.0,1,26,0.3533,0.1295,4,0,0.0,0.0,1,26,4.7391,0.0,21,0,1.7044,1.5,2,0,g9_18,0.8522,1.0,9,0,corner,0.0,0.0
00UYPLLR2JVJ,4151,207.6,1,tesla,tesla,building,9.0,18.0,baby_dragon,5.39,baby_dragon,4,0.0,0.0,26,1.0,0.0,1,1,0.0,0.0,1,26,0.4663,0.5,26,1,0.0,0.0,1,26,0.0,0.0,1,26,0.0,0.0,1,26,0.0,0.0,1,26,1.0,1.0,1,26,0.0,0.0,1,26,0.0,0.0,1,26,1.0,0.0,1,1,0.0,0.0,1,26,4.7937,1.1272,14,1,2.4663,1.5,1,1,g9_18,0.7332,0.0,1,1,g9_18,1.0,1.0,1.0,0.0,1,1,0.0,0.0,1,26,0.4663,0.5,26,1,0.0,0.0,1,26,0.0,0.0,1,26,0.0,0.0,1,26,0.0,0.0,1,26,1.0,1.0,1,26,0.0,0.0,1,26,0.0,0.0,1,26,1.0,0.0,1,1,0.0,0.0,1,26,4.7937,1.1272,14,1,2.4663,1.5,1,1,g9_18,0.7332,0.0,1,1,g9_18,1.0,1.0
00UYPLLR2JVJ,4582,229.1,1,tesla,tesla,building,9.0,19.0,pekka,3.79,pekka,5,0.0,0.0,26,0.0,0.0,4,23,-0.0,-0.0,1,22,0.9902,0.5,9,0,0.0,0.0,1,26,0.0,0.0,1,26,0.0,0.0,1,26,0.0,0.0,1,26,1.0,1.0,1,26,0.0,0.0,1,26,0.0,0.0,1,26,0.0,0.0,4,23,-0.0,-0.0,1,23,4.0357,10.938,17,0,1.9902,1.5,9,0,g15_22,0.0,0.0,4,22,g15_22,1.0,1.0,0.0,0.0,4,23,-0.0,-0.0,1,22,0.9902,0.5,9,0,0.0,0.0,1,26,0.0,0.0,1,26,0.0,0.0,1,26,0.0,0.0,1,26,1.0,1.0,1,26,0.0,0.0,1,26,0.0,0.0,1,26,0.0,0.0,4,23,-0.0,-0.0,1,23,4.0357,10.938,17,0,1.9902,1.5,9,0,g15_22,0.0,0.0,4,22,g15_22,1.0,1.0
00UYPLLU0C0L,1844,92.2,1,tesla,tesla,building,9.0,18.0,three_musketeers,5.14,three_musketeers,2,0.0,0.0,26,0.0,0.0,1,26,0.0,0.0,1,26,0.2332,0.5,17,1,0.0,0.0,1,26,0.0,0.0,1,26,0.0,0.0,1,26,0.0,0.0,1,26,0.0,0.0,1,26,0.0,0.0,1,26,0.0,0.0,1,26,0.0,0.3027,5,22,0.0,0.0,1,26,5.0,1.5,15,3,0.2332,0.5,17,1,corner,0.0,0.0,1,26,corner,0.0,0.0,1.0,0.0718,1,3,0.0,0.0,1,26,0.2332,0.5,17,1,0.0,0.0,1,26,0.0,0.0,1,26,0.0,0.0,1,26,0.0,0.0,1,26,0.0,0.0,1,26,0.0,0.0,1,26,0.0,0.0,1,26,0.4623,1.0,6,1,0.0,0.0,1,26,5.0,1.5,15,3,1.2332,0.5718,3,1,tesla_modal,0.6166,0.0538,3,1,tesla_modal,0.0,0.0
00UYPLLU0C0L,2244,112.2,1,x-bow,x_bow,building,8.5,22.5,three_musketeers,3.45,three_musketeers,6,0.0,0.0,26,0.0,0.0,2,25,0.0,0.0,1,26,0.0,0.0,1,26,0.0,0.0,1,26,0.0,0.0,1,26,0.0,0.0,1,26,0.0,0.0,1,26,0.0,0.0,1,26,0.0,1.0,9,18,0.0,0.0,1,26,0.0,0.0,4,23,0.0,0.0,1,26,1.9987,9.9221,19,0,0.0,1.0,10,17,corner,0.0,1.0,10,17,corner,0.0,0.0,0.3211,0.0,9,0,0.0,0.0,1,26,0.0,0.0,1,26,0.0,0.0,1,26,0.0,0.0,1,26,0.0,0.0,1,26,0.0,0.0,1,26,1.0,1.0,1,26,0.0,1.0,9,18,0.0,0.0,1,26,0.998,0.0,8,0,0.0,0.0,1,26,1.9987,9.9221,19,0,1.3211,2.0,13,0,corner_R,0.1606,1.0,13,0,corner,1.0,1.0
00UYPLLU8LYV,406,20.3,1,tesla,tesla,building,9.0,18.0,barbarians,6.03,barbarians,4,0.0,0.0,26,0.0,0.0,4,23,-0.0,-0.0,1,24,0.4663,0.5,26,1,0.0,0.0,1,26,0.0,0.0,1,26,0.0,0.0,1,26,0.0,0.0,1,26,1.0,1.0,1,26,0.0,0.0,1,26,0.0,0.0,1,26,0.0,0.0,4,23,-0.0,-0.0,1,24,6.0338,12.8272,13,1,1.4663,1.5,25,1,bow_modal_R,0.0,0.0,3,23,bow_modal_R,1.0,1.0,0.0,0.0,3,24,-0.0,-0.0,1,23,0.4663,0.5,26,1,0.0,0.0,1,26,0.0,0.0,1,26,0.0,0.0,1,26,0.0,0.0,1,26,1.0,1.0,1,26,0.0,0.0,1,26,0.0,0.0,1,26,0.0,0.0,4,23,-0.0,-0.0,1,24,6.0338,12.8272,13,1,1.4663,1.5,24,1,bow_modal_R,0.0,0.0,3,22,bow_modal_R,1.0,1.0
00UYPLLU8LYV,942,47.1,1,x-bow,x_bow,building,4.5,19.5,mega_knight,17.69,mega_knight,1,0.0,0.0,26,0.127,0.0,13,0,-0.0,-0.0,1,15,0.5,0.5,1,16,0.0,0.0,1,26,0.0,0.0,1,26,0.0,0.0,1,26,0.0,0.0,1,26,0.0,0.0,1,26,0.9616,1.0,9,0,0.0,0.0,1,26,0.0,0.0,1,26,-0.0,-0.0,1,26,7.2459,10.3985,6,0,1.5886,1.5,3,0,g9_18,1.0,1.0,1,6,corner,0.0,0.0,0.0645,0.0,13,0,-0.0,-0.0,1,16,0.5,0.5,1,16,0.0,0.0,1,26,0.0,0.0,1,26,0.0,0.0,1,26,0.0,0.0,1,26,0.0,0.0,1,26,0.9616,1.0,9,0,0.0,0.0,1,26,0.0,0.0,1,26,-0.0,-0.0,1,26,7.2459,10.3985,6,0,1.5261,1.5,3,0,g9_18,1.0,1.0,1,6,corner,0.0,0.0
00UYPLLU8LYV,1377,68.9,1,tesla,tesla,building,9.0,22.0,mega_knight,3.66,mega_knight,3,0.0,0.0,26,0.0,0.0,2,25,-0.0,-0.0,1,22,0.5,0.5,1,16,0.0,0.0,1,26,0.0,0.0,1,26,0.0,0.0,1,26,0.0,0.0,1,26,1.0,1.0,1,26,0.0,0.0,1,26,0.0,0.0,1,26,0.0,0.0,2,25,-0.0,-0.0,1,24,3.9084,10.8701,18,1,1.5,1.5,1,12,corner,0.0,0.0,1,22,corner,1.0,1.0,0.0,0.0,2,25,-0.0,-0.0,1,22,0.5,0.5,1,16,0.0,0.0,1,26,0.0,0.0,1,26,0.0,0.0,1,26,0.0,0.0,1,26,1.0,1.0,1,26,0.0,0.0,1,26,0.0,0.0,1,26,0.0,0.0,2,25,-0.0,-0.0,1,24,3.9084,10.8701,18,1,1.5,1.5,1,12,corner,0.0,0.0,1,22,corner,1.0,1.0
00UYPLLU8LYV,2131,106.6,1,x-bow,x_bow,building,15.5,19.5,inferno_dragon,11.5,inferno_dragon,2,0.0,0.0,26,0.0,0.4824,10,17,0.0,0.0,1,26,0.0,0.0,1,26,0.0,0.0,1,26,0.0,0.0,1,26,0.0,0.0,1,26,0.0,0.0,1,26,1.0,1.0,1,26,0.9616,1.0,9,0,0.0,0.0,1,26,0.0,0.9285,9,18,0.0,0.0,1,26,8.4155,3.4648,2,0,1.9616,2.4824,9,0,corner,0.9616,1.0,9,0,corner,1.0,1.0,0.0,0.7699,10,17,0.0,0.0,1,26,0.0,0.0,1,26,0.0,0.0,1,26,0.0,0.0,1,26,0.0,0.0,1,26,0.0,0.0,1,26,1.0,1.0,1,26,0.9616,1.0,9,0,0.0,0.0,1,26,0.0,1.0,9,18,0.0,0.0,1,26,8.4155,3.4648,2,0,1.9616,2.7699,10,0,corner,0.9616,1.0,9,0,corner,1.0,1.0
00UYPLLU8LYV,2631,131.6,1,x-bow,x_bow,building,15.5,19.5,mega_knight,5.62,mega_knight,1,0.0,0.0,26,0.0,0.0,8,19,-0.0,-0.0,1,18,0.0,0.0,1,26,0.0,0.0,1,26,0.0,0.0,1,26,0.0,0.0,1,26,0.0,0.0,1,26,1.0,1.0,1,26,0.9616,1.0,9,0,0.0,0.0,1,26,0.0,0.0,10,17,-0.0,-0.0,1,22,5.772,8.297,8,0,1.9616,2.0,12,0,g9_18,0.9616,1.0,9,0,corner,1.0,1.0,0.0,0.0,8,19,-0.0,-0.0,1,18,0.0,0.0,1,26,0.0,0.0,1,26,0.0,0.0,1,26,0.0,0.0,1,26,0.0,0.0,1,26,1.0,1.0,1,26,0.9616,1.0,9,0,0.0,0.0,1,26,0.0,0.0,10,17,-0.0,-0.0,1,22,5.772,8.297,8,0,1.9616,2.0,12,0,g9_18,0.9616,1.0,9,0,corner,1.0,1.0
00UYPLLU8LYV,2832,141.6,1,tesla,tesla,building,9.0,22.0,mega_knight,3.52,mega_knight,4,0.0,0.0,26,0.0,0.0,1,26,-0.0,-0.0,1,22,0.0,0.0,1,26,0.0,0.0,1,26,0.0,0.0,1,26,0.0,0.0,1,26,0.0,0.0,1,26,1.0,1.0,1,26,0.0,0.0,1,26,0.0,0.0,1,26,0.0,0.0,1,26,-0.0,-0.0,1,24,3.7702,10.4756,18,1,1.0,1.0,1,22,corner,0.0,0.0,1,22,corner,1.0,1.0,0.0,0.0,1,26,-0.0,-0.0,1,22,0.0,0.0,1,26,0.0,0.0,1,26,0.0,0.0,1,26,0.0,0.0,1,26,0.0,0.0,1,26,1.0,1.0,1,26,0.0,0.0,1,26,0.0,0.0,1,26,0.0,0.0,1,26,-0.0,-0.0,1,24,3.7702,10.4756,18,1,1.0,1.0,1,22,corner,0.0,0.0,1,22,corner,1.0,1.0
00UYPLLU8LYV,3121,156.1,1,x-bow,x_bow,building,8.5,24.5,mother_witch_hog,1.56,mother_witch_hog,5,0.0,0.0,26,0.0,0.0,2,25,-0.1681,-0.0,25,0,0.0,0.0,1,26,0.0,0.0,1,26,0.0,0.0,1,26,0.0,0.0,1,26,0.0,0.0,1,26,0.0,0.0,1,26,0.0,1.0,9,18,0.0,0.0,1,26,0.0,0.0,2,25,-0.1681,-0.0,26,0,1.4558,10.529,25,0,-0.1681,1.0,25,0,corner,-0.1681,1.0,25,0,corner,0.0,0.0,0.0,0.0,2,25,-0.2035,-0.0,25,0,0.0,0.0,1,26,0.0,0.0,1,26,0.0,0.0,1,26,0.0,0.0,1,26,0.0,0.0,1,26,0.0,0.0,1,26,0.0,1.0,9,18,0.0,0.0,1,26,0.0,0.0,2,25,-0.2035,-0.0,26,0,1.4558,10.529,25,0,-0.2035,1.0,25,0,corner,-0.2035,1.0,25,0,corner,0.0,0.0
00UYPLLURY2U,673,33.7,1,tesla,tesla,building,9.0,18.0,inferno_dragon,8.74,inferno_dragon,1,0.0,0.0,26,0.4612,0.0,5,1,0.0,0.0,1,26,0.4663,0.5,26,1,0.0,0.0,1,26,0.0,0.0,1,26,0.0,0.0,1,26,0.0,0.0,1,26,0.0,0.0,1,26,0.0,0.0,1,26,0.0,0.0,1,26,0.0,0.0,1,26,0.0,0.0,1,26,3.4223,10.8747,19,1,0.9275,0.5,9,1,centre,0.3381,0.0,5,1,centre,0.0,0.0,0.7487,0.0,5,1,0.0,0.0,1,26,0.4663,0.5,26,1,0.0,0.0,1,26,0.0,0.0,1,26,0.0,0.0,1,26,0.0,0.0,1,26,0.0,0.0,1,26,0.0,0.0,1,26,0.0,0.0,1,26,0.0,0.0,1,26,0.0,0.0,1,26,3.4223,10.8747,19,1,1.215,0.5,5,1,centre,0.5489,0.0,5,1,centre,0.0,0.0
00UYPLLURY2U,1121,56.1,1,x-bow,x_bow,building,10.5,22.5,inferno_dragon,1.97,inferno_dragon,2,0.0,0.0,26,0.0,0.0,8,19,0.0,0.0,1,26,0.5,0.5,1,16,0.0,0.0,1,26,0.0,0.0,1,26,0.0,0.0,1,26,0.0,0.0,1,26,1.0,1.0,1,26,0.0,1.0,9,18,0.0,0.0,1,26,0.0,0.0,11,16,0.0,0.0,1,26,1.1904,11.0075,23,0,1.5,2.5,11,10,g9_18,0.0,1.0,12,15,corner,1.0,1.0,0.0,0.0,9,18,0.0,0.0,1,26,0.5,0.5,1,16,0.0,0.0,1,26,0.0,0.0,1,26,0.0,0.0,1,26,0.0,0.0,1,26,1.0,1.0,1,26,0.0,1.0,9,18,0.0,0.0,1,26,0.0,0.0,11,16,0.0,0.0,1,26,1.1904,11.0075,23,0,1.5,2.5,13,9,g9_18,0.0,1.0,13,14,corner,1.0,1.0
00UYPLLURY2U,2013,100.7,1,x-bow,x_bow,building,10.5,22.5,knight,7.74,knight,2,0.0,0.0,26,0.0,0.4057,7,20,-0.0,-0.5403,1,20,0.5,0.5,1,16,0.0,0.0,1,26,0.0,0.0,1,26,0.0,0.0,1,26,0.0,0.0,1,26,0.1511,0.1511,1,26,0.0,1.0,9,18,0.0,0.0,1,26,0.0,0.4057,7,20,-0.0,-0.5403,1,20,7.627,1.0114,13,0,0.6511,1.5165,10,10,tesla_true,0.0,0.7,10,16,bow_modal_R,0.1511,0.1511,0.0,0.4224,7,20,-0.0,-0.5332,1,20,0.5,0.5,1,16,0.0,0.0,1,26,0.0,0.0,1,26,0.0,0.0,1,26,0.0,0.0,1,26,0.1733,0.1733,1,26,0.0,1.0,9,18,0.0,0.0,1,26,0.0,0.4224,7,20,-0.0,-0.5332,1,20,7.627,1.0114,13,0,0.6733,1.5625,10,10,tesla_true,0.0,0.7,10,16,bow_modal_R,0.1733,0.1733
00UYPLLURY2U,2333,116.7,1,tesla,tesla,building,9.0,20.0,inferno_dragon,10.15,inferno_dragon,2,0.0,0.0,26,0.7643,0.0,3,0,0.0,0.0,1,26,0.5,0.5,1,16,0.0,0.0,1,26,0.0,0.0,1,26,0.0,0.0,1,26,0.0,0.0,1,26,0.0,0.0,1,26,0.0,0.0,1,26,0.0,0.0,1,26,0.0,1.0,5,22,0.0,0.0,1,26,5.9713,0.0892,14,0,1.2643,0.5,3,0,g9_22,0.5733,0.0,3,0,g9_22,0.0,0.0,0.78,0.0,3,0,0.0,0.0,1,26,0.5,0.5,1,16,0.0,0.0,1,26,0.0,0.0,1,26,0.0,0.0,1,26,0.0,0.0,1,26,0.0,0.0,1,26,0.0,0.0,1,26,0.0,0.0,1,26,0.0,1.0,5,22,0.0,0.0,1,26,5.9713,0.0892,14,0,1.28,0.5,3,0,g9_22,0.585,0.0,3,0,g9_22,0.0,0.0
00UYPLLURY2U,2763,138.2,1,x-bow,x_bow,building,15.5,19.5,,0.0,,0,0.0,0.0,26,0.0,0.0,1,26,0.0,0.0,1,26,0.0,0.5,19,8,0.0,0.0,1,26,0.0,0.0,1,26,0.0,0.0,1,26,0.0,0.0,1,26,0.0,0.0,1,26,0.9616,1.0,9,0,0.0,0.0,1,26,0.0,0.0,1,26,0.0,0.0,1,26,0.0,0.0,1,26,0.9616,1.5,9,0,corner,0.9616,1.0,9,0,corner,0.0,0.0,0.0,0.0,1,26,0.0,0.0,1,26,0.0,0.5,19,8,0.0,0.0,1,26,0.0,0.0,1,26,0.0,0.0,1,26,0.0,0.0,1,26,0.0,0.0,1,26,0.9616,1.0,9,0,0.0,0.0,1,26,0.0,0.0,1,26,0.0,0.0,1,26,0.0,0.0,1,26,0.9616,1.5,9,0,corner,0.9616,1.0,9,0,corner,0.0,0.0
00UYPLLURY2U,2815,140.8,1,tesla,tesla,building,13.0,18.0,,0.0,,1,0.0,0.0,26,0.0,0.0,1,26,0.0,0.0,1,26,0.0,0.5,18,9,0.0,0.0,1,26,0.0,0.0,1,26,0.0,0.0,1,26,0.0,0.0,1,26,0.0,0.0,1,26,0.0,0.0,1,26,0.0,0.0,1,26,0.0,0.0,1,26,0.0,0.0,1,26,0.0,0.0,1,26,0.0,0.5,18,9,corner,0.0,0.0,1,26,corner,0.0,0.0,0.0,0.0,1,26,0.0,0.0,1,26,0.0,0.5,18,9,0.0,0.0,1,26,0.0,0.0,1,26,0.0,0.0,1,26,0.0,0.0,1,26,0.0,0.0,1,26,0.0,0.0,1,26,0.0,0.0,1,26,0.0,0.0,1,26,0.0,0.0,1,26,0.0,0.0,1,26,0.0,0.5,18,9,corner,0.0,0.0,1,26,corner,0.0,0.0
00UYPLLURY2U,3181,159.1,1,x-bow,x_bow,building,2.5,19.5,knight,13.16,knight,3,0.0,0.0,26,0.0,0.0,12,15,-0.0,-0.0,1,24,0.5,0.5,1,16,0.0,0.0,1,26,0.0,0.0,1,26,0.0,0.0,1,26,0.0,0.0,1,26,0.98,0.98,1,26,0.9616,1.0,9,0,0.0,0.0,1,26,0.0,0.0,5,22,-0.0,-0.0,1,26,9.3889,10.2413,12,0,2.4416,2.48,10,0,g9_18,0.9616,1.0,8,0,corner,0.98,0.98,0.0,0.0,12,15,-0.0,-0.0,1,24,0.5,0.5,1,16,0.0,0.0,1,26,0.0,0.0,1,26,0.0,0.0,1,26,0.0,0.0,1,26,0.98,0.98,1,26,0.9616,1.0,9,0,0.0,0.0,1,26,0.0,0.0,5,22,-0.0,-0.0,1,26,9.3889,10.2413,12,0,2.4416,2.48,10,0,g9_18,0.9616,1.0,8,0,corner,0.98,0.98
00UYPLLURY2U,3291,164.6,1,tesla,tesla,building,5.0,18.0,bowler,4.2,bowler,3,0.0,0.0,26,0.0,0.0,4,23,0.0,0.0,1,26,0.5,0.5,1,16,0.0,0.0,1,26,0.0,0.0,1,26,0.0,0.0,1,26,0.0,0.0,1,26,0.0,0.0,1,26,0.0,0.0,1,26,0.0,0.0,1,26,0.75,1.0,4,0,0.0,0.0,1,26,1.4917,0.7362,23,0,0.5,0.5,4,14,g9_18,0.0,0.0,4,23,g9_18,0.0,0.0,0.0,0.0,4,23,0.0,0.0,1,26,0.5,0.5,1,16,0.0,0.0,1,26,0.0,0.0,1,26,0.0,0.0,1,26,0.0,0.0,1,26,0.0,0.0,1,26,0.0,0.0,1,26,0.0,0.0,1,26,0.5792,0.9299,5,0,0.0,0.0,1,26,1.4917,0.7362,23,0,0.5,0.5,4,14,tesla_modal,0.0,0.0,4,23,tesla_modal,0.0,0.0
00VYPLPJGYLY,481,24.1,1,tesla,tesla,building,9.0,22.0,elixir_golem,19.17,elixir_golem,1,0.0,0.0,26,1.0,0.85,1,3,-0.0,-0.1667,1,19,1.0,0.5,1,8,0.0,0.0,1,26,0.0,0.0,1,26,0.0,0.0,1,26,0.0,0.0,1,26,0.0,0.0,1,26,0.0,0.0,1,26,0.0,0.0,1,26,0.0,0.0,1,26,-0.0,-0.0,1,26,5.0,1.5,15,3,2.0,1.1833,1,2,tesla_modal,1.0,0.4708,1,2,tesla_modal,0.0,0.0,1.0,0.0718,1,3,0.0,0.0,1,26,1.0,0.5,1,8,0.0,0.0,1,26,0.0,0.0,1,26,0.0,0.0,1,26,0.0,0.0,1,26,0.0,0.0,1,26,0.0,0.0,1,26,0.0,0.0,1,26,0.0,0.0,1,26,0.0,0.0,1,26,5.0,1.5,15,3,2.0,0.5718,1,2,tesla_modal,1.0,0.0538,1,2,tesla_modal,0.0,0.0
00VYPLPJGYLY,1211,60.6,1,x-bow,x_bow,building,3.5,19.5,,0.0,,0,0.0,0.0,26,0.0,0.0,1,26,0.0,0.0,1,26,0.5,0.5,11,16,0.0,0.0,1,26,0.0,0.0,1,26,0.0,0.0,1,26,0.0,0.0,1,26,0.0,0.0,1,26,1.0,1.0,1,8,0.0,0.0,1,26,0.0,0.0,1,26,0.0,0.0,1,26,0.0,0.0,1,26,1.5,1.5,2,7,g9_18,1.0,1.0,1,8,corner,0.0,0.0,0.0,0.0,1,26,0.0,0.0,1,26,0.5,0.5,11,16,0.0,0.0,1,26,0.0,0.0,1,26,0.0,0.0,1,26,0.0,0.0,1,26,0.0,0.0,1,26,1.0,1.0,1,8,0.0,0.0,1,26,0.0,0.0,1,26,0.0,0.0,1,26,0.0,0.0,1,26,1.5,1.5,2,7,g9_18,1.0,1.0,1,8,corner,0.0,0.0
00VYPLPJGYLY,1732,86.6,1,tesla,tesla,building,9.0,22.0,elixir_golem,18.24,elixir_golem,1,0.0,0.0,26,1.0,0.85,1,3,-0.0,-0.1667,1,19,1.0,0.5,1,8,0.0,0.0,1,26,0.0,0.0,1,26,0.0,0.0,1,26,0.0,0.0,1,26,0.0,0.0,1,26,0.0,0.0,1,26,0.0,0.0,1,26,0.0,0.0,1,26,-0.0,-0.0,1,26,5.0,1.5,15,3,2.0,1.1833,1,2,tesla_modal,1.0,0.4708,1,2,tesla_modal,0.0,0.0,1.0,0.0718,1,3,0.0,0.0,1,26,1.0,0.5,1,8,0.0,0.0,1,26,0.0,0.0,1,26,0.0,0.0,1,26,0.0,0.0,1,26,0.0,0.0,1,26,0.0,0.0,1,26,0.0,0.0,1,26,0.0,0.0,1,26,0.0,0.0,1,26,5.0,1.5,15,3,2.0,0.5718,1,2,tesla_modal,1.0,0.0538,1,2,tesla_modal,0.0,0.0
00VYPLPJGYLY,2556,127.8,1,tesla,tesla,building,9.0,21.0,electro_dragon,3.05,electro_dragon,2,0.0,0.0,26,0.3237,0.0,4,1,0.0,0.0,1,26,1.0,0.5,1,8,0.0,0.0,1,26,0.0,0.0,1,26,0.0,0.0,1,26,0.0,0.0,1,26,1.0,1.0,1,26,0.0,0.0,1,26,0.0,0.0,1,26,0.3237,0.0,4,1,0.0,0.0,1,26,3.1474,4.0268,23,1,2.3237,1.5,2,1,g9_22,0.3237,0.0,2,1,g9_22,1.0,1.0,0.6112,0.0,4,1,0.0,0.0,1,26,1.0,0.5,1,8,0.0,0.0,1,26,0.0,0.0,1,26,0.0,0.0,1,26,0.0,0.0,1,26,1.0,1.0,1,26,0.0,0.0,1,26,0.0,0.0,1,26,0.6112,0.0,4,1,0.0,0.0,1,26,3.1474,4.0268,23,1,2.6112,1.5,2,1,g9_22,0.6112,0.0,2,1,g9_22,1.0,1.0
00VYPLPJGYLY,2691,134.6,1,x-bow,x_bow,building,11.5,23.5,elixir_golem,16.01,elixir_golem,3,0.0,0.0,26,1.0,0.0,1,4,-0.0,-0.0,1,20,1.0,0.5,1,8,0.0,0.0,1,26,0.0,0.0,1,26,0.0,0.0,1,26,0.0,0.0,1,26,0.0,0.0,1,26,0.0,1.0,9,18,0.0,0.0,1,26,0.0,0.0,1,26,-0.0,-0.0,1,26,2.4,12.4,20,0,2.0,1.5,3,3,g9_18,1.0,1.0,1,8,corner,0.0,0.0,0.5218,0.0,4,0,0.0,0.0,1,26,1.0,0.5,1,8,0.0,0.0,1,26,0.0,0.0,1,26,0.0,0.0,1,26,0.0,0.0,1,26,0.0,0.0,1,26,0.0,1.0,9,18,0.0,0.0,1,26,0.0,0.0,1,26,0.0,0.0,1,26,2.4,12.4,20,0,1.5218,1.5,4,1,g9_18,0.5218,1.0,11,0,corner,0.0,0.0
00VYPLPJGYLY,3056,152.8,1,tesla,tesla,building,10.0,18.0,elixir_golemite,3.03,elixir_golemite,17,0.0,0.0,26,1.0,0.0,1,5,-0.0,-0.0,1,21,0.443,0.5,27,0,0.0,0.0,1,26,0.0,0.0,1,26,0.0,0.0,1,26,0.0,0.0,1,26,1.0,1.0,1,26,0.0,0.0,1,26,0.0,0.0,1,26,1.0,0.0,1,6,-0.0,-0.0,1,23,3.0263,10.6582,17,0,2.443,1.5,6,0,tesla_modal,0.7215,0.0,6,0,tesla_modal,1.0,1.0,1.0,0.0,1,5,-0.0,-0.0,1,21,0.443,0.5,27,0,0.0,0.0,1,26,0.0,0.0,1,26,0.0,0.0,1,26,0.0,0.0,1,26,1.0,1.0,1,26,0.0,0.0,1,26,0.0,0.0,1,26,1.0,0.0,1,6,-0.0,-0.0,1,23,3.0263,10.6582,17,0,2.443,1.5,6,0,tesla_modal,0.7215,0.0,6,0,tesla_modal,1.0,1.0
00VYPLPJGYLY,3345,167.3,1,tesla,tesla,building,7.0,22.0,elixir_golemite,2.29,elixir_golemite,8,0.0,0.0,26,0.0,0.0,1,26,-0.0,-0.0,1,25,1.0,0.5,1,8,0.0,0.0,1,26,0.0,0.0,1,26,0.0,0.0,1,26,0.0,0.0,1,26,1.0,1.0,1,26,0.0,0.0,1,26,0.0,0.0,1,26,0.0,0.0,1,26,-0.0,-0.0,1,26,2.2919,5.5269,25,0,2.0,1.5,1,8,centre,0.0,0.0,1,25,corner,1.0,1.0,0.0,0.0,1,26,-0.0,-0.0,1,25,1.0,0.5,1,8,0.0,0.0,1,26,0.0,0.0,1,26,0.0,0.0,1,26,0.0,0.0,1,26,1.0,1.0,1,26,0.0,0.0,1,26,0.0,0.0,1,26,0.0,0.0,1,26,-0.0,-0.0,1,26,2.2919,5.5269,25,0,2.0,1.5,1,8,centre,0.0,0.0,1,25,corner,1.0,1.0
00VYPLPJLC88,916,45.8,1,tesla,tesla,building,10.0,21.0,bowler,9.51,bowler,2,0.0,0.0,26,0.5414,0.0,4,0,0.0,0.0,1,26,1.0,0.5,1,8,0.0,0.0,1,26,0.0,0.0,1,26,0.0,0.0,1,26,0.0,0.0,1,26,1.0,1.0,1,26,0.0,0.0,1,26,0.0,0.0,1,26,0.0,0.0,2,25,0.0,0.0,1,26,6.4172,11.9517,22,0,2.5414,1.5,1,0,lane_R,0.5414,0.0,3,0,lane_R,1.0,1.0,0.7393,0.0,3,0,0.0,0.0,1,26,1.0,0.5,1,8,0.0,0.0,1,26,0.0,0.0,1,26,0.0,0.0,1,26,0.0,0.0,1,26,1.0,1.0,1,26,0.0,0.0,1,26,0.0,0.0,1,26,0.0,0.0,4,23,0.0,0.0,1,26,6.4172,11.9517,22,0,2.7393,1.5,1,0,tesla_modal,0.7393,0.0,1,0,lane_R,1.0,1.0
00VYPLPJLC88,2233,111.7,1,tesla,tesla,building,10.0,18.0,baby_dragon,5.89,baby_dragon,3,0.0,0.0,26,1.0,0.0,1,2,0.0,0.0,1,26,0.443,0.5,27,0,0.0,0.0,1,26,0.0,0.0,1,26,0.0,0.0,1,26,0.0,0.0,1,26,0.7727,0.7727,1,26,0.0,0.0,1,26,0.0,0.0,1,26,0.8056,0.0,2,0,0.0,0.0,1,26,4.6705,13.0885,18,0,2.2157,1.2727,3,0,tesla_modal,0.7215,0.0,3,0,tesla_modal,0.7727,0.7727,1.0,0.0,1,2,0.0,0.0,1,26,0.443,0.5,27,0,0.0,0.0,1,26,0.0,0.0,1,26,0.0,0.0,1,26,0.0,0.0,1,26,0.7727,0.7727,1,26,0.0,0.0,1,26,0.0,0.0,1,26,0.8212,0.0,3,0,0.0,0.0,1,26,4.6705,13.0885,18,0,2.2157,1.2727,3,0,tesla_modal,0.7215,0.0,3,0,tesla_modal,0.7727,0.7727
00VYPLPJLC88,2835,141.8,1,tesla,tesla,building,10.0,21.0,inferno_dragon,4.43,inferno_dragon,2,0.0,0.0,26,0.0,0.0,8,19,0.0,0.0,1,26,0.5,0.0,1,17,0.0,0.0,1,26,0.0,0.0,1,26,0.0,0.0,1,26,0.0,0.0,1,26,1.0,1.0,1,26,0.0,0.0,1,26,0.0,0.0,1,26,0.966,0.0,2,0,0.0,0.0,1,26,2.0749,10.3075,26,0,1.5,1.0,7,11,centre,0.0,0.0,8,19,centre,1.0,1.0,0.075,0.0,11,0,0.0,0.0,1,26,0.5,0.0,1,17,0.0,0.0,1,26,0.0,0.0,1,26,0.0,0.0,1,26,0.0,0.0,1,26,1.0,1.0,1,26,0.0,0.0,1,26,0.0,0.0,1,26,1.0,0.0,1,2,0.0,0.0,1,26,2.0749,10.3075,26,0,1.575,1.0,11,0,centre,0.0562,0.0,11,0,centre,1.0,1.0
00VYPLPJLC88,3353,167.7,1,tesla,tesla,building,10.0,21.0,balloon,5.77,balloon,4,0.0,0.0,26,0.0,0.0,1,26,-0.0,-0.0,1,24,0.0,0.0,1,26,0.0,0.0,1,26,0.0,0.0,1,26,0.0,0.0,1,26,0.0,0.0,1,26,1.0,1.0,1,26,0.0,0.0,1,26,0.0,0.0,1,26,0.0,0.0,1,26,-0.0,-0.0,1,25,5.7744,10.411,14,0,1.0,1.0,1,24,corner,0.0,0.0,1,24,corner,1.0,1.0,0.0,0.0,1,26,0.0,0.0,1,26,0.0,0.0,1,26,0.0,0.0,1,26,0.0,0.0,1,26,0.0,0.0,1,26,0.0,0.0,1,26,1.0,1.0,1,26,0.0,0.0,1,26,0.0,0.0,1,26,0.0,0.0,1,26,0.0,0.0,1,26,5.7744,10.411,14,0,1.0,1.0,1,26,corner,0.0,0.0,1,26,corner,1.0,1.0
00VYPLPJRYRY,756,37.8,1,tesla,tesla,building,7.0,18.0,,0.0,,0,0.0,0.0,26,0.0,0.0,1,26,0.0,0.0,1,26,0.5,0.5,9,17,0.0,0.0,1,26,0.0,0.0,1,26,0.0,0.0,1,26,0.0,0.0,1,26,0.0,0.0,1,26,0.0,0.0,1,26,0.0,0.0,1,26,0.0,0.0,1,26,0.0,0.0,1,26,0.0,0.0,1,26,0.5,0.5,9,17,centre,0.0,0.0,1,26,corner,0.0,0.0,0.0,0.0,1,26,0.0,0.0,1,26,0.5,0.5,9,17,0.0,0.0,1,26,0.0,0.0,1,26,0.0,0.0,1,26,0.0,0.0,1,26,0.0,0.0,1,26,0.0,0.0,1,26,0.0,0.0,1,26,0.0,0.0,1,26,0.0,0.0,1,26,0.0,0.0,1,26,0.5,0.5,9,17,centre,0.0,0.0,1,26,corner,0.0,0.0
00VYPLPJRYRY,1406,70.3,1,tesla,tesla,building,10.0,22.0,dart_goblin,12.38,dart_goblin,1,0.0,0.0,26,0.0,0.0,1,26,0.0,0.0,1,26,1.0,0.5,1,8,0.0,0.0,1,26,0.0,0.0,1,26,0.0,0.0,1,26,0.0,0.0,1,26,0.0,0.0,1,26,0.0,0.0,1,26,0.0,0.0,1,26,0.0,0.0,2,25,0.0,0.0,1,26,4.0,12.2434,20,0,1.0,0.5,1,8,centre,0.0,0.0,1,26,corner,0.0,0.0,1.0,0.0,1,3,0.0,0.0,1,26,1.0,0.5,1,8,0.0,0.0,1,26,0.0,0.0,1,26,0.0,0.0,1,26,0.0,0.0,1,26,0.0,0.0,1,26,0.0,0.0,1,26,0.0,0.0,1,26,0.0,0.0,1,26,0.0,0.0,1,26,4.0,12.2434,20,0,2.0,0.5,1,2,tesla_modal,1.0,0.0,1,2,tesla_modal,0.0,0.0
00VYPLPJRYRY,2141,107.1,1,x-bow,x_bow,building,15.5,19.5,goblin_gang,2.29,goblin_gang,1,0.0,0.0,26,0.0,0.0,5,22,0.0,0.0,1,26,0.5,0.5,11,16,0.0,0.0,1,26,0.0,0.0,1,26,0.0,0.0,1,26,0.0,0.0,1,26,0.0,0.0,1,26,0.9616,1.0,9,0,0.0,0.0,1,26,0.0,0.0,6,21,0.0,0.0,1,26,0.0,12.1839,25,2,1.4616,1.5,11,0,g9_22,0.9616,1.0,10,0,corner,0.0,0.0,0.0,0.0,5,22,0.0,0.0,1,26,0.5,0.5,11,16,0.0,0.0,1,26,0.0,0.0,1,26,0.0,0.0,1,26,0.0,0.0,1,26,0.0,0.0,1,26,0.9616,1.0,9,0,0.0,0.0,1,26,0.3201,0.0,7,0,0.0,0.0,1,26,0.0,12.1839,25,2,1.4616,1.5,12,0,g9_18,0.9616,1.0,11,0,corner,0.0,0.0
00VYPLPJRYRY,2296,114.9,1,tesla,tesla,building,12.0,18.0,knight,5.1,knight,2,0.0,0.0,26,1.0,0.0,1,3,-0.0,-0.0,1,23,0.5,0.5,9,17,0.0,0.0,1,26,0.0,0.0,1,26,0.0,0.0,1,26,0.0,0.0,1,26,0.0,0.0,1,26,0.0,0.0,1,26,0.0,0.0,1,26,1.0,0.0,1,3,-0.0,-0.0,1,26,2.7015,12.7382,24,0,1.5,0.5,1,2,lane_R,0.75,0.0,1,2,lane_R,0.0,0.0,1.0,0.0,1,3,-0.0,-0.0,1,23,0.5,0.5,9,17,0.0,0.0,1,26,0.0,0.0,1,26,0.0,0.0,1,26,0.0,0.0,1,26,0.0,0.0,1,26,0.0,0.0,1,26,0.0,0.0,1,26,1.0,0.0,1,3,-0.0,-0.0,1,26,2.7015,12.7382,24,0,1.5,0.5,1,2,lane_R,0.75,0.0,1,2,lane_R,0.0,0.0
00VYPLPJRYRY,2897,144.9,1,x-bow,x_bow,building,9.5,22.5,knight,13.91,knight,1,0.0,0.0,26,1.0,0.0,1,3,-0.0,-0.0,1,19,0.5,0.0,1,17,0.0,0.0,1,26,0.0,0.0,1,26,0.0,0.0,1,26,0.0,0.0,1,26,0.0,0.0,1,26,0.0,1.0,9,18,0.0,0.0,1,26,0.0,0.0,1,26,-0.0,-0.0,1,26,4.4,12.2114,18,0,1.5,1.0,3,2,g9_18,0.75,1.0,6,2,corner,0.0,0.0,1.0,0.0,1,3,-0.0,-0.0,1,19,0.5,0.0,1,17,0.0,0.0,1,26,0.0,0.0,1,26,0.0,0.0,1,26,0.0,0.0,1,26,0.0,0.0,1,26,0.0,1.0,9,18,0.0,0.0,1,26,0.0,0.0,1,26,-0.0,-0.0,1,26,4.4,12.2114,18,0,1.5,1.0,3,2,g9_18,0.75,1.0,6,2,corner,0.0,0.0
00VYPLPJRYRY,3182,159.1,1,tesla,tesla,building,6.0,21.0,wall_breakers,4.31,wall_breakers,11,0.0,0.0,26,0.7492,1.0,15,0,-0.3344,-0.0,24,0,0.1274,0.0,19,0,0.0,0.0,1,26,0.0,0.0,1,26,0.0,0.0,1,26,0.0,0.0,1,26,1.0,1.0,1,26,0.0,0.0,1,26,0.0,0.0,1,26,1.0,1.0,1,8,-0.0,-0.0,1,25,0.9985,2.5639,24,0,1.5423,2.0,15,0,bow_modal_R,0.1224,0.5,16,0,bow_modal_R,1.0,1.0,0.0,0.6037,13,14,0.0,0.0,1,26,0.1274,0.0,19,0,0.0,0.0,1,26,0.0,0.0,1,26,0.0,0.0,1,26,0.0,0.0,1,26,1.0,1.0,1,26,0.0,0.0,1,26,0.0,0.0,1,26,1.0,0.6037,1,4,0.0,0.0,1,26,0.9985,2.5639,24,0,1.1274,1.6037,25,0,bow_modal_R,0.0,0.3019,13,14,bow_modal_R,1.0,1.0
00VYPLPJRYRY,3361,168.1,1,x-bow,x_bow,building,13.5,19.5,princess,14.29,princess,1,0.0,0.0,26,0.0,0.0,3,24,0.0,0.0,1,26,0.5,0.0,1,17,0.0,0.0,1,26,0.0,0.0,1,26,0.0,0.0,1,26,0.0,0.0,1,26,0.0,0.0,1,26,0.9616,1.0,9,0,0.0,0.0,1,26,0.0,0.0,1,26,0.0,0.0,1,26,7.2459,2.216,5,0,1.4616,1.0,4,0,g15_18,0.9616,1.0,9,0,corner,0.0,0.0,0.325,0.0,2,0,0.0,0.0,1,26,0.5,0.0,1,17,0.0,0.0,1,26,0.0,0.0,1,26,0.0,0.0,1,26,0.0,0.0,1,26,0.0,0.0,1,26,0.9616,1.0,9,0,0.0,0.0,1,26,0.0,0.0,1,26,0.0,0.0,1,26,7.2459,2.216,5,0,1.7865,1.0,1,0,bow_modal_R,1.0,1.0,1,8,corner,0.0,0.0
00VYPLPJRYRY,3595,179.8,1,tesla,tesla,building,8.0,18.0,dart_goblin,7.41,dart_goblin,2,0.0,0.0,26,0.0,0.0,4,23,0.0,0.0,1,26,0.0251,0.0,19,0,0.0,0.0,1,26,0.0,0.0,1,26,0.0,0.0,1,26,0.0,0.0,1,26,1.0,1.0,1,26,0.0,0.0,1,26,0.0,0.0,1,26,0.0,0.0,3,24,0.0,0.0,1,26,5.4806,11.3239,22,0,1.0251,1.0,19,0,g9_22,0.0,0.0,4,23,g9_22,1.0,1.0,1.0,0.0,1,3,0.0,0.0,1,26,0.0251,0.0,19,0,0.0,0.0,1,26,0.0,0.0,1,26,0.0,0.0,1,26,0.0,0.0,1,26,1.0,1.0,1,26,0.0,0.0,1,26,0.0,0.0,1,26,0.0,0.0,1,26,0.0,0.0,1,26,5.4806,11.3239,22,0,2.0251,1.0,8,0,corner_R,0.5125,0.0,5,0,corner_R,1.0,1.0
020YPYL2LVU9,881,44.1,1,x-bow,x_bow,building,8.5,24.5,archer_queen,12.84,archer_queen,2,0.0,0.0,26,0.0,0.0,4,23,0.0,0.0,1,26,1.0,0.5,1,8,0.0,0.0,1,26,0.0,0.0,1,26,0.0,0.0,1,26,0.0,0.0,1,26,0.1131,0.1131,1,26,0.0,1.0,9,18,0.0,0.0,1,26,0.0,0.0,4,23,0.0,0.0,1,26,5.4,12.4,12,1,1.1131,1.6131,11,6,g9_18,0.0,1.0,11,16,corner,0.1131,0.1131,0.0,0.0,5,22,0.0,0.0,1,26,1.0,0.5,1,8,0.0,0.0,1,26,0.0,0.0,1,26,0.0,0.0,1,26,0.0,0.0,1,26,0.1131,0.1131,1,26,0.0,1.0,9,18,0.0,0.0,1,26,0.0,0.0,4,23,0.0,0.0,1,26,5.4,12.4,12,1,1.1131,1.6131,12,5,g9_18,0.0,1.0,12,15,corner,0.1131,0.1131
020YPYL2LVU9,1068,53.4,1,tesla,tesla,building,10.0,22.0,mega_knight,8.16,mega_knight,2,0.0,0.0,26,0.0,0.65,8,19,-0.0,-0.3182,1,19,1.0,0.5,1,8,0.0,0.0,1,26,0.0,0.0,1,26,0.0,0.0,1,26,0.0,0.0,1,26,0.6023,0.6023,1,26,0.0,0.0,1,26,0.0,0.0,1,26,0.0,1.0,8,19,-0.0,-0.0,1,26,6.0,1.5,13,0,1.6023,1.4341,4,6,tesla_modal,0.0,0.1875,6,17,tesla_modal,0.6023,0.6023,0.0,0.6667,8,19,-0.0,-0.3077,1,19,1.0,0.5,1,8,0.0,0.0,1,26,0.0,0.0,1,26,0.0,0.0,1,26,0.0,0.0,1,26,0.6023,0.6023,1,26,0.0,0.0,1,26,0.0,0.0,1,26,0.0,1.0,8,19,-0.0,-0.0,1,26,6.0,1.5,13,0,1.6023,1.4613,4,6,tesla_modal,0.0,0.2,7,16,tesla_modal,0.6023,0.6023
020YPYL2LVU9,2258,112.9,1,x-bow,x_bow,building,15.5,19.5,archer_queen,2.91,archer_queen,2,0.0,0.0,26,0.0,0.0,1,26,0.0,0.0,1,26,0.5,0.5,11,16,0.0,0.0,1,26,0.0,0.0,1,26,0.0,0.0,1,26,0.0,0.0,1,26,0.0,0.0,1,26,0.9616,1.0,9,0,0.0,0.0,1,26,0.0,0.0,6,21,0.0,0.0,1,26,2.4057,9.4181,20,0,1.4616,1.5,9,0,g9_18,0.9616,1.0,9,0,corner,0.0,0.0,0.4296,0.0,4,0,0.0,0.0,1,26,0.5,0.5,11,16,0.0,0.0,1,26,0.0,0.0,1,26,0.0,0.0,1,26,0.0,0.0,1,26,0.3691,0.3691,1,26,0.9616,1.0,9,0,0.0,0.0,1,26,0.6315,0.0,7,0,0.0,0.0,1,26,2.4057,9.4181,20,0,2.2603,1.8691,3,0,g9_18,1.0,1.0,1,8,corner,0.3691,0.3691
020YPYL2LVU9,2473,123.7,1,tesla,tesla,building,10.0,22.0,minions,8.47,minions,5,0.0,0.0,26,0.0,0.0,4,23,0.0,0.0,1,26,1.0,0.5,1,8,0.0,0.0,1,26,0.0,0.0,1,26,0.0,0.0,1,26,0.0,0.0,1,26,1.0,1.0,1,26,0.0,0.0,1,26,0.0,0.0,1,26,0.0,0.0,7,20,0.0,0.0,1,26,5.5415,13.5357,21,0,2.0,1.5,2,8,g9_18,0.0,0.0,4,23,g9_18,1.0,1.0,0.0,0.0,3,24,0.0,0.0,1,26,1.0,0.5,1,8,0.0,0.0,1,26,0.0,0.0,1,26,0.0,0.0,1,26,0.0,0.0,1,26,1.0,1.0,1,26,0.0,0.0,1,26,0.0,0.0,1,26,0.0,0.0,7,20,0.0,0.0,1,26,5.5415,13.5357,21,0,2.0,1.5,2,8,g9_18,0.0,0.0,3,24,g9_18,1.0,1.0
020YPYL2LVU9,2885,144.3,1,x-bow,x_bow,building,15.5,19.5,prince,2.75,prince,2,0.0,0.0,26,0.0,0.0,1,26,-0.0,-0.0,1,22,0.5,0.5,11,16,0.0,0.0,1,26,0.0,0.0,1,26,0.0,0.0,1,26,0.0,0.0,1,26,0.0,0.0,1,26,0.9616,1.0,9,0,0.0,0.0,1,26,0.0,0.0,1,26,-0.0,-0.0,1,23,2.7487,13.6857,23,0,1.4616,1.5,9,0,g9_18,0.9616,1.0,9,0,corner,0.0,0.0,0.0,0.0,1,26,0.0,0.0,1,26,0.5,0.5,11,16,0.0,0.0,1,26,0.0,0.0,1,26,0.0,0.0,1,26,0.0,0.0,1,26,0.0,0.0,1,26,0.9616,1.0,9,0,0.0,0.0,1,26,0.0,0.0,1,26,0.0,0.0,1,26,2.7487,13.6857,23,0,1.4616,1.5,9,0,g9_18,0.9616,1.0,9,0,corner,0.0,0.0
020YPYL2LVU9,3196,159.8,1,tesla,tesla,building,9.0,21.0,mega_knight,1.86,mega_knight,5,0.0,0.0,26,0.252,0.0,9,1,-0.68,-0.0,25,1,1.0,0.5,1,8,0.0,0.0,1,26,0.0,0.0,1,26,0.0,0.0,1,26,0.0,0.0,1,26,1.0,1.0,1,26,0.0,0.0,1,26,0.0,0.0,1,26,0.9572,0.0,9,1,-0.0389,-0.0,25,1,0.7041,8.4201,25,1,1.5721,1.5,12,1,knight_cell,-0.048,0.0,25,1,knight_cell,1.0,1.0,0.2687,0.0,9,1,-0.6751,-0.0,25,1,1.0,0.5,1,8,0.0,0.0,1,26,0.0,0.0,1,26,0.0,0.0,1,26,0.0,0.0,1,26,1.0,1.0,1,26,0.0,0.0,1,26,0.0,0.0,1,26,0.9739,0.0,9,1,-0.0241,-0.0,25,1,0.7041,8.4201,25,1,1.5936,1.5,12,1,knight_cell,-0.0313,0.0,25,1,knight_cell,1.0,1.0
020YPYL2LVU9,3331,166.6,1,x-bow,x_bow,building,9.5,23.5,prince,21.05,prince,1,0.0,0.0,26,0.0,0.0,6,21,-0.0,-0.0,1,19,1.0,0.5,1,8,0.0,0.0,1,26,0.0,0.0,1,26,0.0,0.0,1,26,0.0,0.0,1,26,0.0,0.0,1,26,0.0,1.0,9,18,0.0,0.0,1,26,0.0,0.0,1,26,-0.0,-0.0,1,26,4.4,12.4,18,0,1.0,1.5,10,5,g9_18,0.0,1.0,12,12,corner,0.0,0.0,0.0,0.0,5,22,0.0,0.0,1,26,1.0,0.5,1,8,0.0,0.0,1,26,0.0,0.0,1,26,0.0,0.0,1,26,0.0,0.0,1,26,0.0,0.0,1,26,0.0,1.0,9,18,0.0,0.0,1,26,0.0,0.0,1,26,0.0,0.0,1,26,4.4,12.4,18,0,1.0,1.5,12,5,g9_18,0.0,1.0,12,15,corner,0.0,0.0
020YPYL2LVU9,3653,182.7,1,tesla,tesla,building,9.0,21.0,archer_queen,17.24,archer_queen,1,0.0,0.0,26,0.5,0.0,1,3,0.0,0.0,1,26,1.0,0.5,1,8,0.0,0.0,1,26,0.0,0.0,1,26,0.0,0.0,1,26,0.0,0.0,1,26,0.0,0.0,1,26,0.0,0.0,1,26,0.0,0.0,1,26,0.0,0.0,1,26,0.0,0.0,1,26,5.0,1.5,15,3,1.5,0.5,1,2,tesla_modal,0.5,0.0,1,2,tesla_modal,0.0,0.0,1.0,0.0,1,3,0.0,0.0,1,26,1.0,0.5,1,8,0.0,0.0,1,26,0.0,0.0,1,26,0.0,0.0,1,26,0.0,0.0,1,26,0.0,0.0,1,26,0.0,0.0,1,26,0.0,0.0,1,26,0.0,0.0,1,26,0.0,0.0,1,26,5.0,1.5,15,3,2.0,0.5,1,2,tesla_modal,1.0,0.0,1,2,tesla_modal,0.0,0.0
020YPYL2LVU9,3747,187.4,1,x-bow,x_bow,building,6.5,23.5,archer_queen,14.93,archer_queen,2,0.0,0.0,26,0.0,0.0,4,23,0.0,0.0,1,26,1.0,0.5,1,8,0.0,0.0,1,26,0.0,0.0,1,26,0.0,0.0,1,26,0.0,0.0,1,26,0.0,0.0,1,26,0.0,1.0,9,18,0.0,0.0,1,26,0.0,0.0,1,26,0.0,0.0,1,26,2.4,1.4,20,0,1.0,1.5,11,6,g9_18,0.0,1.0,11,16,corner,0.0,0.0,0.4267,0.0,4,0,0.0,0.0,1,26,1.0,0.5,1,8,0.0,0.0,1,26,0.0,0.0,1,26,0.0,0.0,1,26,0.0,0.0,1,26,0.0,0.0,1,26,0.0,1.0,9,18,0.0,0.0,1,26,0.0,0.0,1,26,0.0,0.0,1,26,2.4,1.4,20,0,1.4267,1.5,11,0,g9_18,0.4267,1.0,11,0,corner,0.0,0.0
020YPYL2LVU9,4111,205.6,1,tesla,tesla,building,9.0,21.0,bandit,5.4,bandit,5,0.0,0.0,26,0.0,0.0,1,26,-0.0,-0.0,1,24,1.0,0.5,1,8,0.0,0.0,1,26,0.0,0.0,1,26,0.0,0.0,1,26,0.0,0.0,1,26,1.0,1.0,1,26,0.0,0.0,1,26,0.0,0.0,1,26,0.0,0.0,1,26,-0.0,-0.0,1,25,5.5008,4.7924,14,1,2.0,1.5,1,8,centre,0.0,0.0,1,24,corner,1.0,1.0,0.0,0.0,1,26,0.0,0.0,1,26,1.0,0.5,1,8,0.0,0.0,1,26,0.0,0.0,1,26,0.0,0.0,1,26,0.0,0.0,1,26,1.0,1.0,1,26,0.0,0.0,1,26,0.0,0.0,1,26,0.0,0.0,1,26,0.0,0.0,1,26,5.5008,4.7924,14,1,2.0,1.5,1,8,centre,0.0,0.0,1,26,corner,1.0,1.0
020YPYL2LVU9,4424,221.2,1,x-bow,x_bow,building,9.5,23.5,mega_knight,15.9,mega_knight,1,0.0,0.0,26,0.0,0.0,7,20,-0.0,-0.0,1,19,1.0,0.5,1,8,0.0,0.0,1,26,0.0,0.0,1,26,0.0,0.0,1,26,0.0,0.0,1,26,0.0,0.0,1,26,0.0,1.0,9,18,0.0,0.0,1,26,0.0,0.0,1,26,-0.0,-0.0,1,26,4.4,12.4,18,0,1.0,1.5,10,5,g9_18,0.0,1.0,12,12,corner,0.0,0.0,0.0,0.0,7,20,-0.0,-0.0,1,19,1.0,0.5,1,8,0.0,0.0,1,26,0.0,0.0,1,26,0.0,0.0,1,26,0.0,0.0,1,26,0.0,0.0,1,26,0.0,1.0,9,18,0.0,0.0,1,26,0.0,0.0,1,26,-0.0,-0.0,1,26,4.4,12.4,18,0,1.0,1.5,10,5,g9_18,0.0,1.0,12,12,corner,0.0,0.0
020YPYL80RJY,395,19.8,1,tesla,tesla,building,9.0,20.0,,0.0,,0,0.0,0.0,26,0.0,0.0,1,26,0.0,0.0,1,26,1.0,0.5,1,8,0.0,0.0,1,26,0.0,0.0,1,26,0.0,0.0,1,26,0.0,0.0,1,26,0.0,0.0,1,26,0.0,0.0,1,26,0.0,0.0,1,26,0.0,0.0,1,26,0.0,0.0,1,26,0.0,0.0,1,26,1.0,0.5,1,8,centre,0.0,0.0,1,26,corner,0.0,0.0,0.0,0.0,1,26,0.0,0.0,1,26,1.0,0.5,1,8,0.0,0.0,1,26,0.0,0.0,1,26,0.0,0.0,1,26,0.0,0.0,1,26,0.0,0.0,1,26,0.0,0.0,1,26,0.0,0.0,1,26,0.0,0.0,1,26,0.0,0.0,1,26,0.0,0.0,1,26,1.0,0.5,1,8,centre,0.0,0.0,1,26,corner,0.0,0.0
020YPYL80RJY,1087,54.4,1,tesla,tesla,building,11.0,18.0,giant_skeleton,5.09,giant_skeleton,2,0.0,0.0,26,0.0,0.0,2,25,-0.0,-0.0,1,24,0.5,0.5,9,17,0.0,0.0,1,26,0.0,0.0,1,26,0.0,0.0,1,26,0.0,0.0,1,26,1.0,1.0,1,26,0.0,0.0,1,26,0.0,0.0,1,26,0.0,0.0,2,25,-0.0,-0.0,1,25,5.5945,13.2422,13,0,1.5,1.5,9,15,centre,0.0,0.0,2,24,g15_22,1.0,1.0,0.0,0.0,2,25,-0.0,-0.0,1,24,0.5,0.5,9,17,0.0,0.0,1,26,0.0,0.0,1,26,0.0,0.0,1,26,0.0,0.0,1,26,1.0,1.0,1,26,0.0,0.0,1,26,0.0,0.0,1,26,0.0,0.0,2,25,-0.0,-0.0,1,25,5.5945,13.2422,13,0,1.5,1.5,9,15,centre,0.0,0.0,1,24,corner,1.0,1.0
020YPYL80RJY,1716,85.8,1,tesla,tesla,building,16.0,18.0,furnace,1.32,furnace,4,0.0,0.0,26,0.0,0.0,2,25,0.0,0.0,1,26,0.0,0.5,18,9,0.0,0.0,1,26,0.0,0.0,1,26,0.0,0.0,1,26,0.0,0.0,1,26,1.0,1.0,1,26,0.0,0.0,1,26,0.0,0.0,1,26,0.0,0.0,7,20,0.0,0.0,1,26,1.8185,10.7191,20,0,1.0,1.5,18,9,lane,0.0,0.0,2,25,lane,1.0,1.0,0.137,0.0,9,0,0.0,0.0,1,26,0.0,0.5,18,9,0.0,0.0,1,26,0.0,0.0,1,26,0.0,0.0,1,26,0.0,0.0,1,26,1.0,1.0,1,26,0.0,0.0,1,26,0.0,0.0,1,26,0.137,0.0,10,0,0.0,0.0,1,26,1.8185,10.7191,20,0,1.137,1.5,21,0,g9_18,0.0685,0.0,9,0,g9_18,1.0,1.0
020YPYL80RJY,2157,107.9,1,x-bow,x_bow,building,9.5,22.5,giant_skeleton,2.3,giant_skeleton,2,0.0,0.0,26,0.0,0.0,3,24,-0.0,-0.0,1,21,0.5,0.5,1,16,0.0,0.0,1,26,0.0,0.0,1,26,0.0,0.0,1,26,0.0,0.0,1,26,0.0,0.0,1,26,0.0,1.0,9,18,0.0,0.0,1,26,0.0,0.0,3,24,-0.0,-0.0,1,23,2.7047,10.7757,21,0,0.5,1.5,10,7,corner,0.0,1.0,10,13,corner,0.0,0.0,0.0,0.0,3,24,-0.0,-0.0,1,21,0.5,0.5,1,16,0.0,0.0,1,26,0.0,0.0,1,26,0.0,0.0,1,26,0.0,0.0,1,26,0.0,0.0,1,26,0.0,1.0,9,18,0.0,0.0,1,26,0.0,0.0,3,24,-0.0,-0.0,1,23,2.7047,10.7757,21,0,0.5,1.5,10,7,corner,0.0,1.0,10,13,corner,0.0,0.0
020YPYL80RJY,2752,137.6,1,tesla,tesla,building,10.0,20.0,giant_skeleton,5.51,giant_skeleton,4,0.0,0.0,26,0.649,1.0,7,0,-0.0,-0.0,1,21,0.4951,0.5,17,0,0.0,0.0,1,26,0.0,0.0,1,26,0.0,0.0,1,26,0.0,0.0,1,26,1.0,1.0,1,26,0.0,0.0,1,26,0.0,0.0,1,26,0.495,1.0,8,0,-0.0,-0.0,1,25,5.7019,1.8651,13,0,2.1441,2.5,6,0,corner,0.4852,0.75,6,0,corner,1.0,1.0,0.8365,0.8492,6,0,-0.0,-0.1392,1,19,0.4951,0.5,17,0,0.0,0.0,1,26,0.0,0.0,1,26,0.0,0.0,1,26,0.0,0.0,1,26,1.0,1.0,1,26,0.0,0.0,1,26,0.0,0.0,1,26,0.6825,0.937,8,0,-0.0,-0.0582,1,22,5.7019,1.8651,13,0,2.3316,2.2101,3,0,tesla_modal,0.6253,0.4978,3,0,tesla_modal,1.0,1.0
020YPYL80RJY,3123,156.2,1,x-bow,x_bow,building,9.5,22.5,,0.0,,1,0.0,0.0,26,0.0,0.0,1,26,0.0,0.0,1,26,0.5,0.5,1,16,0.0,0.0,1,26,0.0,0.0,1,26,0.0,0.0,1,26,0.0,0.0,1,26,0.0,0.0,1,26,0.0,1.0,9,18,0.0,0.0,1,26,0.0,0.0,1,26,0.0,0.0,1,26,0.0,0.0,1,26,0.5,1.5,9,12,corner,0.0,1.0,9,18,corner,0.0,0.0,0.0,0.0,1,26,0.0,0.0,1,26,0.5,0.5,1,16,0.0,0.0,1,26,0.0,0.0,1,26,0.0,0.0,1,26,0.0,0.0,1,26,0.0,0.0,1,26,0.0,1.0,9,18,0.0,0.0,1,26,0.0,0.0,1,26,0.0,0.0,1,26,0.0,0.0,1,26,0.5,1.5,9,12,corner,0.0,1.0,9,18,corner,0.0,0.0
020YPYL80RJY,3296,164.8,1,tesla,tesla,building,12.0,23.0,furnace,11.27,furnace,4,0.0,0.0,26,0.0,0.0,1,26,0.0,0.0,1,26,0.38,0.5,17,0,0.0,0.0,1,26,0.0,0.0,1,26,0.0,0.0,1,26,0.0,0.0,1,26,0.0,0.0,1,26,0.0,0.0,1,26,0.0,0.0,1,26,0.0,0.4682,5,22,0.0,0.0,1,26,7.4828,2.5802,15,0,0.38,0.5,17,0,corner,0.0,0.0,1,26,corner,0.0,0.0,0.0,0.5179,9,18,0.0,0.0,1,26,0.38,0.5,17,0,0.0,0.0,1,26,0.0,0.0,1,26,0.0,0.0,1,26,0.0,0.0,1,26,0.0,0.0,1,26,0.0,0.0,1,26,0.0,0.0,1,26,0.0,0.5723,5,22,0.0,0.0,1,26,7.4828,2.5802,15,0,0.38,1.0179,18,0,tesla_modal,0.0,0.3884,9,18,tesla_modal,0.0,0.0
020YPYL89Y8Y,816,40.8,1,tesla,tesla,building,9.0,20.0,,0.0,,0,0.0,0.0,26,0.0,0.0,1,26,0.0,0.0,1,26,1.0,0.5,1,8,0.0,0.0,1,26,0.0,0.0,1,26,0.0,0.0,1,26,0.0,0.0,1,26,0.0,0.0,1,26,0.0,0.0,1,26,0.0,0.0,1,26,0.0,0.0,1,26,0.0,0.0,1,26,0.0,0.0,1,26,1.0,0.5,1,8,centre,0.0,0.0,1,26,corner,0.0,0.0,0.0,0.0,1,26,0.0,0.0,1,26,1.0,0.5,1,8,0.0,0.0,1,26,0.0,0.0,1,26,0.0,0.0,1,26,0.0,0.0,1,26,0.0,0.0,1,26,0.0,0.0,1,26,0.0,0.0,1,26,0.0,0.0,1,26,0.0,0.0,1,26,0.0,0.0,1,26,1.0,0.5,1,8,centre,0.0,0.0,1,26,corner,0.0,0.0
020YPYL89Y8Y,1291,64.6,1,tesla,tesla,building,11.0,18.0,giant_skeleton,2.93,giant_skeleton,3,0.0,0.0,26,1.0,0.0,1,2,-0.0,-0.0,1,23,0.5,0.5,9,17,0.0,0.0,1,26,0.0,0.0,1,26,0.0,0.0,1,26,0.0,0.0,1,26,1.0,1.0,1,26,0.0,0.0,1,26,0.0,0.0,1,26,1.0,0.0,1,3,-0.0,-0.0,1,24,3.4278,12.85,23,0,2.5,1.5,1,2,lane_R,0.75,0.0,1,2,lane_R,1.0,1.0,1.0,0.0,1,3,-0.0,-0.0,1,23,0.5,0.5,9,17,0.0,0.0,1,26,0.0,0.0,1,26,0.0,0.0,1,26,0.0,0.0,1,26,1.0,1.0,1,26,0.0,0.0,1,26,0.0,0.0,1,26,1.0,0.0,1,3,-0.0,-0.0,1,23,3.4278,12.85,23,0,2.5,1.5,1,2,lane_R,0.75,0.0,1,2,lane_R,1.0,1.0
020YPYL89Y8Y,2273,113.7,1,x-bow,x_bow,building,2.5,19.5,giant_skeleton,18.6,giant_skeleton,1,0.0,0.0,26,0.0,0.0,15,12,-0.0,-0.0,1,18,0.5,0.5,1,16,0.0,0.0,1,26,0.0,0.0,1,26,0.0,0.0,1,26,0.0,0.0,1,26,0.0,0.0,1,26,0.9616,1.0,9,0,0.0,0.0,1,26,0.0,0.0,1,26,-0.0,-0.0,1,26,9.0879,10.3985,5,0,1.4616,1.5,10,0,g9_18,0.9616,1.0,7,0,corner,0.0,0.0,0.0,0.0,14,13,-0.0,-0.0,1,16,0.5,0.5,1,16,0.0,0.0,1,26,0.0,0.0,1,26,0.0,0.0,1,26,0.0,0.0,1,26,0.0,0.0,1,26,0.9616,1.0,9,0,0.0,0.0,1,26,0.0,0.0,1,26,-0.0,-0.0,1,26,9.0879,10.3985,5,0,1.4616,1.5,9,0,g9_18,0.9616,1.0,7,0,corner,0.0,0.0
020YPYL89Y8Y,2513,125.7,1,tesla,tesla,building,9.0,22.0,zappies,10.65,zappies,2,0.0,0.0,26,0.0,0.0,5,22,0.0,0.0,1,26,0.5,0.5,1,16,0.0,0.0,1,26,0.0,0.0,1,26,0.0,0.0,1,26,0.0,0.0,1,26,1.0,1.0,1,26,0.0,0.0,1,26,0.0,0.0,1,26,0.0,0.5948,5,22,0.0,0.0,1,26,8.4175,3.3942,18,1,1.5,1.5,5,13,lane,0.0,0.0,5,22,lane,1.0,1.0,0.0,0.9238,9,18,0.0,0.0,1,26,0.5,0.5,1,16,0.0,0.0,1,26,0.0,0.0,1,26,0.0,0.0,1,26,0.0,0.0,1,26,1.0,1.0,1,26,0.0,0.0,1,26,0.0,0.0,1,26,0.0,0.9483,6,21,0.0,0.0,1,26,8.4175,3.3942,18,1,1.5,2.4238,9,9,lane,0.0,0.6929,9,18,lane,1.0,1.0
020YPYL89Y8Y,2834,141.7,1,x-bow,x_bow,building,10.5,24.5,lumberjack_ghost,5.07,lumberjack_ghost,2,0.0,0.0,26,0.0,0.0,1,26,-0.0,-0.0,1,25,0.5,0.5,1,16,0.0,0.0,1,26,0.0,0.0,1,26,0.0,0.0,1,26,0.0,0.0,1,26,0.0,0.0,1,26,0.0,1.0,9,18,0.0,0.0,1,26,0.0,0.0,1,26,-0.0,-0.0,1,26,4.9684,5.9892,18,0,0.5,1.5,9,11,corner,0.0,1.0,9,17,corner,0.0,0.0,0.0,0.0,1,26,0.0,0.0,1,26,0.5,0.5,1,16,0.0,0.0,1,26,0.0,0.0,1,26,0.0,0.0,1,26,0.0,0.0,1,26,0.0,0.0,1,26,0.0,1.0,9,18,0.0,0.0,1,26,0.0,0.0,1,26,0.0,0.0,1,26,4.9684,5.9892,18,0,0.5,1.5,9,12,corner,0.0,1.0,9,18,corner,0.0,0.0
020YPYL89Y8Y,3195,159.8,1,tesla,tesla,building,8.0,22.0,mother_witch_hog,3.1,mother_witch_hog,3,0.0,0.0,26,0.0,0.0,3,24,-0.0,-0.0,1,23,0.5,0.5,1,16,0.0,0.0,1,26,0.0,0.0,1,26,0.0,0.0,1,26,0.0,0.0,1,26,1.0,1.0,1,26,0.0,0.0,1,26,0.0,0.0,1,26,0.0,0.0,3,24,-0.0,-0.0,1,24,3.0965,3.6496,23,0,1.5,1.5,1,13,corner,0.0,0.0,2,23,g3_22,1.0,1.0,0.0,0.0,3,24,-0.0,-0.0,1,23,0.5,0.5,1,16,0.0,0.0,1,26,0.0,0.0,1,26,0.0,0.0,1,26,0.0,0.0,1,26,1.0,1.0,1,26,0.0,0.0,1,26,0.0,0.0,1,26,0.0,0.0,3,24,-0.0,-0.0,1,24,3.0965,3.6496,23,0,1.5,1.5,1,13,corner,0.0,0.0,2,23,g3_22,1.0,1.0
020YPYL9CYUL,828,41.4,1,tesla,tesla,building,9.0,21.0,,0.0,,2,0.0,0.0,26,0.0,0.0,1,26,0.0,0.0,1,26,1.0,0.5,1,8,0.0,0.0,1,26,0.0,0.0,1,26,0.0,0.0,1,26,0.0,0.0,1,26,0.0,0.0,1,26,0.0,0.0,1,26,0.0,0.0,1,26,0.0,0.0,1,26,0.0,0.0,1,26,0.0,0.0,1,26,1.0,0.5,1,8,centre,0.0,0.0,1,26,corner,0.0,0.0,0.0,0.0,1,26,0.0,0.0,1,26,1.0,0.5,1,8,0.0,0.0,1,26,0.0,0.0,1,26,0.0,0.0,1,26,0.0,0.0,1,26,0.0,0.0,1,26,0.0,0.0,1,26,0.0,0.0,1,26,0.0,0.0,1,26,0.0,0.0,1,26,0.0,0.0,1,26,1.0,0.5,1,8,centre,0.0,0.0,1,26,corner,0.0,0.0
020YPYL9CYUL,2205,110.3,1,tesla,tesla,building,9.0,22.0,goblinstein,6.53,goblinstein,2,0.0,0.0,26,0.0,0.0,5,22,-0.0,-0.0,1,20,1.0,0.5,1,8,0.0,0.0,1,26,0.0,0.0,1,26,0.0,0.0,1,26,0.0,0.0,1,26,1.0,1.0,1,26,0.0,0.0,1,26,0.0,0.0,1,26,0.0,0.0,8,19,-0.0,-0.0,1,23,5.0,12.5,14,3,2.0,1.5,3,7,tesla_modal,0.0,0.0,4,18,tesla_modal,1.0,1.0,0.0,0.0,8,19,-0.0,-0.0,1,20,1.0,0.5,1,8,0.0,0.0,1,26,0.0,0.0,1,26,0.0,0.0,1,26,0.0,0.0,1,26,1.0,1.0,1,26,0.0,0.0,1,26,0.0,0.0,1,26,0.0,0.0,8,19,-0.0,-0.0,1,24,5.0,12.5,14,3,2.0,1.5,4,7,tesla_modal,0.0,0.0,4,18,tesla_modal,1.0,1.0
020YPYL9CYUL,2426,121.3,1,x-bow,x_bow,building,2.5,19.5,goblinstein,11.7,goblinstein,1,0.0,0.0,26,0.0,0.0,2,25,-0.0,-0.0,1,22,0.5,0.5,11,16,0.0,0.0,1,26,0.0,0.0,1,26,0.0,0.0,1,26,0.0,0.0,1,26,0.0,0.0,1,26,0.9616,1.0,9,0,0.0,0.0,1,26,0.0,0.0,2,25,-0.0,-0.0,1,24,11.8521,13.1006,5,0,1.4616,1.5,9,0,g9_18,0.9616,1.0,9,0,corner,0.0,0.0,0.0,0.0,2,25,-0.0,-0.0,1,24,0.5,0.5,11,16,0.0,0.0,1,26,0.0,0.0,1,26,0.0,0.0,1,26,0.0,0.0,1,26,0.0,0.0,1,26,0.9616,1.0,9,0,0.0,0.0,1,26,0.0,0.0,2,25,-0.0,-0.0,1,25,11.8521,13.1006,5,0,1.4616,1.5,9,0,g9_18,0.9616,1.0,9,0,corner,0.0,0.0
020YPYL9CYUL,2818,140.9,1,x-bow,x_bow,building,3.5,19.5,,0.0,,1,0.0,0.0,26,0.0,0.0,1,26,0.0,0.0,1,26,0.5,0.5,11,16,0.0,0.0,1,26,0.0,0.0,1,26,0.0,0.0,1,26,0.0,0.0,1,26,0.0,0.0,1,26,1.0,1.0,1,8,0.0,0.0,1,26,0.0,0.0,1,26,0.0,0.0,1,26,0.0,0.0,1,26,1.5,1.5,2,7,g9_18,1.0,1.0,1,8,corner,0.0,0.0,0.0,0.0,1,26,0.0,0.0,1,26,0.5,0.5,11,16,0.0,0.0,1,26,0.0,0.0,1,26,0.0,0.0,1,26,0.0,0.0,1,26,0.0,0.0,1,26,1.0,1.0,1,8,0.0,0.0,1,26,0.0,0.0,1,26,0.0,0.0,1,26,0.0,0.0,1,26,1.5,1.5,2,7,g9_18,1.0,1.0,1,8,corner,0.0,0.0
020YPYL9CYUL,3354,167.7,1,x-bow,x_bow,building,2.5,19.5,goblinstein,0.27,goblinstein,5,0.0,0.0,26,0.0,0.0,1,26,0.0,0.0,1,26,0.5,0.5,1,16,0.0,0.0,1,26,0.0,0.0,1,26,0.0,0.0,1,26,0.0,0.0,1,26,0.0,0.0,1,26,0.9616,1.0,9,0,0.0,0.0,1,26,0.0,0.0,1,26,0.0,0.0,1,26,0.0,0.8575,25,2,1.4616,1.5,5,0,corner,0.9616,1.0,9,0,corner,0.0,0.0,0.0861,0.5149,5,2,-1.0,-0.5308,25,2,0.5,0.5,1,16,0.0,0.0,1,26,0.0,0.0,1,26,0.0,0.0,1,26,0.0,0.0,1,26,1.0,1.0,1,26,0.9616,1.0,9,0,0.0,0.0,1,26,0.2939,0.5149,6,0,-0.7727,-0.5308,26,0,0.0,0.8575,25,2,1.5477,2.484,9,0,tesla_true,0.7,0.7,5,4,bow_modal_R,1.0,1.0
020YPYL9R08C,458,22.9,1,tesla,tesla,building,9.0,20.0,,0.0,,0,0.0,0.0,26,0.0,0.0,1,26,0.0,0.0,1,26,1.0,0.5,1,8,0.0,0.0,1,26,0.0,0.0,1,26,0.0,0.0,1,26,0.0,0.0,1,26,0.0,0.0,1,26,0.0,0.0,1,26,0.0,0.0,1,26,0.0,0.0,1,26,0.0,0.0,1,26,0.0,0.0,1,26,1.0,0.5,1,8,centre,0.0,0.0,1,26,corner,0.0,0.0,0.0,0.0,1,26,0.0,0.0,1,26,1.0,0.5,1,8,0.0,0.0,1,26,0.0,0.0,1,26,0.0,0.0,1,26,0.0,0.0,1,26,0.0,0.0,1,26,0.0,0.0,1,26,0.0,0.0,1,26,0.0,0.0,1,26,0.0,0.0,1,26,0.0,0.0,1,26,1.0,0.5,1,8,centre,0.0,0.0,1,26,corner,0.0,0.0
020YPYL9R08C,1231,61.6,1,x-bow,x_bow,building,10.5,22.5,royal_recruits,18.94,royal_recruits,6,0.0,0.0,26,1.0,0.0,1,3,-0.0,-0.0,1,19,1.0,0.5,1,8,0.0,0.0,1,26,0.0,0.0,1,26,0.0,0.0,1,26,0.0,0.0,1,26,0.0,0.0,1,26,0.0,1.0,9,18,0.0,0.0,1,26,0.0,0.0,1,26,-0.0,-0.0,1,26,3.4,12.4,20,0,2.0,1.5,2,2,g9_18,1.0,1.0,1,7,corner,0.0,0.0,0.9278,0.0,4,0,0.0,0.0,1,26,1.0,0.5,1,8,0.0,0.0,1,26,0.0,0.0,1,26,0.0,0.0,1,26,0.0,0.0,1,26,0.0,0.0,1,26,0.0,1.0,9,18,0.0,0.0,1,26,0.0,0.0,1,26,0.0,0.0,1,26,3.4,12.4,20,0,1.9278,1.5,4,0,g9_18,0.9278,1.0,11,0,corner,0.0,0.0
020YPYL9R08C,1533,76.7,1,tesla,tesla,building,8.0,22.0,royal_recruits,5.87,royal_recruits,8,0.0,0.0,26,1.0,0.4382,1,2,-0.0,-0.4322,1,19,1.0,0.5,1,8,0.0,0.0,1,26,0.0,0.0,1,26,0.0,0.0,1,26,0.0,0.0,1,26,1.0,1.0,1,26,0.0,0.0,1,26,0.0,0.0,1,26,0.814,0.5525,4,0,-0.0,-0.3443,1,22,4.0118,1.4763,20,0,3.0,1.506,1,1,tesla_modal,1.0,0.0286,1,1,tesla_modal,1.0,1.0,1.0,0.0,1,2,0.0,0.0,1,26,1.0,0.5,1,8,0.0,0.0,1,26,0.0,0.0,1,26,0.0,0.0,1,26,0.0,0.0,1,26,1.0,1.0,1,26,0.0,0.0,1,26,0.0,0.0,1,26,0.9181,0.0802,3,0,0.0,0.0,1,26,4.0118,1.4763,20,0,3.0,1.5,1,1,tesla_modal,1.0,0.0,1,1,tesla_modal,1.0,1.0
020YPYL9VC0C,628,31.4,1,tesla,tesla,building,9.0,22.0,royal_hogs,7.97,royal_hogs,7,0.0,0.0,26,1.0,0.0,1,4,-0.0,-0.0,1,20,1.0,0.5,1,8,0.0,0.0,1,26,0.0,0.0,1,26,0.0,0.0,1,26,0.0,0.0,1,26,1.0,1.0,1,26,0.0,0.0,1,26,0.0,0.0,1,26,1.0,0.0,1,9,-0.0,-0.0,1,26,5.1129,12.7247,15,1,3.0,1.5,1,3,tesla_modal,1.0,0.0,1,3,tesla_modal,1.0,1.0,1.0,0.0,1,3,0.0,0.0,1,26,1.0,0.5,1,8,0.0,0.0,1,26,0.0,0.0,1,26,0.0,0.0,1,26,0.0,0.0,1,26,1.0,1.0,1,26,0.0,0.0,1,26,0.0,0.0,1,26,0.5538,0.0,7,1,0.0,0.0,1,26,5.1129,12.7247,15,1,3.0,1.5,1,2,tesla_modal,1.0,0.0,1,2,tesla_modal,1.0,1.0
020YPYL9VC0C,1305,65.3,1,x-bow,x_bow,building,15.5,19.5,,0.0,,0,0.0,0.0,26,0.0,0.0,1,26,0.0,0.0,1,26,0.5,0.5,11,16,0.0,0.0,1,26,0.0,0.0,1,26,0.0,0.0,1,26,0.0,0.0,1,26,0.0,0.0,1,26,0.9616,1.0,9,0,0.0,0.0,1,26,0.0,0.0,1,26,0.0,0.0,1,26,0.0,0.0,1,26,1.4616,1.5,9,0,g9_18,0.9616,1.0,9,0,corner,0.0,0.0,0.0,0.0,1,26,0.0,0.0,1,26,0.5,0.5,11,16,0.0,0.0,1,26,0.0,0.0,1,26,0.0,0.0,1,26,0.0,0.0,1,26,0.0,0.0,1,26,0.9616,1.0,9,0,0.0,0.0,1,26,0.0,0.0,1,26,0.0,0.0,1,26,0.0,0.0,1,26,1.4616,1.5,9,0,g9_18,0.9616,1.0,9,0,corner,0.0,0.0
020YPYL9VC0C,1931,96.6,1,tesla,tesla,building,9.0,19.0,,0.0,,0,0.0,0.0,26,0.0,0.0,1,26,0.0,0.0,1,26,0.9902,0.5,9,0,0.0,0.0,1,26,0.0,0.0,1,26,0.0,0.0,1,26,0.0,0.0,1,26,0.0,0.0,1,26,0.0,0.0,1,26,0.0,0.0,1,26,0.0,0.0,1,26,0.0,0.0,1,26,0.0,0.0,1,26,0.9902,0.5,9,0,centre,0.0,0.0,1,26,corner,0.0,0.0,0.0,0.0,1,26,0.0,0.0,1,26,0.9902,0.5,9,0,0.0,0.0,1,26,0.0,0.0,1,26,0.0,0.0,1,26,0.0,0.0,1,26,0.0,0.0,1,26,0.0,0.0,1,26,0.0,0.0,1,26,0.0,0.0,1,26,0.0,0.0,1,26,0.0,0.0,1,26,0.9902,0.5,9,0,centre,0.0,0.0,1,26,corner,0.0,0.0
020YPYL9VC0C,2195,109.8,1,x-bow,x_bow,building,11.5,23.5,furnace,16.26,furnace,3,0.0,0.0,26,0.0,0.0,4,23,0.0,0.0,1,26,1.0,0.5,1,8,0.0,0.0,1,26,0.0,0.0,1,26,0.0,0.0,1,26,0.0,0.0,1,26,0.0,0.0,1,26,0.0,1.0,9,18,0.0,0.0,1,26,0.0,0.0,1,26,0.0,0.0,1,26,2.4,12.4,20,0,1.0,1.5,11,6,g9_18,0.0,1.0,11,16,corner,0.0,0.0,0.4278,0.0,4,0,0.0,0.0,1,26,1.0,0.5,1,8,0.0,0.0,1,26,0.0,0.0,1,26,0.0,0.0,1,26,0.0,0.0,1,26,0.0,0.0,1,26,0.0,1.0,9,18,0.0,0.0,1,26,0.0,0.0,1,26,0.0,0.0,1,26,2.4,12.4,20,0,1.4278,1.5,11,0,g9_18,0.4278,1.0,11,0,corner,0.0,0.0
020YPYL9VC0C,2678,133.9,1,x-bow,x_bow,building,2.5,19.5,,0.0,,1,0.0,0.0,26,0.0,0.0,1,26,0.0,0.0,1,26,0.5,0.5,11,16,0.0,0.0,1,26,0.0,0.0,1,26,0.0,0.0,1,26,0.0,0.0,1,26,0.0,0.0,1,26,0.9616,1.0,9,0,0.0,0.0,1,26,0.0,0.0,1,26,0.0,0.0,1,26,0.0,0.0,1,26,1.4616,1.5,9,0,g9_18,0.9616,1.0,9,0,corner,0.0,0.0,0.0,0.0,1,26,0.0,0.0,1,26,0.5,0.5,11,16,0.0,0.0,1,26,0.0,0.0,1,26,0.0,0.0,1,26,0.0,0.0,1,26,0.0,0.0,1,26,0.9616,1.0,9,0,0.0,0.0,1,26,0.0,0.0,1,26,0.0,0.0,1,26,0.0,0.0,1,26,1.4616,1.5,9,0,g9_18,0.9616,1.0,9,0,corner,0.0,0.0
020YPYL9VC0C,3061,153.9,1,x-bow,x_bow,building,2.5,19.5,royal_hogs,11.84,royal_hogs,5,0.0,0.0,26,0.0,0.0,1,26,-0.0,-0.0,1,24,0.5,0.5,11,16,0.0,0.0,1,26,0.0,0.0,1,26,0.0,0.0,1,26,0.0,0.0,1,26,0.0,0.0,1,26,0.9616,1.0,9,0,0.0,0.0,1,26,0.0,0.0,1,26,-0.0,-0.0,1,25,11.8417,13.1199,5,0,1.4616,1.5,9,0,g9_18,0.9616,1.0,9,0,corner,0.0,0.0,0.0,0.0,1,26,0.0,0.0,1,26,0.5,0.5,11,16,0.0,0.0,1,26,0.0,0.0,1,26,0.0,0.0,1,26,0.0,0.0,1,26,0.0,0.0,1,26,0.9616,1.0,9,0,0.0,0.0,1,26,0.0,0.0,1,26,0.0,0.0,1,26,11.8417,13.1199,5,0,1.4616,1.5,9,0,g9_18,0.9616,1.0,9,0,corner,0.0,0.0
020YPYL9VC0C,3576,179.1,1,x-bow,x_bow,building,2.5,19.5,royal_hogs,12.67,royal_hogs,5,0.0,0.0,26,0.0,0.0,1,26,-0.0,-0.0,1,24,0.5,0.5,11,16,0.0,0.0,1,26,0.0,0.0,1,26,0.0,0.0,1,26,0.0,0.0,1,26,0.0,0.0,1,26,0.9616,1.0,9,0,0.0,0.0,1,26,0.0,0.0,1,26,-0.0,-0.0,1,25,12.6657,13.9331,5,0,1.4616,1.5,9,0,g9_18,0.9616,1.0,9,0,corner,0.0,0.0,0.0,0.0,1,26,0.0,0.0,1,26,0.5,0.5,11,16,0.0,0.0,1,26,0.0,0.0,1,26,0.0,0.0,1,26,0.0,0.0,1,26,0.0,0.0,1,26,0.9616,1.0,9,0,0.0,0.0,1,26,0.0,0.0,1,26,0.0,0.0,1,26,12.6657,13.9331,5,0,1.4616,1.5,9,0,g9_18,0.9616,1.0,9,0,corner,0.0,0.0
020YPYL9VC0C,4017,200.9,1,x-bow,x_bow,building,2.5,19.5,,0.0,,0,0.0,0.0,26,0.0,0.0,1,26,0.0,0.0,1,26,0.5,0.5,11,16,0.0,0.0,1,26,0.0,0.0,1,26,0.0,0.0,1,26,0.0,0.0,1,26,0.0,0.0,1,26,0.9616,1.0,9,0,0.0,0.0,1,26,0.0,0.0,1,26,0.0,0.0,1,26,0.0,0.0,1,26,1.4616,1.5,9,0,g9_18,0.9616,1.0,9,0,corner,0.0,0.0,0.0,0.0,1,26,0.0,0.0,1,26,0.5,0.5,11,16,0.0,0.0,1,26,0.0,0.0,1,26,0.0,0.0,1,26,0.0,0.0,1,26,0.0,0.0,1,26,0.9616,1.0,9,0,0.0,0.0,1,26,0.0,0.0,1,26,0.0,0.0,1,26,0.0,0.0,1,26,1.4616,1.5,9,0,g9_18,0.9616,1.0,9,0,corner,0.0,0.0
020YPYL9VC0C,4386,219.3,1,tesla,tesla,building,10.0,18.0,royal_hogs,5.38,royal_hogs,6,0.0,0.0,26,1.0,0.0,1,1,-0.0,-0.0,1,20,0.443,0.5,27,0,0.0,0.0,1,26,0.0,0.0,1,26,0.0,0.0,1,26,0.0,0.0,1,26,1.0,1.0,1,26,0.0,0.0,1,26,0.0,0.0,1,26,1.0,0.0,1,3,-0.0,-0.0,1,23,5.186,13.4841,16,0,2.443,1.5,2,0,g9_18,0.7215,0.0,2,0,g9_18,1.0,1.0,1.0,0.0,1,1,0.0,0.0,1,26,0.443,0.5,27,0,0.0,0.0,1,26,0.0,0.0,1,26,0.0,0.0,1,26,0.0,0.0,1,26,1.0,1.0,1,26,0.0,0.0,1,26,0.0,0.0,1,26,1.0,0.0,1,3,0.0,0.0,1,26,5.186,13.4841,16,0,2.443,1.5,2,0,g9_18,0.7215,0.0,2,0,g9_18,1.0,1.0
020YPYLLQUV0,698,34.9,1,tesla,tesla,building,10.0,23.0,knight,7.53,knight,2,0.0,0.0,26,0.0,0.0,8,19,-0.0,-0.0,1,22,1.0,0.5,1,8,0.0,0.0,1,26,0.0,0.0,1,26,0.0,0.0,1,26,0.0,0.0,1,26,1.0,1.0,1,26,0.0,0.0,1,26,0.0,0.0,1,26,0.0,0.0,8,19,-0.0,-0.0,1,23,5.2815,11.7032,20,0,2.0,1.5,5,7,tesla_modal,0.0,0.0,6,19,tesla_modal,1.0,1.0,0.0,0.0,8,19,-0.0,-0.0,1,22,1.0,0.5,1,8,0.0,0.0,1,26,0.0,0.0,1,26,0.0,0.0,1,26,0.0,0.0,1,26,1.0,1.0,1,26,0.0,0.0,1,26,0.0,0.0,1,26,0.0,0.0,8,19,-0.0,-0.0,1,23,5.2815,11.7032,20,0,2.0,1.5,5,7,tesla_modal,0.0,0.0,6,19,tesla_modal,1.0,1.0
020YPYLLQUV0,1388,69.4,1,x-bow,x_bow,building,2.5,19.5,,0.0,,0,0.0,0.0,26,0.0,0.0,1,26,0.0,0.0,1,26,0.5,0.5,11,16,0.0,0.0,1,26,0.0,0.0,1,26,0.0,0.0,1,26,0.0,0.0,1,26,0.0,0.0,1,26,0.9616,1.0,9,0,0.0,0.0,1,26,0.0,0.0,1,26,0.0,0.0,1,26,0.0,0.0,1,26,1.4616,1.5,9,0,g9_18,0.9616,1.0,9,0,corner,0.0,0.0,0.0,0.0,1,26,0.0,0.0,1,26,0.5,0.5,11,16,0.0,0.0,1,26,0.0,0.0,1,26,0.0,0.0,1,26,0.0,0.0,1,26,0.0,0.0,1,26,0.9616,1.0,9,0,0.0,0.0,1,26,0.0,0.0,1,26,0.0,0.0,1,26,0.0,0.0,1,26,1.4616,1.5,9,0,g9_18,0.9616,1.0,9,0,corner,0.0,0.0
020YPYLLQUV0,1491,74.6,1,tesla,tesla,building,5.0,18.0,musketeer,6.88,musketeer,2,0.0,0.0,26,0.0,0.0,1,26,0.0,0.0,1,26,0.5,0.5,9,17,0.0,0.0,1,26,0.0,0.0,1,26,0.0,0.0,1,26,0.0,0.0,1,26,0.0,0.0,1,26,0.0,0.0,1,26,0.0,0.0,1,26,0.9622,0.187,1,0,0.0,0.0,1,26,1.0,1.5,22,1,0.5,0.5,9,17,centre,0.0,0.0,1,26,corner,0.0,0.0,0.0,0.0,4,23,0.0,0.0,1,26,0.5,0.5,9,17,0.0,0.0,1,26,0.0,0.0,1,26,0.0,0.0,1,26,0.0,0.0,1,26,0.0,0.0,1,26,0.0,0.0,1,26,0.0,0.0,1,26,0.392,0.0412,2,0,0.0,0.0,1,26,1.0,1.5,22,1,0.5,0.5,10,17,tesla_modal,0.0,0.0,4,23,tesla_modal,0.0,0.0
020YPYLLQUV0,2367,118.4,1,x-bow,x_bow,building,8.5,22.5,knight,19.05,knight,1,0.0,0.0,26,0.6361,1.0,11,0,-0.3308,-0.0,22,0,0.0,0.0,1,26,0.0,0.0,1,26,0.0,0.0,1,26,0.0,0.0,1,26,0.0,0.0,1,26,0.0,0.0,1,26,0.0,1.0,9,18,0.0,0.0,1,26,0.0,0.0,1,26,-0.0,-0.0,1,26,1.4722,2.216,22,0,0.3053,2.0,16,0,corner,0.018,1.0,16,0,corner,0.0,0.0,0.6528,1.0,11,0,-0.3205,-0.0,22,0,0.0,0.0,1,26,0.0,0.0,1,26,0.0,0.0,1,26,0.0,0.0,1,26,0.0,0.0,1,26,0.0,0.0,1,26,0.0,1.0,9,18,0.0,0.0,1,26,0.0,0.0,1,26,-0.0,-0.0,1,26,1.4722,2.216,22,0,0.3322,2.0,15,0,corner,0.0264,1.0,16,0,corner,0.0,0.0
020YPYLLQUV0,2611,130.6,1,tesla,tesla,building,11.0,18.0,knight,7.19,knight,2,0.0,0.0,26,0.5745,1.0,8,0,-0.0,-0.0,1,25,0.0,0.0,1,26,0.0,0.0,1,26,0.0,0.0,1,26,0.0,0.0,1,26,0.0,0.0,1,26,1.0,1.0,1,26,0.0,0.0,1,26,0.0,0.0,1,26,0.0,1.0,6,21,-0.0,-0.0,1,26,6.3511,3.5421,20,0,1.5745,2.0,8,0,corner,0.2872,0.5,8,0,corner,1.0,1.0,0.512,1.0,8,0,-0.0,-0.0,1,25,0.0,0.0,1,26,0.0,0.0,1,26,0.0,0.0,1,26,0.0,0.0,1,26,0.0,0.0,1,26,1.0,1.0,1,26,0.0,0.0,1,26,0.0,0.0,1,26,0.0,0.9475,6,21,-0.0,-0.0,1,26,6.3511,3.5421,20,0,1.512,2.0,8,0,corner,0.256,0.5,8,0,corner,1.0,1.0
020YPYLLQUV0,2745,137.3,1,x-bow,x_bow,building,8.5,18.5,,0.0,,0,0.0,0.0,26,0.0,0.0,1,26,0.0,0.0,1,26,0.0,0.0,1,26,0.0,0.0,1,26,0.0,0.0,1,26,0.0,0.0,1,26,0.0,0.0,1,26,0.0,0.0,1,26,1.0,1.0,1,8,0.0,0.0,1,26,0.0,0.0,1,26,0.0,0.0,1,26,0.0,0.0,1,26,1.0,1.0,1,8,corner,1.0,1.0,1,8,corner,0.0,0.0,0.0,0.0,1,26,0.0,0.0,1,26,0.0,0.0,1,26,0.0,0.0,1,26,0.0,0.0,1,26,0.0,0.0,1,26,0.0,0.0,1,26,0.0,0.0,1,26,1.0,1.0,1,8,0.0,0.0,1,26,0.0,0.0,1,26,0.0,0.0,1,26,0.0,0.0,1,26,1.0,1.0,1,8,corner,1.0,1.0,1,8,corner,0.0,0.0
020YPYLLQUV0,3082,154.1,1,tesla,tesla,building,9.0,21.0,knight,6.4,knight,3,0.0,0.0,26,1.0,1.0,1,7,-0.0,-0.0,1,24,0.0,0.0,1,26,0.0,0.0,1,26,0.0,0.0,1,26,0.0,0.0,1,26,0.0,0.0,1,26,1.0,1.0,1,26,0.0,0.0,1,26,0.0,0.0,1,26,0.5476,1.0,7,1,-0.0,-0.0,1,24,4.3939,2.4749,20,1,2.0,2.0,1,7,corner,0.5,0.5,1,7,corner,1.0,1.0,1.0,1.0,1,8,-0.0,-0.0,1,25,0.0,0.0,1,26,0.0,0.0,1,26,0.0,0.0,1,26,0.0,0.0,1,26,0.0,0.0,1,26,1.0,1.0,1,26,0.0,0.0,1,26,0.0,0.0,1,26,0.4851,1.0,8,1,-0.0,-0.0,1,25,4.3939,2.4749,20,1,2.0,2.0,1,8,corner,0.5,0.5,1,8,corner,1.0,1.0
020YPYLP8YR0,895,44.8,1,tesla,tesla,building,6.0,18.0,minions,2.26,minions,4,0.0,0.0,26,0.3798,0.0,2,0,0.0,0.0,1,26,0.5,0.5,9,17,0.0,0.0,1,26,0.0,0.0,1,26,0.0,0.0,1,26,0.0,0.0,1,26,1.0,1.0,1,26,0.0,0.0,1,26,0.0,0.0,1,26,0.3798,0.0,3,0,0.0,0.0,1,26,2.2597,1.255,20,0,1.8798,1.5,10,0,g9_18,0.2849,0.0,2,0,g9_18,1.0,1.0,0.1673,0.0,2,0,0.0,0.0,1,26,0.5,0.5,9,17,0.0,0.0,1,26,0.0,0.0,1,26,0.0,0.0,1,26,0.0,0.0,1,26,1.0,1.0,1,26,0.0,0.0,1,26,0.0,0.0,1,26,0.1673,0.0,3,0,0.0,0.0,1,26,2.2597,1.255,20,0,1.6673,1.5,10,0,g9_18,0.1255,0.0,2,0,g9_18,1.0,1.0
020YPYLP8YR0,2181,109.1,1,x-bow,x_bow,building,2.5,19.5,rascals,11.16,rascals,2,0.0,0.0,26,0.0,0.0,1,26,-0.0,-0.0,1,23,0.0,0.0,19,8,0.0,0.0,1,26,0.0,0.0,1,26,0.0,0.0,1,26,0.0,0.0,1,26,0.0,0.0,1,26,0.9616,1.0,5,0,0.0,0.0,1,26,0.0,0.0,1,26,-0.0,-0.0,1,24,11.3102,12.5951,6,0,0.9616,1.0,5,0,corner,0.9616,1.0,5,0,corner,0.0,0.0,0.0,0.0,1,26,0.0,0.0,1,26,0.0,0.0,19,8,0.0,0.0,1,26,0.0,0.0,1,26,0.0,0.0,1,26,0.0,0.0,1,26,0.0,0.0,1,26,0.9616,1.0,9,0,0.0,0.0,1,26,0.0,0.0,1,26,0.0,0.0,1,26,11.3102,12.5951,6,0,0.9616,1.0,9,0,bow_modal_R,0.9616,1.0,9,0,corner,0.0,0.0
020YPYLP8YR0,2666,133.3,1,tesla,tesla,building,12.0,18.0,,0.0,,0,0.0,0.0,26,0.0,0.0,1,26,0.0,0.0,1,26,0.5,0.0,1,17,0.0,0.0,1,26,0.0,0.0,1,26,0.0,0.0,1,26,0.0,0.0,1,26,0.0,0.0,1,26,0.0,0.0,1,26,0.0,0.0,1,26,0.0,0.0,1,26,0.0,0.0,1,26,0.0,0.0,1,26,0.5,0.0,1,17,centre,0.0,0.0,1,26,corner,0.0,0.0,0.0,0.0,1,26,0.0,0.0,1,26,0.5,0.0,1,17,0.0,0.0,1,26,0.0,0.0,1,26,0.0,0.0,1,26,0.0,0.0,1,26,0.0,0.0,1,26,0.0,0.0,1,26,0.0,0.0,1,26,0.0,0.0,1,26,0.0,0.0,1,26,0.0,0.0,1,26,0.5,0.0,1,17,centre,0.0,0.0,1,26,corner,0.0,0.0
020YPYLP8YR0,2953,147.7,1,x-bow,x_bow,building,8.5,21.5,minions,3.42,minions,3,0.0,0.0,26,0.0,0.0,2,25,0.0,0.0,1,26,0.5,0.0,1,17,0.0,0.0,1,26,0.0,0.0,1,26,0.0,0.0,1,26,0.0,0.0,1,26,0.0,0.0,1,26,0.0,1.0,5,22,0.0,0.0,1,26,0.0,0.0,3,24,0.0,0.0,1,26,3.3202,10.8073,19,0,0.5,1.0,6,16,corner,0.0,1.0,6,21,corner,0.0,0.0,0.0,0.0,1,26,0.0,0.0,1,26,0.5,0.0,1,17,0.0,0.0,1,26,0.0,0.0,1,26,0.0,0.0,1,26,0.0,0.0,1,26,0.0,0.0,1,26,0.0,1.0,9,18,0.0,0.0,1,26,0.0,0.0,2,25,0.0,0.0,1,26,3.3202,10.8073,19,0,0.5,1.0,9,14,bow_modal_R,0.0,1.0,9,18,corner,0.0,0.0
020YPYLP8YR0,3154,157.7,1,tesla,tesla,building,16.0,19.0,skeleton_barrel,2.63,skeleton_barrel,3,0.0,0.0,26,1.0,0.0,1,6,-0.0,-0.0,1,23,0.5,0.0,1,17,0.0,0.0,1,26,0.0,0.0,1,26,0.0,0.0,1,26,0.0,0.0,1,26,1.0,1.0,1,26,0.0,0.0,1,26,0.0,0.0,1,26,1.0,0.0,1,8,-0.0,-0.0,1,25,2.6142,7.1158,18,0,2.5,1.0,1,5,bow_modal_R,0.75,0.0,1,5,bow_modal_R,1.0,1.0,0.6289,0.0,3,0,0.0,0.0,1,26,0.5,0.0,1,17,0.0,0.0,1,26,0.0,0.0,1,26,0.0,0.0,1,26,0.0,0.0,1,26,1.0,1.0,1,26,0.0,0.0,1,26,0.0,0.0,1,26,0.6349,0.0,7,0,0.0,0.0,1,26,2.6142,7.1158,18,0,2.1289,1.0,3,0,knight_cell,0.4717,0.0,3,0,knight_cell,1.0,1.0
020YPYLP8YR0,3495,174.8,1,x-bow,x_bow,building,8.5,21.5,minions,3.22,minions,6,0.0,0.0,26,0.0,0.0,11,16,0.0,0.0,1,26,0.0,0.0,1,26,0.0,0.0,1,26,0.0,0.0,1,26,0.0,0.0,1,26,0.0,0.0,1,26,0.0,0.0,1,26,0.0,1.0,5,22,0.0,0.0,1,26,0.812,0.0,10,0,0.0,0.0,1,26,1.2972,8.4688,21,0,0.0,1.0,14,13,g3_18,0.0,1.0,14,13,corner,0.0,0.0,0.0,0.0,10,17,0.0,0.0,1,26,0.0,0.0,1,26,0.0,0.0,1,26,0.0,0.0,1,26,0.0,0.0,1,26,0.0,0.0,1,26,0.0,0.0,1,26,0.0,1.0,9,18,0.0,0.0,1,26,0.5995,0.0,10,0,0.0,0.0,1,26,1.2972,8.4688,21,0,0.0,1.0,14,13,corner_R,0.0,1.0,14,13,corner,0.0,0.0
020YPYLPPCPQ,232,11.6,1,tesla,tesla,building,9.0,18.0,hog_rider,6.72,hog_rider,2,0.0,0.0,26,1.0,0.1311,1,1,-0.0,-0.9654,1,19,0.4663,0.5,26,1,0.0,0.0,1,26,0.0,0.0,1,26,0.0,0.0,1,26,0.0,0.0,1,26,1.0,1.0,1,26,0.0,0.0,1,26,0.0,0.0,1,26,1.0,0.6455,1,3,-0.0,-0.3939,1,22,6.3866,0.0622,13,1,2.4663,0.6657,1,1,g9_18,0.7332,-0.2017,1,1,g9_18,1.0,1.0,1.0,0.0,1,1,0.0,0.0,1,26,0.4663,0.5,26,1,0.0,0.0,1,26,0.0,0.0,1,26,0.0,0.0,1,26,0.0,0.0,1,26,1.0,1.0,1,26,0.0,0.0,1,26,0.0,0.0,1,26,1.0,0.0,1,3,0.0,0.0,1,26,6.3866,0.0622,13,1,2.4663,1.5,1,1,g9_18,0.7332,0.0,1,1,g9_18,1.0,1.0
020YPYLPPCPQ,1276,63.8,1,tesla,tesla,building,9.0,21.0,ice_golem,7.26,ice_golem,2,0.0,0.0,26,1.0,0.5762,1,2,-0.0,-0.4843,1,19,1.0,0.5,1,8,0.0,0.0,1,26,0.0,0.0,1,26,0.0,0.0,1,26,0.0,0.0,1,26,1.0,1.0,1,26,0.0,0.0,1,26,0.0,0.0,1,26,0.7695,1.0,8,1,-0.0,-0.0,1,24,5.36,0.9024,15,1,3.0,1.5918,1,1,tesla_modal,1.0,0.1321,1,1,tesla_modal,1.0,1.0,1.0,0.5373,1,2,-0.0,-0.5063,1,19,1.0,0.5,1,8,0.0,0.0,1,26,0.0,0.0,1,26,0.0,0.0,1,26,0.0,0.0,1,26,1.0,1.0,1,26,0.0,0.0,1,26,0.0,0.0,1,26,0.4084,1.0,8,1,-0.0,-0.0,1,24,5.36,0.9024,15,1,3.0,1.531,1,1,tesla_modal,1.0,0.103,1,1,tesla_modal,1.0,1.0
020YPYLPPCPQ,2191,109.6,1,x-bow,x_bow,building,15.5,19.5,,0.0,,0,0.0,0.0,26,0.0,0.0,1,26,0.0,0.0,1,26,0.0,0.0,1,26,0.0,0.0,1,26,0.0,0.0,1,26,0.0,0.0,1,26,0.0,0.0,1,26,0.0,0.0,1,26,0.9616,1.0,9,0,0.0,0.0,1,26,0.0,0.0,1,26,0.0,0.0,1,26,0.0,0.0,1,26,0.9616,1.0,9,0,corner,0.9616,1.0,9,0,corner,0.0,0.0,0.0,0.0,1,26,0.0,0.0,1,26,0.0,0.0,1,26,0.0,0.0,1,26,0.0,0.0,1,26,0.0,0.0,1,26,0.0,0.0,1,26,0.0,0.0,1,26,0.9616,1.0,9,0,0.0,0.0,1,26,0.0,0.0,1,26,0.0,0.0,1,26,0.0,0.0,1,26,0.9616,1.0,9,0,corner,0.9616,1.0,9,0,corner,0.0,0.0
020YPYLPPCPQ,2346,117.3,1,tesla,tesla,building,13.0,18.0,ice_golem,8.65,ice_golem,5,0.0,0.0,26,0.5464,0.98,13,0,-0.0,-0.0228,1,18,0.0,0.0,1,26,0.0,0.0,1,26,0.0,0.0,1,26,0.0,0.0,1,26,0.0,0.0,1,26,1.0,1.0,1,26,0.0,0.0,1,26,0.0,0.0,1,26,0.0768,0.98,13,0,-0.0,-0.0228,1,22,7.9073,1.71,5,0,1.5464,1.9572,13,0,tesla_modal,0.2732,0.4672,11,0,tesla_modal,1.0,1.0,0.1853,0.9411,14,0,-0.0,-0.0644,1,18,0.0,0.0,1,26,0.0,0.0,1,26,0.0,0.0,1,26,0.0,0.0,1,26,0.0,0.0,1,26,1.0,1.0,1,26,0.0,0.0,1,26,0.0,0.0,1,26,0.0,0.9411,13,14,-0.0,-0.0644,1,22,7.9073,1.71,5,0,1.1853,1.8767,13,0,tesla_modal,0.0926,0.4061,13,0,tesla_modal,1.0,1.0
020YPYLPPCPQ,2773,138.7,1,x-bow,x_bow,building,15.5,19.5,ice_golem,10.54,ice_golem,1,0.0,0.0,26,0.1245,1.0,17,0,-0.0,-0.0,1,20,0.0,0.0,1,26,0.0,0.0,1,26,0.0,0.0,1,26,0.0,0.0,1,26,0.0,0.0,1,26,1.0,1.0,1,26,0.9616,1.0,9,0,0.0,0.0,1,26,0.0,1.0,13,14,-0.0,-0.0,1,25,8.7511,2.8679,3,0,2.0861,3.0,8,0,corner,1.0,1.0,1,7,corner,1.0,1.0,0.0,1.0,16,11,-0.0,-0.0,1,18,0.0,0.0,1,26,0.0,0.0,1,26,0.0,0.0,1,26,0.0,0.0,1,26,0.0,0.0,1,26,1.0,1.0,1,26,0.9616,1.0,9,0,0.0,0.0,1,26,0.0,1.0,12,15,-0.0,-0.0,1,25,8.7511,2.8679,3,0,1.9616,3.0,13,0,corner,0.9616,1.0,8,0,corner,1.0,1.0
020YPYLPPCPQ,3306,165.3,1,tesla,tesla,building,9.0,21.0,ice_golem,2.12,ice_golem,7,0.0,0.0,26,1.0,0.0,1,9,-0.0,-0.0,1,21,0.0,0.0,1,26,0.0,0.0,1,26,0.0,0.0,1,26,0.0,0.0,1,26,0.0,0.0,1,26,1.0,1.0,1,26,0.0,0.0,1,26,0.0,0.0,1,26,1.0,0.0,1,12,-0.0,-0.0,1,25,2.1543,10.059,18,1,2.0,1.0,1,9,centre,0.5,0.0,1,9,centre,1.0,1.0,1.0,0.0,1,7,-0.0,-0.0,1,19,0.0,0.0,1,26,0.0,0.0,1,26,0.0,0.0,1,26,0.0,0.0,1,26,0.0,0.0,1,26,1.0,1.0,1,26,0.0,0.0,1,26,0.0,0.0,1,26,1.0,0.0,1,12,-0.0,-0.0,1,25,2.1543,10.059,18,1,2.0,1.0,1,7,tesla_modal,0.5,0.0,1,7,tesla_modal,1.0,1.0
020YPYLY29LP,441,22.1,1,tesla,tesla,building,9.0,21.0,wall_breakers,6.52,wall_breakers,2,0.0,0.0,26,1.0,0.0,1,4,-0.0,-0.0,1,21,1.0,0.5,1,8,0.0,0.0,1,26,0.0,0.0,1,26,0.0,0.0,1,26,0.0,0.0,1,26,1.0,1.0,1,26,0.0,0.0,1,26,0.0,0.0,1,26,0.5382,0.0,7,1,-0.0,-0.0,1,26,5.0,11.8396,14,2,3.0,1.5,1,2,tesla_modal,1.0,0.0,1,2,tesla_modal,1.0,1.0,1.0,0.0,1,3,0.0,0.0,1,26,1.0,0.5,1,8,0.0,0.0,1,26,0.0,0.0,1,26,0.0,0.0,1,26,0.0,0.0,1,26,1.0,1.0,1,26,0.0,0.0,1,26,0.0,0.0,1,26,0.6285,0.0,6,1,0.0,0.0,1,26,5.0,11.8396,14,2,3.0,1.5,1,2,tesla_modal,1.0,0.0,1,2,tesla_modal,1.0,1.0
020YPYLY29LP,1348,67.4,1,tesla,tesla,building,9.0,22.0,mega_knight,16.58,mega_knight,1,0.0,0.0,26,1.0,0.0,1,3,-0.0,-0.0,1,20,1.0,0.5,1,8,0.0,0.0,1,26,0.0,0.0,1,26,0.0,0.0,1,26,0.0,0.0,1,26,0.0,0.0,1,26,0.0,0.0,1,26,0.0,0.0,1,26,0.0,0.0,1,26,-0.0,-0.0,1,26,5.0,12.5,14,3,2.0,0.5,1,2,tesla_modal,1.0,0.0,1,2,tesla_modal,0.0,0.0,1.0,0.0,1,3,-0.0,-0.0,1,20,1.0,0.5,1,8,0.0,0.0,1,26,0.0,0.0,1,26,0.0,0.0,1,26,0.0,0.0,1,26,0.0,0.0,1,26,0.0,0.0,1,26,0.0,0.0,1,26,0.0,0.0,1,26,-0.0,-0.0,1,26,5.0,12.5,14,3,2.0,0.5,1,2,tesla_modal,1.0,0.0,1,2,tesla_modal,0.0,0.0
020YPYLY29LP,2603,130.2,1,x-bow,x_bow,building,15.5,19.5,mega_knight,18.81,mega_knight,1,0.0,0.0,26,0.0,0.6,8,19,-0.0,-0.3636,1,19,0.5,0.5,11,16,0.0,0.0,1,26,0.0,0.0,1,26,0.0,0.0,1,26,0.0,0.0,1,26,0.0,0.0,1,26,0.9616,1.0,9,0,0.0,0.0,1,26,0.0,0.0,1,26,-0.0,-0.0,1,26,11.4,1.4,3,0,1.4616,1.7364,9,0,g9_18,0.9616,0.7,7,0,tesla_modal,0.0,0.0,0.0,0.6167,8,19,-0.0,-0.3538,1,19,0.5,0.5,11,16,0.0,0.0,1,26,0.0,0.0,1,26,0.0,0.0,1,26,0.0,0.0,1,26,0.0,0.0,1,26,0.9616,1.0,9,0,0.0,0.0,1,26,0.0,0.0,1,26,-0.0,-0.0,1,26,11.4,1.4,3,0,1.4616,1.7628,9,0,g9_18,0.9616,0.7,7,0,tesla_modal,0.0,0.0
020YPYLY29LP,3022,151.1,1,tesla,tesla,building,9.0,20.0,prince,4.12,prince,3,0.0,0.0,26,0.0,1.0,6,21,-0.0,-0.0,1,22,1.0,0.5,1,8,0.0,0.0,1,26,0.0,0.0,1,26,0.0,0.0,1,26,0.0,0.0,1,26,1.0,1.0,1,26,0.0,0.0,1,26,0.0,0.0,1,26,0.0,1.0,6,21,-0.0,-0.0,1,22,4.2197,2.9703,17,0,2.0,2.5,5,8,corner,0.0,0.75,5,20,corner,1.0,1.0,0.0,0.7129,5,22,0.0,0.0,1,26,1.0,0.5,1,8,0.0,0.0,1,26,0.0,0.0,1,26,0.0,0.0,1,26,0.0,0.0,1,26,1.0,1.0,1,26,0.0,0.0,1,26,0.0,0.0,1,26,0.0,0.7129,5,22,0.0,0.0,1,26,4.2197,2.9703,17,0,2.0,2.2129,3,8,tesla_true,0.0,0.5347,5,22,tesla_true,1.0,1.0
020YPYLY29LP,3421,171.1,1,tesla,tesla,building,9.0,22.0,prince,1.88,prince,6,0.0,0.0,26,0.5727,1.0,10,1,-0.3287,-0.0,22,1,0.5,0.0,1,17,0.0,0.0,1,26,0.0,0.0,1,26,0.0,0.0,1,26,0.0,0.0,1,26,1.0,1.0,1,26,0.0,0.0,1,26,0.0,0.0,1,26,0.6889,1.0,12,1,-0.2393,-0.0,25,1,1.7454,5.4827,22,1,1.744,2.0,9,1,knight_cell,0.1295,0.5,9,1,knight_cell,1.0,1.0,0.1005,1.0,10,1,0.0,0.0,1,26,0.5,0.0,1,17,0.0,0.0,1,26,0.0,0.0,1,26,0.0,0.0,1,26,0.0,0.0,1,26,1.0,1.0,1,26,0.0,0.0,1,26,0.0,0.0,1,26,0.2167,1.0,12,1,0.0,0.0,1,26,1.7454,5.4827,22,1,1.6005,2.0,9,1,knight_cell,0.0753,0.5,10,1,knight_cell,1.0,1.0
020YPYP8J9PV,254,12.7,1,tesla,tesla,building,9.0,21.0,royal_hogs,6.75,royal_hogs,4,0.0,0.0,26,0.0,0.0,6,21,-0.0,-0.0,1,20,1.0,0.5,1,8,0.0,0.0,1,26,0.0,0.0,1,26,0.0,0.0,1,26,0.0,0.0,1,26,1.0,1.0,1,26,0.0,0.0,1,26,0.0,0.0,1,26,0.0,0.0,6,21,-0.0,-0.0,1,23,5.7504,13.5875,13,1,2.0,1.5,2,8,lane_R,0.0,0.0,2,20,lane_R,1.0,1.0,0.0,0.0,2,25,0.0,0.0,1,26,1.0,0.5,1,8,0.0,0.0,1,26,0.0,0.0,1,26,0.0,0.0,1,26,0.0,0.0,1,26,1.0,1.0,1,26,0.0,0.0,1,26,0.0,0.0,1,26,0.0,0.0,3,24,0.0,0.0,1,26,5.7504,13.5875,13,1,2.0,1.5,1,8,centre,0.0,0.0,2,25,lane_R,1.0,1.0
020YPYP8J9PV,881,44.1,1,tesla,tesla,building,10.0,20.0,royal_hogs,5.09,royal_hogs,7,0.0,0.0,26,0.0,0.0,6,21,-0.0,-0.0,1,21,0.9951,0.5,9,0,0.0,0.0,1,26,0.0,0.0,1,26,0.0,0.0,1,26,0.0,0.0,1,26,1.0,1.0,1,26,0.0,0.0,1,26,0.0,0.0,1,26,0.0,0.0,6,21,-0.0,-0.0,1,22,5.118,13.7379,16,0,1.9951,1.5,12,0,g15_18,0.0,0.0,5,20,g15_18,1.0,1.0,0.0,0.0,4,23,0.0,0.0,1,26,0.9951,0.5,9,0,0.0,0.0,1,26,0.0,0.0,1,26,0.0,0.0,1,26,0.0,0.0,1,26,1.0,1.0,1,26,0.0,0.0,1,26,0.0,0.0,1,26,0.0,0.0,4,23,0.0,0.0,1,26,5.118,13.7379,16,0,1.9951,1.5,9,0,centre,0.0,0.0,4,23,g15_18,1.0,1.0
020YPYP8J9PV,1008,50.4,1,x-bow,x_bow,building,2.5,19.5,royal_hogs,12.14,royal_hogs,1,0.0,0.0,26,0.0,0.0,1,26,-0.0,-0.0,1,24,0.5,0.5,11,16,0.0,0.0,1,26,0.0,0.0,1,26,0.0,0.0,1,26,0.0,0.0,1,26,0.0,0.0,1,26,0.9616,1.0,9,0,0.0,0.0,1,26,0.0,0.0,1,26,-0.0,-0.0,1,25,12.1433,13.4117,5,0,1.4616,1.5,9,0,g9_18,0.9616,1.0,9,0,corner,0.0,0.0,0.0,0.0,1,26,0.0,0.0,1,26,0.5,0.5,11,16,0.0,0.0,1,26,0.0,0.0,1,26,0.0,0.0,1,26,0.0,0.0,1,26,0.0,0.0,1,26,0.9616,1.0,9,0,0.0,0.0,1,26,0.0,0.0,1,26,0.0,0.0,1,26,12.1433,13.4117,5,0,1.4616,1.5,9,0,g9_18,0.9616,1.0,9,0,corner,0.0,0.0
020YPYP8J9PV,2332,116.6,1,tesla,tesla,building,11.0,18.0,royal_hogs,4.28,royal_hogs,6,0.0,0.0,26,1.0,0.0,1,0,-0.0,-0.0,1,20,0.5,0.5,9,17,0.0,0.0,1,26,0.0,0.0,1,26,0.0,0.0,1,26,0.0,0.0,1,26,1.0,1.0,1,26,0.0,0.0,1,26,0.0,0.0,1,26,1.0,0.0,1,2,-0.0,-0.0,1,23,4.32,13.5659,19,0,2.5,1.5,1,0,lane_R,0.75,0.0,1,0,lane_R,1.0,1.0,1.0,0.0,1,0,0.0,0.0,1,26,0.5,0.5,9,17,0.0,0.0,1,26,0.0,0.0,1,26,0.0,0.0,1,26,0.0,0.0,1,26,1.0,1.0,1,26,0.0,0.0,1,26,0.0,0.0,1,26,1.0,0.0,1,1,0.0,0.0,1,26,4.32,13.5659,19,0,2.5,1.5,1,0,centre,0.75,0.0,1,0,lane_R,1.0,1.0
020YPYP8J9PV,2537,126.9,1,x-bow,x_bow,building,15.5,19.5,archer_queen,1.23,archer_queen,1,0.0,0.0,26,0.0,0.0,3,24,0.0,0.0,1,26,0.5,0.5,11,16,0.0,0.0,1,26,0.0,0.0,1,26,0.0,0.0,1,26,0.0,0.0,1,26,0.0,0.0,1,26,0.9616,0.0,5,0,0.0,0.0,1,26,0.0,0.0,4,23,0.0,0.0,1,26,1.0292,11.7307,22,0,1.4616,0.5,5,0,g9_18,0.9616,0.0,5,0,bow_modal_R,0.0,0.0,0.0,0.0,5,22,0.0,0.0,1,26,0.5,0.5,11,16,0.0,0.0,1,26,0.0,0.0,1,26,0.0,0.0,1,26,0.0,0.0,1,26,0.9393,0.9393,1,26,0.9616,1.0,9,0,0.0,0.0,1,26,0.0,0.0,6,21,0.0,0.0,1,26,1.0292,11.7307,22,0,2.4009,2.4393,10,0,g9_18,0.9616,1.0,10,0,corner,0.9393,0.9393
020YPYP8J9PV,3124,156.2,1,x-bow,x_bow,building,2.5,19.5,archer_queen,17.57,archer_queen,1,0.0,0.0,26,0.0,0.0,4,23,0.0,0.0,1,26,0.5,0.5,11,16,0.0,0.0,1,26,0.0,0.0,1,26,0.0,0.0,1,26,0.0,0.0,1,26,0.0,0.0,1,26,0.9616,1.0,9,0,0.0,0.0,1,26,0.0,0.0,1,26,0.0,0.0,1,26,11.4,12.4,5,0,1.4616,1.5,9,0,g9_18,0.9616,1.0,9,0,corner,0.0,0.0,0.0,0.0,5,22,0.0,0.0,1,26,0.5,0.5,11,16,0.0,0.0,1,26,0.0,0.0,1,26,0.0,0.0,1,26,0.0,0.0,1,26,0.0,0.0,1,26,0.9616,1.0,9,0,0.0,0.0,1,26,0.0,0.0,1,26,0.0,0.0,1,26,11.4,12.4,5,0,1.4616,1.5,11,0,g9_18,0.9616,1.0,11,0,corner,0.0,0.0
020YPYP8J9PV,3551,177.6,1,tesla,tesla,building,9.0,19.0,archer_queen,5.52,archer_queen,2,0.0,0.0,26,0.1426,0.0,4,0,0.0,0.0,1,26,0.9902,0.5,9,0,0.0,0.0,1,26,0.0,0.0,1,26,0.0,0.0,1,26,0.0,0.0,1,26,0.3905,0.3905,1,26,0.0,0.0,1,26,0.0,0.0,1,26,0.1604,0.0,4,0,0.0,0.0,1,26,4.2851,11.5265,22,0,1.5233,0.8905,3,0,g9_22,0.1419,0.0,4,0,g9_22,0.3905,0.3905,1.0,0.0,1,3,0.0,0.0,1,26,0.9902,0.5,9,0,0.0,0.0,1,26,0.0,0.0,1,26,0.0,0.0,1,26,0.0,0.0,1,26,0.3905,0.3905,1,26,0.0,0.0,1,26,0.0,0.0,1,26,0.2639,0.0,7,0,0.0,0.0,1,26,4.2851,11.5265,22,0,2.3807,0.8905,2,0,tesla_modal,0.9951,0.0,2,0,tesla_modal,0.3905,0.3905
020YPYQ0RRY0,817,40.9,1,tesla,tesla,building,9.0,22.0,witch,6.44,witch,6,0.0,0.0,26,0.0,0.0,1,26,0.0,0.0,1,26,1.0,0.5,1,8,0.0,0.0,1,26,0.0,0.0,1,26,0.0,0.0,1,26,0.0,0.0,1,26,1.0,1.0,1,26,0.0,0.0,1,26,0.0,0.0,1,26,0.0,0.0,1,26,0.0,0.0,1,26,5.2674,0.9415,16,1,2.0,1.5,1,8,centre,0.0,0.0,1,26,corner,1.0,1.0,0.0,0.0,1,26,0.0,0.0,1,26,1.0,0.5,1,8,0.0,0.0,1,26,0.0,0.0,1,26,0.0,0.0,1,26,0.0,0.0,1,26,1.0,1.0,1,26,0.0,0.0,1,26,0.0,0.0,1,26,0.0,0.0,1,26,0.0,0.0,1,26,5.2674,0.9415,16,1,2.0,1.5,1,8,centre,0.0,0.0,1,26,corner,1.0,1.0
020YPYQ22GY2,698,34.9,1,x-bow,x_bow,building,8.5,22.5,knight,11.64,knight,2,0.0,0.0,26,0.0,0.0,6,21,-0.0,-0.0,1,26,1.0,0.5,1,8,0.0,0.0,1,26,0.0,0.0,1,26,0.0,0.0,1,26,0.0,0.0,1,26,0.0,0.0,1,26,0.0,1.0,9,18,0.0,0.0,1,26,0.0,0.0,3,24,-0.0,-0.0,1,26,9.9006,12.713,19,0,1.0,1.5,10,8,bow_modal_R,0.0,1.0,10,17,corner,0.0,0.0,0.0,0.0,6,21,-0.0,-0.0,1,26,1.0,0.5,1,8,0.0,0.0,1,26,0.0,0.0,1,26,0.0,0.0,1,26,0.0,0.0,1,26,0.0,0.0,1,26,0.0,1.0,9,18,0.0,0.0,1,26,0.0,0.0,2,25,-0.0,-0.0,1,26,9.9006,12.713,19,0,1.0,1.5,9,8,bow_modal_R,0.0,1.0,10,17,corner,0.0,0.0
020YPYQ22GY2,949,47.5,1,tesla,tesla,building,9.0,18.0,knight,1.79,knight,2,0.0,0.0,26,0.6885,0.0,7,1,-0.2832,-0.0,22,1,0.4663,0.5,26,1,0.0,0.0,1,26,0.0,0.0,1,26,0.0,0.0,1,26,0.0,0.0,1,26,1.0,1.0,1,26,0.0,0.0,1,26,0.0,0.0,1,26,0.7965,0.0,11,1,-0.185,-0.0,26,1,1.577,7.5623,22,1,1.8717,1.5,11,1,knight_cell,0.2216,0.0,8,1,knight_cell,1.0,1.0,0.7052,0.0,7,1,-0.2721,-0.0,22,1,0.4663,0.5,26,1,0.0,0.0,1,26,0.0,0.0,1,26,0.0,0.0,1,26,0.0,0.0,1,26,1.0,1.0,1,26,0.0,0.0,1,26,0.0,0.0,1,26,0.8131,0.0,11,1,-0.1725,-0.0,26,1,1.577,7.5623,22,1,1.8994,1.5,11,1,knight_cell,0.2449,0.0,8,1,knight_cell,1.0,1.0
020YPYQ22GY2,1534,78.5,1,tesla,tesla,building,9.0,19.0,electro_giant,4.8,electro_giant,1,0.0,0.0,26,0.0,0.0,5,22,-0.0,-0.0,1,20,0.9902,0.5,9,0,0.0,0.0,1,26,0.0,0.0,1,26,0.0,0.0,1,26,0.0,0.0,1,26,1.0,1.0,1,26,0.0,0.0,1,26,0.0,0.0,1,26,0.0,0.0,6,21,-0.0,-0.0,1,21,5.0486,12.5583,14,0,1.9902,1.5,10,0,corner_R,0.0,0.0,3,20,corner_R,1.0,1.0,0.0,0.0,2,25,0.0,0.0,1,26,0.9902,0.5,9,0,0.0,0.0,1,26,0.0,0.0,1,26,0.0,0.0,1,26,0.0,0.0,1,26,1.0,1.0,1,26,0.0,0.0,1,26,0.0,0.0,1,26,0.0,0.0,3,24,0.0,0.0,1,26,5.0486,12.5583,14,0,1.9902,1.5,9,0,centre,0.0,0.0,2,25,corner_R,1.0,1.0
020YPYQ22GY2,2189,109.5,1,x-bow,x_bow,building,2.5,19.5,baby_dragon,10.71,baby_dragon,2,0.0,0.0,26,0.0,0.0,9,18,0.0,0.0,1,26,0.5,0.5,1,16,0.0,0.0,1,26,0.0,0.0,1,26,0.0,0.0,1,26,0.0,0.0,1,26,0.0,0.0,1,26,0.9616,1.0,9,0,0.0,0.0,1,26,0.0,0.0,9,18,0.0,0.0,1,26,9.1283,10.291,6,0,1.4616,1.5,6,0,corner,0.9616,1.0,9,0,corner,0.0,0.0,0.0,0.0,9,18,0.0,0.0,1,26,0.5,0.5,1,16,0.0,0.0,1,26,0.0,0.0,1,26,0.0,0.0,1,26,0.0,0.0,1,26,0.0,0.0,1,26,0.9616,1.0,9,0,0.0,0.0,1,26,0.0,0.0,10,17,0.0,0.0,1,26,9.1283,10.291,6,0,1.4616,1.5,7,0,g15_18,0.9616,1.0,9,0,corner,0.0,0.0
020YPYQ22GY2,2596,129.8,1,tesla,tesla,building,9.0,23.0,electro_giant,6.03,electro_giant,3,0.0,0.0,26,0.0,0.9238,9,18,-0.0,-0.0693,1,19,0.5,0.5,1,16,0.0,0.0,1,26,0.0,0.0,1,26,0.0,0.0,1,26,0.0,0.0,1,26,1.0,1.0,1,26,0.0,0.0,1,26,0.0,0.0,1,26,0.0,0.9362,10,17,-0.0,-0.058,1,21,4.785,2.0475,15,0,1.5,2.3545,7,7,tesla_modal,0.0,0.6235,7,16,tesla_modal,1.0,1.0,0.0,0.3455,7,20,0.0,0.0,1,26,0.5,0.5,1,16,0.0,0.0,1,26,0.0,0.0,1,26,0.0,0.0,1,26,0.0,0.0,1,26,1.0,1.0,1,26,0.0,0.0,1,26,0.0,0.0,1,26,0.0,0.358,9,18,0.0,0.0,1,26,4.785,2.0475,15,0,1.5,1.8455,7,11,tesla_modal,0.0,0.2592,7,20,tesla_modal,1.0,1.0
020YPYQ22GY2,3041,152.1,1,x-bow,x_bow,building,12.5,22.5,knight,15.22,knight,2,0.0,0.0,26,0.0,0.6,8,19,-0.0,-0.3636,1,19,0.2044,0.5,18,0,0.0,0.0,1,26,0.0,0.0,1,26,0.0,0.0,1,26,0.0,0.0,1,26,0.0,0.0,1,26,0.0,1.0,9,18,0.0,0.0,1,26,0.0,0.0,2,25,-0.0,-0.0,1,26,8.4,1.4,10,0,0.2044,1.7364,18,0,g9_18,0.0,0.7,11,13,bow_modal_R,0.0,0.0,0.0,0.6167,8,19,-0.0,-0.3538,1,19,0.2044,0.5,18,0,0.0,0.0,1,26,0.0,0.0,1,26,0.0,0.0,1,26,0.0,0.0,1,26,0.0,0.0,1,26,0.0,1.0,9,18,0.0,0.0,1,26,0.0,0.0,2,25,-0.0,-0.0,1,26,8.4,1.4,10,0,0.2044,1.7628,18,0,g9_18,0.0,0.7,11,13,bow_modal_R,0.0,0.0
020YPYQ22GY2,3321,166.5,1,tesla,tesla,building,9.0,18.0,knight,5.56,knight,4,0.0,0.0,26,0.0,0.0,3,24,-0.0,-1.0,1,21,0.2332,0.5,17,1,0.0,0.0,1,26,0.0,0.0,1,26,0.0,0.0,1,26,0.0,0.0,1,26,1.0,1.0,1,26,0.0,0.0,1,26,0.0,0.0,1,26,0.0,0.3877,6,21,-0.0,-0.5566,1,21,5.5572,0.0,20,1,1.2332,0.5,13,1,g3_22,0.0,-0.3,3,20,g3_22,1.0,1.0,0.0,0.0,3,24,-0.0,-1.0,1,21,0.2332,0.5,17,1,0.0,0.0,1,26,0.0,0.0,1,26,0.0,0.0,1,26,0.0,0.0,1,26,1.0,1.0,1,26,0.0,0.0,1,26,0.0,0.0,1,26,0.0,0.4044,6,21,-0.0,-0.5498,1,21,5.5572,0.0,20,1,1.2332,0.5,13,1,g3_22,0.0,-0.3,3,20,g3_22,1.0,1.0
020YPYYQQ8V8,734,36.7,1,tesla,tesla,building,9.0,22.0,royal_giant,8.17,royal_giant,2,0.0,0.0,26,0.5,0.0,1,3,0.0,0.0,1,26,1.0,0.5,1,8,0.0,0.0,1,26,0.0,0.0,1,26,0.0,0.0,1,26,0.0,0.0,1,26,0.5899,0.5899,1,26,0.0,0.0,1,26,0.0,0.0,1,26,0.5121,0.0,4,1,0.0,0.0,1,26,5.0,1.5,15,3,2.0899,1.0899,1,2,tesla_modal,0.5,0.0,1,2,tesla_modal,0.5899,0.5899,1.0,0.0718,1,3,0.0,0.0,1,26,1.0,0.5,1,8,0.0,0.0,1,26,0.0,0.0,1,26,0.0,0.0,1,26,0.0,0.0,1,26,0.5899,0.5899,1,26,0.0,0.0,1,26,0.0,0.0,1,26,0.3525,1.0,9,1,0.0,0.0,1,26,5.0,1.5,15,3,2.5899,1.1617,1,2,tesla_modal,1.0,0.0538,1,2,tesla_modal,0.5899,0.5899
020YPYYQQ8V8,1106,56.0,1,x-bow,x_bow,building,15.5,19.5,ice_wizard,13.1,ice_wizard,1,0.0,0.0,26,0.0,0.0,1,26,0.0,0.0,1,26,0.5,0.5,11,16,0.0,0.0,1,26,0.0,0.0,1,26,0.0,0.0,1,26,0.0,0.0,1,26,0.0,0.0,1,26,0.9616,1.0,9,0,0.0,0.0,1,26,0.0,0.0,1,26,0.0,0.0,1,26,13.0015,8.9017,14,0,1.4616,1.5,9,0,g9_18,0.9616,1.0,9,0,corner,0.0,0.0,0.0,0.0,1,26,0.0,0.0,1,26,0.5,0.5,11,16,0.0,0.0,1,26,0.0,0.0,1,26,0.0,0.0,1,26,0.0,0.0,1,26,0.0,0.0,1,26,0.9616,1.0,9,0,0.0,0.0,1,26,0.0,0.0,1,26,0.0,0.0,1,26,13.0015,8.9017,14,0,1.4616,1.5,9,0,g9_18,0.9616,1.0,9,0,corner,0.0,0.0
020YPYYQQ8V8,2472,123.6,1,x-bow,x_bow,building,12.5,21.5,electro_wizard,9.99,electro_wizard,2,0.0,0.0,26,0.0,0.0,4,23,0.0,0.0,1,26,0.5837,0.5,9,0,0.0,0.0,1,26,0.0,0.0,1,26,0.0,0.0,1,26,0.0,0.0,1,26,1.0,1.0,1,26,0.0,1.0,9,18,0.0,0.0,1,26,0.0,0.1572,6,21,0.0,0.0,1,26,8.4,1.4,10,0,1.5837,2.5,17,0,g9_18,0.0,1.0,11,16,corner,1.0,1.0,0.0,0.0,4,23,0.0,0.0,1,26,0.5837,0.5,9,0,0.0,0.0,1,26,0.0,0.0,1,26,0.0,0.0,1,26,0.0,0.0,1,26,1.0,1.0,1,26,0.0,1.0,9,18,0.0,0.0,1,26,0.0,1.0,8,19,0.0,0.0,1,26,8.4,1.4,10,0,1.5837,2.5,17,0,g9_18,0.0,1.0,11,16,corner,1.0,1.0
020YPYYQQ8V8,2788,139.4,1,tesla,tesla,building,9.0,21.0,skeleton_army,3.98,skeleton_army,5,0.0,0.0,26,0.0,1.0,7,20,-0.0,-0.0,1,23,1.0,0.5,1,8,0.0,0.0,1,26,0.0,0.0,1,26,0.0,0.0,1,26,0.0,0.0,1,26,1.0,1.0,1,26,0.0,0.0,1,26,0.0,0.0,1,26,0.0,1.0,7,20,-0.0,-0.0,1,25,3.9815,3.1585,19,1,2.0,2.5,5,8,corner,0.0,0.75,6,19,corner,1.0,1.0,0.0,1.0,6,21,-0.0,-0.0,1,23,1.0,0.5,1,8,0.0,0.0,1,26,0.0,0.0,1,26,0.0,0.0,1,26,0.0,0.0,1,26,1.0,1.0,1,26,0.0,0.0,1,26,0.0,0.0,1,26,0.0,1.0,6,21,-0.0,-0.0,1,24,3.9815,3.1585,19,1,2.0,2.5,5,8,corner,0.0,0.75,5,19,corner,1.0,1.0
020YPYYQQ8V8,2946,147.3,1,x-bow,x_bow,building,12.5,22.5,ice_wizard,11.06,ice_wizard,3,0.0,0.0,26,0.0,0.0,1,26,0.0,0.0,1,26,0.7044,0.5,9,0,0.0,0.0,1,26,0.0,0.0,1,26,0.0,0.0,1,26,0.0,0.0,1,26,0.0,0.0,1,26,0.0,1.0,9,18,0.0,0.0,1,26,0.0,0.0,4,23,0.0,0.0,1,26,6.9898,1.5799,15,0,0.7044,1.5,17,0,g9_18,0.0,1.0,9,18,corner,0.0,0.0,0.0,0.0,3,24,0.0,0.0,1,26,0.7044,0.5,9,0,0.0,0.0,1,26,0.0,0.0,1,26,0.0,0.0,1,26,0.0,0.0,1,26,0.0,0.0,1,26,0.0,1.0,9,18,0.0,0.0,1,26,0.0,0.0,5,22,0.0,0.0,1,26,6.9898,1.5799,15,0,0.7044,1.5,18,0,g9_18,0.0,1.0,11,16,corner,0.0,0.0
020YPYYQQ8V8,3369,168.5,1,tesla,tesla,building,9.0,18.0,royal_giant,5.85,royal_giant,2,0.0,0.0,26,0.5,0.0,1,3,0.0,0.0,1,26,0.4663,0.5,26,1,0.0,0.0,1,26,0.0,0.0,1,26,0.0,0.0,1,26,0.0,0.0,1,26,0.6599,0.6599,1,26,0.0,0.0,1,26,0.0,0.0,1,26,1.0,0.0,1,2,0.0,0.0,1,26,5.0,1.5,15,3,1.6262,1.1599,9,1,tesla_modal,0.3666,0.0,3,1,tesla_modal,0.6599,0.6599,1.0,0.0718,1,3,0.0,0.0,1,26,0.4663,0.5,26,1,0.0,0.0,1,26,0.0,0.0,1,26,0.0,0.0,1,26,0.0,0.0,1,26,0.6599,0.6599,1,26,0.0,0.0,1,26,0.0,0.0,1,26,1.0,1.0,1,5,0.0,0.0,1,26,5.0,1.5,15,3,2.1262,1.2316,3,1,tesla_modal,0.7332,0.0538,3,1,tesla_modal,0.6599,0.6599
020YPYYQQ8V8,3848,192.4,1,x-bow,x_bow,building,12.5,22.5,ice_wizard,11.96,ice_wizard,1,0.0,0.0,26,0.0,0.0,4,23,0.0,0.0,1,26,0.7044,0.5,9,0,0.0,0.0,1,26,0.0,0.0,1,26,0.0,0.0,1,26,0.0,0.0,1,26,0.0,0.0,1,26,0.0,1.0,9,18,0.0,0.0,1,26,0.0,0.0,1,26,0.0,0.0,1,26,9.4,2.6016,14,0,0.7044,1.5,18,0,tesla_modal,0.0,1.0,12,15,corner,0.0,0.0,0.0,0.0,6,21,0.0,0.0,1,26,0.7044,0.5,9,0,0.0,0.0,1,26,0.0,0.0,1,26,0.0,0.0,1,26,0.0,0.0,1,26,0.0,0.0,1,26,0.0,1.0,9,18,0.0,0.0,1,26,0.0,0.0,2,25,0.0,0.0,1,26,9.4,2.6016,14,0,0.7044,1.5,18,0,tesla_modal,0.0,1.0,13,14,corner,0.0,0.0
020YPYYR8Q0P,625,31.3,1,tesla,tesla,building,9.0,18.0,magic_archer,11.76,magic_archer,1,0.0,0.0,26,0.0,0.0,1,26,0.0,0.0,1,26,0.4663,0.5,26,1,0.0,0.0,1,26,0.0,0.0,1,26,0.0,0.0,1,26,0.0,0.0,1,26,0.0,0.0,1,26,0.0,0.0,1,26,0.0,0.0,1,26,0.0,0.0,1,26,0.0,0.0,1,26,5.0,1.5,15,3,0.4663,0.5,26,1,centre,0.0,0.0,1,26,corner,0.0,0.0,0.8292,0.0,1,3,0.0,0.0,1,26,0.4663,0.5,26,1,0.0,0.0,1,26,0.0,0.0,1,26,0.0,0.0,1,26,0.0,0.0,1,26,0.0,0.0,1,26,0.0,0.0,1,26,0.0,0.0,1,26,0.0,0.0,1,26,0.0,0.0,1,26,5.0,1.5,15,3,1.2955,0.5,3,1,tesla_modal,0.6079,0.0,3,1,tesla_modal,0.0,0.0
020YPYYR8Q0P,1441,72.1,1,tesla,tesla,building,9.0,18.0,royal_ghost,5.38,royal_ghost,2,0.0,0.0,26,1.0,0.0,1,3,-0.0,-0.0,1,20,0.4663,0.5,26,1,0.0,0.0,1,26,0.0,0.0,1,26,0.0,0.0,1,26,0.0,0.0,1,26,1.0,1.0,1,26,0.0,0.0,1,26,0.0,0.0,1,26,1.0,0.0,1,3,-0.0,-0.0,1,23,5.225,12.7064,13,1,2.4663,1.5,3,1,tesla_modal,0.7332,0.0,3,1,tesla_modal,1.0,1.0,0.9417,0.0,1,1,0.0,0.0,1,26,0.4663,0.5,26,1,0.0,0.0,1,26,0.0,0.0,1,26,0.0,0.0,1,26,0.0,0.0,1,26,1.0,1.0,1,26,0.0,0.0,1,26,0.0,0.0,1,26,1.0,0.0,1,1,0.0,0.0,1,26,5.225,12.7064,13,1,2.408,1.5,3,1,tesla_modal,0.6904,0.0,3,1,tesla_modal,1.0,1.0
020YPYYR8Q0P,1545,77.3,1,x-bow,x_bow,building,13.5,19.5,,0.0,,0,0.0,0.0,26,0.0,0.0,1,26,0.0,0.0,1,26,0.5,0.5,11,16,0.0,0.0,1,26,0.0,0.0,1,26,0.0,0.0,1,26,0.0,0.0,1,26,0.0,0.0,1,26,0.9616,1.0,9,0,0.0,0.0,1,26,0.0,0.0,1,26,0.0,0.0,1,26,0.0,0.0,1,26,1.4616,1.5,9,0,g9_18,0.9616,1.0,9,0,corner,0.0,0.0,0.0,0.0,1,26,0.0,0.0,1,26,0.5,0.5,11,16,0.0,0.0,1,26,0.0,0.0,1,26,0.0,0.0,1,26,0.0,0.0,1,26,0.0,0.0,1,26,0.9616,1.0,9,0,0.0,0.0,1,26,0.0,0.0,1,26,0.0,0.0,1,26,0.0,0.0,1,26,1.4616,1.5,9,0,g9_18,0.9616,1.0,9,0,corner,0.0,0.0
020YPYYR8Q0P,2293,114.7,1,tesla,tesla,building,13.0,23.0,royal_ghost,6.71,royal_ghost,3,0.0,0.0,26,0.4,0.0,5,0,-0.5455,-0.0,22,0,0.5589,0.5,9,0,0.0,0.0,1,26,0.0,0.0,1,26,0.0,0.0,1,26,0.0,0.0,1,26,1.0,1.0,1,26,0.0,0.0,1,26,0.0,0.0,1,26,0.3455,0.0,7,0,-0.0,-0.0,1,25,1.0,12.5,22,0,1.4134,1.5,22,0,tesla_modal,0.0118,0.0,5,0,tesla_modal,1.0,1.0,0.0,0.0,4,23,0.0,0.0,1,26,0.5589,0.5,9,0,0.0,0.0,1,26,0.0,0.0,1,26,0.0,0.0,1,26,0.0,0.0,1,26,1.0,1.0,1,26,0.0,0.0,1,26,0.0,0.0,1,26,0.5435,0.0,3,0,0.0,0.0,1,26,1.0,12.5,22,0,1.5589,1.5,10,0,tesla_modal,0.0,0.0,4,23,tesla_modal,1.0,1.0
020YPYYR8Q0P,2601,130.1,1,x-bow,x_bow,building,2.5,19.5,,0.0,,0,0.0,0.0,26,0.0,0.0,1,26,0.0,0.0,1,26,0.5,0.5,11,16,0.0,0.0,1,26,0.0,0.0,1,26,0.0,0.0,1,26,0.0,0.0,1,26,0.0,0.0,1,26,0.9616,1.0,9,0,0.0,0.0,1,26,0.0,0.0,1,26,0.0,0.0,1,26,0.0,0.0,1,26,1.4616,1.5,9,0,g9_18,0.9616,1.0,9,0,corner,0.0,0.0,0.0,0.0,1,26,0.0,0.0,1,26,0.5,0.5,11,16,0.0,0.0,1,26,0.0,0.0,1,26,0.0,0.0,1,26,0.0,0.0,1,26,0.0,0.0,1,26,0.9616,1.0,9,0,0.0,0.0,1,26,0.0,0.0,1,26,0.0,0.0,1,26,0.0,0.0,1,26,1.4616,1.5,9,0,g9_18,0.9616,1.0,9,0,corner,0.0,0.0
020YPYYR8Q0P,2936,146.8,1,tesla,tesla,building,13.0,23.0,giant_skeleton,9.95,giant_skeleton,4,0.0,0.0,26,0.0,0.522,9,18,-0.0,-0.5311,1,21,0.5589,0.5,9,0,0.0,0.0,1,26,0.0,0.0,1,26,0.0,0.0,1,26,0.0,0.0,1,26,1.0,1.0,1,26,0.0,0.0,1,26,0.0,0.0,1,26,0.0,0.8737,9,18,-0.0,-0.1403,1,22,10.4481,0.844,11,0,1.5589,1.4909,13,0,tesla_modal,0.0,0.0915,7,18,g3_22,1.0,1.0,0.0,0.3387,8,19,-0.0,-0.6104,1,20,0.5589,0.5,9,0,0.0,0.0,1,26,0.0,0.0,1,26,0.0,0.0,1,26,0.0,0.0,1,26,1.0,1.0,1,26,0.0,0.0,1,26,0.0,0.0,1,26,0.0,0.6904,8,19,-0.0,-0.2858,1,22,10.4481,0.844,11,0,1.5589,1.2282,12,0,tesla_modal,0.0,-0.046,6,18,g9_18,1.0,1.0
020YPYYR8Q0P,3361,168.1,1,tesla,tesla,building,17.0,23.0,royal_ghost,8.66,royal_ghost,3,0.0,0.0,26,1.0,0.0,1,6,-0.0,-0.0,1,17,0.0,0.5,18,9,0.0,0.0,1,26,0.0,0.0,1,26,0.0,0.0,1,26,0.0,0.0,1,26,0.5078,0.5078,1,26,0.0,0.0,1,26,0.0,0.0,1,26,0.0,0.0,7,20,-0.0,-0.0,1,26,4.5299,10.4985,10,0,1.5078,1.0078,5,3,tesla_modal,0.5,0.0,5,3,tesla_modal,0.5078,0.5078,0.5941,0.0,1,0,0.0,0.0,1,26,0.0,0.5,18,9,0.0,0.0,1,26,0.0,0.0,1,26,0.0,0.0,1,26,0.0,0.0,1,26,0.5078,0.5078,1,26,0.0,0.0,1,26,0.0,0.0,1,26,0.0,0.0,7,20,0.0,0.0,1,26,4.5299,10.4985,10,0,1.1019,1.0078,2,0,lane,0.2971,0.0,2,0,lane,0.5078,0.5078
020YPYYVJR0V,575,28.8,1,x-bow,x_bow,building,15.5,19.5,skeleton_king,3.11,skeleton_king,2,0.0,0.0,26,1.0,0.0,1,7,-0.0,-0.0,1,20,0.0,0.5,19,8,0.0,0.0,1,26,0.0,0.0,1,26,0.0,0.0,1,26,0.0,0.0,1,26,0.0,0.0,1,26,0.9616,1.0,9,0,0.0,0.0,1,26,1.0,0.0,1,10,-0.0,-0.0,1,24,3.5105,9.0081,17,0,1.9616,1.5,5,0,g9_18,1.0,1.0,1,8,corner,0.0,0.0,1.0,0.0,1,7,-0.0,-0.0,1,20,0.0,0.5,19,8,0.0,0.0,1,26,0.0,0.0,1,26,0.0,0.0,1,26,0.0,0.0,1,26,0.0,0.0,1,26,0.9616,1.0,9,0,0.0,0.0,1,26,1.0,0.0,1,10,-0.0,-0.0,1,24,3.5105,9.0081,17,0,1.9616,1.5,5,0,g9_18,1.0,1.0,1,8,corner,0.0,0.0
020YPYYVJR0V,1181,59.1,1,x-bow,x_bow,building,15.5,19.5,elixir_golemite,8.52,elixir_golemite,12,0.0,0.0,26,0.0,0.0,1,26,-0.0,-0.0,1,23,0.0,0.5,19,8,0.0,0.0,1,26,0.0,0.0,1,26,0.0,0.0,1,26,0.0,0.0,1,26,0.0,0.0,1,26,0.9616,1.0,9,0,0.0,0.0,1,26,0.0,0.0,1,26,-0.0,-0.0,1,25,8.4186,11.5013,8,0,0.9616,1.5,9,0,corner,0.9616,1.0,9,0,corner,0.0,0.0,0.0,0.0,1,26,-0.0,-0.0,1,23,0.0,0.5,19,8,0.0,0.0,1,26,0.0,0.0,1,26,0.0,0.0,1,26,0.0,0.0,1,26,0.0,0.0,1,26,0.9616,1.0,9,0,0.0,0.0,1,26,0.0,0.0,1,26,-0.0,-0.0,1,25,8.4186,11.5013,8,0,0.9616,1.5,9,0,corner,0.9616,1.0,9,0,corner,0.0,0.0
022YYL8R2GG0,634,31.7,1,tesla,tesla,building,9.0,18.0,,0.0,,1,0.0,0.0,26,0.0,0.0,1,26,0.0,0.0,1,26,0.2332,0.0,18,1,0.0,0.0,1,26,0.0,0.0,1,26,0.0,0.0,1,26,0.0,0.0,1,26,0.0,0.0,1,26,0.0,0.0,1,26,0.0,0.0,1,26,0.0,0.0,1,26,0.0,0.0,1,26,0.0,0.0,1,26,0.2332,0.0,18,1,centre,0.0,0.0,1,26,corner,0.0,0.0,0.0,0.0,1,26,0.0,0.0,1,26,0.2332,0.0,18,1,0.0,0.0,1,26,0.0,0.0,1,26,0.0,0.0,1,26,0.0,0.0,1,26,0.0,0.0,1,26,0.0,0.0,1,26,0.0,0.0,1,26,0.0,0.0,1,26,0.0,0.0,1,26,0.0,0.0,1,26,0.2332,0.0,18,1,centre,0.0,0.0,1,26,corner,0.0,0.0
022YYL8R2GG0,751,37.6,1,x-bow,x_bow,building,4.5,19.5,lava_hound,15.69,lava_hound,2,0.0,0.0,26,0.0,0.5333,11,16,0.0,0.0,1,26,0.0,0.0,19,8,0.0,0.0,1,26,0.0,0.0,1,26,0.0,0.0,1,26,0.0,0.0,1,26,0.0,0.0,1,26,0.9616,1.0,9,0,0.0,0.0,1,26,0.0,0.0,1,26,0.0,0.0,1,26,0.9804,3.5665,24,0,0.9616,1.5333,12,0,corner,0.9616,1.0,9,0,corner,0.0,0.0,0.0,1.0,16,11,0.0,0.0,1,26,0.0,0.0,19,8,0.0,0.0,1,26,0.0,0.0,1,26,0.0,0.0,1,26,0.0,0.0,1,26,0.0,0.0,1,26,0.9616,1.0,9,0,0.0,0.0,1,26,0.0,0.0,1,26,0.0,0.0,1,26,0.9804,3.5665,24,0,0.9616,2.0,14,0,bow_modal_R,0.9616,1.0,9,0,corner,0.0,0.0
022YYL8R2GG0,1445,72.3,1,tesla,tesla,building,9.0,22.0,lava_hound,2.44,lava_hound,22,0.0,0.0,26,0.0,1.0,9,18,0.0,0.0,1,26,0.5,0.0,1,17,0.0,0.0,1,26,0.0,0.0,1,26,0.0,0.0,1,26,0.0,0.0,1,26,1.0,1.0,1,26,0.0,0.0,1,26,0.0,0.0,1,26,0.0962,1.0,12,1,0.0,0.0,1,26,1.9231,4.601,20,1,1.5,2.0,8,16,knight_cell,0.0,0.5,9,18,corner,1.0,1.0,0.2833,1.0,10,1,0.0,0.0,1,26,0.5,0.0,1,17,0.0,0.0,1,26,0.0,0.0,1,26,0.0,0.0,1,26,0.0,0.0,1,26,1.0,1.0,1,26,0.0,0.0,1,26,0.0,0.0,1,26,0.668,1.0,12,1,0.0,0.0,1,26,1.9231,4.601,20,1,1.7833,2.0,9,1,knight_cell,0.2125,0.5,10,1,knight_cell,1.0,1.0
022YYL8YCYC8,661,33.1,1,tesla,tesla,building,9.0,18.0,furnace,11.36,furnace,4,0.0,0.0,26,0.25,0.0,1,3,0.0,0.0,1,26,0.4663,0.5,26,1,0.0,0.0,1,26,0.0,0.0,1,26,0.0,0.0,1,26,0.0,0.0,1,26,0.0,0.0,1,26,0.0,0.0,1,26,0.0,0.0,1,26,0.0,0.0,1,26,0.0,0.0,1,26,5.0,1.5,15,3,0.7163,0.5,9,1,tesla_modal,0.1833,0.0,3,1,tesla_modal,0.0,0.0,1.0,0.0,1,3,0.0,0.0,1,26,0.4663,0.5,26,1,0.0,0.0,1,26,0.0,0.0,1,26,0.0,0.0,1,26,0.0,0.0,1,26,0.0,0.0,1,26,0.0,0.0,1,26,0.0,0.0,1,26,0.0,0.0,1,26,0.0,0.0,1,26,5.0,1.5,15,3,1.4663,0.5,3,1,tesla_modal,0.7332,0.0,3,1,tesla_modal,0.0,0.0
022YYL8YCYC8,1384,69.2,1,x-bow,x_bow,building,2.5,19.5,knight,14.27,knight,3,0.0,0.0,26,0.0,0.0,7,20,-0.0,-0.0,1,19,0.5,0.5,11,16,0.0,0.0,1,26,0.0,0.0,1,26,0.0,0.0,1,26,0.0,0.0,1,26,0.0,0.0,1,26,0.9616,1.0,9,0,0.0,0.0,1,26,0.0,0.0,1,26,-0.0,-0.0,1,26,11.4,12.4,5,0,1.4616,1.5,10,0,g9_18,0.9616,1.0,8,0,corner,0.0,0.0,0.0,0.0,7,20,-0.0,-0.0,1,19,0.5,0.5,11,16,0.0,0.0,1,26,0.0,0.0,1,26,0.0,0.0,1,26,0.0,0.0,1,26,0.0,0.0,1,26,0.9616,1.0,9,0,0.0,0.0,1,26,0.0,0.0,1,26,-0.0,-0.0,1,26,11.4,12.4,5,0,1.4616,1.5,10,0,g9_18,0.9616,1.0,8,0,corner,0.0,0.0
022YYL8YCYC8,2475,123.8,1,tesla,tesla,building,9.0,21.0,furnace,10.71,furnace,3,0.0,0.0,26,0.2323,0.1211,2,1,0.0,0.0,1,26,1.0,0.5,1,8,0.0,0.0,1,26,0.0,0.0,1,26,0.0,0.0,1,26,0.0,0.0,1,26,1.0,1.0,1,26,0.0,0.0,1,26,0.0,0.0,1,26,0.0,0.0,1,26,0.0,0.0,1,26,7.0353,4.7423,20,1,2.2323,1.6211,1,1,tesla_modal,0.2323,0.0909,2,1,lane,1.0,1.0,0.3365,1.0,7,1,0.0,0.0,1,26,1.0,0.5,1,8,0.0,0.0,1,26,0.0,0.0,1,26,0.0,0.0,1,26,0.0,0.0,1,26,1.0,1.0,1,26,0.0,0.0,1,26,0.0,0.0,1,26,0.0,0.0,1,26,0.0,0.0,1,26,7.0353,4.7423,20,1,2.3365,2.5,7,1,corner,0.3365,0.75,7,1,corner,1.0,1.0
022YYL8YCYC8,3225,161.3,1,tesla,tesla,building,15.0,23.0,furnace,11.72,furnace,3,0.0,0.0,26,0.0,0.0,1,26,0.0,0.0,1,26,0.5,0.5,9,17,0.0,0.0,1,26,0.0,0.0,1,26,0.0,0.0,1,26,0.0,0.0,1,26,1.0,1.0,1,26,0.0,0.0,1,26,0.0,0.0,1,26,0.0,0.0,1,26,0.0,0.0,1,26,11.1344,1.0677,6,0,1.5,1.5,9,17,centre,0.0,0.0,1,26,corner,1.0,1.0,0.0,0.0,1,26,0.0,0.0,1,26,0.5,0.5,9,17,0.0,0.0,1,26,0.0,0.0,1,26,0.0,0.0,1,26,0.0,0.0,1,26,1.0,1.0,1,26,0.0,0.0,1,26,0.0,0.0,1,26,0.0,0.0,3,24,0.0,0.0,1,26,11.1344,1.0677,6,0,1.5,1.5,9,17,centre,0.0,0.0,1,26,corner,1.0,1.0
022YYL8YCYC8,3434,171.7,1,x-bow,x_bow,building,6.5,22.5,furnace,13.12,furnace,2,0.0,0.0,26,0.0,0.0,5,22,0.0,0.0,1,26,1.0,0.5,1,8,0.0,0.0,1,26,0.0,0.0,1,26,0.0,0.0,1,26,0.0,0.0,1,26,0.0,0.0,1,26,0.0,1.0,9,18,0.0,0.0,1,26,0.0,0.0,1,26,0.0,0.0,1,26,8.349,4.4919,19,0,1.0,1.5,10,8,g9_18,0.0,1.0,11,16,corner,0.0,0.0,0.0,1.0,8,19,0.0,0.0,1,26,1.0,0.5,1,8,0.0,0.0,1,26,0.0,0.0,1,26,0.0,0.0,1,26,0.0,0.0,1,26,0.1546,0.1546,1,26,0.0,1.0,9,18,0.0,0.0,1,26,0.0,0.0,1,26,0.0,0.0,1,26,8.349,4.4919,19,0,1.1546,2.6546,10,8,corner,0.0,1.0,11,16,corner,0.1546,0.1546
022YYL8YCYC8,3724,186.2,1,tesla,tesla,building,9.0,21.0,furnace,6.48,furnace,4,0.0,0.0,26,0.3821,0.0,2,1,0.0,0.0,1,26,1.0,0.5,1,8,0.0,0.0,1,26,0.0,0.0,1,26,0.0,0.0,1,26,0.0,0.0,1,26,1.0,1.0,1,26,0.0,0.0,1,26,0.0,0.0,1,26,0.2613,0.0,2,1,0.0,0.0,1,26,5.2642,1.0694,15,1,2.3821,1.5,1,1,tesla_modal,0.3821,0.0,1,1,tesla_modal,1.0,1.0,1.0,0.0,1,2,0.0,0.0,1,26,1.0,0.5,1,8,0.0,0.0,1,26,0.0,0.0,1,26,0.0,0.0,1,26,0.0,0.0,1,26,1.0,1.0,1,26,0.0,0.0,1,26,0.0,0.0,1,26,0.3655,0.1757,4,1,0.0,0.0,1,26,5.2642,1.0694,15,1,3.0,1.5,1,1,tesla_modal,1.0,0.0,1,1,tesla_modal,1.0,1.0
022YYL8YCYC8,4139,207.0,1,x-bow,x_bow,building,7.5,21.5,,0.0,,2,0.0,0.0,26,0.0,0.0,1,26,0.0,0.0,1,26,1.0,0.5,1,8,0.0,0.0,1,26,0.0,0.0,1,26,0.0,0.0,1,26,0.0,0.0,1,26,0.0,0.0,1,26,0.0,1.0,9,18,0.0,0.0,1,26,0.0,0.0,1,26,0.0,0.0,1,26,0.0,0.0,1,26,1.0,1.5,9,8,g9_18,0.0,1.0,9,18,corner,0.0,0.0,0.0,0.0,1,26,0.0,0.0,1,26,1.0,0.5,1,8,0.0,0.0,1,26,0.0,0.0,1,26,0.0,0.0,1,26,0.0,0.0,1,26,0.0,0.0,1,26,0.0,1.0,9,18,0.0,0.0,1,26,0.0,0.0,1,26,0.0,0.0,1,26,0.0,0.0,1,26,1.0,1.5,9,8,g9_18,0.0,1.0,9,18,corner,0.0,0.0
022YYL8YCYC8,4452,222.6,1,tesla,tesla,building,9.0,18.0,knight,4.35,knight,3,0.0,0.0,26,1.0,0.0,1,4,-0.0,-0.0,1,20,0.4663,0.5,26,1,0.0,0.0,1,26,0.0,0.0,1,26,0.0,0.0,1,26,0.0,0.0,1,26,1.0,1.0,1,26,0.0,0.0,1,26,0.0,0.0,1,26,1.0,0.0,1,5,-0.0,-0.0,1,25,4.1802,11.6912,18,1,2.4663,1.5,5,1,tesla_modal,0.7332,0.0,5,1,tesla_modal,1.0,1.0,1.0,0.0,1,4,-0.0,-0.0,1,20,0.4663,0.5,26,1,0.0,0.0,1,26,0.0,0.0,1,26,0.0,0.0,1,26,0.0,0.0,1,26,1.0,1.0,1,26,0.0,0.0,1,26,0.0,0.0,1,26,1.0,0.0,1,4,-0.0,-0.0,1,25,4.1802,11.6912,18,1,2.4663,1.5,5,1,tesla_modal,0.7332,0.0,5,1,tesla_modal,1.0,1.0
022YYL8YCYC8,4719,236.0,1,tesla,tesla,building,10.0,18.0,furnace,4.0,furnace,3,0.0,0.0,26,0.0,0.0,4,23,0.0,0.0,1,26,0.443,0.5,27,0,0.0,0.0,1,26,0.0,0.0,1,26,0.0,0.0,1,26,0.0,0.0,1,26,0.588,0.588,1,26,0.0,0.0,1,26,0.0,0.0,1,26,0.5212,0.0,2,0,0.0,0.0,1,26,4.0,12.4808,20,0,1.0309,1.088,27,0,tesla_modal,0.0,0.0,4,23,tesla_modal,0.588,0.588,1.0,0.0,1,3,0.0,0.0,1,26,0.443,0.5,27,0,0.0,0.0,1,26,0.0,0.0,1,26,0.0,0.0,1,26,0.0,0.0,1,26,0.588,0.588,1,26,0.0,0.0,1,26,0.0,0.0,1,26,1.0,0.0,1,3,0.0,0.0,1,26,4.0,12.4808,20,0,2.0309,1.088,4,0,tesla_modal,0.7215,0.0,4,0,tesla_modal,0.588,0.588
022YYL8YCYC8,4961,248.1,1,x-bow,x_bow,building,6.5,21.5,knight,8.4,knight,3,0.0,0.0,26,0.0,0.0,9,18,-0.0,-0.0,1,23,0.8852,0.5,9,0,0.0,0.0,1,26,0.0,0.0,1,26,0.0,0.0,1,26,0.0,0.0,1,26,0.0,0.0,1,26,0.0,1.0,9,18,0.0,0.0,1,26,0.0,0.0,10,17,-0.0,-0.0,1,25,8.3042,11.8864,15,0,0.8852,1.5,17,0,g9_18,0.0,1.0,14,13,corner,0.0,0.0,0.0,0.0,9,18,-0.0,-0.0,1,23,0.8852,0.5,9,0,0.0,0.0,1,26,0.0,0.0,1,26,0.0,0.0,1,26,0.0,0.0,1,26,0.0,0.0,1,26,0.0,1.0,9,18,0.0,0.0,1,26,0.0,0.0,10,17,-0.0,-0.0,1,25,8.3042,11.8864,15,0,0.8852,1.5,17,0,g9_18,0.0,1.0,14,13,corner,0.0,0.0
022YYL8YCYC8,5235,261.8,1,tesla,tesla,building,10.0,18.0,,0.0,,3,0.0,0.0,26,0.0,0.0,1,26,0.0,0.0,1,26,0.443,0.5,27,0,0.0,0.0,1,26,0.0,0.0,1,26,0.0,0.0,1,26,0.0,0.0,1,26,0.0,0.0,1,26,0.0,0.0,1,26,0.0,0.0,1,26,0.0,0.0,1,26,0.0,0.0,1,26,0.0,0.0,1,26,0.443,0.5,27,0,centre,0.0,0.0,1,26,corner,0.0,0.0,0.0,0.0,1,26,0.0,0.0,1,26,0.443,0.5,27,0,0.0,0.0,1,26,0.0,0.0,1,26,0.0,0.0,1,26,0.0,0.0,1,26,0.0,0.0,1,26,0.0,0.0,1,26,0.0,0.0,1,26,0.0,0.0,1,26,0.0,0.0,1,26,0.0,0.0,1,26,0.443,0.5,27,0,centre,0.0,0.0,1,26,corner,0.0,0.0
022YYL8YCYC8,5554,277.7,1,tesla,tesla,building,15.0,23.0,,0.0,,5,0.0,0.0,26,0.0,0.0,1,26,0.0,0.0,1,26,0.5,0.5,9,17,0.0,0.0,1,26,0.0,0.0,1,26,0.0,0.0,1,26,0.0,0.0,1,26,0.0,0.0,1,26,0.0,0.0,1,26,0.0,0.0,1,26,0.0,0.0,1,26,0.0,0.0,1,26,0.0,0.0,1,26,0.5,0.5,9,17,centre,0.0,0.0,1,26,corner,0.0,0.0,0.0,0.0,1,26,0.0,0.0,1,26,0.5,0.5,9,17,0.0,0.0,1,26,0.0,0.0,1,26,0.0,0.0,1,26,0.0,0.0,1,26,0.0,0.0,1,26,0.0,0.0,1,26,0.0,0.0,1,26,0.0,0.0,1,26,0.0,0.0,1,26,0.0,0.0,1,26,0.5,0.5,9,17,centre,0.0,0.0,1,26,corner,0.0,0.0
022YYL8YCYC8,5781,289.1,1,tesla,tesla,building,15.0,23.0,,0.0,,2,0.0,0.0,26,0.0,0.0,1,26,0.0,0.0,1,26,0.5,0.5,9,17,0.0,0.0,1,26,0.0,0.0,1,26,0.0,0.0,1,26,0.0,0.0,1,26,0.0,0.0,1,26,0.0,0.0,1,26,0.0,0.0,1,26,0.0,0.0,1,26,0.0,0.0,1,26,0.0,0.0,1,26,0.5,0.5,9,17,centre,0.0,0.0,1,26,corner,0.0,0.0,0.0,0.0,1,26,0.0,0.0,1,26,0.5,0.5,9,17,0.0,0.0,1,26,0.0,0.0,1,26,0.0,0.0,1,26,0.0,0.0,1,26,0.0,0.0,1,26,0.0,0.0,1,26,0.0,0.0,1,26,0.0,0.0,1,26,0.0,0.0,1,26,0.0,0.0,1,26,0.5,0.5,9,17,centre,0.0,0.0,1,26,corner,0.0,0.0
022YYLUUPYYV,366,18.3,1,x-bow,x_bow,building,2.5,19.5,,0.0,,0,0.0,0.0,26,0.0,0.0,1,26,0.0,0.0,1,26,0.5,0.5,11,16,0.0,0.0,1,26,0.0,0.0,1,26,0.0,0.0,1,26,0.0,0.0,1,26,0.0,0.0,1,26,0.9616,1.0,9,0,0.0,0.0,1,26,0.0,0.0,1,26,0.0,0.0,1,26,0.0,0.0,1,26,1.4616,1.5,9,0,g9_18,0.9616,1.0,9,0,corner,0.0,0.0,0.0,0.0,1,26,0.0,0.0,1,26,0.5,0.5,11,16,0.0,0.0,1,26,0.0,0.0,1,26,0.0,0.0,1,26,0.0,0.0,1,26,0.0,0.0,1,26,0.9616,1.0,9,0,0.0,0.0,1,26,0.0,0.0,1,26,0.0,0.0,1,26,0.0,0.0,1,26,1.4616,1.5,9,0,g9_18,0.9616,1.0,9,0,corner,0.0,0.0
022YYLUUPYYV,898,44.9,1,tesla,tesla,building,9.0,19.0,boss_bandit,11.72,boss_bandit,1,0.0,0.0,26,1.0,0.85,1,3,-0.0,-0.1667,1,19,0.9902,0.5,9,0,0.0,0.0,1,26,0.0,0.0,1,26,0.0,0.0,1,26,0.0,0.0,1,26,0.0,0.0,1,26,0.0,0.0,1,26,0.0,0.0,1,26,0.0,0.0,1,26,-0.0,-0.0,1,26,5.0,1.5,15,3,1.9902,1.1833,3,0,tesla_modal,0.9951,0.4708,3,0,tesla_modal,0.0,0.0,1.0,0.0,1,3,0.0,0.0,1,26,0.9902,0.5,9,0,0.0,0.0,1,26,0.0,0.0,1,26,0.0,0.0,1,26,0.0,0.0,1,26,0.0,0.0,1,26,0.0,0.0,1,26,0.0,0.0,1,26,0.0,0.0,1,26,0.0,0.0,1,26,5.0,1.5,15,3,1.9902,0.5,3,0,tesla_modal,0.9951,0.0,3,0,tesla_modal,0.0,0.0
022YYLUUPYYV,2049,102.5,1,x-bow,x_bow,building,9.5,21.5,boss_bandit,20.1,boss_bandit,1,0.0,0.0,26,1.0,0.0,1,4,-0.0,-0.0,1,20,1.0,0.5,1,8,0.0,0.0,1,26,0.0,0.0,1,26,0.0,0.0,1,26,0.0,0.0,1,26,0.0,0.0,1,26,0.0,1.0,9,18,0.0,0.0,1,26,0.0,0.0,1,26,-0.0,-0.0,1,26,4.4,12.4,18,0,2.0,1.5,3,3,g9_18,1.0,1.0,1,8,corner,0.0,0.0,1.0,0.0,1,3,0.0,0.0,1,26,1.0,0.5,1,8,0.0,0.0,1,26,0.0,0.0,1,26,0.0,0.0,1,26,0.0,0.0,1,26,0.0,0.0,1,26,0.0,1.0,9,18,0.0,0.0,1,26,0.0,0.0,1,26,0.0,0.0,1,26,4.4,12.4,18,0,2.0,1.5,2,2,g9_18,1.0,1.0,1,10,corner,0.0,0.0
022YYLUUPYYV,2876,143.8,1,tesla,tesla,building,9.0,20.0,skeleton_army,5.52,skeleton_army,6,0.0,0.0,26,0.0,0.0,1,26,-0.0,-0.0,1,24,1.0,0.5,1,8,0.0,0.0,1,26,0.0,0.0,1,26,0.0,0.0,1,26,0.0,0.0,1,26,1.0,1.0,1,26,0.0,0.0,1,26,0.0,0.0,1,26,0.0,0.0,1,26,-0.0,-0.0,1,25,5.5196,12.8305,13,0,2.0,1.5,1,8,centre,0.0,0.0,1,24,corner,1.0,1.0,0.0,0.0,1,26,-0.0,-0.0,1,23,1.0,0.5,1,8,0.0,0.0,1,26,0.0,0.0,1,26,0.0,0.0,1,26,0.0,0.0,1,26,1.0,1.0,1,26,0.0,0.0,1,26,0.0,0.0,1,26,0.0,0.0,1,26,-0.0,-0.0,1,23,5.5196,12.8305,13,0,2.0,1.5,1,7,centre,0.0,0.0,1,23,corner,1.0,1.0
022YYLUUPYYV,3215,160.8,1,tesla,tesla,building,9.0,22.0,executioner,5.66,executioner,2,0.0,0.0,26,0.0,0.0,1,26,0.0,0.0,1,26,1.0,0.5,1,8,0.0,0.0,1,26,0.0,0.0,1,26,0.0,0.0,1,26,0.0,0.0,1,26,1.0,1.0,1,26,0.0,0.0,1,26,0.0,0.0,1,26,0.0,0.0,1,26,0.0,0.0,1,26,5.1493,12.8045,15,1,2.0,1.5,1,8,centre,0.0,0.0,1,26,corner,1.0,1.0,0.0,0.0,1,26,0.0,0.0,1,26,1.0,0.5,1,8,0.0,0.0,1,26,0.0,0.0,1,26,0.0,0.0,1,26,0.0,0.0,1,26,1.0,1.0,1,26,0.0,0.0,1,26,0.0,0.0,1,26,0.0,0.0,2,25,0.0,0.0,1,26,5.1493,12.8045,15,1,2.0,1.5,1,8,centre,0.0,0.0,1,26,corner,1.0,1.0
022YYLUUPYYV,3476,173.8,1,x-bow,x_bow,building,8.5,22.5,boss_bandit,17.75,boss_bandit,1,0.0,0.0,26,0.0,0.0,10,17,-0.0,-0.0,1,20,1.0,0.5,1,8,0.0,0.0,1,26,0.0,0.0,1,26,0.0,0.0,1,26,0.0,0.0,1,26,0.0,0.0,1,26,0.0,1.0,9,18,0.0,0.0,1,26,0.0,0.0,1,26,-0.0,-0.0,1,26,5.4,12.4,12,1,1.0,1.5,10,5,g9_18,0.0,1.0,12,12,corner,0.0,0.0,0.0,0.0,5,22,0.0,0.0,1,26,1.0,0.5,1,8,0.0,0.0,1,26,0.0,0.0,1,26,0.0,0.0,1,26,0.0,0.0,1,26,0.0,0.0,1,26,0.0,1.0,9,18,0.0,0.0,1,26,0.0,0.0,1,26,0.0,0.0,1,26,5.4,12.4,12,1,1.0,1.5,12,5,g9_18,0.0,1.0,12,15,corner,0.0,0.0
022YYLV98PVR,781,39.1,1,tesla,tesla,building,9.0,21.0,bandit,6.38,bandit,2,0.0,0.0,26,1.0,0.0,1,5,-0.0,-0.0,1,23,1.0,0.5,1,8,0.0,0.0,1,26,0.0,0.0,1,26,0.0,0.0,1,26,0.0,0.0,1,26,0.9182,0.9182,1,26,0.0,0.0,1,26,0.0,0.0,1,26,0.0664,0.0,7,1,-0.0,-0.0,1,26,2.6178,10.4563,20,1,2.9182,1.4182,1,2,tesla_modal,1.0,0.0,1,2,tesla_modal,0.9182,0.9182,0.5356,0.0,3,1,0.0,0.0,1,26,1.0,0.5,1,8,0.0,0.0,1,26,0.0,0.0,1,26,0.0,0.0,1,26,0.0,0.0,1,26,0.9182,0.9182,1,26,0.0,0.0,1,26,0.0,0.0,1,26,0.0,0.0,7,20,0.0,0.0,1,26,2.6178,10.4563,20,1,2.4538,1.4182,2,1,g9_22,0.5356,0.0,3,1,g9_18,0.9182,0.9182
022YYLV98PVR,1574,78.7,1,x-bow,x_bow,building,9.5,21.5,royal_ghost,5.27,royal_ghost,4,0.0,0.0,26,0.0,0.0,6,21,-0.0,-0.0,1,21,1.0,0.5,1,8,0.0,0.0,1,26,0.0,0.0,1,26,0.0,0.0,1,26,0.0,0.0,1,26,0.0,0.0,1,26,0.0,1.0,9,18,0.0,0.0,1,26,0.0,0.0,6,21,-0.0,-0.0,1,21,5.2677,13.3907,20,0,1.0,1.5,9,8,g15_18,0.0,1.0,10,16,corner,0.0,0.0,0.0,0.0,1,26,0.0,0.0,1,26,1.0,0.5,1,8,0.0,0.0,1,26,0.0,0.0,1,26,0.0,0.0,1,26,0.0,0.0,1,26,0.0,0.0,1,26,0.0,1.0,9,18,0.0,0.0,1,26,0.0,0.0,1,26,0.0,0.0,1,26,5.2677,13.3907,20,0,1.0,1.5,9,8,g9_18,0.0,1.0,9,18,corner,0.0,0.0
022YYLV98PVR,2548,127.4,1,tesla,tesla,building,9.0,21.0,battle_ram,16.24,battle_ram,1,0.0,0.0,26,1.0,1.0,1,5,-0.0,-0.0,1,21,1.0,0.5,1,8,0.0,0.0,1,26,0.0,0.0,1,26,0.0,0.0,1,26,0.0,0.0,1,26,0.0,0.0,1,26,0.0,0.0,1,26,0.0,0.0,1,26,0.0,0.0,1,26,-0.0,-0.0,1,26,5.0,1.5,15,3,2.0,1.5,1,2,tesla_modal,1.0,0.75,1,2,tesla_modal,0.0,0.0,1.0,0.0718,1,3,0.0,0.0,1,26,1.0,0.5,1,8,0.0,0.0,1,26,0.0,0.0,1,26,0.0,0.0,1,26,0.0,0.0,1,26,0.0,0.0,1,26,0.0,0.0,1,26,0.0,0.0,1,26,0.0,0.0,1,26,0.0,0.0,1,26,5.0,1.5,15,3,2.0,0.5718,1,2,tesla_modal,1.0,0.0538,1,2,tesla_modal,0.0,0.0
022YYLV98PVR,2983,149.2,1,tesla,tesla,building,9.0,20.0,three_musketeers,3.15,three_musketeers,8,0.0,0.0,26,0.0,0.0,4,23,0.0,0.0,1,26,1.0,0.5,1,8,0.0,0.0,1,26,0.0,0.0,1,26,0.0,0.0,1,26,0.0,0.0,1,26,1.0,1.0,1,26,0.0,0.0,1,26,0.0,0.0,1,26,0.0,0.0,5,22,0.0,0.0,1,26,3.1542,0.9022,20,0,2.0,1.5,3,6,skel_cell,0.0,0.0,4,23,skel_cell,1.0,1.0,0.8989,0.0,6,0,0.0,0.0,1,26,1.0,0.5,1,8,0.0,0.0,1,26,0.0,0.0,1,26,0.0,0.0,1,26,0.0,0.0,1,26,1.0,1.0,1,26,0.0,0.0,1,26,0.0,0.0,1,26,0.8989,1.0,11,0,0.0,0.0,1,26,3.1542,0.9022,20,0,2.8989,1.5,5,0,centre,0.8989,0.0,5,0,centre,1.0,1.0
022YYLV98PVR,3257,162.9,1,x-bow,x_bow,building,2.5,19.5,bandit,12.15,bandit,5,0.0,0.0,26,0.0,0.0,1,26,-0.0,-0.0,1,24,0.5,0.5,11,16,0.0,0.0,1,26,0.0,0.0,1,26,0.0,0.0,1,26,0.0,0.0,1,26,0.0,0.0,1,26,0.9616,1.0,9,0,0.0,0.0,1,26,0.0,0.0,1,26,-0.0,-0.0,1,25,12.1485,13.4216,5,0,1.4616,1.5,9,0,g9_18,0.9616,1.0,9,0,corner,0.0,0.0,0.0,0.0,1,26,0.0,0.0,1,26,0.5,0.5,11,16,0.0,0.0,1,26,0.0,0.0,1,26,0.0,0.0,1,26,0.0,0.0,1,26,0.0,0.0,1,26,0.9616,1.0,9,0,0.0,0.0,1,26,0.0,0.0,1,26,0.0,0.0,1,26,12.1485,13.4216,5,0,1.4616,1.5,9,0,g9_18,0.9616,1.0,9,0,corner,0.0,0.0
022YYLV9QLQJ,731,36.6,1,tesla,tesla,building,9.0,21.0,,0.0,,2,0.0,0.0,26,0.0,0.0,1,26,0.0,0.0,1,26,1.0,0.5,1,8,0.0,0.0,1,26,0.0,0.0,1,26,0.0,0.0,1,26,0.0,0.0,1,26,0.0,0.0,1,26,0.0,0.0,1,26,0.0,0.0,1,26,0.0,0.0,1,26,0.0,0.0,1,26,0.0,0.0,1,26,1.0,0.5,1,8,centre,0.0,0.0,1,26,corner,0.0,0.0,0.0,0.0,1,26,0.0,0.0,1,26,1.0,0.5,1,8,0.0,0.0,1,26,0.0,0.0,1,26,0.0,0.0,1,26,0.0,0.0,1,26,0.0,0.0,1,26,0.0,0.0,1,26,0.0,0.0,1,26,0.0,0.0,1,26,0.0,0.0,1,26,0.0,0.0,1,26,1.0,0.5,1,8,centre,0.0,0.0,1,26,corner,0.0,0.0
022YYLV9QLQJ,763,38.2,0,tesla,tesla,building,9.0,22.0,knight,13.08,knight,1,0.0,0.0,26,1.0,0.0,1,3,-0.0,-0.0,1,20,1.0,0.5,1,8,0.0,0.0,1,26,0.0,0.0,1,26,0.0,0.0,1,26,0.0,0.0,1,26,0.0,0.0,1,26,0.0,0.0,1,26,0.0,0.0,1,26,0.0,0.0,1,26,-0.0,-0.0,1,26,5.0,12.5,14,3,2.0,0.5,1,2,tesla_modal,1.0,0.0,1,2,tesla_modal,0.0,0.0,1.0,0.0,1,3,-0.0,-0.0,1,20,1.0,0.5,1,8,0.0,0.0,1,26,0.0,0.0,1,26,0.0,0.0,1,26,0.0,0.0,1,26,0.0,0.0,1,26,0.0,0.0,1,26,0.0,0.0,1,26,0.0,0.0,1,26,-0.0,-0.0,1,26,5.0,12.5,14,3,2.0,0.5,1,2,tesla_modal,1.0,0.0,1,2,tesla_modal,0.0,0.0
022YYLV9QLQJ,1101,55.1,1,x-bow,x_bow,building,2.5,19.5,,0.0,,3,0.0,0.0,26,0.0,0.0,1,26,0.0,0.0,1,26,0.5,0.5,11,16,0.0,0.0,1,26,0.0,0.0,1,26,0.0,0.0,1,26,0.0,0.0,1,26,0.0,0.0,1,26,0.9616,1.0,9,0,0.0,0.0,1,26,0.0,0.0,1,26,0.0,0.0,1,26,0.0,0.0,1,26,1.4616,1.5,9,0,g9_18,0.9616,1.0,9,0,corner,0.0,0.0,0.0,0.0,1,26,0.0,0.0,1,26,0.5,0.5,11,16,0.0,0.0,1,26,0.0,0.0,1,26,0.0,0.0,1,26,0.0,0.0,1,26,0.0,0.0,1,26,0.9616,1.0,9,0,0.0,0.0,1,26,0.0,0.0,1,26,0.0,0.0,1,26,0.0,0.0,1,26,1.4616,1.5,9,0,g9_18,0.9616,1.0,9,0,corner,0.0,0.0
022YYLV9QLQJ,1844,92.2,1,tesla,tesla,building,15.0,23.0,,0.0,,3,0.0,0.0,26,0.0,0.0,1,26,0.0,0.0,1,26,0.5,0.5,9,17,0.0,0.0,1,26,0.0,0.0,1,26,0.0,0.0,1,26,0.0,0.0,1,26,0.0,0.0,1,26,0.0,0.0,1,26,0.0,0.0,1,26,0.0,0.0,1,26,0.0,0.0,1,26,0.0,0.0,1,26,0.5,0.5,9,17,centre,0.0,0.0,1,26,corner,0.0,0.0,0.0,0.0,1,26,0.0,0.0,1,26,0.5,0.5,9,17,0.0,0.0,1,26,0.0,0.0,1,26,0.0,0.0,1,26,0.0,0.0,1,26,0.0,0.0,1,26,0.0,0.0,1,26,0.0,0.0,1,26,0.0,0.0,1,26,0.0,0.0,1,26,0.0,0.0,1,26,0.5,0.5,9,17,centre,0.0,0.0,1,26,corner,0.0,0.0
022YYLV9QLQJ,1871,93.6,0,tesla,tesla,building,9.0,18.0,knight,8.61,knight,2,0.0,0.0,26,1.0,0.0,1,3,-0.0,-0.0,1,20,0.4663,0.5,26,1,0.0,0.0,1,26,0.0,0.0,1,26,0.0,0.0,1,26,0.0,0.0,1,26,0.0,0.0,1,26,0.0,0.0,1,26,0.0,0.0,1,26,0.0,0.0,4,23,-0.0,-0.0,1,26,5.0,12.5,14,3,1.4663,0.5,3,1,tesla_modal,0.7332,0.0,3,1,tesla_modal,0.0,0.0,1.0,0.0,1,3,-0.0,-0.0,1,20,0.4663,0.5,26,1,0.0,0.0,1,26,0.0,0.0,1,26,0.0,0.0,1,26,0.0,0.0,1,26,0.0,0.0,1,26,0.0,0.0,1,26,0.0,0.0,1,26,0.0,0.0,4,23,-0.0,-0.0,1,26,5.0,12.5,14,3,1.4663,0.5,3,1,tesla_modal,0.7332,0.0,3,1,tesla_modal,0.0,0.0
022YYLV9QLQJ,2243,112.2,1,x-bow,x_bow,building,2.5,19.5,,0.0,,0,0.0,0.0,26,0.0,0.0,1,26,0.0,0.0,1,26,0.5,0.5,11,16,0.0,0.0,1,26,0.0,0.0,1,26,0.0,0.0,1,26,0.0,0.0,1,26,0.0,0.0,1,26,0.9616,1.0,8,0,0.0,0.0,1,26,0.0,0.0,1,26,0.0,0.0,1,26,0.0,0.0,1,26,1.4616,1.5,8,0,corner,0.9616,1.0,8,0,corner,0.0,0.0,0.0,0.0,1,26,0.0,0.0,1,26,0.5,0.5,11,16,0.0,0.0,1,26,0.0,0.0,1,26,0.0,0.0,1,26,0.0,0.0,1,26,0.0,0.0,1,26,0.9616,1.0,9,0,0.0,0.0,1,26,0.0,0.0,1,26,0.0,0.0,1,26,0.0,0.0,1,26,1.4616,1.5,9,0,g9_18,0.9616,1.0,9,0,corner,0.0,0.0
022YYLV9QLQJ,2601,130.1,1,tesla,tesla,building,17.0,24.0,,0.0,,8,0.0,0.0,26,0.0,0.0,1,26,0.0,0.0,1,26,0.5,0.5,9,17,0.0,0.0,1,26,0.0,0.0,1,26,0.0,0.0,1,26,0.0,0.0,1,26,0.0,0.0,1,26,0.0,0.0,1,26,0.0,0.0,1,26,0.0,0.0,1,26,0.0,0.0,1,26,0.0,0.0,1,26,0.5,0.5,9,17,centre,0.0,0.0,1,26,corner,0.0,0.0,0.0,0.0,1,26,0.0,0.0,1,26,0.5,0.5,9,17,0.0,0.0,1,26,0.0,0.0,1,26,0.0,0.0,1,26,0.0,0.0,1,26,0.0,0.0,1,26,0.0,0.0,1,26,0.0,0.0,1,26,0.0,0.0,1,26,0.0,0.0,1,26,0.0,0.0,1,26,0.5,0.5,9,17,centre,0.0,0.0,1,26,corner,0.0,0.0
022YYLV9QLQJ,2941,147.1,0,tesla,tesla,building,15.0,18.0,knight,12.09,knight,2,0.0,0.0,26,0.0,0.0,1,26,-0.0,-0.0,1,23,0.5,0.5,9,17,0.0,0.0,1,26,0.0,0.0,1,26,0.0,0.0,1,26,0.0,0.0,1,26,1.0,1.0,1,26,0.0,0.0,1,26,0.0,0.0,1,26,0.0,0.0,1,26,-0.0,-0.0,1,24,12.0888,3.9012,2,1,1.5,1.5,9,14,centre,0.0,0.0,1,23,corner,1.0,1.0,0.0,0.0,1,26,-0.0,-0.0,1,23,0.5,0.5,9,17,0.0,0.0,1,26,0.0,0.0,1,26,0.0,0.0,1,26,0.0,0.0,1,26,1.0,1.0,1,26,0.0,0.0,1,26,0.0,0.0,1,26,0.0,0.0,1,26,-0.0,-0.0,1,24,12.0888,3.9012,2,1,1.5,1.5,9,14,centre,0.0,0.0,1,23,corner,1.0,1.0
022YYLV9QLQJ,3321,166.1,1,tesla,tesla,building,6.0,18.0,,0.0,,0,0.0,0.0,26,0.0,0.0,1,26,0.0,0.0,1,26,0.5,0.5,1,16,0.0,0.0,1,26,0.0,0.0,1,26,0.0,0.0,1,26,0.0,0.0,1,26,0.0,0.0,1,26,0.0,0.0,1,26,0.0,0.0,1,26,0.0,0.0,1,26,0.0,0.0,1,26,0.0,0.0,1,26,0.5,0.5,1,16,corner,0.0,0.0,1,26,corner,0.0,0.0,0.0,0.0,1,26,0.0,0.0,1,26,0.5,0.5,1,16,0.0,0.0,1,26,0.0,0.0,1,26,0.0,0.0,1,26,0.0,0.0,1,26,0.0,0.0,1,26,0.0,0.0,1,26,0.0,0.0,1,26,0.0,0.0,1,26,0.0,0.0,1,26,0.0,0.0,1,26,0.5,0.5,1,16,corner,0.0,0.0,1,26,corner,0.0,0.0
022YYLV9QLQJ,3331,166.6,1,x-bow,x_bow,building,2.5,19.5,,0.0,,1,0.0,0.0,26,0.0,0.0,1,26,0.0,0.0,1,26,0.5,0.5,1,16,0.0,0.0,1,26,0.0,0.0,1,26,0.0,0.0,1,26,0.0,0.0,1,26,0.0,0.0,1,26,0.0,0.0,5,22,0.0,0.0,1,26,0.0,0.0,1,26,0.0,0.0,1,26,0.0,0.0,1,26,0.5,0.5,5,16,g9_18,0.0,0.0,5,22,bow_modal_R,0.0,0.0,0.0,0.0,1,26,0.0,0.0,1,26,0.5,0.5,1,16,0.0,0.0,1,26,0.0,0.0,1,26,0.0,0.0,1,26,0.0,0.0,1,26,0.0,0.0,1,26,0.9616,1.0,9,0,0.0,0.0,1,26,0.0,0.0,1,26,0.0,0.0,1,26,0.0,0.0,1,26,1.4616,1.5,5,0,corner,0.9616,1.0,9,0,corner,0.0,0.0
022YYLV9QLQJ,3512,175.6,0,tesla,tesla,building,16.0,18.0,knight,10.67,knight,1,0.0,0.0,26,0.0,1.0,11,16,-0.0,-0.0,1,24,0.5,0.5,9,17,0.0,0.0,1,26,0.0,0.0,1,26,0.0,0.0,1,26,0.0,0.0,1,26,1.0,1.0,1,26,0.0,0.0,1,26,0.0,0.0,1,26,0.0,1.0,11,16,-0.0,-0.0,1,25,10.1927,2.9402,7,0,1.5,2.5,15,11,centre,0.0,0.75,10,16,centre,1.0,1.0,0.0,1.0,11,16,-0.0,-0.0,1,24,0.5,0.5,9,17,0.0,0.0,1,26,0.0,0.0,1,26,0.0,0.0,1,26,0.0,0.0,1,26,1.0,1.0,1,26,0.0,0.0,1,26,0.0,0.0,1,26,0.0,1.0,11,16,-0.0,-0.0,1,25,10.1927,2.9402,7,0,1.5,2.5,15,11,centre,0.0,0.75,10,16,centre,1.0,1.0
022YYLV9V90G,1361,68.1,1,x-bow,x_bow,building,9.5,21.5,sparky,2.96,sparky,2,0.0,0.0,26,0.0,0.0,4,23,0.0,0.0,1,26,0.5,0.0,1,17,0.0,0.0,1,26,0.0,0.0,1,26,0.0,0.0,1,26,0.0,0.0,1,26,0.0,0.0,1,26,0.0,1.0,9,18,0.0,0.0,1,26,0.0,0.0,5,22,0.0,0.0,1,26,3.2948,5.3378,17,0,0.5,1.0,9,14,g9_18,0.0,1.0,9,18,corner,0.0,0.0,0.0,0.0,5,22,0.0,0.0,1,26,0.5,0.0,1,17,0.0,0.0,1,26,0.0,0.0,1,26,0.0,0.0,1,26,0.0,0.0,1,26,0.0287,0.0287,1,26,0.0,1.0,9,18,0.0,0.0,1,26,0.0073,0.0,6,0,0.0,0.0,1,26,3.2948,5.3378,17,0,0.5287,1.0287,9,14,g9_18,0.0,1.0,10,17,corner,0.0287,0.0287
022YYLV9V90G,2186,109.3,1,x-bow,x_bow,building,2.5,19.5,giant,11.35,giant,1,0.0,0.0,26,0.0,0.0,5,22,-0.0,-0.0,1,20,0.0,0.0,19,8,0.0,0.0,1,26,0.0,0.0,1,26,0.0,0.0,1,26,0.0,0.0,1,26,1.0,1.0,1,26,0.9616,1.0,9,0,0.0,0.0,1,26,0.0,0.0,6,21,-0.0,-0.0,1,22,11.5009,12.6246,5,0,1.9616,2.0,9,0,corner_R,0.9616,1.0,8,0,corner,1.0,1.0,0.0,0.0,3,24,0.0,0.0,1,26,0.0,0.0,19,8,0.0,0.0,1,26,0.0,0.0,1,26,0.0,0.0,1,26,0.0,0.0,1,26,0.1841,0.1841,1,26,0.9616,1.0,9,0,0.0,0.0,1,26,0.0,0.0,3,24,0.0,0.0,1,26,11.5009,12.6246,5,0,1.1457,1.1841,9,0,corner_R,0.9616,1.0,9,0,corner,0.1841,0.1841
022YYLV9V90G,2728,136.4,1,x-bow,x_bow,building,2.5,19.5,sparky,18.4,sparky,2,0.0,0.0,26,0.0,0.0,4,23,0.0,0.0,1,26,0.0,0.0,19,8,0.0,0.0,1,26,0.0,0.0,1,26,0.0,0.0,1,26,0.0,0.0,1,26,0.0,0.0,1,26,0.9616,1.0,9,0,0.0,0.0,1,26,0.0,0.0,1,26,0.0,0.0,1,26,11.4,12.4,5,0,0.9616,1.0,9,0,g9_18,0.9616,1.0,9,0,corner,0.0,0.0,0.0,0.0,4,23,0.0,0.0,1,26,0.0,0.0,19,8,0.0,0.0,1,26,0.0,0.0,1,26,0.0,0.0,1,26,0.0,0.0,1,26,0.0,0.0,1,26,0.9616,1.0,9,0,0.0,0.0,1,26,0.0,0.0,1,26,0.0,0.0,1,26,11.4,12.4,5,0,0.9616,1.0,11,0,g9_18,0.9616,1.0,9,0,corner,0.0,0.0
022YYLV9V90G,2877,143.9,1,tesla,tesla,building,9.0,21.0,giant,7.52,giant,2,0.0,0.0,26,1.0,0.2681,1,5,-0.0,-0.6653,1,20,0.5,0.0,1,17,0.0,0.0,1,26,0.0,0.0,1,26,0.0,0.0,1,26,0.0,0.0,1,26,0.5682,0.5682,1,26,0.0,0.0,1,26,0.0,0.0,1,26,0.8531,1.0,8,1,-0.0,-0.0,1,26,6.162,0.7362,18,1,2.0682,0.1709,1,3,centre,0.75,-0.1659,1,3,centre,0.5682,0.5682,1.0,0.0,1,5,0.0,0.0,1,26,0.5,0.0,1,17,0.0,0.0,1,26,0.0,0.0,1,26,0.0,0.0,1,26,0.0,0.0,1,26,0.5682,0.5682,1,26,0.0,0.0,1,26,0.0,0.0,1,26,0.6934,1.0,7,1,0.0,0.0,1,26,6.162,0.7362,18,1,2.0682,0.5682,1,3,centre,0.75,0.0,1,3,centre,0.5682,0.5682
022YYLV9V90G,3331,166.6,1,x-bow,x_bow,building,7.5,22.5,mini_pekka,3.68,mini_pekka,3,0.0,0.0,26,0.0,0.0,1,26,-0.0,-0.0,1,23,0.5,0.0,1,17,0.0,0.0,1,26,0.0,0.0,1,26,0.0,0.0,1,26,0.0,0.0,1,26,0.0,0.0,1,26,0.0,1.0,9,18,0.0,0.0,1,26,0.0,0.0,1,26,-0.0,-0.0,1,25,3.5292,9.6255,21,0,0.5,1.0,9,11,bow_modal_R,0.0,1.0,9,15,corner,0.0,0.0,0.0,0.0,1,26,0.0,0.0,1,26,0.5,0.0,1,17,0.0,0.0,1,26,0.0,0.0,1,26,0.0,0.0,1,26,0.0,0.0,1,26,0.0,0.0,1,26,0.0,1.0,9,18,0.0,0.0,1,26,0.0,0.0,1,26,0.0,0.0,1,26,3.5292,9.6255,21,0,0.5,1.0,9,14,bow_modal_R,0.0,1.0,9,18,corner,0.0,0.0
022YYLV9YVJL,632,31.6,1,tesla,tesla,building,9.0,20.0,giant,11.45,giant,1,0.0,0.0,26,1.0,0.0,1,3,-0.0,-0.0,1,20,1.0,0.5,1,8,0.0,0.0,1,26,0.0,0.0,1,26,0.0,0.0,1,26,0.0,0.0,1,26,0.0,0.0,1,26,0.0,0.0,1,26,0.0,0.0,1,26,0.0,0.0,2,25,-0.0,-0.0,1,26,5.0,12.5,14,3,2.0,0.5,1,2,tesla_modal,1.0,0.0,1,2,tesla_modal,0.0,0.0,1.0,0.0,1,3,0.0,0.0,1,26,1.0,0.5,1,8,0.0,0.0,1,26,0.0,0.0,1,26,0.0,0.0,1,26,0.0,0.0,1,26,0.0,0.0,1,26,0.0,0.0,1,26,0.0,0.0,1,26,0.0,0.0,1,26,0.0,0.0,1,26,5.0,12.5,14,3,2.0,0.5,1,2,tesla_modal,1.0,0.0,1,2,tesla_modal,0.0,0.0
022YYLV9YVJL,1159,58.8,1,x-bow,x_bow,building,15.5,19.5,,0.0,,0,0.0,0.0,26,0.0,0.0,1,26,0.0,0.0,1,26,0.5,0.5,11,16,0.0,0.0,1,26,0.0,0.0,1,26,0.0,0.0,1,26,0.0,0.0,1,26,0.0,0.0,1,26,0.9616,1.0,9,0,0.0,0.0,1,26,0.0,0.0,1,26,0.0,0.0,1,26,0.0,0.0,1,26,1.4616,1.5,9,0,g9_18,0.9616,1.0,9,0,corner,0.0,0.0,0.0,0.0,1,26,0.0,0.0,1,26,0.5,0.5,11,16,0.0,0.0,1,26,0.0,0.0,1,26,0.0,0.0,1,26,0.0,0.0,1,26,0.0,0.0,1,26,0.9616,1.0,9,0,0.0,0.0,1,26,0.0,0.0,1,26,0.0,0.0,1,26,0.0,0.0,1,26,1.4616,1.5,9,0,g9_18,0.9616,1.0,9,0,corner,0.0,0.0
022YYLV9YVJL,1475,73.8,1,tesla,tesla,building,10.0,21.0,,0.0,,0,0.0,0.0,26,0.0,0.0,1,26,0.0,0.0,1,26,1.0,0.5,1,8,0.0,0.0,1,26,0.0,0.0,1,26,0.0,0.0,1,26,0.0,0.0,1,26,0.0,0.0,1,26,0.0,0.0,1,26,0.0,0.0,1,26,0.0,0.0,1,26,0.0,0.0,1,26,0.0,0.0,1,26,1.0,0.5,1,8,centre,0.0,0.0,1,26,corner,0.0,0.0,0.0,0.0,1,26,0.0,0.0,1,26,1.0,0.5,1,8,0.0,0.0,1,26,0.0,0.0,1,26,0.0,0.0,1,26,0.0,0.0,1,26,0.0,0.0,1,26,0.0,0.0,1,26,0.0,0.0,1,26,0.0,0.0,1,26,0.0,0.0,1,26,0.0,0.0,1,26,1.0,0.5,1,8,centre,0.0,0.0,1,26,corner,0.0,0.0
022YYLV9YVJL,2335,116.8,1,tesla,tesla,building,9.0,19.0,giant,5.88,giant,2,0.0,0.0,26,1.0,0.0,1,3,-0.0,-0.0,1,20,0.9902,0.5,9,0,0.0,0.0,1,26,0.0,0.0,1,26,0.0,0.0,1,26,0.0,0.0,1,26,0.0,0.0,1,26,0.0,0.0,1,26,0.0,0.0,1,26,0.8769,0.0,7,0,-0.0,-0.0,1,26,5.0,12.3412,14,3,1.9902,0.5,3,0,tesla_modal,0.9951,0.0,3,0,tesla_modal,0.0,0.0,1.0,0.0,1,3,0.0,0.0,1,26,0.9902,0.5,9,0,0.0,0.0,1,26,0.0,0.0,1,26,0.0,0.0,1,26,0.0,0.0,1,26,0.0,0.0,1,26,0.0,0.0,1,26,0.0,0.0,1,26,0.7172,0.0,7,0,0.0,0.0,1,26,5.0,12.3412,14,3,1.9902,0.5,3,0,tesla_modal,0.9951,0.0,3,0,tesla_modal,0.0,0.0
022YYLV9YVJL,2829,141.5,1,tesla,tesla,building,9.0,20.0,prince,18.86,prince,2,0.0,0.0,26,1.0,0.45,1,3,-0.0,-0.4231,1,19,1.0,0.5,1,8,0.0,0.0,1,26,0.0,0.0,1,26,0.0,0.0,1,26,0.0,0.0,1,26,0.0,0.0,1,26,0.0,0.0,1,26,0.0,0.0,1,26,0.0,0.0,1,26,-0.0,-0.0,1,26,5.0,1.5,15,3,2.0,0.5269,1,2,tesla_modal,1.0,0.0375,1,2,tesla_modal,0.0,0.0,1.0,0.0,1,3,0.0,0.0,1,26,1.0,0.5,1,8,0.0,0.0,1,26,0.0,0.0,1,26,0.0,0.0,1,26,0.0,0.0,1,26,0.0,0.0,1,26,0.0,0.0,1,26,0.0,0.0,1,26,0.0,0.0,1,26,0.0,0.0,1,26,5.0,1.5,15,3,2.0,0.5,1,2,tesla_modal,1.0,0.0,1,2,tesla_modal,0.0,0.0
022YYLV9YVJL,3133,156.7,1,tesla,tesla,building,13.0,18.0,giant,5.94,giant,3,0.0,0.0,26,0.0,1.0,12,15,-0.0,-0.0,1,23,0.5,0.5,9,17,0.0,0.0,1,26,0.0,0.0,1,26,0.0,0.0,1,26,0.0,0.0,1,26,1.0,1.0,1,26,0.0,0.0,1,26,0.0,0.0,1,26,0.0,1.0,12,15,-0.0,-0.0,1,25,6.1912,4.1612,13,0,1.5,2.5,15,10,centre,0.0,0.75,11,14,centre,1.0,1.0,0.0,1.0,11,16,0.0,0.0,1,26,0.5,0.5,9,17,0.0,0.0,1,26,0.0,0.0,1,26,0.0,0.0,1,26,0.0,0.0,1,26,1.0,1.0,1,26,0.0,0.0,1,26,0.0,0.0,1,26,0.0,1.0,12,15,0.0,0.0,1,26,6.1912,4.1612,13,0,1.5,2.5,15,12,skel_cell,0.0,0.75,11,16,skel_cell,1.0,1.0
022YYLV9YVJL,3521,176.1,1,x-bow,x_bow,building,15.5,19.5,prince,18.96,prince,1,0.0,0.0,26,0.0,0.4,7,20,-0.0,-0.4615,1,19,0.5,0.5,11,16,0.0,0.0,1,26,0.0,0.0,1,26,0.0,0.0,1,26,0.0,0.0,1,26,0.0,0.0,1,26,0.9616,1.0,9,0,0.0,0.0,1,26,0.0,0.0,1,26,-0.0,-0.0,1,26,11.4,1.4,3,0,1.4616,1.4385,7,0,g9_18,0.9616,0.7,7,0,tesla_modal,0.0,0.0,0.0,0.0,4,23,0.0,0.0,1,26,0.5,0.5,11,16,0.0,0.0,1,26,0.0,0.0,1,26,0.0,0.0,1,26,0.0,0.0,1,26,0.0,0.0,1,26,0.9616,1.0,9,0,0.0,0.0,1,26,0.0,0.0,1,26,0.0,0.0,1,26,11.4,1.4,3,0,1.4616,1.5,11,0,g9_18,0.9616,1.0,11,0,corner,0.0,0.0
022YYLV9YVJL,3649,182.5,1,tesla,tesla,building,10.0,21.0,mega_minion,8.13,mega_minion,3,0.0,0.0,26,0.0178,0.0,7,0,-0.0,-0.0,1,26,1.0,0.5,1,8,0.0,0.0,1,26,0.0,0.0,1,26,0.0,0.0,1,26,0.0,0.0,1,26,0.2714,0.2714,1,26,0.0,0.0,1,26,0.0,0.0,1,26,0.0,0.0,7,20,-0.0,-0.0,1,26,7.4644,11.3313,21,0,1.2892,0.7714,6,0,bow_modal_R,0.0178,0.0,7,0,bow_modal_R,0.2714,0.2714,0.0334,0.0,7,0,0.0,0.0,1,26,1.0,0.5,1,8,0.0,0.0,1,26,0.0,0.0,1,26,0.0,0.0,1,26,0.0,0.0,1,26,0.2714,0.2714,1,26,0.0,0.0,1,26,0.0,0.0,1,26,0.0,0.0,7,20,0.0,0.0,1,26,7.4644,11.3313,21,0,1.3049,0.7714,6,0,bow_modal_R,0.0334,0.0,7,0,bow_modal_R,0.2714,0.2714
022YYLV9YVJL,4102,205.1,1,tesla,tesla,building,9.0,18.0,dark_prince,8.29,dark_prince,2,0.0,0.0,26,1.0,0.0,1,3,-0.0,-0.0,1,20,0.4663,0.5,26,1,0.0,0.0,1,26,0.0,0.0,1,26,0.0,0.0,1,26,0.0,0.0,1,26,0.0,0.0,1,26,0.0,0.0,1,26,0.0,0.0,1,26,0.0,0.0,1,26,-0.0,-0.0,1,26,5.0,12.5,14,3,1.4663,0.5,3,1,tesla_modal,0.7332,0.0,3,1,tesla_modal,0.0,0.0,0.8292,0.0,1,3,0.0,0.0,1,26,0.4663,0.5,26,1,0.0,0.0,1,26,0.0,0.0,1,26,0.0,0.0,1,26,0.0,0.0,1,26,0.0,0.0,1,26,0.0,0.0,1,26,0.0,0.0,1,26,0.0,0.0,1,26,0.0,0.0,1,26,5.0,12.5,14,3,1.2955,0.5,3,1,tesla_modal,0.6079,0.0,3,1,tesla_modal,0.0,0.0
022YYLV9YVJL,4478,223.9,1,tesla,tesla,building,9.0,20.0,mega_minion,16.24,mega_minion,2,0.0,0.0,26,1.0,0.9925,1,6,-0.0,-0.0058,1,20,1.0,0.5,1,8,0.0,0.0,1,26,0.0,0.0,1,26,0.0,0.0,1,26,0.0,0.0,1,26,0.0,0.0,1,26,0.0,0.0,1,26,0.0,0.0,1,26,0.0,0.0,1,26,-0.0,-0.0,1,26,4.058,2.5849,18,0,2.0,1.4867,1,4,centre,1.0,0.7386,1,4,centre,0.0,0.0,1.0,0.33,1,4,0.0,0.0,1,26,1.0,0.5,1,8,0.0,0.0,1,26,0.0,0.0,1,26,0.0,0.0,1,26,0.0,0.0,1,26,0.0,0.0,1,26,0.0,0.0,1,26,0.0,0.0,1,26,0.0,0.0,1,26,0.0,0.0,1,26,4.058,2.5849,18,0,2.0,0.83,1,4,centre,1.0,0.2475,1,4,centre,0.0,0.0
022YYLV9YVJL,4821,241.1,1,tesla,tesla,building,9.0,22.0,giant,3.5,giant,3,0.0,0.0,26,0.9248,0.0,9,1,-0.0684,-0.0,24,1,1.0,0.5,1,8,0.0,0.0,1,26,0.0,0.0,1,26,0.0,0.0,1,26,0.0,0.0,1,26,1.0,1.0,1,26,0.0,0.0,1,26,0.0,0.0,1,26,1.0,0.0,1,10,-0.0,-0.0,1,25,2.0495,6.5711,24,1,2.8564,1.5,4,1,centre,0.8564,0.0,4,1,centre,1.0,1.0,0.3465,0.0,9,1,0.0,0.0,1,26,1.0,0.5,1,8,0.0,0.0,1,26,0.0,0.0,1,26,0.0,0.0,1,26,0.0,0.0,1,26,1.0,1.0,1,26,0.0,0.0,1,26,0.0,0.0,1,26,1.0,0.0,1,7,0.0,0.0,1,26,2.0495,6.5711,24,1,2.3465,1.5,8,1,centre,0.3465,0.0,9,1,centre,1.0,1.0
022YYLV9YVJL,4952,247.6,1,x-bow,x_bow,building,6.5,21.5,mega_minion,20.49,mega_minion,2,0.0,0.0,26,0.4179,0.0,8,0,-0.0,-0.0,1,19,0.8852,0.5,9,0,0.0,0.0,1,26,0.0,0.0,1,26,0.0,0.0,1,26,0.0,0.0,1,26,0.0,0.0,1,26,0.0,1.0,9,18,0.0,0.0,1,26,0.0,0.0,1,26,-0.0,-0.0,1,26,6.6643,11.1252,10,0,1.3031,1.5,12,0,g9_18,0.3939,1.0,13,0,corner,0.0,0.0,0.4335,0.0,6,0,0.0,0.0,1,26,0.8852,0.5,9,0,0.0,0.0,1,26,0.0,0.0,1,26,0.0,0.0,1,26,0.0,0.0,1,26,0.0,0.0,1,26,0.0,1.0,9,18,0.0,0.0,1,26,0.0,0.0,1,26,0.0,0.0,1,26,6.6643,11.1252,10,0,1.3187,1.5,13,0,g9_18,0.4086,1.0,13,0,corner,0.0,0.0
022YYLV9YVJL,5196,259.8,1,tesla,tesla,building,9.0,19.0,giant,5.23,giant,5,0.0,0.0,26,1.0,0.0,1,3,-0.0,-0.0,1,20,0.9902,0.5,9,0,0.0,0.0,1,26,0.0,0.0,1,26,0.0,0.0,1,26,0.0,0.0,1,26,0.0,0.0,1,26,0.0,0.0,1,26,0.0,0.0,1,26,1.0,0.0,1,6,-0.0,-0.0,1,26,5.0,11.8321,14,2,1.9902,0.5,3,0,tesla_modal,0.9951,0.0,3,0,tesla_modal,0.0,0.0,1.0,0.0,1,3,0.0,0.0,1,26,0.9902,0.5,9,0,0.0,0.0,1,26,0.0,0.0,1,26,0.0,0.0,1,26,0.0,0.0,1,26,0.0,0.0,1,26,0.0,0.0,1,26,0.0,0.0,1,26,0.8494,0.0,7,0,0.0,0.0,1,26,5.0,11.8321,14,2,1.9902,0.5,3,0,tesla_modal,0.9951,0.0,3,0,tesla_modal,0.0,0.0
022YYLV9YVJL,5562,278.1,1,tesla,tesla,building,8.0,20.0,giant,6.24,giant,4,0.0,0.0,26,1.0,0.0,1,2,-0.0,-0.0,1,20,0.9951,0.5,9,0,0.0,0.0,1,26,0.0,0.0,1,26,0.0,0.0,1,26,0.0,0.0,1,26,1.0,1.0,1,26,0.0,0.0,1,26,0.0,0.0,1,26,1.0,0.0,1,4,-0.0,-0.0,1,23,6.0,12.5,11,0,2.9951,1.5,2,0,tesla_modal,0.9976,0.0,2,0,tesla_modal,1.0,1.0,1.0,0.0,1,2,0.0,0.0,1,26,0.9951,0.5,9,0,0.0,0.0,1,26,0.0,0.0,1,26,0.0,0.0,1,26,0.0,0.0,1,26,1.0,1.0,1,26,0.0,0.0,1,26,0.0,0.0,1,26,1.0,0.0,1,3,0.0,0.0,1,26,6.0,12.5,11,0,2.9951,1.5,2,0,tesla_modal,0.9976,0.0,2,0,tesla_modal,1.0,1.0
022YYLV9YVJL,5783,289.2,1,tesla,tesla,building,15.0,23.0,giant,1.18,giant,2,0.0,0.0,26,0.0,0.0,5,22,-0.994,-0.0,27,0,0.5,0.5,9,17,0.0,0.0,1,26,0.0,0.0,1,26,0.0,0.0,1,26,0.0,0.0,1,26,1.0,1.0,1,26,0.0,0.0,1,26,0.0,0.0,1,26,0.6127,0.0,4,0,-0.3521,-0.0,25,0,0.0132,12.7443,27,0,0.506,1.5,27,0,corner_R,-0.3,0.0,25,2,corner_R,1.0,1.0,0.0,0.0,4,23,0.0,0.0,1,26,0.5,0.5,9,17,0.0,0.0,1,26,0.0,0.0,1,26,0.0,0.0,1,26,0.0,0.0,1,26,1.0,1.0,1,26,0.0,0.0,1,26,0.0,0.0,1,26,0.0345,0.0,4,0,0.0,0.0,1,26,0.0132,12.7443,27,0,1.5,1.5,12,14,corner_R,0.0,0.0,4,23,corner_R,1.0,1.0
022YYQ0RPYY2,413,20.7,1,tesla,tesla,building,9.0,18.0,lumberjack,10.59,lumberjack,1,0.0,0.0,26,1.0,0.9,1,3,-0.0,-0.1176,1,19,0.4663,0.5,26,1,0.0,0.0,1,26,0.0,0.0,1,26,0.0,0.0,1,26,0.0,0.0,1,26,0.0,0.0,1,26,0.0,0.0,1,26,0.0,0.0,1,26,0.0,0.0,1,26,-0.0,-0.0,1,26,5.0,1.5,15,3,1.4663,1.2824,3,1,tesla_modal,0.7332,0.5574,3,1,tesla_modal,0.0,0.0,1.0,0.0,1,3,0.0,0.0,1,26,0.4663,0.5,26,1,0.0,0.0,1,26,0.0,0.0,1,26,0.0,0.0,1,26,0.0,0.0,1,26,0.0,0.0,1,26,0.0,0.0,1,26,0.0,0.0,1,26,0.0,0.0,1,26,0.0,0.0,1,26,5.0,1.5,15,3,1.4663,0.5,3,1,tesla_modal,0.7332,0.0,3,1,tesla_modal,0.0,0.0
022YYQ0RPYY2,1454,72.7,1,tesla,tesla,building,9.0,18.0,zappies,4.19,zappies,2,0.0,0.0,26,0.2995,0.0,1,1,0.0,0.0,1,26,0.4663,0.5,26,1,0.0,0.0,1,26,0.0,0.0,1,26,0.0,0.0,1,26,0.0,0.0,1,26,1.0,1.0,1,26,0.0,0.0,1,26,0.0,0.0,1,26,0.3943,0.0,3,1,0.0,0.0,1,26,4.0989,2.2587,15,1,1.7658,1.5,9,1,centre,0.2196,0.0,1,1,g9_18,1.0,1.0,1.0,0.3561,1,1,0.0,0.0,1,26,0.4663,0.5,26,1,0.0,0.0,1,26,0.0,0.0,1,26,0.0,0.0,1,26,0.0,0.0,1,26,1.0,1.0,1,26,0.0,0.0,1,26,0.0,0.0,1,26,1.0,0.3561,1,3,0.0,0.0,1,26,4.0989,2.2587,15,1,2.4663,1.8561,3,1,tesla_modal,0.7332,0.2671,3,1,tesla_modal,1.0,1.0
022YYQ0RPYY2,2391,119.6,1,tesla,tesla,building,9.0,21.0,lumberjack,5.7,lumberjack,2,0.0,0.0,26,1.0,0.0,1,5,-0.0,-0.0,1,21,1.0,0.5,1,8,0.0,0.0,1,26,0.0,0.0,1,26,0.0,0.0,1,26,0.0,0.0,1,26,1.0,1.0,1,26,0.0,0.0,1,26,0.0,0.0,1,26,0.8976,0.0,6,1,-0.0,-0.0,1,25,4.4874,11.6771,16,1,3.0,1.5,1,3,tesla_modal,1.0,0.0,1,3,tesla_modal,1.0,1.0,1.0,0.0,1,3,0.0,0.0,1,26,1.0,0.5,1,8,0.0,0.0,1,26,0.0,0.0,1,26,0.0,0.0,1,26,0.0,0.0,1,26,1.0,1.0,1,26,0.0,0.0,1,26,0.0,0.0,1,26,1.0,0.0,1,3,0.0,0.0,1,26,4.4874,11.6771,16,1,3.0,1.5,1,2,tesla_modal,1.0,0.0,1,2,tesla_modal,1.0,1.0
022YYQ0RPYY2,2491,124.6,1,x-bow,x_bow,building,2.5,19.5,lumberjack_ghost,8.24,lumberjack_ghost,2,0.0,0.0,26,0.0,0.0,10,17,-0.0,-0.0,1,22,0.5,0.5,11,16,0.0,0.0,1,26,0.0,0.0,1,26,0.0,0.0,1,26,0.0,0.0,1,26,0.4316,0.4316,1,26,0.9616,1.0,9,0,0.0,0.0,1,26,0.0,0.0,10,17,-0.0,-0.0,1,24,8.1382,9.3453,6,0,1.8932,1.9316,15,0,g9_18,0.9616,1.0,11,0,corner,0.4316,0.4316,0.0,0.0,8,19,0.0,0.0,1,26,0.5,0.5,11,16,0.0,0.0,1,26,0.0,0.0,1,26,0.0,0.0,1,26,0.0,0.0,1,26,0.0,0.0,1,26,0.9616,1.0,9,0,0.0,0.0,1,26,0.0,0.0,9,18,0.0,0.0,1,26,8.1382,9.3453,6,0,1.4616,1.5,11,0,bow_modal_R,0.9616,1.0,9,0,corner,0.0,0.0
022YYQ0RPYY2,2925,146.3,1,tesla,tesla,building,9.0,21.0,giant_skeleton,5.11,giant_skeleton,2,0.0,0.0,26,1.0,1.0,1,8,-0.0,-0.0,1,26,0.5,0.5,1,16,0.0,0.0,1,26,0.0,0.0,1,26,0.0,0.0,1,26,0.0,0.0,1,26,1.0,1.0,1,26,0.0,0.0,1,26,0.0,0.0,1,26,0.6971,1.0,8,1,-0.0,-0.0,1,26,3.8931,3.4006,20,1,2.5,2.5,1,7,corner,0.75,0.75,1,7,corner,1.0,1.0,1.0,1.0,1,7,-0.0,-0.0,1,24,0.5,0.5,1,16,0.0,0.0,1,26,0.0,0.0,1,26,0.0,0.0,1,26,0.0,0.0,1,26,1.0,1.0,1,26,0.0,0.0,1,26,0.0,0.0,1,26,0.8846,1.0,7,1,-0.0,-0.0,1,25,3.8931,3.4006,20,1,2.5,2.5,1,7,corner,0.75,0.75,1,7,corner,1.0,1.0
022YYQ0RPYY2,3014,150.7,1,x-bow,x_bow,building,4.5,19.5,dark_prince,2.35,dark_prince,1,0.0,0.0,26,1.0,1.0,1,9,-0.0,-0.0,1,23,0.5,0.5,1,16,0.0,0.0,1,26,0.0,0.0,1,26,0.0,0.0,1,26,0.0,0.0,1,26,0.0,0.0,1,26,0.9616,1.0,9,0,0.0,0.0,1,26,1.0,1.0,1,10,-0.0,-0.0,1,25,2.3482,5.2035,24,0,2.4616,2.5,5,0,corner,1.0,1.0,1,7,corner,0.0,0.0,0.0,0.9309,7,20,0.0,0.0,1,26,0.5,0.5,1,16,0.0,0.0,1,26,0.0,0.0,1,26,0.0,0.0,1,26,0.0,0.0,1,26,0.0,0.0,1,26,0.9616,1.0,9,0,0.0,0.0,1,26,0.0,0.9309,9,18,0.0,0.0,1,26,2.3482,5.2035,24,0,1.4616,2.4309,5,0,tesla_true,0.9616,1.0,9,0,corner,0.0,0.0
022YYQ0RPYY2,3361,168.1,1,tesla,tesla,building,9.0,21.0,giant_skeleton,4.14,giant_skeleton,3,0.0,0.0,26,1.0,0.5066,1,3,-0.0,-0.5482,1,21,0.5,0.5,1,16,0.0,0.0,1,26,0.0,0.0,1,26,0.0,0.0,1,26,0.0,0.0,1,26,1.0,1.0,1,26,0.0,0.0,1,26,0.0,0.0,1,26,1.0,1.0,1,6,-0.0,-0.0,1,24,4.6415,0.8132,19,1,2.5,1.4584,1,2,tesla_modal,0.75,0.08,1,2,tesla_modal,1.0,1.0,1.0,0.3233,1,4,-0.0,-0.6247,1,21,0.5,0.5,1,16,0.0,0.0,1,26,0.0,0.0,1,26,0.0,0.0,1,26,0.0,0.0,1,26,1.0,1.0,1,26,0.0,0.0,1,26,0.0,0.0,1,26,1.0,1.0,1,6,-0.0,-0.0,1,23,4.6415,0.8132,19,1,2.5,1.1986,1,3,tesla_modal,0.75,-0.0575,1,3,tesla_modal,1.0,1.0
022YYQ22298V,291,14.6,1,tesla,tesla,building,9.0,18.0,inferno_dragon,3.12,inferno_dragon,1,0.0,0.0,26,0.1595,0.0,9,1,0.0,0.0,1,26,0.4663,0.5,26,1,0.0,0.0,1,26,0.0,0.0,1,26,0.0,0.0,1,26,0.0,0.0,1,26,1.0,1.0,1,26,0.0,0.0,1,26,0.0,0.0,1,26,0.3101,0.0,8,1,0.0,0.0,1,26,2.8191,10.1982,22,1,1.6259,1.5,11,1,centre,0.117,0.0,9,1,centre,1.0,1.0,0.447,0.0,9,1,0.0,0.0,1,26,0.4663,0.5,26,1,0.0,0.0,1,26,0.0,0.0,1,26,0.0,0.0,1,26,0.0,0.0,1,26,1.0,1.0,1,26,0.0,0.0,1,26,0.0,0.0,1,26,0.5976,0.0,6,1,0.0,0.0,1,26,2.8191,10.1982,22,1,1.9134,1.5,11,1,centre,0.3278,0.0,9,1,centre,1.0,1.0
022YYQ22298V,536,26.8,1,x-bow,x_bow,building,7.5,24.5,inferno_dragon,7.34,inferno_dragon,2,0.0,0.0,26,0.0,0.0,5,22,0.0,0.0,1,26,1.0,0.5,1,8,0.0,0.0,1,26,0.0,0.0,1,26,0.0,0.0,1,26,0.0,0.0,1,26,0.8012,0.8012,1,26,0.0,1.0,9,18,0.0,0.0,1,26,0.0,0.0,7,20,0.0,0.0,1,26,5.8896,10.5037,11,0,1.8012,2.3012,11,6,corner_R,0.0,1.0,11,16,corner,0.8012,0.8012,0.0,0.0,5,22,0.0,0.0,1,26,1.0,0.5,1,8,0.0,0.0,1,26,0.0,0.0,1,26,0.0,0.0,1,26,0.0,0.0,1,26,1.0,1.0,1,26,0.0,1.0,9,18,0.0,0.0,1,26,0.0,0.0,7,20,0.0,0.0,1,26,5.8896,10.5037,11,0,2.0,2.5,11,6,corner_R,0.0,1.0,11,16,corner,1.0,1.0
022YYQ22298V,1342,67.1,1,tesla,tesla,building,9.0,21.0,bowler,8.87,bowler,3,0.0,0.0,26,0.2835,0.0,4,1,0.0,0.0,1,26,1.0,0.5,1,8,0.0,0.0,1,26,0.0,0.0,1,26,0.0,0.0,1,26,0.0,0.0,1,26,0.0,0.0,1,26,0.0,0.0,1,26,0.0,0.0,1,26,0.0,1.0,6,21,0.0,0.0,1,26,6.933,1.8259,19,1,1.2835,0.5,3,1,g3_22,0.2835,0.0,4,1,g3_22,0.0,0.0,0.4814,0.0,3,1,0.0,0.0,1,26,1.0,0.5,1,8,0.0,0.0,1,26,0.0,0.0,1,26,0.0,0.0,1,26,0.0,0.0,1,26,0.0,0.0,1,26,0.0,0.0,1,26,0.0,0.0,1,26,0.0,0.8489,8,19,0.0,0.0,1,26,6.933,1.8259,19,1,1.4814,0.5,1,1,tesla_modal,0.4814,0.0,3,1,g9_18,0.0,0.0
022YYQ22298V,1554,77.7,1,x-bow,x_bow,building,15.5,19.5,,0.0,,0,0.0,0.0,26,0.0,0.0,1,26,0.0,0.0,1,26,0.5,0.5,11,16,0.0,0.0,1,26,0.0,0.0,1,26,0.0,0.0,1,26,0.0,0.0,1,26,0.0,0.0,1,26,0.9616,1.0,9,0,0.0,0.0,1,26,0.0,0.0,1,26,0.0,0.0,1,26,0.0,0.0,1,26,1.4616,1.5,9,0,g9_18,0.9616,1.0,9,0,corner,0.0,0.0,0.0,0.0,1,26,0.0,0.0,1,26,0.5,0.5,11,16,0.0,0.0,1,26,0.0,0.0,1,26,0.0,0.0,1,26,0.0,0.0,1,26,0.0,0.0,1,26,0.9616,1.0,9,0,0.0,0.0,1,26,0.0,0.0,1,26,0.0,0.0,1,26,0.0,0.0,1,26,1.4616,1.5,9,0,g9_18,0.9616,1.0,9,0,corner,0.0,0.0
022YYQ22298V,2383,119.2,1,tesla,tesla,building,9.0,22.0,electro_giant,10.55,electro_giant,2,0.0,0.0,26,1.0,0.65,1,3,-0.0,-0.3182,1,19,0.5,0.5,1,16,0.0,0.0,1,26,0.0,0.0,1,26,0.0,0.0,1,26,0.0,0.0,1,26,0.0,0.0,1,26,0.0,0.0,1,26,0.0,0.0,1,26,0.0,1.0,8,19,-0.0,-0.0,1,26,5.0,1.5,15,3,1.5,0.8318,1,2,tesla_modal,0.75,0.1875,1,2,tesla_modal,0.0,0.0,1.0,0.0718,1,3,0.0,0.0,1,26,0.5,0.5,1,16,0.0,0.0,1,26,0.0,0.0,1,26,0.0,0.0,1,26,0.0,0.0,1,26,0.0,0.0,1,26,0.0,0.0,1,26,0.0,0.0,1,26,0.0,1.0,6,21,0.0,0.0,1,26,5.0,1.5,15,3,1.5,0.5718,1,2,tesla_modal,0.75,0.0538,1,2,tesla_modal,0.0,0.0
022YYQ22298V,2581,129.1,1,x-bow,x_bow,building,15.5,19.5,electro_giant,9.66,electro_giant,1,0.0,0.0,26,0.0,1.0,9,18,-0.0,-0.0,1,19,0.0,0.5,19,8,0.0,0.0,1,26,0.0,0.0,1,26,0.0,0.0,1,26,0.0,0.0,1,26,1.0,1.0,1,26,0.9616,1.0,9,0,0.0,0.0,1,26,0.0,1.0,11,16,-0.0,-0.0,1,24,6.6801,3.1582,10,0,1.9616,3.5,11,0,corner,0.9616,1.0,8,0,corner,1.0,1.0,0.0,0.9009,9,18,0.0,0.0,1,26,0.0,0.5,19,8,0.0,0.0,1,26,0.0,0.0,1,26,0.0,0.0,1,26,0.0,0.0,1,26,0.2428,0.2428,1,26,0.9616,1.0,9,0,0.0,0.0,1,26,0.0,0.9009,11,16,0.0,0.0,1,26,6.6801,3.1582,10,0,1.2044,2.6436,10,0,corner,0.9616,1.0,9,0,corner,0.2428,0.2428
022YYQ22298V,3207,160.4,1,tesla,tesla,building,11.0,18.0,inferno_dragon,5.52,inferno_dragon,3,0.0,0.0,26,0.0,0.0,3,24,0.0,0.0,1,26,0.0,0.5,18,9,0.0,0.0,1,26,0.0,0.0,1,26,0.0,0.0,1,26,0.0,0.0,1,26,1.0,1.0,1,26,0.0,0.0,1,26,0.0,0.0,1,26,0.0,0.0,4,23,0.0,0.0,1,26,5.5176,10.7291,13,0,1.0,1.5,18,9,tesla_modal,0.0,0.0,3,24,tesla_modal,1.0,1.0,0.0,0.0,4,23,0.0,0.0,1,26,0.0,0.5,18,9,0.0,0.0,1,26,0.0,0.0,1,26,0.0,0.0,1,26,0.0,0.0,1,26,1.0,1.0,1,26,0.0,0.0,1,26,0.0,0.0,1,26,0.0,0.0,5,22,0.0,0.0,1,26,5.5176,10.7291,13,0,1.0,1.5,18,9,tesla_modal,0.0,0.0,4,23,tesla_modal,1.0,1.0
022YYQ22298V,3314,166.5,1,x-bow,x_bow,building,15.5,19.5,electro_giant,4.97,electro_giant,3,0.0,0.0,26,1.0,0.0,1,12,-0.0,-0.0,1,23,0.0,0.5,19,8,0.0,0.0,1,26,0.0,0.0,1,26,0.0,0.0,1,26,0.0,0.0,1,26,0.0,0.0,1,26,0.9616,1.0,9,0,0.0,0.0,1,26,1.0,0.0,1,12,-0.0,-0.0,1,23,4.7759,7.7635,17,0,1.9616,1.5,5,0,g3_18,1.0,1.0,1,7,corner,0.0,0.0,1.0,0.0,1,11,0.0,0.0,1,26,0.0,0.5,19,8,0.0,0.0,1,26,0.0,0.0,1,26,0.0,0.0,1,26,0.0,0.0,1,26,0.0,0.0,1,26,0.9616,1.0,9,0,0.0,0.0,1,26,1.0,0.0,1,11,0.0,0.0,1,26,4.7759,7.7635,17,0,1.9616,1.5,5,0,g3_18,1.0,1.0,1,8,corner,0.0,0.0
022YYQ2G0LPV,764,38.2,1,tesla,tesla,building,8.0,19.0,baby_dragon,5.5,baby_dragon,5,0.0,0.0,26,0.0,0.0,3,24,0.0,0.0,1,26,0.7692,0.5,9,0,0.0,0.0,1,26,0.0,0.0,1,26,0.0,0.0,1,26,0.0,0.0,1,26,1.0,1.0,1,26,0.0,0.0,1,26,0.0,0.0,1,26,1.0,0.0,1,1,0.0,0.0,1,26,1.6152,1.8951,24,0,1.7692,1.5,10,0,centre,0.0,0.0,3,24,g3_22,1.0,1.0,0.0,0.0,4,23,0.0,0.0,1,26,0.7692,0.5,9,0,0.0,0.0,1,26,0.0,0.0,1,26,0.0,0.0,1,26,0.0,0.0,1,26,1.0,1.0,1,26,0.0,0.0,1,26,0.0,0.0,1,26,1.0,0.0627,1,2,0.0,0.0,1,26,1.6152,1.8951,24,0,1.7692,1.5,11,0,tesla_modal,0.0,0.0,4,23,g3_22,1.0,1.0
022YYQ2G0LPV,1315,65.8,1,tesla,tesla,building,9.0,20.0,golemite,5.68,golemite,8,0.0,0.0,26,0.0,0.0,1,26,-0.0,-0.0,1,25,1.0,0.5,1,8,0.0,0.0,1,26,0.0,0.0,1,26,0.0,0.0,1,26,0.0,0.0,1,26,1.0,1.0,1,26,0.0,0.0,1,26,0.0,0.0,1,26,0.0,0.0,1,26,-0.0,-0.0,1,26,5.6836,13.0406,12,0,2.0,1.5,1,8,centre,0.0,0.0,1,25,corner,1.0,1.0,0.0,0.0,1,26,-0.0,-0.0,1,24,1.0,0.5,1,8,0.0,0.0,1,26,0.0,0.0,1,26,0.0,0.0,1,26,0.0,0.0,1,26,1.0,1.0,1,26,0.0,0.0,1,26,0.0,0.0,1,26,0.0,0.0,1,26,-0.0,-0.0,1,24,5.6836,13.0406,12,0,2.0,1.5,1,8,centre,0.0,0.0,1,24,corner,1.0,1.0
022YYQ2G0LPV,2314,115.7,1,tesla,tesla,building,10.0,20.0,golem,8.24,golem,2,0.0,0.0,26,1.0,0.875,1,3,-0.0,-0.1429,1,19,0.4951,0.5,17,0,0.0,0.0,1,26,0.0,0.0,1,26,0.0,0.0,1,26,0.0,0.0,1,26,0.0,0.0,1,26,0.0,0.0,1,26,0.0,0.0,1,26,0.0,0.6034,5,22,-0.0,-0.0,1,26,6.0,1.5,13,0,1.4951,1.2321,3,0,tesla_modal,0.7476,0.5134,3,0,tesla_modal,0.0,0.0,1.0,0.0718,1,3,0.0,0.0,1,26,0.4951,0.5,17,0,0.0,0.0,1,26,0.0,0.0,1,26,0.0,0.0,1,26,0.0,0.0,1,26,0.0,0.0,1,26,0.0,0.0,1,26,0.0,0.0,1,26,0.0,0.6937,5,22,0.0,0.0,1,26,6.0,1.5,13,0,1.4951,0.5718,3,0,tesla_modal,0.7476,0.0538,3,0,tesla_modal,0.0,0.0
022YYQ2G0LPV,2711,135.6,1,tesla,tesla,building,9.0,18.0,golem,3.33,golem,2,0.0,0.0,26,1.0,1.0,1,8,-0.0,-0.0,1,23,0.2332,0.5,17,1,0.0,0.0,1,26,0.0,0.0,1,26,0.0,0.0,1,26,0.0,0.0,1,26,1.0,1.0,1,26,0.0,0.0,1,26,0.0,0.0,1,26,1.0,1.0,1,9,-0.0,-0.0,1,25,3.5792,3.9324,18,1,2.2332,2.5,8,1,corner,0.6166,0.75,8,1,corner,1.0,1.0,1.0,1.0,1,4,0.0,0.0,1,26,0.2332,0.5,17,1,0.0,0.0,1,26,0.0,0.0,1,26,0.0,0.0,1,26,0.0,0.0,1,26,1.0,1.0,1,26,0.0,0.0,1,26,0.0,0.0,1,26,1.0,1.0,1,4,0.0,0.0,1,26,3.5792,3.9324,18,1,2.2332,2.5,8,1,corner,0.6166,0.75,7,1,corner,1.0,1.0
022YYQ2G0LPV,2974,148.7,1,x-bow,x_bow,building,11.5,21.5,skeleton_dragons,4.37,skeleton_dragons,2,0.0,0.0,26,0.0,1.0,10,17,0.0,0.0,1,26,0.3852,0.5,17,0,0.0,0.0,1,26,0.0,0.0,1,26,0.0,0.0,1,26,0.0,0.0,1,26,0.0,0.0,1,26,0.0,1.0,9,18,0.0,0.0,1,26,1.0,1.0,1,5,0.0,0.0,1,26,0.7128,5.3037,26,0,0.3852,2.5,21,0,corner,0.0,1.0,14,13,corner,0.0,0.0,0.0,1.0,11,16,0.0,0.0,1,26,0.3852,0.5,17,0,0.0,0.0,1,26,0.0,0.0,1,26,0.0,0.0,1,26,0.0,0.0,1,26,0.0,0.0,1,26,0.0,1.0,9,18,0.0,0.0,1,26,1.0,1.0,1,5,0.0,0.0,1,26,0.7128,5.3037,26,0,0.3852,2.5,21,0,corner,0.0,1.0,15,12,corner,0.0,0.0
022YYQ2G0LPV,3243,162.2,1,tesla,tesla,building,10.0,19.0,skeleton_dragons,1.06,skeleton_dragons,3,0.0,0.0,26,0.0,0.0,11,16,0.0,0.0,1,26,0.2692,0.5,17,0,0.0,0.0,1,26,0.0,0.0,1,26,0.0,0.0,1,26,0.0,0.0,1,26,1.0,1.0,1,26,0.0,0.0,1,26,0.0,0.0,1,26,0.0,0.0,13,14,0.0,0.0,1,26,0.5076,8.7737,27,0,1.2692,1.5,21,0,g9_26,0.0,0.0,11,16,g9_26,1.0,1.0,0.0,0.0,13,14,0.0,0.0,1,26,0.2692,0.5,17,0,0.0,0.0,1,26,0.0,0.0,1,26,0.0,0.0,1,26,0.0,0.0,1,26,1.0,1.0,1,26,0.0,0.0,1,26,0.0,0.0,1,26,0.0,0.0,13,14,0.0,0.0,1,26,0.5076,8.7737,27,0,1.2692,1.5,22,0,g9_26,0.0,0.0,13,14,g9_26,1.0,1.0
022YYQ2QJRPV,547,27.4,1,tesla,tesla,building,10.0,21.0,golem,10.34,golem,1,0.0,0.0,26,1.0,0.875,1,3,-0.0,-0.1429,1,19,1.0,0.5,1,8,0.0,0.0,1,26,0.0,0.0,1,26,0.0,0.0,1,26,0.0,0.0,1,26,0.0,0.0,1,26,0.0,0.0,1,26,0.0,0.0,1,26,0.0,0.6085,5,22,-0.0,-0.0,1,26,6.0,1.5,13,0,2.0,1.2321,1,2,tesla_modal,1.0,0.5134,1,2,tesla_modal,0.0,0.0,1.0,0.0718,1,3,0.0,0.0,1,26,1.0,0.5,1,8,0.0,0.0,1,26,0.0,0.0,1,26,0.0,0.0,1,26,0.0,0.0,1,26,0.0,0.0,1,26,0.0,0.0,1,26,0.0,0.0,1,26,0.0,0.6988,5,22,0.0,0.0,1,26,6.0,1.5,13,0,2.0,0.5718,1,2,tesla_modal,1.0,0.0538,1,2,tesla_modal,0.0,0.0
022YYQ2QJRPV,1152,57.6,1,x-bow,x_bow,building,2.5,19.5,golemite,8.62,golemite,2,0.0,0.0,26,0.0,0.0,1,26,-0.0,-0.0,1,25,0.0,0.0,19,8,0.0,0.0,1,26,0.0,0.0,1,26,0.0,0.0,1,26,0.0,0.0,1,26,0.0,0.0,1,26,0.9616,1.0,9,0,0.0,0.0,1,26,0.0,0.0,1,26,-0.0,-0.0,1,26,8.521,9.8949,11,0,0.9616,1.0,9,0,bow_modal_R,0.9616,1.0,9,0,corner,0.0,0.0,0.0,0.0,1,26,-0.0,-0.0,1,23,0.0,0.0,19,8,0.0,0.0,1,26,0.0,0.0,1,26,0.0,0.0,1,26,0.0,0.0,1,26,0.0,0.0,1,26,0.9616,1.0,9,0,0.0,0.0,1,26,0.0,0.0,1,26,-0.0,-0.0,1,25,8.521,9.8949,11,0,0.9616,1.0,9,0,bow_modal_R,0.9616,1.0,9,0,corner,0.0,0.0
022YYQ2QJRPV,1961,98.1,1,x-bow,x_bow,building,2.5,19.5,golem,15.8,golem,1,0.0,0.0,26,0.9674,1.0,11,0,-0.0373,-0.0,21,0,0.0,0.0,19,8,0.0,0.0,1,26,0.0,0.0,1,26,0.0,0.0,1,26,0.0,0.0,1,26,0.0,0.0,1,26,0.9616,1.0,9,0,0.0,0.0,1,26,0.0,0.0,1,26,-0.0,-0.0,1,26,1.6847,2.216,21,0,1.8916,2.0,5,0,g9_18,0.9627,1.0,8,0,corner,0.0,0.0,0.1641,0.4298,12,0,0.0,0.0,1,26,0.0,0.0,19,8,0.0,0.0,1,26,0.0,0.0,1,26,0.0,0.0,1,26,0.0,0.0,1,26,0.0,0.0,1,26,0.9616,1.0,9,0,0.0,0.0,1,26,0.0,0.0,1,26,0.0,0.0,1,26,1.6847,2.216,21,0,1.1257,1.4298,10,0,g9_18,1.0,1.0,1,8,corner,0.0,0.0
022YYQ2QJRPV,2308,115.4,1,tesla,tesla,building,8.0,19.0,golem,4.29,golem,2,0.0,0.0,26,1.0,0.4931,1,6,-0.0,-0.5793,1,21,0.2692,0.0,18,0,0.0,0.0,1,26,0.0,0.0,1,26,0.0,0.0,1,26,0.0,0.0,1,26,0.59,0.59,1,26,0.0,0.0,1,26,0.0,0.0,1,26,1.0,1.0,1,7,-0.0,-0.0,1,26,4.5418,0.7362,21,0,1.8592,0.5038,4,0,centre,0.6346,-0.0534,4,0,centre,0.59,0.59,1.0,0.0,1,5,0.0,0.0,1,26,0.2692,0.0,18,0,0.0,0.0,1,26,0.0,0.0,1,26,0.0,0.0,1,26,0.0,0.0,1,26,0.59,0.59,1,26,0.0,0.0,1,26,0.0,0.0,1,26,1.0,1.0,1,5,0.0,0.0,1,26,4.5418,0.7362,21,0,1.8592,0.59,4,0,centre,0.6346,0.0,4,0,centre,0.59,0.59
022YYQ2QJRPV,2701,135.1,1,x-bow,x_bow,building,2.5,19.5,golem,7.01,golem,2,0.0,0.0,26,0.0,0.0,4,23,-0.0,-0.0,1,22,0.0,0.0,19,8,0.0,0.0,1,26,0.0,0.0,1,26,0.0,0.0,1,26,0.0,0.0,1,26,0.5227,0.5227,1,26,0.9616,1.0,9,0,0.0,0.0,1,26,0.0,0.0,4,23,-0.0,-0.0,1,23,7.1624,8.5765,8,0,1.4842,1.5227,9,0,bow_modal_R,0.9616,1.0,9,0,corner,0.5227,0.5227,0.0,0.0,1,26,0.0,0.0,1,26,0.0,0.0,19,8,0.0,0.0,1,26,0.0,0.0,1,26,0.0,0.0,1,26,0.0,0.0,1,26,0.0,0.0,1,26,0.9616,1.0,9,0,0.0,0.0,1,26,0.0,0.0,1,26,0.0,0.0,1,26,7.1624,8.5765,8,0,0.9616,1.0,9,0,bow_modal_R,0.9616,1.0,9,0,corner,0.0,0.0
022YYQ92909Q,408,20.4,1,tesla,tesla,building,9.0,20.0,zappies,13.36,zappies,3,0.0,0.0,26,0.75,0.0,1,3,0.0,0.0,1,26,1.0,0.5,1,8,0.0,0.0,1,26,0.0,0.0,1,26,0.0,0.0,1,26,0.0,0.0,1,26,0.0,0.0,1,26,0.0,0.0,1,26,0.0,0.0,1,26,0.0,0.0,1,26,0.0,0.0,1,26,5.0,1.5,15,3,1.75,0.5,1,2,tesla_modal,0.75,0.0,1,2,tesla_modal,0.0,0.0,1.0,0.0,1,3,0.0,0.0,1,26,1.0,0.5,1,8,0.0,0.0,1,26,0.0,0.0,1,26,0.0,0.0,1,26,0.0,0.0,1,26,0.0,0.0,1,26,0.0,0.0,1,26,0.0,0.0,1,26,0.0,0.0,1,26,0.0,0.0,1,26,5.0,1.5,15,3,2.0,0.5,1,2,tesla_modal,1.0,0.0,1,2,tesla_modal,0.0,0.0
022YYQ92909Q,616,30.8,1,x-bow,x_bow,building,15.5,19.5,zappies,4.1,zappies,4,0.0,0.0,26,0.0,0.0,4,23,0.0,0.0,1,26,0.5,0.5,11,16,0.0,0.0,1,26,0.0,0.0,1,26,0.0,0.0,1,26,0.0,0.0,1,26,1.0,1.0,1,26,0.9616,1.0,9,0,0.0,0.0,1,26,0.3721,0.0,2,0,0.0,0.0,1,26,0.4,11.9419,22,1,2.4616,2.5,11,0,g9_18,0.9616,1.0,9,0,corner,1.0,1.0,0.0,0.0,5,22,0.0,0.0,1,26,0.5,0.5,11,16,0.0,0.0,1,26,0.0,0.0,1,26,0.0,0.0,1,26,0.0,0.0,1,26,1.0,1.0,1,26,0.9616,1.0,9,0,0.0,0.0,1,26,1.0,0.0,1,3,0.0,0.0,1,26,0.4,11.9419,22,1,2.4616,2.5,11,0,g9_18,0.9616,1.0,11,0,corner,1.0,1.0
022YYQ92909Q,1484,74.2,1,tesla,tesla,building,9.0,21.0,witch,12.81,witch,5,0.0,0.0,26,0.25,0.0,1,3,0.0,0.0,1,26,1.0,0.5,1,8,0.0,0.0,1,26,0.0,0.0,1,26,0.0,0.0,1,26,0.0,0.0,1,26,0.0,0.0,1,26,0.0,0.0,1,26,0.0,0.0,1,26,0.0,0.0,1,26,0.0,0.0,1,26,5.0,12.1375,14,3,1.25,0.5,1,2,tesla_modal,0.25,0.0,1,2,tesla_modal,0.0,0.0,0.8292,0.0,1,3,0.0,0.0,1,26,1.0,0.5,1,8,0.0,0.0,1,26,0.0,0.0,1,26,0.0,0.0,1,26,0.0,0.0,1,26,0.0,0.0,1,26,0.0,0.0,1,26,0.0,0.0,1,26,0.0,0.0,1,26,0.0,0.0,1,26,5.0,12.1375,14,3,1.8292,0.5,1,2,tesla_modal,0.8292,0.0,1,2,tesla_modal,0.0,0.0
022YYQ92909Q,2131,106.6,1,x-bow,x_bow,building,8.5,22.5,zappies,5.61,zappies,3,0.0,0.0,26,0.0,0.0,1,26,0.0,0.0,1,26,1.0,0.5,1,8,0.0,0.0,1,26,0.0,0.0,1,26,0.0,0.0,1,26,0.0,0.0,1,26,0.0,0.0,1,26,0.0,1.0,9,18,0.0,0.0,1,26,0.6952,0.0,3,0,0.0,0.0,1,26,1.9062,9.824,20,0,1.0,1.5,9,8,g9_18,0.0,1.0,9,18,corner,0.0,0.0,0.1798,0.0,5,0,0.0,0.0,1,26,1.0,0.5,1,8,0.0,0.0,1,26,0.0,0.0,1,26,0.0,0.0,1,26,0.0,0.0,1,26,0.2595,0.2595,1,26,0.0,1.0,9,18,0.0,0.0,1,26,1.0,0.0,1,4,0.0,0.0,1,26,1.9062,9.824,20,0,1.4393,1.7595,10,0,corner_R,0.1798,1.0,11,0,corner,0.2595,0.2595
022YYQ92909Q,2754,137.7,1,x-bow,x_bow,building,9.5,22.5,witch,5.06,witch,11,0.0,0.0,26,0.0,0.0,1,26,0.0,0.0,1,26,1.0,0.5,1,8,0.0,0.0,1,26,0.0,0.0,1,26,0.0,0.0,1,26,0.0,0.0,1,26,0.0,0.0,1,26,0.0,1.0,9,18,0.0,0.0,1,26,0.231,0.0,3,0,0.0,0.0,1,26,3.8915,11.3467,19,0,1.0,1.5,9,8,g9_18,0.0,1.0,9,18,corner,0.0,0.0,0.2749,0.0,3,0,0.0,0.0,1,26,1.0,0.5,1,8,0.0,0.0,1,26,0.0,0.0,1,26,0.0,0.0,1,26,0.0,0.0,1,26,0.1049,0.1049,1,26,0.0,1.0,9,18,0.0,0.0,1,26,0.8102,0.0,3,0,0.0,0.0,1,26,3.8915,11.3467,19,0,1.3798,1.6049,11,0,g9_18,0.2749,1.0,11,0,corner,0.1049,0.1049
022YYQ92909Q,3325,166.3,1,x-bow,x_bow,building,9.5,22.5,bowler,5.12,bowler,13,0.0,0.0,26,0.0,0.0,1,26,0.0,0.0,1,26,0.5,0.5,1,16,0.0,0.0,1,26,0.0,0.0,1,26,0.0,0.0,1,26,0.0,0.0,1,26,0.0,0.0,1,26,0.0,1.0,9,18,0.0,0.0,1,26,0.0,0.0,1,26,0.0,0.0,1,26,4.9991,2.4883,13,0,0.5,1.5,9,12,corner,0.0,1.0,9,18,corner,0.0,0.0,0.0,0.0,1,26,0.0,0.0,1,26,0.5,0.5,1,16,0.0,0.0,1,26,0.0,0.0,1,26,0.0,0.0,1,26,0.0,0.0,1,26,0.0,0.0,1,26,0.0,1.0,9,18,0.0,0.0,1,26,0.0,0.0,1,26,0.0,0.0,1,26,4.9991,2.4883,13,0,0.5,1.5,9,12,corner,0.0,1.0,9,18,corner,0.0,0.0
022YYQL2QLUV,261,13.1,1,tesla,tesla,building,8.0,20.0,skeleton_barrel,6.43,skeleton_barrel,2,0.0,0.0,26,1.0,0.4328,1,2,-0.0,-0.8403,1,20,0.9951,0.5,9,0,0.0,0.0,1,26,0.0,0.0,1,26,0.0,0.0,1,26,0.0,0.0,1,26,1.0,1.0,1,26,0.0,0.0,1,26,0.0,0.0,1,26,1.0,0.9905,1,4,-0.0,-0.014,1,23,4.9113,0.2155,18,0,2.9951,1.0924,1,0,lane,0.9976,0.0246,1,0,lane,1.0,1.0,1.0,0.0,1,1,0.0,0.0,1,26,0.9951,0.5,9,0,0.0,0.0,1,26,0.0,0.0,1,26,0.0,0.0,1,26,0.0,0.0,1,26,1.0,1.0,1,26,0.0,0.0,1,26,0.0,0.0,1,26,1.0,0.0,1,3,0.0,0.0,1,26,4.9113,0.2155,18,0,2.9951,1.5,1,0,g9_18,0.9976,0.0,1,0,g9_18,1.0,1.0
022YYQL2QLUV,1608,80.4,1,tesla,tesla,building,8.0,22.0,suspicious_bush,3.84,suspicious_bush,2,0.0,0.0,26,1.0,0.0,1,9,-0.0,-0.0,1,21,0.5,0.5,1,16,0.0,0.0,1,26,0.0,0.0,1,26,0.0,0.0,1,26,0.0,0.0,1,26,1.0,1.0,1,26,0.0,0.0,1,26,0.0,0.0,1,26,1.0,0.0,1,12,-0.0,-0.0,1,25,3.1484,10.4985,15,0,2.5,1.5,1,3,centre,0.75,0.0,1,3,centre,1.0,1.0,1.0,0.0,1,9,-0.0,-0.0,1,21,0.5,0.5,1,16,0.0,0.0,1,26,0.0,0.0,1,26,0.0,0.0,1,26,0.0,0.0,1,26,1.0,1.0,1,26,0.0,0.0,1,26,0.0,0.0,1,26,1.0,0.0,1,12,-0.0,-0.0,1,25,3.1484,10.4985,15,0,2.5,1.5,1,3,centre,0.75,0.0,1,3,centre,1.0,1.0
022YYQL2QLUV,2552,127.6,1,x-bow,x_bow,building,15.5,19.5,suspicious_bush,11.61,suspicious_bush,2,0.0,0.0,26,0.0,0.95,9,18,-0.0,-0.0667,1,19,0.0,0.5,19,8,0.0,0.0,1,26,0.0,0.0,1,26,0.0,0.0,1,26,0.0,0.0,1,26,1.0,1.0,1,26,0.9616,1.0,9,0,0.0,0.0,1,26,0.0,0.994,9,18,-0.0,-0.008,1,22,11.4,1.4,3,0,1.9616,3.3833,9,0,corner,0.9616,0.9333,5,0,bow_modal_R,1.0,1.0,0.0,0.7861,9,18,-0.0,-0.234,1,19,0.0,0.5,19,8,0.0,0.0,1,26,0.0,0.0,1,26,0.0,0.0,1,26,0.0,0.0,1,26,1.0,1.0,1,26,0.9616,1.0,9,0,0.0,0.0,1,26,0.0,0.8301,9,18,-0.0,-0.1859,1,22,11.4,1.4,3,0,1.9616,3.0521,9,0,g9_18,0.9616,0.766,5,0,bow_modal_R,1.0,1.0
022YYQL2QLUV,2642,132.9,1,tesla,tesla,building,13.0,18.0,suspicious_bush,10.33,suspicious_bush,5,0.0,0.0,26,0.0,0.0,2,25,-0.0,-0.0,1,24,0.0,0.5,18,9,0.0,0.0,1,26,0.0,0.0,1,26,0.0,0.0,1,26,0.0,0.0,1,26,1.0,1.0,1,26,0.0,0.0,1,26,0.0,0.0,1,26,0.0,0.0,2,25,-0.0,-0.0,1,25,10.3301,4.6078,7,0,1.0,1.5,17,9,g3_22,0.0,0.0,2,24,g3_22,1.0,1.0,0.0,0.0,2,25,-0.0,-0.0,1,24,0.0,0.5,18,9,0.0,0.0,1,26,0.0,0.0,1,26,0.0,0.0,1,26,0.0,0.0,1,26,1.0,1.0,1,26,0.0,0.0,1,26,0.0,0.0,1,26,0.0,0.0,2,25,-0.0,-0.0,1,25,10.3301,4.6078,7,0,1.0,1.5,17,9,corner,0.0,0.0,2,24,g3_22,1.0,1.0
022YYQL2QLUV,3074,153.7,1,x-bow,x_bow,building,15.5,19.5,suspicious_bush,11.92,suspicious_bush,1,0.0,0.0,26,0.0,0.95,10,17,-0.0,-0.0667,1,19,0.0,0.5,19,8,0.0,0.0,1,26,0.0,0.0,1,26,0.0,0.0,1,26,0.0,0.0,1,26,1.0,1.0,1,26,0.9616,1.0,9,0,0.0,0.0,1,26,0.0,1.0,10,17,-0.0,-0.0,1,25,11.4,1.4,3,0,1.9616,3.3833,10,0,corner,0.9616,0.9333,5,0,bow_modal_R,1.0,1.0,0.0,0.7861,10,17,-0.0,-0.234,1,19,0.0,0.5,19,8,0.0,0.0,1,26,0.0,0.0,1,26,0.0,0.0,1,26,0.0,0.0,1,26,1.0,1.0,1,26,0.9616,1.0,9,0,0.0,0.0,1,26,0.0,1.0,10,17,-0.0,-0.0,1,25,11.4,1.4,3,0,1.9616,3.0521,10,0,g9_18,0.9616,0.766,5,0,bow_modal_R,1.0,1.0
022YYQL828PQ,286,14.3,1,x-bow,x_bow,building,13.5,19.5,monk,18.7,monk,1,0.0,0.0,26,0.0,0.6,8,19,-0.0,-0.3636,1,19,0.5,0.5,11,16,0.0,0.0,1,26,0.0,0.0,1,26,0.0,0.0,1,26,0.0,0.0,1,26,0.0,0.0,1,26,0.9616,1.0,9,0,0.0,0.0,1,26,0.0,0.0,1,26,-0.0,-0.0,1,26,9.4,1.4,9,1,1.4616,1.7364,9,0,g9_18,0.9616,0.7,7,0,tesla_modal,0.0,0.0,0.0,0.0,4,23,0.0,0.0,1,26,0.5,0.5,11,16,0.0,0.0,1,26,0.0,0.0,1,26,0.0,0.0,1,26,0.0,0.0,1,26,0.0,0.0,1,26,0.9616,1.0,9,0,0.0,0.0,1,26,0.0,0.0,1,26,0.0,0.0,1,26,9.4,1.4,9,1,1.4616,1.5,11,0,g9_18,0.9616,1.0,11,0,corner,0.0,0.0
022YYQL828PQ,924,46.2,1,tesla,tesla,building,9.0,21.0,elixir_golem,17.46,elixir_golem,1,0.0,0.0,26,1.0,0.0,1,3,-0.0,-0.0,1,20,1.0,0.5,1,8,0.0,0.0,1,26,0.0,0.0,1,26,0.0,0.0,1,26,0.0,0.0,1,26,0.0,0.0,1,26,0.0,0.0,1,26,0.0,0.0,1,26,0.0,0.0,1,26,-0.0,-0.0,1,26,5.0,12.5,14,3,2.0,0.5,1,2,tesla_modal,1.0,0.0,1,2,tesla_modal,0.0,0.0,1.0,0.0,1,3,0.0,0.0,1,26,1.0,0.5,1,8,0.0,0.0,1,26,0.0,0.0,1,26,0.0,0.0,1,26,0.0,0.0,1,26,0.0,0.0,1,26,0.0,0.0,1,26,0.0,0.0,1,26,0.0,0.0,1,26,0.0,0.0,1,26,5.0,12.5,14,3,2.0,0.5,1,2,tesla_modal,1.0,0.0,1,2,tesla_modal,0.0,0.0
022YYQL828PQ,1773,88.7,1,tesla,tesla,building,9.0,18.0,electro_dragon,10.66,electro_dragon,1,0.0,0.0,26,0.0,0.0,3,24,0.0,0.0,1,26,0.4663,0.5,26,1,0.0,0.0,1,26,0.0,0.0,1,26,0.0,0.0,1,26,0.0,0.0,1,26,0.0,0.0,1,26,0.0,0.0,1,26,0.0,0.0,1,26,0.0,0.0,1,26,0.0,0.0,1,26,8.5128,14.5439,23,1,0.4663,0.5,26,1,centre,0.0,0.0,3,24,g15_18,0.0,0.0,0.0,0.0,3,24,0.0,0.0,1,26,0.4663,0.5,26,1,0.0,0.0,1,26,0.0,0.0,1,26,0.0,0.0,1,26,0.0,0.0,1,26,0.0,0.0,1,26,0.0,0.0,1,26,0.0,0.0,1,26,0.0,0.0,1,26,0.0,0.0,1,26,8.5128,14.5439,23,1,0.4663,0.5,26,1,centre,0.0,0.0,3,24,g15_18,0.0,0.0
022YYQL828PQ,2371,118.6,1,x-bow,x_bow,building,15.5,19.5,elixir_golemite,5.62,elixir_golemite,5,0.0,0.0,26,0.0,0.0,6,21,-0.0,-0.0,1,21,0.0,0.5,19,8,0.0,0.0,1,26,0.0,0.0,1,26,0.0,0.0,1,26,0.0,0.0,1,26,1.0,1.0,1,26,0.9616,1.0,9,0,0.0,0.0,1,26,0.0,0.0,6,21,-0.0,-0.0,1,24,5.5167,12.0924,12,0,1.9616,2.5,12,0,corner,0.9616,1.0,9,0,corner,1.0,1.0,0.0,0.0,6,21,-0.0,-0.0,1,21,0.0,0.5,19,8,0.0,0.0,1,26,0.0,0.0,1,26,0.0,0.0,1,26,0.0,0.0,1,26,1.0,1.0,1,26,0.9616,1.0,9,0,0.0,0.0,1,26,0.0,0.0,6,21,-0.0,-0.0,1,24,5.5167,12.0924,12,0,1.9616,2.5,12,0,corner,0.9616,1.0,9,0,corner,1.0,1.0
022YYQL828PQ,2603,130.2,1,tesla,tesla,building,12.0,18.0,elixir_blob,10.29,elixir_blob,8,0.0,0.0,26,0.0,0.0,1,26,-0.0,-0.0,1,24,0.0,0.5,18,9,0.0,0.0,1,26,0.0,0.0,1,26,0.0,0.0,1,26,0.0,0.0,1,26,1.0,1.0,1,26,0.0,0.0,1,26,0.0,0.0,1,26,0.0,0.0,1,26,-0.0,-0.0,1,25,10.2861,12.4035,8,0,1.0,1.5,17,8,corner,0.0,0.0,1,24,corner,1.0,1.0,0.0,0.0,1,26,-0.0,-0.0,1,24,0.0,0.5,18,9,0.0,0.0,1,26,0.0,0.0,1,26,0.0,0.0,1,26,0.0,0.0,1,26,1.0,1.0,1,26,0.0,0.0,1,26,0.0,0.0,1,26,0.0,0.0,1,26,-0.0,-0.0,1,25,10.2861,12.4035,8,0,1.0,1.5,17,8,corner,0.0,0.0,1,24,corner,1.0,1.0
022YYQYV2C2J,978,48.9,1,tesla,tesla,building,10.0,21.0,skeleton_barrel,8.25,skeleton_barrel,2,0.0,0.0,26,1.0,0.0,1,5,-0.0,-0.0,1,21,1.0,0.5,1,8,0.0,0.0,1,26,0.0,0.0,1,26,0.0,0.0,1,26,0.0,0.0,1,26,1.0,1.0,1,26,0.0,0.0,1,26,0.0,0.0,1,26,0.7229,0.0,7,0,-0.0,-0.0,1,26,4.9571,13.8096,17,0,3.0,1.5,1,3,tesla_modal,1.0,0.0,1,3,tesla_modal,1.0,1.0,1.0,0.0,1,3,0.0,0.0,1,26,1.0,0.5,1,8,0.0,0.0,1,26,0.0,0.0,1,26,0.0,0.0,1,26,0.0,0.0,1,26,1.0,1.0,1,26,0.0,0.0,1,26,0.0,0.0,1,26,0.4633,0.0,7,0,0.0,0.0,1,26,4.9571,13.8096,17,0,3.0,1.5,1,2,tesla_modal,1.0,0.0,1,2,tesla_modal,1.0,1.0
022YYQYV2C2J,1106,56.1,1,x-bow,x_bow,building,2.5,19.5,,0.0,,8,0.0,0.0,26,0.0,0.0,1,26,0.0,0.0,1,26,0.5,0.5,11,16,0.0,0.0,1,26,0.0,0.0,1,26,0.0,0.0,1,26,0.0,0.0,1,26,0.0,0.0,1,26,0.9616,1.0,9,0,0.0,0.0,1,26,0.0,0.0,1,26,0.0,0.0,1,26,0.0,0.0,1,26,1.4616,1.5,9,0,g9_18,0.9616,1.0,9,0,corner,0.0,0.0,0.0,0.0,1,26,0.0,0.0,1,26,0.5,0.5,11,16,0.0,0.0,1,26,0.0,0.0,1,26,0.0,0.0,1,26,0.0,0.0,1,26,0.0,0.0,1,26,0.9616,1.0,9,0,0.0,0.0,1,26,0.0,0.0,1,26,0.0,0.0,1,26,0.0,0.0,1,26,1.4616,1.5,9,0,g9_18,0.9616,1.0,9,0,corner,0.0,0.0
022YYQYV2C2J,1803,90.2,1,tesla,tesla,building,8.0,21.0,skeleton_barrel,6.26,skeleton_barrel,2,0.0,0.0,26,0.0,0.325,7,20,-0.0,-1.0,1,20,0.5,0.5,1,16,0.0,0.0,1,26,0.0,0.0,1,26,0.0,0.0,1,26,0.0,0.0,1,26,1.0,1.0,1,26,0.0,0.0,1,26,0.0,0.0,1,26,0.0,0.325,7,20,-0.0,-1.0,1,22,4.9571,0.0,18,0,1.5,0.825,3,9,lane,0.0,-0.0563,3,19,lane,1.0,1.0,0.0,0.0,2,25,0.0,0.0,1,26,0.5,0.5,1,16,0.0,0.0,1,26,0.0,0.0,1,26,0.0,0.0,1,26,0.0,0.0,1,26,1.0,1.0,1,26,0.0,0.0,1,26,0.0,0.0,1,26,0.0,0.0,3,24,0.0,0.0,1,26,4.9571,0.0,18,0,1.5,1.5,2,15,lane,0.0,0.0,2,25,lane,1.0,1.0
022YYQYV2C2J,2591,129.6,1,tesla,tesla,building,8.0,18.0,skeleton_barrel,5.31,skeleton_barrel,3,0.0,0.0,26,1.0,0.4328,1,1,-0.0,-0.8403,1,20,0.4179,0.5,17,0,0.0,0.0,1,26,0.0,0.0,1,26,0.0,0.0,1,26,0.0,0.0,1,26,1.0,1.0,1,26,0.0,0.0,1,26,0.0,0.0,1,26,1.0,0.4332,1,2,-0.0,-0.8397,1,22,5.2691,0.2155,17,0,2.4179,1.0924,2,0,lane,0.7089,0.0246,2,0,lane,1.0,1.0,1.0,0.0,1,0,0.0,0.0,1,26,0.4179,0.5,17,0,0.0,0.0,1,26,0.0,0.0,1,26,0.0,0.0,1,26,0.0,0.0,1,26,1.0,1.0,1,26,0.0,0.0,1,26,0.0,0.0,1,26,1.0,0.0,1,0,0.0,0.0,1,26,5.2691,0.2155,17,0,2.4179,1.5,1,0,lane,0.7089,0.0,1,0,lane,1.0,1.0
022YYQYV2C2J,2821,141.1,1,x-bow,x_bow,building,2.5,19.5,dart_goblin,19.75,dart_goblin,1,0.0,0.0,26,0.2061,0.0,2,0,0.0,0.0,1,26,0.5,0.5,1,16,0.0,0.0,1,26,0.0,0.0,1,26,0.0,0.0,1,26,0.0,0.0,1,26,0.0,0.0,1,26,0.9616,1.0,9,0,0.0,0.0,1,26,0.0,0.0,1,26,0.0,0.0,1,26,9.0879,10.3985,5,0,1.6677,1.5,1,0,g3_18,1.0,1.0,1,8,corner,0.0,0.0,0.0,0.0,9,18,0.0,0.0,1,26,0.5,0.5,1,16,0.0,0.0,1,26,0.0,0.0,1,26,0.0,0.0,1,26,0.0,0.0,1,26,0.0,0.0,1,26,0.9616,1.0,9,0,0.0,0.0,1,26,0.0,0.0,1,26,0.0,0.0,1,26,9.0879,10.3985,5,0,1.4616,1.5,6,0,g9_18,0.9616,1.0,9,0,corner,0.0,0.0
022YYQYV2C2J,3222,161.1,1,tesla,tesla,building,5.0,18.0,dart_goblin,6.95,dart_goblin,2,0.0,0.0,26,0.0,0.0,1,26,0.0,0.0,1,26,0.5,0.5,1,16,0.0,0.0,1,26,0.0,0.0,1,26,0.0,0.0,1,26,0.0,0.0,1,26,1.0,1.0,1,26,0.0,0.0,1,26,0.0,0.0,1,26,0.0,0.0,1,26,0.0,0.0,1,26,6.9532,10.0579,6,0,1.5,1.5,1,16,corner,0.0,0.0,1,26,corner,1.0,1.0,0.0,0.0,10,17,0.0,0.0,1,26,0.5,0.5,1,16,0.0,0.0,1,26,0.0,0.0,1,26,0.0,0.0,1,26,0.0,0.0,1,26,1.0,1.0,1,26,0.0,0.0,1,26,0.0,0.0,1,26,0.0,0.0,13,14,0.0,0.0,1,26,6.9532,10.0579,6,0,1.5,1.5,10,13,g9_18,0.0,0.0,10,17,g9_18,1.0,1.0
022YYQYV9Y2R,798,39.9,1,tesla,tesla,building,6.0,18.0,hunter,11.08,hunter,1,0.0,0.0,26,0.2436,0.0,2,0,0.0,0.0,1,26,0.5,0.5,9,17,0.0,0.0,1,26,0.0,0.0,1,26,0.0,0.0,1,26,0.0,0.0,1,26,1.0,1.0,1,26,0.0,0.0,1,26,0.0,0.0,1,26,0.0,0.0,1,26,0.0,0.0,1,26,7.0128,7.7874,26,0,1.7436,1.5,10,0,centre,0.1827,0.0,2,0,g3_18,1.0,1.0,0.3478,0.0,2,0,0.0,0.0,1,26,0.5,0.5,9,17,0.0,0.0,1,26,0.0,0.0,1,26,0.0,0.0,1,26,0.0,0.0,1,26,1.0,1.0,1,26,0.0,0.0,1,26,0.0,0.0,1,26,0.0,0.0,1,26,0.0,0.0,1,26,7.0128,7.7874,26,0,1.8478,1.5,10,0,centre,0.2608,0.0,2,0,g3_18,1.0,1.0
022YYQYV9Y2R,1575,78.8,1,tesla,tesla,building,9.0,18.0,royal_ghost,5.08,royal_ghost,3,0.0,0.0,26,1.0,1.0,1,7,-0.0,-0.0,1,24,0.4663,0.5,26,1,0.0,0.0,1,26,0.0,0.0,1,26,0.0,0.0,1,26,0.0,0.0,1,26,0.6141,0.6141,1,26,0.0,0.0,1,26,0.0,0.0,1,26,0.2646,1.0,6,1,-0.0,-0.0,1,26,2.5618,2.6249,21,1,2.0804,2.1141,7,1,tesla_modal,0.7332,0.75,7,1,tesla_modal,0.6141,0.6141,0.0,0.0,2,25,0.0,0.0,1,26,0.4663,0.5,26,1,0.0,0.0,1,26,0.0,0.0,1,26,0.0,0.0,1,26,0.0,0.0,1,26,0.6141,0.6141,1,26,0.0,0.0,1,26,0.0,0.0,1,26,0.4626,0.4891,4,1,0.0,0.0,1,26,2.5618,2.6249,21,1,1.0804,1.1141,26,1,centre,0.0,0.0,2,25,g3_22,0.6141,0.6141
022YYQYV9Y2R,2264,113.2,1,tesla,tesla,building,9.0,18.0,fisherman,4.99,fisherman,2,0.0,0.0,26,1.0,1.0,1,9,-0.0,-0.0,1,26,0.4663,0.5,26,1,0.0,0.0,1,26,0.0,0.0,1,26,0.0,0.0,1,26,0.0,0.0,1,26,1.0,1.0,1,26,0.0,0.0,1,26,0.0,0.0,1,26,0.6182,1.0,6,1,-0.0,-0.0,1,26,3.0983,4.7196,26,1,2.4663,2.5,9,1,tesla_modal,0.7332,0.75,9,1,tesla_modal,1.0,1.0,0.7769,1.0,7,1,0.0,0.0,1,26,0.4663,0.5,26,1,0.0,0.0,1,26,0.0,0.0,1,26,0.0,0.0,1,26,0.0,0.0,1,26,1.0,1.0,1,26,0.0,0.0,1,26,0.0,0.0,1,26,0.0,1.0,6,21,0.0,0.0,1,26,3.0983,4.7196,26,1,2.2432,2.5,8,1,tesla_modal,0.5696,0.75,8,1,tesla_modal,1.0,1.0
022YYQYV9Y2R,2801,140.1,1,tesla,tesla,building,9.0,22.0,royal_ghost,6.77,royal_ghost,4,0.0,0.0,26,1.0,0.0,1,3,-0.0,-0.0,1,19,1.0,0.5,1,8,0.0,0.0,1,26,0.0,0.0,1,26,0.0,0.0,1,26,0.0,0.0,1,26,1.0,1.0,1,26,0.0,0.0,1,26,0.0,0.0,1,26,0.3135,0.0,8,1,-0.0,-0.0,1,25,4.6414,11.7737,14,1,3.0,1.5,1,2,tesla_modal,1.0,0.0,1,2,tesla_modal,1.0,1.0,0.6499,0.0,1,1,0.0,0.0,1,26,1.0,0.5,1,8,0.0,0.0,1,26,0.0,0.0,1,26,0.0,0.0,1,26,0.0,0.0,1,26,1.0,1.0,1,26,0.0,0.0,1,26,0.0,0.0,1,26,0.5114,0.0,4,1,0.0,0.0,1,26,4.6414,11.7737,14,1,2.6499,1.5,1,1,g9_22,0.6499,0.0,1,1,g9_22,1.0,1.0
022YYQYV9Y2R,3188,159.4,1,tesla,tesla,building,9.0,22.0,royal_giant,4.94,royal_giant,4,0.0,0.0,26,0.1157,0.0,1,1,0.0,0.0,1,26,1.0,0.5,1,8,0.0,0.0,1,26,0.0,0.0,1,26,0.0,0.0,1,26,0.0,0.0,1,26,1.0,1.0,1,26,0.0,0.0,1,26,0.0,0.0,1,26,0.5937,0.0,2,1,0.0,0.0,1,26,4.2315,11.0535,16,1,2.1157,1.5,1,1,g9_22,0.1157,0.0,1,1,g9_22,1.0,1.0,1.0,0.0,1,3,0.0,0.0,1,26,1.0,0.5,1,8,0.0,0.0,1,26,0.0,0.0,1,26,0.0,0.0,1,26,0.0,0.0,1,26,1.0,1.0,1,26,0.0,0.0,1,26,0.0,0.0,1,26,1.0,0.0,1,5,0.0,0.0,1,26,4.2315,11.0535,16,1,3.0,1.5,1,2,tesla_modal,1.0,0.0,1,2,tesla_modal,1.0,1.0
022YYYUC8VUJ,673,33.7,1,tesla,tesla,building,9.0,20.0,royal_hogs,6.35,royal_hogs,6,0.0,0.0,26,0.0,0.2727,7,20,-0.0,-0.8557,1,19,1.0,0.5,1,8,0.0,0.0,1,26,0.0,0.0,1,26,0.0,0.0,1,26,0.0,0.0,1,26,1.0,1.0,1,26,0.0,0.0,1,26,0.0,0.0,1,26,0.0,0.2727,7,20,-0.0,-0.8557,1,22,5.9993,0.2453,14,0,2.0,0.917,2,8,lane,0.0,-0.0955,4,19,lane,1.0,1.0,0.0,0.0,2,25,0.0,0.0,1,26,1.0,0.5,1,8,0.0,0.0,1,26,0.0,0.0,1,26,0.0,0.0,1,26,0.0,0.0,1,26,1.0,1.0,1,26,0.0,0.0,1,26,0.0,0.0,1,26,0.0,0.0,3,24,0.0,0.0,1,26,5.9993,0.2453,14,0,2.0,1.5,1,8,centre,0.0,0.0,2,25,lane,1.0,1.0
022YYYUC8VUJ,1528,76.4,1,tesla,tesla,building,9.0,21.0,goblinstein,4.66,goblinstein,6,0.0,0.0,26,1.0,0.0,1,2,-0.0,-0.0,1,19,1.0,0.5,1,8,0.0,0.0,1,26,0.0,0.0,1,26,0.0,0.0,1,26,0.0,0.0,1,26,1.0,1.0,1,26,0.0,0.0,1,26,0.0,0.0,1,26,1.0,0.0,1,3,-0.0,-0.0,1,22,4.6352,11.9943,15,1,3.0,1.5,1,1,tesla_modal,1.0,0.0,1,1,tesla_modal,1.0,1.0,1.0,0.0,1,3,-0.0,-0.0,1,21,1.0,0.5,1,8,0.0,0.0,1,26,0.0,0.0,1,26,0.0,0.0,1,26,0.0,0.0,1,26,1.0,1.0,1,26,0.0,0.0,1,26,0.0,0.0,1,26,1.0,0.0,1,4,-0.0,-0.0,1,23,4.6352,11.9943,15,1,3.0,1.5,1,1,tesla_modal,1.0,0.0,1,1,tesla_modal,1.0,1.0
022YYYUC8VUJ,2472,123.6,1,tesla,tesla,building,10.0,18.0,royal_hogs,5.29,royal_hogs,9,0.0,0.0,26,1.0,0.0,1,0,-0.0,-0.0,1,20,0.443,0.5,27,0,0.0,0.0,1,26,0.0,0.0,1,26,0.0,0.0,1,26,0.0,0.0,1,26,1.0,1.0,1,26,0.0,0.0,1,26,0.0,0.0,1,26,1.0,0.0,1,2,-0.0,-0.0,1,23,5.2713,13.544,16,0,2.443,1.5,1,0,lane_R,0.7215,0.0,1,0,lane_R,1.0,1.0,1.0,0.0,1,0,0.0,0.0,1,26,0.443,0.5,27,0,0.0,0.0,1,26,0.0,0.0,1,26,0.0,0.0,1,26,0.0,0.0,1,26,1.0,1.0,1,26,0.0,0.0,1,26,0.0,0.0,1,26,1.0,0.0,1,1,0.0,0.0,1,26,5.2713,13.544,16,0,2.443,1.5,1,0,centre,0.7215,0.0,1,0,lane_R,1.0,1.0
022YYYUC8VUJ,2911,145.6,1,tesla,tesla,building,9.0,21.0,royal_hogs,7.49,royal_hogs,10,0.0,0.0,26,0.0,0.0,7,20,-0.0,-0.0,1,20,1.0,0.5,1,8,0.0,0.0,1,26,0.0,0.0,1,26,0.0,0.0,1,26,0.0,0.0,1,26,1.0,1.0,1,26,0.0,0.0,1,26,0.0,0.0,1,26,0.0,0.0,7,20,-0.0,-0.0,1,24,5.6602,13.4675,14,1,2.0,1.5,3,8,g9_18,0.0,0.0,3,19,g9_18,1.0,1.0,0.0,0.0,2,25,0.0,0.0,1,26,1.0,0.5,1,8,0.0,0.0,1,26,0.0,0.0,1,26,0.0,0.0,1,26,0.0,0.0,1,26,1.0,1.0,1,26,0.0,0.0,1,26,0.0,0.0,1,26,0.0,0.0,5,22,0.0,0.0,1,26,5.6602,13.4675,14,1,2.0,1.5,2,8,g9_18,0.0,0.0,2,25,g9_18,1.0,1.0
022YYYUC8VUJ,3242,162.1,1,x-bow,x_bow,building,2.5,19.5,goblinstein,13.38,goblinstein,3,0.0,0.0,26,0.1,0.6,7,1,-0.8182,-0.3636,23,1,0.5,0.5,11,16,0.0,0.0,1,26,0.0,0.0,1,26,0.0,0.0,1,26,0.0,0.0,1,26,0.0,0.0,1,26,0.9616,1.0,9,0,0.0,0.0,1,26,0.0,0.0,1,26,-0.0,-0.0,1,26,0.4,1.4,23,1,0.7434,1.7364,16,0,g9_18,0.7,0.7,7,4,tesla_modal,0.0,0.0,0.2861,0.7861,7,1,-0.7812,-0.234,23,1,0.5,0.5,11,16,0.0,0.0,1,26,0.0,0.0,1,26,0.0,0.0,1,26,0.0,0.0,1,26,0.0,0.0,1,26,0.9616,1.0,9,0,0.0,0.0,1,26,0.0,0.0,1,26,-0.0,-0.0,1,26,0.4,1.4,23,1,0.9666,2.0521,16,0,g9_18,0.7,0.766,9,2,tesla_modal,0.0,0.0
022YYYUC8VUJ,3446,172.3,1,tesla,tesla,building,10.0,18.0,royal_hogs,5.28,royal_hogs,8,0.0,0.0,26,1.0,0.0,1,0,-0.0,-0.0,1,20,0.443,0.5,27,0,0.0,0.0,1,26,0.0,0.0,1,26,0.0,0.0,1,26,0.0,0.0,1,26,1.0,1.0,1,26,0.0,0.0,1,26,0.0,0.0,1,26,1.0,0.0,1,2,-0.0,-0.0,1,23,5.3346,13.5875,16,0,2.443,1.5,1,0,lane_R,0.7215,0.0,1,0,lane_R,1.0,1.0,1.0,0.0,1,0,0.0,0.0,1,26,0.443,0.5,27,0,0.0,0.0,1,26,0.0,0.0,1,26,0.0,0.0,1,26,0.0,0.0,1,26,1.0,1.0,1,26,0.0,0.0,1,26,0.0,0.0,1,26,1.0,0.0,1,0,0.0,0.0,1,26,5.3346,13.5875,16,0,2.443,1.5,1,0,centre,0.7215,0.0,1,0,lane_R,1.0,1.0
022YYYUC8VUJ,3971,198.6,1,tesla,tesla,building,10.0,18.0,goblinstein,3.41,goblinstein,7,0.0,0.0,26,1.0,0.0,1,3,-0.0,-0.0,1,19,0.443,0.5,27,0,0.0,0.0,1,26,0.0,0.0,1,26,0.0,0.0,1,26,0.0,0.0,1,26,1.0,1.0,1,26,0.0,0.0,1,26,0.0,0.0,1,26,1.0,0.0,1,3,-0.0,-0.0,1,23,3.6549,12.1688,20,0,2.443,1.5,4,0,tesla_modal,0.7215,0.0,4,0,tesla_modal,1.0,1.0,1.0,0.0,1,3,-0.0,-0.0,1,20,0.443,0.5,27,0,0.0,0.0,1,26,0.0,0.0,1,26,0.0,0.0,1,26,0.0,0.0,1,26,1.0,1.0,1,26,0.0,0.0,1,26,0.0,0.0,1,26,1.0,0.0,1,6,-0.0,-0.0,1,24,3.6549,12.1688,20,0,2.443,1.5,5,0,tesla_modal,0.7215,0.0,5,0,tesla_modal,1.0,1.0
022YYYUC8VUJ,4251,212.6,1,x-bow,x_bow,building,2.5,19.5,,0.0,,0,0.0,0.0,26,0.0,0.0,1,26,0.0,0.0,1,26,0.5,0.5,11,16,0.0,0.0,1,26,0.0,0.0,1,26,0.0,0.0,1,26,0.0,0.0,1,26,0.0,0.0,1,26,0.9616,1.0,9,0,0.0,0.0,1,26,0.0,0.0,1,26,0.0,0.0,1,26,0.0,0.0,1,26,1.4616,1.5,9,0,g9_18,0.9616,1.0,9,0,corner,0.0,0.0,0.0,0.0,1,26,0.0,0.0,1,26,0.5,0.5,11,16,0.0,0.0,1,26,0.0,0.0,1,26,0.0,0.0,1,26,0.0,0.0,1,26,0.0,0.0,1,26,0.9616,1.0,9,0,0.0,0.0,1,26,0.0,0.0,1,26,0.0,0.0,1,26,0.0,0.0,1,26,1.4616,1.5,9,0,g9_18,0.9616,1.0,9,0,corner,0.0,0.0
022YYYUC8VUJ,4553,227.7,1,tesla,tesla,building,10.0,18.0,royal_hogs,5.31,royal_hogs,6,0.0,0.0,26,0.0,0.0,6,21,-0.0,-0.0,1,20,0.443,0.5,27,0,0.0,0.0,1,26,0.0,0.0,1,26,0.0,0.0,1,26,0.0,0.0,1,26,1.0,1.0,1,26,0.0,0.0,1,26,0.0,0.0,1,26,0.0,0.0,6,21,-0.0,-0.0,1,23,5.3973,13.6296,16,0,1.443,1.5,22,0,lane_R,0.0,0.0,3,20,lane_R,1.0,1.0,0.0,0.0,2,25,0.0,0.0,1,26,0.443,0.5,27,0,0.0,0.0,1,26,0.0,0.0,1,26,0.0,0.0,1,26,0.0,0.0,1,26,1.0,1.0,1,26,0.0,0.0,1,26,0.0,0.0,1,26,0.0,0.0,3,24,0.0,0.0,1,26,5.3973,13.6296,16,0,1.443,1.5,27,0,centre,0.0,0.0,2,25,lane_R,1.0,1.0
022YYYUC8VUJ,5057,252.9,1,tesla,tesla,building,9.0,18.0,royal_hogs,6.72,royal_hogs,7,0.0,0.0,26,0.0,0.0,2,25,-0.0,-0.0,1,23,0.4663,0.5,26,1,0.0,0.0,1,26,0.0,0.0,1,26,0.0,0.0,1,26,0.0,0.0,1,26,1.0,1.0,1,26,0.0,0.0,1,26,0.0,0.0,1,26,0.0,0.0,2,25,-0.0,-0.0,1,24,6.8233,12.189,10,1,1.4663,1.5,24,1,centre,0.0,0.0,2,23,knight_cell,1.0,1.0,0.0,0.0,1,26,0.0,0.0,1,26,0.4663,0.5,26,1,0.0,0.0,1,26,0.0,0.0,1,26,0.0,0.0,1,26,0.0,0.0,1,26,1.0,1.0,1,26,0.0,0.0,1,26,0.0,0.0,1,26,0.0,0.0,1,26,0.0,0.0,1,26,6.8233,12.189,10,1,1.4663,1.5,26,1,centre,0.0,0.0,1,26,corner,1.0,1.0
022YYYUCQR2V,217,10.9,1,tesla,tesla,building,9.0,22.0,royal_hogs,5.32,royal_hogs,4,0.0,0.0,26,1.0,0.0,1,8,-0.0,-0.0,1,22,1.0,0.5,1,8,0.0,0.0,1,26,0.0,0.0,1,26,0.0,0.0,1,26,0.0,0.0,1,26,1.0,1.0,1,26,0.0,0.0,1,26,0.0,0.0,1,26,1.0,0.0,1,11,-0.0,-0.0,1,26,3.9358,10.3925,17,1,3.0,1.5,1,5,centre,1.0,0.0,1,5,centre,1.0,1.0,1.0,0.0,1,4,0.0,0.0,1,26,1.0,0.5,1,8,0.0,0.0,1,26,0.0,0.0,1,26,0.0,0.0,1,26,0.0,0.0,1,26,1.0,1.0,1,26,0.0,0.0,1,26,0.0,0.0,1,26,1.0,0.0,1,7,0.0,0.0,1,26,3.9358,10.3925,17,1,3.0,1.5,1,4,centre,1.0,0.0,1,4,centre,1.0,1.0
022YYYUCQR2V,2071,103.6,1,x-bow,x_bow,building,2.5,19.5,archers,1.23,archers,1,0.0,0.0,26,0.0,0.0,3,24,0.0,0.0,1,26,0.5,0.5,1,16,0.0,0.0,1,26,0.0,0.0,1,26,0.0,0.0,1,26,0.0,0.0,1,26,0.0,0.0,1,26,0.9616,1.0,9,0,0.0,0.0,1,26,0.0,0.0,3,24,0.0,0.0,1,26,1.0226,2.1383,23,0,1.4616,1.5,5,0,corner,0.9616,1.0,9,0,corner,0.0,0.0,0.0,0.2969,6,21,0.0,0.0,1,26,0.5,0.5,1,16,0.0,0.0,1,26,0.0,0.0,1,26,0.0,0.0,1,26,0.0,0.0,1,26,0.9387,0.9387,1,26,0.9616,1.0,9,0,0.0,0.0,1,26,0.0,0.2969,7,20,0.0,0.0,1,26,1.0226,2.1383,23,0,2.4003,2.7356,7,0,g9_18,0.9616,1.0,9,0,corner,0.9387,0.9387
022YYYUCQR2V,2137,106.9,1,tesla,tesla,building,5.0,18.0,,0.0,,3,0.0,0.0,26,0.0,0.0,1,26,0.0,0.0,1,26,0.5,0.5,1,16,0.0,0.0,1,26,0.0,0.0,1,26,0.0,0.0,1,26,0.0,0.0,1,26,0.0,0.0,1,26,0.0,0.0,1,26,0.0,0.0,1,26,0.0,0.0,1,26,0.0,0.0,1,26,0.0,0.0,1,26,0.5,0.5,1,16,corner,0.0,0.0,1,26,corner,0.0,0.0,0.0,0.0,1,26,0.0,0.0,1,26,0.5,0.5,1,16,0.0,0.0,1,26,0.0,0.0,1,26,0.0,0.0,1,26,0.0,0.0,1,26,0.0,0.0,1,26,0.0,0.0,1,26,0.0,0.0,1,26,0.0,0.0,1,26,0.0,0.0,1,26,0.0,0.0,1,26,0.5,0.5,1,16,corner,0.0,0.0,1,26,corner,0.0,0.0
022YYYUCQR2V,2848,142.4,1,tesla,tesla,building,9.0,21.0,goblinstein,8.33,goblinstein,6,0.0,0.0,26,1.0,0.0,1,6,-0.0,-0.0,1,17,0.5,0.5,1,16,0.0,0.0,1,26,0.0,0.0,1,26,0.0,0.0,1,26,0.0,0.0,1,26,0.0,0.0,1,26,0.0,0.0,1,26,0.0,0.0,1,26,0.0,0.0,4,23,-0.0,-0.0,1,26,2.6171,10.4985,14,1,1.5,0.5,1,2,tesla_modal,0.75,0.0,1,2,tesla_modal,0.0,0.0,1.0,0.0,1,7,-0.0,-0.0,1,19,0.5,0.5,1,16,0.0,0.0,1,26,0.0,0.0,1,26,0.0,0.0,1,26,0.0,0.0,1,26,0.0,0.0,1,26,0.0,0.0,1,26,0.0,0.0,1,26,0.0,0.0,4,23,-0.0,-0.0,1,26,2.6171,10.4985,14,1,1.5,0.5,1,3,centre,0.75,0.0,1,3,centre,0.0,0.0
022YYYUCQR2V,3216,160.8,1,x-bow,x_bow,building,2.5,19.5,goblinstein,11.27,goblinstein,1,0.0,0.0,26,0.0,0.0,4,23,0.0,0.0,1,26,0.5,0.5,1,16,0.0,0.0,1,26,0.0,0.0,1,26,0.0,0.0,1,26,0.0,0.0,1,26,0.3915,0.3915,1,26,0.9616,1.0,9,0,0.0,0.0,1,26,0.0,0.0,4,23,0.0,0.0,1,26,11.415,11.7604,12,0,1.8531,1.8915,6,0,g9_18,0.9616,1.0,9,0,corner,0.3915,0.3915,0.0,0.0,11,16,-0.0,-0.0,1,23,0.5,0.5,1,16,0.0,0.0,1,26,0.0,0.0,1,26,0.0,0.0,1,26,0.0,0.0,1,26,0.3915,0.3915,1,26,0.9616,1.0,9,0,0.0,0.0,1,26,0.0,0.0,5,22,-0.0,-0.0,1,26,11.415,11.7604,12,0,1.8531,1.8915,7,0,g9_18,0.9616,1.0,6,0,corner,0.3915,0.3915
022YYYUCR9VJ,301,15.1,1,x-bow,x_bow,building,13.5,19.5,golem,16.79,golem,1,0.0,0.0,26,0.0,0.825,10,17,-0.0,-0.2,1,19,0.5,0.5,11,16,0.0,0.0,1,26,0.0,0.0,1,26,0.0,0.0,1,26,0.0,0.0,1,26,0.0,0.0,1,26,0.9616,1.0,9,0,0.0,0.0,1,26,0.0,0.0,1,26,-0.0,-0.0,1,26,9.4,1.4,9,1,1.4616,2.125,10,0,g9_18,0.9616,0.8,7,0,tesla_modal,0.0,0.0,0.0,0.0218,6,21,0.0,0.0,1,26,0.5,0.5,11,16,0.0,0.0,1,26,0.0,0.0,1,26,0.0,0.0,1,26,0.0,0.0,1,26,0.0,0.0,1,26,0.9616,1.0,9,0,0.0,0.0,1,26,0.0,0.0,1,26,0.0,0.0,1,26,9.4,1.4,9,1,1.4616,1.5218,11,0,g9_18,0.9616,1.0,11,0,corner,0.0,0.0
022YYYUCR9VJ,692,34.6,1,tesla,tesla,building,9.0,22.0,golem,6.45,golem,1,0.0,0.0,26,1.0,1.0,1,5,-0.0,-0.0,1,21,1.0,0.5,1,8,0.0,0.0,1,26,0.0,0.0,1,26,0.0,0.0,1,26,0.0,0.0,1,26,1.0,1.0,1,26,0.0,0.0,1,26,0.0,0.0,1,26,1.0,1.0,1,8,-0.0,-0.0,1,25,4.7057,2.0477,15,1,3.0,2.5,1,2,tesla_modal,1.0,0.75,1,2,tesla_modal,1.0,1.0,1.0,0.3456,1,3,0.0,0.0,1,26,1.0,0.5,1,8,0.0,0.0,1,26,0.0,0.0,1,26,0.0,0.0,1,26,0.0,0.0,1,26,1.0,1.0,1,26,0.0,0.0,1,26,0.0,0.0,1,26,1.0,0.7179,1,5,0.0,0.0,1,26,4.7057,2.0477,15,1,3.0,1.8456,1,2,tesla_modal,1.0,0.2592,1,2,tesla_modal,1.0,1.0
022YYYUCR9VJ,1438,71.9,1,x-bow,x_bow,building,7.5,22.5,night_witch,20.93,night_witch,3,0.0,0.0,26,0.0,0.0,6,21,-0.0,-0.0,1,19,1.0,0.5,1,8,0.0,0.0,1,26,0.0,0.0,1,26,0.0,0.0,1,26,0.0,0.0,1,26,0.0,0.0,1,26,0.0,1.0,9,18,0.0,0.0,1,26,0.0,0.0,1,26,-0.0,-0.0,1,26,6.4,12.4,11,0,1.0,1.5,10,5,g9_18,0.0,1.0,12,12,corner,0.0,0.0,0.0,0.0,5,22,0.0,0.0,1,26,1.0,0.5,1,8,0.0,0.0,1,26,0.0,0.0,1,26,0.0,0.0,1,26,0.0,0.0,1,26,0.0,0.0,1,26,0.0,1.0,9,18,0.0,0.0,1,26,0.0,0.0,1,26,0.0,0.0,1,26,6.4,12.4,11,0,1.0,1.5,12,5,g9_18,0.0,1.0,12,15,corner,0.0,0.0
022YYYUCR9VJ,1621,81.1,1,tesla,tesla,building,8.0,20.0,golem,5.69,golem,5,0.0,0.0,26,1.0,0.0,1,5,-0.0,-0.0,1,21,0.9951,0.5,9,0,0.0,0.0,1,26,0.0,0.0,1,26,0.0,0.0,1,26,0.0,0.0,1,26,1.0,1.0,1,26,0.0,0.0,1,26,0.0,0.0,1,26,1.0,0.0,1,7,-0.0,-0.0,1,24,5.5445,11.9054,12,0,2.9951,1.5,4,0,tesla_modal,0.9976,0.0,4,0,tesla_modal,1.0,1.0,1.0,0.0,1,3,0.0,0.0,1,26,0.9951,0.5,9,0,0.0,0.0,1,26,0.0,0.0,1,26,0.0,0.0,1,26,0.0,0.0,1,26,1.0,1.0,1,26,0.0,0.0,1,26,0.0,0.0,1,26,1.0,0.0,1,5,0.0,0.0,1,26,5.5445,11.9054,12,0,2.9951,1.5,3,0,tesla_modal,0.9976,0.0,3,0,tesla_modal,1.0,1.0
022YYYUCR9VJ,2385,119.3,1,tesla,tesla,building,9.0,18.0,mini_pekka,5.1,mini_pekka,2,0.0,0.0,26,1.0,0.0,1,1,-0.0,-0.0,1,20,0.4663,0.5,26,1,0.0,0.0,1,26,0.0,0.0,1,26,0.0,0.0,1,26,0.0,0.0,1,26,1.0,1.0,1,26,0.0,0.0,1,26,0.0,0.0,1,26,1.0,0.0,1,2,-0.0,-0.0,1,22,5.0509,12.5024,13,1,2.4663,1.5,1,1,g9_18,0.7332,0.0,1,1,g9_18,1.0,1.0,1.0,0.0,1,1,0.0,0.0,1,26,0.4663,0.5,26,1,0.0,0.0,1,26,0.0,0.0,1,26,0.0,0.0,1,26,0.0,0.0,1,26,1.0,1.0,1,26,0.0,0.0,1,26,0.0,0.0,1,26,1.0,0.0,1,1,0.0,0.0,1,26,5.0509,12.5024,13,1,2.4663,1.5,1,1,g9_18,0.7332,0.0,1,1,g9_18,1.0,1.0
022YYYUCR9VJ,2492,124.6,1,x-bow,x_bow,building,13.5,19.5,guards,18.29,guards,3,0.0,0.0,26,0.0,0.0,6,21,-0.8462,-0.0,22,1,0.5,0.5,11,16,0.0,0.0,1,26,0.0,0.0,1,26,0.0,0.0,1,26,0.0,0.0,1,26,0.0,0.0,1,26,0.9616,1.0,9,0,0.0,0.0,1,26,0.0,0.0,1,26,-0.0,-0.0,1,26,0.4,12.4,22,1,0.6154,1.5,15,0,g9_18,0.6616,1.0,11,0,corner,0.0,0.0,0.0,0.0,5,22,0.0,0.0,1,26,0.5,0.5,11,16,0.0,0.0,1,26,0.0,0.0,1,26,0.0,0.0,1,26,0.0,0.0,1,26,0.0,0.0,1,26,0.9616,1.0,9,0,0.0,0.0,1,26,0.0,0.0,1,26,0.0,0.0,1,26,0.4,12.4,22,1,1.4616,1.5,11,0,g9_18,0.9616,1.0,11,0,corner,0.0,0.0
022YYYUCR9VJ,2797,139.9,1,tesla,tesla,building,9.0,18.0,guards,5.71,guards,8,0.0,0.0,26,0.0,0.0,2,25,-0.0,-0.0,1,23,0.4663,0.5,26,1,0.0,0.0,1,26,0.0,0.0,1,26,0.0,0.0,1,26,0.0,0.0,1,26,1.0,1.0,1,26,0.0,0.0,1,26,0.0,0.0,1,26,0.0,0.0,2,25,-0.0,-0.0,1,24,5.7095,3.4036,13,1,1.4663,1.5,23,1,centre,0.0,0.0,1,23,corner,1.0,1.0,0.0,0.0,1,26,0.0,0.0,1,26,0.4663,0.5,26,1,0.0,0.0,1,26,0.0,0.0,1,26,0.0,0.0,1,26,0.0,0.0,1,26,1.0,1.0,1,26,0.0,0.0,1,26,0.0,0.0,1,26,0.0,0.0,1,26,0.0,0.0,1,26,5.7095,3.4036,13,1,1.4663,1.5,26,1,centre,0.0,0.0,1,26,corner,1.0,1.0
022YYYUCR9VJ,3401,170.1,1,tesla,tesla,building,8.0,18.0,guards,4.32,guards,9,0.0,0.0,26,1.0,0.0,1,6,-0.0,-0.0,1,19,0.4179,0.5,17,0,0.0,0.0,1,26,0.0,0.0,1,26,0.0,0.0,1,26,0.0,0.0,1,26,1.0,1.0,1,26,0.0,0.0,1,26,0.0,0.0,1,26,1.0,0.0,1,9,-0.0,-0.0,1,24,4.319,10.2342,15,0,2.4179,1.5,5,0,centre,0.7089,0.0,4,0,centre,1.0,1.0,1.0,0.0,1,1,0.0,0.0,1,26,0.4179,0.5,17,0,0.0,0.0,1,26,0.0,0.0,1,26,0.0,0.0,1,26,0.0,0.0,1,26,1.0,1.0,1,26,0.0,0.0,1,26,0.0,0.0,1,26,1.0,0.0,1,5,0.0,0.0,1,26,4.319,10.2342,15,0,2.4179,1.5,1,0,centre,0.7089,0.0,1,0,centre,1.0,1.0
022YYYUCVPR9,662,33.1,1,tesla,tesla,building,9.0,22.0,mighty_miner,3.38,mighty_miner,7,0.0,0.0,26,1.0,1.0,1,8,-0.0,-0.0,1,23,1.0,0.5,1,8,0.0,0.0,1,26,0.0,0.0,1,26,0.0,0.0,1,26,0.0,0.0,1,26,1.0,1.0,1,26,0.0,0.0,1,26,0.0,0.0,1,26,1.0,1.0,1,9,-0.0,-0.0,1,25,3.2733,3.9929,20,1,3.0,2.5,1,3,centre,1.0,0.75,1,3,centre,1.0,1.0,0.8644,1.0,5,1,0.0,0.0,1,26,1.0,0.5,1,8,0.0,0.0,1,26,0.0,0.0,1,26,0.0,0.0,1,26,0.0,0.0,1,26,1.0,1.0,1,26,0.0,0.0,1,26,0.0,0.0,1,26,0.9166,1.0,5,1,0.0,0.0,1,26,3.2733,3.9929,20,1,2.8644,2.5,2,1,centre,0.8644,0.75,2,1,centre,1.0,1.0
022YYYUCVPR9,1525,76.3,1,tesla,tesla,building,9.0,18.0,mighty_miner,9.18,mighty_miner,6,0.0,0.0,26,1.0,0.45,1,3,-0.0,-0.4231,1,19,0.4663,0.5,26,1,0.0,0.0,1,26,0.0,0.0,1,26,0.0,0.0,1,26,0.0,0.0,1,26,0.0,0.0,1,26,0.0,0.0,1,26,0.0,0.0,1,26,0.0,0.0,1,26,-0.0,-0.0,1,26,5.0,1.5,15,3,1.4663,0.5269,3,1,tesla_modal,0.7332,0.0375,3,1,tesla_modal,0.0,0.0,1.0,0.0,1,3,0.0,0.0,1,26,0.4663,0.5,26,1,0.0,0.0,1,26,0.0,0.0,1,26,0.0,0.0,1,26,0.0,0.0,1,26,0.0,0.0,1,26,0.0,0.0,1,26,0.0,0.0,1,26,0.0,0.0,1,26,0.0,0.0,1,26,5.0,1.5,15,3,1.4663,0.5,3,1,tesla_modal,0.7332,0.0,3,1,tesla_modal,0.0,0.0
022YYYUCVPR9,1705,85.3,1,x-bow,x_bow,building,4.5,19.5,mighty_miner,4.2,mighty_miner,1,0.0,0.0,26,1.0,1.0,1,4,-0.0,-0.0,1,24,0.5,0.5,11,16,0.0,0.0,1,26,0.0,0.0,1,26,0.0,0.0,1,26,0.0,0.0,1,26,0.0,0.0,1,26,0.9616,1.0,9,0,0.0,0.0,1,26,1.0,1.0,1,4,-0.0,-0.0,1,26,3.1675,2.6538,23,0,2.4616,2.5,4,0,g9_18,1.0,1.0,1,6,corner,0.0,0.0,0.8115,0.5547,4,0,0.0,0.0,1,26,0.5,0.5,11,16,0.0,0.0,1,26,0.0,0.0,1,26,0.0,0.0,1,26,0.0,0.0,1,26,0.0,0.0,1,26,0.9616,1.0,9,0,0.0,0.0,1,26,1.0,1.0,1,4,0.0,0.0,1,26,3.1675,2.6538,23,0,2.2731,2.0547,2,0,g9_18,1.0,1.0,1,8,corner,0.0,0.0
022YYYUCVPR9,1777,88.9,0,tesla,tesla,building,16.0,18.0,,0.0,,0,0.0,0.0,26,0.0,0.0,1,26,0.0,0.0,1,26,0.5,0.5,9,17,0.0,0.0,1,26,0.0,0.0,1,26,0.0,0.0,1,26,0.0,0.0,1,26,0.0,0.0,1,26,0.0,0.0,1,26,0.0,0.0,1,26,0.0,0.0,1,26,0.0,0.0,1,26,0.0,0.0,1,26,0.5,0.5,9,17,centre,0.0,0.0,1,26,corner,0.0,0.0,0.0,0.0,1,26,0.0,0.0,1,26,0.5,0.5,9,17,0.0,0.0,1,26,0.0,0.0,1,26,0.0,0.0,1,26,0.0,0.0,1,26,0.0,0.0,1,26,0.0,0.0,1,26,0.0,0.0,1,26,0.0,0.0,1,26,0.0,0.0,1,26,0.0,0.0,1,26,0.5,0.5,9,17,centre,0.0,0.0,1,26,corner,0.0,0.0
022YYYUCVPR9,2586,129.3,1,x-bow,x_bow,building,2.5,19.5,mighty_miner,13.65,mighty_miner,1,0.0,0.0,26,0.0,0.0,12,15,-0.0,-0.0,1,13,0.5,0.5,1,16,0.0,0.0,1,26,0.0,0.0,1,26,0.0,0.0,1,26,0.0,0.0,1,26,0.3333,0.3333,1,26,0.9616,1.0,9,0,0.0,0.0,1,26,0.0,0.0,4,23,-0.0,-0.0,1,26,9.0879,10.3985,5,0,1.7949,1.8333,7,0,g9_18,0.9616,1.0,6,0,corner,0.3333,0.3333,0.0,0.0,9,18,0.0,0.0,1,26,0.5,0.5,1,16,0.0,0.0,1,26,0.0,0.0,1,26,0.0,0.0,1,26,0.0,0.0,1,26,0.3333,0.3333,1,26,0.9616,1.0,9,0,0.0,0.0,1,26,0.0,0.0,4,23,0.0,0.0,1,26,9.0879,10.3985,5,0,1.7949,1.8333,6,0,g9_18,0.9616,1.0,9,0,corner,0.3333,0.3333
022YYYUCVPR9,2634,131.7,0,tesla,tesla,building,16.0,18.0,knight,11.47,knight,5,0.0,0.0,26,0.0,0.7466,9,18,-0.0,-0.2304,1,22,0.5,0.5,9,17,0.0,0.0,1,26,0.0,0.0,1,26,0.0,0.0,1,26,0.0,0.0,1,26,0.0,0.0,1,26,0.0,0.0,1,26,0.0,0.0,1,26,0.0,0.9982,6,21,-0.0,-0.0,1,26,11.4716,1.6932,10,0,0.5,1.0162,15,11,tesla_modal,0.0,0.3296,9,17,tesla_modal,0.0,0.0,0.0,0.7633,9,18,-0.0,-0.2185,1,22,0.5,0.5,9,17,0.0,0.0,1,26,0.0,0.0,1,26,0.0,0.0,1,26,0.0,0.0,1,26,0.0,0.0,1,26,0.0,0.0,1,26,0.0,0.0,1,26,0.0,0.9357,6,21,-0.0,-0.0,1,26,11.4716,1.6932,10,0,0.5,1.0447,15,11,tesla_modal,0.0,0.3539,9,17,lane,0.0,0.0
022YYYUCVPR9,2671,133.6,1,tesla,tesla,building,5.0,18.0,mighty_miner,9.4,mighty_miner,1,0.0,0.0,26,0.0,0.0,10,17,-0.0,-0.0,1,24,0.5,0.5,1,16,0.0,0.0,1,26,0.0,0.0,1,26,0.0,0.0,1,26,0.0,0.0,1,26,0.8,0.8,1,26,0.0,0.0,1,26,0.0,0.0,1,26,0.0,0.0,7,20,-0.0,-0.0,1,25,7.9915,11.5244,16,0,1.3,1.3,8,13,tesla_modal,0.0,0.0,9,17,tesla_modal,0.8,0.8,0.0,0.0,11,16,0.0,0.0,1,26,0.5,0.5,1,16,0.0,0.0,1,26,0.0,0.0,1,26,0.0,0.0,1,26,0.0,0.0,1,26,0.8,0.8,1,26,0.0,0.0,1,26,0.0,0.0,1,26,0.0,0.0,7,20,0.0,0.0,1,26,7.9915,11.5244,16,0,1.3,1.3,10,11,tesla_modal,0.0,0.0,11,16,tesla_modal,0.8,0.8
022YYYUCVPR9,3197,159.9,1,tesla,tesla,building,9.0,22.0,mighty_miner,5.13,mighty_miner,6,0.0,0.0,26,0.5949,0.0,7,1,-0.3116,-0.0,19,1,0.5,0.5,1,16,0.0,0.0,1,26,0.0,0.0,1,26,0.0,0.0,1,26,0.0,0.0,1,26,1.0,1.0,1,26,0.0,0.0,1,26,0.0,0.0,1,26,1.0,0.0,1,5,-0.0,-0.0,1,23,1.7898,10.0221,19,1,1.7833,1.5,7,1,g9_18,0.1462,0.0,7,1,g9_18,1.0,1.0,0.1227,0.0,8,1,0.0,0.0,1,26,0.5,0.5,1,16,0.0,0.0,1,26,0.0,0.0,1,26,0.0,0.0,1,26,0.0,0.0,1,26,1.0,1.0,1,26,0.0,0.0,1,26,0.0,0.0,1,26,1.0,0.0,1,3,0.0,0.0,1,26,1.7898,10.0221,19,1,1.6227,1.5,7,1,lane,0.092,0.0,7,1,g15_26,1.0,1.0
022YYYUCVPR9,3502,175.1,1,x-bow,x_bow,building,2.5,19.5,mighty_miner,13.39,mighty_miner,2,0.0,0.0,26,0.0,0.0,9,18,-0.0,-0.0,1,25,0.5,0.5,1,16,0.0,0.0,1,26,0.0,0.0,1,26,0.0,0.0,1,26,0.0,0.0,1,26,0.0,0.0,1,26,0.9616,1.0,9,0,0.0,0.0,1,26,0.0,0.0,7,20,-0.0,-0.0,1,26,11.1155,11.821,12,0,1.4616,1.5,8,0,g9_18,0.9616,1.0,8,0,corner,0.0,0.0,0.0,0.0,9,18,0.0,0.0,1,26,0.5,0.5,1,16,0.0,0.0,1,26,0.0,0.0,1,26,0.0,0.0,1,26,0.0,0.0,1,26,0.0,0.0,1,26,0.9616,1.0,9,0,0.0,0.0,1,26,0.0,0.0,7,20,0.0,0.0,1,26,11.1155,11.821,12,0,1.4616,1.5,8,0,g9_18,0.9616,1.0,9,0,corner,0.0,0.0
022YYYUCVPR9,3544,177.2,0,tesla,tesla,building,16.0,18.0,ice_wizard,4.45,ice_wizard,2,0.0,0.0,26,0.0,0.0,3,24,0.0,0.0,1,26,0.5,0.5,9,17,0.0,0.0,1,26,0.0,0.0,1,26,0.0,0.0,1,26,0.0,0.0,1,26,0.0,0.0,1,26,0.0,0.0,1,26,0.0,0.0,1,26,0.0,0.0,4,23,0.0,0.0,1,26,1.0,11.2047,22,0,0.5,0.5,9,17,tesla_modal,0.0,0.0,3,24,tesla_modal,0.0,0.0,0.0,0.0,4,23,0.0,0.0,1,26,0.5,0.5,9,17,0.0,0.0,1,26,0.0,0.0,1,26,0.0,0.0,1,26,0.0,0.0,1,26,0.0,0.0,1,26,0.0,0.0,1,26,0.0,0.0,1,26,0.5792,0.0,4,0,0.0,0.0,1,26,1.0,11.2047,22,0,0.5,0.5,10,17,tesla_modal,0.0,0.0,4,23,tesla_modal,0.0,0.0
022YYYUU9LPG,341,17.1,0,x-bow,x_bow,building,15.5,19.5,ice_wizard,18.27,ice_wizard,4,0.0,0.0,26,0.0,0.0,4,23,0.0,0.0,1,26,0.5,0.5,11,16,0.0,0.0,1,26,0.0,0.0,1,26,0.0,0.0,1,26,0.0,0.0,1,26,0.0,0.0,1,26,0.9616,1.0,9,0,0.0,0.0,1,26,0.0,0.0,1,26,0.0,0.0,1,26,11.4,1.4,3,0,1.4616,1.5,9,0,g9_18,0.9616,1.0,9,0,corner,0.0,0.0,0.0,0.0,4,23,0.0,0.0,1,26,0.5,0.5,11,16,0.0,0.0,1,26,0.0,0.0,1,26,0.0,0.0,1,26,0.0,0.0,1,26,0.0,0.0,1,26,0.9616,1.0,9,0,0.0,0.0,1,26,0.0,0.0,1,26,0.0,0.0,1,26,11.4,1.4,3,0,1.4616,1.5,11,0,g9_18,0.9616,1.0,9,0,corner,0.0,0.0
022YYYUU9LPG,1231,61.6,0,x-bow,x_bow,building,15.5,19.5,knight,16.3,knight,1,0.0,0.0,26,0.0,0.6,8,19,-0.0,-0.3636,1,19,0.5,0.5,11,16,0.0,0.0,1,26,0.0,0.0,1,26,0.0,0.0,1,26,0.0,0.0,1,26,0.0,0.0,1,26,0.9616,1.0,9,0,0.0,0.0,1,26,0.0,0.0,1,26,-0.0,-0.0,1,26,11.4,1.4,3,0,1.4616,1.7364,9,0,g9_18,0.9616,0.7,7,0,tesla_modal,0.0,0.0,0.0,0.6167,8,19,-0.0,-0.3538,1,19,0.5,0.5,11,16,0.0,0.0,1,26,0.0,0.0,1,26,0.0,0.0,1,26,0.0,0.0,1,26,0.0,0.0,1,26,0.9616,1.0,9,0,0.0,0.0,1,26,0.0,0.0,1,26,-0.0,-0.0,1,26,11.4,1.4,3,0,1.4616,1.7628,9,0,g9_18,0.9616,0.7,7,0,tesla_modal,0.0,0.0
022YYYUU9LPG,1262,63.1,1,tesla,tesla,building,5.0,18.0,archers,9.02,archers,3,0.0,0.0,26,0.0,0.0,4,23,0.0,0.0,1,26,0.5,0.5,9,17,0.0,0.0,1,26,0.0,0.0,1,26,0.0,0.0,1,26,0.0,0.0,1,26,0.0,0.0,1,26,0.0,0.0,1,26,0.0,0.0,1,26,0.0,0.0,1,26,0.0,0.0,1,26,1.0,1.5,22,1,0.5,0.5,10,17,tesla_modal,0.0,0.0,4,23,tesla_modal,0.0,0.0,0.0,0.0,4,23,0.0,0.0,1,26,0.5,0.5,9,17,0.0,0.0,1,26,0.0,0.0,1,26,0.0,0.0,1,26,0.0,0.0,1,26,0.0,0.0,1,26,0.0,0.0,1,26,0.0,0.0,1,26,0.0,0.0,1,26,0.0,0.0,1,26,1.0,1.5,22,1,0.5,0.5,10,17,tesla_modal,0.0,0.0,4,23,tesla_modal,0.0,0.0
022YYYUU9LPG,1726,86.3,0,tesla,tesla,building,5.0,18.0,ice_wizard,3.9,ice_wizard,1,0.0,0.0,26,0.0,0.0,4,23,0.0,0.0,1,26,0.5,0.5,9,17,0.0,0.0,1,26,0.0,0.0,1,26,0.0,0.0,1,26,0.0,0.0,1,26,0.0,0.0,1,26,0.0,0.0,1,26,0.0,0.0,1,26,0.3027,0.6535,4,0,0.0,0.0,1,26,1.0,1.5,22,1,0.5,0.5,10,17,tesla_modal,0.0,0.0,4,23,tesla_modal,0.0,0.0,0.0,0.0,4,23,0.0,0.0,1,26,0.5,0.5,9,17,0.0,0.0,1,26,0.0,0.0,1,26,0.0,0.0,1,26,0.0,0.0,1,26,0.0,0.0,1,26,0.0,0.0,1,26,0.0,0.0,1,26,0.8819,1.0,4,0,0.0,0.0,1,26,1.0,1.5,22,1,0.5,0.5,10,17,tesla_modal,0.0,0.0,4,23,tesla_modal,0.0,0.0
022YYYUU9LPG,1786,89.3,1,x-bow,x_bow,building,2.5,19.5,,0.0,,0,0.0,0.0,26,0.0,0.0,1,26,0.0,0.0,1,26,0.5,0.5,11,16,0.0,0.0,1,26,0.0,0.0,1,26,0.0,0.0,1,26,0.0,0.0,1,26,0.0,0.0,1,26,0.9616,1.0,5,0,0.0,0.0,1,26,0.0,0.0,1,26,0.0,0.0,1,26,0.0,0.0,1,26,1.4616,1.5,5,0,corner,0.9616,1.0,5,0,corner,0.0,0.0,0.0,0.0,1,26,0.0,0.0,1,26,0.5,0.5,11,16,0.0,0.0,1,26,0.0,0.0,1,26,0.0,0.0,1,26,0.0,0.0,1,26,0.0,0.0,1,26,0.9616,1.0,9,0,0.0,0.0,1,26,0.0,0.0,1,26,0.0,0.0,1,26,0.0,0.0,1,26,1.4616,1.5,9,0,g9_18,0.9616,1.0,9,0,corner,0.0,0.0
022YYYUU9LPG,2347,117.4,0,x-bow,x_bow,building,15.5,19.5,knight,14.78,knight,1,0.0,0.0,26,0.0,0.6,8,19,-0.0,-0.3636,1,19,0.5,0.5,11,16,0.0,0.0,1,26,0.0,0.0,1,26,0.0,0.0,1,26,0.0,0.0,1,26,0.0,0.0,1,26,0.9616,1.0,9,0,0.0,0.0,1,26,0.0,0.0,1,26,-0.0,-0.0,1,26,11.4,1.4,3,0,1.4616,1.7364,9,0,g9_18,0.9616,0.7,7,0,tesla_modal,0.0,0.0,0.0,0.6167,8,19,-0.0,-0.3538,1,19,0.5,0.5,11,16,0.0,0.0,1,26,0.0,0.0,1,26,0.0,0.0,1,26,0.0,0.0,1,26,0.0,0.0,1,26,0.9616,1.0,9,0,0.0,0.0,1,26,0.0,0.0,1,26,-0.0,-0.0,1,26,11.4,1.4,3,0,1.4616,1.7628,9,0,g9_18,0.9616,0.7,7,0,tesla_modal,0.0,0.0
022YYYUU9LPG,2661,133.1,1,x-bow,x_bow,building,9.5,22.5,archers,12.13,archers,2,0.0,0.0,26,0.0,0.0,2,25,0.0,0.0,1,26,1.0,0.5,1,8,0.0,0.0,1,26,0.0,0.0,1,26,0.0,0.0,1,26,0.0,0.0,1,26,0.0,0.0,1,26,0.0,1.0,9,18,0.0,0.0,1,26,0.0,0.0,1,26,0.0,0.0,1,26,10.6391,9.8738,15,0,1.0,1.5,9,8,g9_18,0.0,1.0,9,18,corner,0.0,0.0,0.0,0.0,2,25,0.0,0.0,1,26,1.0,0.5,1,8,0.0,0.0,1,26,0.0,0.0,1,26,0.0,0.0,1,26,0.0,0.0,1,26,0.0,0.0,1,26,0.0,1.0,9,18,0.0,0.0,1,26,0.0,0.0,1,26,0.0,0.0,1,26,10.6391,9.8738,15,0,1.0,1.5,9,8,g9_18,0.0,1.0,9,18,corner,0.0,0.0
022YYYUU9LPG,3048,152.5,0,x-bow,x_bow,building,15.5,19.5,,0.0,,0,0.0,0.0,26,0.0,0.0,1,26,0.0,0.0,1,26,0.5,0.5,11,16,0.0,0.0,1,26,0.0,0.0,1,26,0.0,0.0,1,26,0.0,0.0,1,26,0.0,0.0,1,26,0.2049,0.0,1,0,0.0,0.0,1,26,0.0,0.0,1,26,0.0,0.0,1,26,0.0,0.0,1,26,0.7049,0.5,9,0,centre,0.2049,0.0,1,0,corner,0.0,0.0,0.0,0.0,1,26,0.0,0.0,1,26,0.5,0.5,11,16,0.0,0.0,1,26,0.0,0.0,1,26,0.0,0.0,1,26,0.0,0.0,1,26,0.0,0.0,1,26,0.9616,1.0,9,0,0.0,0.0,1,26,0.0,0.0,1,26,0.0,0.0,1,26,0.0,0.0,1,26,1.4616,1.5,9,0,g9_18,0.9616,1.0,9,0,corner,0.0,0.0
022YYYUU9LPG,3182,159.1,1,tesla,tesla,building,5.0,18.0,archers,4.29,archers,3,0.0,0.0,26,0.0,0.0,4,23,0.0,0.0,1,26,0.5,0.5,9,17,0.0,0.0,1,26,0.0,0.0,1,26,0.0,0.0,1,26,0.0,0.0,1,26,0.0,0.0,1,26,0.0,0.0,1,26,0.0,0.0,1,26,0.622,0.9728,4,0,0.0,0.0,1,26,1.0,1.5,22,1,0.5,0.5,10,17,tesla_modal,0.0,0.0,4,23,tesla_modal,0.0,0.0,0.0,0.0,4,23,0.0,0.0,1,26,0.5,0.5,9,17,0.0,0.0,1,26,0.0,0.0,1,26,0.0,0.0,1,26,0.0,0.0,1,26,0.0,0.0,1,26,0.0,0.0,1,26,0.0,0.0,1,26,1.0,0.8814,1,2,0.0,0.0,1,26,1.0,1.5,22,1,0.5,0.5,10,17,tesla_modal,0.0,0.0,4,23,tesla_modal,0.0,0.0
022YYYUU9LPG,3441,172.1,1,tesla,tesla,building,5.0,18.0,archers,5.0,archers,2,0.0,0.0,26,0.0,0.0717,6,21,0.0,0.0,1,26,0.5,0.5,9,17,0.0,0.0,1,26,0.0,0.0,1,26,0.0,0.0,1,26,0.0,0.0,1,26,1.0,1.0,1,26,0.0,0.0,1,26,0.0,0.0,1,26,0.8942,0.505,1,0,0.0,0.0,1,26,3.0502,4.1434,27,0,1.5,1.5717,14,13,g9_18,0.0,0.0538,6,21,g9_18,1.0,1.0,0.7529,1.0,7,0,0.0,0.0,1,26,0.5,0.5,9,17,0.0,0.0,1,26,0.0,0.0,1,26,0.0,0.0,1,26,0.0,0.0,1,26,1.0,1.0,1,26,0.0,0.0,1,26,0.0,0.0,1,26,0.9599,0.6092,2,0,0.0,0.0,1,26,3.0502,4.1434,27,0,2.2529,2.5,7,0,corner,0.5647,0.75,7,0,corner,1.0,1.0
022YYYUU9LPG,3588,179.4,1,x-bow,x_bow,building,2.5,19.5,,0.0,,0,0.0,0.0,26,0.0,0.0,1,26,0.0,0.0,1,26,0.5,0.5,11,16,0.0,0.0,1,26,0.0,0.0,1,26,0.0,0.0,1,26,0.0,0.0,1,26,0.0,0.0,1,26,0.9616,1.0,9,0,0.0,0.0,1,26,0.0,0.0,1,26,0.0,0.0,1,26,0.0,0.0,1,26,1.4616,1.5,9,0,g9_18,0.9616,1.0,9,0,corner,0.0,0.0,0.0,0.0,1,26,0.0,0.0,1,26,0.5,0.5,11,16,0.0,0.0,1,26,0.0,0.0,1,26,0.0,0.0,1,26,0.0,0.0,1,26,0.0,0.0,1,26,0.9616,1.0,9,0,0.0,0.0,1,26,0.0,0.0,1,26,0.0,0.0,1,26,0.0,0.0,1,26,1.4616,1.5,9,0,g9_18,0.9616,1.0,9,0,corner,0.0,0.0
022YYYUU9LPG,3774,188.7,0,tesla,tesla,building,15.0,18.0,knight,4.33,knight,2,0.0,0.0,26,0.0,0.0,2,25,-0.0,-0.0,1,23,0.5,0.5,9,17,0.0,0.0,1,26,0.0,0.0,1,26,0.0,0.0,1,26,0.0,0.0,1,26,1.0,1.0,1,26,0.0,0.0,1,26,0.0,0.0,1,26,0.0,0.0,2,25,-0.0,-0.0,1,24,4.3346,13.3996,19,1,1.5,1.5,9,14,centre,0.0,0.0,1,23,corner,1.0,1.0,0.0,0.0,2,25,-0.0,-0.0,1,23,0.5,0.5,9,17,0.0,0.0,1,26,0.0,0.0,1,26,0.0,0.0,1,26,0.0,0.0,1,26,1.0,1.0,1,26,0.0,0.0,1,26,0.0,0.0,1,26,0.0,0.0,2,25,-0.0,-0.0,1,24,4.3346,13.3996,19,1,1.5,1.5,9,14,centre,0.0,0.0,1,23,corner,1.0,1.0
022YYYUU9LPG,3973,198.7,0,x-bow,x_bow,building,12.5,18.5,,0.0,,0,0.0,0.0,26,0.0,0.0,1,26,0.0,0.0,1,26,0.5,0.5,11,16,0.0,0.0,1,26,0.0,0.0,1,26,0.0,0.0,1,26,0.0,0.0,1,26,0.0,0.0,1,26,1.0,1.0,1,8,0.0,0.0,1,26,0.0,0.0,1,26,0.0,0.0,1,26,0.0,0.0,1,26,1.5,1.5,2,7,g9_18,1.0,1.0,1,8,corner,0.0,0.0,0.0,0.0,1,26,0.0,0.0,1,26,0.5,0.5,11,16,0.0,0.0,1,26,0.0,0.0,1,26,0.0,0.0,1,26,0.0,0.0,1,26,0.0,0.0,1,26,1.0,1.0,1,8,0.0,0.0,1,26,0.0,0.0,1,26,0.0,0.0,1,26,0.0,0.0,1,26,1.5,1.5,2,7,g9_18,1.0,1.0,1,8,corner,0.0,0.0
022YYYUU9LPG,4331,216.6,1,tesla,tesla,building,5.0,18.0,,0.0,,0,0.0,0.0,26,0.0,0.0,1,26,0.0,0.0,1,26,0.5,0.5,9,17,0.0,0.0,1,26,0.0,0.0,1,26,0.0,0.0,1,26,0.0,0.0,1,26,0.0,0.0,1,26,0.0,0.0,1,26,0.0,0.0,1,26,0.0,0.0,1,26,0.0,0.0,1,26,0.0,0.0,1,26,0.5,0.5,9,17,centre,0.0,0.0,1,26,corner,0.0,0.0,0.0,0.0,1,26,0.0,0.0,1,26,0.5,0.5,9,17,0.0,0.0,1,26,0.0,0.0,1,26,0.0,0.0,1,26,0.0,0.0,1,26,0.0,0.0,1,26,0.0,0.0,1,26,0.0,0.0,1,26,0.0,0.0,1,26,0.0,0.0,1,26,0.0,0.0,1,26,0.5,0.5,9,17,centre,0.0,0.0,1,26,corner,0.0,0.0
022YYYUU9LPG,4351,217.6,0,tesla,tesla,building,12.0,18.0,knight,6.8,knight,2,0.0,0.0,26,0.0,1.0,9,18,-0.0,-0.0,1,23,0.5,0.5,9,17,0.0,0.0,1,26,0.0,0.0,1,26,0.0,0.0,1,26,0.0,0.0,1,26,1.0,1.0,1,26,0.0,0.0,1,26,0.0,0.0,1,26,0.0,1.0,9,18,-0.0,-0.0,1,25,6.7973,3.3651,12,0,1.5,2.5,14,10,tesla_modal,0.0,0.75,8,16,tesla_modal,1.0,1.0,0.0,1.0,9,18,-0.0,-0.0,1,23,0.5,0.5,9,17,0.0,0.0,1,26,0.0,0.0,1,26,0.0,0.0,1,26,0.0,0.0,1,26,1.0,1.0,1,26,0.0,0.0,1,26,0.0,0.0,1,26,0.0,1.0,9,18,-0.0,-0.0,1,25,6.7973,3.3651,12,0,1.5,2.5,14,10,tesla_modal,0.0,0.75,8,16,tesla_modal,1.0,1.0
022YYYUU9LPG,4581,229.1,1,x-bow,x_bow,building,2.5,19.5,archers,10.89,archers,2,0.0,0.0,26,0.0,0.0,4,23,0.0,0.0,1,26,0.5,0.5,11,16,0.0,0.0,1,26,0.0,0.0,1,26,0.0,0.0,1,26,0.0,0.0,1,26,0.0,0.0,1,26,0.9616,1.0,9,0,0.0,0.0,1,26,0.0,0.0,1,26,0.0,0.0,1,26,0.4,1.4,23,1,1.4616,1.5,9,0,g9_18,0.9616,1.0,9,0,corner,0.0,0.0,0.0,0.0,4,23,0.0,0.0,1,26,0.5,0.5,11,16,0.0,0.0,1,26,0.0,0.0,1,26,0.0,0.0,1,26,0.0,0.0,1,26,0.0,0.0,1,26,0.9616,1.0,9,0,0.0,0.0,1,26,0.0,0.0,1,26,0.0,0.0,1,26,0.4,1.4,23,1,1.4616,1.5,11,0,g9_18,0.9616,1.0,11,0,corner,0.0,0.0
022YYYUU9LPG,4673,233.7,0,tesla,tesla,building,17.0,19.0,knight,2.96,knight,1,0.0,0.0,26,1.0,0.0,1,6,-0.0,-0.0,1,23,0.5,0.5,9,17,0.0,0.0,1,26,0.0,0.0,1,26,0.0,0.0,1,26,0.0,0.0,1,26,1.0,1.0,1,26,0.0,0.0,1,26,0.0,0.0,1,26,1.0,0.0,1,4,-0.0,-0.0,1,23,2.9595,9.8011,22,0,2.5,1.5,4,2,tesla_modal,0.75,0.0,4,2,tesla_modal,1.0,1.0,1.0,0.0,1,6,-0.0,-0.0,1,23,0.5,0.5,9,17,0.0,0.0,1,26,0.0,0.0,1,26,0.0,0.0,1,26,0.0,0.0,1,26,1.0,1.0,1,26,0.0,0.0,1,26,0.0,0.0,1,26,1.0,0.0,1,4,-0.0,-0.0,1,23,2.9595,9.8011,22,0,2.5,1.5,4,2,tesla_modal,0.75,0.0,4,2,tesla_modal,1.0,1.0
022YYYUU9LPG,4931,246.6,1,tesla,tesla,building,5.0,18.0,archers,6.32,archers,2,0.0,0.0,26,0.0,0.0,4,23,0.0,0.0,1,26,0.5,0.5,9,17,0.0,0.0,1,26,0.0,0.0,1,26,0.0,0.0,1,26,0.0,0.0,1,26,0.0,0.0,1,26,0.0,0.0,1,26,0.0,0.0,1,26,0.0,0.0,2,25,0.0,0.0,1,26,1.0,1.5,22,1,0.5,0.5,10,17,tesla_modal,0.0,0.0,4,23,tesla_modal,0.0,0.0,0.0,0.0,4,23,0.0,0.0,1,26,0.5,0.5,9,17,0.0,0.0,1,26,0.0,0.0,1,26,0.0,0.0,1,26,0.0,0.0,1,26,0.0,0.0,1,26,0.0,0.0,1,26,0.0,0.0,1,26,0.0,0.0,2,25,0.0,0.0,1,26,1.0,1.5,22,1,0.5,0.5,10,17,tesla_modal,0.0,0.0,4,23,tesla_modal,0.0,0.0
022YYYUU9LPG,5111,255.6,1,x-bow,x_bow,building,2.5,19.5,archers,10.82,archers,1,0.0,0.0,26,0.0,0.0,4,23,0.0,0.0,1,26,0.5,0.5,11,16,0.0,0.0,1,26,0.0,0.0,1,26,0.0,0.0,1,26,0.0,0.0,1,26,0.0,0.0,1,26,0.9616,1.0,9,0,0.0,0.0,1,26,0.0,0.0,5,22,0.0,0.0,1,26,10.7204,11.7096,6,0,1.4616,1.5,9,0,g9_18,0.9616,1.0,9,0,corner,0.0,0.0,0.0,0.0,6,21,0.0,0.0,1,26,0.5,0.5,11,16,0.0,0.0,1,26,0.0,0.0,1,26,0.0,0.0,1,26,0.0,0.0,1,26,1.0,1.0,1,26,0.9616,1.0,9,0,0.0,0.0,1,26,0.0,0.0,7,20,0.0,0.0,1,26,10.7204,11.7096,6,0,2.4616,2.5,11,0,g9_18,0.9616,1.0,11,0,corner,1.0,1.0
022YYYUU9LPG,5114,255.7,0,x-bow,x_bow,building,2.5,19.5,knight,10.15,knight,1,0.0,0.0,26,0.0,0.0,9,18,-0.0,-0.0,1,20,0.5,0.5,11,16,0.0,0.0,1,26,0.0,0.0,1,26,0.0,0.0,1,26,0.0,0.0,1,26,1.0,1.0,1,26,0.9616,1.0,5,0,0.0,0.0,1,26,0.0,0.0,9,18,-0.0,-0.0,1,22,10.0483,11.1332,6,0,2.4616,2.5,10,0,tesla_modal,0.9616,1.0,7,0,corner,1.0,1.0,0.0,0.0,9,18,-0.0,-0.0,1,20,0.5,0.5,11,16,0.0,0.0,1,26,0.0,0.0,1,26,0.0,0.0,1,26,0.0,0.0,1,26,1.0,1.0,1,26,0.9616,1.0,8,0,0.0,0.0,1,26,0.0,0.0,9,18,-0.0,-0.0,1,22,10.0483,11.1332,6,0,2.4616,2.5,12,0,g9_18,0.9616,1.0,9,0,corner,1.0,1.0
022YYYUUQGGJ,337,16.9,1,x-bow,x_bow,building,13.5,19.5,monk,18.29,monk,1,0.0,0.0,26,0.0,0.6,8,19,-0.0,-0.3636,1,19,0.5,0.5,11,16,0.0,0.0,1,26,0.0,0.0,1,26,0.0,0.0,1,26,0.0,0.0,1,26,0.0,0.0,1,26,0.9616,1.0,9,0,0.0,0.0,1,26,0.0,0.0,1,26,-0.0,-0.0,1,26,9.4,1.4,9,1,1.4616,1.7364,9,0,g9_18,0.9616,0.7,7,0,tesla_modal,0.0,0.0,0.0,0.0,4,23,0.0,0.0,1,26,0.5,0.5,11,16,0.0,0.0,1,26,0.0,0.0,1,26,0.0,0.0,1,26,0.0,0.0,1,26,0.0,0.0,1,26,0.9616,1.0,9,0,0.0,0.0,1,26,0.0,0.0,1,26,0.0,0.0,1,26,9.4,1.4,9,1,1.4616,1.5,11,0,g9_18,0.9616,1.0,11,0,corner,0.0,0.0
022YYYUUQGGJ,1124,56.2,1,x-bow,x_bow,building,15.5,19.5,witch,11.71,witch,1,0.0,0.0,26,0.0,0.3375,6,21,0.0,0.0,1,26,0.5,0.5,11,16,0.0,0.0,1,26,0.0,0.0,1,26,0.0,0.0,1,26,0.0,0.0,1,26,0.0,0.0,1,26,0.9616,1.0,9,0,0.0,0.0,1,26,0.0,0.0,1,26,0.0,0.0,1,26,11.5006,5.175,12,0,1.4616,1.8375,10,0,g9_18,0.9616,1.0,9,0,corner,0.0,0.0,0.0,0.9167,7,20,0.0,0.0,1,26,0.5,0.5,11,16,0.0,0.0,1,26,0.0,0.0,1,26,0.0,0.0,1,26,0.0,0.0,1,26,0.0,0.0,1,26,0.9616,1.0,9,0,0.0,0.0,1,26,0.0,0.0,1,26,0.0,0.0,1,26,11.5006,5.175,12,0,1.4616,2.4167,9,0,bow_modal_L,0.9616,1.0,9,0,corner,0.0,0.0
022YYYUUQGGJ,2101,105.1,1,x-bow,x_bow,building,15.5,19.5,executioner,11.41,executioner,1,0.0,0.0,26,0.0,0.0,5,22,0.0,0.0,1,26,0.5,0.0,1,17,0.0,0.0,1,26,0.0,0.0,1,26,0.0,0.0,1,26,0.0,0.0,1,26,0.0,0.0,1,26,0.9616,1.0,9,0,0.0,0.0,1,26,0.0,0.0,1,26,0.0,0.0,1,26,9.0879,2.216,3,0,1.4616,1.0,4,0,bow_modal_R,0.9616,1.0,9,0,corner,0.0,0.0,0.0,0.3347,12,15,0.0,0.0,1,26,0.5,0.0,1,17,0.0,0.0,1,26,0.0,0.0,1,26,0.0,0.0,1,26,0.0,0.0,1,26,0.0,0.0,1,26,0.9616,1.0,9,0,0.0,0.0,1,26,0.0,0.0,1,26,0.0,0.0,1,26,9.0879,2.216,3,0,1.4616,1.3347,6,0,g9_18,0.9616,1.0,9,0,corner,0.0,0.0
022YYYUUQGGJ,2182,109.3,1,tesla,tesla,building,9.0,18.0,giant_skeleton,5.81,giant_skeleton,2,0.0,0.0,26,0.8311,0.0,3,1,-0.0,-0.0,1,22,0.2332,0.0,18,1,0.0,0.0,1,26,0.0,0.0,1,26,0.0,0.0,1,26,0.0,0.0,1,26,0.5199,0.5199,1,26,0.0,0.0,1,26,0.0,0.0,1,26,0.2138,0.0,5,1,-0.0,-0.0,1,26,5.3378,12.7382,21,1,1.5842,0.5199,3,1,g15_22,0.5124,0.0,3,1,g15_22,0.5199,0.5199,1.0,0.0,1,1,-0.0,-0.0,1,21,0.2332,0.0,18,1,0.0,0.0,1,26,0.0,0.0,1,26,0.0,0.0,1,26,0.0,0.0,1,26,0.5199,0.5199,1,26,0.0,0.0,1,26,0.0,0.0,1,26,0.4013,0.0,5,1,-0.0,-0.0,1,26,5.3378,12.7382,21,1,1.7531,0.5199,2,1,g15_22,0.6166,0.0,2,1,g15_22,0.5199,0.5199
022YYYUUQGGJ,2704,135.2,1,x-bow,x_bow,building,15.5,19.5,,0.0,,3,0.0,0.0,26,0.0,0.0,1,26,0.0,0.0,1,26,0.5,0.0,1,17,0.0,0.0,1,26,0.0,0.0,1,26,0.0,0.0,1,26,0.0,0.0,1,26,0.0,0.0,1,26,0.9616,1.0,9,0,0.0,0.0,1,26,0.0,0.0,1,26,0.0,0.0,1,26,0.0,0.0,1,26,1.4616,1.0,4,0,bow_modal_R,0.9616,1.0,9,0,corner,0.0,0.0,0.0,0.0,1,26,0.0,0.0,1,26,0.5,0.0,1,17,0.0,0.0,1,26,0.0,0.0,1,26,0.0,0.0,1,26,0.0,0.0,1,26,0.0,0.0,1,26,0.9616,1.0,9,0,0.0,0.0,1,26,0.0,0.0,1,26,0.0,0.0,1,26,0.0,0.0,1,26,1.4616,1.0,4,0,bow_modal_R,0.9616,1.0,9,0,corner,0.0,0.0
022YYYUUQGGJ,2771,138.6,1,tesla,tesla,building,13.0,18.0,,0.0,,4,0.0,0.0,26,0.0,0.0,1,26,0.0,0.0,1,26,0.5,0.0,1,17,0.0,0.0,1,26,0.0,0.0,1,26,0.0,0.0,1,26,0.0,0.0,1,26,0.0,0.0,1,26,0.0,0.0,1,26,0.0,0.0,1,26,0.0,0.0,1,26,0.0,0.0,1,26,0.0,0.0,1,26,0.5,0.0,1,17,centre,0.0,0.0,1,26,corner,0.0,0.0,0.0,0.0,1,26,0.0,0.0,1,26,0.5,0.0,1,17,0.0,0.0,1,26,0.0,0.0,1,26,0.0,0.0,1,26,0.0,0.0,1,26,0.0,0.0,1,26,0.0,0.0,1,26,0.0,0.0,1,26,0.0,0.0,1,26,0.0,0.0,1,26,0.0,0.0,1,26,0.5,0.0,1,17,centre,0.0,0.0,1,26,corner,0.0,0.0
022YYYUUQGGJ,3291,164.6,1,x-bow,x_bow,building,15.5,19.5,witch,0.98,witch,7,0.0,0.0,26,0.0,0.0,3,24,0.0,0.0,1,26,0.5,0.0,1,17,0.0,0.0,1,26,0.0,0.0,1,26,0.0,0.0,1,26,0.0,0.0,1,26,0.0,0.0,1,26,0.9616,0.0,5,0,0.0,0.0,1,26,0.0,0.0,3,24,0.0,0.0,1,26,0.5419,12.2365,22,0,1.4616,0.0,4,0,bow_modal_R,0.9616,0.0,5,0,bow_modal_R,0.0,0.0,0.0,0.0,3,24,0.0,0.0,1,26,0.5,0.0,1,17,0.0,0.0,1,26,0.0,0.0,1,26,0.0,0.0,1,26,0.0,0.0,1,26,0.0476,0.0476,1,26,0.9616,0.0,5,0,0.0,0.0,1,26,0.0,0.0,3,24,0.0,0.0,1,26,0.5419,12.2365,22,0,1.5091,0.0476,5,0,g9_18,0.9616,0.0,5,0,bow_modal_R,0.0476,0.0476
022YYYUVGPUU,404,20.2,1,x-bow,x_bow,building,2.5,19.5,musketeer,17.11,musketeer,1,0.0,0.0,26,0.0,0.0,1,26,0.0,0.0,1,26,0.5,0.5,11,16,0.0,0.0,1,26,0.0,0.0,1,26,0.0,0.0,1,26,0.0,0.0,1,26,0.0,0.0,1,26,0.9616,1.0,9,0,0.0,0.0,1,26,0.0,0.0,1,26,0.0,0.0,1,26,11.4,12.4,5,0,1.4616,1.5,9,0,g9_18,0.9616,1.0,9,0,corner,0.0,0.0,0.0,0.0,5,22,0.0,0.0,1,26,0.5,0.5,11,16,0.0,0.0,1,26,0.0,0.0,1,26,0.0,0.0,1,26,0.0,0.0,1,26,0.0,0.0,1,26,0.9616,1.0,9,0,0.0,0.0,1,26,0.0,0.0,1,26,0.0,0.0,1,26,11.4,12.4,5,0,1.4616,1.5,11,0,g9_18,0.9616,1.0,11,0,corner,0.0,0.0
022YYYUVGPUU,1166,58.3,1,tesla,tesla,building,10.0,21.0,miner,7.98,miner,3,0.0,0.0,26,0.0,0.0,3,24,-0.0,-0.0,1,21,1.0,0.5,1,8,0.0,0.0,1,26,0.0,0.0,1,26,0.0,0.0,1,26,0.0,0.0,1,26,1.0,1.0,1,26,0.0,0.0,1,26,0.0,0.0,1,26,0.0,0.0,4,23,-0.0,-0.0,1,23,7.9831,14.8614,13,0,2.0,1.5,2,6,g15_30,0.0,0.0,3,21,g15_30,1.0,1.0,0.0,0.0,2,25,0.0,0.0,1,26,1.0,0.5,1,8,0.0,0.0,1,26,0.0,0.0,1,26,0.0,0.0,1,26,0.0,0.0,1,26,1.0,1.0,1,26,0.0,0.0,1,26,0.0,0.0,1,26,0.0,0.0,3,24,0.0,0.0,1,26,7.9831,14.8614,13,0,2.0,1.5,1,8,centre,0.0,0.0,2,25,g15_30,1.0,1.0
022YYYUVGPUU,1465,73.3,1,x-bow,x_bow,building,15.5,19.5,,0.0,,0,0.0,0.0,26,0.0,0.0,1,26,0.0,0.0,1,26,0.5,0.5,11,16,0.0,0.0,1,26,0.0,0.0,1,26,0.0,0.0,1,26,0.0,0.0,1,26,0.0,0.0,1,26,0.9616,1.0,9,0,0.0,0.0,1,26,0.0,0.0,1,26,0.0,0.0,1,26,0.0,0.0,1,26,1.4616,1.5,9,0,g9_18,0.9616,1.0,9,0,corner,0.0,0.0,0.0,0.0,1,26,0.0,0.0,1,26,0.5,0.5,11,16,0.0,0.0,1,26,0.0,0.0,1,26,0.0,0.0,1,26,0.0,0.0,1,26,0.0,0.0,1,26,0.9616,1.0,9,0,0.0,0.0,1,26,0.0,0.0,1,26,0.0,0.0,1,26,0.0,0.0,1,26,1.4616,1.5,9,0,g9_18,0.9616,1.0,9,0,corner,0.0,0.0
022YYYUVGPUU,2323,116.2,1,tesla,tesla,building,10.0,21.0,,0.0,,0,0.0,0.0,26,0.0,0.0,1,26,0.0,0.0,1,26,1.0,0.5,1,8,0.0,0.0,1,26,0.0,0.0,1,26,0.0,0.0,1,26,0.0,0.0,1,26,0.0,0.0,1,26,0.0,0.0,1,26,0.0,0.0,1,26,0.0,0.0,1,26,0.0,0.0,1,26,0.0,0.0,1,26,1.0,0.5,1,8,centre,0.0,0.0,1,26,corner,0.0,0.0,0.0,0.0,1,26,0.0,0.0,1,26,1.0,0.5,1,8,0.0,0.0,1,26,0.0,0.0,1,26,0.0,0.0,1,26,0.0,0.0,1,26,0.0,0.0,1,26,0.0,0.0,1,26,0.0,0.0,1,26,0.0,0.0,1,26,0.0,0.0,1,26,0.0,0.0,1,26,1.0,0.5,1,8,centre,0.0,0.0,1,26,corner,0.0,0.0
022YYYUVGPUU,2467,123.4,1,x-bow,x_bow,building,13.5,19.5,musketeer,18.47,musketeer,1,0.0,0.0,26,0.0,0.0,1,26,0.0,0.0,1,26,0.5,0.5,11,16,0.0,0.0,1,26,0.0,0.0,1,26,0.0,0.0,1,26,0.0,0.0,1,26,0.0,0.0,1,26,0.9616,1.0,9,0,0.0,0.0,1,26,0.0,0.0,1,26,0.0,0.0,1,26,9.4,1.4,9,1,1.4616,1.5,9,0,g9_18,0.9616,1.0,9,0,corner,0.0,0.0,0.0,0.0,4,23,0.0,0.0,1,26,0.5,0.5,11,16,0.0,0.0,1,26,0.0,0.0,1,26,0.0,0.0,1,26,0.0,0.0,1,26,0.0,0.0,1,26,0.9616,1.0,9,0,0.0,0.0,1,26,0.0,0.0,1,26,0.0,0.0,1,26,9.4,1.4,9,1,1.4616,1.5,11,0,g9_18,0.9616,1.0,11,0,corner,0.0,0.0
022YYYVURLCJ,361,18.1,1,x-bow,x_bow,building,13.5,19.5,bowler,18.38,bowler,1,0.0,0.0,26,0.0,0.0,4,23,0.0,0.0,1,26,0.5,0.5,11,16,0.0,0.0,1,26,0.0,0.0,1,26,0.0,0.0,1,26,0.0,0.0,1,26,0.0,0.0,1,26,0.9616,1.0,9,0,0.0,0.0,1,26,0.0,0.0,1,26,0.0,0.0,1,26,9.4,1.4,9,1,1.4616,1.5,11,0,g9_18,0.9616,1.0,9,0,corner,0.0,0.0,0.0,0.0,4,23,0.0,0.0,1,26,0.5,0.5,11,16,0.0,0.0,1,26,0.0,0.0,1,26,0.0,0.0,1,26,0.0,0.0,1,26,0.0,0.0,1,26,0.9616,1.0,9,0,0.0,0.0,1,26,0.0,0.0,1,26,0.0,0.0,1,26,9.4,1.4,9,1,1.4616,1.5,11,0,g9_18,0.9616,1.0,9,0,corner,0.0,0.0
022YYYVURLCJ,1491,74.6,1,x-bow,x_bow,building,15.5,19.5,,0.0,,0,0.0,0.0,26,0.0,0.0,1,26,0.0,0.0,1,26,0.0,0.5,19,8,0.0,0.0,1,26,0.0,0.0,1,26,0.0,0.0,1,26,0.0,0.0,1,26,0.0,0.0,1,26,0.9616,1.0,9,0,0.0,0.0,1,26,0.0,0.0,1,26,0.0,0.0,1,26,0.0,0.0,1,26,0.9616,1.5,9,0,corner,0.9616,1.0,9,0,corner,0.0,0.0,0.0,0.0,1,26,0.0,0.0,1,26,0.0,0.5,19,8,0.0,0.0,1,26,0.0,0.0,1,26,0.0,0.0,1,26,0.0,0.0,1,26,0.0,0.0,1,26,0.9616,1.0,9,0,0.0,0.0,1,26,0.0,0.0,1,26,0.0,0.0,1,26,0.0,0.0,1,26,0.9616,1.5,9,0,corner,0.9616,1.0,9,0,corner,0.0,0.0
022YYYVURLCJ,1567,78.4,1,tesla,tesla,building,13.0,18.0,bowler,4.2,bowler,1,0.0,0.0,26,0.0,0.0,7,20,0.0,0.0,1,26,0.0,0.5,18,9,0.0,0.0,1,26,0.0,0.0,1,26,0.0,0.0,1,26,0.0,0.0,1,26,0.0,0.0,1,26,0.0,0.0,1,26,0.0,0.0,1,26,0.75,0.0,3,0,0.0,0.0,1,26,1.4917,12.7382,24,0,0.0,0.5,19,8,knight_cell,0.0,0.0,7,20,knight_cell,0.0,0.0,0.0,0.0,8,19,0.0,0.0,1,26,0.0,0.5,18,9,0.0,0.0,1,26,0.0,0.0,1,26,0.0,0.0,1,26,0.0,0.0,1,26,0.0,0.0,1,26,0.0,0.0,1,26,0.0,0.0,1,26,0.5792,0.0,4,0,0.0,0.0,1,26,1.4917,12.7382,24,0,0.0,0.5,19,8,knight_cell,0.0,0.0,8,19,knight_cell,0.0,0.0
022YYYVURLCJ,2435,121.8,1,x-bow,x_bow,building,7.5,21.5,inferno_dragon,3.92,inferno_dragon,2,0.0,0.0,26,0.6615,0.0,4,0,0.0,0.0,1,26,0.5,0.5,1,16,0.0,0.0,1,26,0.0,0.0,1,26,0.0,0.0,1,26,0.0,0.0,1,26,0.0,0.0,1,26,0.0,1.0,9,18,0.0,0.0,1,26,0.6615,0.0,6,0,0.0,0.0,1,26,3.8229,10.3411,16,0,1.1615,1.5,9,0,g9_18,0.4961,1.0,9,0,corner,0.0,0.0,0.949,0.0,4,0,0.0,0.0,1,26,0.5,0.5,1,16,0.0,0.0,1,26,0.0,0.0,1,26,0.0,0.0,1,26,0.0,0.0,1,26,0.0,0.0,1,26,0.0,1.0,9,18,0.0,0.0,1,26,0.949,0.0,6,0,0.0,0.0,1,26,3.8229,10.3411,16,0,1.449,1.5,9,0,g9_18,0.7117,1.0,9,0,corner,0.0,0.0
022YYYVURLCJ,2488,124.4,1,tesla,tesla,building,15.0,23.0,inferno_dragon,2.79,inferno_dragon,4,0.0,0.0,26,0.1453,0.0,7,0,0.0,0.0,1,26,0.0,0.5,18,9,0.0,0.0,1,26,0.0,0.0,1,26,0.0,0.0,1,26,0.0,0.0,1,26,1.0,1.0,1,26,0.0,0.0,1,26,0.0,0.0,1,26,0.1453,0.0,9,0,0.0,0.0,1,26,2.7907,6.2082,19,0,1.1453,1.5,22,0,g9_26,0.0727,0.0,7,0,g9_26,1.0,1.0,0.4328,0.0,7,0,0.0,0.0,1,26,0.0,0.5,18,9,0.0,0.0,1,26,0.0,0.0,1,26,0.0,0.0,1,26,0.0,0.0,1,26,1.0,1.0,1,26,0.0,0.0,1,26,0.0,0.0,1,26,0.4328,0.0,9,0,0.0,0.0,1,26,2.7907,6.2082,19,0,1.4328,1.5,22,0,g9_26,0.2164,0.0,7,0,g9_26,1.0,1.0
022YYYVURLCJ,3107,155.4,1,tesla,tesla,building,9.0,18.0,knight,4.66,knight,3,0.0,0.0,26,1.0,0.0,1,5,-0.0,-0.0,1,16,0.2332,0.5,17,1,0.0,0.0,1,26,0.0,0.0,1,26,0.0,0.0,1,26,0.0,0.0,1,26,1.0,1.0,1,26,0.0,0.0,1,26,0.0,0.0,1,26,1.0,0.0,1,5,-0.0,-0.0,1,22,4.4345,10.9133,10,1,2.2332,1.5,4,1,centre,0.6166,0.0,4,1,centre,1.0,1.0,1.0,0.0,1,5,-0.0,-0.0,1,16,0.2332,0.5,17,1,0.0,0.0,1,26,0.0,0.0,1,26,0.0,0.0,1,26,0.0,0.0,1,26,1.0,1.0,1,26,0.0,0.0,1,26,0.0,0.0,1,26,1.0,0.0,1,4,-0.0,-0.0,1,22,4.4345,10.9133,10,1,2.2332,1.5,4,1,centre,0.6166,0.0,4,1,centre,1.0,1.0
022YYYVURLCJ,3225,161.3,1,x-bow,x_bow,building,7.5,22.5,executioner,7.4,executioner,3,0.0,0.0,26,0.4995,0.0,2,0,0.0,0.0,1,26,0.5,0.5,1,16,0.0,0.0,1,26,0.0,0.0,1,26,0.0,0.0,1,26,0.0,0.0,1,26,0.152,0.152,1,26,0.0,1.0,9,18,0.0,0.0,1,26,0.0,0.3132,5,22,0.0,0.0,1,26,4.499,2.6016,19,0,1.1515,1.652,10,0,corner,0.3746,1.0,10,0,corner,0.152,0.152,1.0,0.5275,1,2,0.0,0.0,1,26,0.5,0.5,1,16,0.0,0.0,1,26,0.0,0.0,1,26,0.0,0.0,1,26,0.0,0.0,1,26,0.152,0.152,1,26,0.0,1.0,9,18,0.0,0.0,1,26,0.0,0.4167,5,22,0.0,0.0,1,26,4.499,2.6016,19,0,1.652,2.1795,4,3,bow_modal_L,0.75,1.0,9,2,corner,0.152,0.152
02GY9GJCR9P0,291,14.6,1,tesla,tesla,building,10.0,22.0,minion_horde,9.7,minion_horde,6,0.0,0.0,26,1.0,0.0,1,3,0.0,0.0,1,26,1.0,0.5,1,8,0.0,0.0,1,26,0.0,0.0,1,26,0.0,0.0,1,26,0.0,0.0,1,26,0.0,0.0,1,26,0.0,0.0,1,26,0.0,0.0,1,26,0.0,0.0,6,21,0.0,0.0,1,26,4.0098,12.5195,20,0,2.0,0.5,1,2,tesla_modal,1.0,0.0,1,2,tesla_modal,0.0,0.0,1.0,0.0,1,4,-0.0,-0.0,1,20,1.0,0.5,1,8,0.0,0.0,1,26,0.0,0.0,1,26,0.0,0.0,1,26,0.0,0.0,1,26,0.0,0.0,1,26,0.0,0.0,1,26,0.0,0.0,1,26,0.0,0.0,6,21,-0.0,-0.0,1,26,4.0098,12.5195,20,0,2.0,0.5,1,3,tesla_modal,1.0,0.0,1,3,tesla_modal,0.0,0.0
02GY9GJCR9P0,1107,55.4,1,x-bow,x_bow,building,8.5,21.5,cannon_cart,2.43,cannon_cart,2,0.0,0.0,26,0.0,0.0,3,24,0.0,0.0,1,26,0.5,0.5,1,16,0.0,0.0,1,26,0.0,0.0,1,26,0.0,0.0,1,26,0.0,0.0,1,26,0.0,0.0,1,26,0.0,1.0,9,18,0.0,0.0,1,26,0.0,0.0,4,23,0.0,0.0,1,26,2.3732,9.973,18,0,0.5,1.5,9,12,corner,0.0,1.0,9,18,corner,0.0,0.0,0.4144,0.0,7,0,0.0,0.0,1,26,0.5,0.5,1,16,0.0,0.0,1,26,0.0,0.0,1,26,0.0,0.0,1,26,0.0,0.0,1,26,1.0,1.0,1,26,0.0,1.0,9,18,0.0,0.0,1,26,0.443,0.0,10,0,0.0,0.0,1,26,2.3732,9.973,18,0,1.9144,2.5,10,0,g9_18,0.3108,1.0,11,0,corner,1.0,1.0
02GY9GJCR9P0,1911,95.6,1,tesla,tesla,building,12.0,18.0,,0.0,,1,0.0,0.0,26,0.0,0.0,1,26,0.0,0.0,1,26,0.0,0.5,18,9,0.0,0.0,1,26,0.0,0.0,1,26,0.0,0.0,1,26,0.0,0.0,1,26,0.0,0.0,1,26,0.0,0.0,1,26,0.0,0.0,1,26,0.0,0.0,1,26,0.0,0.0,1,26,0.0,0.0,1,26,0.0,0.5,18,9,corner,0.0,0.0,1,26,corner,0.0,0.0,0.0,0.0,1,26,0.0,0.0,1,26,0.0,0.5,18,9,0.0,0.0,1,26,0.0,0.0,1,26,0.0,0.0,1,26,0.0,0.0,1,26,0.0,0.0,1,26,0.0,0.0,1,26,0.0,0.0,1,26,0.0,0.0,1,26,0.0,0.0,1,26,0.0,0.0,1,26,0.0,0.5,18,9,corner,0.0,0.0,1,26,corner,0.0,0.0
02GY9GJCR9P0,2589,129.5,1,tesla,tesla,building,7.0,18.0,goblin_gang,4.64,goblin_gang,5,0.0,0.0,26,1.0,1.0,1,7,-0.0,-0.0,1,24,0.5,0.5,1,16,0.0,0.0,1,26,0.0,0.0,1,26,0.0,0.0,1,26,0.0,0.0,1,26,0.9596,0.9596,1,26,0.0,0.0,1,26,0.0,0.0,1,26,1.0,1.0,1,5,-0.0,-0.0,1,26,1.8052,2.3784,25,0,2.4596,2.4596,1,6,corner,0.75,0.75,1,6,corner,0.9596,0.9596,0.1293,0.4159,8,0,0.0,0.0,1,26,0.5,0.5,1,16,0.0,0.0,1,26,0.0,0.0,1,26,0.0,0.0,1,26,0.0,0.0,1,26,0.9596,0.9596,1,26,0.0,0.0,1,26,0.0,0.0,1,26,1.0,1.0,1,3,0.0,0.0,1,26,1.8052,2.3784,25,0,1.5889,1.8755,8,0,g9_22,0.097,0.312,8,0,g9_22,0.9596,0.9596
02GY9GJCR9P0,2657,132.9,1,x-bow,x_bow,building,4.5,19.5,,0.0,,0,0.0,0.0,26,0.0,0.0,1,26,0.0,0.0,1,26,0.5,0.5,1,16,0.0,0.0,1,26,0.0,0.0,1,26,0.0,0.0,1,26,0.0,0.0,1,26,0.0,0.0,1,26,0.9616,1.0,5,0,0.0,0.0,1,26,0.0,0.0,1,26,0.0,0.0,1,26,0.0,0.0,1,26,1.4616,1.5,5,0,corner,0.9616,1.0,5,0,corner,0.0,0.0,0.0,0.0,1,26,0.0,0.0,1,26,0.5,0.5,1,16,0.0,0.0,1,26,0.0,0.0,1,26,0.0,0.0,1,26,0.0,0.0,1,26,0.0,0.0,1,26,0.9616,1.0,9,0,0.0,0.0,1,26,0.0,0.0,1,26,0.0,0.0,1,26,0.0,0.0,1,26,1.4616,1.5,5,0,corner,0.9616,1.0,9,0,corner,0.0,0.0
02GY9GJCR9P0,3051,152.6,1,tesla,tesla,building,10.0,22.0,goblinstein,5.66,goblinstein,8,0.0,0.0,26,0.0,1.0,9,18,-0.0,-0.0,1,21,0.5,0.5,1,16,0.0,0.0,1,26,0.0,0.0,1,26,0.0,0.0,1,26,0.0,0.0,1,26,1.0,1.0,1,26,0.0,0.0,1,26,0.0,0.0,1,26,0.0,1.0,10,17,-0.0,-0.0,1,23,5.4963,2.3856,13,0,1.5,2.5,8,7,corner,0.0,0.75,8,16,corner,1.0,1.0,0.0,1.0,10,17,-0.0,-0.0,1,21,0.5,0.5,1,16,0.0,0.0,1,26,0.0,0.0,1,26,0.0,0.0,1,26,0.0,0.0,1,26,1.0,1.0,1,26,0.0,0.0,1,26,0.0,0.0,1,26,0.0,1.0,10,17,-0.0,-0.0,1,24,5.4963,2.3856,13,0,1.5,2.5,8,7,corner,0.0,0.75,8,16,corner,1.0,1.0
02GY9GJCR9P0,3332,166.6,1,x-bow,x_bow,building,7.5,22.5,minion_horde,3.46,minion_horde,2,0.0,0.0,26,0.0,0.0,2,25,0.0,0.0,1,26,0.5,0.5,1,16,0.0,0.0,1,26,0.0,0.0,1,26,0.0,0.0,1,26,0.0,0.0,1,26,0.0,0.0,1,26,0.0,1.0,5,22,0.0,0.0,1,26,0.0,0.0,2,25,0.0,0.0,1,26,3.3646,10.5719,19,0,0.5,1.5,6,11,corner,0.0,1.0,6,21,corner,0.0,0.0,0.0,0.0,5,22,-0.0,-0.0,1,20,0.5,0.5,1,16,0.0,0.0,1,26,0.0,0.0,1,26,0.0,0.0,1,26,0.0,0.0,1,26,0.0,0.0,1,26,0.0,1.0,9,18,0.0,0.0,1,26,0.0,0.0,5,22,-0.0,-0.0,1,22,3.3646,10.5719,19,0,0.5,1.5,10,6,corner,0.0,1.0,11,12,corner,0.0,0.0
02GY9GJGYJUV,586,29.3,1,tesla,tesla,building,16.0,18.0,zappies,11.31,zappies,3,0.0,0.0,26,0.0,0.0,4,23,0.0,0.0,1,26,0.5,0.5,9,17,0.0,0.0,1,26,0.0,0.0,1,26,0.0,0.0,1,26,0.0,0.0,1,26,0.5732,0.5732,1,26,0.0,0.0,1,26,0.0,0.0,1,26,0.0,0.1709,6,21,0.0,0.0,1,26,11.4101,1.5,3,0,1.0732,1.0732,10,17,tesla_modal,0.0,0.0,4,23,tesla_modal,0.5732,0.5732,0.0,0.0,4,23,0.0,0.0,1,26,0.5,0.5,9,17,0.0,0.0,1,26,0.0,0.0,1,26,0.0,0.0,1,26,0.0,0.0,1,26,0.5732,0.5732,1,26,0.0,0.0,1,26,0.0,0.0,1,26,0.0,1.0,8,19,0.0,0.0,1,26,11.4101,1.5,3,0,1.0732,1.0732,10,17,tesla_modal,0.0,0.0,4,23,tesla_modal,0.5732,0.5732
02GY9GJGYJUV,761,38.1,1,x-bow,x_bow,building,9.5,18.5,giant,5.54,giant,1,0.0,0.0,26,1.0,0.6,1,3,-0.0,-0.3636,1,19,0.7927,0.5,9,0,0.0,0.0,1,26,0.0,0.0,1,26,0.0,0.0,1,26,0.0,0.0,1,26,1.0,1.0,1,26,1.0,1.0,1,8,0.0,0.0,1,26,1.0,0.9793,1,6,-0.0,-0.0188,1,23,5.4,1.4,13,0,3.7927,2.7364,1,0,g9_18,1.0,0.7,1,6,tesla_modal,1.0,1.0,1.0,0.0218,1,3,0.0,0.0,1,26,0.7927,0.5,9,0,0.0,0.0,1,26,0.0,0.0,1,26,0.0,0.0,1,26,0.0,0.0,1,26,1.0,1.0,1,26,1.0,1.0,1,8,0.0,0.0,1,26,1.0,0.4011,1,5,0.0,0.0,1,26,5.4,1.4,13,0,3.7927,2.5218,1,0,g9_18,1.0,1.0,1,10,corner,1.0,1.0
02GY9GJJLR9Q,588,29.4,1,tesla,tesla,building,9.0,21.0,golem,12.95,golem,2,0.0,0.0,26,1.0,0.875,1,3,-0.0,-0.1429,1,19,1.0,0.5,1,8,0.0,0.0,1,26,0.0,0.0,1,26,0.0,0.0,1,26,0.0,0.0,1,26,0.0,0.0,1,26,0.0,0.0,1,26,0.0,0.0,1,26,0.0,0.0,1,26,-0.0,-0.0,1,26,5.0,1.5,15,3,2.0,1.2321,1,2,tesla_modal,1.0,0.5134,1,2,tesla_modal,0.0,0.0,1.0,0.0718,1,3,0.0,0.0,1,26,1.0,0.5,1,8,0.0,0.0,1,26,0.0,0.0,1,26,0.0,0.0,1,26,0.0,0.0,1,26,0.0,0.0,1,26,0.0,0.0,1,26,0.0,0.0,1,26,0.0,0.0,1,26,0.0,0.0,1,26,5.0,1.5,15,3,2.0,0.5718,1,2,tesla_modal,1.0,0.0538,1,2,tesla_modal,0.0,0.0
02GY9GJJLR9Q,1666,83.3,1,tesla,tesla,building,8.0,20.0,executioner,3.36,executioner,2,0.0,0.0,26,0.0,0.0,1,26,0.0,0.0,1,26,0.9951,0.5,9,0,0.0,0.0,1,26,0.0,0.0,1,26,0.0,0.0,1,26,0.0,0.0,1,26,1.0,1.0,1,26,0.0,0.0,1,26,0.0,0.0,1,26,0.0,0.0,1,26,0.0,0.0,1,26,3.4612,2.2805,20,0,1.9951,1.5,9,0,centre,0.0,0.0,1,26,corner,1.0,1.0,0.9573,0.367,1,0,0.0,0.0,1,26,0.9951,0.5,9,0,0.0,0.0,1,26,0.0,0.0,1,26,0.0,0.0,1,26,0.0,0.0,1,26,1.0,1.0,1,26,0.0,0.0,1,26,0.0,0.0,1,26,0.9574,0.367,1,0,0.0,0.0,1,26,3.4612,2.2805,20,0,2.9524,1.867,1,0,centre,0.955,0.2752,1,0,tesla_true,1.0,1.0
02GY9GJJLR9Q,2321,116.1,1,x-bow,x_bow,building,4.5,19.5,,0.0,,0,0.0,0.0,26,0.0,0.0,1,26,0.0,0.0,1,26,0.0,0.0,19,8,0.0,0.0,1,26,0.0,0.0,1,26,0.0,0.0,1,26,0.0,0.0,1,26,0.0,0.0,1,26,0.9616,1.0,9,0,0.0,0.0,1,26,0.0,0.0,1,26,0.0,0.0,1,26,0.0,0.0,1,26,0.9616,1.0,9,0,bow_modal_R,0.9616,1.0,9,0,corner,0.0,0.0,0.0,0.0,1,26,0.0,0.0,1,26,0.0,0.0,19,8,0.0,0.0,1,26,0.0,0.0,1,26,0.0,0.0,1,26,0.0,0.0,1,26,0.0,0.0,1,26,0.9616,1.0,9,0,0.0,0.0,1,26,0.0,0.0,1,26,0.0,0.0,1,26,0.0,0.0,1,26,0.9616,1.0,9,0,bow_modal_R,0.9616,1.0,9,0,corner,0.0,0.0
02GY9GJJLR9Q,2811,140.6,1,x-bow,x_bow,building,15.5,19.5,golem,10.57,golem,1,0.0,0.0,26,0.0,1.0,16,11,-0.0,-0.0,1,23,0.5,0.0,1,17,0.0,0.0,1,26,0.0,0.0,1,26,0.0,0.0,1,26,0.0,0.0,1,26,0.0,0.0,1,26,0.9616,1.0,9,0,0.0,0.0,1,26,0.0,0.0,3,24,-0.0,-0.0,1,26,10.4,2.0099,8,0,1.4616,2.0,12,0,g9_18,0.9616,1.0,7,0,corner,0.0,0.0,0.0,0.3267,14,13,0.0,0.0,1,26,0.5,0.0,1,17,0.0,0.0,1,26,0.0,0.0,1,26,0.0,0.0,1,26,0.0,0.0,1,26,0.0,0.0,1,26,0.9616,1.0,9,0,0.0,0.0,1,26,0.0,0.0,3,24,0.0,0.0,1,26,10.4,2.0099,8,0,1.4616,1.3267,9,0,g9_18,0.9616,1.0,9,0,corner,0.0,0.0
02GY9GJJLR9Q,3083,154.2,1,tesla,tesla,building,9.0,18.0,golem,1.71,golem,3,0.0,0.0,26,0.125,1.0,17,2,-1.0,-0.0,25,2,0.2332,0.0,18,1,0.0,0.0,1,26,0.0,0.0,1,26,0.0,0.0,1,26,0.0,0.0,1,26,1.0,1.0,1,26,0.0,0.0,1,26,0.0,0.0,1,26,1.0,1.0,1,10,-0.0,-0.0,1,26,0.0,5.0849,25,2,0.3582,2.0,26,1,centre,-0.2229,0.5,26,1,centre,1.0,1.0,0.0,1.0,14,13,0.0,0.0,1,26,0.2332,0.0,18,1,0.0,0.0,1,26,0.0,0.0,1,26,0.0,0.0,1,26,0.0,0.0,1,26,1.0,1.0,1,26,0.0,0.0,1,26,0.0,0.0,1,26,0.3002,1.0,15,1,0.0,0.0,1,26,0.0,5.0849,25,2,1.2332,2.0,24,1,centre,0.0,0.5,14,13,centre,1.0,1.0
02GY9GJJLR9Q,3393,169.7,1,x-bow,x_bow,building,2.5,19.5,golemite,10.86,golemite,2,0.0,0.0,26,0.0,0.0,8,19,-0.0,-0.0,1,22,0.0,0.0,19,8,0.0,0.0,1,26,0.0,0.0,1,26,0.0,0.0,1,26,0.0,0.0,1,26,0.0,0.0,1,26,0.9616,1.0,9,0,0.0,0.0,1,26,0.0,0.0,8,19,-0.0,-0.0,1,24,10.7619,11.8062,9,0,0.9616,1.0,11,0,g15_18,0.9616,1.0,6,0,corner,0.0,0.0,0.0,0.0,8,19,-0.0,-0.0,1,22,0.0,0.0,19,8,0.0,0.0,1,26,0.0,0.0,1,26,0.0,0.0,1,26,0.0,0.0,1,26,0.0,0.0,1,26,0.9616,1.0,9,0,0.0,0.0,1,26,0.0,0.0,8,19,-0.0,-0.0,1,23,10.7619,11.8062,9,0,0.9616,1.0,11,0,g15_18,0.9616,1.0,6,0,corner,0.0,0.0
02GY9GJQU0UR,537,26.9,1,tesla,tesla,building,10.0,22.0,ice_golem,7.29,ice_golem,2,0.0,0.0,26,1.0,0.0,1,3,-0.0,-0.0,1,20,1.0,0.5,1,8,0.0,0.0,1,26,0.0,0.0,1,26,0.0,0.0,1,26,0.0,0.0,1,26,0.8,0.8,1,26,0.0,0.0,1,26,0.0,0.0,1,26,0.7,0.0,8,0,-0.0,-0.0,1,26,4.0,12.5,20,0,2.8,1.3,1,2,tesla_modal,1.0,0.0,1,2,tesla_modal,0.8,0.8,1.0,0.0,1,3,-0.0,-0.0,1,20,1.0,0.5,1,8,0.0,0.0,1,26,0.0,0.0,1,26,0.0,0.0,1,26,0.0,0.0,1,26,0.8,0.8,1,26,0.0,0.0,1,26,0.0,0.0,1,26,0.3389,0.0,8,0,-0.0,-0.0,1,26,4.0,12.5,20,0,2.8,1.3,1,2,tesla_modal,1.0,0.0,1,2,tesla_modal,0.8,0.8
02GY9GJQU0UR,812,40.6,1,x-bow,x_bow,building,15.5,19.5,balloon,4.44,balloon,1,0.0,0.0,26,0.0,0.0,9,18,-0.0,-0.0,1,24,0.5,0.5,11,16,0.0,0.0,1,26,0.0,0.0,1,26,0.0,0.0,1,26,0.0,0.0,1,26,1.0,1.0,1,26,0.9616,1.0,9,0,0.0,0.0,1,26,0.0,0.0,9,18,-0.0,-0.0,1,26,4.0803,9.2555,15,0,2.4616,2.5,15,0,g9_18,0.9616,1.0,13,0,corner,1.0,1.0,0.0,0.0,8,19,0.0,0.0,1,26,0.5,0.5,11,16,0.0,0.0,1,26,0.0,0.0,1,26,0.0,0.0,1,26,0.0,0.0,1,26,0.403,0.403,1,26,0.9616,1.0,9,0,0.0,0.0,1,26,0.0,0.0,9,18,0.0,0.0,1,26,4.0803,9.2555,15,0,1.8646,1.903,11,0,g9_18,0.9616,1.0,9,0,corner,0.403,0.403
02GY9GJQU0UR,2011,100.6,1,x-bow,x_bow,building,14.5,19.5,,0.0,,0,0.0,0.0,26,0.0,0.0,1,26,0.0,0.0,1,26,0.5,0.5,11,16,0.0,0.0,1,26,0.0,0.0,1,26,0.0,0.0,1,26,0.0,0.0,1,26,0.0,0.0,1,26,1.0,1.0,1,8,0.0,0.0,1,26,0.0,0.0,1,26,0.0,0.0,1,26,0.0,0.0,1,26,1.5,1.5,2,7,g9_18,1.0,1.0,1,8,corner,0.0,0.0,0.0,0.0,1,26,0.0,0.0,1,26,0.5,0.5,11,16,0.0,0.0,1,26,0.0,0.0,1,26,0.0,0.0,1,26,0.0,0.0,1,26,0.0,0.0,1,26,1.0,1.0,1,8,0.0,0.0,1,26,0.0,0.0,1,26,0.0,0.0,1,26,0.0,0.0,1,26,1.5,1.5,2,7,g9_18,1.0,1.0,1,8,corner,0.0,0.0
02GY9GJQU0UR,2712,135.6,1,x-bow,x_bow,building,14.5,19.5,,0.0,,0,0.0,0.0,26,0.0,0.0,1,26,0.0,0.0,1,26,0.5,0.5,11,16,0.0,0.0,1,26,0.0,0.0,1,26,0.0,0.0,1,26,0.0,0.0,1,26,0.0,0.0,1,26,0.0,1.0,6,21,0.0,0.0,1,26,0.0,0.0,1,26,0.0,0.0,1,26,0.0,0.0,1,26,0.5,1.5,15,12,g9_18,0.0,1.0,6,21,corner,0.0,0.0,0.0,0.0,1,26,0.0,0.0,1,26,0.5,0.5,11,16,0.0,0.0,1,26,0.0,0.0,1,26,0.0,0.0,1,26,0.0,0.0,1,26,0.0,0.0,1,26,0.0,1.0,6,21,0.0,0.0,1,26,0.0,0.0,1,26,0.0,0.0,1,26,0.0,0.0,1,26,0.5,1.5,15,12,g9_18,0.0,1.0,6,21,corner,0.0,0.0
02GY9GJQU0UR,2864,143.2,1,tesla,tesla,building,12.0,18.0,balloon,2.73,balloon,3,0.0,0.0,26,1.0,0.0,1,4,-0.0,-0.0,1,23,0.5,0.5,9,17,0.0,0.0,1,26,0.0,0.0,1,26,0.0,0.0,1,26,0.0,0.0,1,26,1.0,1.0,1,26,0.0,0.0,1,26,0.0,0.0,1,26,1.0,0.0,1,6,-0.0,-0.0,1,25,2.2331,12.5384,22,0,2.5,1.5,2,2,tesla_modal,0.75,0.0,2,2,tesla_modal,1.0,1.0,0.4383,0.0,3,0,0.0,0.0,1,26,0.5,0.5,9,17,0.0,0.0,1,26,0.0,0.0,1,26,0.0,0.0,1,26,0.0,0.0,1,26,1.0,1.0,1,26,0.0,0.0,1,26,0.0,0.0,1,26,0.685,0.0,5,0,0.0,0.0,1,26,2.2331,12.5384,22,0,1.9383,1.5,10,0,tesla_modal,0.3287,0.0,3,0,tesla_modal,1.0,1.0
02GY9GJQU0UR,3527,176.4,1,x-bow,x_bow,building,9.5,22.5,balloon,22.16,balloon,1,0.0,0.0,26,1.0,0.7082,1,3,-0.0,-0.5306,1,19,1.0,0.5,1,8,0.0,0.0,1,26,0.0,0.0,1,26,0.0,0.0,1,26,0.0,0.0,1,26,0.0,0.0,1,26,0.0,1.0,6,21,0.0,0.0,1,26,0.0,0.0,1,26,-0.0,-0.0,1,26,5.7258,0.5163,14,0,2.0,1.6775,2,2,g9_18,1.0,0.7,1,3,tesla_modal,0.0,0.0,1.0,0.0,1,3,0.0,0.0,1,26,1.0,0.5,1,8,0.0,0.0,1,26,0.0,0.0,1,26,0.0,0.0,1,26,0.0,0.0,1,26,0.0,0.0,1,26,0.0,1.0,6,21,0.0,0.0,1,26,0.0,0.0,1,26,0.0,0.0,1,26,5.7258,0.5163,14,0,2.0,1.5,2,2,g9_18,1.0,1.0,1,7,corner,0.0,0.0
02GY9GJRPQ89,871,43.6,1,tesla,tesla,building,9.0,22.0,giant,8.02,giant,2,0.0,0.0,26,1.0,0.65,1,3,-0.0,-0.3182,1,19,1.0,0.5,1,8,0.0,0.0,1,26,0.0,0.0,1,26,0.0,0.0,1,26,0.0,0.0,1,26,0.0,0.0,1,26,0.0,0.0,1,26,0.0,0.0,1,26,0.1159,1.0,9,1,-0.0,-0.0,1,26,5.0,1.5,15,3,2.0,0.8318,1,2,tesla_modal,1.0,0.1875,1,2,tesla_modal,0.0,0.0,1.0,0.0718,1,3,0.0,0.0,1,26,1.0,0.5,1,8,0.0,0.0,1,26,0.0,0.0,1,26,0.0,0.0,1,26,0.0,0.0,1,26,0.0,0.0,1,26,0.0,0.0,1,26,0.0,0.0,1,26,0.0,1.0,9,18,0.0,0.0,1,26,5.0,1.5,15,3,2.0,0.5718,1,2,tesla_modal,1.0,0.0538,1,2,tesla_modal,0.0,0.0
02GY9GJRPQ89,1803,90.2,1,tesla,tesla,building,9.0,19.0,,0.0,,0,0.0,0.0,26,0.0,0.0,1,26,0.0,0.0,1,26,0.9902,0.5,9,0,0.0,0.0,1,26,0.0,0.0,1,26,0.0,0.0,1,26,0.0,0.0,1,26,0.0,0.0,1,26,0.0,0.0,1,26,0.0,0.0,1,26,0.0,0.0,1,26,0.0,0.0,1,26,0.0,0.0,1,26,0.9902,0.5,9,0,centre,0.0,0.0,1,26,corner,0.0,0.0,0.0,0.0,1,26,0.0,0.0,1,26,0.9902,0.5,9,0,0.0,0.0,1,26,0.0,0.0,1,26,0.0,0.0,1,26,0.0,0.0,1,26,0.0,0.0,1,26,0.0,0.0,1,26,0.0,0.0,1,26,0.0,0.0,1,26,0.0,0.0,1,26,0.0,0.0,1,26,0.9902,0.5,9,0,centre,0.0,0.0,1,26,corner,0.0,0.0
02GY9GJRPQ89,2461,123.1,1,tesla,tesla,building,12.0,18.0,minion_horde,3.71,minion_horde,7,0.0,0.0,26,0.9609,0.0,1,0,0.0,0.0,1,26,0.5,0.5,9,17,0.0,0.0,1,26,0.0,0.0,1,26,0.0,0.0,1,26,0.0,0.0,1,26,1.0,1.0,1,26,0.0,0.0,1,26,0.0,0.0,1,26,1.0,0.0,1,2,0.0,0.0,1,26,3.4218,13.62,20,0,2.4609,1.5,1,0,g9_18,0.7207,0.0,1,0,g9_18,1.0,1.0,1.0,0.0,1,0,-0.0,-0.0,1,20,0.5,0.5,9,17,0.0,0.0,1,26,0.0,0.0,1,26,0.0,0.0,1,26,0.0,0.0,1,26,1.0,1.0,1,26,0.0,0.0,1,26,0.0,0.0,1,26,1.0,0.0,1,2,-0.0,-0.0,1,23,3.4218,13.62,20,0,2.5,1.5,1,0,g9_18,0.75,0.0,1,0,g9_18,1.0,1.0
02GY9GJRPQ89,2838,141.9,1,x-bow,x_bow,building,8.5,23.5,giant,12.64,giant,2,0.0,0.0,26,0.0,0.0,7,20,-0.0,-0.0,1,19,1.0,0.5,1,8,0.0,0.0,1,26,0.0,0.0,1,26,0.0,0.0,1,26,0.0,0.0,1,26,0.0,0.0,1,26,0.0,1.0,9,18,0.0,0.0,1,26,0.0,0.0,4,23,-0.0,-0.0,1,26,5.4,11.8362,12,1,1.0,1.5,10,5,g9_18,0.0,1.0,12,12,corner,0.0,0.0,0.0,0.0,6,21,0.0,0.0,1,26,1.0,0.5,1,8,0.0,0.0,1,26,0.0,0.0,1,26,0.0,0.0,1,26,0.0,0.0,1,26,0.0,0.0,1,26,0.0,1.0,9,18,0.0,0.0,1,26,0.0,0.0,4,23,0.0,0.0,1,26,5.4,11.8362,12,1,1.0,1.5,12,5,g9_18,0.0,1.0,12,15,corner,0.0,0.0
02GY9GJRPQ89,2986,149.3,1,tesla,tesla,building,9.0,21.0,giant,6.23,giant,3,0.0,0.0,26,1.0,0.0,1,3,-0.0,-0.0,1,20,1.0,0.5,1,8,0.0,0.0,1,26,0.0,0.0,1,26,0.0,0.0,1,26,0.0,0.0,1,26,0.5013,0.5013,1,26,0.0,0.0,1,26,0.0,0.0,1,26,0.8155,0.0,7,1,-0.0,-0.0,1,26,5.0,11.908,14,2,2.5013,1.0013,1,2,tesla_modal,1.0,0.0,1,2,tesla_modal,0.5013,0.5013,1.0,0.0,1,3,0.0,0.0,1,26,1.0,0.5,1,8,0.0,0.0,1,26,0.0,0.0,1,26,0.0,0.0,1,26,0.0,0.0,1,26,0.5013,0.5013,1,26,0.0,0.0,1,26,0.0,0.0,1,26,0.6558,0.0,6,1,0.0,0.0,1,26,5.0,11.908,14,2,2.5013,1.0013,1,2,tesla_modal,1.0,0.0,1,2,tesla_modal,0.5013,0.5013
02GY9GJRPQ89,3559,178.0,1,tesla,tesla,building,9.0,21.0,skeleton_army,5.0,skeleton_army,10,0.0,0.0,26,0.0,0.0,2,25,-0.0,-0.0,1,24,0.0,0.0,1,26,0.0,0.0,1,26,0.0,0.0,1,26,0.0,0.0,1,26,0.0,0.0,1,26,1.0,1.0,1,26,0.0,0.0,1,26,0.0,0.0,1,26,0.0,0.0,2,25,-0.0,-0.0,1,25,5.0018,10.5209,15,1,1.0,1.0,1,24,corner,0.0,0.0,1,24,corner,1.0,1.0,0.0,0.0,1,26,-0.0,-0.0,1,22,0.0,0.0,1,26,0.0,0.0,1,26,0.0,0.0,1,26,0.0,0.0,1,26,0.0,0.0,1,26,1.0,1.0,1,26,0.0,0.0,1,26,0.0,0.0,1,26,0.0,0.0,1,26,-0.0,-0.0,1,24,5.0018,10.5209,15,1,1.0,1.0,1,22,corner,0.0,0.0,1,22,corner,1.0,1.0
02GY9GJRQG2Q,551,27.6,1,x-bow,x_bow,building,14.5,12.5,,0.0,,0,0.0,0.0,26,0.0,0.0,1,26,0.0,0.0,1,26,0.0,0.5,27,0,0.0,0.0,1,26,0.0,0.0,1,26,0.0,0.0,1,26,0.0,0.0,1,26,0.0,0.0,1,26,0.0,1.0,9,18,0.0,0.0,1,26,0.0,0.0,1,26,0.0,0.0,1,26,0.0,0.0,1,26,0.0,1.5,27,0,g9_18,0.0,1.0,9,18,corner,0.0,0.0,0.0,0.0,1,26,0.0,0.0,1,26,0.0,0.5,27,0,0.0,0.0,1,26,0.0,0.0,1,26,0.0,0.0,1,26,0.0,0.0,1,26,0.0,0.0,1,26,0.0,1.0,9,18,0.0,0.0,1,26,0.0,0.0,1,26,0.0,0.0,1,26,0.0,0.0,1,26,0.0,1.5,27,0,g9_18,0.0,1.0,9,18,corner,0.0,0.0
02GY9GJURY8G,406,20.3,1,x-bow,x_bow,building,8.5,22.5,knight,20.64,knight,1,0.0,0.0,26,1.0,0.6,1,3,-0.0,-0.3636,1,19,1.0,0.5,1,8,0.0,0.0,1,26,0.0,0.0,1,26,0.0,0.0,1,26,0.0,0.0,1,26,0.0,0.0,1,26,0.0,1.0,9,18,0.0,0.0,1,26,0.0,0.0,1,26,-0.0,-0.0,1,26,4.4,1.4,18,1,2.0,1.7364,2,2,g9_18,1.0,0.7,1,6,tesla_modal,0.0,0.0,1.0,0.6167,1,3,-0.0,-0.3538,1,19,1.0,0.5,1,8,0.0,0.0,1,26,0.0,0.0,1,26,0.0,0.0,1,26,0.0,0.0,1,26,0.0,0.0,1,26,0.0,1.0,9,18,0.0,0.0,1,26,0.0,0.0,1,26,-0.0,-0.0,1,26,4.4,1.4,18,1,2.0,1.7628,2,2,g9_18,1.0,0.7,1,6,tesla_modal,0.0,0.0
02GY9GJURY8G,1084,54.2,1,tesla,tesla,building,9.0,19.0,pekka,3.99,pekka,2,0.0,0.0,26,1.0,0.0,1,6,-0.0,-0.0,1,23,0.9902,0.5,9,0,0.0,0.0,1,26,0.0,0.0,1,26,0.0,0.0,1,26,0.0,0.0,1,26,1.0,1.0,1,26,0.0,0.0,1,26,0.0,0.0,1,26,1.0,0.0,1,4,-0.0,-0.0,1,23,3.2408,10.6166,20,0,2.9902,1.5,4,0,tesla_modal,0.9951,0.0,4,0,tesla_modal,1.0,1.0,1.0,0.0,1,6,-0.0,-0.0,1,23,0.9902,0.5,9,0,0.0,0.0,1,26,0.0,0.0,1,26,0.0,0.0,1,26,0.0,0.0,1,26,1.0,1.0,1,26,0.0,0.0,1,26,0.0,0.0,1,26,1.0,0.0,1,6,-0.0,-0.0,1,23,3.2408,10.6166,20,0,2.9902,1.5,4,0,tesla_modal,0.9951,0.0,4,0,tesla_modal,1.0,1.0
02GY9GJURY8G,1268,63.4,1,x-bow,x_bow,building,13.5,19.5,,0.0,,0,0.0,0.0,26,0.0,0.0,1,26,0.0,0.0,1,26,0.5,0.5,11,16,0.0,0.0,1,26,0.0,0.0,1,26,0.0,0.0,1,26,0.0,0.0,1,26,0.0,0.0,1,26,0.9616,1.0,9,0,0.0,0.0,1,26,0.0,0.0,1,26,0.0,0.0,1,26,0.0,0.0,1,26,1.4616,1.5,9,0,g9_18,0.9616,1.0,9,0,corner,0.0,0.0,0.0,0.0,1,26,0.0,0.0,1,26,0.5,0.5,11,16,0.0,0.0,1,26,0.0,0.0,1,26,0.0,0.0,1,26,0.0,0.0,1,26,0.0,0.0,1,26,0.9616,1.0,9,0,0.0,0.0,1,26,0.0,0.0,1,26,0.0,0.0,1,26,0.0,0.0,1,26,1.4616,1.5,9,0,g9_18,0.9616,1.0,9,0,corner,0.0,0.0
02GY9GJURY8G,2292,114.6,1,x-bow,x_bow,building,8.5,23.5,pekka,17.71,pekka,1,0.0,0.0,26,0.0,0.0,7,20,-0.0,-0.0,1,19,1.0,0.5,1,8,0.0,0.0,1,26,0.0,0.0,1,26,0.0,0.0,1,26,0.0,0.0,1,26,0.0,0.0,1,26,0.0,1.0,9,18,0.0,0.0,1,26,0.0,0.0,1,26,-0.0,-0.0,1,26,5.4,12.4,12,1,1.0,1.5,10,5,g9_18,0.0,1.0,12,12,corner,0.0,0.0,0.0,0.0,7,20,-0.0,-0.0,1,19,1.0,0.5,1,8,0.0,0.0,1,26,0.0,0.0,1,26,0.0,0.0,1,26,0.0,0.0,1,26,0.0,0.0,1,26,0.0,1.0,9,18,0.0,0.0,1,26,0.0,0.0,1,26,-0.0,-0.0,1,26,5.4,12.4,12,1,1.0,1.5,10,5,g9_18,0.0,1.0,12,12,corner,0.0,0.0
02GY9GJURY8G,2506,125.3,1,tesla,tesla,building,11.0,23.0,pekka,9.28,pekka,2,0.0,0.0,26,1.0,0.0,1,3,-0.0,-0.0,1,20,1.0,0.5,1,8,0.0,0.0,1,26,0.0,0.0,1,26,0.0,0.0,1,26,0.0,0.0,1,26,0.0,0.0,1,26,0.0,0.0,1,26,0.0,0.0,1,26,0.0,0.0,4,23,-0.0,-0.0,1,26,3.0,12.5,20,0,2.0,0.5,1,2,tesla_modal,1.0,0.0,1,2,tesla_modal,0.0,0.0,1.0,0.0,1,3,-0.0,-0.0,1,20,1.0,0.5,1,8,0.0,0.0,1,26,0.0,0.0,1,26,0.0,0.0,1,26,0.0,0.0,1,26,0.0,0.0,1,26,0.0,0.0,1,26,0.0,0.0,1,26,0.0,0.0,5,22,-0.0,-0.0,1,26,3.0,12.5,20,0,2.0,0.5,1,2,tesla_modal,1.0,0.0,1,2,tesla_modal,0.0,0.0
02GY9GJURY8G,2981,149.1,1,tesla,tesla,building,10.0,18.0,ram_rider,7.07,ram_rider,3,0.0,0.0,26,0.0,0.0,5,22,-0.0,-0.0,1,22,0.0251,0.5,18,0,0.0,0.0,1,26,0.0,0.0,1,26,0.0,0.0,1,26,0.0,0.0,1,26,1.0,1.0,1,26,0.0,0.0,1,26,0.0,0.0,1,26,0.0,0.0,5,22,-0.0,-0.0,1,24,7.1697,12.2598,8,0,1.0251,1.5,19,0,skel_cell,0.0,0.0,5,20,skel_cell,1.0,1.0,0.0,0.0,4,23,0.0,0.0,1,26,0.0251,0.5,18,0,0.0,0.0,1,26,0.0,0.0,1,26,0.0,0.0,1,26,0.0,0.0,1,26,1.0,1.0,1,26,0.0,0.0,1,26,0.0,0.0,1,26,0.0,0.0,4,23,0.0,0.0,1,26,7.1697,12.2598,8,0,1.0251,1.5,20,0,skel_cell,0.0,0.0,4,23,skel_cell,1.0,1.0
02GY9GJURY8G,3061,153.1,1,x-bow,x_bow,building,4.5,19.5,ram_rider,9.37,ram_rider,3,0.0,0.0,26,0.0,0.0,1,26,-0.0,-0.0,1,23,0.5,0.5,1,16,0.0,0.0,1,26,0.0,0.0,1,26,0.0,0.0,1,26,0.0,0.0,1,26,0.0,0.0,1,26,0.9616,1.0,9,0,0.0,0.0,1,26,0.0,0.0,1,26,-0.0,-0.0,1,25,9.372,12.1598,6,0,1.4616,1.5,5,0,corner,0.9616,1.0,9,0,corner,0.0,0.0,0.0,0.0,1,26,0.0,0.0,1,26,0.5,0.5,1,16,0.0,0.0,1,26,0.0,0.0,1,26,0.0,0.0,1,26,0.0,0.0,1,26,0.0,0.0,1,26,0.9616,1.0,9,0,0.0,0.0,1,26,0.0,0.0,1,26,0.0,0.0,1,26,9.372,12.1598,6,0,1.4616,1.5,5,0,corner,0.9616,1.0,9,0,corner,0.0,0.0
02GY9GJURY8G,3394,169.7,1,tesla,tesla,building,17.0,24.0,knight,14.13,knight,4,0.0,0.0,26,0.0,1.0,10,17,-0.0,-0.0,1,22,0.0,0.5,18,9,0.0,0.0,1,26,0.0,0.0,1,26,0.0,0.0,1,26,0.0,0.0,1,26,1.0,1.0,1,26,0.0,0.0,1,26,0.0,0.0,1,26,0.0,1.0,10,17,-0.0,-0.0,1,23,12.0292,2.326,5,0,1.0,2.5,18,9,corner,0.0,0.75,9,17,corner,1.0,1.0,0.0,1.0,10,17,-0.0,-0.0,1,23,0.0,0.5,18,9,0.0,0.0,1,26,0.0,0.0,1,26,0.0,0.0,1,26,0.0,0.0,1,26,1.0,1.0,1,26,0.0,0.0,1,26,0.0,0.0,1,26,0.0,1.0,10,17,-0.0,-0.0,1,24,12.0292,2.326,5,0,1.0,2.5,18,9,corner,0.0,0.75,9,17,corner,1.0,1.0
02GY9GJV00GV,474,23.7,1,tesla,tesla,building,17.0,25.0,,0.0,,3,0.0,0.0,26,0.0,0.0,1,26,0.0,0.0,1,26,0.5,0.5,9,17,0.0,0.0,1,26,0.0,0.0,1,26,0.0,0.0,1,26,0.0,0.0,1,26,0.0,0.0,1,26,0.0,0.0,1,26,0.0,0.0,1,26,0.0,0.0,1,26,0.0,0.0,1,26,0.0,0.0,1,26,0.5,0.5,9,17,centre,0.0,0.0,1,26,corner,0.0,0.0,0.0,0.0,1,26,0.0,0.0,1,26,0.5,0.5,9,17,0.0,0.0,1,26,0.0,0.0,1,26,0.0,0.0,1,26,0.0,0.0,1,26,0.0,0.0,1,26,0.0,0.0,1,26,0.0,0.0,1,26,0.0,0.0,1,26,0.0,0.0,1,26,0.0,0.0,1,26,0.5,0.5,9,17,centre,0.0,0.0,1,26,corner,0.0,0.0
02GY9GJV00GV,1248,62.4,1,tesla,tesla,building,9.0,18.0,,0.0,,2,0.0,0.0,26,0.0,0.0,1,26,0.0,0.0,1,26,0.4663,0.5,26,1,0.0,0.0,1,26,0.0,0.0,1,26,0.0,0.0,1,26,0.0,0.0,1,26,0.0,0.0,1,26,0.0,0.0,1,26,0.0,0.0,1,26,0.0,0.0,1,26,0.0,0.0,1,26,0.0,0.0,1,26,0.4663,0.5,26,1,centre,0.0,0.0,1,26,corner,0.0,0.0,0.0,0.0,1,26,0.0,0.0,1,26,0.4663,0.5,26,1,0.0,0.0,1,26,0.0,0.0,1,26,0.0,0.0,1,26,0.0,0.0,1,26,0.0,0.0,1,26,0.0,0.0,1,26,0.0,0.0,1,26,0.0,0.0,1,26,0.0,0.0,1,26,0.0,0.0,1,26,0.4663,0.5,26,1,centre,0.0,0.0,1,26,corner,0.0,0.0
02GY9GJV00GV,1436,71.8,1,x-bow,x_bow,building,11.5,18.5,,0.0,,3,0.0,0.0,26,0.0,0.0,1,26,0.0,0.0,1,26,0.5,0.5,11,16,0.0,0.0,1,26,0.0,0.0,1,26,0.0,0.0,1,26,0.0,0.0,1,26,0.0,0.0,1,26,1.0,1.0,1,8,0.0,0.0,1,26,0.0,0.0,1,26,0.0,0.0,1,26,0.0,0.0,1,26,1.5,1.5,2,7,g9_18,1.0,1.0,1,8,corner,0.0,0.0,0.0,0.0,1,26,0.0,0.0,1,26,0.5,0.5,11,16,0.0,0.0,1,26,0.0,0.0,1,26,0.0,0.0,1,26,0.0,0.0,1,26,0.0,0.0,1,26,1.0,1.0,1,8,0.0,0.0,1,26,0.0,0.0,1,26,0.0,0.0,1,26,0.0,0.0,1,26,1.5,1.5,2,7,g9_18,1.0,1.0,1,8,corner,0.0,0.0
02GY9GJV00GV,2215,110.8,1,tesla,tesla,building,6.0,18.0,,0.0,,1,0.0,0.0,26,0.0,0.0,1,26,0.0,0.0,1,26,0.5,0.5,9,17,0.0,0.0,1,26,0.0,0.0,1,26,0.0,0.0,1,26,0.0,0.0,1,26,0.0,0.0,1,26,0.0,0.0,1,26,0.0,0.0,1,26,0.0,0.0,1,26,0.0,0.0,1,26,0.0,0.0,1,26,0.5,0.5,9,17,centre,0.0,0.0,1,26,corner,0.0,0.0,0.0,0.0,1,26,0.0,0.0,1,26,0.5,0.5,9,17,0.0,0.0,1,26,0.0,0.0,1,26,0.0,0.0,1,26,0.0,0.0,1,26,0.0,0.0,1,26,0.0,0.0,1,26,0.0,0.0,1,26,0.0,0.0,1,26,0.0,0.0,1,26,0.0,0.0,1,26,0.5,0.5,9,17,centre,0.0,0.0,1,26,corner,0.0,0.0
02GY9GJV00GV,2667,133.4,1,tesla,tesla,building,13.0,18.0,,0.0,,1,0.0,0.0,26,0.0,0.0,1,26,0.0,0.0,1,26,0.5,0.5,9,17,0.0,0.0,1,26,0.0,0.0,1,26,0.0,0.0,1,26,0.0,0.0,1,26,0.0,0.0,1,26,0.0,0.0,1,26,0.0,0.0,1,26,0.0,0.0,1,26,0.0,0.0,1,26,0.0,0.0,1,26,0.5,0.5,9,17,centre,0.0,0.0,1,26,corner,0.0,0.0,0.0,0.0,1,26,0.0,0.0,1,26,0.5,0.5,9,17,0.0,0.0,1,26,0.0,0.0,1,26,0.0,0.0,1,26,0.0,0.0,1,26,0.0,0.0,1,26,0.0,0.0,1,26,0.0,0.0,1,26,0.0,0.0,1,26,0.0,0.0,1,26,0.0,0.0,1,26,0.5,0.5,9,17,centre,0.0,0.0,1,26,corner,0.0,0.0
02GY9GJV00GV,2721,136.1,1,x-bow,x_bow,building,15.5,19.5,,0.0,,4,0.0,0.0,26,0.0,0.0,1,26,0.0,0.0,1,26,0.5,0.5,11,16,0.0,0.0,1,26,0.0,0.0,1,26,0.0,0.0,1,26,0.0,0.0,1,26,0.0,0.0,1,26,0.4319,1.0,6,0,0.0,0.0,1,26,0.0,0.0,1,26,0.0,0.0,1,26,0.0,0.0,1,26,0.9319,1.5,14,0,corner,0.4319,1.0,6,0,corner,0.0,0.0,0.0,0.0,1,26,0.0,0.0,1,26,0.5,0.5,11,16,0.0,0.0,1,26,0.0,0.0,1,26,0.0,0.0,1,26,0.0,0.0,1,26,0.0,0.0,1,26,0.9616,1.0,9,0,0.0,0.0,1,26,0.0,0.0,1,26,0.0,0.0,1,26,0.0,0.0,1,26,1.4616,1.5,9,0,g9_18,0.9616,1.0,9,0,corner,0.0,0.0
02GY9GJV00GV,2993,149.7,1,tesla,tesla,building,12.0,18.0,knight,1.4,knight,5,0.0,0.0,26,0.0,0.0,10,17,-0.9785,-0.0,27,0,0.5,0.5,9,17,0.0,0.0,1,26,0.0,0.0,1,26,0.0,0.0,1,26,0.0,0.0,1,26,1.0,1.0,1,26,0.0,0.0,1,26,0.0,0.0,1,26,0.6013,0.0,8,0,-0.3625,-0.0,26,0,0.0473,9.5499,27,0,0.5215,1.5,27,0,tesla_modal,-0.3,0.0,27,0,tesla_modal,1.0,1.0,0.0,0.0,10,17,-0.9782,-0.0,27,0,0.5,0.5,9,17,0.0,0.0,1,26,0.0,0.0,1,26,0.0,0.0,1,26,0.0,0.0,1,26,1.0,1.0,1,26,0.0,0.0,1,26,0.0,0.0,1,26,0.618,0.0,7,0,-0.3526,-0.0,26,0,0.0473,9.5499,27,0,0.5218,1.5,27,0,tesla_modal,-0.3,0.0,27,0,tesla_modal,1.0,1.0
02GY9GJV00GV,3331,166.6,1,x-bow,x_bow,building,15.5,19.5,,0.0,,0,0.0,0.0,26,0.0,0.0,1,26,0.0,0.0,1,26,0.5,0.5,11,16,0.0,0.0,1,26,0.0,0.0,1,26,0.0,0.0,1,26,0.0,0.0,1,26,0.0,0.0,1,26,0.9616,0.0,5,0,0.0,0.0,1,26,0.0,0.0,1,26,0.0,0.0,1,26,0.0,0.0,1,26,1.4616,0.5,5,0,g9_18,0.9616,0.0,5,0,bow_modal_R,0.0,0.0,0.0,0.0,1,26,0.0,0.0,1,26,0.5,0.5,11,16,0.0,0.0,1,26,0.0,0.0,1,26,0.0,0.0,1,26,0.0,0.0,1,26,0.0,0.0,1,26,0.9616,0.0,5,0,0.0,0.0,1,26,0.0,0.0,1,26,0.0,0.0,1,26,0.0,0.0,1,26,1.4616,0.5,5,0,g9_18,0.9616,0.0,5,0,bow_modal_R,0.0,0.0
02GY9GJV8CVG,506,25.3,1,tesla,tesla,building,11.0,18.0,,0.0,,2,0.0,0.0,26,0.0,0.0,1,26,0.0,0.0,1,26,0.5,0.5,9,17,0.0,0.0,1,26,0.0,0.0,1,26,0.0,0.0,1,26,0.0,0.0,1,26,0.0,0.0,1,26,0.0,0.0,1,26,0.0,0.0,1,26,0.0,0.0,1,26,0.0,0.0,1,26,0.0,0.0,1,26,0.5,0.5,9,17,centre,0.0,0.0,1,26,corner,0.0,0.0,0.0,0.0,1,26,0.0,0.0,1,26,0.5,0.5,9,17,0.0,0.0,1,26,0.0,0.0,1,26,0.0,0.0,1,26,0.0,0.0,1,26,0.0,0.0,1,26,0.0,0.0,1,26,0.0,0.0,1,26,0.0,0.0,1,26,0.0,0.0,1,26,0.0,0.0,1,26,0.5,0.5,9,17,centre,0.0,0.0,1,26,corner,0.0,0.0
02GY9GJV8CVG,711,35.6,1,x-bow,x_bow,building,13.5,19.5,knight,12.1,knight,1,0.0,0.0,26,0.0,0.6,8,19,-0.0,-0.3636,1,19,0.5,0.5,11,16,0.0,0.0,1,26,0.0,0.0,1,26,0.0,0.0,1,26,0.0,0.0,1,26,1.0,1.0,1,26,0.9616,1.0,9,0,0.0,0.0,1,26,0.0,1.0,7,20,-0.0,-0.0,1,26,9.4,1.4,9,1,2.4616,2.7364,9,0,g9_18,0.9616,0.7,7,0,tesla_modal,1.0,1.0,0.0,0.6167,8,19,-0.0,-0.3538,1,19,0.5,0.5,11,16,0.0,0.0,1,26,0.0,0.0,1,26,0.0,0.0,1,26,0.0,0.0,1,26,1.0,1.0,1,26,0.9616,1.0,9,0,0.0,0.0,1,26,0.0,1.0,7,20,-0.0,-0.0,1,26,9.4,1.4,9,1,2.4616,2.7628,9,0,g9_18,0.9616,0.7,7,0,tesla_modal,1.0,1.0
02GY9GJV8CVG,1371,68.6,1,x-bow,x_bow,building,13.5,19.5,,0.0,,0,0.0,0.0,26,0.0,0.0,1,26,0.0,0.0,1,26,0.5,0.0,1,17,0.0,0.0,1,26,0.0,0.0,1,26,0.0,0.0,1,26,0.0,0.0,1,26,0.0,0.0,1,26,0.9616,1.0,9,0,0.0,0.0,1,26,0.0,0.0,1,26,0.0,0.0,1,26,0.0,0.0,1,26,1.4616,1.0,4,0,bow_modal_R,0.9616,1.0,9,0,corner,0.0,0.0,0.0,0.0,1,26,0.0,0.0,1,26,0.5,0.0,1,17,0.0,0.0,1,26,0.0,0.0,1,26,0.0,0.0,1,26,0.0,0.0,1,26,0.0,0.0,1,26,0.9616,1.0,9,0,0.0,0.0,1,26,0.0,0.0,1,26,0.0,0.0,1,26,0.0,0.0,1,26,1.4616,1.0,4,0,bow_modal_R,0.9616,1.0,9,0,corner,0.0,0.0
02GY9GJV8CVG,2127,106.4,1,tesla,tesla,building,12.0,18.0,,0.0,,4,0.0,0.0,26,0.0,0.0,1,26,0.0,0.0,1,26,0.5,0.0,1,17,0.0,0.0,1,26,0.0,0.0,1,26,0.0,0.0,1,26,0.0,0.0,1,26,0.0,0.0,1,26,0.0,0.0,1,26,0.0,0.0,1,26,0.0,0.0,1,26,0.0,0.0,1,26,0.0,0.0,1,26,0.5,0.0,1,17,centre,0.0,0.0,1,26,corner,0.0,0.0,0.0,0.0,1,26,0.0,0.0,1,26,0.5,0.0,1,17,0.0,0.0,1,26,0.0,0.0,1,26,0.0,0.0,1,26,0.0,0.0,1,26,0.0,0.0,1,26,0.0,0.0,1,26,0.0,0.0,1,26,0.0,0.0,1,26,0.0,0.0,1,26,0.0,0.0,1,26,0.5,0.0,1,17,centre,0.0,0.0,1,26,corner,0.0,0.0
02GY9GJV8CVG,2441,122.1,1,x-bow,x_bow,building,14.5,19.5,knight,14.15,knight,2,0.0,0.0,26,0.0,1.0,7,20,-0.0,-0.0,1,26,0.5,0.0,1,17,0.0,0.0,1,26,0.0,0.0,1,26,0.0,0.0,1,26,0.0,0.0,1,26,0.0,0.0,1,26,1.0,1.0,1,8,0.0,0.0,1,26,0.0,0.4842,5,22,-0.0,-0.0,1,26,10.9507,5.3358,15,0,1.5,2.0,6,3,g9_18,1.0,1.0,1,8,corner,0.0,0.0,0.0,1.0,7,20,-0.0,-0.0,1,26,0.5,0.0,1,17,0.0,0.0,1,26,0.0,0.0,1,26,0.0,0.0,1,26,0.0,0.0,1,26,0.0,0.0,1,26,1.0,1.0,1,8,0.0,0.0,1,26,0.0,0.4217,5,22,-0.0,-0.0,1,26,10.9507,5.3358,15,0,1.5,2.0,6,3,corner,1.0,1.0,1,8,corner,0.0,0.0
02GY9GJV8CVG,3121,156.1,1,x-bow,x_bow,building,15.5,19.5,,0.0,,5,0.0,0.0,26,0.0,0.0,1,26,0.0,0.0,1,26,0.5,0.0,1,17,0.0,0.0,1,26,0.0,0.0,1,26,0.0,0.0,1,26,0.0,0.0,1,26,0.0,0.0,1,26,0.0,1.0,6,21,0.0,0.0,1,26,0.0,0.0,1,26,0.0,0.0,1,26,0.0,0.0,1,26,0.5,1.0,6,17,g9_18,0.0,1.0,6,21,corner,0.0,0.0,0.0,0.0,1,26,0.0,0.0,1,26,0.5,0.0,1,17,0.0,0.0,1,26,0.0,0.0,1,26,0.0,0.0,1,26,0.0,0.0,1,26,0.0,0.0,1,26,0.0,1.0,6,21,0.0,0.0,1,26,0.0,0.0,1,26,0.0,0.0,1,26,0.0,0.0,1,26,0.5,1.0,6,17,g9_18,0.0,1.0,6,21,corner,0.0,0.0
02GY9GJV8CVG,3184,159.2,1,tesla,tesla,building,13.0,18.0,knight,8.79,knight,5,0.0,0.0,26,0.015,1.0,16,0,-0.0,-0.0,1,17,0.5,0.0,1,17,0.0,0.0,1,26,0.0,0.0,1,26,0.0,0.0,1,26,0.0,0.0,1,26,0.0,0.0,1,26,0.0,0.0,1,26,0.0,0.0,1,26,0.0,0.0,1,26,-0.0,-0.0,1,26,7.4699,2.316,5,0,0.515,1.0,13,0,tesla_modal,0.0113,0.5,13,0,tesla_modal,0.0,0.0,0.0,1.0,16,11,-0.0,-0.0,1,17,0.5,0.0,1,17,0.0,0.0,1,26,0.0,0.0,1,26,0.0,0.0,1,26,0.0,0.0,1,26,0.0,0.0,1,26,0.0,0.0,1,26,0.0,0.0,1,26,0.0,0.0,1,26,-0.0,-0.0,1,26,7.4699,2.316,5,0,0.5,1.0,13,8,tesla_modal,0.0,0.5,13,9,tesla_modal,0.0,0.0
02GY9GJV8CVG,3541,177.1,1,x-bow,x_bow,building,9.5,18.5,knight,4.51,knight,2,0.0,0.0,26,1.0,1.0,1,7,-0.0,-0.0,1,24,0.4992,0.0,18,0,0.0,0.0,1,26,0.0,0.0,1,26,0.0,0.0,1,26,0.0,0.0,1,26,0.0,0.0,1,26,0.5836,1.0,6,0,0.0,0.0,1,26,1.0,1.0,1,6,-0.0,-0.0,1,25,2.5623,3.5455,25,0,2.0828,2.0,1,0,g9_18,1.0,1.0,1,3,corner,0.0,0.0,1.0,1.0,1,7,-0.0,-0.0,1,24,0.4992,0.0,18,0,0.0,0.0,1,26,0.0,0.0,1,26,0.0,0.0,1,26,0.0,0.0,1,26,0.0,0.0,1,26,0.5836,1.0,6,0,0.0,0.0,1,26,1.0,1.0,1,5,-0.0,-0.0,1,25,2.5623,3.5455,25,0,2.0828,2.0,1,0,g9_18,1.0,1.0,1,3,corner,0.0,0.0
02GY9GJV8CVG,3681,184.1,1,tesla,tesla,building,12.0,18.0,knight,7.63,knight,1,0.0,0.0,26,0.061,0.8286,7,0,-0.0,-0.0,1,26,0.5,0.0,1,17,0.0,0.0,1,26,0.0,0.0,1,26,0.0,0.0,1,26,0.0,0.0,1,26,1.0,1.0,1,26,0.0,0.0,1,26,0.0,0.0,1,26,0.0,0.0,2,25,-0.0,-0.0,1,26,7.3781,5.8427,21,0,1.561,1.8286,6,0,g9_18,0.0457,0.4143,7,0,g9_18,1.0,1.0,0.0,0.7661,7,20,-0.0,-0.0,1,26,0.5,0.0,1,17,0.0,0.0,1,26,0.0,0.0,1,26,0.0,0.0,1,26,0.0,0.0,1,26,1.0,1.0,1,26,0.0,0.0,1,26,0.0,0.0,1,26,0.0,0.0,2,25,-0.0,-0.0,1,26,7.3781,5.8427,21,0,1.5,1.7661,6,17,g9_18,0.0,0.3831,7,20,g9_18,1.0,1.0
02GY9GJV8CVG,4015,200.8,1,x-bow,x_bow,building,15.5,19.5,knight,9.41,knight,1,0.0,0.0,26,0.0,1.0,19,8,-0.0,-0.0,1,21,0.5,0.0,1,17,0.0,0.0,1,26,0.0,0.0,1,26,0.0,0.0,1,26,0.0,0.0,1,26,0.0,0.0,1,26,0.0,1.0,6,21,0.0,0.0,1,26,0.0,1.0,12,15,-0.0,-0.0,1,25,7.6896,3.6705,9,0,0.5,2.0,18,7,g9_18,0.0,1.0,19,8,corner,0.0,0.0,0.0,1.0,18,9,-0.0,-0.0,1,21,0.5,0.0,1,17,0.0,0.0,1,26,0.0,0.0,1,26,0.0,0.0,1,26,0.0,0.0,1,26,0.0,0.0,1,26,0.0,1.0,6,21,0.0,0.0,1,26,0.0,1.0,12,15,-0.0,-0.0,1,25,7.6896,3.6705,9,0,0.5,2.0,17,8,g9_18,0.0,1.0,18,9,corner,0.0,0.0
02GY9GJV8CVG,4417,220.9,1,tesla,tesla,building,3.0,23.0,knight,8.01,knight,1,0.0,0.0,26,1.0,1.0,1,7,-0.0,-0.0,1,17,0.0,0.0,19,8,0.0,0.0,1,26,0.0,0.0,1,26,0.0,0.0,1,26,0.0,0.0,1,26,0.1315,0.1315,1,26,0.0,0.0,1,26,0.0,0.0,1,26,0.0,1.0,8,19,-0.0,-0.0,1,26,2.688,2.316,14,0,1.1315,1.1315,6,3,tesla_modal,0.5,0.5,5,3,tesla_modal,0.1315,0.1315,1.0,1.0,1,7,-0.0,-0.0,1,17,0.0,0.0,19,8,0.0,0.0,1,26,0.0,0.0,1,26,0.0,0.0,1,26,0.0,0.0,1,26,0.1315,0.1315,1,26,0.0,0.0,1,26,0.0,0.0,1,26,0.0,1.0,8,19,-0.0,-0.0,1,26,2.688,2.316,14,0,1.1315,1.1315,6,3,tesla_modal,0.5,0.5,5,3,tesla_modal,0.1315,0.1315
02GY9GJV8CVG,4632,231.6,1,x-bow,x_bow,building,15.5,19.5,,0.0,,0,0.0,0.0,26,0.0,0.0,1,26,0.0,0.0,1,26,0.5,0.0,1,17,0.0,0.0,1,26,0.0,0.0,1,26,0.0,0.0,1,26,0.0,0.0,1,26,0.0,0.0,1,26,0.0,1.0,6,21,0.0,0.0,1,26,0.0,0.0,1,26,0.0,0.0,1,26,0.0,0.0,1,26,0.5,1.0,6,17,g9_18,0.0,1.0,6,21,corner,0.0,0.0,0.0,0.0,1,26,0.0,0.0,1,26,0.5,0.0,1,17,0.0,0.0,1,26,0.0,0.0,1,26,0.0,0.0,1,26,0.0,0.0,1,26,0.0,0.0,1,26,0.0,1.0,6,21,0.0,0.0,1,26,0.0,0.0,1,26,0.0,0.0,1,26,0.0,0.0,1,26,0.5,1.0,6,17,g9_18,0.0,1.0,6,21,corner,0.0,0.0
02GY9GJV8CVG,4832,241.6,1,tesla,tesla,building,13.0,18.0,knight,2.88,knight,2,0.0,0.0,26,0.2542,0.0,9,0,-0.678,-0.0,27,0,0.5,0.0,1,17,0.0,0.0,1,26,0.0,0.0,1,26,0.0,0.0,1,26,0.0,0.0,1,26,0.0,0.0,1,26,0.0,0.0,1,26,0.0,0.0,1,26,1.0,0.0,1,3,-0.0,-0.0,1,26,0.7083,11.399,27,0,0.0761,0.0,19,0,corner_R,-0.1094,0.0,27,0,corner_R,0.0,0.0,0.2708,0.0,9,0,-0.6731,-0.0,27,0,0.5,0.0,1,17,0.0,0.0,1,26,0.0,0.0,1,26,0.0,0.0,1,26,0.0,0.0,1,26,0.0,0.0,1,26,0.0,0.0,1,26,0.0,0.0,1,26,1.0,0.0,1,3,-0.0,-0.0,1,26,0.7083,11.399,27,0,0.0977,0.0,19,0,corner_R,-0.0969,0.0,27,0,corner_R,0.0,0.0
02GY9GJV8CVG,5058,252.9,1,x-bow,x_bow,building,10.5,18.5,knight,6.71,knight,4,0.0,0.0,26,1.0,1.0,1,5,-0.0,-0.0,1,15,0.5,0.0,1,17,0.0,0.0,1,26,0.0,0.0,1,26,0.0,0.0,1,26,0.0,0.0,1,26,0.0,0.0,1,26,0.1076,1.0,6,0,0.0,0.0,1,26,0.0,0.1443,5,22,-0.0,-0.0,1,26,4.8727,2.216,9,0,1.6076,2.0,5,0,g9_18,0.8576,1.0,5,0,corner,0.0,0.0,1.0,1.0,1,6,-0.0,-0.0,1,16,0.5,0.0,1,17,0.0,0.0,1,26,0.0,0.0,1,26,0.0,0.0,1,26,0.0,0.0,1,26,0.0,0.0,1,26,0.1076,1.0,6,0,0.0,0.0,1,26,0.0,0.0818,5,22,-0.0,-0.0,1,26,4.8727,2.216,9,0,1.6076,2.0,5,0,g9_18,0.8576,1.0,5,0,corner,0.0,0.0
02GY9GJV8CVG,5191,259.6,1,tesla,tesla,building,8.0,18.0,knight,2.0,knight,2,0.0,0.0,26,0.0,1.0,19,8,-1.0,-0.0,27,0,0.0251,0.0,19,0,0.0,0.0,1,26,0.0,0.0,1,26,0.0,0.0,1,26,0.0,0.0,1,26,1.0,1.0,1,26,0.0,0.0,1,26,0.0,0.0,1,26,0.9018,1.0,10,0,-0.0893,-0.0,27,0,0.0,4.2358,27,0,0.0251,2.0,27,0,centre,-0.3,0.5,27,0,centre,1.0,1.0,0.0,1.0,19,8,-1.0,-0.0,27,0,0.0251,0.0,19,0,0.0,0.0,1,26,0.0,0.0,1,26,0.0,0.0,1,26,0.0,0.0,1,26,1.0,1.0,1,26,0.0,0.0,1,26,0.0,0.0,1,26,0.9185,1.0,8,0,-0.0752,-0.0,27,0,0.0,4.2358,27,0,0.0251,2.0,27,0,centre,-0.3,0.5,27,0,centre,1.0,1.0
02GY9GJVQGCQ,477,23.9,1,tesla,tesla,building,9.0,18.0,mighty_miner,9.35,mighty_miner,4,0.0,0.0,26,1.0,0.45,1,3,-0.0,-0.4231,1,19,0.4663,0.5,26,1,0.0,0.0,1,26,0.0,0.0,1,26,0.0,0.0,1,26,0.0,0.0,1,26,0.0,0.0,1,26,0.0,0.0,1,26,0.0,0.0,1,26,0.0,0.0,1,26,-0.0,-0.0,1,26,5.0,1.5,15,3,1.4663,0.5269,3,1,tesla_modal,0.7332,0.0375,3,1,tesla_modal,0.0,0.0,1.0,0.0,1,3,0.0,0.0,1,26,0.4663,0.5,26,1,0.0,0.0,1,26,0.0,0.0,1,26,0.0,0.0,1,26,0.0,0.0,1,26,0.0,0.0,1,26,0.0,0.0,1,26,0.0,0.0,1,26,0.0,0.0,1,26,0.0,0.0,1,26,5.0,1.5,15,3,1.4663,0.5,3,1,tesla_modal,0.7332,0.0,3,1,tesla_modal,0.0,0.0
02GY9GJVQGCQ,537,26.9,0,tesla,tesla,building,9.0,18.0,knight,8.5,knight,4,0.0,0.0,26,1.0,0.0,1,3,-0.0,-0.0,1,20,0.4663,0.5,26,1,0.0,0.0,1,26,0.0,0.0,1,26,0.0,0.0,1,26,0.0,0.0,1,26,0.0,0.0,1,26,0.0,0.0,1,26,0.0,0.0,1,26,0.0,0.0,1,26,-0.0,-0.0,1,26,5.0,12.5,14,3,1.4663,0.5,3,1,tesla_modal,0.7332,0.0,3,1,tesla_modal,0.0,0.0,1.0,0.0,1,3,-0.0,-0.0,1,20,0.4663,0.5,26,1,0.0,0.0,1,26,0.0,0.0,1,26,0.0,0.0,1,26,0.0,0.0,1,26,0.0,0.0,1,26,0.0,0.0,1,26,0.0,0.0,1,26,0.0,0.0,1,26,-0.0,-0.0,1,26,5.0,12.5,14,3,1.4663,0.5,3,1,tesla_modal,0.7332,0.0,3,1,tesla_modal,0.0,0.0
02GY9GJVQGCQ,1378,68.9,1,tesla,tesla,building,9.0,19.0,mighty_miner,14.7,mighty_miner,1,0.0,0.0,26,1.0,0.0,1,3,-0.0,-0.0,1,19,0.9902,0.5,9,0,0.0,0.0,1,26,0.0,0.0,1,26,0.0,0.0,1,26,0.0,0.0,1,26,0.0,0.0,1,26,0.0,0.0,1,26,0.0,0.0,1,26,0.0,0.0,1,26,-0.0,-0.0,1,26,5.0,12.5,14,3,1.9902,0.5,3,0,tesla_modal,0.9951,0.0,3,0,tesla_modal,0.0,0.0,1.0,0.0,1,3,0.0,0.0,1,26,0.9902,0.5,9,0,0.0,0.0,1,26,0.0,0.0,1,26,0.0,0.0,1,26,0.0,0.0,1,26,0.0,0.0,1,26,0.0,0.0,1,26,0.0,0.0,1,26,0.0,0.0,1,26,0.0,0.0,1,26,5.0,12.5,14,3,1.9902,0.5,3,0,tesla_modal,0.9951,0.0,3,0,tesla_modal,0.0,0.0
02GY9GJVQGCQ,1476,73.8,0,tesla,tesla,building,11.0,18.0,,0.0,,0,0.0,0.0,26,0.0,0.0,1,26,0.0,0.0,1,26,0.5,0.5,9,17,0.0,0.0,1,26,0.0,0.0,1,26,0.0,0.0,1,26,0.0,0.0,1,26,0.0,0.0,1,26,0.0,0.0,1,26,0.0,0.0,1,26,0.0,0.0,1,26,0.0,0.0,1,26,0.0,0.0,1,26,0.5,0.5,9,17,centre,0.0,0.0,1,26,corner,0.0,0.0,0.0,0.0,1,26,0.0,0.0,1,26,0.5,0.5,9,17,0.0,0.0,1,26,0.0,0.0,1,26,0.0,0.0,1,26,0.0,0.0,1,26,0.0,0.0,1,26,0.0,0.0,1,26,0.0,0.0,1,26,0.0,0.0,1,26,0.0,0.0,1,26,0.0,0.0,1,26,0.5,0.5,9,17,centre,0.0,0.0,1,26,corner,0.0,0.0
02GY9GJVQGCQ,2145,107.3,1,x-bow,x_bow,building,15.5,19.5,mighty_miner,14.33,mighty_miner,4,0.0,0.0,26,0.5424,0.0,8,0,-0.352,-0.0,20,0,0.0,0.5,19,8,0.0,0.0,1,26,0.0,0.0,1,26,0.0,0.0,1,26,0.0,0.0,1,26,0.0,0.0,1,26,0.9616,1.0,9,0,0.0,0.0,1,26,0.0,0.0,1,26,-0.0,-0.0,1,26,1.6847,10.3985,20,0,1.1519,1.5,8,0,g9_18,0.7,1.0,7,2,corner,0.0,0.0,0.0701,0.0,9,0,0.0,0.0,1,26,0.0,0.5,19,8,0.0,0.0,1,26,0.0,0.0,1,26,0.0,0.0,1,26,0.0,0.0,1,26,0.0,0.0,1,26,0.9616,1.0,9,0,0.0,0.0,1,26,0.0,0.0,1,26,0.0,0.0,1,26,1.6847,10.3985,20,0,1.0317,1.5,7,0,g9_18,0.9967,1.0,9,0,corner,0.0,0.0
02GY9GJVUP00,552,27.6,1,tesla,tesla,building,9.0,18.0,ice_wizard,12.44,ice_wizard,6,0.0,0.0,26,0.25,0.0,1,3,0.0,0.0,1,26,0.4663,0.5,26,1,0.0,0.0,1,26,0.0,0.0,1,26,0.0,0.0,1,26,0.0,0.0,1,26,0.0,0.0,1,26,0.0,0.0,1,26,0.0,0.0,1,26,0.0,0.0,1,26,0.0,0.0,1,26,5.0,12.5,14,3,0.7163,0.5,9,1,tesla_modal,0.1833,0.0,3,1,tesla_modal,0.0,0.0,0.8292,0.0,1,3,0.0,0.0,1,26,0.4663,0.5,26,1,0.0,0.0,1,26,0.0,0.0,1,26,0.0,0.0,1,26,0.0,0.0,1,26,0.0,0.0,1,26,0.0,0.0,1,26,0.0,0.0,1,26,0.0,0.0,1,26,0.0,0.0,1,26,5.0,12.5,14,3,1.2955,0.5,3,1,tesla_modal,0.6079,0.0,3,1,tesla_modal,0.0,0.0
02GY9GJVUP00,765,38.3,1,x-bow,x_bow,building,6.5,18.5,ice_wizard,9.72,ice_wizard,3,0.0,0.0,26,0.05,0.0,4,0,0.0,0.0,1,26,0.5,0.5,11,16,0.0,0.0,1,26,0.0,0.0,1,26,0.0,0.0,1,26,0.0,0.0,1,26,1.0,1.0,1,26,1.0,1.0,1,8,0.0,0.0,1,26,0.0,0.0,4,23,0.0,0.0,1,26,7.4,12.4,9,0,2.55,2.5,2,0,g9_18,1.0,1.0,1,8,corner,1.0,1.0,0.2479,0.0,4,0,0.0,0.0,1,26,0.5,0.5,11,16,0.0,0.0,1,26,0.0,0.0,1,26,0.0,0.0,1,26,0.0,0.0,1,26,1.0,1.0,1,26,1.0,1.0,1,8,0.0,0.0,1,26,0.0,0.0,7,20,0.0,0.0,1,26,7.4,12.4,9,0,2.7479,2.5,4,0,g9_18,1.0,1.0,1,8,corner,1.0,1.0
02GY9GJVUP00,1867,93.4,1,x-bow,x_bow,building,2.5,19.5,knight,2.97,knight,1,0.0,0.0,26,1.0,0.9494,1,5,-0.0,-0.046,1,23,0.5,0.5,11,16,0.0,0.0,1,26,0.0,0.0,1,26,0.0,0.0,1,26,0.0,0.0,1,26,0.054,0.054,1,26,0.9616,1.0,9,0,0.0,0.0,1,26,1.0,0.9494,1,3,-0.0,-0.046,1,23,2.7041,2.0989,22,0,2.5156,2.4575,3,0,g9_18,1.0,0.954,1,6,tesla_modal,0.054,0.054,1.0,0.9661,1,5,-0.0,-0.0313,1,23,0.5,0.5,11,16,0.0,0.0,1,26,0.0,0.0,1,26,0.0,0.0,1,26,0.0,0.0,1,26,0.0763,0.0763,1,26,0.9616,1.0,9,0,0.0,0.0,1,26,1.0,0.9661,1,2,-0.0,-0.0313,1,23,2.7041,2.0989,22,0,2.5379,2.5111,3,0,g9_18,1.0,0.9687,1,6,tesla_modal,0.0763,0.0763
02GY9GJVUP00,1884,95.2,1,tesla,tesla,building,5.0,18.0,knight,1.92,knight,2,0.0,0.0,26,0.8216,0.196,3,0,-0.1622,-0.7309,22,0,0.5,0.5,9,17,0.0,0.0,1,26,0.0,0.0,1,26,0.0,0.0,1,26,0.0,0.0,1,26,1.0,1.0,1,26,0.0,0.0,1,26,0.0,0.0,1,26,0.8612,0.5577,3,0,-0.1262,-0.4021,23,0,1.8432,0.592,22,0,2.1594,0.9651,4,0,tesla_modal,0.454,-0.153,4,0,tesla_modal,1.0,1.0,0.8383,0.2127,2,0,-0.1493,-0.7268,22,0,0.5,0.5,9,17,0.0,0.0,1,26,0.0,0.0,1,26,0.0,0.0,1,26,0.0,0.0,1,26,1.0,1.0,1,26,0.0,0.0,1,26,0.0,0.0,1,26,0.8778,0.5744,3,0,-0.1128,-0.3929,23,0,1.8432,0.592,22,0,2.189,0.9859,4,0,tesla_modal,0.4794,-0.1405,4,0,g3_22,1.0,1.0
02GY9GJVUP00,2564,128.6,1,x-bow,x_bow,building,2.5,19.5,,0.0,,0,0.0,0.0,26,0.0,0.0,1,26,0.0,0.0,1,26,0.5,0.5,11,16,0.0,0.0,1,26,0.0,0.0,1,26,0.0,0.0,1,26,0.0,0.0,1,26,0.0,0.0,1,26,0.9616,1.0,9,0,0.0,0.0,1,26,0.0,0.0,1,26,0.0,0.0,1,26,0.0,0.0,1,26,1.4616,1.5,9,0,g9_18,0.9616,1.0,9,0,corner,0.0,0.0,0.0,0.0,1,26,0.0,0.0,1,26,0.5,0.5,11,16,0.0,0.0,1,26,0.0,0.0,1,26,0.0,0.0,1,26,0.0,0.0,1,26,0.0,0.0,1,26,0.9616,1.0,9,0,0.0,0.0,1,26,0.0,0.0,1,26,0.0,0.0,1,26,0.0,0.0,1,26,1.4616,1.5,9,0,g9_18,0.9616,1.0,9,0,corner,0.0,0.0
02GY9GJVUP00,3025,151.3,1,x-bow,x_bow,building,9.5,22.5,knight,4.87,knight,7,0.0,0.0,26,0.0,0.0,2,25,-0.0,-0.0,1,23,1.0,0.5,1,8,0.0,0.0,1,26,0.0,0.0,1,26,0.0,0.0,1,26,0.0,0.0,1,26,0.0,0.0,1,26,0.0,1.0,9,18,0.0,0.0,1,26,0.0,0.0,2,25,-0.0,-0.0,1,24,4.7702,4.3688,16,0,1.0,1.5,9,8,g9_18,0.0,1.0,9,15,corner,0.0,0.0,0.0,0.0,2,25,-0.0,-0.0,1,23,1.0,0.5,1,8,0.0,0.0,1,26,0.0,0.0,1,26,0.0,0.0,1,26,0.0,0.0,1,26,0.0,0.0,1,26,0.0,1.0,9,18,0.0,0.0,1,26,0.0,0.0,2,25,-0.0,-0.0,1,24,4.7702,4.3688,16,0,1.0,1.5,9,8,g9_18,0.0,1.0,9,15,corner,0.0,0.0
02GY9GR902G8,612,30.6,1,tesla,tesla,building,10.0,23.0,goblinstein,4.92,goblinstein,8,0.0,0.0,26,0.0,0.0,6,21,-0.0,-0.0,1,19,1.0,0.5,1,8,0.0,0.0,1,26,0.0,0.0,1,26,0.0,0.0,1,26,0.0,0.0,1,26,1.0,1.0,1,26,0.0,0.0,1,26,0.0,0.0,1,26,0.0,0.0,7,20,-0.0,-0.0,1,22,3.8401,12.1256,20,0,2.0,1.5,3,7,g9_18,0.0,0.0,3,18,g9_18,1.0,1.0,0.0,0.0,7,20,-0.0,-0.0,1,21,1.0,0.5,1,8,0.0,0.0,1,26,0.0,0.0,1,26,0.0,0.0,1,26,0.0,0.0,1,26,1.0,1.0,1,26,0.0,0.0,1,26,0.0,0.0,1,26,0.0,0.0,7,20,-0.0,-0.0,1,23,3.8401,12.1256,20,0,2.0,1.5,3,8,corner_R,0.0,0.0,4,19,corner_R,1.0,1.0
02GY9GR902G8,1459,73.0,1,tesla,tesla,building,10.0,18.0,,0.0,,1,0.0,0.0,26,0.0,0.0,1,26,0.0,0.0,1,26,0.0251,0.5,18,0,0.0,0.0,1,26,0.0,0.0,1,26,0.0,0.0,1,26,0.0,0.0,1,26,0.0,0.0,1,26,0.0,0.0,1,26,0.0,0.0,1,26,0.0,0.0,1,26,0.0,0.0,1,26,0.0,0.0,1,26,0.0251,0.5,18,0,corner,0.0,0.0,1,26,corner,0.0,0.0,0.0,0.0,1,26,0.0,0.0,1,26,0.0251,0.5,18,0,0.0,0.0,1,26,0.0,0.0,1,26,0.0,0.0,1,26,0.0,0.0,1,26,0.0,0.0,1,26,0.0,0.0,1,26,0.0,0.0,1,26,0.0,0.0,1,26,0.0,0.0,1,26,0.0,0.0,1,26,0.0251,0.5,18,0,corner,0.0,0.0,1,26,corner,0.0,0.0
02GY9GR902G8,2634,131.7,1,tesla,tesla,building,11.0,23.0,minion_horde,0.0,minion_horde,9,0.0,0.0,26,0.0,0.0,6,21,0.0,0.0,1,26,0.5,0.5,1,16,0.0,0.0,1,26,0.0,0.0,1,26,0.0,0.0,1,26,0.0,0.0,1,26,1.0,1.0,1,26,0.0,0.0,1,26,0.0,0.0,1,26,0.0,0.0,8,19,0.0,0.0,1,26,0.0,10.1607,27,0,1.5,1.5,6,13,g15_22,0.0,0.0,6,21,g15_22,1.0,1.0,0.0,0.0,9,18,-1.0,-0.0,27,0,0.5,0.5,1,16,0.0,0.0,1,26,0.0,0.0,1,26,0.0,0.0,1,26,0.0,0.0,1,26,1.0,1.0,1,26,0.0,0.0,1,26,0.0,0.0,1,26,0.0,0.0,9,18,-1.0,-0.0,27,0,0.0,10.1607,27,0,0.5,1.5,27,0,tesla_modal,-0.3,0.0,26,1,tesla_modal,1.0,1.0
02JY9G00V9CJ,412,20.6,1,tesla,tesla,building,10.0,18.0,,0.0,,0,0.0,0.0,26,0.0,0.0,1,26,0.0,0.0,1,26,0.443,0.5,27,0,0.0,0.0,1,26,0.0,0.0,1,26,0.0,0.0,1,26,0.0,0.0,1,26,0.0,0.0,1,26,0.0,0.0,1,26,0.0,0.0,1,26,0.0,0.0,1,26,0.0,0.0,1,26,0.0,0.0,1,26,0.443,0.5,27,0,centre,0.0,0.0,1,26,corner,0.0,0.0,0.0,0.0,1,26,0.0,0.0,1,26,0.443,0.5,27,0,0.0,0.0,1,26,0.0,0.0,1,26,0.0,0.0,1,26,0.0,0.0,1,26,0.0,0.0,1,26,0.0,0.0,1,26,0.0,0.0,1,26,0.0,0.0,1,26,0.0,0.0,1,26,0.0,0.0,1,26,0.443,0.5,27,0,centre,0.0,0.0,1,26,corner,0.0,0.0
02JY9G00V9CJ,812,40.6,1,x-bow,x_bow,building,9.5,22.5,electro_giant,9.01,electro_giant,1,0.0,0.0,26,0.0,0.6,8,19,-0.0,-0.3636,1,19,1.0,0.5,1,8,0.0,0.0,1,26,0.0,0.0,1,26,0.0,0.0,1,26,0.0,0.0,1,26,1.0,1.0,1,26,0.0,1.0,9,18,0.0,0.0,1,26,0.0,1.0,10,17,-0.0,-0.0,1,26,5.4,1.4,13,0,2.0,2.7364,10,6,g9_18,0.0,0.7,11,13,tesla_modal,1.0,1.0,0.0,0.0218,6,21,0.0,0.0,1,26,1.0,0.5,1,8,0.0,0.0,1,26,0.0,0.0,1,26,0.0,0.0,1,26,0.0,0.0,1,26,1.0,1.0,1,26,0.0,1.0,9,18,0.0,0.0,1,26,0.0,1.0,10,17,0.0,0.0,1,26,5.4,1.4,13,0,2.0,2.5218,11,6,g9_18,0.0,1.0,11,16,corner,1.0,1.0
02JY9G00V9CJ,1545,77.3,1,tesla,tesla,building,9.0,19.0,,0.0,,0,0.0,0.0,26,0.0,0.0,1,26,0.0,0.0,1,26,0.9902,0.5,9,0,0.0,0.0,1,26,0.0,0.0,1,26,0.0,0.0,1,26,0.0,0.0,1,26,0.0,0.0,1,26,0.0,0.0,1,26,0.0,0.0,1,26,0.0,0.0,1,26,0.0,0.0,1,26,0.0,0.0,1,26,0.9902,0.5,9,0,centre,0.0,0.0,1,26,corner,0.0,0.0,0.0,0.0,1,26,0.0,0.0,1,26,0.9902,0.5,9,0,0.0,0.0,1,26,0.0,0.0,1,26,0.0,0.0,1,26,0.0,0.0,1,26,0.0,0.0,1,26,0.0,0.0,1,26,0.0,0.0,1,26,0.0,0.0,1,26,0.0,0.0,1,26,0.0,0.0,1,26,0.9902,0.5,9,0,centre,0.0,0.0,1,26,corner,0.0,0.0
02JY9G00V9CJ,1908,95.4,1,x-bow,x_bow,building,11.5,18.5,baby_dragon,5.47,baby_dragon,2,0.0,0.0,26,0.0,0.0,6,21,0.0,0.0,1,26,0.5,0.5,11,16,0.0,0.0,1,26,0.0,0.0,1,26,0.0,0.0,1,26,0.0,0.0,1,26,0.0,0.0,1,26,1.0,1.0,1,8,0.0,0.0,1,26,1.0,0.0,1,0,0.0,0.0,1,26,1.0308,10.9732,24,0,1.5,1.5,5,7,g9_18,1.0,1.0,1,9,corner,0.0,0.0,0.0,0.0,7,20,0.0,0.0,1,26,0.5,0.5,11,16,0.0,0.0,1,26,0.0,0.0,1,26,0.0,0.0,1,26,0.0,0.0,1,26,0.0,0.0,1,26,1.0,1.0,1,8,0.0,0.0,1,26,1.0,0.0,1,0,0.0,0.0,1,26,1.0308,10.9732,24,0,1.5,1.5,6,6,g9_18,1.0,1.0,1,11,corner,0.0,0.0
02JY9G00V9CJ,2633,131.7,1,x-bow,x_bow,building,5.5,22.5,electro_giant,5.93,electro_giant,2,0.0,0.0,26,0.0,0.0,1,26,-0.0,-0.0,1,22,0.5,0.5,1,16,0.0,0.0,1,26,0.0,0.0,1,26,0.0,0.0,1,26,0.0,0.0,1,26,0.0,0.0,1,26,0.0,1.0,9,18,0.0,0.0,1,26,0.0,0.0,1,26,-0.0,-0.0,1,24,6.0842,11.705,12,0,0.5,1.5,9,8,corner,0.0,1.0,9,14,corner,0.0,0.0,0.0,0.0,1,26,0.0,0.0,1,26,0.5,0.5,1,16,0.0,0.0,1,26,0.0,0.0,1,26,0.0,0.0,1,26,0.0,0.0,1,26,0.0,0.0,1,26,0.0,1.0,9,18,0.0,0.0,1,26,0.0,0.0,1,26,0.0,0.0,1,26,6.0842,11.705,12,0,0.5,1.5,9,12,corner,0.0,1.0,9,18,corner,0.0,0.0
02JY9G020C2U,646,32.3,1,tesla,tesla,building,9.0,18.0,mini_pekka,11.7,mini_pekka,1,0.0,0.0,26,1.0,0.0,1,3,-0.0,-0.0,1,20,0.4663,0.5,26,1,0.0,0.0,1,26,0.0,0.0,1,26,0.0,0.0,1,26,0.0,0.0,1,26,0.0,0.0,1,26,0.0,0.0,1,26,0.0,0.0,1,26,0.0,0.0,1,26,-0.0,-0.0,1,26,5.0,12.5,14,3,1.4663,0.5,3,1,tesla_modal,0.7332,0.0,3,1,tesla_modal,0.0,0.0,1.0,0.0,1,3,0.0,0.0,1,26,0.4663,0.5,26,1,0.0,0.0,1,26,0.0,0.0,1,26,0.0,0.0,1,26,0.0,0.0,1,26,0.0,0.0,1,26,0.0,0.0,1,26,0.0,0.0,1,26,0.0,0.0,1,26,0.0,0.0,1,26,5.0,12.5,14,3,1.4663,0.5,3,1,tesla_modal,0.7332,0.0,3,1,tesla_modal,0.0,0.0
02JY9G020C2U,1969,98.5,1,x-bow,x_bow,building,15.5,19.5,wizard,4.62,wizard,1,0.0,0.0,26,0.0,0.0,5,22,0.0,0.0,1,26,0.5,0.5,11,16,0.0,0.0,1,26,0.0,0.0,1,26,0.0,0.0,1,26,0.0,0.0,1,26,0.0,0.0,1,26,0.9616,1.0,9,0,0.0,0.0,1,26,0.0733,0.0,4,0,0.0,0.0,1,26,2.5444,11.4638,25,0,1.4616,1.5,10,0,g9_22,0.9616,1.0,9,0,corner,0.0,0.0,0.0,0.0,6,21,0.0,0.0,1,26,0.5,0.5,11,16,0.0,0.0,1,26,0.0,0.0,1,26,0.0,0.0,1,26,0.0,0.0,1,26,0.0,0.0,1,26,0.9616,1.0,9,0,0.0,0.0,1,26,0.6525,0.0,2,0,0.0,0.0,1,26,2.5444,11.4638,25,0,1.4616,1.5,12,0,tesla_modal,0.9616,1.0,10,0,corner,0.0,0.0
02JY9G020C2U,2111,105.6,1,tesla,tesla,building,11.0,18.0,giant,6.48,giant,4,0.0,0.0,26,1.0,0.0,1,3,-0.0,-0.0,1,21,0.5,0.5,9,17,0.0,0.0,1,26,0.0,0.0,1,26,0.0,0.0,1,26,0.0,0.0,1,26,0.0,0.0,1,26,0.0,0.0,1,26,0.0,0.0,1,26,0.8219,0.0,4,0,-0.0,-0.0,1,26,3.4148,12.7382,22,0,1.5,0.5,3,0,tesla_modal,0.75,0.0,3,0,tesla_modal,0.0,0.0,1.0,0.0,1,3,0.0,0.0,1,26,0.5,0.5,9,17,0.0,0.0,1,26,0.0,0.0,1,26,0.0,0.0,1,26,0.0,0.0,1,26,0.0,0.0,1,26,0.0,0.0,1,26,0.0,0.0,1,26,0.6623,0.0,4,0,0.0,0.0,1,26,3.4148,12.7382,22,0,1.5,0.5,3,0,tesla_modal,0.75,0.0,3,0,tesla_modal,0.0,0.0
02JY9G020C2U,2944,147.2,1,x-bow,x_bow,building,15.5,12.5,,0.0,,0,0.0,0.0,26,0.0,0.0,1,26,0.0,0.0,1,26,0.0,0.5,27,0,0.0,0.0,1,26,0.0,0.0,1,26,0.0,0.0,1,26,0.0,0.0,1,26,0.0,0.0,1,26,0.0,1.0,9,18,0.0,0.0,1,26,0.0,0.0,1,26,0.0,0.0,1,26,0.0,0.0,1,26,0.0,1.5,27,0,g9_18,0.0,1.0,9,18,corner,0.0,0.0,0.0,0.0,1,26,0.0,0.0,1,26,0.0,0.5,27,0,0.0,0.0,1,26,0.0,0.0,1,26,0.0,0.0,1,26,0.0,0.0,1,26,0.0,0.0,1,26,0.0,1.0,9,18,0.0,0.0,1,26,0.0,0.0,1,26,0.0,0.0,1,26,0.0,0.0,1,26,0.0,1.5,27,0,g9_18,0.0,1.0,9,18,corner,0.0,0.0
02JY9G02LR0U,436,21.8,1,tesla,tesla,building,9.0,21.0,musketeer,19.65,musketeer,1,0.0,0.0,26,0.0,0.0,1,26,0.0,0.0,1,26,1.0,0.5,1,8,0.0,0.0,1,26,0.0,0.0,1,26,0.0,0.0,1,26,0.0,0.0,1,26,0.0,0.0,1,26,0.0,0.0,1,26,0.0,0.0,1,26,0.0,0.0,1,26,0.0,0.0,1,26,5.0,1.5,15,3,1.0,0.5,1,8,centre,0.0,0.0,1,26,corner,0.0,0.0,1.0,0.0,1,3,0.0,0.0,1,26,1.0,0.5,1,8,0.0,0.0,1,26,0.0,0.0,1,26,0.0,0.0,1,26,0.0,0.0,1,26,0.0,0.0,1,26,0.0,0.0,1,26,0.0,0.0,1,26,0.0,0.0,1,26,0.0,0.0,1,26,5.0,1.5,15,3,2.0,0.5,1,2,tesla_modal,1.0,0.0,1,2,tesla_modal,0.0,0.0
02JY9G02LR0U,1201,60.1,1,tesla,tesla,building,8.0,18.0,bowler,3.86,bowler,7,0.0,0.0,26,0.5,0.0,4,0,0.0,0.0,1,26,0.443,0.5,27,0,0.0,0.0,1,26,0.0,0.0,1,26,0.0,0.0,1,26,0.0,0.0,1,26,0.4305,0.4305,1,26,0.0,0.0,1,26,0.0,0.0,1,26,1.0,0.3587,1,1,0.0,0.0,1,26,4.0,1.5,20,0,1.3734,0.9305,10,0,tesla_modal,0.3607,0.0,4,0,tesla_modal,0.4305,0.4305,0.3292,0.0,4,0,0.0,0.0,1,26,0.443,0.5,27,0,0.0,0.0,1,26,0.0,0.0,1,26,0.0,0.0,1,26,0.0,0.0,1,26,0.4305,0.4305,1,26,0.0,0.0,1,26,0.0,0.0,1,26,1.0,0.1878,1,0,0.0,0.0,1,26,4.0,1.5,20,0,1.2026,0.9305,10,0,tesla_modal,0.2375,0.0,4,0,tesla_modal,0.4305,0.4305
02JY9G02LR0U,1678,83.9,1,x-bow,x_bow,building,15.5,19.5,giant,3.41,giant,1,0.0,0.0,26,0.0,0.0,1,26,-0.0,-0.0,1,22,0.5,0.5,11,16,0.0,0.0,1,26,0.0,0.0,1,26,0.0,0.0,1,26,0.0,0.0,1,26,0.0,0.0,1,26,0.9616,1.0,9,0,0.0,0.0,1,26,0.0,0.0,1,26,-0.0,-0.0,1,23,3.5626,12.1049,23,0,1.4616,1.5,9,0,g9_18,0.9616,1.0,9,0,corner,0.0,0.0,0.0,0.0,1,26,0.0,0.0,1,26,0.5,0.5,11,16,0.0,0.0,1,26,0.0,0.0,1,26,0.0,0.0,1,26,0.0,0.0,1,26,0.0,0.0,1,26,0.9616,1.0,9,0,0.0,0.0,1,26,0.0,0.0,1,26,0.0,0.0,1,26,3.5626,12.1049,23,0,1.4616,1.5,9,0,g9_18,0.9616,1.0,9,0,corner,0.0,0.0
02JY9G02LR0U,2463,123.2,1,x-bow,x_bow,building,15.5,19.5,bowler,5.15,bowler,2,0.0,0.0,26,0.0,0.0,3,24,0.0,0.0,1,26,0.0,0.5,19,8,0.0,0.0,1,26,0.0,0.0,1,26,0.0,0.0,1,26,0.0,0.0,1,26,0.0,0.0,1,26,0.9616,1.0,9,0,0.0,0.0,1,26,0.0,0.0,3,24,0.0,0.0,1,26,5.3034,10.1385,12,0,0.9616,1.5,9,0,corner,0.9616,1.0,9,0,corner,0.0,0.0,0.0,0.0,2,25,0.0,0.0,1,26,0.0,0.5,19,8,0.0,0.0,1,26,0.0,0.0,1,26,0.0,0.0,1,26,0.0,0.0,1,26,0.0,0.0,1,26,0.9616,1.0,9,0,0.0,0.0,1,26,0.0,0.0,2,25,0.0,0.0,1,26,5.3034,10.1385,12,0,0.9616,1.5,9,0,corner,0.9616,1.0,9,0,corner,0.0,0.0
02JY9G02LR0U,2661,133.1,1,tesla,tesla,building,9.0,21.0,giant,7.49,giant,7,0.0,0.0,26,1.0,0.65,1,3,-0.0,-0.3182,1,19,0.5,0.5,1,16,0.0,0.0,1,26,0.0,0.0,1,26,0.0,0.0,1,26,0.0,0.0,1,26,0.0,0.0,1,26,0.0,0.0,1,26,0.0,0.0,1,26,0.0,1.0,8,19,-0.0,-0.0,1,26,5.0,1.5,15,2,1.5,0.8318,1,2,tesla_modal,0.75,0.1875,1,2,tesla_modal,0.0,0.0,1.0,0.0718,1,3,0.0,0.0,1,26,0.5,0.5,1,16,0.0,0.0,1,26,0.0,0.0,1,26,0.0,0.0,1,26,0.0,0.0,1,26,0.0,0.0,1,26,0.0,0.0,1,26,0.0,0.0,1,26,0.0,1.0,8,19,0.0,0.0,1,26,5.0,1.5,15,2,1.5,0.5718,1,2,tesla_modal,0.75,0.0538,1,2,tesla_modal,0.0,0.0
02JY9G02LR0U,3206,160.3,1,tesla,tesla,building,9.0,21.0,bowler,3.19,bowler,5,0.0,0.0,26,0.0074,0.0,5,1,0.0,0.0,1,26,0.5,0.5,1,16,0.0,0.0,1,26,0.0,0.0,1,26,0.0,0.0,1,26,0.0,0.0,1,26,1.0,1.0,1,26,0.0,0.0,1,26,0.0,0.0,1,26,0.2183,0.0,8,1,0.0,0.0,1,26,3.0147,10.8505,16,1,1.5074,1.5,2,1,g9_18,0.0055,0.0,5,1,g9_18,1.0,1.0,0.0,0.0,4,23,0.0,0.0,1,26,0.5,0.5,1,16,0.0,0.0,1,26,0.0,0.0,1,26,0.0,0.0,1,26,0.0,0.0,1,26,1.0,1.0,1,26,0.0,0.0,1,26,0.0,0.0,1,26,0.0475,0.0,8,1,0.0,0.0,1,26,3.0147,10.8505,16,1,1.5,1.5,2,16,g9_18,0.0,0.0,4,23,g9_18,1.0,1.0
02JY9G02LR0U,3573,178.7,1,x-bow,x_bow,building,15.5,19.5,giant,11.49,giant,7,0.0,0.0,26,0.0,0.9416,6,21,-0.0,-0.0531,1,20,0.0,0.5,19,8,0.0,0.0,1,26,0.0,0.0,1,26,0.0,0.0,1,26,0.0,0.0,1,26,1.0,1.0,1,26,0.9616,1.0,9,0,0.0,0.0,1,26,0.0,0.9416,7,20,-0.0,-0.0531,1,21,11.6358,2.0831,3,0,1.9616,3.3884,9,0,tesla_true,0.9616,0.9469,6,0,bow_modal_R,1.0,1.0,0.0,0.3633,5,22,0.0,0.0,1,26,0.0,0.5,19,8,0.0,0.0,1,26,0.0,0.0,1,26,0.0,0.0,1,26,0.0,0.0,1,26,0.3656,0.3656,1,26,0.9616,1.0,9,0,0.0,0.0,1,26,0.0,0.3633,5,22,0.0,0.0,1,26,11.6358,2.0831,3,0,1.3272,2.2289,9,0,tesla_true,0.9616,1.0,9,0,corner,0.3656,0.3656
02JY9G02UJL2,435,21.8,1,tesla,tesla,building,11.0,18.0,mighty_miner,10.08,mighty_miner,1,0.0,0.0,26,1.0,0.0,1,3,-0.0,-0.0,1,19,0.5,0.5,9,17,0.0,0.0,1,26,0.0,0.0,1,26,0.0,0.0,1,26,0.0,0.0,1,26,0.0,0.0,1,26,0.0,0.0,1,26,0.0,0.0,1,26,0.0,0.0,1,26,-0.0,-0.0,1,26,3.0,12.5,20,0,1.5,0.5,3,0,tesla_modal,0.75,0.0,3,0,tesla_modal,0.0,0.0,0.7278,0.0,4,0,0.0,0.0,1,26,0.5,0.5,9,17,0.0,0.0,1,26,0.0,0.0,1,26,0.0,0.0,1,26,0.0,0.0,1,26,0.0,0.0,1,26,0.0,0.0,1,26,0.0,0.0,1,26,0.0,0.0,1,26,0.0,0.0,1,26,3.0,12.5,20,0,1.2278,0.5,4,0,tesla_modal,0.5458,0.0,4,0,tesla_modal,0.0,0.0
02JY9G02UJL2,2069,103.5,1,x-bow,x_bow,building,9.5,23.5,minions,11.45,minions,4,0.0,0.0,26,0.0,1.0,10,17,0.0,0.0,1,26,0.5,0.5,1,16,0.0,0.0,1,26,0.0,0.0,1,26,0.0,0.0,1,26,0.0,0.0,1,26,0.0,0.0,1,26,0.0,1.0,9,18,0.0,0.0,1,26,0.0,1.0,7,20,0.0,0.0,1,26,8.8546,3.5982,17,0,0.5,2.5,13,8,corner,0.0,1.0,13,14,corner,0.0,0.0,0.0,0.8366,10,17,0.0,0.0,1,26,0.5,0.5,1,16,0.0,0.0,1,26,0.0,0.0,1,26,0.0,0.0,1,26,0.0,0.0,1,26,0.0,0.0,1,26,0.0,1.0,9,18,0.0,0.0,1,26,0.0,1.0,7,20,0.0,0.0,1,26,8.8546,3.5982,17,0,0.5,2.3366,13,8,bow_modal_L,0.0,1.0,13,14,corner,0.0,0.0
02JY9G02UJL2,2134,106.7,1,tesla,tesla,building,2.0,18.0,skeleton_barrel,0.03,skeleton_barrel,5,0.0,0.0,26,0.3421,0.4373,5,0,-0.9747,-0.8336,25,0,0.5,0.5,1,16,0.0,0.0,1,26,0.0,0.0,1,26,0.0,0.0,1,26,0.0,0.0,1,26,1.0,1.0,1,26,0.0,0.0,1,26,0.0,0.0,1,26,0.3421,0.4373,7,0,-0.9747,-0.8336,27,0,0.0341,0.2246,25,0,0.8674,1.1037,24,0,lane,-0.0434,0.028,24,0,lane,1.0,1.0,0.0,0.0,2,25,0.0,0.0,1,26,0.5,0.5,1,16,0.0,0.0,1,26,0.0,0.0,1,26,0.0,0.0,1,26,0.0,0.0,1,26,1.0,1.0,1,26,0.0,0.0,1,26,0.0,0.0,1,26,0.0,0.0,3,24,0.0,0.0,1,26,0.0341,0.2246,25,0,1.5,1.5,2,15,lane,0.0,0.0,2,25,lane,1.0,1.0
02JY9G02UJL2,2676,133.8,1,tesla,tesla,building,10.0,21.0,royal_recruits,9.48,royal_recruits,12,0.0,0.0,26,0.75,0.45,4,0,-0.0,-0.4231,1,19,0.5,0.5,1,16,0.0,0.0,1,26,0.0,0.0,1,26,0.0,0.0,1,26,0.0,0.0,1,26,0.0,0.0,1,26,0.0,0.0,1,26,0.0,0.0,1,26,0.0,0.3003,5,22,-0.0,-0.0,1,26,6.0,1.5,13,0,1.25,0.5269,3,0,tesla_modal,0.5625,0.0375,4,0,tesla_modal,0.0,0.0,0.8542,0.0,4,0,0.0,0.0,1,26,0.5,0.5,1,16,0.0,0.0,1,26,0.0,0.0,1,26,0.0,0.0,1,26,0.0,0.0,1,26,0.0,0.0,1,26,0.0,0.0,1,26,0.0,0.0,1,26,0.0,0.4045,5,22,0.0,0.0,1,26,6.0,1.5,13,0,1.3542,0.5,3,0,tesla_modal,0.6406,0.0,3,0,tesla_modal,0.0,0.0
02JY9G02UJL2,3131,156.6,1,x-bow,x_bow,building,8.5,22.5,mighty_miner,9.98,mighty_miner,7,0.0,0.0,26,1.0,0.9383,1,4,-0.0,-0.0475,1,21,0.5,0.5,1,16,0.0,0.0,1,26,0.0,0.0,1,26,0.0,0.0,1,26,0.0,0.0,1,26,0.5723,0.5723,1,26,0.0,1.0,9,18,0.0,0.0,1,26,0.0,0.6284,5,22,-0.0,-0.0,1,26,5.1278,2.4766,18,0,2.0723,2.9631,5,3,corner,0.75,0.9525,8,3,bow_modal_R,0.5723,0.5723,1.0,0.4661,1,3,0.0,0.0,1,26,0.5,0.5,1,16,0.0,0.0,1,26,0.0,0.0,1,26,0.0,0.0,1,26,0.0,0.0,1,26,0.5723,0.5723,1,26,0.0,1.0,9,18,0.0,0.0,1,26,0.0,0.7326,6,21,0.0,0.0,1,26,5.1278,2.4766,18,0,2.0723,2.5383,5,4,g9_18,0.75,1.0,9,3,corner,0.5723,0.5723
02JY9G02UJL2,3302,165.1,1,tesla,tesla,building,11.0,22.0,mighty_miner,7.88,mighty_miner,11,0.0,0.0,26,0.0,0.8128,8,19,-0.0,-0.144,1,19,0.5,0.5,1,16,0.0,0.0,1,26,0.0,0.0,1,26,0.0,0.0,1,26,0.0,0.0,1,26,1.0,1.0,1,26,0.0,0.0,1,26,0.0,0.0,1,26,0.0,1.0,10,17,-0.0,-0.0,1,25,6.59,2.2255,13,0,1.5,2.1687,7,7,tesla_modal,0.0,0.4655,7,16,tesla_modal,1.0,1.0,0.0,0.3405,7,20,0.0,0.0,1,26,0.5,0.5,1,16,0.0,0.0,1,26,0.0,0.0,1,26,0.0,0.0,1,26,0.0,0.0,1,26,1.0,1.0,1,26,0.0,0.0,1,26,0.0,0.0,1,26,0.0,0.6628,9,18,0.0,0.0,1,26,6.59,2.2255,13,0,1.5,1.8405,7,11,tesla_modal,0.0,0.2554,7,20,tesla_modal,1.0,1.0
02JY9G082QC2,461,23.1,1,tesla,tesla,building,11.0,18.0,furnace,11.65,furnace,2,0.0,0.0,26,0.0,0.0,4,23,0.0,0.0,1,26,0.5,0.5,9,17,0.0,0.0,1,26,0.0,0.0,1,26,0.0,0.0,1,26,0.0,0.0,1,26,0.0,0.0,1,26,0.0,0.0,1,26,0.0,0.0,1,26,0.0,0.0,1,26,0.0,0.0,1,26,3.0,12.5,20,0,0.5,0.5,10,17,tesla_modal,0.0,0.0,4,23,tesla_modal,0.0,0.0,0.7278,0.0,4,0,0.0,0.0,1,26,0.5,0.5,9,17,0.0,0.0,1,26,0.0,0.0,1,26,0.0,0.0,1,26,0.0,0.0,1,26,0.0,0.0,1,26,0.0,0.0,1,26,0.0,0.0,1,26,0.0,0.0,1,26,0.0,0.0,1,26,3.0,12.5,20,0,1.2278,0.5,4,0,tesla_modal,0.5458,0.0,4,0,tesla_modal,0.0,0.0
02JY9G082QC2,1011,50.6,1,x-bow,x_bow,building,13.5,19.5,,0.0,,0,0.0,0.0,26,0.0,0.0,1,26,0.0,0.0,1,26,0.5,0.5,11,16,0.0,0.0,1,26,0.0,0.0,1,26,0.0,0.0,1,26,0.0,0.0,1,26,0.0,0.0,1,26,0.9616,1.0,9,0,0.0,0.0,1,26,0.0,0.0,1,26,0.0,0.0,1,26,0.0,0.0,1,26,1.4616,1.5,9,0,g9_18,0.9616,1.0,9,0,corner,0.0,0.0,0.0,0.0,1,26,0.0,0.0,1,26,0.5,0.5,11,16,0.0,0.0,1,26,0.0,0.0,1,26,0.0,0.0,1,26,0.0,0.0,1,26,0.0,0.0,1,26,0.9616,1.0,9,0,0.0,0.0,1,26,0.0,0.0,1,26,0.0,0.0,1,26,0.0,0.0,1,26,1.4616,1.5,9,0,g9_18,0.9616,1.0,9,0,corner,0.0,0.0
02JY9G082QC2,1909,95.5,1,tesla,tesla,building,8.0,22.0,furnace,11.72,furnace,3,0.0,0.0,26,0.0,0.0,4,23,0.0,0.0,1,26,1.0,0.5,1,8,0.0,0.0,1,26,0.0,0.0,1,26,0.0,0.0,1,26,0.0,0.0,1,26,0.0,0.0,1,26,0.0,0.0,1,26,0.0,0.0,1,26,0.0,0.0,1,26,0.0,0.0,1,26,4.0,1.5,20,0,1.0,0.5,3,6,tesla_modal,0.0,0.0,4,23,tesla_modal,0.0,0.0,1.0,0.0,1,3,0.0,0.0,1,26,1.0,0.5,1,8,0.0,0.0,1,26,0.0,0.0,1,26,0.0,0.0,1,26,0.0,0.0,1,26,0.0,0.0,1,26,0.0,0.0,1,26,0.0,0.0,1,26,0.0,0.0,1,26,0.0,0.0,1,26,4.0,1.5,20,0,2.0,0.5,1,2,tesla_modal,1.0,0.0,1,2,tesla_modal,0.0,0.0
02JY9G082QC2,2552,127.6,1,tesla,tesla,building,7.0,18.0,boss_bandit,9.28,boss_bandit,3,0.0,0.0,26,0.0,0.0,1,26,-0.0,-0.0,1,24,0.5,0.5,1,16,0.0,0.0,1,26,0.0,0.0,1,26,0.0,0.0,1,26,0.0,0.0,1,26,1.0,1.0,1,26,0.0,0.0,1,26,0.0,0.0,1,26,0.0,0.0,1,26,-0.0,-0.0,1,25,9.2761,12.0171,7,0,1.5,1.5,1,14,corner,0.0,0.0,1,24,corner,1.0,1.0,0.0,0.0,1,26,0.0,0.0,1,26,0.5,0.5,1,16,0.0,0.0,1,26,0.0,0.0,1,26,0.0,0.0,1,26,0.0,0.0,1,26,1.0,1.0,1,26,0.0,0.0,1,26,0.0,0.0,1,26,0.0,0.0,1,26,0.0,0.0,1,26,9.2761,12.0171,7,0,1.5,1.5,1,16,corner,0.0,0.0,1,26,corner,1.0,1.0
02JY9G08C0JV,701,35.1,1,tesla,tesla,building,9.0,21.0,executioner,10.48,executioner,1,0.0,0.0,26,0.0,0.0,6,21,0.0,0.0,1,26,1.0,0.5,1,8,0.0,0.0,1,26,0.0,0.0,1,26,0.0,0.0,1,26,0.0,0.0,1,26,1.0,1.0,1,26,0.0,0.0,1,26,0.0,0.0,1,26,0.0,0.0,1,26,0.0,0.0,1,26,7.6203,11.6503,21,1,2.0,1.5,5,8,corner_R,0.0,0.0,6,21,g9_18,1.0,1.0,0.0433,0.0,6,1,0.0,0.0,1,26,1.0,0.5,1,8,0.0,0.0,1,26,0.0,0.0,1,26,0.0,0.0,1,26,0.0,0.0,1,26,1.0,1.0,1,26,0.0,0.0,1,26,0.0,0.0,1,26,0.0,0.0,1,26,0.0,0.0,1,26,7.6203,11.6503,21,1,2.0433,1.5,6,1,bow_modal_R,0.0433,0.0,6,1,bow_modal_R,1.0,1.0
02JY9G08C0JV,1184,59.2,1,x-bow,x_bow,building,9.5,22.5,pekka,18.83,pekka,1,0.0,0.0,26,1.0,0.0,1,3,-0.0,-0.0,1,19,1.0,0.5,1,8,0.0,0.0,1,26,0.0,0.0,1,26,0.0,0.0,1,26,0.0,0.0,1,26,0.0,0.0,1,26,0.0,1.0,9,18,0.0,0.0,1,26,0.0,0.0,1,26,-0.0,-0.0,1,26,4.4,12.4,18,0,2.0,1.5,2,2,g9_18,1.0,1.0,1,7,corner,0.0,0.0,1.0,0.0,1,3,-0.0,-0.0,1,19,1.0,0.5,1,8,0.0,0.0,1,26,0.0,0.0,1,26,0.0,0.0,1,26,0.0,0.0,1,26,0.0,0.0,1,26,0.0,1.0,9,18,0.0,0.0,1,26,0.0,0.0,1,26,-0.0,-0.0,1,26,4.4,12.4,18,0,2.0,1.5,2,2,g9_18,1.0,1.0,1,7,corner,0.0,0.0
02JY9G08C0JV,1447,72.4,1,tesla,tesla,building,3.0,18.0,hog_rider,1.11,hog_rider,3,0.0,0.0,26,0.7068,0.5765,3,1,-0.3258,-0.4706,22,1,0.5,0.5,9,17,0.0,0.0,1,26,0.0,0.0,1,26,0.0,0.0,1,26,0.0,0.0,1,26,1.0,1.0,1,26,0.0,0.0,1,26,0.0,0.0,1,26,0.7068,0.5765,4,1,-0.3258,-0.4706,24,1,1.2136,0.9529,22,1,1.8811,1.6059,11,1,lane,0.2301,0.1323,3,1,lane,1.0,1.0,0.0,0.0,3,24,0.0,0.0,1,26,0.5,0.5,9,17,0.0,0.0,1,26,0.0,0.0,1,26,0.0,0.0,1,26,0.0,0.0,1,26,1.0,1.0,1,26,0.0,0.0,1,26,0.0,0.0,1,26,0.0,0.0,4,23,0.0,0.0,1,26,1.2136,0.9529,22,1,1.5,1.5,11,15,centre,0.0,0.0,3,24,lane,1.0,1.0
02JY9G08C0JV,2325,116.3,1,x-bow,x_bow,building,15.5,19.5,,0.0,,0,0.0,0.0,26,0.0,0.0,1,26,0.0,0.0,1,26,0.5,0.5,11,16,0.0,0.0,1,26,0.0,0.0,1,26,0.0,0.0,1,26,0.0,0.0,1,26,0.0,0.0,1,26,0.9616,1.0,9,0,0.0,0.0,1,26,0.0,0.0,1,26,0.0,0.0,1,26,0.0,0.0,1,26,1.4616,1.5,9,0,g9_18,0.9616,1.0,9,0,corner,0.0,0.0,0.0,0.0,1,26,0.0,0.0,1,26,0.5,0.5,11,16,0.0,0.0,1,26,0.0,0.0,1,26,0.0,0.0,1,26,0.0,0.0,1,26,0.0,0.0,1,26,0.9616,1.0,9,0,0.0,0.0,1,26,0.0,0.0,1,26,0.0,0.0,1,26,0.0,0.0,1,26,1.4616,1.5,9,0,g9_18,0.9616,1.0,9,0,corner,0.0,0.0
02JY9G08C0JV,2419,121.0,1,tesla,tesla,building,10.0,18.0,pekka,6.43,pekka,1,0.0,0.0,26,1.0,0.0,1,3,-0.0,-0.0,1,20,0.443,0.5,27,0,0.0,0.0,1,26,0.0,0.0,1,26,0.0,0.0,1,26,0.0,0.0,1,26,0.0,0.0,1,26,0.0,0.0,1,26,0.0,0.0,1,26,0.0,0.0,1,26,-0.0,-0.0,1,26,4.0,10.8093,20,0,1.443,0.5,4,0,tesla_modal,0.7215,0.0,4,0,tesla_modal,0.0,0.0,1.0,0.0,1,3,-0.0,-0.0,1,20,0.443,0.5,27,0,0.0,0.0,1,26,0.0,0.0,1,26,0.0,0.0,1,26,0.0,0.0,1,26,0.0,0.0,1,26,0.0,0.0,1,26,0.0,0.0,1,26,0.0,0.0,1,26,-0.0,-0.0,1,26,4.0,10.8093,20,0,1.443,0.5,4,0,tesla_modal,0.7215,0.0,4,0,tesla_modal,0.0,0.0
02JY9G08C0JV,2845,142.3,1,tesla,tesla,building,9.0,19.0,executioner,5.72,executioner,2,0.0,0.0,26,0.0,0.0,3,24,0.0,0.0,1,26,0.9902,0.5,9,0,0.0,0.0,1,26,0.0,0.0,1,26,0.0,0.0,1,26,0.0,0.0,1,26,1.0,1.0,1,26,0.0,0.0,1,26,0.0,0.0,1,26,0.8402,0.0,2,0,0.0,0.0,1,26,3.0066,10.2604,22,0,1.9902,1.5,9,0,tesla_modal,0.0,0.0,3,24,tesla_modal,1.0,1.0,0.73,0.0,3,0,0.0,0.0,1,26,0.9902,0.5,9,0,0.0,0.0,1,26,0.0,0.0,1,26,0.0,0.0,1,26,0.0,0.0,1,26,1.0,1.0,1,26,0.0,0.0,1,26,0.0,0.0,1,26,0.9436,0.0,3,0,0.0,0.0,1,26,3.0066,10.2604,22,0,2.7202,1.5,2,0,tesla_modal,0.7265,0.0,3,0,tesla_modal,1.0,1.0
02JY9G08C0JV,3045,152.3,1,x-bow,x_bow,building,8.5,22.5,executioner,4.3,executioner,7,0.0,0.0,26,0.0,0.0,3,24,0.0,0.0,1,26,0.5,0.5,1,16,0.0,0.0,1,26,0.0,0.0,1,26,0.0,0.0,1,26,0.0,0.0,1,26,0.8027,0.8027,1,26,0.0,1.0,9,18,0.0,0.0,1,26,0.3997,0.0,4,0,0.0,0.0,1,26,3.0308,11.0929,16,0,1.3027,2.3027,9,12,g9_18,0.0,1.0,9,18,corner,0.8027,0.8027,0.7421,0.0,6,0,0.0,0.0,1,26,0.5,0.5,1,16,0.0,0.0,1,26,0.0,0.0,1,26,0.0,0.0,1,26,0.0,0.0,1,26,1.0,1.0,1,26,0.0,1.0,9,18,0.0,0.0,1,26,1.0,0.0,1,8,0.0,0.0,1,26,3.0308,11.0929,16,0,2.2421,2.5,10,0,g9_18,0.5566,1.0,10,0,corner,1.0,1.0
02JY9G08C0JV,3338,166.9,1,tesla,tesla,building,9.0,20.0,pekka,6.99,pekka,1,0.0,0.0,26,0.7396,0.0,5,1,-0.0,-0.0,1,25,0.5,0.5,1,16,0.0,0.0,1,26,0.0,0.0,1,26,0.0,0.0,1,26,0.0,0.0,1,26,0.0,0.0,1,26,0.0,0.0,1,26,0.0,0.0,1,26,0.0,0.0,5,22,-0.0,-0.0,1,26,5.5208,11.7577,21,1,1.2396,0.5,1,0,g9_18,0.5547,0.0,2,0,g9_18,0.0,0.0,0.9271,0.0,5,1,-0.0,-0.0,1,25,0.5,0.5,1,16,0.0,0.0,1,26,0.0,0.0,1,26,0.0,0.0,1,26,0.0,0.0,1,26,0.0,0.0,1,26,0.0,0.0,1,26,0.0,0.0,1,26,0.0,0.0,5,22,-0.0,-0.0,1,26,5.5208,11.7577,21,1,1.4271,0.5,1,0,g9_18,0.6953,0.0,1,0,g9_18,0.0,0.0
02JY9G08YCQG,1124,56.2,1,tesla,tesla,building,11.0,18.0,,0.0,,0,0.0,0.0,26,0.0,0.0,1,26,0.0,0.0,1,26,0.5,0.5,9,17,0.0,0.0,1,26,0.0,0.0,1,26,0.0,0.0,1,26,0.0,0.0,1,26,0.0,0.0,1,26,0.0,0.0,1,26,0.0,0.0,1,26,0.0,0.0,1,26,0.0,0.0,1,26,0.0,0.0,1,26,0.5,0.5,9,17,centre,0.0,0.0,1,26,corner,0.0,0.0,0.0,0.0,1,26,0.0,0.0,1,26,0.5,0.5,9,17,0.0,0.0,1,26,0.0,0.0,1,26,0.0,0.0,1,26,0.0,0.0,1,26,0.0,0.0,1,26,0.0,0.0,1,26,0.0,0.0,1,26,0.0,0.0,1,26,0.0,0.0,1,26,0.0,0.0,1,26,0.5,0.5,9,17,centre,0.0,0.0,1,26,corner,0.0,0.0
02JY9G08YCQG,1161,58.1,1,x-bow,x_bow,building,13.5,19.5,,0.0,,0,0.0,0.0,26,0.0,0.0,1,26,0.0,0.0,1,26,0.5,0.5,11,16,0.0,0.0,1,26,0.0,0.0,1,26,0.0,0.0,1,26,0.0,0.0,1,26,0.0,0.0,1,26,0.9616,1.0,9,0,0.0,0.0,1,26,0.0,0.0,1,26,0.0,0.0,1,26,0.0,0.0,1,26,1.4616,1.5,9,0,g9_18,0.9616,1.0,9,0,corner,0.0,0.0,0.0,0.0,1,26,0.0,0.0,1,26,0.5,0.5,11,16,0.0,0.0,1,26,0.0,0.0,1,26,0.0,0.0,1,26,0.0,0.0,1,26,0.0,0.0,1,26,0.9616,1.0,9,0,0.0,0.0,1,26,0.0,0.0,1,26,0.0,0.0,1,26,0.0,0.0,1,26,1.4616,1.5,9,0,g9_18,0.9616,1.0,9,0,corner,0.0,0.0
02JY9G08YCQG,2217,110.9,1,tesla,tesla,building,9.0,19.0,musketeer,12.85,musketeer,1,0.0,0.0,26,0.0,0.0,1,26,0.0,0.0,1,26,0.9902,0.5,9,0,0.0,0.0,1,26,0.0,0.0,1,26,0.0,0.0,1,26,0.0,0.0,1,26,1.0,1.0,1,26,0.0,0.0,1,26,0.0,0.0,1,26,0.0,0.0,1,26,0.0,0.0,1,26,10.4014,14.9136,23,0,1.9902,1.5,9,0,centre,0.0,0.0,1,26,corner,1.0,1.0,0.0,0.0,1,26,0.0,0.0,1,26,0.9902,0.5,9,0,0.0,0.0,1,26,0.0,0.0,1,26,0.0,0.0,1,26,0.0,0.0,1,26,1.0,1.0,1,26,0.0,0.0,1,26,0.0,0.0,1,26,0.0,0.0,1,26,0.0,0.0,1,26,10.4014,14.9136,23,0,1.9902,1.5,9,0,centre,0.0,0.0,1,26,corner,1.0,1.0
02JY9G08YCQG,2266,113.3,0,x-bow,x_bow,building,15.5,19.5,knight,11.37,knight,2,0.0,0.0,26,0.0,0.0,2,25,-0.0,-0.0,1,23,0.5,0.5,11,16,0.0,0.0,1,26,0.0,0.0,1,26,0.0,0.0,1,26,0.0,0.0,1,26,0.0,0.0,1,26,0.9616,1.0,8,0,0.0,0.0,1,26,0.0,0.0,2,25,-0.0,-0.0,1,24,11.2733,4.6048,4,0,1.4616,1.5,8,0,corner,0.9616,1.0,8,0,corner,0.0,0.0,0.0,0.0,2,25,-0.0,-0.0,1,23,0.5,0.5,11,16,0.0,0.0,1,26,0.0,0.0,1,26,0.0,0.0,1,26,0.0,0.0,1,26,0.0,0.0,1,26,0.9616,1.0,9,0,0.0,0.0,1,26,0.0,0.0,2,25,-0.0,-0.0,1,24,11.2733,4.6048,4,0,1.4616,1.5,9,0,g9_18,0.9616,1.0,9,0,corner,0.0,0.0
02JY9G08YCQG,2661,133.1,0,x-bow,x_bow,building,2.5,19.5,ice_wizard,11.17,ice_wizard,1,0.0,0.0,26,0.0,0.0,2,25,0.0,0.0,1,26,0.5,0.5,11,16,0.0,0.0,1,26,0.0,0.0,1,26,0.0,0.0,1,26,0.0,0.0,1,26,0.0,0.0,1,26,0.9616,1.0,8,0,0.0,0.0,1,26,0.0,0.0,5,22,0.0,0.0,1,26,9.2444,10.2404,11,0,1.4616,1.5,8,0,corner,0.9616,1.0,8,0,corner,0.0,0.0,0.0,0.0,4,23,0.0,0.0,1,26,0.5,0.5,11,16,0.0,0.0,1,26,0.0,0.0,1,26,0.0,0.0,1,26,0.0,0.0,1,26,0.0,0.0,1,26,0.9616,1.0,9,0,0.0,0.0,1,26,0.0,0.0,7,20,0.0,0.0,1,26,9.2444,10.2404,11,0,1.4616,1.5,10,0,knight_cell,0.9616,1.0,9,0,corner,0.0,0.0
02JY9G08YCQG,2687,134.4,1,x-bow,x_bow,building,15.5,19.5,valkyrie,3.78,valkyrie,3,0.0,0.0,26,1.0,0.0,1,8,-0.0,-0.0,1,20,0.0,0.5,19,8,0.0,0.0,1,26,0.0,0.0,1,26,0.0,0.0,1,26,0.0,0.0,1,26,1.0,1.0,1,26,0.0,1.0,5,22,0.0,0.0,1,26,1.0,0.0,1,9,-0.0,-0.0,1,23,3.6792,12.0014,16,0,2.0,2.5,9,4,corner,0.5,1.0,9,4,corner,1.0,1.0,1.0,0.0,1,8,-0.0,-0.0,1,20,0.0,0.5,19,8,0.0,0.0,1,26,0.0,0.0,1,26,0.0,0.0,1,26,0.0,0.0,1,26,1.0,1.0,1,26,0.9616,1.0,9,0,0.0,0.0,1,26,1.0,0.0,1,9,-0.0,-0.0,1,23,3.6792,12.0014,16,0,2.9616,2.5,4,0,bow_modal_R,1.0,1.0,1,8,corner,1.0,1.0
02JY9G08YCQG,2832,141.6,1,tesla,tesla,building,13.0,18.0,valkyrie,1.48,valkyrie,2,0.0,0.0,26,0.0,0.0,13,14,-1.0,-0.0,27,0,0.0,0.5,18,9,0.0,0.0,1,26,0.0,0.0,1,26,0.0,0.0,1,26,0.0,0.0,1,26,1.0,1.0,1,26,0.0,0.0,1,26,0.0,0.0,1,26,0.6398,0.0,11,0,-0.3274,-0.0,25,0,0.0,10.6411,27,0,0.0,1.5,27,0,tesla_modal,-0.3,0.0,26,1,tesla_modal,1.0,1.0,0.0,0.0,13,14,-1.0,-0.0,27,0,0.0,0.5,18,9,0.0,0.0,1,26,0.0,0.0,1,26,0.0,0.0,1,26,0.0,0.0,1,26,1.0,1.0,1,26,0.0,0.0,1,26,0.0,0.0,1,26,0.6565,0.0,11,0,-0.3171,-0.0,25,0,0.0,10.6411,27,0,0.0,1.5,27,0,tesla_modal,-0.3,0.0,26,1,tesla_modal,1.0,1.0
02JY9G08YCQG,3025,151.3,0,x-bow,x_bow,building,15.5,19.5,,0.0,,0,0.0,0.0,26,0.0,0.0,1,26,0.0,0.0,1,26,0.5,0.5,11,16,0.0,0.0,1,26,0.0,0.0,1,26,0.0,0.0,1,26,0.0,0.0,1,26,0.0,0.0,1,26,0.9616,0.0,5,0,0.0,0.0,1,26,0.0,0.0,1,26,0.0,0.0,1,26,0.0,0.0,1,26,1.4616,0.5,5,0,g9_18,0.9616,0.0,5,0,bow_modal_R,0.0,0.0,0.0,0.0,1,26,0.0,0.0,1,26,0.5,0.5,11,16,0.0,0.0,1,26,0.0,0.0,1,26,0.0,0.0,1,26,0.0,0.0,1,26,0.0,0.0,1,26,0.9616,0.0,5,0,0.0,0.0,1,26,0.0,0.0,1,26,0.0,0.0,1,26,0.0,0.0,1,26,1.4616,0.5,5,0,g9_18,0.9616,0.0,5,0,bow_modal_R,0.0,0.0
02JY9G08YCQG,3468,173.4,0,x-bow,x_bow,building,9.5,22.5,knight,19.08,knight,1,0.0,0.0,26,0.0,0.6,8,19,-0.0,-0.3636,1,19,1.0,0.5,1,8,0.0,0.0,1,26,0.0,0.0,1,26,0.0,0.0,1,26,0.0,0.0,1,26,0.0,0.0,1,26,0.0,0.0,5,22,0.0,0.0,1,26,0.0,0.0,1,26,-0.0,-0.0,1,26,5.4,1.4,13,0,1.0,0.7364,7,6,g9_18,0.0,0.15,9,13,tesla_modal,0.0,0.0,0.0,0.6167,8,19,-0.0,-0.3538,1,19,1.0,0.5,1,8,0.0,0.0,1,26,0.0,0.0,1,26,0.0,0.0,1,26,0.0,0.0,1,26,0.0,0.0,1,26,0.0,0.0,5,22,0.0,0.0,1,26,0.0,0.0,1,26,-0.0,-0.0,1,26,5.4,1.4,13,0,1.0,0.7628,7,6,g9_18,0.0,0.1625,9,13,tesla_modal,0.0,0.0
02JY9G090029,374,18.7,1,tesla,tesla,building,2.0,18.0,goblin_gang,3.38,goblin_gang,6,0.0,0.0,26,1.0,1.0,1,9,-0.0,-0.0,1,25,0.5,0.5,9,17,0.0,0.0,1,26,0.0,0.0,1,26,0.0,0.0,1,26,0.0,0.0,1,26,1.0,1.0,1,26,0.0,0.0,1,26,0.0,0.0,1,26,1.0,1.0,1,10,-0.0,-0.0,1,26,3.3823,3.8282,22,0,2.5,2.5,4,6,centre,0.75,0.75,4,6,centre,1.0,1.0,0.9179,1.0,6,0,0.0,0.0,1,26,0.5,0.5,9,17,0.0,0.0,1,26,0.0,0.0,1,26,0.0,0.0,1,26,0.0,0.0,1,26,1.0,1.0,1,26,0.0,0.0,1,26,0.0,0.0,1,26,0.9179,1.0,7,0,0.0,0.0,1,26,3.3823,3.8282,22,0,2.4179,2.5,7,0,centre,0.6884,0.75,6,0,centre,1.0,1.0
02JY9G090029,757,37.9,1,x-bow,x_bow,building,8.5,22.5,princess,10.9,princess,4,0.0,0.0,26,0.0,0.0,1,26,0.0,0.0,1,26,1.0,0.5,1,8,0.0,0.0,1,26,0.0,0.0,1,26,0.0,0.0,1,26,0.0,0.0,1,26,0.1785,0.1785,1,26,0.0,1.0,9,18,0.0,0.0,1,26,0.0,0.0,5,22,0.0,0.0,1,26,5.4,12.4,12,1,1.1785,1.6785,9,8,g9_18,0.0,1.0,9,18,corner,0.1785,0.1785,0.0,0.0,4,23,0.0,0.0,1,26,1.0,0.5,1,8,0.0,0.0,1,26,0.0,0.0,1,26,0.0,0.0,1,26,0.0,0.0,1,26,0.1785,0.1785,1,26,0.0,1.0,9,18,0.0,0.0,1,26,0.0,0.0,4,23,0.0,0.0,1,26,5.4,12.4,12,1,1.1785,1.6785,11,6,g9_18,0.0,1.0,11,16,corner,0.1785,0.1785
02JY9G090029,1776,88.8,1,x-bow,x_bow,building,8.5,23.5,princess,14.61,princess,2,0.0,0.0,26,0.0,0.0,1,26,0.0,0.0,1,26,1.0,0.5,1,8,0.0,0.0,1,26,0.0,0.0,1,26,0.0,0.0,1,26,0.0,0.0,1,26,0.0,0.0,1,26,0.0,1.0,9,18,0.0,0.0,1,26,0.0,0.6512,5,22,0.0,0.0,1,26,4.4,1.4,18,1,1.0,1.5,9,8,g9_18,0.0,1.0,9,18,corner,0.0,0.0,0.0,0.0,4,23,0.0,0.0,1,26,1.0,0.5,1,8,0.0,0.0,1,26,0.0,0.0,1,26,0.0,0.0,1,26,0.0,0.0,1,26,0.0,0.0,1,26,0.0,1.0,9,18,0.0,0.0,1,26,0.0,0.0,1,26,0.0,0.0,1,26,4.4,1.4,18,1,1.0,1.5,11,6,g9_18,0.0,1.0,11,16,corner,0.0,0.0
02JY9G090029,2484,124.2,1,tesla,tesla,building,9.0,18.0,goblin_gang,3.22,goblin_gang,6,0.0,0.0,26,1.0,1.0,1,10,-0.0,-0.0,1,21,0.2332,0.0,18,1,0.0,0.0,1,26,0.0,0.0,1,26,0.0,0.0,1,26,0.0,0.0,1,26,1.0,1.0,1,26,0.0,0.0,1,26,0.0,0.0,1,26,1.0,1.0,1,9,-0.0,-0.0,1,25,3.2243,3.6361,14,1,2.2332,2.0,5,1,tesla_modal,0.6166,0.5,5,1,tesla_modal,1.0,1.0,0.8389,1.0,5,1,0.0,0.0,1,26,0.2332,0.0,18,1,0.0,0.0,1,26,0.0,0.0,1,26,0.0,0.0,1,26,0.0,0.0,1,26,1.0,1.0,1,26,0.0,0.0,1,26,0.0,0.0,1,26,0.8389,1.0,7,1,0.0,0.0,1,26,3.2243,3.6361,14,1,2.072,2.0,2,1,knight_cell,0.5172,0.5,2,1,knight_cell,1.0,1.0
02JY9G090029,2603,130.2,1,x-bow,x_bow,building,9.5,22.5,princess,18.86,princess,2,0.0,0.0,26,0.0,0.0,1,26,0.0,0.0,1,26,0.5,0.0,1,17,0.0,0.0,1,26,0.0,0.0,1,26,0.0,0.0,1,26,0.0,0.0,1,26,0.0,0.0,1,26,0.0,1.0,9,18,0.0,0.0,1,26,0.0,0.0,1,26,0.0,0.0,1,26,4.4,12.4,18,0,0.5,1.0,9,14,bow_modal_R,0.0,1.0,9,18,corner,0.0,0.0,0.5292,0.0,4,0,0.0,0.0,1,26,0.5,0.0,1,17,0.0,0.0,1,26,0.0,0.0,1,26,0.0,0.0,1,26,0.0,0.0,1,26,0.0,0.0,1,26,0.0,1.0,9,18,0.0,0.0,1,26,0.0,0.0,1,26,0.0,0.0,1,26,4.4,12.4,18,0,1.0292,1.0,7,0,g9_18,0.3969,1.0,11,0,corner,0.0,0.0
02JY9G090029,2944,147.2,1,tesla,tesla,building,6.0,18.0,princess,7.26,princess,2,0.0,0.0,26,0.0,0.0,1,26,0.0,0.0,1,26,0.0,0.0,19,8,0.0,0.0,1,26,0.0,0.0,1,26,0.0,0.0,1,26,0.0,0.0,1,26,0.6664,0.6664,1,26,0.0,0.0,1,26,0.0,0.0,1,26,0.0,0.0,2,25,0.0,0.0,1,26,0.5704,1.2298,26,0,0.6664,0.6664,19,8,centre,0.0,0.0,1,26,corner,0.6664,0.6664,0.0,0.0,5,22,0.0,0.0,1,26,0.0,0.0,19,8,0.0,0.0,1,26,0.0,0.0,1,26,0.0,0.0,1,26,0.0,0.0,1,26,0.6664,0.6664,1,26,0.0,0.0,1,26,0.0,0.0,1,26,0.0,0.0,6,21,0.0,0.0,1,26,0.5704,1.2298,26,0,0.6664,0.6664,19,8,g15_22,0.0,0.0,5,22,g15_22,0.6664,0.6664
02JY9G090029,3036,151.8,1,x-bow,x_bow,building,3.5,19.5,goblin_gang,11.11,goblin_gang,6,0.0,0.0,26,0.6319,1.0,12,0,-0.4908,-0.0,23,0,0.0,0.0,19,8,0.0,0.0,1,26,0.0,0.0,1,26,0.0,0.0,1,26,0.0,0.0,1,26,0.2754,0.2754,1,26,1.0,1.0,1,8,0.0,0.0,1,26,0.0,0.0,1,26,-0.0,-0.0,1,26,0.7637,2.216,23,0,1.4164,2.2754,12,0,g9_18,0.7,1.0,12,1,corner,0.2754,0.2754,0.0,0.3347,12,15,0.0,0.0,1,26,0.0,0.0,19,8,0.0,0.0,1,26,0.0,0.0,1,26,0.0,0.0,1,26,0.0,0.0,1,26,0.2754,0.2754,1,26,1.0,1.0,1,8,0.0,0.0,1,26,0.0,0.0,1,26,0.0,0.0,1,26,0.7637,2.216,23,0,1.2754,1.6101,9,2,g9_18,1.0,1.0,1,8,corner,0.2754,0.2754
02JY9G090029,3539,177.0,1,tesla,tesla,building,10.0,18.0,princess,5.02,princess,2,0.0,0.0,26,0.0,0.0,6,21,0.0,0.0,1,26,0.4179,0.0,18,0,0.0,0.0,1,26,0.0,0.0,1,26,0.0,0.0,1,26,0.0,0.0,1,26,1.0,1.0,1,26,0.0,0.0,1,26,0.0,0.0,1,26,0.4861,0.0,2,0,0.0,0.0,1,26,4.7402,3.1075,22,0,1.4179,1.0,18,0,g15_22,0.0,0.0,6,21,g15_22,1.0,1.0,0.6992,0.0,1,0,0.0,0.0,1,26,0.4179,0.0,18,0,0.0,0.0,1,26,0.0,0.0,1,26,0.0,0.0,1,26,0.0,0.0,1,26,1.0,1.0,1,26,0.0,0.0,1,26,0.0,0.0,1,26,0.0,0.0,2,25,0.0,0.0,1,26,4.7402,3.1075,22,0,2.1171,1.0,1,0,tesla_modal,0.4957,0.0,1,0,g9_18,1.0,1.0
02JY9G8LJPJV,862,43.1,1,tesla,tesla,building,9.0,22.0,baby_dragon,4.29,baby_dragon,3,0.0,0.0,26,0.6222,0.0,1,1,0.0,0.0,1,26,1.0,0.5,1,8,0.0,0.0,1,26,0.0,0.0,1,26,0.0,0.0,1,26,0.0,0.0,1,26,1.0,1.0,1,26,0.0,0.0,1,26,0.0,0.0,1,26,0.8943,0.0,2,1,0.0,0.0,1,26,3.7444,10.4171,17,1,2.6222,1.5,1,1,g9_22,0.6222,0.0,1,1,g9_22,1.0,1.0,0.9097,0.0,1,1,0.0,0.0,1,26,1.0,0.5,1,8,0.0,0.0,1,26,0.0,0.0,1,26,0.0,0.0,1,26,0.0,0.0,1,26,1.0,1.0,1,26,0.0,0.0,1,26,0.0,0.0,1,26,1.0,0.0,1,2,0.0,0.0,1,26,3.7444,10.4171,17,1,2.9097,1.5,1,1,g9_22,0.9097,0.0,1,1,g9_22,1.0,1.0
02JY9G8LJPJV,1845,92.3,1,tesla,tesla,building,9.0,19.0,baby_dragon,2.77,baby_dragon,2,0.0,0.0,26,0.0,0.0,4,23,0.0,0.0,1,26,0.9902,0.5,9,0,0.0,0.0,1,26,0.0,0.0,1,26,0.0,0.0,1,26,0.0,0.0,1,26,1.0,1.0,1,26,0.0,0.0,1,26,0.0,0.0,1,26,0.1331,0.0,9,0,0.0,0.0,1,26,2.2947,9.3941,21,0,1.9902,1.5,10,0,corner_R,0.0,0.0,4,23,corner_R,1.0,1.0,0.1848,0.0,6,0,0.0,0.0,1,26,0.9902,0.5,9,0,0.0,0.0,1,26,0.0,0.0,1,26,0.0,0.0,1,26,0.0,0.0,1,26,1.0,1.0,1,26,0.0,0.0,1,26,0.0,0.0,1,26,0.4206,0.0,9,0,0.0,0.0,1,26,2.2947,9.3941,21,0,2.175,1.5,3,0,corner_R,0.1839,0.0,4,0,corner_R,1.0,1.0
02JY9G8LJPJV,2308,115.4,1,x-bow,x_bow,building,2.5,19.5,pekka,20.16,pekka,1,0.0,0.0,26,0.0,0.0,7,20,-0.0,-0.0,1,19,0.5,0.5,11,16,0.0,0.0,1,26,0.0,0.0,1,26,0.0,0.0,1,26,0.0,0.0,1,26,0.0,0.0,1,26,0.9616,1.0,9,0,0.0,0.0,1,26,0.0,0.0,1,26,-0.0,-0.0,1,26,11.4,12.4,5,0,1.4616,1.5,10,0,g9_18,0.9616,1.0,8,0,corner,0.0,0.0,0.0,0.0,7,20,-0.0,-0.0,1,19,0.5,0.5,11,16,0.0,0.0,1,26,0.0,0.0,1,26,0.0,0.0,1,26,0.0,0.0,1,26,0.0,0.0,1,26,0.9616,1.0,9,0,0.0,0.0,1,26,0.0,0.0,1,26,-0.0,-0.0,1,26,11.4,12.4,5,0,1.4616,1.5,10,0,g9_18,0.9616,1.0,8,0,corner,0.0,0.0
02JY9G8LJPJV,2476,123.8,1,tesla,tesla,building,5.0,18.0,battle_ram,3.97,battle_ram,3,0.0,0.0,26,0.9959,0.6181,4,0,-0.0055,-0.5092,23,0,0.5,0.5,9,17,0.0,0.0,1,26,0.0,0.0,1,26,0.0,0.0,1,26,0.0,0.0,1,26,0.0,0.0,1,26,0.0,0.0,1,26,0.0,0.0,1,26,1.0,0.8851,1,2,-0.0,-0.0,1,26,1.4917,0.7362,23,0,1.4903,0.609,5,0,tesla_modal,0.7414,0.1636,3,0,lane,0.0,0.0,0.0676,0.0,6,0,0.0,0.0,1,26,0.5,0.5,9,17,0.0,0.0,1,26,0.0,0.0,1,26,0.0,0.0,1,26,0.0,0.0,1,26,0.0,0.0,1,26,0.0,0.0,1,26,0.0,0.0,1,26,1.0,1.0,1,5,0.0,0.0,1,26,1.4917,0.7362,23,0,0.5676,0.5,12,0,tesla_modal,0.0507,0.0,6,0,tesla_modal,0.0,0.0
02JY9G8LJPJV,2942,147.1,1,tesla,tesla,building,9.0,18.0,baby_dragon,4.86,baby_dragon,2,0.0,0.0,26,0.0,0.0,3,24,0.0,0.0,1,26,0.4663,0.5,26,1,0.0,0.0,1,26,0.0,0.0,1,26,0.0,0.0,1,26,0.0,0.0,1,26,1.0,1.0,1,26,0.0,0.0,1,26,0.0,0.0,1,26,0.0,0.0,4,23,0.0,0.0,1,26,4.8607,11.8321,14,1,1.4663,1.5,26,1,centre,0.0,0.0,3,24,corner_R,1.0,1.0,0.0,0.0,3,24,0.0,0.0,1,26,0.4663,0.5,26,1,0.0,0.0,1,26,0.0,0.0,1,26,0.0,0.0,1,26,0.0,0.0,1,26,1.0,1.0,1,26,0.0,0.0,1,26,0.0,0.0,1,26,0.0,0.0,4,23,0.0,0.0,1,26,4.8607,11.8321,14,1,1.4663,1.5,26,1,corner_R,0.0,0.0,3,24,corner_R,1.0,1.0
02JY9G8LJPJV,3481,174.1,1,tesla,tesla,building,9.0,21.0,battle_ram,7.19,battle_ram,4,0.0,0.0,26,1.0,0.0,1,1,-0.0,-0.0,1,20,1.0,0.5,1,8,0.0,0.0,1,26,0.0,0.0,1,26,0.0,0.0,1,26,0.0,0.0,1,26,1.0,1.0,1,26,0.0,0.0,1,26,0.0,0.0,1,26,0.0293,0.0,7,1,-0.0,-0.0,1,25,5.3371,13.0106,14,1,3.0,1.5,1,1,tesla_modal,1.0,0.0,1,1,tesla_modal,1.0,1.0,1.0,0.0,1,2,0.0,0.0,1,26,1.0,0.5,1,8,0.0,0.0,1,26,0.0,0.0,1,26,0.0,0.0,1,26,0.0,0.0,1,26,1.0,1.0,1,26,0.0,0.0,1,26,0.0,0.0,1,26,0.8697,0.0,4,1,0.0,0.0,1,26,5.3371,13.0106,14,1,3.0,1.5,1,1,tesla_modal,1.0,0.0,1,1,tesla_modal,1.0,1.0
02JY9G8LJPJV,3815,190.8,1,tesla,tesla,building,11.0,18.0,golden_knight,5.24,golden_knight,2,0.0,0.0,26,0.0,0.0,6,21,-0.0,-0.0,1,23,0.5,0.5,9,17,0.0,0.0,1,26,0.0,0.0,1,26,0.0,0.0,1,26,0.0,0.0,1,26,1.0,1.0,1,26,0.0,0.0,1,26,0.0,0.0,1,26,0.0,0.0,6,21,-0.0,-0.0,1,23,5.5445,14.7365,20,0,1.5,1.5,14,12,lane_R,0.0,0.0,6,21,lane_R,1.0,1.0,0.0,0.0,3,24,0.0,0.0,1,26,0.5,0.5,9,17,0.0,0.0,1,26,0.0,0.0,1,26,0.0,0.0,1,26,0.0,0.0,1,26,1.0,1.0,1,26,0.0,0.0,1,26,0.0,0.0,1,26,0.0,0.0,4,23,0.0,0.0,1,26,5.5445,14.7365,20,0,1.5,1.5,11,15,lane_R,0.0,0.0,3,24,lane_R,1.0,1.0
02JY9G99CGPC,213,10.7,1,x-bow,x_bow,building,13.5,19.5,lava_hound,17.11,lava_hound,1,0.0,0.0,26,0.0,0.0,4,23,0.0,0.0,1,26,0.5,0.5,11,16,0.0,0.0,1,26,0.0,0.0,1,26,0.0,0.0,1,26,0.0,0.0,1,26,0.0,0.0,1,26,0.9616,1.0,9,0,0.0,0.0,1,26,0.0,0.0,1,26,0.0,0.0,1,26,1.0765,13.1124,21,0,1.4616,1.5,11,0,g9_18,0.9616,1.0,11,0,corner,0.0,0.0,0.0,0.0,5,22,0.0,0.0,1,26,0.5,0.5,11,16,0.0,0.0,1,26,0.0,0.0,1,26,0.0,0.0,1,26,0.0,0.0,1,26,0.0,0.0,1,26,0.9616,1.0,9,0,0.0,0.0,1,26,0.0,0.0,1,26,0.0,0.0,1,26,1.0765,13.1124,21,0,1.4616,1.5,11,0,g9_18,0.9616,1.0,11,0,corner,0.0,0.0
02JY9G99CGPC,596,29.8,1,tesla,tesla,building,11.0,24.0,lava_hound,8.95,lava_hound,1,0.0,0.0,26,0.0,0.0,5,22,0.0,0.0,1,26,1.0,0.5,1,8,0.0,0.0,1,26,0.0,0.0,1,26,0.0,0.0,1,26,0.0,0.0,1,26,0.3883,0.3883,1,26,0.0,0.0,1,26,0.0,0.0,1,26,0.0,0.0,7,20,0.0,0.0,1,26,4.6478,11.5416,18,1,1.3883,0.8883,5,5,g9_22,0.0,0.0,5,22,g9_22,0.3883,0.3883,0.0,0.0,7,20,0.0,0.0,1,26,1.0,0.5,1,8,0.0,0.0,1,26,0.0,0.0,1,26,0.0,0.0,1,26,0.0,0.0,1,26,0.3883,0.3883,1,26,0.0,0.0,1,26,0.0,0.0,1,26,0.0,0.0,10,17,0.0,0.0,1,26,4.6478,11.5416,18,1,1.3883,0.8883,6,5,tesla_modal,0.0,0.0,7,20,tesla_modal,0.3883,0.3883
02JY9G99CGPC,1668,83.4,1,x-bow,x_bow,building,4.5,19.5,lava_hound,11.82,lava_hound,1,0.0,0.0,26,0.0,0.0,4,23,0.0,0.0,1,26,0.5,0.5,11,16,0.0,0.0,1,26,0.0,0.0,1,26,0.0,0.0,1,26,0.0,0.0,1,26,0.0,0.0,1,26,0.9616,1.0,9,0,0.0,0.0,1,26,0.0,0.0,1,26,0.0,0.0,1,26,1.2947,0.3199,20,0,1.4616,1.5,11,0,g9_18,0.9616,1.0,11,0,corner,0.0,0.0,0.0,0.0,4,23,0.0,0.0,1,26,0.5,0.5,11,16,0.0,0.0,1,26,0.0,0.0,1,26,0.0,0.0,1,26,0.0,0.0,1,26,0.0,0.0,1,26,0.9616,1.0,9,0,0.0,0.0,1,26,0.0,0.0,1,26,0.0,0.0,1,26,1.2947,0.3199,20,0,1.4616,1.5,11,0,g9_18,0.9616,1.0,11,0,corner,0.0,0.0
02JY9G99CGPC,1746,87.3,1,tesla,tesla,building,7.0,18.0,lava_hound,8.86,lava_hound,1,0.0,0.0,26,0.0,0.0,4,23,0.0,0.0,1,26,0.5,0.5,9,17,0.0,0.0,1,26,0.0,0.0,1,26,0.0,0.0,1,26,0.0,0.0,1,26,0.0,0.0,1,26,0.0,0.0,1,26,0.0,0.0,1,26,0.0,0.0,2,25,0.0,0.0,1,26,2.3336,2.0652,22,0,0.5,0.5,10,17,g9_22,0.0,0.0,4,23,g9_22,0.0,0.0,0.4886,0.3544,5,0,0.0,0.0,1,26,0.5,0.5,9,17,0.0,0.0,1,26,0.0,0.0,1,26,0.0,0.0,1,26,0.0,0.0,1,26,0.0,0.0,1,26,0.0,0.0,1,26,0.0,0.0,1,26,0.0336,0.6288,5,0,0.0,0.0,1,26,2.3336,2.0652,22,0,0.9886,0.8544,11,0,tesla_modal,0.3664,0.2658,5,0,tesla_modal,0.0,0.0
02JY9G99CGPC,2641,132.1,1,x-bow,x_bow,building,15.5,19.5,lava_hound,16.36,lava_hound,7,0.0,0.0,26,0.0,0.0,4,23,0.0,0.0,1,26,0.5,0.0,1,17,0.0,0.0,1,26,0.0,0.0,1,26,0.0,0.0,1,26,0.0,0.0,1,26,0.0,0.0,1,26,0.9616,1.0,9,0,0.0,0.0,1,26,0.0,0.0,1,26,0.0,0.0,1,26,0.0,13.1124,24,3,1.4616,1.0,7,0,g9_18,0.9616,1.0,9,0,corner,0.0,0.0,0.0,0.0,5,22,0.0,0.0,1,26,0.5,0.0,1,17,0.0,0.0,1,26,0.0,0.0,1,26,0.0,0.0,1,26,0.0,0.0,1,26,0.0,0.0,1,26,0.9616,1.0,9,0,0.0,0.0,1,26,0.0,0.0,1,26,0.0,0.0,1,26,0.0,13.1124,24,3,1.4616,1.0,7,0,g9_18,0.9616,1.0,9,0,corner,0.0,0.0
02JY9G99CGPC,2892,144.6,1,tesla,tesla,building,12.0,21.0,inferno_dragon,4.75,inferno_dragon,5,0.0,0.0,26,0.0,0.584,14,13,0.0,0.0,1,26,0.5,0.0,1,17,0.0,0.0,1,26,0.0,0.0,1,26,0.0,0.0,1,26,0.0,0.0,1,26,1.0,1.0,1,26,0.0,0.0,1,26,0.0,0.0,1,26,1.0,0.584,1,1,0.0,0.0,1,26,0.3854,6.332,25,0,1.5,1.584,13,10,skel_cell,0.0,0.292,14,13,skel_cell,1.0,1.0,0.0,0.5996,17,10,0.0,0.0,1,26,0.5,0.0,1,17,0.0,0.0,1,26,0.0,0.0,1,26,0.0,0.0,1,26,0.0,0.0,1,26,1.0,1.0,1,26,0.0,0.0,1,26,0.0,0.0,1,26,1.0,0.5996,1,3,0.0,0.0,1,26,0.3854,6.332,25,0,1.5,1.5996,17,7,centre,0.0,0.2998,17,10,centre,1.0,1.0
02JY9G99CGPC,3284,164.2,1,tesla,tesla,building,12.0,25.0,lava_hound,4.15,lava_hound,4,0.0,0.0,26,0.0,0.0,6,21,0.0,0.0,1,26,0.5,0.0,1,17,0.0,0.0,1,26,0.0,0.0,1,26,0.0,0.0,1,26,0.0,0.0,1,26,1.0,1.0,1,26,0.0,0.0,1,26,0.0,0.0,1,26,0.949,0.0,3,0,0.0,0.0,1,26,0.7164,7.5415,23,0,1.5,1.0,5,14,g9_26,0.0,0.0,6,21,lane,1.0,1.0,0.0,0.0,8,19,0.0,0.0,1,26,0.5,0.0,1,17,0.0,0.0,1,26,0.0,0.0,1,26,0.0,0.0,1,26,0.0,0.0,1,26,1.0,1.0,1,26,0.0,0.0,1,26,0.0,0.0,1,26,1.0,0.0,1,5,0.0,0.0,1,26,0.7164,7.5415,23,0,1.5,1.0,8,12,g9_26,0.0,0.0,8,19,g9_26,1.0,1.0
02JY9G99LY0L,686,34.3,1,tesla,tesla,building,9.0,20.0,dark_prince,16.14,dark_prince,1,0.0,0.0,26,1.0,0.0,1,3,-0.0,-0.0,1,20,1.0,0.5,1,8,0.0,0.0,1,26,0.0,0.0,1,26,0.0,0.0,1,26,0.0,0.0,1,26,0.0,0.0,1,26,0.0,0.0,1,26,0.0,0.0,1,26,0.0,0.0,1,26,-0.0,-0.0,1,26,5.0,12.5,14,3,2.0,0.5,1,2,tesla_modal,1.0,0.0,1,2,tesla_modal,0.0,0.0,0.8292,0.0,1,3,0.0,0.0,1,26,1.0,0.5,1,8,0.0,0.0,1,26,0.0,0.0,1,26,0.0,0.0,1,26,0.0,0.0,1,26,0.0,0.0,1,26,0.0,0.0,1,26,0.0,0.0,1,26,0.0,0.0,1,26,0.0,0.0,1,26,5.0,12.5,14,3,1.8292,0.5,1,2,tesla_modal,0.8292,0.0,1,2,tesla_modal,0.0,0.0
02JY9G99LY0L,2197,109.9,1,tesla,tesla,building,1.0,19.0,dark_prince,3.88,dark_prince,2,0.0,0.0,26,0.7854,0.4361,4,0,-0.1951,-0.5126,23,0,0.0,0.0,19,8,0.0,0.0,1,26,0.0,0.0,1,26,0.0,0.0,1,26,0.0,0.0,1,26,0.8183,0.8183,1,26,0.0,0.0,1,26,0.0,0.0,1,26,1.0,1.0,1,5,-0.0,-0.0,1,26,1.7708,1.0723,23,0,1.4087,0.7419,6,0,g9_18,0.1976,-0.0819,5,0,g9_18,0.8183,0.8183,0.0,0.0,6,21,0.0,0.0,1,26,0.0,0.0,19,8,0.0,0.0,1,26,0.0,0.0,1,26,0.0,0.0,1,26,0.0,0.0,1,26,0.8183,0.8183,1,26,0.0,0.0,1,26,0.0,0.0,1,26,0.418,0.0662,4,0,0.0,0.0,1,26,1.7708,1.0723,23,0,0.8183,0.8183,21,6,tesla_modal,0.0,0.0,6,21,tesla_modal,0.8183,0.8183
02JY9G99LY0L,2573,128.7,1,x-bow,x_bow,building,15.5,19.5,ram_rider,11.47,ram_rider,2,0.0,0.0,26,0.0,1.0,14,13,-0.0,-0.0,1,19,0.5,0.0,1,17,0.0,0.0,1,26,0.0,0.0,1,26,0.0,0.0,1,26,0.0,0.0,1,26,1.0,1.0,1,26,0.9616,1.0,9,0,0.0,0.0,1,26,0.0,1.0,14,13,-0.0,-0.0,1,22,9.9066,1.8093,3,0,2.4616,3.0,12,0,g9_18,0.9616,1.0,7,0,corner,1.0,1.0,0.0,0.2264,10,17,0.0,0.0,1,26,0.5,0.0,1,17,0.0,0.0,1,26,0.0,0.0,1,26,0.0,0.0,1,26,0.0,0.0,1,26,1.0,1.0,1,26,0.9616,1.0,9,0,0.0,0.0,1,26,0.0,0.2264,12,15,0.0,0.0,1,26,9.9066,1.8093,3,0,2.4616,2.2264,6,0,g9_18,0.9616,1.0,9,0,corner,1.0,1.0
02JY9G99LY0L,2752,137.6,1,tesla,tesla,building,10.0,18.0,pekka,5.74,pekka,2,0.0,0.0,26,1.0,0.0,1,3,-0.0,-0.0,1,20,0.4179,0.0,18,0,0.0,0.0,1,26,0.0,0.0,1,26,0.0,0.0,1,26,0.0,0.0,1,26,0.0,0.0,1,26,0.0,0.0,1,26,0.0,0.0,1,26,0.0,0.0,5,22,-0.0,-0.0,1,26,4.0,12.5,20,0,1.4179,0.0,3,0,tesla_modal,0.7089,0.0,3,0,tesla_modal,0.0,0.0,1.0,0.0,1,3,-0.0,-0.0,1,20,0.4179,0.0,18,0,0.0,0.0,1,26,0.0,0.0,1,26,0.0,0.0,1,26,0.0,0.0,1,26,0.0,0.0,1,26,0.0,0.0,1,26,0.0,0.0,1,26,0.1378,0.0,5,0,-0.0,-0.0,1,26,4.0,12.5,20,0,1.4179,0.0,3,0,tesla_modal,0.7089,0.0,3,0,tesla_modal,0.0,0.0
02JY9G99LY0L,3017,150.9,1,x-bow,x_bow,building,13.5,19.5,dark_prince,12.26,dark_prince,2,0.0,0.0,26,0.0,0.854,9,18,-0.0,-0.1327,1,23,0.5,0.0,1,17,0.0,0.0,1,26,0.0,0.0,1,26,0.0,0.0,1,26,0.0,0.0,1,26,0.0,0.0,1,26,0.9616,1.0,9,0,0.0,0.0,1,26,0.0,0.9717,6,21,-0.0,-0.0,1,26,9.9948,1.908,15,0,1.4616,1.7213,7,0,g9_18,0.9616,0.8673,6,0,bow_modal_L,0.0,0.0,0.0,0.0,6,21,0.0,0.0,1,26,0.5,0.0,1,17,0.0,0.0,1,26,0.0,0.0,1,26,0.0,0.0,1,26,0.0,0.0,1,26,0.0,0.0,1,26,0.9616,1.0,9,0,0.0,0.0,1,26,0.0,1.0,6,21,0.0,0.0,1,26,9.9948,1.908,15,0,1.4616,1.0,5,0,g9_18,0.9616,1.0,9,0,corner,0.0,0.0
02JY9G99LY0L,3226,161.3,1,tesla,tesla,building,16.0,18.0,pekka,6.34,pekka,1,0.0,0.0,26,0.783,0.0,6,0,-0.1972,-0.0,26,0,0.5,0.0,1,17,0.0,0.0,1,26,0.0,0.0,1,26,0.0,0.0,1,26,0.0,0.0,1,26,0.0,0.0,1,26,0.0,0.0,1,26,0.0,0.0,1,26,0.0375,0.0,2,0,-0.0,-0.0,1,26,1.7661,12.5954,26,0,1.0858,0.0,6,0,corner_R,0.3901,0.0,6,0,corner_R,0.0,0.0,0.7997,0.0,6,0,-0.1849,-0.0,26,0,0.5,0.0,1,17,0.0,0.0,1,26,0.0,0.0,1,26,0.0,0.0,1,26,0.0,0.0,1,26,0.0,0.0,1,26,0.0,0.0,1,26,0.0,0.0,1,26,0.225,0.0,2,0,-0.0,-0.0,1,26,1.7661,12.5954,26,0,1.1148,0.0,6,0,bow_modal_R,0.4149,0.0,6,0,bow_modal_R,0.0,0.0
02JY9G99RPRU,577,28.9,1,tesla,tesla,building,9.0,21.0,mighty_miner,7.43,mighty_miner,7,0.0,0.0,26,0.419,1.0,8,1,-0.0,-0.0,1,25,1.0,0.5,1,8,0.0,0.0,1,26,0.0,0.0,1,26,0.0,0.0,1,26,0.0,0.0,1,26,1.0,1.0,1,26,0.0,0.0,1,26,0.0,0.0,1,26,0.0,1.0,8,19,-0.0,-0.0,1,26,6.6619,3.2667,19,1,2.419,2.5,6,1,corner,0.419,0.75,7,1,corner,1.0,1.0,0.5232,0.8611,7,1,0.0,0.0,1,26,1.0,0.5,1,8,0.0,0.0,1,26,0.0,0.0,1,26,0.0,0.0,1,26,0.0,0.0,1,26,1.0,1.0,1,26,0.0,0.0,1,26,0.0,0.0,1,26,0.0,1.0,8,19,0.0,0.0,1,26,6.6619,3.2667,19,1,2.5232,2.3611,1,1,tesla_modal,0.5232,0.6458,6,1,lane,1.0,1.0
02JY9G99RPRU,1265,63.3,1,tesla,tesla,building,9.0,18.0,goblin_gang,4.27,goblin_gang,6,0.0,0.0,26,1.0,0.0,1,5,-0.0,-0.0,1,21,0.4663,0.5,26,1,0.0,0.0,1,26,0.0,0.0,1,26,0.0,0.0,1,26,0.0,0.0,1,26,1.0,1.0,1,26,0.0,0.0,1,26,0.0,0.0,1,26,1.0,0.0,1,6,-0.0,-0.0,1,26,4.1744,11.6852,18,1,2.4663,1.5,5,1,tesla_modal,0.7332,0.0,5,1,tesla_modal,1.0,1.0,1.0,0.0,1,3,0.0,0.0,1,26,0.4663,0.5,26,1,0.0,0.0,1,26,0.0,0.0,1,26,0.0,0.0,1,26,0.0,0.0,1,26,1.0,1.0,1,26,0.0,0.0,1,26,0.0,0.0,1,26,1.0,0.0,1,2,0.0,0.0,1,26,4.1744,11.6852,18,1,2.4663,1.5,3,1,tesla_modal,0.7332,0.0,3,1,tesla_modal,1.0,1.0
02JY9G99RPRU,1574,78.7,1,x-bow,x_bow,building,9.5,23.5,mighty_miner,15.84,mighty_miner,1,0.0,0.0,26,0.0,0.0,6,21,-0.0,-0.0,1,19,1.0,0.5,1,8,0.0,0.0,1,26,0.0,0.0,1,26,0.0,0.0,1,26,0.0,0.0,1,26,0.0,0.0,1,26,0.0,1.0,9,18,0.0,0.0,1,26,0.0,0.0,1,26,-0.0,-0.0,1,26,4.4,12.4,18,0,1.0,1.5,10,5,g9_18,0.0,1.0,12,12,corner,0.0,0.0,0.0,0.0,5,22,0.0,0.0,1,26,1.0,0.5,1,8,0.0,0.0,1,26,0.0,0.0,1,26,0.0,0.0,1,26,0.0,0.0,1,26,0.0,0.0,1,26,0.0,1.0,9,18,0.0,0.0,1,26,0.0,0.0,1,26,0.0,0.0,1,26,4.4,12.4,18,0,1.0,1.5,12,5,g9_18,0.0,1.0,12,15,corner,0.0,0.0
02JY9G99RPRU,2713,135.7,1,x-bow,x_bow,building,15.5,19.5,mighty_miner,19.24,mighty_miner,1,0.0,0.0,26,0.0,0.0,6,21,-0.8462,-0.0,22,1,0.5,0.5,11,16,0.0,0.0,1,26,0.0,0.0,1,26,0.0,0.0,1,26,0.0,0.0,1,26,0.0,0.0,1,26,0.9616,1.0,9,0,0.0,0.0,1,26,0.0,0.0,1,26,-0.0,-0.0,1,26,0.4,12.4,22,1,0.6154,1.5,15,0,g9_18,0.6616,1.0,11,0,corner,0.0,0.0,0.0,0.0,5,22,0.0,0.0,1,26,0.5,0.5,11,16,0.0,0.0,1,26,0.0,0.0,1,26,0.0,0.0,1,26,0.0,0.0,1,26,0.0,0.0,1,26,0.9616,1.0,9,0,0.0,0.0,1,26,0.0,0.0,1,26,0.0,0.0,1,26,0.4,12.4,22,1,1.4616,1.5,11,0,g9_18,0.9616,1.0,11,0,corner,0.0,0.0
02JY9G99RPRU,2925,146.3,1,tesla,tesla,building,10.0,18.0,royal_recruits,4.69,royal_recruits,5,0.0,0.0,26,0.0,1.0,9,18,-0.0,-0.0,1,21,0.443,0.5,27,0,0.0,0.0,1,26,0.0,0.0,1,26,0.0,0.0,1,26,0.0,0.0,1,26,1.0,1.0,1,26,0.0,0.0,1,26,0.0,0.0,1,26,0.0,1.0,10,17,-0.0,-0.0,1,23,4.6867,3.1933,15,0,1.443,2.5,24,0,tesla_modal,0.0,0.75,8,16,tesla_modal,1.0,1.0,0.0,0.8244,8,19,0.0,0.0,1,26,0.443,0.5,27,0,0.0,0.0,1,26,0.0,0.0,1,26,0.0,0.0,1,26,0.0,0.0,1,26,1.0,1.0,1,26,0.0,0.0,1,26,0.0,0.0,1,26,0.0,0.8244,9,18,0.0,0.0,1,26,4.6867,3.1933,15,0,1.443,2.3244,27,0,tesla_modal,0.0,0.6183,8,19,tesla_modal,1.0,1.0
02JY9G99RPRU,3147,157.4,1,x-bow,x_bow,building,13.5,19.5,goblin_gang,0.04,goblin_gang,5,0.0,0.0,26,0.25,0.0,6,1,-1.0,-0.0,26,1,0.5,0.5,11,16,0.0,0.0,1,26,0.0,0.0,1,26,0.0,0.0,1,26,0.0,0.0,1,26,0.0,0.0,1,26,0.9616,1.0,9,0,0.0,0.0,1,26,0.25,0.0,7,0,-1.0,-0.0,27,0,0.0,11.0141,26,1,0.7116,1.5,18,0,corner_R,0.7,1.0,10,1,corner,0.0,0.0,0.0,0.0,4,23,0.0,0.0,1,26,0.5,0.5,11,16,0.0,0.0,1,26,0.0,0.0,1,26,0.0,0.0,1,26,0.0,0.0,1,26,0.0,0.0,1,26,0.9616,1.0,9,0,0.0,0.0,1,26,0.0,0.0,4,23,0.0,0.0,1,26,0.0,11.0141,26,1,1.4616,1.5,10,0,corner_R,0.9616,1.0,9,0,corner,0.0,0.0
02JY9G99RPRU,3531,176.6,1,tesla,tesla,building,8.0,21.0,mighty_miner,15.87,mighty_miner,4,0.0,0.0,26,1.0,0.45,1,3,-0.0,-0.4231,1,19,1.0,0.5,1,8,0.0,0.0,1,26,0.0,0.0,1,26,0.0,0.0,1,26,0.0,0.0,1,26,0.0,0.0,1,26,0.0,0.0,1,26,0.0,0.0,1,26,0.0,0.0,1,26,-0.0,-0.0,1,26,4.0,1.5,20,0,2.0,0.5269,1,2,tesla_modal,1.0,0.0375,1,2,tesla_modal,0.0,0.0,1.0,0.0,1,3,0.0,0.0,1,26,1.0,0.5,1,8,0.0,0.0,1,26,0.0,0.0,1,26,0.0,0.0,1,26,0.0,0.0,1,26,0.0,0.0,1,26,0.0,0.0,1,26,0.0,0.0,1,26,0.0,0.0,1,26,0.0,0.0,1,26,4.0,1.5,20,0,2.0,0.5,1,2,tesla_modal,1.0,0.0,1,2,tesla_modal,0.0,0.0
02JY9G99RPRU,4312,215.6,1,tesla,tesla,building,8.0,18.0,royal_recruits,4.04,royal_recruits,10,0.0,0.0,26,1.0,0.0,1,3,-0.0,-0.0,1,20,0.443,0.5,27,0,0.0,0.0,1,26,0.0,0.0,1,26,0.0,0.0,1,26,0.0,0.0,1,26,1.0,1.0,1,26,0.0,0.0,1,26,0.0,0.0,1,26,1.0,0.0,1,6,-0.0,-0.0,1,23,3.1765,8.7732,18,0,2.443,1.5,4,0,knight_cell,0.7215,0.0,4,0,knight_cell,1.0,1.0,0.816,0.0,3,0,0.0,0.0,1,26,0.443,0.5,27,0,0.0,0.0,1,26,0.0,0.0,1,26,0.0,0.0,1,26,0.0,0.0,1,26,1.0,1.0,1,26,0.0,0.0,1,26,0.0,0.0,1,26,1.0,0.0,1,3,0.0,0.0,1,26,3.1765,8.7732,18,0,2.259,1.5,4,0,knight_cell,0.5888,0.0,4,0,knight_cell,1.0,1.0
02JY9G99RPRU,4755,237.8,1,x-bow,x_bow,building,15.5,19.5,royal_recruits,8.62,royal_recruits,7,0.0,0.0,26,0.0,0.0,6,21,-0.8462,-0.0,22,1,0.5,0.5,11,16,0.0,0.0,1,26,0.0,0.0,1,26,0.0,0.0,1,26,0.0,0.0,1,26,0.0,0.0,1,26,0.9616,1.0,9,0,0.0,0.0,1,26,0.0,0.0,2,25,-0.0,-0.0,1,26,0.4,12.4,22,1,0.6154,1.5,15,0,g9_18,0.6616,1.0,11,0,corner,0.0,0.0,0.0,0.0,5,22,0.0,0.0,1,26,0.5,0.5,11,16,0.0,0.0,1,26,0.0,0.0,1,26,0.0,0.0,1,26,0.0,0.0,1,26,0.0,0.0,1,26,0.9616,1.0,9,0,0.0,0.0,1,26,0.0,0.0,2,25,0.0,0.0,1,26,0.4,12.4,22,1,1.4616,1.5,11,0,g9_18,0.9616,1.0,11,0,corner,0.0,0.0
02JY9G99RPRU,4901,245.1,1,tesla,tesla,building,2.0,20.0,skeleton_barrel,0.03,skeleton_barrel,11,0.0,0.0,26,0.325,0.6171,5,2,-1.0,-0.5672,25,2,0.5,0.5,9,17,0.0,0.0,1,26,0.0,0.0,1,26,0.0,0.0,1,26,0.0,0.0,1,26,1.0,1.0,1,26,0.0,0.0,1,26,0.0,0.0,1,26,0.3418,0.6171,6,0,-0.975,-0.5672,26,0,0.0,0.5842,25,2,0.825,1.5499,24,2,lane,-0.0563,0.1628,24,2,lane,1.0,1.0,0.0,0.0,2,25,0.0,0.0,1,26,0.5,0.5,9,17,0.0,0.0,1,26,0.0,0.0,1,26,0.0,0.0,1,26,0.0,0.0,1,26,1.0,1.0,1,26,0.0,0.0,1,26,0.0,0.0,1,26,0.0,0.0,3,24,0.0,0.0,1,26,0.0,0.5842,25,2,1.5,1.5,10,16,centre,0.0,0.0,2,25,lane,1.0,1.0
02JY9G9PP92L,502,25.1,1,tesla,tesla,building,8.0,22.0,royal_hogs,7.09,royal_hogs,7,0.0,0.0,26,1.0,0.4333,1,1,-0.0,-0.6667,1,19,1.0,0.5,1,8,0.0,0.0,1,26,0.0,0.0,1,26,0.0,0.0,1,26,0.0,0.0,1,26,1.0,1.0,1,26,0.0,0.0,1,26,0.0,0.0,1,26,1.0,0.8588,1,4,-0.0,-0.1661,1,23,4.4194,0.5665,19,0,3.0,1.2665,1,0,g9_18,1.0,0.025,1,0,g9_18,1.0,1.0,1.0,0.0,1,1,0.0,0.0,1,26,1.0,0.5,1,8,0.0,0.0,1,26,0.0,0.0,1,26,0.0,0.0,1,26,0.0,0.0,1,26,1.0,1.0,1,26,0.0,0.0,1,26,0.0,0.0,1,26,0.9939,0.0306,4,0,0.0,0.0,1,26,4.4194,0.5665,19,0,3.0,1.5,1,0,g9_18,1.0,0.0,1,0,g9_18,1.0,1.0
02JY9G9PP92L,1492,74.6,1,x-bow,x_bow,building,14.5,19.5,,0.0,,0,0.0,0.0,26,0.0,0.0,1,26,0.0,0.0,1,26,0.5,0.5,11,16,0.0,0.0,1,26,0.0,0.0,1,26,0.0,0.0,1,26,0.0,0.0,1,26,0.0,0.0,1,26,1.0,1.0,1,8,0.0,0.0,1,26,0.0,0.0,1,26,0.0,0.0,1,26,0.0,0.0,1,26,1.5,1.5,2,7,g9_18,1.0,1.0,1,8,corner,0.0,0.0,0.0,0.0,1,26,0.0,0.0,1,26,0.5,0.5,11,16,0.0,0.0,1,26,0.0,0.0,1,26,0.0,0.0,1,26,0.0,0.0,1,26,0.0,0.0,1,26,1.0,1.0,1,8,0.0,0.0,1,26,0.0,0.0,1,26,0.0,0.0,1,26,0.0,0.0,1,26,1.5,1.5,2,7,g9_18,1.0,1.0,1,8,corner,0.0,0.0
02JY9G9PP92L,2315,115.8,1,tesla,tesla,building,9.0,21.0,goblinstein,13.37,goblinstein,2,0.0,0.0,26,1.0,0.65,1,3,-0.0,-0.3182,1,19,1.0,0.5,1,8,0.0,0.0,1,26,0.0,0.0,1,26,0.0,0.0,1,26,0.0,0.0,1,26,0.0,0.0,1,26,0.0,0.0,1,26,0.0,0.0,1,26,0.0,0.0,1,26,-0.0,-0.0,1,26,5.0,1.5,15,3,2.0,0.8318,1,2,tesla_modal,1.0,0.1875,1,2,tesla_modal,0.0,0.0,1.0,0.8361,1,3,-0.0,-0.1793,1,19,1.0,0.5,1,8,0.0,0.0,1,26,0.0,0.0,1,26,0.0,0.0,1,26,0.0,0.0,1,26,0.0,0.0,1,26,0.0,0.0,1,26,0.0,0.0,1,26,0.0,0.0,1,26,-0.0,-0.0,1,26,5.0,1.5,15,3,2.0,1.1568,1,2,tesla_modal,1.0,0.4478,1,2,tesla_modal,0.0,0.0
02JY9G9PP92L,2696,134.8,1,tesla,tesla,building,9.0,18.0,goblinstein,4.21,goblinstein,6,0.0,0.0,26,0.0,0.0,3,24,0.0,0.0,1,26,0.4663,0.5,26,1,0.0,0.0,1,26,0.0,0.0,1,26,0.0,0.0,1,26,0.0,0.0,1,26,1.0,1.0,1,26,0.0,0.0,1,26,0.0,0.0,1,26,0.0,0.0,4,23,0.0,0.0,1,26,4.4518,1.8297,20,1,1.4663,1.5,26,1,g9_22,0.0,0.0,3,24,g9_22,1.0,1.0,1.0,1.0,1,5,-0.0,-0.0,1,22,0.4663,0.5,26,1,0.0,0.0,1,26,0.0,0.0,1,26,0.0,0.0,1,26,0.0,0.0,1,26,1.0,1.0,1,26,0.0,0.0,1,26,0.0,0.0,1,26,1.0,1.0,1,7,-0.0,-0.0,1,25,4.4518,1.8297,20,1,2.4663,2.5,5,1,tesla_modal,0.7332,0.75,5,1,tesla_modal,1.0,1.0
02JY9G9PP92L,3181,159.1,1,tesla,tesla,building,9.0,19.0,archers,4.33,archers,4,0.0,0.0,26,0.1641,0.0,4,0,0.0,0.0,1,26,0.9902,0.5,9,0,0.0,0.0,1,26,0.0,0.0,1,26,0.0,0.0,1,26,0.0,0.0,1,26,1.0,1.0,1,26,0.0,0.0,1,26,0.0,0.0,1,26,0.1641,0.0,4,0,0.0,0.0,1,26,4.3282,11.2726,21,0,2.1543,1.5,4,0,tesla_modal,0.1633,0.0,4,0,tesla_modal,1.0,1.0,1.0,0.0,1,3,0.0,0.0,1,26,0.9902,0.5,9,0,0.0,0.0,1,26,0.0,0.0,1,26,0.0,0.0,1,26,0.0,0.0,1,26,1.0,1.0,1,26,0.0,0.0,1,26,0.0,0.0,1,26,1.0,0.0,1,4,0.0,0.0,1,26,4.3282,11.2726,21,0,2.9902,1.5,2,0,tesla_modal,0.9951,0.0,2,0,tesla_modal,1.0,1.0
02JY9G9PP92L,3593,179.7,1,tesla,tesla,building,9.0,19.0,goblinstein,7.94,goblinstein,2,0.0,0.0,26,1.0,0.0,1,3,-0.0,-0.0,1,20,0.9902,0.5,9,0,0.0,0.0,1,26,0.0,0.0,1,26,0.0,0.0,1,26,0.0,0.0,1,26,0.0,0.0,1,26,0.0,0.0,1,26,0.0,0.0,1,26,0.0,0.0,1,26,-0.0,-0.0,1,26,5.0,10.9068,14,2,1.9902,0.5,3,0,tesla_modal,0.9951,0.0,3,0,tesla_modal,0.0,0.0,1.0,0.0,1,3,-0.0,-0.0,1,20,0.9902,0.5,9,0,0.0,0.0,1,26,0.0,0.0,1,26,0.0,0.0,1,26,0.0,0.0,1,26,0.0,0.0,1,26,0.0,0.0,1,26,0.0,0.0,1,26,0.0,0.0,1,26,-0.0,-0.0,1,26,5.0,10.9068,14,2,1.9902,0.5,3,0,tesla_modal,0.9951,0.0,3,0,tesla_modal,0.0,0.0
02JY9G9PP92L,4359,218.0,1,tesla,tesla,building,9.0,19.0,goblinstein,5.77,goblinstein,2,0.0,0.0,26,0.0,0.0,2,25,-0.0,-0.0,1,22,0.9902,0.5,9,0,0.0,0.0,1,26,0.0,0.0,1,26,0.0,0.0,1,26,0.0,0.0,1,26,1.0,1.0,1,26,0.0,0.0,1,26,0.0,0.0,1,26,0.0,0.0,2,25,-0.0,-0.0,1,24,6.0152,12.9971,12,0,1.9902,1.5,8,0,centre,0.0,0.0,1,22,corner,1.0,1.0,0.0,0.0,2,25,-0.0,-0.0,1,24,0.9902,0.5,9,0,0.0,0.0,1,26,0.0,0.0,1,26,0.0,0.0,1,26,0.0,0.0,1,26,1.0,1.0,1,26,0.0,0.0,1,26,0.0,0.0,1,26,0.0,0.0,2,25,-0.0,-0.0,1,25,6.0152,12.9971,12,0,1.9902,1.5,9,0,centre,0.0,0.0,1,24,corner,1.0,1.0
02JY9G9PP92L,4826,241.3,1,tesla,tesla,building,13.0,22.0,goblinstein,1.74,goblinstein,4,0.0,0.0,26,0.104,0.0,11,0,-0.8146,-0.0,26,0,0.5,0.5,9,17,0.0,0.0,1,26,0.0,0.0,1,26,0.0,0.0,1,26,0.0,0.0,1,26,1.0,1.0,1,26,0.0,0.0,1,26,0.0,0.0,1,26,0.8926,0.0,9,0,-0.0976,-0.0,25,0,0.4079,9.1369,26,0,0.7894,1.5,26,0,centre,-0.222,0.0,26,0,centre,1.0,1.0,0.2901,0.0,11,0,-0.7768,-0.0,26,0,0.5,0.5,9,17,0.0,0.0,1,26,0.0,0.0,1,26,0.0,0.0,1,26,0.0,0.0,1,26,1.0,1.0,1,26,0.0,0.0,1,26,0.0,0.0,1,26,1.0,0.0,1,8,-0.0,-0.0,1,24,0.4079,9.1369,26,0,1.0132,1.5,26,0,centre,-0.0825,0.0,26,0,centre,1.0,1.0
02JY9G9PP92L,5467,273.4,1,tesla,tesla,building,9.0,19.0,goblinstein,5.21,goblinstein,7,0.0,0.0,26,0.0,0.0,5,22,-0.0,-0.0,1,20,0.9902,0.5,9,0,0.0,0.0,1,26,0.0,0.0,1,26,0.0,0.0,1,26,0.0,0.0,1,26,1.0,1.0,1,26,0.0,0.0,1,26,0.0,0.0,1,26,0.0,0.0,6,21,-0.0,-0.0,1,21,5.4612,12.9568,14,0,1.9902,1.5,10,0,corner_R,0.0,0.0,3,20,corner_R,1.0,1.0,0.0,0.0,6,21,-0.0,-0.0,1,20,0.9902,0.5,9,0,0.0,0.0,1,26,0.0,0.0,1,26,0.0,0.0,1,26,0.0,0.0,1,26,1.0,1.0,1,26,0.0,0.0,1,26,0.0,0.0,1,26,0.0,0.0,6,21,-0.0,-0.0,1,21,5.4612,12.9568,14,0,1.9902,1.5,11,0,corner_R,0.0,0.0,4,20,corner_R,1.0,1.0
02JY9G9PP92L,5811,290.6,1,tesla,tesla,building,9.0,19.0,royal_hogs,6.35,royal_hogs,6,0.0,0.0,26,1.0,0.0,1,3,-0.0,-0.0,1,20,0.9902,0.5,9,0,0.0,0.0,1,26,0.0,0.0,1,26,0.0,0.0,1,26,0.0,0.0,1,26,1.0,1.0,1,26,0.0,0.0,1,26,0.0,0.0,1,26,1.0,0.0,1,8,-0.0,-0.0,1,26,5.0,12.5,14,3,2.9902,1.5,3,0,tesla_modal,0.9951,0.0,3,0,tesla_modal,1.0,1.0,1.0,0.0,1,3,0.0,0.0,1,26,0.9902,0.5,9,0,0.0,0.0,1,26,0.0,0.0,1,26,0.0,0.0,1,26,0.0,0.0,1,26,1.0,1.0,1,26,0.0,0.0,1,26,0.0,0.0,1,26,1.0,0.0,1,5,0.0,0.0,1,26,5.0,12.5,14,3,2.9902,1.5,3,0,tesla_modal,0.9951,0.0,3,0,tesla_modal,1.0,1.0
02JY9GL00Q0C,501,25.1,1,tesla,tesla,building,9.0,19.0,mighty_miner,9.86,mighty_miner,1,0.0,0.0,26,1.0,0.0,1,3,-0.0,-0.0,1,19,0.9902,0.5,9,0,0.0,0.0,1,26,0.0,0.0,1,26,0.0,0.0,1,26,0.0,0.0,1,26,0.0,0.0,1,26,0.0,0.0,1,26,0.0,0.0,1,26,0.0,0.0,1,26,-0.0,-0.0,1,26,5.0,12.5,14,3,1.9902,0.5,3,0,tesla_modal,0.9951,0.0,3,0,tesla_modal,0.0,0.0,1.0,0.0,1,3,0.0,0.0,1,26,0.9902,0.5,9,0,0.0,0.0,1,26,0.0,0.0,1,26,0.0,0.0,1,26,0.0,0.0,1,26,0.0,0.0,1,26,0.0,0.0,1,26,0.0,0.0,1,26,0.0,0.0,1,26,0.0,0.0,1,26,5.0,12.5,14,3,1.9902,0.5,3,0,tesla_modal,0.9951,0.0,3,0,tesla_modal,0.0,0.0
02JY9GL00Q0C,1294,64.7,1,tesla,tesla,building,9.0,21.0,mighty_miner,15.91,mighty_miner,1,0.0,0.0,26,1.0,0.0,1,3,-0.0,-0.0,1,19,1.0,0.5,1,8,0.0,0.0,1,26,0.0,0.0,1,26,0.0,0.0,1,26,0.0,0.0,1,26,0.0,0.0,1,26,0.0,0.0,1,26,0.0,0.0,1,26,0.0,0.0,1,26,-0.0,-0.0,1,26,5.0,12.5,14,3,2.0,0.5,1,2,tesla_modal,1.0,0.0,1,2,tesla_modal,0.0,0.0,1.0,0.0,1,3,0.0,0.0,1,26,1.0,0.5,1,8,0.0,0.0,1,26,0.0,0.0,1,26,0.0,0.0,1,26,0.0,0.0,1,26,0.0,0.0,1,26,0.0,0.0,1,26,0.0,0.0,1,26,0.0,0.0,1,26,0.0,0.0,1,26,5.0,12.5,14,3,2.0,0.5,1,2,tesla_modal,1.0,0.0,1,2,tesla_modal,0.0,0.0
02JY9GL00Q0C,1918,95.9,1,tesla,tesla,building,7.0,22.0,royal_recruits,0.0,royal_recruits,8,0.0,0.0,26,0.0,0.0,6,21,-1.0,-0.0,27,0,1.0,0.5,1,8,0.0,0.0,1,26,0.0,0.0,1,26,0.0,0.0,1,26,0.0,0.0,1,26,1.0,1.0,1,26,0.0,0.0,1,26,0.0,0.0,1,26,0.0,0.0,6,21,-1.0,-0.0,27,0,0.0,5.7516,27,0,1.0,1.5,26,0,skel_cell,-0.3,0.0,26,1,skel_cell,1.0,1.0,0.0,0.0,6,21,0.0,0.0,1,26,1.0,0.5,1,8,0.0,0.0,1,26,0.0,0.0,1,26,0.0,0.0,1,26,0.0,0.0,1,26,1.0,1.0,1,26,0.0,0.0,1,26,0.0,0.0,1,26,0.0,0.0,6,21,0.0,0.0,1,26,0.0,5.7516,27,0,2.0,1.5,5,4,skel_cell,0.0,0.0,6,21,skel_cell,1.0,1.0
02JY9GL00Q0C,2601,130.1,1,x-bow,x_bow,building,9.5,23.5,mighty_miner,7.39,mighty_miner,7,0.0,0.0,26,0.6622,1.0,10,0,-0.0,-0.0,1,24,1.0,0.5,1,8,0.0,0.0,1,26,0.0,0.0,1,26,0.0,0.0,1,26,0.0,0.0,1,26,0.0,0.0,1,26,0.0,1.0,9,18,0.0,0.0,1,26,0.1074,1.0,11,0,-0.0,-0.0,1,25,6.1756,4.1168,17,0,1.6622,2.5,8,0,corner,0.6622,1.0,14,0,corner,0.0,0.0,0.7664,1.0,9,0,0.0,0.0,1,26,1.0,0.5,1,8,0.0,0.0,1,26,0.0,0.0,1,26,0.0,0.0,1,26,0.0,0.0,1,26,0.0,0.0,1,26,0.0,1.0,9,18,0.0,0.0,1,26,0.2116,1.0,11,0,0.0,0.0,1,26,6.1756,4.1168,17,0,1.7664,2.5,8,0,corner,0.7664,1.0,12,0,corner,0.0,0.0
02JY9GL00Q0C,2822,141.1,1,tesla,tesla,building,9.0,21.0,royal_recruits,7.71,royal_recruits,7,0.0,0.0,26,1.0,0.0,1,3,-0.0,-0.0,1,19,1.0,0.5,1,8,0.0,0.0,1,26,0.0,0.0,1,26,0.0,0.0,1,26,0.0,0.0,1,26,0.0,0.0,1,26,0.0,0.0,1,26,0.0,0.0,1,26,0.0,0.0,5,22,-0.0,-0.0,1,26,5.0,12.0546,14,3,2.0,0.5,1,2,tesla_modal,1.0,0.0,1,2,tesla_modal,0.0,0.0,1.0,0.0,1,3,0.0,0.0,1,26,1.0,0.5,1,8,0.0,0.0,1,26,0.0,0.0,1,26,0.0,0.0,1,26,0.0,0.0,1,26,0.0,0.0,1,26,0.0,0.0,1,26,0.0,0.0,1,26,0.0,0.0,5,22,0.0,0.0,1,26,5.0,12.0546,14,3,2.0,0.5,1,2,tesla_modal,1.0,0.0,1,2,tesla_modal,0.0,0.0
02JY9GL00Q0C,3151,157.6,1,x-bow,x_bow,building,9.5,22.5,goblin_gang,20.58,goblin_gang,6,0.0,0.0,26,0.0,0.95,10,17,-0.0,-0.0667,1,19,1.0,0.5,1,8,0.0,0.0,1,26,0.0,0.0,1,26,0.0,0.0,1,26,0.0,0.0,1,26,0.0,0.0,1,26,0.0,1.0,9,18,0.0,0.0,1,26,0.0,0.0,1,26,-0.0,-0.0,1,26,5.4,1.4,13,0,1.0,2.3833,10,6,g9_18,0.0,0.9333,12,13,tesla_modal,0.0,0.0,0.0,0.0,4,23,0.0,0.0,1,26,1.0,0.5,1,8,0.0,0.0,1,26,0.0,0.0,1,26,0.0,0.0,1,26,0.0,0.0,1,26,0.0,0.0,1,26,0.0,1.0,9,18,0.0,0.0,1,26,0.0,0.0,1,26,0.0,0.0,1,26,5.4,1.4,13,0,1.0,1.5,11,6,g9_18,0.0,1.0,11,16,corner,0.0,0.0
02JY9GL00Q0C,3655,182.8,1,tesla,tesla,building,9.0,21.0,mighty_miner,9.19,mighty_miner,1,0.0,0.0,26,1.0,0.45,1,3,-0.0,-0.4231,1,19,1.0,0.5,1,8,0.0,0.0,1,26,0.0,0.0,1,26,0.0,0.0,1,26,0.0,0.0,1,26,0.0,0.0,1,26,0.0,0.0,1,26,0.0,0.0,1,26,0.0,0.0,3,24,-0.0,-0.0,1,26,5.0,1.5,15,3,2.0,0.5269,1,2,tesla_modal,1.0,0.0375,1,2,tesla_modal,0.0,0.0,1.0,0.0,1,3,0.0,0.0,1,26,1.0,0.5,1,8,0.0,0.0,1,26,0.0,0.0,1,26,0.0,0.0,1,26,0.0,0.0,1,26,0.0,0.0,1,26,0.0,0.0,1,26,0.0,0.0,1,26,0.0,0.0,3,24,0.0,0.0,1,26,5.0,1.5,15,3,2.0,0.5,1,2,tesla_modal,1.0,0.0,1,2,tesla_modal,0.0,0.0
02JY9GL00Q0C,4002,200.1,1,tesla,tesla,building,9.0,18.0,goblin_gang,6.8,goblin_gang,12,0.0,0.0,26,0.0,0.0,1,26,-0.0,-0.0,1,25,0.4663,0.5,26,1,0.0,0.0,1,26,0.0,0.0,1,26,0.0,0.0,1,26,0.0,0.0,1,26,1.0,1.0,1,26,0.0,0.0,1,26,0.0,0.0,1,26,0.0,0.0,1,26,-0.0,-0.0,1,26,6.8019,5.8184,11,1,1.4663,1.5,25,1,centre,0.0,0.0,1,25,corner,1.0,1.0,0.0,0.0,1,26,0.0,0.0,1,26,0.4663,0.5,26,1,0.0,0.0,1,26,0.0,0.0,1,26,0.0,0.0,1,26,0.0,0.0,1,26,1.0,1.0,1,26,0.0,0.0,1,26,0.0,0.0,1,26,0.0,0.0,1,26,0.0,0.0,1,26,6.8019,5.8184,11,1,1.4663,1.5,26,1,centre,0.0,0.0,1,26,corner,1.0,1.0
02JY9GL09YJJ,774,38.7,1,tesla,tesla,building,9.0,22.0,royal_ghost,4.7,royal_ghost,2,0.0,0.0,26,0.0,0.0,2,25,-0.0,-0.0,1,23,1.0,0.5,1,8,0.0,0.0,1,26,0.0,0.0,1,26,0.0,0.0,1,26,0.0,0.0,1,26,1.0,1.0,1,26,0.0,0.0,1,26,0.0,0.0,1,26,0.0,0.0,2,25,-0.0,-0.0,1,24,4.7962,4.3309,17,1,2.0,1.5,1,8,centre,0.0,0.0,1,23,corner,1.0,1.0,0.0,0.0,1,26,0.0,0.0,1,26,1.0,0.5,1,8,0.0,0.0,1,26,0.0,0.0,1,26,0.0,0.0,1,26,0.0,0.0,1,26,1.0,1.0,1,26,0.0,0.0,1,26,0.0,0.0,1,26,0.0,0.0,1,26,0.0,0.0,1,26,4.7962,4.3309,17,1,2.0,1.5,1,8,centre,0.0,0.0,1,26,corner,1.0,1.0
02JY9GL09YJJ,1682,84.1,1,tesla,tesla,building,9.0,20.0,dark_prince,1.25,dark_prince,3,0.0,0.0,26,0.5198,0.0,10,0,-0.4365,-0.0,25,0,1.0,0.5,1,8,0.0,0.0,1,26,0.0,0.0,1,26,0.0,0.0,1,26,0.0,0.0,1,26,1.0,1.0,1,26,0.0,0.0,1,26,0.0,0.0,1,26,0.5748,0.0,12,0,-0.3865,-0.0,27,0,1.2396,8.8605,25,0,2.0833,1.5,10,0,centre,0.2198,0.0,10,0,centre,1.0,1.0,0.0,0.0,5,22,0.0,0.0,1,26,1.0,0.5,1,8,0.0,0.0,1,26,0.0,0.0,1,26,0.0,0.0,1,26,0.0,0.0,1,26,1.0,1.0,1,26,0.0,0.0,1,26,0.0,0.0,1,26,0.0,0.0,8,19,0.0,0.0,1,26,1.2396,8.8605,25,0,2.0,1.5,2,8,corner_R,0.0,0.0,5,22,corner_R,1.0,1.0
02JY9GL09YJJ,2497,124.9,1,tesla,tesla,building,9.0,20.0,dark_prince,3.64,dark_prince,2,0.0,0.0,26,1.0,0.0,1,10,-0.0,-0.0,1,25,1.0,0.5,1,8,0.0,0.0,1,26,0.0,0.0,1,26,0.0,0.0,1,26,0.0,0.0,1,26,1.0,1.0,1,26,0.0,0.0,1,26,0.0,0.0,1,26,1.0,0.0,1,7,-0.0,-0.0,1,26,2.7368,9.8986,22,0,3.0,1.5,1,5,centre,1.0,0.0,1,5,centre,1.0,1.0,0.0,0.0,4,23,0.0,0.0,1,26,1.0,0.5,1,8,0.0,0.0,1,26,0.0,0.0,1,26,0.0,0.0,1,26,0.0,0.0,1,26,1.0,1.0,1,26,0.0,0.0,1,26,0.0,0.0,1,26,0.2006,0.0,8,0,0.0,0.0,1,26,2.7368,9.8986,22,0,2.0,1.5,3,6,centre,0.0,0.0,4,23,centre,1.0,1.0
02JY9GL09YJJ,2887,144.4,1,tesla,tesla,building,9.0,22.0,battle_ram,5.58,battle_ram,3,0.0,0.0,26,1.0,1.0,1,6,-0.0,-0.0,1,22,1.0,0.5,1,8,0.0,0.0,1,26,0.0,0.0,1,26,0.0,0.0,1,26,0.0,0.0,1,26,1.0,1.0,1,26,0.0,0.0,1,26,0.0,0.0,1,26,0.8338,1.0,8,1,-0.0,-0.0,1,25,4.5302,2.3419,15,1,3.0,2.5,1,2,tesla_modal,1.0,0.75,1,2,tesla_modal,1.0,1.0,1.0,0.4927,1,3,0.0,0.0,1,26,1.0,0.5,1,8,0.0,0.0,1,26,0.0,0.0,1,26,0.0,0.0,1,26,0.0,0.0,1,26,1.0,1.0,1,26,0.0,0.0,1,26,0.0,0.0,1,26,1.0,0.6325,1,4,0.0,0.0,1,26,4.5302,2.3419,15,1,3.0,1.9927,1,2,tesla_modal,1.0,0.3695,1,2,tesla_modal,1.0,1.0
02JY9GL09YJJ,3451,172.6,1,tesla,tesla,building,9.0,21.0,battle_ram,17.92,battle_ram,1,0.0,0.0,26,1.0,1.0,1,5,-0.0,-0.0,1,21,1.0,0.5,1,8,0.0,0.0,1,26,0.0,0.0,1,26,0.0,0.0,1,26,0.0,0.0,1,26,0.0,0.0,1,26,0.0,0.0,1,26,0.0,0.0,1,26,0.0,0.0,1,26,-0.0,-0.0,1,26,5.0,1.5,15,3,2.0,1.5,1,2,tesla_modal,1.0,0.75,1,2,tesla_modal,0.0,0.0,1.0,0.0718,1,3,0.0,0.0,1,26,1.0,0.5,1,8,0.0,0.0,1,26,0.0,0.0,1,26,0.0,0.0,1,26,0.0,0.0,1,26,0.0,0.0,1,26,0.0,0.0,1,26,0.0,0.0,1,26,0.0,0.0,1,26,0.0,0.0,1,26,5.0,1.5,15,3,2.0,0.5718,1,2,tesla_modal,1.0,0.0538,1,2,tesla_modal,0.0,0.0
02JY9GL09YJJ,3541,177.1,1,x-bow,x_bow,building,15.5,19.5,battle_ram,13.38,battle_ram,2,0.0,0.0,26,0.0,0.95,10,17,-0.0,-0.0667,1,19,0.5,0.5,11,16,0.0,0.0,1,26,0.0,0.0,1,26,0.0,0.0,1,26,0.0,0.0,1,26,0.0,0.0,1,26,0.9616,1.0,9,0,0.0,0.0,1,26,0.0,0.0,1,26,-0.0,-0.0,1,26,11.4,1.4,3,0,1.4616,2.3833,10,0,g9_18,0.9616,0.9333,7,0,tesla_modal,0.0,0.0,0.0,0.0218,6,21,0.0,0.0,1,26,0.5,0.5,11,16,0.0,0.0,1,26,0.0,0.0,1,26,0.0,0.0,1,26,0.0,0.0,1,26,0.0,0.0,1,26,0.9616,1.0,9,0,0.0,0.0,1,26,0.0,0.0576,4,23,0.0,0.0,1,26,11.4,1.4,3,0,1.4616,1.5218,11,0,g9_18,0.9616,1.0,11,0,corner,0.0,0.0
02JY9GL09YJJ,3986,199.3,1,tesla,tesla,building,9.0,19.0,pekka,4.32,pekka,3,0.0,0.0,26,1.0,0.9238,1,3,-0.0,-0.0693,1,19,0.9902,0.5,9,0,0.0,0.0,1,26,0.0,0.0,1,26,0.0,0.0,1,26,0.0,0.0,1,26,1.0,1.0,1,26,0.0,0.0,1,26,0.0,0.0,1,26,1.0,1.0,1,4,-0.0,-0.0,1,23,4.4685,2.0475,17,0,2.9902,2.3545,3,0,tesla_modal,0.9951,0.6235,3,0,tesla_modal,1.0,1.0,1.0,0.9404,1,3,-0.0,-0.055,1,19,0.9902,0.5,9,0,0.0,0.0,1,26,0.0,0.0,1,26,0.0,0.0,1,26,0.0,0.0,1,26,1.0,1.0,1,26,0.0,0.0,1,26,0.0,0.0,1,26,1.0,1.0,1,4,-0.0,-0.0,1,23,4.4685,2.0475,17,0,2.9902,2.3855,3,0,tesla_modal,0.9951,0.6504,3,0,tesla_modal,1.0,1.0
02JY9GL09YJJ,4301,215.1,1,x-bow,x_bow,building,10.5,23.5,barbarians,5.34,barbarians,3,0.0,0.0,26,0.0,0.0,3,24,-0.0,-0.0,1,23,1.0,0.5,1,8,0.0,0.0,1,26,0.0,0.0,1,26,0.0,0.0,1,26,0.0,0.0,1,26,0.0,0.0,1,26,0.0,1.0,9,18,0.0,0.0,1,26,0.0,0.0,3,24,-0.0,-0.0,1,24,5.2358,4.653,14,0,1.0,1.5,11,8,g9_18,0.0,1.0,11,15,corner,0.0,0.0,0.0,0.0,3,24,-0.0,-0.0,1,23,1.0,0.5,1,8,0.0,0.0,1,26,0.0,0.0,1,26,0.0,0.0,1,26,0.0,0.0,1,26,0.0,0.0,1,26,0.0,1.0,9,18,0.0,0.0,1,26,0.0,0.0,3,24,-0.0,-0.0,1,24,5.2358,4.653,14,0,1.0,1.5,10,8,g9_18,0.0,1.0,11,15,corner,0.0,0.0
02JY9GL09YJJ,4433,221.7,1,tesla,tesla,building,9.0,20.0,royal_ghost,10.28,royal_ghost,2,0.0,0.0,26,1.0,0.65,1,3,-0.0,-0.3182,1,19,1.0,0.5,1,8,0.0,0.0,1,26,0.0,0.0,1,26,0.0,0.0,1,26,0.0,0.0,1,26,0.0,0.0,1,26,0.0,0.0,1,26,0.0,0.0,1,26,0.0,0.0849,5,22,-0.0,-0.0,1,26,5.0,1.5,15,3,2.0,0.8318,1,2,tesla_modal,1.0,0.1875,1,2,tesla_modal,0.0,0.0,0.8292,0.0,1,3,0.0,0.0,1,26,1.0,0.5,1,8,0.0,0.0,1,26,0.0,0.0,1,26,0.0,0.0,1,26,0.0,0.0,1,26,0.0,0.0,1,26,0.0,0.0,1,26,0.0,0.0,1,26,0.0,0.2828,5,22,0.0,0.0,1,26,5.0,1.5,15,3,1.8292,0.5,1,2,tesla_modal,0.8292,0.0,1,2,tesla_modal,0.0,0.0
02JY9GL22CYR,256,12.8,1,tesla,tesla,building,10.0,21.0,hog_rider,6.89,hog_rider,1,0.0,0.0,26,1.0,0.0,1,1,-0.0,-0.0,1,20,1.0,0.5,1,8,0.0,0.0,1,26,0.0,0.0,1,26,0.0,0.0,1,26,0.0,0.0,1,26,1.0,1.0,1,26,0.0,0.0,1,26,0.0,0.0,1,26,1.0,0.0,1,4,-0.0,-0.0,1,24,4.7324,13.5425,18,0,3.0,1.5,1,0,g9_18,1.0,0.0,1,0,g9_18,1.0,1.0,1.0,0.0,1,1,0.0,0.0,1,26,1.0,0.5,1,8,0.0,0.0,1,26,0.0,0.0,1,26,0.0,0.0,1,26,0.0,0.0,1,26,1.0,1.0,1,26,0.0,0.0,1,26,0.0,0.0,1,26,1.0,0.0,1,3,0.0,0.0,1,26,4.7324,13.5425,18,0,3.0,1.5,1,0,g9_18,1.0,0.0,1,0,g9_18,1.0,1.0
02JY9GL22CYR,1088,54.4,1,x-bow,x_bow,building,2.5,19.5,executioner,10.81,executioner,2,0.0,0.0,26,0.0,0.0,3,24,0.0,0.0,1,26,0.5,0.5,11,16,0.0,0.0,1,26,0.0,0.0,1,26,0.0,0.0,1,26,0.0,0.0,1,26,0.0,0.0,1,26,0.9616,1.0,9,0,0.0,0.0,1,26,0.0,0.0,4,23,0.0,0.0,1,26,10.8133,11.8361,6,0,1.4616,1.5,10,0,g9_18,0.9616,1.0,9,0,corner,0.0,0.0,0.0,0.0,5,22,0.0,0.0,1,26,0.5,0.5,11,16,0.0,0.0,1,26,0.0,0.0,1,26,0.0,0.0,1,26,0.0,0.0,1,26,0.7973,0.7973,1,26,0.9616,1.0,9,0,0.0,0.0,1,26,0.0,0.0,6,21,0.0,0.0,1,26,10.8133,11.8361,6,0,2.2589,2.2973,10,0,g9_18,0.9616,1.0,10,0,corner,0.7973,0.7973
02JY9GL22CYR,1322,66.1,1,tesla,tesla,building,9.0,22.0,mighty_miner,9.15,mighty_miner,1,0.0,0.0,26,1.0,0.0,1,3,-0.0,-0.0,1,19,1.0,0.5,1,8,0.0,0.0,1,26,0.0,0.0,1,26,0.0,0.0,1,26,0.0,0.0,1,26,0.0,0.0,1,26,0.0,0.0,1,26,0.0,0.0,1,26,0.0,0.0,5,22,-0.0,-0.0,1,26,5.0,12.318,14,3,2.0,0.5,1,2,tesla_modal,1.0,0.0,1,2,tesla_modal,0.0,0.0,1.0,0.0,1,3,0.0,0.0,1,26,1.0,0.5,1,8,0.0,0.0,1,26,0.0,0.0,1,26,0.0,0.0,1,26,0.0,0.0,1,26,0.0,0.0,1,26,0.0,0.0,1,26,0.0,0.0,1,26,0.0,0.0,5,22,0.0,0.0,1,26,5.0,12.318,14,3,2.0,0.5,1,2,tesla_modal,1.0,0.0,1,2,tesla_modal,0.0,0.0
02JY9GL22CYR,2558,127.9,1,x-bow,x_bow,building,15.5,19.5,mighty_miner,3.83,mighty_miner,1,0.0,0.0,26,1.0,0.0,1,8,-0.0,-0.0,1,21,0.0,0.5,19,8,0.0,0.0,1,26,0.0,0.0,1,26,0.0,0.0,1,26,0.0,0.0,1,26,0.0,0.0,1,26,0.9616,1.0,9,0,0.0,0.0,1,26,1.0,0.0,1,10,-0.0,-0.0,1,23,3.7337,10.8701,18,0,1.9616,1.5,5,0,g9_18,1.0,1.0,1,8,corner,0.0,0.0,1.0,0.0,1,4,0.0,0.0,1,26,0.0,0.5,19,8,0.0,0.0,1,26,0.0,0.0,1,26,0.0,0.0,1,26,0.0,0.0,1,26,0.0,0.0,1,26,0.9616,1.0,9,0,0.0,0.0,1,26,1.0,0.0,1,6,0.0,0.0,1,26,3.7337,10.8701,18,0,1.9616,1.5,5,0,g9_18,1.0,1.0,1,8,corner,0.0,0.0
02JY9GL22CYR,3212,160.6,1,tesla,tesla,building,9.0,20.0,mighty_miner,6.47,mighty_miner,3,0.0,0.0,26,1.0,0.0,1,4,-0.0,-0.0,1,24,0.5,0.5,1,16,0.0,0.0,1,26,0.0,0.0,1,26,0.0,0.0,1,26,0.0,0.0,1,26,0.1714,0.1714,1,26,0.0,0.0,1,26,0.0,0.0,1,26,0.0,0.0,7,20,-0.0,-0.0,1,26,4.9644,11.6062,21,0,1.6714,0.6714,1,0,tesla_modal,0.75,0.0,1,0,tesla_modal,0.1714,0.1714,1.0,0.0,1,3,0.0,0.0,1,26,0.5,0.5,1,16,0.0,0.0,1,26,0.0,0.0,1,26,0.0,0.0,1,26,0.0,0.0,1,26,0.1714,0.1714,1,26,0.0,0.0,1,26,0.0,0.0,1,26,0.0,0.0,7,20,0.0,0.0,1,26,4.9644,11.6062,21,0,1.6714,0.6714,1,1,tesla_modal,0.75,0.0,1,1,tesla_modal,0.1714,0.1714
02JY9GL9VP9C,1451,72.6,1,tesla,tesla,building,9.0,21.0,sparky,2.68,sparky,2,0.0,0.0,26,0.0,0.0,2,25,0.0,0.0,1,26,0.5,0.5,1,16,0.0,0.0,1,26,0.0,0.0,1,26,0.0,0.0,1,26,0.0,0.0,1,26,1.0,1.0,1,26,0.0,0.0,1,26,0.0,0.0,1,26,0.0,0.0,2,25,0.0,0.0,1,26,3.1847,10.9901,16,1,1.5,1.5,1,16,corner,0.0,0.0,2,25,bow_modal_R,1.0,1.0,0.0,0.0,3,24,0.0,0.0,1,26,0.5,0.5,1,16,0.0,0.0,1,26,0.0,0.0,1,26,0.0,0.0,1,26,0.0,0.0,1,26,1.0,1.0,1,26,0.0,0.0,1,26,0.0,0.0,1,26,0.0,0.0,4,23,0.0,0.0,1,26,3.1847,10.9901,16,1,1.5,1.5,1,16,corner,0.0,0.0,3,24,bow_modal_R,1.0,1.0
02JY9GL9Y90C,306,15.3,1,x-bow,x_bow,building,15.5,19.5,giant_skeleton,18.49,giant_skeleton,1,0.0,0.0,26,0.0,0.8,10,17,-0.0,-0.2222,1,19,0.5,0.5,11,16,0.0,0.0,1,26,0.0,0.0,1,26,0.0,0.0,1,26,0.0,0.0,1,26,0.0,0.0,1,26,0.9616,1.0,9,0,0.0,0.0,1,26,0.0,0.0,1,26,-0.0,-0.0,1,26,11.4,1.4,3,0,1.4616,2.0778,10,0,g9_18,0.9616,0.7778,7,0,tesla_modal,0.0,0.0,0.0,0.6167,8,19,-0.0,-0.3538,1,19,0.5,0.5,11,16,0.0,0.0,1,26,0.0,0.0,1,26,0.0,0.0,1,26,0.0,0.0,1,26,0.0,0.0,1,26,0.9616,1.0,9,0,0.0,0.0,1,26,0.0,0.0,1,26,-0.0,-0.0,1,26,11.4,1.4,3,0,1.4616,1.7628,9,0,g9_18,0.9616,0.7,7,0,tesla_modal,0.0,0.0
02JY9GL9Y90C,521,26.1,1,tesla,tesla,building,9.0,21.0,minions,8.69,minions,5,0.0,0.0,26,0.0,0.0,4,23,0.0,0.0,1,26,1.0,0.5,1,8,0.0,0.0,1,26,0.0,0.0,1,26,0.0,0.0,1,26,0.0,0.0,1,26,1.0,1.0,1,26,0.0,0.0,1,26,0.0,0.0,1,26,0.0,0.0,7,20,0.0,0.0,1,26,6.1708,13.5357,18,2,2.0,1.5,2,8,g9_18,0.0,0.0,4,23,g9_18,1.0,1.0,0.0,0.0,3,24,0.0,0.0,1,26,1.0,0.5,1,8,0.0,0.0,1,26,0.0,0.0,1,26,0.0,0.0,1,26,0.0,0.0,1,26,1.0,1.0,1,26,0.0,0.0,1,26,0.0,0.0,1,26,0.0,0.0,7,20,0.0,0.0,1,26,6.1708,13.5357,18,2,2.0,1.5,2,8,g9_18,0.0,0.0,3,24,g9_18,1.0,1.0
02JY9GL9Y90C,1838,91.9,1,tesla,tesla,building,8.0,22.0,hunter,6.02,hunter,3,0.0,0.0,26,0.0,0.0,3,24,0.0,0.0,1,26,1.0,0.5,1,8,0.0,0.0,1,26,0.0,0.0,1,26,0.0,0.0,1,26,0.0,0.0,1,26,1.0,1.0,1,26,0.0,0.0,1,26,0.0,0.0,1,26,0.0,0.0,3,24,0.0,0.0,1,26,5.67,11.9522,11,0,2.0,1.5,3,7,tesla_modal,0.0,0.0,3,24,tesla_modal,1.0,1.0,0.0,0.0,4,23,0.0,0.0,1,26,1.0,0.5,1,8,0.0,0.0,1,26,0.0,0.0,1,26,0.0,0.0,1,26,0.0,0.0,1,26,1.0,1.0,1,26,0.0,0.0,1,26,0.0,0.0,1,26,0.0,0.0,5,22,0.0,0.0,1,26,5.67,11.9522,11,0,2.0,1.5,3,7,tesla_modal,0.0,0.0,4,23,tesla_modal,1.0,1.0
02JY9GL9Y90C,2332,116.6,1,x-bow,x_bow,building,15.5,19.5,,0.0,,1,0.0,0.0,26,0.0,0.0,1,26,0.0,0.0,1,26,0.5,0.5,11,16,0.0,0.0,1,26,0.0,0.0,1,26,0.0,0.0,1,26,0.0,0.0,1,26,0.0,0.0,1,26,0.9616,1.0,9,0,0.0,0.0,1,26,0.0,0.0,1,26,0.0,0.0,1,26,0.0,0.0,1,26,1.4616,1.5,9,0,g9_18,0.9616,1.0,9,0,corner,0.0,0.0,0.0,0.0,1,26,0.0,0.0,1,26,0.5,0.5,11,16,0.0,0.0,1,26,0.0,0.0,1,26,0.0,0.0,1,26,0.0,0.0,1,26,0.0,0.0,1,26,0.9616,1.0,9,0,0.0,0.0,1,26,0.0,0.0,1,26,0.0,0.0,1,26,0.0,0.0,1,26,1.4616,1.5,9,0,g9_18,0.9616,1.0,9,0,corner,0.0,0.0
02JY9GL9Y90C,2881,144.1,1,x-bow,x_bow,building,15.5,19.5,giant_skeleton,2.58,giant_skeleton,4,0.0,0.0,26,0.0,0.0,2,25,-0.0,-0.0,1,24,0.5,0.5,11,16,0.0,0.0,1,26,0.0,0.0,1,26,0.0,0.0,1,26,0.0,0.0,1,26,0.0,0.0,1,26,0.9616,1.0,9,0,0.0,0.0,1,26,0.0,0.0,2,25,-0.0,-0.0,1,25,2.9761,12.9913,23,0,1.4616,1.5,9,0,g9_18,0.9616,1.0,9,0,corner,0.0,0.0,0.0,0.0,2,25,-0.0,-0.0,1,22,0.5,0.5,11,16,0.0,0.0,1,26,0.0,0.0,1,26,0.0,0.0,1,26,0.0,0.0,1,26,0.0,0.0,1,26,0.9616,1.0,9,0,0.0,0.0,1,26,0.0,0.0,2,25,-0.0,-0.0,1,24,2.9761,12.9913,23,0,1.4616,1.5,9,0,g9_18,0.9616,1.0,9,0,corner,0.0,0.0
02JY9GL9Y90C,2913,145.7,1,tesla,tesla,building,8.0,22.0,miner,6.61,miner,5,0.0,0.0,26,0.0,0.0,1,26,-0.0,-0.0,1,24,1.0,0.5,1,8,0.0,0.0,1,26,0.0,0.0,1,26,0.0,0.0,1,26,0.0,0.0,1,26,1.0,1.0,1,26,0.0,0.0,1,26,0.0,0.0,1,26,0.0,0.0,1,26,-0.0,-0.0,1,24,5.2009,6.7801,21,0,2.0,1.5,1,8,centre,0.0,0.0,1,24,corner,1.0,1.0,0.0,0.0,1,26,0.0,0.0,1,26,1.0,0.5,1,8,0.0,0.0,1,26,0.0,0.0,1,26,0.0,0.0,1,26,0.0,0.0,1,26,1.0,1.0,1,26,0.0,0.0,1,26,0.0,0.0,1,26,0.0,0.0,1,26,0.0,0.0,1,26,5.2009,6.7801,21,0,2.0,1.5,1,8,centre,0.0,0.0,1,26,corner,1.0,1.0
02JY9GL9Y90C,3577,178.9,1,tesla,tesla,building,8.0,22.0,balloon,4.77,balloon,2,0.0,0.0,26,0.0,0.0,1,26,-0.0,-0.0,1,25,0.5,0.5,1,16,0.0,0.0,1,26,0.0,0.0,1,26,0.0,0.0,1,26,0.0,0.0,1,26,1.0,1.0,1,26,0.0,0.0,1,26,0.0,0.0,1,26,0.0,0.0,1,26,-0.0,-0.0,1,26,4.766,5.2119,22,0,1.5,1.5,1,15,corner,0.0,0.0,1,25,corner,1.0,1.0,0.0,0.0,1,26,0.0,0.0,1,26,0.5,0.5,1,16,0.0,0.0,1,26,0.0,0.0,1,26,0.0,0.0,1,26,0.0,0.0,1,26,1.0,1.0,1,26,0.0,0.0,1,26,0.0,0.0,1,26,0.0,0.0,1,26,0.0,0.0,1,26,4.766,5.2119,22,0,1.5,1.5,1,16,corner,0.0,0.0,1,26,corner,1.0,1.0
02JY9GPPVPPG,547,27.4,1,x-bow,x_bow,building,15.5,19.5,inferno_dragon,2.65,inferno_dragon,2,0.0,0.0,26,0.0,0.0,4,23,0.0,0.0,1,26,0.5,0.5,11,16,0.0,0.0,1,26,0.0,0.0,1,26,0.0,0.0,1,26,0.0,0.0,1,26,0.0,0.0,1,26,0.9616,1.0,9,0,0.0,0.0,1,26,0.0254,0.0,4,0,0.0,0.0,1,26,0.5808,13.9,26,0,1.4616,1.5,9,0,g9_18,0.9616,1.0,9,0,corner,0.0,0.0,0.0,0.0,4,23,0.0,0.0,1,26,0.5,0.5,11,16,0.0,0.0,1,26,0.0,0.0,1,26,0.0,0.0,1,26,0.0,0.0,1,26,0.0,0.0,1,26,0.9616,1.0,9,0,0.0,0.0,1,26,0.3129,0.0,4,0,0.0,0.0,1,26,0.5808,13.9,26,0,1.4616,1.5,9,0,g9_18,0.9616,1.0,9,0,corner,0.0,0.0
02JY9GPPVPPG,861,43.1,1,tesla,tesla,building,10.0,22.0,golem,7.47,golem,7,0.0,0.0,26,1.0,1.0,1,5,-0.0,-0.0,1,21,1.0,0.5,1,8,0.0,0.0,1,26,0.0,0.0,1,26,0.0,0.0,1,26,0.0,0.0,1,26,1.0,1.0,1,26,0.0,0.0,1,26,0.0,0.0,1,26,0.6375,1.0,10,0,-0.0,-0.0,1,26,5.7027,2.0475,13,0,3.0,2.5,1,2,tesla_modal,1.0,0.75,1,2,tesla_modal,1.0,1.0,1.0,0.3455,1,3,0.0,0.0,1,26,1.0,0.5,1,8,0.0,0.0,1,26,0.0,0.0,1,26,0.0,0.0,1,26,0.0,0.0,1,26,1.0,1.0,1,26,0.0,0.0,1,26,0.0,0.0,1,26,0.7279,0.8864,9,0,0.0,0.0,1,26,5.7027,2.0475,13,0,3.0,1.8455,1,2,tesla_modal,1.0,0.2592,1,2,tesla_modal,1.0,1.0
02JY9GQY2VCU,509,25.5,1,x-bow,x_bow,building,14.5,19.5,royal_ghost,1.88,royal_ghost,4,0.0,0.0,26,0.6375,0.0,4,0,-0.3295,-0.0,24,0,0.5,0.5,11,16,0.0,0.0,1,26,0.0,0.0,1,26,0.0,0.0,1,26,0.0,0.0,1,26,0.0,0.0,1,26,1.0,1.0,1,8,0.0,0.0,1,26,0.8387,0.0,4,0,-0.1466,-0.0,24,0,1.4751,12.726,24,0,1.808,1.5,2,0,g9_18,0.7,1.0,8,3,corner,0.0,0.0,0.0,0.0,3,24,0.0,0.0,1,26,0.5,0.5,11,16,0.0,0.0,1,26,0.0,0.0,1,26,0.0,0.0,1,26,0.0,0.0,1,26,0.0,0.0,1,26,1.0,1.0,1,8,0.0,0.0,1,26,0.0,0.0,4,23,0.0,0.0,1,26,1.4751,12.726,24,0,1.5,1.5,3,7,g9_18,1.0,1.0,1,8,corner,0.0,0.0
02JY9GQY2VCU,1625,81.3,1,tesla,tesla,building,9.0,21.0,zappies,13.06,zappies,3,0.0,0.0,26,0.75,0.0,1,3,0.0,0.0,1,26,0.5,0.5,1,16,0.0,0.0,1,26,0.0,0.0,1,26,0.0,0.0,1,26,0.0,0.0,1,26,0.0,0.0,1,26,0.0,0.0,1,26,0.0,0.0,1,26,0.0,0.0,1,26,0.0,0.0,1,26,5.0,1.5,15,3,1.25,0.5,1,2,tesla_modal,0.5625,0.0,1,2,tesla_modal,0.0,0.0,1.0,0.0,1,3,0.0,0.0,1,26,0.5,0.5,1,16,0.0,0.0,1,26,0.0,0.0,1,26,0.0,0.0,1,26,0.0,0.0,1,26,0.0,0.0,1,26,0.0,0.0,1,26,0.0,0.0,1,26,0.0,0.0,1,26,0.0,0.0,1,26,5.0,1.5,15,3,1.5,0.5,1,2,tesla_modal,0.75,0.0,1,2,tesla_modal,0.0,0.0
02JY9GQY2VCU,2177,108.9,1,x-bow,x_bow,building,15.5,19.5,zappies,10.97,zappies,1,0.0,0.0,26,0.0,0.0,1,26,0.0,0.0,1,26,0.0,0.5,19,8,0.0,0.0,1,26,0.0,0.0,1,26,0.0,0.0,1,26,0.0,0.0,1,26,0.0,0.0,1,26,0.9616,1.0,9,0,0.0,0.0,1,26,0.0,0.0,1,26,0.0,0.0,1,26,10.966,2.0413,3,0,0.9616,1.5,9,0,corner,0.9616,1.0,9,0,corner,0.0,0.0,0.0,0.2474,3,24,0.0,0.0,1,26,0.0,0.5,19,8,0.0,0.0,1,26,0.0,0.0,1,26,0.0,0.0,1,26,0.0,0.0,1,26,0.629,0.629,1,26,0.9616,1.0,9,0,0.0,0.0,1,26,0.0,0.2474,4,23,0.0,0.0,1,26,10.966,2.0413,3,0,1.5906,2.3764,9,0,tesla_true,0.9616,1.0,9,0,corner,0.629,0.629
02JY9GQY2VCU,2601,130.1,1,tesla,tesla,building,9.0,20.0,zappies,17.78,zappies,3,0.0,0.0,26,0.75,0.0,1,3,0.0,0.0,1,26,0.5,0.5,1,16,0.0,0.0,1,26,0.0,0.0,1,26,0.0,0.0,1,26,0.0,0.0,1,26,0.0,0.0,1,26,0.0,0.0,1,26,0.0,0.0,1,26,0.0,0.0,1,26,0.0,0.0,1,26,5.0,1.5,15,3,1.25,0.5,1,2,tesla_modal,0.5625,0.0,1,2,tesla_modal,0.0,0.0,1.0,0.0,1,3,0.0,0.0,1,26,0.5,0.5,1,16,0.0,0.0,1,26,0.0,0.0,1,26,0.0,0.0,1,26,0.0,0.0,1,26,0.0,0.0,1,26,0.0,0.0,1,26,0.0,0.0,1,26,0.0,0.0,1,26,0.0,0.0,1,26,5.0,1.5,15,3,1.5,0.5,1,2,tesla_modal,0.75,0.0,1,2,tesla_modal,0.0,0.0
02JY9GQY2VCU,2963,148.2,1,tesla,tesla,building,9.0,22.0,battle_ram,5.69,battle_ram,6,0.0,0.0,26,1.0,1.0,1,7,-0.0,-0.0,1,23,0.5,0.5,1,16,0.0,0.0,1,26,0.0,0.0,1,26,0.0,0.0,1,26,0.0,0.0,1,26,1.0,1.0,1,26,0.0,0.0,1,26,0.0,0.0,1,26,0.778,1.0,9,1,-0.0,-0.0,1,25,2.0495,2.9377,23,1,2.5,2.5,1,7,corner,0.75,0.75,1,7,corner,1.0,1.0,0.3465,0.7906,7,1,0.0,0.0,1,26,0.5,0.5,1,16,0.0,0.0,1,26,0.0,0.0,1,26,0.0,0.0,1,26,0.0,0.0,1,26,1.0,1.0,1,26,0.0,0.0,1,26,0.0,0.0,1,26,1.0,0.7906,1,5,0.0,0.0,1,26,2.0495,2.9377,23,1,1.8465,2.2906,7,1,centre,0.2599,0.593,7,1,centre,1.0,1.0
02JY9GQY2VCU,3239,162.0,1,x-bow,x_bow,building,8.5,22.5,giant_skeleton,3.5,giant_skeleton,5,0.0,0.0,26,1.0,0.0,1,10,-0.0,-0.0,1,23,0.5,0.5,1,16,0.0,0.0,1,26,0.0,0.0,1,26,0.0,0.0,1,26,0.0,0.0,1,26,0.0,0.0,1,26,0.0,1.0,9,18,0.0,0.0,1,26,1.0,0.0,1,10,-0.0,-0.0,1,24,3.4607,11.2047,18,0,1.5,1.5,5,9,g9_18,0.75,1.0,9,5,corner,0.0,0.0,1.0,0.0,1,10,-0.0,-0.0,1,23,0.5,0.5,1,16,0.0,0.0,1,26,0.0,0.0,1,26,0.0,0.0,1,26,0.0,0.0,1,26,0.0,0.0,1,26,0.0,1.0,9,18,0.0,0.0,1,26,1.0,0.0,1,10,-0.0,-0.0,1,23,3.4607,11.2047,18,0,1.5,1.5,5,9,g9_18,0.75,1.0,9,5,corner,0.0,0.0
02JY9GQYCPCQ,381,19.1,1,tesla,tesla,building,9.0,22.0,royal_hogs,5.32,royal_hogs,4,0.0,0.0,26,1.0,0.0,1,8,-0.0,-0.0,1,22,1.0,0.5,1,8,0.0,0.0,1,26,0.0,0.0,1,26,0.0,0.0,1,26,0.0,0.0,1,26,1.0,1.0,1,26,0.0,0.0,1,26,0.0,0.0,1,26,1.0,0.0,1,11,-0.0,-0.0,1,26,3.9358,10.3925,17,1,3.0,1.5,1,5,centre,1.0,0.0,1,5,centre,1.0,1.0,1.0,0.0,1,4,0.0,0.0,1,26,1.0,0.5,1,8,0.0,0.0,1,26,0.0,0.0,1,26,0.0,0.0,1,26,0.0,0.0,1,26,1.0,1.0,1,26,0.0,0.0,1,26,0.0,0.0,1,26,1.0,0.0,1,7,0.0,0.0,1,26,3.9358,10.3925,17,1,3.0,1.5,1,4,centre,1.0,0.0,1,4,centre,1.0,1.0
02JY9GQYCPCQ,1338,66.9,1,tesla,tesla,building,9.0,20.0,mother_witch,18.12,mother_witch,1,0.0,0.0,26,0.25,0.0,1,3,0.0,0.0,1,26,1.0,0.5,1,8,0.0,0.0,1,26,0.0,0.0,1,26,0.0,0.0,1,26,0.0,0.0,1,26,0.0,0.0,1,26,0.0,0.0,1,26,0.0,0.0,1,26,0.0,0.0,1,26,0.0,0.0,1,26,5.0,12.5,14,3,1.25,0.5,1,2,tesla_modal,0.25,0.0,1,2,tesla_modal,0.0,0.0,1.0,0.0,1,3,0.0,0.0,1,26,1.0,0.5,1,8,0.0,0.0,1,26,0.0,0.0,1,26,0.0,0.0,1,26,0.0,0.0,1,26,0.0,0.0,1,26,0.0,0.0,1,26,0.0,0.0,1,26,0.0,0.0,1,26,0.0,0.0,1,26,5.0,12.5,14,3,2.0,0.5,1,2,tesla_modal,1.0,0.0,1,2,tesla_modal,0.0,0.0
02JY9GQYCPCQ,1578,78.9,1,x-bow,x_bow,building,4.5,19.5,mother_witch,10.24,mother_witch,2,0.0,0.0,26,0.0,0.0,4,23,0.0,0.0,1,26,0.5,0.5,11,16,0.0,0.0,1,26,0.0,0.0,1,26,0.0,0.0,1,26,0.0,0.0,1,26,0.9572,0.9572,1,26,0.9616,1.0,9,0,0.0,0.0,1,26,0.0,0.0,5,22,0.0,0.0,1,26,9.4,12.2435,8,1,2.4188,2.4572,9,0,g9_18,0.9616,1.0,9,0,corner,0.9572,0.9572,0.0,0.0,5,22,0.0,0.0,1,26,0.5,0.5,11,16,0.0,0.0,1,26,0.0,0.0,1,26,0.0,0.0,1,26,0.0,0.0,1,26,0.9572,0.9572,1,26,0.9616,1.0,9,0,0.0,0.0,1,26,0.0,0.0,5,22,0.0,0.0,1,26,9.4,12.2435,8,1,2.4188,2.4572,11,0,g9_18,0.9616,1.0,11,0,corner,0.9572,0.9572
02JY9GQYCPCQ,2079,104.0,1,tesla,tesla,building,9.0,19.0,bowler,5.28,bowler,3,0.0,0.0,26,0.0,0.0,1,26,0.0,0.0,1,26,0.9902,0.5,9,0,0.0,0.0,1,26,0.0,0.0,1,26,0.0,0.0,1,26,0.0,0.0,1,26,1.0,1.0,1,26,0.0,0.0,1,26,0.0,0.0,1,26,0.0,0.0,1,26,0.0,0.0,1,26,5.5284,13.0231,14,0,1.9902,1.5,9,0,centre,0.0,0.0,1,26,corner,1.0,1.0,0.0,0.0,1,26,0.0,0.0,1,26,0.9902,0.5,9,0,0.0,0.0,1,26,0.0,0.0,1,26,0.0,0.0,1,26,0.0,0.0,1,26,1.0,1.0,1,26,0.0,0.0,1,26,0.0,0.0,1,26,0.0,0.0,1,26,0.0,0.0,1,26,5.5284,13.0231,14,0,1.9902,1.5,9,0,centre,0.0,0.0,1,26,corner,1.0,1.0
02JY9GQYCPCQ,2745,137.3,1,tesla,tesla,building,9.0,21.0,bowler,4.75,bowler,3,0.0,0.0,26,0.0,0.0,2,25,0.0,0.0,1,26,1.0,0.5,1,8,0.0,0.0,1,26,0.0,0.0,1,26,0.0,0.0,1,26,0.0,0.0,1,26,1.0,1.0,1,26,0.0,0.0,1,26,0.0,0.0,1,26,1.0,0.0,1,1,0.0,0.0,1,26,1.884,2.395,21,1,2.0,1.5,1,8,centre,0.0,0.0,2,25,g9_18,1.0,1.0,0.0,0.0,2,25,0.0,0.0,1,26,1.0,0.5,1,8,0.0,0.0,1,26,0.0,0.0,1,26,0.0,0.0,1,26,0.0,0.0,1,26,1.0,1.0,1,26,0.0,0.0,1,26,0.0,0.0,1,26,0.8295,0.0,2,1,0.0,0.0,1,26,1.884,2.395,21,1,2.0,1.5,1,8,centre,0.0,0.0,2,25,g9_18,1.0,1.0
02JY9GQYCPCQ,3002,150.1,1,x-bow,x_bow,building,8.5,22.5,giant_skeleton,5.04,giant_skeleton,4,0.0,0.0,26,0.0,0.0,2,25,-0.0,-0.0,1,24,1.0,0.5,1,8,0.0,0.0,1,26,0.0,0.0,1,26,0.0,0.0,1,26,0.0,0.0,1,26,0.0,0.0,1,26,0.0,1.0,9,18,0.0,0.0,1,26,0.0,0.0,2,25,-0.0,-0.0,1,25,5.4413,13.1746,13,0,1.0,1.5,9,8,g9_18,0.0,1.0,9,16,corner,0.0,0.0,0.0,0.0,2,25,-0.0,-0.0,1,22,1.0,0.5,1,8,0.0,0.0,1,26,0.0,0.0,1,26,0.0,0.0,1,26,0.0,0.0,1,26,0.0,0.0,1,26,0.0,1.0,9,18,0.0,0.0,1,26,0.0,0.0,2,25,-0.0,-0.0,1,24,5.4413,13.1746,13,0,1.0,1.5,9,7,g9_18,0.0,1.0,9,14,corner,0.0,0.0
02JY9GQYLVLV,393,19.7,1,tesla,tesla,building,11.0,18.0,valkyrie,12.5,valkyrie,4,0.0,0.0,26,1.0,0.0,1,3,-0.0,-0.0,1,20,0.5,0.5,9,17,0.0,0.0,1,26,0.0,0.0,1,26,0.0,0.0,1,26,0.0,0.0,1,26,0.0,0.0,1,26,0.0,0.0,1,26,0.0,0.0,1,26,0.0,0.0,1,26,-0.0,-0.0,1,26,3.0,12.5,20,0,1.5,0.5,3,0,tesla_modal,0.75,0.0,3,0,tesla_modal,0.0,0.0,1.0,0.0,1,3,-0.0,-0.0,1,20,0.5,0.5,9,17,0.0,0.0,1,26,0.0,0.0,1,26,0.0,0.0,1,26,0.0,0.0,1,26,0.0,0.0,1,26,0.0,0.0,1,26,0.0,0.0,1,26,0.0,0.0,1,26,-0.0,-0.0,1,26,3.0,12.5,20,0,1.5,0.5,3,0,tesla_modal,0.75,0.0,3,0,tesla_modal,0.0,0.0
02JY9GQYLVLV,1265,63.3,1,tesla,tesla,building,9.0,22.0,hog_rider,8.87,hog_rider,5,0.0,0.0,26,1.0,1.0,1,12,-0.0,-0.0,1,20,0.5,0.0,1,17,0.0,0.0,1,26,0.0,0.0,1,26,0.0,0.0,1,26,0.0,0.0,1,26,0.8292,0.8292,1,26,0.0,0.0,1,26,0.0,0.0,1,26,1.0,1.0,1,9,-0.0,-0.0,1,26,2.2275,2.316,17,1,2.3292,1.8292,1,6,tesla_modal,0.75,0.5,1,6,tesla_modal,0.8292,0.8292,0.4355,0.4798,8,1,0.0,0.0,1,26,0.5,0.0,1,17,0.0,0.0,1,26,0.0,0.0,1,26,0.0,0.0,1,26,0.0,0.0,1,26,0.8292,0.8292,1,26,0.0,0.0,1,26,0.0,0.0,1,26,0.0144,1.0,9,1,0.0,0.0,1,26,2.2275,2.316,17,1,1.7647,1.309,6,1,knight_cell,0.3266,0.2399,6,1,knight_cell,0.8292,0.8292
02JY9GQYLVLV,2492,124.6,1,tesla,tesla,building,10.0,19.0,hog_rider,6.76,hog_rider,4,0.0,0.0,26,1.0,0.0,1,3,-0.0,-0.0,1,20,0.5,0.0,1,17,0.0,0.0,1,26,0.0,0.0,1,26,0.0,0.0,1,26,0.0,0.0,1,26,0.6703,0.6703,1,26,0.0,0.0,1,26,0.0,0.0,1,26,1.0,0.0,1,7,-0.0,-0.0,1,26,4.0,12.5,20,0,2.1703,0.6703,1,2,tesla_modal,0.75,0.0,1,2,tesla_modal,0.6703,0.6703,1.0,0.0,1,3,0.0,0.0,1,26,0.5,0.0,1,17,0.0,0.0,1,26,0.0,0.0,1,26,0.0,0.0,1,26,0.0,0.0,1,26,0.6703,0.6703,1,26,0.0,0.0,1,26,0.0,0.0,1,26,1.0,0.0,1,4,0.0,0.0,1,26,4.0,12.5,20,0,2.1703,0.6703,1,2,tesla_modal,0.75,0.0,1,2,tesla_modal,0.6703,0.6703
02JY9GQYLVLV,2987,149.4,1,tesla,tesla,building,9.0,22.0,valkyrie,5.57,valkyrie,4,0.0,0.0,26,1.0,1.0,1,7,-0.0,-0.0,1,23,0.5,0.0,1,17,0.0,0.0,1,26,0.0,0.0,1,26,0.0,0.0,1,26,0.0,0.0,1,26,1.0,1.0,1,26,0.0,0.0,1,26,0.0,0.0,1,26,0.963,1.0,8,1,-0.0,-0.0,1,25,3.7201,2.7772,19,1,2.5,2.0,1,3,centre,0.75,0.5,1,3,centre,1.0,1.0,1.0,1.0,1,8,-0.0,-0.0,1,24,0.5,0.0,1,17,0.0,0.0,1,26,0.0,0.0,1,26,0.0,0.0,1,26,0.0,0.0,1,26,1.0,1.0,1,26,0.0,0.0,1,26,0.0,0.0,1,26,0.9005,1.0,8,1,-0.0,-0.0,1,25,3.7201,2.7772,19,1,2.5,2.0,1,3,centre,0.75,0.5,1,3,centre,1.0,1.0
02JY9GQYLVLV,3008,150.4,1,x-bow,x_bow,building,15.5,19.5,valkyrie,9.66,valkyrie,4,0.0,0.0,26,0.0,1.0,16,11,-0.0,-0.0,1,20,0.5,0.0,1,17,0.0,0.0,1,26,0.0,0.0,1,26,0.0,0.0,1,26,0.0,0.0,1,26,0.1112,0.1112,1,26,0.9616,1.0,9,0,0.0,0.0,1,26,0.0,1.0,13,14,-0.0,-0.0,1,24,6.6801,3.296,10,0,1.5728,2.1112,12,0,g9_18,0.9616,1.0,8,0,corner,0.1112,0.1112,0.0,1.0,16,11,-0.0,-0.0,1,20,0.5,0.0,1,17,0.0,0.0,1,26,0.0,0.0,1,26,0.0,0.0,1,26,0.0,0.0,1,26,0.1335,0.1335,1,26,0.9616,1.0,9,0,0.0,0.0,1,26,0.0,1.0,13,14,-0.0,-0.0,1,24,6.6801,3.296,10,0,1.5951,2.1335,12,0,g9_18,0.9616,1.0,8,0,corner,0.1335,0.1335
02JY9GQYLVLV,3428,171.4,1,tesla,tesla,building,9.0,21.0,valkyrie,5.11,valkyrie,6,0.0,0.0,26,0.0,0.0,3,24,-0.0,-0.0,1,22,0.0,0.0,1,26,0.0,0.0,1,26,0.0,0.0,1,26,0.0,0.0,1,26,0.0,0.0,1,26,1.0,1.0,1,26,0.0,0.0,1,26,0.0,0.0,1,26,0.0,0.0,3,24,-0.0,-0.0,1,25,5.1122,12.158,13,1,1.0,1.0,2,21,g15_26,0.0,0.0,2,21,g15_26,1.0,1.0,0.0,0.0,3,24,-0.0,-0.0,1,22,0.0,0.0,1,26,0.0,0.0,1,26,0.0,0.0,1,26,0.0,0.0,1,26,0.0,0.0,1,26,1.0,1.0,1,26,0.0,0.0,1,26,0.0,0.0,1,26,0.0,0.0,3,24,-0.0,-0.0,1,25,5.1122,12.158,13,1,1.0,1.0,2,21,g15_26,0.0,0.0,2,21,g15_26,1.0,1.0
02JY9GYLJC9Y,1345,67.3,1,tesla,tesla,building,10.0,20.0,royal_hogs,5.86,royal_hogs,6,0.0,0.0,26,1.0,0.0,1,1,-0.0,-0.0,1,20,0.9951,0.5,9,0,0.0,0.0,1,26,0.0,0.0,1,26,0.0,0.0,1,26,0.0,0.0,1,26,1.0,1.0,1,26,0.0,0.0,1,26,0.0,0.0,1,26,1.0,0.0,1,3,-0.0,-0.0,1,23,4.8714,13.5027,17,0,2.9951,1.5,1,0,g9_18,0.9976,0.0,1,0,g9_18,1.0,1.0,1.0,0.0,1,1,0.0,0.0,1,26,0.9951,0.5,9,0,0.0,0.0,1,26,0.0,0.0,1,26,0.0,0.0,1,26,0.0,0.0,1,26,1.0,1.0,1,26,0.0,0.0,1,26,0.0,0.0,1,26,1.0,0.0,1,3,0.0,0.0,1,26,4.8714,13.5027,17,0,2.9951,1.5,1,0,g9_18,0.9976,0.0,1,0,g9_18,1.0,1.0
02JY9GYLJC9Y,2046,102.3,1,x-bow,x_bow,building,15.5,19.5,,0.0,,0,0.0,0.0,26,0.0,0.0,1,26,0.0,0.0,1,26,0.5,0.5,11,16,0.0,0.0,1,26,0.0,0.0,1,26,0.0,0.0,1,26,0.0,0.0,1,26,0.0,0.0,1,26,0.9616,1.0,9,0,0.0,0.0,1,26,0.0,0.0,1,26,0.0,0.0,1,26,0.0,0.0,1,26,1.4616,1.5,9,0,g9_18,0.9616,1.0,9,0,corner,0.0,0.0,0.0,0.0,1,26,0.0,0.0,1,26,0.5,0.5,11,16,0.0,0.0,1,26,0.0,0.0,1,26,0.0,0.0,1,26,0.0,0.0,1,26,0.0,0.0,1,26,0.9616,1.0,9,0,0.0,0.0,1,26,0.0,0.0,1,26,0.0,0.0,1,26,0.0,0.0,1,26,1.4616,1.5,9,0,g9_18,0.9616,1.0,9,0,corner,0.0,0.0
02JY9GYLJC9Y,2511,125.6,1,tesla,tesla,building,9.0,19.0,royal_ghost,7.84,royal_ghost,1,0.0,0.0,26,0.0,0.0,6,21,-0.0,-0.0,1,26,0.9902,0.5,9,0,0.0,0.0,1,26,0.0,0.0,1,26,0.0,0.0,1,26,0.0,0.0,1,26,1.0,1.0,1,26,0.0,0.0,1,26,0.0,0.0,1,26,0.0,0.0,5,22,-0.0,-0.0,1,26,7.9391,14.4871,21,0,1.9902,1.5,13,0,bow_modal_R,0.0,0.0,6,21,bow_modal_R,1.0,1.0,0.0,0.0,7,20,0.0,0.0,1,26,0.9902,0.5,9,0,0.0,0.0,1,26,0.0,0.0,1,26,0.0,0.0,1,26,0.0,0.0,1,26,1.0,1.0,1,26,0.0,0.0,1,26,0.0,0.0,1,26,0.0,0.0,6,21,0.0,0.0,1,26,7.9391,14.4871,21,0,1.9902,1.5,11,0,lane_R,0.0,0.0,7,20,lane_R,1.0,1.0
02JY9GYLJC9Y,3152,157.6,1,tesla,tesla,building,9.0,19.0,archer_queen,10.2,archer_queen,5,0.0,0.0,26,0.5,0.0,1,3,0.0,0.0,1,26,0.9902,0.5,9,0,0.0,0.0,1,26,0.0,0.0,1,26,0.0,0.0,1,26,0.0,0.0,1,26,0.0,0.0,1,26,0.0,0.0,1,26,0.0,0.0,1,26,0.0,0.0943,5,22,0.0,0.0,1,26,5.0,1.5,15,3,1.4902,0.5,3,0,tesla_modal,0.4976,0.0,3,0,tesla_modal,0.0,0.0,1.0,0.0,1,3,0.0,0.0,1,26,0.9902,0.5,9,0,0.0,0.0,1,26,0.0,0.0,1,26,0.0,0.0,1,26,0.0,0.0,1,26,0.0,0.0,1,26,0.0,0.0,1,26,0.0,0.0,1,26,0.0,0.1978,5,22,0.0,0.0,1,26,5.0,1.5,15,3,1.9902,0.5,3,0,tesla_modal,0.9951,0.0,3,0,tesla_modal,0.0,0.0
02JY9GYLJC9Y,3417,170.9,1,tesla,tesla,building,9.0,19.0,archer_queen,6.21,archer_queen,4,0.0,0.0,26,0.0,0.0,1,26,0.0,0.0,1,26,0.9902,0.5,9,0,0.0,0.0,1,26,0.0,0.0,1,26,0.0,0.0,1,26,0.0,0.0,1,26,1.0,1.0,1,26,0.0,0.0,1,26,0.0,0.0,1,26,0.6437,0.0,2,0,0.0,0.0,1,26,3.0222,1.3138,18,0,1.9902,1.5,9,0,centre,0.0,0.0,1,26,corner,1.0,1.0,0.7378,0.0,2,0,0.0,0.0,1,26,0.9902,0.5,9,0,0.0,0.0,1,26,0.0,0.0,1,26,0.0,0.0,1,26,0.0,0.0,1,26,1.0,1.0,1,26,0.0,0.0,1,26,0.0,0.0,1,26,0.7472,0.0,4,0,0.0,0.0,1,26,3.0222,1.3138,18,0,2.728,1.5,1,0,g9_18,0.7342,0.0,1,0,g9_18,1.0,1.0
02JY9GYLJC9Y,3921,196.1,1,tesla,tesla,building,12.0,18.0,royal_hogs,5.17,royal_hogs,5,0.0,0.0,26,0.0,0.0,1,26,-0.0,-0.0,1,23,0.5,0.5,9,17,0.0,0.0,1,26,0.0,0.0,1,26,0.0,0.0,1,26,0.0,0.0,1,26,1.0,1.0,1,26,0.0,0.0,1,26,0.0,0.0,1,26,0.0,0.0,1,26,-0.0,-0.0,1,24,5.2716,12.7576,13,0,1.5,1.5,9,15,centre,0.0,0.0,1,23,corner,1.0,1.0,0.0,0.0,1,26,0.0,0.0,1,26,0.5,0.5,9,17,0.0,0.0,1,26,0.0,0.0,1,26,0.0,0.0,1,26,0.0,0.0,1,26,1.0,1.0,1,26,0.0,0.0,1,26,0.0,0.0,1,26,0.0,0.0,1,26,0.0,0.0,1,26,5.2716,12.7576,13,0,1.5,1.5,9,17,centre,0.0,0.0,1,26,corner,1.0,1.0
02JY9GYQ0Q9G,237,11.9,1,tesla,tesla,building,9.0,22.0,wall_breakers,7.83,wall_breakers,2,0.0,0.0,26,1.0,0.0,1,4,-0.0,-0.0,1,21,1.0,0.5,1,8,0.0,0.0,1,26,0.0,0.0,1,26,0.0,0.0,1,26,0.0,0.0,1,26,0.811,0.811,1,26,0.0,0.0,1,26,0.0,0.0,1,26,0.0,0.0,8,19,-0.0,-0.0,1,26,5.0,11.8169,14,2,2.811,1.311,1,2,tesla_modal,1.0,0.0,1,2,tesla_modal,0.811,0.811,1.0,0.0,1,3,0.0,0.0,1,26,1.0,0.5,1,8,0.0,0.0,1,26,0.0,0.0,1,26,0.0,0.0,1,26,0.0,0.0,1,26,0.811,0.811,1,26,0.0,0.0,1,26,0.0,0.0,1,26,0.0,0.0,8,19,0.0,0.0,1,26,5.0,11.8169,14,2,2.811,1.311,1,2,tesla_modal,1.0,0.0,1,2,tesla_modal,0.811,0.811
02JY9GYQ0Q9G,971,48.6,1,tesla,tesla,building,9.0,21.0,dart_goblin,16.48,dart_goblin,2,0.0,0.0,26,0.0,0.0,1,26,0.0,0.0,1,26,1.0,0.5,1,8,0.0,0.0,1,26,0.0,0.0,1,26,0.0,0.0,1,26,0.0,0.0,1,26,0.0,0.0,1,26,0.0,0.0,1,26,0.0,0.0,1,26,0.0,0.0,1,26,0.0,0.0,1,26,5.0,1.5,15,3,1.0,0.5,1,8,centre,0.0,0.0,1,26,corner,0.0,0.0,1.0,0.0,1,3,0.0,0.0,1,26,1.0,0.5,1,8,0.0,0.0,1,26,0.0,0.0,1,26,0.0,0.0,1,26,0.0,0.0,1,26,0.0,0.0,1,26,0.0,0.0,1,26,0.0,0.0,1,26,0.0,0.0,1,26,0.0,0.0,1,26,5.0,1.5,15,3,2.0,0.5,1,2,tesla_modal,1.0,0.0,1,2,tesla_modal,0.0,0.0
02JY9GYQ0Q9G,1203,60.2,1,x-bow,x_bow,building,15.5,18.5,dart_goblin,11.04,dart_goblin,2,0.0,0.0,26,0.0,0.0,1,26,0.0,0.0,1,26,0.5,0.5,11,16,0.0,0.0,1,26,0.0,0.0,1,26,0.0,0.0,1,26,0.0,0.0,1,26,0.3047,0.3047,1,26,1.0,1.0,1,8,0.0,0.0,1,26,0.0,0.0,5,22,0.0,0.0,1,26,10.9434,1.4,3,0,1.8047,1.8047,2,7,g9_18,1.0,1.0,1,8,corner,0.3047,0.3047,0.0,0.0,4,23,0.0,0.0,1,26,0.5,0.5,11,16,0.0,0.0,1,26,0.0,0.0,1,26,0.0,0.0,1,26,0.0,0.0,1,26,1.0,1.0,1,26,1.0,1.0,1,8,0.0,0.0,1,26,0.0,1.0,8,19,0.0,0.0,1,26,10.9434,1.4,3,0,2.5,2.5,4,7,g9_18,1.0,1.0,1,10,corner,1.0,1.0
02JY9GYQ0Q9G,2072,103.6,1,tesla,tesla,building,2.0,23.0,,0.0,,6,0.0,0.0,26,0.0,0.0,1,26,0.0,0.0,1,26,0.5,0.5,9,17,0.0,0.0,1,26,0.0,0.0,1,26,0.0,0.0,1,26,0.0,0.0,1,26,0.0,0.0,1,26,0.0,0.0,1,26,0.0,0.0,1,26,0.0,0.0,1,26,0.0,0.0,1,26,0.0,0.0,1,26,0.5,0.5,9,17,centre,0.0,0.0,1,26,corner,0.0,0.0,0.0,0.0,1,26,0.0,0.0,1,26,0.5,0.5,9,17,0.0,0.0,1,26,0.0,0.0,1,26,0.0,0.0,1,26,0.0,0.0,1,26,0.0,0.0,1,26,0.0,0.0,1,26,0.0,0.0,1,26,0.0,0.0,1,26,0.0,0.0,1,26,0.0,0.0,1,26,0.5,0.5,9,17,centre,0.0,0.0,1,26,corner,0.0,0.0
02JY9GYQ0Q9G,3248,162.4,1,tesla,tesla,building,9.0,21.0,valkyrie,9.89,valkyrie,3,0.0,0.0,26,1.0,0.0,1,6,-0.0,-0.0,1,17,0.5,0.5,1,16,0.0,0.0,1,26,0.0,0.0,1,26,0.0,0.0,1,26,0.0,0.0,1,26,0.0,0.0,1,26,0.0,0.0,1,26,0.0,0.0,1,26,0.0,0.0,2,25,-0.0,-0.0,1,26,2.6171,10.4985,14,1,1.5,0.5,1,2,tesla_modal,0.75,0.0,1,2,tesla_modal,0.0,0.0,1.0,0.0,1,6,-0.0,-0.0,1,17,0.5,0.5,1,16,0.0,0.0,1,26,0.0,0.0,1,26,0.0,0.0,1,26,0.0,0.0,1,26,0.0,0.0,1,26,0.0,0.0,1,26,0.0,0.0,1,26,0.0,0.0,1,26,-0.0,-0.0,1,26,2.6171,10.4985,14,1,1.5,0.5,1,2,tesla_modal,0.75,0.0,1,2,tesla_modal,0.0,0.0
02JY9GYQ0Q9G,3544,177.2,1,x-bow,x_bow,building,8.5,22.5,valkyrie,3.16,valkyrie,4,0.0,0.0,26,0.0,0.0,1,26,-0.0,-0.0,1,20,0.0,0.0,1,26,0.0,0.0,1,26,0.0,0.0,1,26,0.0,0.0,1,26,0.0,0.0,1,26,0.0,0.0,1,26,0.0,1.0,9,18,0.0,0.0,1,26,0.0,0.0,1,26,-0.0,-0.0,1,22,3.0595,10.5174,20,0,0.0,1.0,9,12,corner,0.0,1.0,9,12,corner,0.0,0.0,0.0,0.0,1,26,-0.0,-0.0,1,20,0.0,0.0,1,26,0.0,0.0,1,26,0.0,0.0,1,26,0.0,0.0,1,26,0.0,0.0,1,26,0.0,0.0,1,26,0.0,1.0,9,18,0.0,0.0,1,26,0.0,0.0,2,25,-0.0,-0.0,1,22,3.0595,10.5174,20,0,0.0,1.0,9,12,corner,0.0,1.0,9,12,corner,0.0,0.0
02LY9LJV20Q9,825,41.3,1,tesla,tesla,building,9.0,20.0,valkyrie,7.76,valkyrie,2,0.0,0.0,26,1.0,1.0,1,6,-0.0,-0.0,1,25,1.0,0.5,1,8,0.0,0.0,1,26,0.0,0.0,1,26,0.0,0.0,1,26,0.0,0.0,1,26,0.3423,0.3423,1,26,0.0,0.0,1,26,0.0,0.0,1,26,0.0,1.0,8,19,-0.0,-0.0,1,26,5.4767,2.7016,20,0,2.3423,1.8423,1,0,tesla_modal,1.0,0.75,1,0,corner,0.3423,0.3423,0.9491,1.0,7,0,-0.0,-0.0,1,25,1.0,0.5,1,8,0.0,0.0,1,26,0.0,0.0,1,26,0.0,0.0,1,26,0.0,0.0,1,26,0.3423,0.3423,1,26,0.0,0.0,1,26,0.0,0.0,1,26,0.0,1.0,8,19,-0.0,-0.0,1,26,5.4767,2.7016,20,0,2.2914,1.8423,1,0,tesla_modal,0.9491,0.75,1,0,corner,0.3423,0.3423
02LY9LJV20Q9,1434,71.7,1,tesla,tesla,building,6.0,22.0,inferno_dragon,4.59,inferno_dragon,3,0.0,0.0,26,0.0,0.0,1,26,0.0,0.0,1,26,0.7692,0.5,9,0,0.0,0.0,1,26,0.0,0.0,1,26,0.0,0.0,1,26,0.0,0.0,1,26,1.0,1.0,1,26,0.0,0.0,1,26,0.0,0.0,1,26,1.0,0.0,1,0,0.0,0.0,1,26,1.951,0.2478,21,0,1.7692,1.5,9,0,centre,0.0,0.0,1,26,corner,1.0,1.0,0.013,0.0,1,0,0.0,0.0,1,26,0.7692,0.5,9,0,0.0,0.0,1,26,0.0,0.0,1,26,0.0,0.0,1,26,0.0,0.0,1,26,1.0,1.0,1,26,0.0,0.0,1,26,0.0,0.0,1,26,1.0,0.0,1,0,0.0,0.0,1,26,1.951,0.2478,21,0,1.7822,1.5,9,0,centre,0.0115,0.0,1,0,corner,1.0,1.0
02LY9LJV20Q9,1706,85.3,1,x-bow,x_bow,building,9.5,22.5,zappies,15.14,zappies,3,0.0,0.0,26,0.45,0.0,4,0,0.0,0.0,1,26,1.0,0.5,1,8,0.0,0.0,1,26,0.0,0.0,1,26,0.0,0.0,1,26,0.0,0.0,1,26,0.0,0.0,1,26,0.0,1.0,9,18,0.0,0.0,1,26,0.0,0.0,1,26,0.0,0.0,1,26,4.4,12.4,18,0,1.45,1.5,11,0,g9_18,0.45,1.0,11,0,corner,0.0,0.0,1.0,0.0,1,3,0.0,0.0,1,26,1.0,0.5,1,8,0.0,0.0,1,26,0.0,0.0,1,26,0.0,0.0,1,26,0.0,0.0,1,26,0.0,0.0,1,26,0.0,1.0,9,18,0.0,0.0,1,26,0.0,0.0,1,26,0.0,0.0,1,26,4.4,12.4,18,0,2.0,1.5,2,2,g9_18,1.0,1.0,1,10,corner,0.0,0.0
02LY9LJV20Q9,2581,129.1,1,tesla,tesla,building,8.0,18.0,bowler,5.04,bowler,5,0.0,0.0,26,0.1348,0.0,6,0,0.0,0.0,1,26,0.443,0.5,27,0,0.0,0.0,1,26,0.0,0.0,1,26,0.0,0.0,1,26,0.0,0.0,1,26,0.0,0.0,1,26,0.0,0.0,1,26,0.0,0.0,1,26,0.0,0.5917,5,22,0.0,0.0,1,26,3.2696,2.7016,23,0,0.5778,0.5,12,0,tesla_modal,0.0973,0.0,6,0,tesla_modal,0.0,0.0,0.0,0.0,6,21,0.0,0.0,1,26,0.443,0.5,27,0,0.0,0.0,1,26,0.0,0.0,1,26,0.0,0.0,1,26,0.0,0.0,1,26,0.0,0.0,1,26,0.0,0.0,1,26,0.0,0.0,1,26,0.0,0.7896,6,21,0.0,0.0,1,26,3.2696,2.7016,23,0,0.443,0.5,27,0,tesla_modal,0.0,0.0,6,21,tesla_modal,0.0,0.0
02LY9LJV20Q9,3071,153.6,1,x-bow,x_bow,building,8.5,22.5,bowler,11.21,bowler,1,0.0,0.0,26,0.7,0.0,4,0,0.0,0.0,1,26,1.0,0.5,1,8,0.0,0.0,1,26,0.0,0.0,1,26,0.0,0.0,1,26,0.0,0.0,1,26,0.0,0.0,1,26,0.0,1.0,9,18,0.0,0.0,1,26,0.0,0.0,1,26,0.0,0.0,1,26,4.4,1.4,18,1,1.7,1.5,4,0,g9_18,0.7,1.0,11,0,corner,0.0,0.0,0.5292,0.0,4,0,0.0,0.0,1,26,1.0,0.5,1,8,0.0,0.0,1,26,0.0,0.0,1,26,0.0,0.0,1,26,0.0,0.0,1,26,0.0,0.0,1,26,0.0,1.0,9,18,0.0,0.0,1,26,0.0,0.0,1,26,0.0,0.0,1,26,4.4,1.4,18,1,1.5292,1.5,4,0,g9_18,0.5292,1.0,11,0,corner,0.0,0.0
02LY9LJV20Q9,3641,182.1,1,tesla,tesla,building,7.0,22.0,zappies,8.46,zappies,7,0.0,0.0,26,0.0,0.0,4,23,0.0,0.0,1,26,1.0,0.5,1,8,0.0,0.0,1,26,0.0,0.0,1,26,0.0,0.0,1,26,0.0,0.0,1,26,0.8119,0.8119,1,26,0.0,0.0,1,26,0.0,0.0,1,26,0.0,0.0,4,23,0.0,0.0,1,26,7.0,11.9901,10,0,1.8119,1.3119,4,6,tesla_modal,0.0,0.0,4,23,tesla_modal,0.8119,0.8119,0.0,0.0,4,23,0.0,0.0,1,26,1.0,0.5,1,8,0.0,0.0,1,26,0.0,0.0,1,26,0.0,0.0,1,26,0.0,0.0,1,26,0.8119,0.8119,1,26,0.0,0.0,1,26,0.0,0.0,1,26,0.0,0.0,7,20,0.0,0.0,1,26,7.0,11.9901,10,0,1.8119,1.3119,4,6,tesla_modal,0.0,0.0,4,23,tesla_modal,0.8119,0.8119
02LY9LJV20Q9,4152,207.6,1,x-bow,x_bow,building,9.5,22.5,valkyrie,6.68,valkyrie,6,0.0,0.0,26,0.0,1.0,10,17,-0.0,-0.0,1,21,1.0,0.5,1,8,0.0,0.0,1,26,0.0,0.0,1,26,0.0,0.0,1,26,0.0,0.0,1,26,0.0,0.0,1,26,0.0,1.0,9,18,0.0,0.0,1,26,0.0,1.0,10,17,-0.0,-0.0,1,24,3.5126,2.3988,19,0,1.0,2.5,12,6,corner,0.0,1.0,13,14,corner,0.0,0.0,0.0,1.0,10,17,-0.0,-0.0,1,21,1.0,0.5,1,8,0.0,0.0,1,26,0.0,0.0,1,26,0.0,0.0,1,26,0.0,0.0,1,26,0.0,0.0,1,26,0.0,1.0,9,18,0.0,0.0,1,26,0.0,1.0,10,17,-0.0,-0.0,1,24,3.5126,2.3988,19,0,1.0,2.5,12,6,corner,0.0,1.0,13,14,corner,0.0,0.0
02LY9LJV20Q9,4233,211.7,1,tesla,tesla,building,1.0,21.0,zappies,4.8,zappies,4,0.0,0.0,26,0.613,0.0,1,0,0.0,0.0,1,26,0.5,0.5,9,17,0.0,0.0,1,26,0.0,0.0,1,26,0.0,0.0,1,26,0.0,0.0,1,26,0.7239,0.7239,1,26,0.0,0.0,1,26,0.0,0.0,1,26,0.4979,0.0578,2,0,0.0,0.0,1,26,4.726,2.3785,17,0,1.8369,1.2239,1,0,centre,0.4597,0.0,1,0,g3_22,0.7239,0.7239,1.0,0.416,1,1,0.0,0.0,1,26,0.5,0.5,9,17,0.0,0.0,1,26,0.0,0.0,1,26,0.0,0.0,1,26,0.0,0.0,1,26,0.7239,0.7239,1,26,0.0,0.0,1,26,0.0,0.0,1,26,0.8513,1.0,4,0,0.0,0.0,1,26,4.726,2.3785,17,0,2.2239,1.6399,2,1,g9_22,0.75,0.312,1,1,g3_22,0.7239,0.7239
02LY9LJV20Q9,4721,236.1,1,tesla,tesla,building,2.0,18.0,zappies,3.19,zappies,4,0.0,0.0,26,0.0,0.0,4,23,0.0,0.0,1,26,0.5,0.5,9,17,0.0,0.0,1,26,0.0,0.0,1,26,0.0,0.0,1,26,0.0,0.0,1,26,0.0,0.0,1,26,0.0,0.0,1,26,0.0,0.0,1,26,0.7686,0.6306,2,0,0.0,0.0,1,26,1.9039,2.6044,26,0,0.5,0.5,10,16,g9_22,0.0,0.0,4,23,g9_22,0.0,0.0,0.1787,0.5289,9,0,0.0,0.0,1,26,0.5,0.5,9,17,0.0,0.0,1,26,0.0,0.0,1,26,0.0,0.0,1,26,0.0,0.0,1,26,0.0,0.0,1,26,0.0,0.0,1,26,0.0,0.0,1,26,1.0,0.9841,1,2,0.0,0.0,1,26,1.9039,2.6044,26,0,0.6787,1.0289,15,0,tesla_modal,0.134,0.3967,9,0,tesla_modal,0.0,0.0
02LY9LJV20Q9,4996,249.8,1,tesla,tesla,building,9.0,18.0,valkyrie,4.12,valkyrie,3,0.0,0.0,26,1.0,1.0,1,5,-0.0,-0.0,1,22,0.4663,0.5,26,1,0.0,0.0,1,26,0.0,0.0,1,26,0.0,0.0,1,26,0.0,0.0,1,26,1.0,1.0,1,26,0.0,0.0,1,26,0.0,0.0,1,26,1.0,1.0,1,6,-0.0,-0.0,1,23,2.9316,2.4159,19,1,2.4663,2.5,6,1,g9_22,0.7332,0.75,6,1,g9_22,1.0,1.0,1.0,1.0,1,5,-0.0,-0.0,1,22,0.4663,0.5,26,1,0.0,0.0,1,26,0.0,0.0,1,26,0.0,0.0,1,26,0.0,0.0,1,26,1.0,1.0,1,26,0.0,0.0,1,26,0.0,0.0,1,26,1.0,1.0,1,6,-0.0,-0.0,1,23,2.9316,2.4159,19,1,2.4663,2.5,6,1,g9_22,0.7332,0.75,6,1,g9_22,1.0,1.0
02LY9LJV20Q9,5172,258.6,1,x-bow,x_bow,building,9.5,22.5,zappies,9.44,zappies,2,0.0,0.0,26,0.0,0.0,5,22,0.0,0.0,1,26,1.0,0.5,1,8,0.0,0.0,1,26,0.0,0.0,1,26,0.0,0.0,1,26,0.0,0.0,1,26,0.0,0.0,1,26,0.0,1.0,9,18,0.0,0.0,1,26,0.0,0.1529,6,21,0.0,0.0,1,26,6.7324,2.5532,18,0,1.0,1.5,11,6,tesla_modal,0.0,1.0,12,15,corner,0.0,0.0,0.0,0.5033,9,18,0.0,0.0,1,26,1.0,0.5,1,8,0.0,0.0,1,26,0.0,0.0,1,26,0.0,0.0,1,26,0.0,0.0,1,26,0.0,0.0,1,26,0.0,1.0,9,18,0.0,0.0,1,26,0.0,1.0,8,19,0.0,0.0,1,26,6.7324,2.5532,18,0,1.0,2.0033,13,6,g9_18,0.0,1.0,13,14,corner,0.0,0.0
02LY9LJV20Q9,5322,266.1,1,tesla,tesla,building,9.0,20.0,zappies,6.36,zappies,5,0.0,0.0,26,0.75,0.0,1,2,0.0,0.0,1,26,1.0,0.5,1,8,0.0,0.0,1,26,0.0,0.0,1,26,0.0,0.0,1,26,0.0,0.0,1,26,0.0,0.0,1,26,0.0,0.0,1,26,0.0,0.0,1,26,0.0,0.0,5,22,0.0,0.0,1,26,5.0,11.7294,14,2,1.75,0.5,1,2,tesla_modal,0.75,0.0,1,2,tesla_modal,0.0,0.0,1.0,0.0,1,3,0.0,0.0,1,26,1.0,0.5,1,8,0.0,0.0,1,26,0.0,0.0,1,26,0.0,0.0,1,26,0.0,0.0,1,26,0.0,0.0,1,26,0.0,0.0,1,26,0.0,0.0,1,26,0.0,0.0,6,21,0.0,0.0,1,26,5.0,11.7294,14,2,2.0,0.5,1,2,tesla_modal,1.0,0.0,1,2,tesla_modal,0.0,0.0
02LY9LJV20Q9,5615,280.8,1,x-bow,x_bow,building,2.5,19.5,inferno_dragon,3.2,inferno_dragon,2,0.0,0.0,26,0.0,0.0,5,22,0.0,0.0,1,26,0.5,0.5,11,16,0.0,0.0,1,26,0.0,0.0,1,26,0.0,0.0,1,26,0.0,0.0,1,26,0.0,0.0,1,26,0.9616,1.0,9,0,0.0,0.0,1,26,0.3013,0.0,4,0,0.0,0.0,1,26,2.1,1.3723,23,0,1.4616,1.5,10,0,g9_18,0.9616,1.0,9,0,corner,0.0,0.0,0.0875,0.0,5,0,0.0,0.0,1,26,0.5,0.5,11,16,0.0,0.0,1,26,0.0,0.0,1,26,0.0,0.0,1,26,0.0,0.0,1,26,0.0,0.0,1,26,0.9616,1.0,9,0,0.0,0.0,1,26,0.5888,0.1648,4,0,0.0,0.0,1,26,2.1,1.3723,23,0,1.5491,1.5,2,0,g9_18,1.0,1.0,1,8,corner,0.0,0.0
02LY9LJV8Q0C,503,25.2,1,x-bow,x_bow,building,15.5,19.5,,0.0,,0,0.0,0.0,26,0.0,0.0,1,26,0.0,0.0,1,26,0.5,0.5,11,16,0.0,0.0,1,26,0.0,0.0,1,26,0.0,0.0,1,26,0.0,0.0,1,26,0.0,0.0,1,26,0.9616,1.0,9,0,0.0,0.0,1,26,0.0,0.0,1,26,0.0,0.0,1,26,0.0,0.0,1,26,1.4616,1.5,9,0,g9_18,0.9616,1.0,9,0,corner,0.0,0.0,0.0,0.0,1,26,0.0,0.0,1,26,0.5,0.5,11,16,0.0,0.0,1,26,0.0,0.0,1,26,0.0,0.0,1,26,0.0,0.0,1,26,0.0,0.0,1,26,0.9616,1.0,9,0,0.0,0.0,1,26,0.0,0.0,1,26,0.0,0.0,1,26,0.0,0.0,1,26,1.4616,1.5,9,0,g9_18,0.9616,1.0,9,0,corner,0.0,0.0
02LY9LJV8Q0C,1431,71.6,1,x-bow,x_bow,building,15.5,19.5,,0.0,,0,0.0,0.0,26,0.0,0.0,1,26,0.0,0.0,1,26,0.5,0.5,11,16,0.0,0.0,1,26,0.0,0.0,1,26,0.0,0.0,1,26,0.0,0.0,1,26,0.0,0.0,1,26,0.9616,1.0,9,0,0.0,0.0,1,26,0.0,0.0,1,26,0.0,0.0,1,26,0.0,0.0,1,26,1.4616,1.5,9,0,g9_18,0.9616,1.0,9,0,corner,0.0,0.0,0.0,0.0,1,26,0.0,0.0,1,26,0.5,0.5,11,16,0.0,0.0,1,26,0.0,0.0,1,26,0.0,0.0,1,26,0.0,0.0,1,26,0.0,0.0,1,26,0.9616,1.0,9,0,0.0,0.0,1,26,0.0,0.0,1,26,0.0,0.0,1,26,0.0,0.0,1,26,1.4616,1.5,9,0,g9_18,0.9616,1.0,9,0,corner,0.0,0.0
02LY9LJV8Q0C,1536,76.8,1,tesla,tesla,building,13.0,18.0,balloon,3.09,balloon,2,0.0,0.0,26,1.0,0.0,1,3,-0.0,-0.0,1,23,0.5,0.5,9,17,0.0,0.0,1,26,0.0,0.0,1,26,0.0,0.0,1,26,0.0,0.0,1,26,1.0,1.0,1,26,0.0,0.0,1,26,0.0,0.0,1,26,1.0,0.0,1,6,-0.0,-0.0,1,26,2.2456,13.5357,22,0,2.5,1.5,1,2,lane_R,0.75,0.0,1,2,lane_R,1.0,1.0,0.4446,0.0,2,0,0.0,0.0,1,26,0.5,0.5,9,17,0.0,0.0,1,26,0.0,0.0,1,26,0.0,0.0,1,26,0.0,0.0,1,26,1.0,1.0,1,26,0.0,0.0,1,26,0.0,0.0,1,26,0.8686,0.0,4,0,0.0,0.0,1,26,2.2456,13.5357,22,0,1.9446,1.5,10,0,g9_18,0.3334,0.0,2,0,g9_18,1.0,1.0
02LY9LJV8Q0C,2301,115.1,1,x-bow,x_bow,building,15.5,19.5,,0.0,,0,0.0,0.0,26,0.0,0.0,1,26,0.0,0.0,1,26,0.5,0.5,11,16,0.0,0.0,1,26,0.0,0.0,1,26,0.0,0.0,1,26,0.0,0.0,1,26,0.0,0.0,1,26,0.9616,1.0,9,0,0.0,0.0,1,26,0.0,0.0,1,26,0.0,0.0,1,26,0.0,0.0,1,26,1.4616,1.5,9,0,g9_18,0.9616,1.0,9,0,corner,0.0,0.0,0.0,0.0,1,26,0.0,0.0,1,26,0.5,0.5,11,16,0.0,0.0,1,26,0.0,0.0,1,26,0.0,0.0,1,26,0.0,0.0,1,26,0.0,0.0,1,26,0.9616,1.0,9,0,0.0,0.0,1,26,0.0,0.0,1,26,0.0,0.0,1,26,0.0,0.0,1,26,1.4616,1.5,9,0,g9_18,0.9616,1.0,9,0,corner,0.0,0.0
02LY9LJV8Q0C,2795,139.8,1,x-bow,x_bow,building,15.5,19.5,musketeer,2.3,musketeer,1,0.0,0.0,26,0.0,0.0,3,24,0.0,0.0,1,26,0.5,0.5,11,16,0.0,0.0,1,26,0.0,0.0,1,26,0.0,0.0,1,26,0.0,0.0,1,26,0.0,0.0,1,26,0.9616,1.0,9,0,0.0,0.0,1,26,0.0,0.0,3,24,0.0,0.0,1,26,0.0,13.4431,26,1,1.4616,1.5,10,0,g9_18,0.9616,1.0,9,0,corner,0.0,0.0,0.0,0.0,5,22,0.0,0.0,1,26,0.5,0.5,11,16,0.0,0.0,1,26,0.0,0.0,1,26,0.0,0.0,1,26,0.0,0.0,1,26,0.0,0.0,1,26,0.9616,1.0,9,0,0.0,0.0,1,26,0.3302,0.0,4,0,0.0,0.0,1,26,0.0,13.4431,26,1,1.4616,1.5,10,0,g9_18,0.9616,1.0,9,0,corner,0.0,0.0
02LY9LJV8Q0C,3205,160.3,1,tesla,tesla,building,11.0,20.0,miner,5.12,miner,5,0.0,0.0,26,0.0,0.0,1,26,-0.5169,-0.0,25,0,0.7332,0.5,9,0,0.0,0.0,1,26,0.0,0.0,1,26,0.0,0.0,1,26,0.0,0.0,1,26,1.0,1.0,1,26,0.0,0.0,1,26,0.0,0.0,1,26,0.0,0.0,2,25,-0.0,-0.0,1,25,1.0627,10.5853,25,0,1.2162,1.5,25,0,centre,-0.3,0.0,25,2,corner,1.0,1.0,0.0,0.0,1,26,0.0,0.0,1,26,0.7332,0.5,9,0,0.0,0.0,1,26,0.0,0.0,1,26,0.0,0.0,1,26,0.0,0.0,1,26,1.0,1.0,1,26,0.0,0.0,1,26,0.0,0.0,1,26,0.0,0.0,1,26,0.0,0.0,1,26,1.0627,10.5853,25,0,1.7332,1.5,9,0,centre,0.0,0.0,1,26,corner,1.0,1.0
02LY9LJV8Q0C,3453,172.7,1,x-bow,x_bow,building,15.5,19.5,musketeer,2.11,musketeer,1,0.0,0.0,26,0.0,0.0,3,24,0.0,0.0,1,26,0.5,0.5,11,16,0.0,0.0,1,26,0.0,0.0,1,26,0.0,0.0,1,26,0.0,0.0,1,26,0.1017,0.1017,1,26,0.9616,1.0,9,0,0.0,0.0,1,26,0.0,0.0,3,24,0.0,0.0,1,26,0.0,13.0614,24,3,1.5633,1.6017,9,0,g9_18,0.9616,1.0,9,0,corner,0.1017,0.1017,0.0,0.0,3,24,0.0,0.0,1,26,0.5,0.5,11,16,0.0,0.0,1,26,0.0,0.0,1,26,0.0,0.0,1,26,0.0,0.0,1,26,1.0,1.0,1,26,0.9616,1.0,9,0,0.0,0.0,1,26,0.2311,0.0,5,0,0.0,0.0,1,26,0.0,13.0614,24,3,2.4616,2.5,10,0,g9_18,0.9616,1.0,10,0,corner,1.0,1.0
02LY9LJV8Q0C,3627,181.4,1,tesla,tesla,building,13.0,18.0,ice_golem,2.94,ice_golem,5,0.0,0.0,26,0.625,0.0,5,0,-0.4286,-0.0,22,0,0.5,0.5,9,17,0.0,0.0,1,26,0.0,0.0,1,26,0.0,0.0,1,26,0.0,0.0,1,26,0.0,0.0,1,26,0.0,0.0,1,26,0.0,0.0,1,26,1.0,0.0,1,3,-0.0,-0.0,1,26,1.0,10.5186,22,0,0.6964,0.5,11,0,tesla_modal,0.1688,0.0,5,0,tesla_modal,0.0,0.0,0.5861,0.0,5,0,-0.4529,-0.0,22,0,0.5,0.5,9,17,0.0,0.0,1,26,0.0,0.0,1,26,0.0,0.0,1,26,0.0,0.0,1,26,0.0,0.0,1,26,0.0,0.0,1,26,0.0,0.0,1,26,1.0,0.0,1,3,-0.0,-0.0,1,26,1.0,10.5186,22,0,0.6332,0.5,11,0,tesla_modal,0.1396,0.0,5,0,tesla_modal,0.0,0.0
02LY9LJV8Q0C,3933,196.7,1,x-bow,x_bow,building,10.5,18.5,ice_golem,5.23,ice_golem,5,0.0,0.0,26,0.943,0.0,9,0,-0.0651,-0.0,26,0,0.5668,0.5,9,0,0.0,0.0,1,26,0.0,0.0,1,26,0.0,0.0,1,26,0.0,0.0,1,26,0.0,0.0,1,26,1.0,1.0,1,8,0.0,0.0,1,26,0.4296,0.0,5,0,-0.0,-0.0,1,26,1.6361,10.4454,26,0,2.4448,1.5,4,0,g9_18,0.9349,1.0,11,0,corner,0.0,0.0,0.9041,0.0,9,0,-0.1049,-0.0,26,0,0.5668,0.5,9,0,0.0,0.0,1,26,0.0,0.0,1,26,0.0,0.0,1,26,0.0,0.0,1,26,0.0,0.0,1,26,1.0,1.0,1,8,0.0,0.0,1,26,0.0685,0.0,5,0,-0.0,-0.0,1,26,1.6361,10.4454,26,0,2.3661,1.5,4,0,g9_18,0.8951,1.0,11,0,corner,0.0,0.0
02LY9LJV8Q0C,4126,206.3,1,tesla,tesla,building,13.0,18.0,musketeer,3.92,musketeer,2,0.0,0.0,26,0.0,0.0,4,23,0.0,0.0,1,26,0.5,0.5,9,17,0.0,0.0,1,26,0.0,0.0,1,26,0.0,0.0,1,26,0.0,0.0,1,26,0.0525,0.0525,1,26,0.0,0.0,1,26,0.0,0.0,1,26,0.0,0.0,4,23,0.0,0.0,1,26,1.1286,11.685,27,0,0.5525,0.5525,10,16,g9_22,0.0,0.0,4,23,g9_22,0.0525,0.0525,0.0,0.0,8,19,0.0,0.0,1,26,0.5,0.5,9,17,0.0,0.0,1,26,0.0,0.0,1,26,0.0,0.0,1,26,0.0,0.0,1,26,0.0525,0.0525,1,26,0.0,0.0,1,26,0.0,0.0,1,26,1.0,0.0,1,2,0.0,0.0,1,26,1.1286,11.685,27,0,0.5525,0.5525,14,13,tesla_modal,0.0,0.0,8,19,tesla_modal,0.0525,0.0525
02LY9LJV8Q0C,4512,225.6,1,x-bow,x_bow,building,9.5,21.5,ice_golem,5.31,ice_golem,3,0.0,0.0,26,0.0,0.0,1,26,-0.0,-0.0,1,24,1.0,0.5,1,8,0.0,0.0,1,26,0.0,0.0,1,26,0.0,0.0,1,26,0.0,0.0,1,26,0.0,0.0,1,26,0.0,1.0,8,19,0.0,0.0,1,26,0.0,0.0,1,26,-0.0,-0.0,1,25,5.4072,4.727,14,0,1.0,1.5,8,8,corner,0.0,1.0,8,17,corner,0.0,0.0,0.0,0.0,1,26,-0.0,-0.0,1,24,1.0,0.5,1,8,0.0,0.0,1,26,0.0,0.0,1,26,0.0,0.0,1,26,0.0,0.0,1,26,0.0,0.0,1,26,0.0,1.0,9,18,0.0,0.0,1,26,0.0,0.0,1,26,-0.0,-0.0,1,25,5.4072,4.727,14,0,1.0,1.5,9,8,g9_18,0.0,1.0,9,16,corner,0.0,0.0
02LY9LJV8Q0C,4785,239.3,1,tesla,tesla,building,10.0,19.0,miner,8.25,miner,4,0.0,0.0,26,0.0,0.0,1,26,-0.0,-0.0,1,24,0.7692,0.5,9,0,0.0,0.0,1,26,0.0,0.0,1,26,0.0,0.0,1,26,0.0,0.0,1,26,1.0,1.0,1,26,0.0,0.0,1,26,0.0,0.0,1,26,0.0,0.0,1,26,-0.0,-0.0,1,26,7.4057,14.2648,10,0,1.7692,1.5,9,0,centre,0.0,0.0,1,24,corner,1.0,1.0,0.0,0.0,1,26,0.0,0.0,1,26,0.7692,0.5,9,0,0.0,0.0,1,26,0.0,0.0,1,26,0.0,0.0,1,26,0.0,0.0,1,26,1.0,1.0,1,26,0.0,0.0,1,26,0.0,0.0,1,26,0.0,0.0,1,26,0.0,0.0,1,26,7.4057,14.2648,10,0,1.7692,1.5,9,0,centre,0.0,0.0,1,26,corner,1.0,1.0
02QY9Q8VCCYQ,378,18.9,1,tesla,tesla,building,9.0,18.0,,0.0,,0,0.0,0.0,26,0.0,0.0,1,26,0.0,0.0,1,26,0.4663,0.5,26,1,0.0,0.0,1,26,0.0,0.0,1,26,0.0,0.0,1,26,0.0,0.0,1,26,0.0,0.0,1,26,0.0,0.0,1,26,0.0,0.0,1,26,0.0,0.0,1,26,0.0,0.0,1,26,0.0,0.0,1,26,0.4663,0.5,26,1,centre,0.0,0.0,1,26,corner,0.0,0.0,0.0,0.0,1,26,0.0,0.0,1,26,0.4663,0.5,26,1,0.0,0.0,1,26,0.0,0.0,1,26,0.0,0.0,1,26,0.0,0.0,1,26,0.0,0.0,1,26,0.0,0.0,1,26,0.0,0.0,1,26,0.0,0.0,1,26,0.0,0.0,1,26,0.0,0.0,1,26,0.4663,0.5,26,1,centre,0.0,0.0,1,26,corner,0.0,0.0
02QY9Q8VCCYQ,685,34.3,1,x-bow,x_bow,building,13.5,19.5,bowler,20.1,bowler,1,0.0,0.0,26,0.0,0.0,4,23,0.0,0.0,1,26,0.5,0.5,11,16,0.0,0.0,1,26,0.0,0.0,1,26,0.0,0.0,1,26,0.0,0.0,1,26,0.0,0.0,1,26,0.9616,1.0,9,0,0.0,0.0,1,26,0.0,0.0,1,26,0.0,0.0,1,26,9.4,1.4,9,1,1.4616,1.5,11,0,g9_18,0.9616,1.0,9,0,corner,0.0,0.0,0.0,0.0,4,23,0.0,0.0,1,26,0.5,0.5,11,16,0.0,0.0,1,26,0.0,0.0,1,26,0.0,0.0,1,26,0.0,0.0,1,26,0.0,0.0,1,26,0.9616,1.0,9,0,0.0,0.0,1,26,0.0,0.0,1,26,0.0,0.0,1,26,9.4,1.4,9,1,1.4616,1.5,11,0,g9_18,0.9616,1.0,9,0,corner,0.0,0.0
02QY9Q8VCCYQ,1608,80.4,1,tesla,tesla,building,9.0,18.0,baby_dragon,13.23,baby_dragon,1,0.0,0.0,26,0.4612,0.0,5,1,0.0,0.0,1,26,0.4663,0.5,26,1,0.0,0.0,1,26,0.0,0.0,1,26,0.0,0.0,1,26,0.0,0.0,1,26,0.0,0.0,1,26,0.0,0.0,1,26,0.0,0.0,1,26,0.0,0.0,1,26,0.0,0.0,1,26,3.4223,10.8747,19,1,0.9275,0.5,9,1,centre,0.3381,0.0,5,1,centre,0.0,0.0,0.7487,0.0,5,1,0.0,0.0,1,26,0.4663,0.5,26,1,0.0,0.0,1,26,0.0,0.0,1,26,0.0,0.0,1,26,0.0,0.0,1,26,0.0,0.0,1,26,0.0,0.0,1,26,0.0,0.0,1,26,0.0,0.0,1,26,0.0,0.0,1,26,3.4223,10.8747,19,1,1.215,0.5,5,1,centre,0.5489,0.0,5,1,centre,0.0,0.0
02QY9Q8VCCYQ,1871,93.6,1,x-bow,x_bow,building,15.5,19.5,goblin_brawler,2.47,goblin_brawler,2,0.0,0.0,26,1.0,0.0,1,5,-0.0,-0.0,1,23,0.5,0.5,11,16,0.0,0.0,1,26,0.0,0.0,1,26,0.0,0.0,1,26,0.0,0.0,1,26,0.3821,0.3821,1,26,0.9616,1.0,9,0,0.0,0.0,1,26,1.0,0.0,1,6,-0.0,-0.0,1,24,2.3658,6.4711,23,0,2.8437,1.8821,2,0,corner_R,1.0,1.0,1,7,corner,0.3821,0.3821,0.4107,0.0,6,0,0.0,0.0,1,26,0.5,0.5,11,16,0.0,0.0,1,26,0.0,0.0,1,26,0.0,0.0,1,26,0.0,0.0,1,26,0.0,0.0,1,26,0.9616,1.0,9,0,0.0,0.0,1,26,0.4107,0.0,7,0,0.0,0.0,1,26,2.3658,6.4711,23,0,1.8723,1.5,4,0,corner_R,1.0,1.0,1,9,corner,0.0,0.0
02QY9Q8VCCYQ,2908,145.4,1,tesla,tesla,building,9.0,18.0,baby_dragon,0.81,baby_dragon,4,0.0,0.0,26,0.0,0.0,10,17,0.0,0.0,1,26,0.2332,0.5,17,1,0.0,0.0,1,26,0.0,0.0,1,26,0.0,0.0,1,26,0.0,0.0,1,26,1.0,1.0,1,26,0.0,0.0,1,26,0.0,0.0,1,26,0.0,0.0,13,14,0.0,0.0,1,26,0.8132,5.615,24,1,1.2332,1.5,21,1,bow_modal_L,0.0,0.0,10,17,bow_modal_L,1.0,1.0,0.0,0.0,13,14,0.0,0.0,1,26,0.2332,0.5,17,1,0.0,0.0,1,26,0.0,0.0,1,26,0.0,0.0,1,26,0.0,0.0,1,26,1.0,1.0,1,26,0.0,0.0,1,26,0.0,0.0,1,26,0.0,0.0,14,13,0.0,0.0,1,26,0.8132,5.615,24,1,1.2332,1.5,21,1,bow_modal_L,0.0,0.0,13,14,bow_modal_L,1.0,1.0
02QY9Q8VCCYQ,3327,166.4,1,tesla,tesla,building,10.0,18.0,electro_giant,7.17,electro_giant,3,0.0,0.0,26,0.0,0.0,1,26,-0.0,-0.0,1,21,0.0251,0.5,18,0,0.0,0.0,1,26,0.0,0.0,1,26,0.0,0.0,1,26,0.0,0.0,1,26,1.0,1.0,1,26,0.0,0.0,1,26,0.0,0.0,1,26,0.0,0.0,1,26,-0.0,-0.0,1,23,7.4174,10.5146,9,0,1.0251,1.5,16,0,corner,0.0,0.0,1,21,corner,1.0,1.0,0.0,0.0,1,26,0.0,0.0,1,26,0.0251,0.5,18,0,0.0,0.0,1,26,0.0,0.0,1,26,0.0,0.0,1,26,0.0,0.0,1,26,1.0,1.0,1,26,0.0,0.0,1,26,0.0,0.0,1,26,0.0,0.0,1,26,0.0,0.0,1,26,7.4174,10.5146,9,0,1.0251,1.5,18,0,corner,0.0,0.0,1,26,corner,1.0,1.0
02QY9Q8VCCYQ,3592,179.6,1,tesla,tesla,building,12.0,18.0,electro_giant,1.07,electro_giant,3,0.0,0.0,26,0.5157,0.0,9,0,-0.4403,-0.0,20,0,0.0,0.5,18,9,0.0,0.0,1,26,0.0,0.0,1,26,0.0,0.0,1,26,0.0,0.0,1,26,1.0,1.0,1,26,0.0,0.0,1,26,0.0,0.0,1,26,0.5584,0.0,11,0,-0.4014,-0.0,25,0,1.2314,10.6211,20,0,1.0754,1.5,19,0,lane,-0.0422,0.0,20,0,lane,1.0,1.0,0.0,0.0,9,18,0.0,0.0,1,26,0.0,0.5,18,9,0.0,0.0,1,26,0.0,0.0,1,26,0.0,0.0,1,26,0.0,0.0,1,26,1.0,1.0,1,26,0.0,0.0,1,26,0.0,0.0,1,26,0.0,0.0,13,14,0.0,0.0,1,26,1.2314,10.6211,20,0,1.0,1.5,21,6,lane,0.0,0.0,9,18,lane,1.0,1.0
02QY9Q8VGVGQ,695,34.8,1,x-bow,x_bow,building,2.5,19.5,musketeer,2.5,musketeer,2,0.0,0.0,26,0.0,0.0,3,24,0.0,0.0,1,26,0.5,0.5,11,16,0.0,0.0,1,26,0.0,0.0,1,26,0.0,0.0,1,26,0.0,0.0,1,26,0.0,0.0,1,26,0.9616,1.0,9,0,0.0,0.0,1,26,0.0,0.0,3,24,0.0,0.0,1,26,0.0,1.2054,27,0,1.4616,1.5,9,0,g9_18,0.9616,1.0,9,0,corner,0.0,0.0,0.0,0.0,4,23,0.0,0.0,1,26,0.5,0.5,11,16,0.0,0.0,1,26,0.0,0.0,1,26,0.0,0.0,1,26,0.0,0.0,1,26,0.6113,0.6113,1,26,0.9616,1.0,9,0,0.0,0.0,1,26,0.4283,0.528,9,0,0.0,0.0,1,26,0.0,1.2054,27,0,2.0729,2.1113,11,0,g9_18,0.9616,1.0,10,0,corner,0.6113,0.6113
02QY9Q8VGVGQ,1628,81.4,1,tesla,tesla,building,9.0,18.0,ice_golem,6.45,ice_golem,2,0.0,0.0,26,1.0,0.875,1,3,-0.0,-0.1429,1,19,0.4663,0.5,26,1,0.0,0.0,1,26,0.0,0.0,1,26,0.0,0.0,1,26,0.0,0.0,1,26,0.0,0.0,1,26,0.0,0.0,1,26,0.0,0.0,1,26,0.0,0.43,5,22,-0.0,-0.0,1,26,5.0,1.5,15,3,1.4663,1.2321,3,1,tesla_modal,0.7332,0.5134,3,1,tesla_modal,0.0,0.0,1.0,0.8361,1,3,-0.0,-0.1793,1,19,0.4663,0.5,26,1,0.0,0.0,1,26,0.0,0.0,1,26,0.0,0.0,1,26,0.0,0.0,1,26,0.0,0.0,1,26,0.0,0.0,1,26,0.0,0.0,1,26,0.0,0.0689,4,23,-0.0,-0.0,1,26,5.0,1.5,15,3,1.4663,1.1568,3,1,tesla_modal,0.7332,0.4478,3,1,tesla_modal,0.0,0.0
02QY9Q8VGVGQ,1811,90.6,1,x-bow,x_bow,building,15.5,19.5,musketeer,10.73,musketeer,1,0.0,0.0,26,0.0,0.0,1,26,0.0,0.0,1,26,0.5,0.5,11,16,0.0,0.0,1,26,0.0,0.0,1,26,0.0,0.0,1,26,0.0,0.0,1,26,0.0,0.0,1,26,0.9616,1.0,9,0,0.0,0.0,1,26,0.0,0.0,2,25,0.0,0.0,1,26,10.6181,1.4,5,0,1.4616,1.5,9,0,g9_18,0.9616,1.0,9,0,corner,0.0,0.0,0.0,0.0,4,23,0.0,0.0,1,26,0.5,0.5,11,16,0.0,0.0,1,26,0.0,0.0,1,26,0.0,0.0,1,26,0.0,0.0,1,26,0.0,0.0,1,26,0.9616,1.0,9,0,0.0,0.0,1,26,0.0,0.0,2,25,0.0,0.0,1,26,10.6181,1.4,5,0,1.4616,1.5,11,0,g9_18,0.9616,1.0,11,0,corner,0.0,0.0
02QY9Q8VGVGQ,2952,147.6,1,tesla,tesla,building,8.0,22.0,ice_golem,7.29,ice_golem,2,0.0,0.0,26,1.0,0.875,1,3,-0.0,-0.1429,1,19,1.0,0.5,1,8,0.0,0.0,1,26,0.0,0.0,1,26,0.0,0.0,1,26,0.0,0.0,1,26,0.8,0.8,1,26,0.0,0.0,1,26,0.0,0.0,1,26,0.7,1.0,9,0,-0.0,-0.0,1,26,4.0,1.5,20,0,2.8,2.0321,1,2,tesla_modal,1.0,0.5134,1,2,tesla_modal,0.8,0.8,1.0,0.8361,1,3,-0.0,-0.1793,1,19,1.0,0.5,1,8,0.0,0.0,1,26,0.0,0.0,1,26,0.0,0.0,1,26,0.0,0.0,1,26,0.8,0.8,1,26,0.0,0.0,1,26,0.0,0.0,1,26,0.3389,1.0,9,0,-0.0,-0.0,1,26,4.0,1.5,20,0,2.8,1.9568,1,2,tesla_modal,1.0,0.4478,1,2,tesla_modal,0.8,0.8
02QY9Q8VGVGQ,3462,173.1,1,x-bow,x_bow,building,15.5,19.5,,0.0,,3,0.0,0.0,26,0.0,0.0,1,26,0.0,0.0,1,26,0.5,0.5,11,16,0.0,0.0,1,26,0.0,0.0,1,26,0.0,0.0,1,26,0.0,0.0,1,26,0.0,0.0,1,26,0.9616,1.0,9,0,0.0,0.0,1,26,0.0,0.0,1,26,0.0,0.0,1,26,0.0,0.0,1,26,1.4616,1.5,9,0,g9_18,0.9616,1.0,9,0,corner,0.0,0.0,0.0,0.0,1,26,0.0,0.0,1,26,0.5,0.5,11,16,0.0,0.0,1,26,0.0,0.0,1,26,0.0,0.0,1,26,0.0,0.0,1,26,0.0,0.0,1,26,0.9616,1.0,9,0,0.0,0.0,1,26,0.0,0.0,1,26,0.0,0.0,1,26,0.0,0.0,1,26,1.4616,1.5,9,0,g9_18,0.9616,1.0,9,0,corner,0.0,0.0
02QY9Q900RQL,725,36.3,1,tesla,tesla,building,2.0,18.0,minions,2.93,minions,5,0.0,0.0,26,0.716,0.7243,3,0,0.0,0.0,1,26,0.5,0.5,9,17,0.0,0.0,1,26,0.0,0.0,1,26,0.0,0.0,1,26,0.0,0.0,1,26,1.0,1.0,1,26,0.0,0.0,1,26,0.0,0.0,1,26,0.716,0.7243,3,0,0.0,0.0,1,26,2.932,2.9486,22,0,2.216,2.2243,3,0,tesla_true,0.537,0.5432,3,0,tesla_true,1.0,1.0,0.5035,0.5118,3,0,0.0,0.0,1,26,0.5,0.5,9,17,0.0,0.0,1,26,0.0,0.0,1,26,0.0,0.0,1,26,0.0,0.0,1,26,1.0,1.0,1,26,0.0,0.0,1,26,0.0,0.0,1,26,0.5035,0.5118,3,0,0.0,0.0,1,26,2.932,2.9486,22,0,2.0035,2.0118,3,0,tesla_true,0.3776,0.3838,3,0,tesla_true,1.0,1.0
02QY9Q900RQL,1624,81.2,1,x-bow,x_bow,building,9.5,21.5,,0.0,,0,0.0,0.0,26,0.0,0.0,1,26,0.0,0.0,1,26,1.0,0.5,1,8,0.0,0.0,1,26,0.0,0.0,1,26,0.0,0.0,1,26,0.0,0.0,1,26,0.0,0.0,1,26,0.0,0.0,4,23,0.0,0.0,1,26,0.0,0.0,1,26,0.0,0.0,1,26,0.0,0.0,1,26,1.0,0.5,4,8,bow_modal_R,0.0,0.0,4,23,bow_modal_R,0.0,0.0,0.0,0.0,1,26,0.0,0.0,1,26,1.0,0.5,1,8,0.0,0.0,1,26,0.0,0.0,1,26,0.0,0.0,1,26,0.0,0.0,1,26,0.0,0.0,1,26,0.0,1.0,9,18,0.0,0.0,1,26,0.0,0.0,1,26,0.0,0.0,1,26,0.0,0.0,1,26,1.0,1.5,9,8,g9_18,0.0,1.0,9,18,corner,0.0,0.0
02QY9Q900RQL,2517,125.9,1,x-bow,x_bow,building,9.5,21.5,rascals,5.04,rascals,3,0.0,0.0,26,1.0,1.0,1,6,-0.0,-0.0,1,23,0.5,0.0,1,17,0.0,0.0,1,26,0.0,0.0,1,26,0.0,0.0,1,26,0.0,0.0,1,26,0.0,0.0,1,26,0.0,0.0,4,23,0.0,0.0,1,26,1.0,1.0,1,6,-0.0,-0.0,1,23,5.0345,2.2571,18,0,1.5,1.0,1,5,tesla_modal,0.75,0.5,4,2,bow_modal_R,0.0,0.0,1.0,0.3553,1,3,0.0,0.0,1,26,0.5,0.0,1,17,0.0,0.0,1,26,0.0,0.0,1,26,0.0,0.0,1,26,0.0,0.0,1,26,0.0,0.0,1,26,0.0,1.0,9,18,0.0,0.0,1,26,1.0,0.3553,1,4,0.0,0.0,1,26,5.0345,2.2571,18,0,1.5,1.3553,2,6,g9_18,0.75,1.0,9,3,corner,0.0,0.0
02QY9Q900RQL,2656,132.8,1,tesla,tesla,building,2.0,18.0,rascals,5.59,rascals,6,0.0,0.0,26,0.831,0.6889,11,0,-0.0,-0.0,1,23,0.0,0.0,19,8,0.0,0.0,1,26,0.0,0.0,1,26,0.0,0.0,1,26,0.0,0.0,1,26,1.0,1.0,1,26,0.0,0.0,1,26,0.0,0.0,1,26,0.831,0.6889,11,0,-0.0,-0.0,1,24,5.8381,6.1222,13,0,1.831,1.6889,11,0,skel_cell,0.4155,0.3445,11,0,skel_cell,1.0,1.0,0.9344,0.7924,6,0,0.0,0.0,1,26,0.0,0.0,19,8,0.0,0.0,1,26,0.0,0.0,1,26,0.0,0.0,1,26,0.0,0.0,1,26,1.0,1.0,1,26,0.0,0.0,1,26,0.0,0.0,1,26,0.9344,0.7924,7,0,0.0,0.0,1,26,5.8381,6.1222,13,0,1.9344,1.7924,7,0,lane_R,0.4672,0.3962,7,0,lane_R,1.0,1.0
02QY9Q900RQL,2971,148.6,1,x-bow,x_bow,building,9.5,21.5,minions,3.13,minions,6,0.0,0.0,26,0.3584,1.0,10,0,0.0,0.0,1,26,0.5,0.0,1,17,0.0,0.0,1,26,0.0,0.0,1,26,0.0,0.0,1,26,0.0,0.0,1,26,1.0,1.0,1,26,0.0,1.0,9,18,0.0,0.0,1,26,0.7635,1.0,9,0,0.0,0.0,1,26,2.2169,4.3171,19,0,1.8584,3.0,12,0,g9_18,0.2688,1.0,13,0,corner,1.0,1.0,0.1459,1.0,10,0,0.0,0.0,1,26,0.5,0.0,1,17,0.0,0.0,1,26,0.0,0.0,1,26,0.0,0.0,1,26,0.0,0.0,1,26,1.0,1.0,1,26,0.0,1.0,9,18,0.0,0.0,1,26,0.551,1.0,11,0,0.0,0.0,1,26,2.2169,4.3171,19,0,1.6459,3.0,12,0,corner,0.1094,1.0,13,0,corner,1.0,1.0
02QY9Q900RQL,3298,164.9,1,tesla,tesla,building,7.0,18.0,rascals,4.41,rascals,6,0.0,0.0,26,1.0,0.0,1,6,-0.0,-0.0,1,23,0.0,0.0,19,8,0.0,0.0,1,26,0.0,0.0,1,26,0.0,0.0,1,26,0.0,0.0,1,26,1.0,1.0,1,26,0.0,0.0,1,26,0.0,0.0,1,26,1.0,0.0,1,8,-0.0,-0.0,1,26,4.6559,5.9014,14,0,2.0,1.0,5,3,tesla_modal,0.5,0.0,5,3,tesla_modal,1.0,1.0,1.0,0.0,1,0,0.0,0.0,1,26,0.0,0.0,19,8,0.0,0.0,1,26,0.0,0.0,1,26,0.0,0.0,1,26,0.0,0.0,1,26,1.0,1.0,1,26,0.0,0.0,1,26,0.0,0.0,1,26,1.0,0.0,1,2,0.0,0.0,1,26,4.6559,5.9014,14,0,2.0,1.0,3,0,tesla_modal,0.5,0.0,2,0,tesla_modal,1.0,1.0
02QY9Q90JPCL,427,21.4,1,tesla,tesla,building,9.0,21.0,sparky,16.39,sparky,1,0.0,0.0,26,0.5,0.0,1,3,0.0,0.0,1,26,1.0,0.5,1,8,0.0,0.0,1,26,0.0,0.0,1,26,0.0,0.0,1,26,0.0,0.0,1,26,0.0,0.0,1,26,0.0,0.0,1,26,0.0,0.0,1,26,0.0,0.0,1,26,0.0,0.0,1,26,5.0,1.5,15,3,1.5,0.5,1,2,tesla_modal,0.5,0.0,1,2,tesla_modal,0.0,0.0,0.8292,0.0,1,3,0.0,0.0,1,26,1.0,0.5,1,8,0.0,0.0,1,26,0.0,0.0,1,26,0.0,0.0,1,26,0.0,0.0,1,26,0.0,0.0,1,26,0.0,0.0,1,26,0.0,0.0,1,26,0.0,0.0,1,26,0.0,0.0,1,26,5.0,1.5,15,3,1.8292,0.5,1,2,tesla_modal,0.8292,0.0,1,2,tesla_modal,0.0,0.0
02QY9Q90JPCL,2195,109.8,1,tesla,tesla,building,9.0,22.0,sparky,8.34,sparky,2,0.0,0.0,26,0.5,0.0,1,3,0.0,0.0,1,26,0.5,0.0,1,17,0.0,0.0,1,26,0.0,0.0,1,26,0.0,0.0,1,26,0.0,0.0,1,26,0.0,0.0,1,26,0.0,0.0,1,26,0.0,0.0,1,26,0.0,0.0,4,23,0.0,0.0,1,26,5.0,12.5,14,3,1.0,0.0,1,2,tesla_modal,0.375,0.0,1,2,tesla_modal,0.0,0.0,0.8292,0.0,1,3,0.0,0.0,1,26,0.5,0.0,1,17,0.0,0.0,1,26,0.0,0.0,1,26,0.0,0.0,1,26,0.0,0.0,1,26,0.0,0.0,1,26,0.0,0.0,1,26,0.0,0.0,1,26,0.0,0.0,7,20,0.0,0.0,1,26,5.0,12.5,14,3,1.3292,0.0,1,2,tesla_modal,0.6219,0.0,1,2,tesla_modal,0.0,0.0
02QY9Q90JPCL,2405,120.3,1,x-bow,x_bow,building,13.5,20.5,mini_pekka,1.99,mini_pekka,2,0.0,0.0,26,1.0,0.0,1,8,-0.0,-0.0,1,25,0.5,0.0,1,17,0.0,0.0,1,26,0.0,0.0,1,26,0.0,0.0,1,26,0.0,0.0,1,26,0.0,0.0,1,26,0.0,1.0,9,18,0.0,0.0,1,26,1.0,0.0,1,9,-0.0,-0.0,1,26,1.8419,10.2771,25,1,1.5,1.0,5,5,bow_modal_R,0.75,1.0,9,5,corner,0.0,0.0,0.1487,0.0,10,1,0.0,0.0,1,26,0.5,0.0,1,17,0.0,0.0,1,26,0.0,0.0,1,26,0.0,0.0,1,26,0.0,0.0,1,26,0.0,0.0,1,26,0.0,1.0,9,18,0.0,0.0,1,26,0.1487,0.0,11,1,0.0,0.0,1,26,1.8419,10.2771,25,1,0.6487,1.0,15,1,corner_R,0.1115,1.0,15,1,corner,0.0,0.0
02QY9Q90JPCL,2917,145.9,1,tesla,tesla,building,9.0,21.0,mini_pekka,15.19,mini_pekka,2,0.0,0.0,26,1.0,0.0,1,3,-0.0,-0.0,1,20,0.5,0.0,1,17,0.0,0.0,1,26,0.0,0.0,1,26,0.0,0.0,1,26,0.0,0.0,1,26,0.0,0.0,1,26,0.0,0.0,1,26,0.0,0.0,1,26,0.0,0.0,1,26,-0.0,-0.0,1,26,5.0,12.5,14,3,1.5,0.0,1,2,tesla_modal,0.75,0.0,1,2,tesla_modal,0.0,0.0,1.0,0.0,1,3,0.0,0.0,1,26,0.5,0.0,1,17,0.0,0.0,1,26,0.0,0.0,1,26,0.0,0.0,1,26,0.0,0.0,1,26,0.0,0.0,1,26,0.0,0.0,1,26,0.0,0.0,1,26,0.0,0.0,1,26,0.0,0.0,1,26,5.0,12.5,14,3,1.5,0.0,1,2,tesla_modal,0.75,0.0,1,2,tesla_modal,0.0,0.0
02QY9Q90JPCL,3241,162.1,1,tesla,tesla,building,9.0,22.0,giant,1.64,giant,7,0.0,0.0,26,0.7943,0.0,7,1,-0.187,-0.0,22,1,0.5,0.0,1,17,0.0,0.0,1,26,0.0,0.0,1,26,0.0,0.0,1,26,0.0,0.0,1,26,1.0,1.0,1,26,0.0,0.0,1,26,0.0,0.0,1,26,0.8453,0.0,9,1,-0.1407,-0.0,25,1,1.7886,8.5502,22,1,2.1073,1.0,6,1,centre,0.4087,0.0,7,1,centre,1.0,1.0,0.2161,0.0,7,1,0.0,0.0,1,26,0.5,0.0,1,17,0.0,0.0,1,26,0.0,0.0,1,26,0.0,0.0,1,26,0.0,0.0,1,26,1.0,1.0,1,26,0.0,0.0,1,26,0.0,0.0,1,26,0.2671,0.0,9,1,0.0,0.0,1,26,1.7886,8.5502,22,1,1.7161,1.0,6,1,bow_modal_R,0.162,0.0,7,1,bow_modal_R,1.0,1.0
02QY9Q90QQ9V,228,11.4,1,tesla,tesla,building,9.0,19.0,,0.0,,0,0.0,0.0,26,0.0,0.0,1,26,0.0,0.0,1,26,0.9902,0.5,9,0,0.0,0.0,1,26,0.0,0.0,1,26,0.0,0.0,1,26,0.0,0.0,1,26,0.0,0.0,1,26,0.0,0.0,1,26,0.0,0.0,1,26,0.0,0.0,1,26,0.0,0.0,1,26,0.0,0.0,1,26,0.9902,0.5,9,0,centre,0.0,0.0,1,26,corner,0.0,0.0,0.0,0.0,1,26,0.0,0.0,1,26,0.9902,0.5,9,0,0.0,0.0,1,26,0.0,0.0,1,26,0.0,0.0,1,26,0.0,0.0,1,26,0.0,0.0,1,26,0.0,0.0,1,26,0.0,0.0,1,26,0.0,0.0,1,26,0.0,0.0,1,26,0.0,0.0,1,26,0.9902,0.5,9,0,centre,0.0,0.0,1,26,corner,0.0,0.0
02QY9Q90QQ9V,1209,60.5,1,x-bow,x_bow,building,2.5,19.5,,0.0,,1,0.0,0.0,26,0.0,0.0,1,26,0.0,0.0,1,26,0.5,0.5,11,16,0.0,0.0,1,26,0.0,0.0,1,26,0.0,0.0,1,26,0.0,0.0,1,26,0.0,0.0,1,26,0.9616,1.0,9,0,0.0,0.0,1,26,0.0,0.0,1,26,0.0,0.0,1,26,0.0,0.0,1,26,1.4616,1.5,9,0,g9_18,0.9616,1.0,9,0,corner,0.0,0.0,0.0,0.0,1,26,0.0,0.0,1,26,0.5,0.5,11,16,0.0,0.0,1,26,0.0,0.0,1,26,0.0,0.0,1,26,0.0,0.0,1,26,0.0,0.0,1,26,0.9616,1.0,9,0,0.0,0.0,1,26,0.0,0.0,1,26,0.0,0.0,1,26,0.0,0.0,1,26,1.4616,1.5,9,0,g9_18,0.9616,1.0,9,0,corner,0.0,0.0
02QY9Q90QQ9V,2331,116.6,1,tesla,tesla,building,12.0,18.0,cannon_cart,7.44,cannon_cart,3,0.0,0.0,26,0.0,0.0,4,23,0.0,0.0,1,26,0.0,0.5,18,9,0.0,0.0,1,26,0.0,0.0,1,26,0.0,0.0,1,26,0.0,0.0,1,26,0.0,0.0,1,26,0.0,0.0,1,26,0.0,0.0,1,26,0.0,0.3614,6,21,0.0,0.0,1,26,7.5354,1.5,12,0,0.0,0.5,18,9,tesla_modal,0.0,0.0,4,23,tesla_modal,0.0,0.0,0.0,0.0,4,23,0.0,0.0,1,26,0.0,0.5,18,9,0.0,0.0,1,26,0.0,0.0,1,26,0.0,0.0,1,26,0.0,0.0,1,26,0.0,0.0,1,26,0.0,0.0,1,26,0.0,0.0,1,26,0.0,1.0,6,21,0.0,0.0,1,26,7.5354,1.5,12,0,0.0,0.5,18,9,tesla_modal,0.0,0.0,4,23,tesla_modal,0.0,0.0
02QY9Q90QQ9V,2495,124.8,1,x-bow,x_bow,building,3.5,19.5,cannon_cart,2.92,cannon_cart,2,0.0,0.0,26,0.0,0.0,4,23,0.0,0.0,1,26,0.5,0.5,1,16,0.0,0.0,1,26,0.0,0.0,1,26,0.0,0.0,1,26,0.0,0.0,1,26,0.0,0.0,1,26,1.0,1.0,1,8,0.0,0.0,1,26,0.0,0.0,5,22,0.0,0.0,1,26,1.6361,0.8142,23,0,1.5,1.5,1,4,corner,1.0,1.0,1,8,corner,0.0,0.0,0.0458,0.0,6,0,0.0,0.0,1,26,0.5,0.5,1,16,0.0,0.0,1,26,0.0,0.0,1,26,0.0,0.0,1,26,0.0,0.0,1,26,0.0,0.0,1,26,1.0,1.0,1,8,0.0,0.0,1,26,0.6853,0.8064,7,0,0.0,0.0,1,26,1.6361,0.8142,23,0,1.5458,1.5,2,0,g9_18,1.0,1.0,1,8,corner,0.0,0.0
02QY9Q90QQ9V,2758,137.9,1,tesla,tesla,building,11.0,18.0,rascals,6.19,rascals,2,0.0,0.0,26,0.5568,1.0,7,0,-0.0,-0.0,1,21,0.0,0.5,18,9,0.0,0.0,1,26,0.0,0.0,1,26,0.0,0.0,1,26,0.0,0.0,1,26,1.0,1.0,1,26,0.0,0.0,1,26,0.0,0.0,1,26,0.5299,1.0,9,0,-0.0,-0.0,1,25,6.3865,2.0447,13,0,1.5568,2.5,7,0,corner,0.2784,0.75,7,0,corner,1.0,1.0,0.6602,0.2491,4,0,0.0,0.0,1,26,0.0,0.5,18,9,0.0,0.0,1,26,0.0,0.0,1,26,0.0,0.0,1,26,0.0,0.0,1,26,1.0,1.0,1,26,0.0,0.0,1,26,0.0,0.0,1,26,0.6333,0.6292,5,0,0.0,0.0,1,26,6.3865,2.0447,13,0,1.6602,1.7491,6,0,tesla_modal,0.3301,0.1868,4,0,tesla_modal,1.0,1.0
02QY9Q90QQ9V,2932,146.8,1,x-bow,x_bow,building,13.5,19.5,cannon_cart,11.68,cannon_cart,2,0.0,0.0,26,0.0,0.0,4,23,0.0,0.0,1,26,0.0,0.5,19,8,0.0,0.0,1,26,0.0,0.0,1,26,0.0,0.0,1,26,0.0,0.0,1,26,1.0,1.0,1,26,0.9616,1.0,9,0,0.0,0.0,1,26,0.0,0.0,5,22,0.0,0.0,1,26,9.4,1.4,9,1,1.9616,2.5,9,0,corner,0.9616,1.0,9,0,corner,1.0,1.0,0.0,0.0,4,23,0.0,0.0,1,26,0.0,0.5,19,8,0.0,0.0,1,26,0.0,0.0,1,26,0.0,0.0,1,26,0.0,0.0,1,26,1.0,1.0,1,26,0.9616,1.0,9,0,0.0,0.0,1,26,0.0,1.0,8,19,0.0,0.0,1,26,9.4,1.4,9,1,1.9616,2.5,11,0,g9_18,0.9616,1.0,9,0,corner,1.0,1.0
02QY9Q90QQ9V,3414,170.7,1,x-bow,x_bow,building,15.5,19.5,cannon_cart,12.08,cannon_cart,2,0.0,0.0,26,0.0,0.0,1,26,0.0,0.0,1,26,0.0,0.5,19,8,0.0,0.0,1,26,0.0,0.0,1,26,0.0,0.0,1,26,0.0,0.0,1,26,0.0,0.0,1,26,0.9616,1.0,9,0,0.0,0.0,1,26,0.0,0.0,1,26,0.0,0.0,1,26,12.0801,8.8179,16,0,0.9616,1.5,9,0,corner,0.9616,1.0,9,0,corner,0.0,0.0,0.0,0.0,1,26,0.0,0.0,1,26,0.0,0.5,19,8,0.0,0.0,1,26,0.0,0.0,1,26,0.0,0.0,1,26,0.0,0.0,1,26,0.0,0.0,1,26,0.9616,1.0,9,0,0.0,0.0,1,26,0.0,0.0,1,26,0.0,0.0,1,26,12.0801,8.8179,16,0,0.9616,1.5,9,0,corner,0.9616,1.0,9,0,corner,0.0,0.0
02QY9Q90VQ02,1941,97.1,1,x-bow,x_bow,building,15.5,19.5,bowler,18.87,bowler,1,0.0,0.0,26,0.0,0.0,5,22,0.0,0.0,1,26,0.5,0.0,1,17,0.0,0.0,1,26,0.0,0.0,1,26,0.0,0.0,1,26,0.0,0.0,1,26,0.0,0.0,1,26,0.9616,1.0,9,0,0.0,0.0,1,26,0.0,0.0,1,26,0.0,0.0,1,26,9.0879,2.216,3,0,1.4616,1.0,5,0,g9_18,0.9616,1.0,9,0,corner,0.0,0.0,0.0,0.0,5,22,0.0,0.0,1,26,0.5,0.0,1,17,0.0,0.0,1,26,0.0,0.0,1,26,0.0,0.0,1,26,0.0,0.0,1,26,0.0,0.0,1,26,0.9616,1.0,9,0,0.0,0.0,1,26,0.0,0.0,1,26,0.0,0.0,1,26,9.0879,2.216,3,0,1.4616,1.0,4,0,bow_modal_R,0.9616,1.0,9,0,corner,0.0,0.0
02QY9Q90VQ02,1966,98.3,1,tesla,tesla,building,13.0,18.0,bowler,15.75,bowler,1,0.0,0.0,26,0.015,0.0,5,0,0.0,0.0,1,26,0.5,0.0,1,17,0.0,0.0,1,26,0.0,0.0,1,26,0.0,0.0,1,26,0.0,0.0,1,26,0.0,0.0,1,26,0.0,0.0,1,26,0.0,0.0,1,26,0.0,0.0,1,26,0.0,0.0,1,26,7.4699,2.316,5,0,0.515,0.0,4,0,knight_cell,0.0113,0.0,5,0,knight_cell,0.0,0.0,0.213,0.0,5,0,0.0,0.0,1,26,0.5,0.0,1,17,0.0,0.0,1,26,0.0,0.0,1,26,0.0,0.0,1,26,0.0,0.0,1,26,0.0,0.0,1,26,0.0,0.0,1,26,0.0,0.0,1,26,0.0,0.0,1,26,0.0,0.0,1,26,7.4699,2.316,5,0,0.713,0.0,3,0,lane_R,0.1597,0.0,3,0,lane_R,0.0,0.0
02QY9Q90VQ02,2601,130.1,1,x-bow,x_bow,building,9.5,22.5,bowler,4.22,bowler,1,0.0,0.0,26,0.6868,0.0,3,0,0.0,0.0,1,26,0.5,0.0,1,17,0.0,0.0,1,26,0.0,0.0,1,26,0.0,0.0,1,26,0.0,0.0,1,26,0.0,0.0,1,26,0.0,1.0,9,18,0.0,0.0,1,26,0.6868,0.216,3,0,0.0,0.0,1,26,4.3737,0.3977,17,0,1.1868,1.0,6,0,g9_18,0.5151,1.0,10,0,corner,0.0,0.0,0.516,0.0,4,0,0.0,0.0,1,26,0.5,0.0,1,17,0.0,0.0,1,26,0.0,0.0,1,26,0.0,0.0,1,26,0.0,0.0,1,26,0.0,0.0,1,26,0.0,1.0,9,18,0.0,0.0,1,26,0.516,0.0452,4,0,0.0,0.0,1,26,4.3737,0.3977,17,0,1.016,1.0,7,0,bow_modal_R,0.387,1.0,12,0,corner,0.0,0.0
02QY9Q90VQ02,2861,143.1,1,tesla,tesla,building,9.0,20.0,bowler,14.64,bowler,1,0.0,0.0,26,0.0,0.4853,5,22,0.0,0.0,1,26,0.5,0.0,1,17,0.0,0.0,1,26,0.0,0.0,1,26,0.0,0.0,1,26,0.0,0.0,1,26,1.0,1.0,1,26,0.0,0.0,1,26,0.0,0.0,1,26,0.0,0.0,1,26,0.0,0.0,1,26,9.6703,6.5293,21,0,1.5,1.4853,3,17,g3_18,0.0,0.2427,5,22,g3_18,1.0,1.0,0.0,0.6833,5,22,0.0,0.0,1,26,0.5,0.0,1,17,0.0,0.0,1,26,0.0,0.0,1,26,0.0,0.0,1,26,0.0,0.0,1,26,1.0,1.0,1,26,0.0,0.0,1,26,0.0,0.0,1,26,0.0,0.0,1,26,0.0,0.0,1,26,9.6703,6.5293,21,0,1.5,1.6833,4,17,g3_18,0.0,0.3416,5,22,g3_18,1.0,1.0
02QY9Q90VQ02,3335,166.8,1,tesla,tesla,building,8.0,18.0,mini_pekka,7.9,mini_pekka,4,0.0,0.0,26,0.0,0.0,2,25,-0.0,-0.0,1,23,0.0,0.0,1,26,0.0,0.0,1,26,0.0,0.0,1,26,0.0,0.0,1,26,0.0,0.0,1,26,1.0,1.0,1,26,0.0,0.0,1,26,0.0,0.0,1,26,0.0,0.0,2,25,-0.0,-0.0,1,24,7.8545,10.4557,8,0,1.0,1.0,1,23,corner,0.0,0.0,1,23,corner,1.0,1.0,0.0,0.0,1,26,0.0,0.0,1,26,0.0,0.0,1,26,0.0,0.0,1,26,0.0,0.0,1,26,0.0,0.0,1,26,0.0,0.0,1,26,1.0,1.0,1,26,0.0,0.0,1,26,0.0,0.0,1,26,0.0,0.0,1,26,0.0,0.0,1,26,7.8545,10.4557,8,0,1.0,1.0,1,26,corner,0.0,0.0,1,26,corner,1.0,1.0
02QY9Q928Y8C,211,10.6,1,x-bow,x_bow,building,15.5,19.5,archers,19.25,archers,2,0.0,0.0,26,0.0,0.0,4,23,0.0,0.0,1,26,0.5,0.5,11,16,0.0,0.0,1,26,0.0,0.0,1,26,0.0,0.0,1,26,0.0,0.0,1,26,0.0,0.0,1,26,0.9616,1.0,9,0,0.0,0.0,1,26,0.0,0.0,1,26,0.0,0.0,1,26,11.4,1.4,3,0,1.4616,1.5,9,0,g9_18,0.9616,1.0,9,0,corner,0.0,0.0,0.0,0.0,4,23,0.0,0.0,1,26,0.5,0.5,11,16,0.0,0.0,1,26,0.0,0.0,1,26,0.0,0.0,1,26,0.0,0.0,1,26,0.0,0.0,1,26,0.9616,1.0,9,0,0.0,0.0,1,26,0.0,0.0,1,26,0.0,0.0,1,26,11.4,1.4,3,0,1.4616,1.5,11,0,g9_18,0.9616,1.0,11,0,corner,0.0,0.0
02QY9Q928Y8C,251,12.6,0,x-bow,x_bow,building,15.5,18.5,,0.0,,0,0.0,0.0,26,0.0,0.0,1,26,0.0,0.0,1,26,0.5,0.5,11,16,0.0,0.0,1,26,0.0,0.0,1,26,0.0,0.0,1,26,0.0,0.0,1,26,0.0,0.0,1,26,1.0,0.0,1,3,0.0,0.0,1,26,0.0,0.0,1,26,0.0,0.0,1,26,0.0,0.0,1,26,1.5,0.5,1,3,bow_modal_R,1.0,0.0,1,3,bow_modal_R,0.0,0.0,0.0,0.0,1,26,0.0,0.0,1,26,0.5,0.5,11,16,0.0,0.0,1,26,0.0,0.0,1,26,0.0,0.0,1,26,0.0,0.0,1,26,0.0,0.0,1,26,1.0,1.0,1,8,0.0,0.0,1,26,0.0,0.0,1,26,0.0,0.0,1,26,0.0,0.0,1,26,1.5,1.5,2,7,g9_18,1.0,1.0,1,8,corner,0.0,0.0
02QY9Q928Y8C,301,15.1,1,tesla,tesla,building,2.0,18.0,archers,12.01,archers,3,0.0,0.0,26,0.0,0.0,4,23,0.0,0.0,1,26,0.5,0.5,9,17,0.0,0.0,1,26,0.0,0.0,1,26,0.0,0.0,1,26,0.0,0.0,1,26,0.0,0.0,1,26,0.0,0.0,1,26,0.0,0.0,1,26,0.0,0.0,1,26,0.0,0.0,1,26,1.0,1.5,22,1,0.5,0.5,10,17,tesla_modal,0.0,0.0,4,23,tesla_modal,0.0,0.0,0.0,0.0,4,23,0.0,0.0,1,26,0.5,0.5,9,17,0.0,0.0,1,26,0.0,0.0,1,26,0.0,0.0,1,26,0.0,0.0,1,26,0.0,0.0,1,26,0.0,0.0,1,26,0.0,0.0,1,26,0.0,0.0,1,26,0.0,0.0,1,26,1.0,1.5,22,1,0.5,0.5,10,17,tesla_modal,0.0,0.0,4,23,tesla_modal,0.0,0.0
02QY9Q928Y8C,1201,60.1,0,tesla,tesla,building,6.0,18.0,,0.0,,0,0.0,0.0,26,0.0,0.0,1,26,0.0,0.0,1,26,0.5,0.5,9,17,0.0,0.0,1,26,0.0,0.0,1,26,0.0,0.0,1,26,0.0,0.0,1,26,0.0,0.0,1,26,0.0,0.0,1,26,0.0,0.0,1,26,0.0,0.0,1,26,0.0,0.0,1,26,0.0,0.0,1,26,0.5,0.5,9,17,centre,0.0,0.0,1,26,corner,0.0,0.0,0.0,0.0,1,26,0.0,0.0,1,26,0.5,0.5,9,17,0.0,0.0,1,26,0.0,0.0,1,26,0.0,0.0,1,26,0.0,0.0,1,26,0.0,0.0,1,26,0.0,0.0,1,26,0.0,0.0,1,26,0.0,0.0,1,26,0.0,0.0,1,26,0.0,0.0,1,26,0.5,0.5,9,17,centre,0.0,0.0,1,26,corner,0.0,0.0
02QY9Q928Y8C,1643,82.2,0,x-bow,x_bow,building,13.5,19.5,,0.0,,0,0.0,0.0,26,0.0,0.0,1,26,0.0,0.0,1,26,0.5,0.5,11,16,0.0,0.0,1,26,0.0,0.0,1,26,0.0,0.0,1,26,0.0,0.0,1,26,0.0,0.0,1,26,0.9616,1.0,9,0,0.0,0.0,1,26,0.0,0.0,1,26,0.0,0.0,1,26,0.0,0.0,1,26,1.4616,1.5,9,0,g9_18,0.9616,1.0,9,0,corner,0.0,0.0,0.0,0.0,1,26,0.0,0.0,1,26,0.5,0.5,11,16,0.0,0.0,1,26,0.0,0.0,1,26,0.0,0.0,1,26,0.0,0.0,1,26,0.0,0.0,1,26,0.9616,1.0,9,0,0.0,0.0,1,26,0.0,0.0,1,26,0.0,0.0,1,26,0.0,0.0,1,26,1.4616,1.5,9,0,g9_18,0.9616,1.0,9,0,corner,0.0,0.0
02QY9Q928Y8C,2014,100.7,0,tesla,tesla,building,5.0,18.0,,0.0,,0,0.0,0.0,26,0.0,0.0,1,26,0.0,0.0,1,26,0.5,0.5,9,17,0.0,0.0,1,26,0.0,0.0,1,26,0.0,0.0,1,26,0.0,0.0,1,26,0.0,0.0,1,26,0.0,0.0,1,26,0.0,0.0,1,26,0.0,0.0,1,26,0.0,0.0,1,26,0.0,0.0,1,26,0.5,0.5,9,17,centre,0.0,0.0,1,26,corner,0.0,0.0,0.0,0.0,1,26,0.0,0.0,1,26,0.5,0.5,9,17,0.0,0.0,1,26,0.0,0.0,1,26,0.0,0.0,1,26,0.0,0.0,1,26,0.0,0.0,1,26,0.0,0.0,1,26,0.0,0.0,1,26,0.0,0.0,1,26,0.0,0.0,1,26,0.0,0.0,1,26,0.5,0.5,9,17,centre,0.0,0.0,1,26,corner,0.0,0.0
02QY9Q928Y8C,2039,102.0,1,x-bow,x_bow,building,15.5,19.5,knight,19.04,knight,1,0.0,0.0,26,0.0,0.6,8,19,-0.0,-0.3636,1,19,0.5,0.5,11,16,0.0,0.0,1,26,0.0,0.0,1,26,0.0,0.0,1,26,0.0,0.0,1,26,0.0,0.0,1,26,0.9616,1.0,5,0,0.0,0.0,1,26,0.0,0.0,1,26,-0.0,-0.0,1,26,11.4,1.4,3,0,1.4616,1.7364,6,0,tesla_modal,0.9616,0.7,3,0,tesla_modal,0.0,0.0,0.0,0.6167,8,19,-0.0,-0.3538,1,19,0.5,0.5,11,16,0.0,0.0,1,26,0.0,0.0,1,26,0.0,0.0,1,26,0.0,0.0,1,26,0.0,0.0,1,26,0.9616,1.0,9,0,0.0,0.0,1,26,0.0,0.0,1,26,-0.0,-0.0,1,26,11.4,1.4,3,0,1.4616,1.7628,9,0,g9_18,0.9616,0.7,7,0,tesla_modal,0.0,0.0
02QY9Q928Y8C,2063,103.2,1,tesla,tesla,building,13.0,18.0,knight,15.65,knight,1,0.0,0.0,26,0.0,0.65,8,19,-0.0,-0.3182,1,19,0.5,0.5,9,17,0.0,0.0,1,26,0.0,0.0,1,26,0.0,0.0,1,26,0.0,0.0,1,26,0.0,0.0,1,26,0.0,0.0,1,26,0.0,0.0,1,26,0.0,0.0,1,26,-0.0,-0.0,1,26,9.0,1.5,10,0,0.5,0.8318,12,10,tesla_modal,0.0,0.1875,6,17,tesla_modal,0.0,0.0,0.0,0.6667,8,19,-0.0,-0.3077,1,19,0.5,0.5,9,17,0.0,0.0,1,26,0.0,0.0,1,26,0.0,0.0,1,26,0.0,0.0,1,26,0.0,0.0,1,26,0.0,0.0,1,26,0.0,0.0,1,26,0.0,0.0,1,26,-0.0,-0.0,1,26,9.0,1.5,10,0,0.5,0.859,12,10,tesla_modal,0.0,0.2,7,16,tesla_modal,0.0,0.0
02QY9Q928Y8C,2411,120.6,0,x-bow,x_bow,building,15.5,19.5,ice_wizard,10.74,ice_wizard,1,0.0,0.0,26,0.0,0.0,4,23,0.0,0.0,1,26,0.5,0.5,11,16,0.0,0.0,1,26,0.0,0.0,1,26,0.0,0.0,1,26,0.0,0.0,1,26,0.0,0.0,1,26,0.9616,0.0,4,0,0.0,0.0,1,26,0.0,0.1826,5,22,0.0,0.0,1,26,10.6414,1.4,5,0,1.4616,0.5,4,0,bow_modal_R,0.9616,0.0,4,0,bow_modal_R,0.0,0.0,0.0,0.0,4,23,0.0,0.0,1,26,0.5,0.5,11,16,0.0,0.0,1,26,0.0,0.0,1,26,0.0,0.0,1,26,0.0,0.0,1,26,0.0,0.0,1,26,0.9616,1.0,9,0,0.0,0.0,1,26,0.0,0.3805,5,22,0.0,0.0,1,26,10.6414,1.4,5,0,1.4616,1.5,11,0,g9_18,0.9616,1.0,9,0,corner,0.0,0.0
02QY9Q928Y8C,2543,127.2,0,tesla,tesla,building,9.0,18.0,ice_wizard,4.26,ice_wizard,4,0.0,0.0,26,0.0,0.0,2,25,0.0,0.0,1,26,0.4663,0.5,26,1,0.0,0.0,1,26,0.0,0.0,1,26,0.0,0.0,1,26,0.0,0.0,1,26,1.0,1.0,1,26,0.0,0.0,1,26,0.0,0.0,1,26,0.0,0.0,3,24,0.0,0.0,1,26,4.2591,2.2293,18,1,1.4663,1.5,26,1,g9_22,0.0,0.0,2,25,g9_22,1.0,1.0,0.4587,0.0,3,1,0.0,0.0,1,26,0.4663,0.5,26,1,0.0,0.0,1,26,0.0,0.0,1,26,0.0,0.0,1,26,0.0,0.0,1,26,1.0,1.0,1,26,0.0,0.0,1,26,0.0,0.0,1,26,0.4587,0.0,3,1,0.0,0.0,1,26,4.2591,2.2293,18,1,1.925,1.5,9,1,g9_22,0.3363,0.0,3,1,g9_22,1.0,1.0
02QY9Q928Y8C,2761,138.1,1,x-bow,x_bow,building,11.5,22.5,,0.0,,4,0.0,0.0,26,0.0,0.0,1,26,0.0,0.0,1,26,1.0,0.5,1,8,0.0,0.0,1,26,0.0,0.0,1,26,0.0,0.0,1,26,0.0,0.0,1,26,0.0,0.0,1,26,0.0,1.0,8,19,0.0,0.0,1,26,0.0,0.0,1,26,0.0,0.0,1,26,0.0,0.0,1,26,1.0,1.5,8,8,corner,0.0,1.0,8,19,corner,0.0,0.0,0.0,0.0,1,26,0.0,0.0,1,26,1.0,0.5,1,8,0.0,0.0,1,26,0.0,0.0,1,26,0.0,0.0,1,26,0.0,0.0,1,26,0.0,0.0,1,26,0.0,1.0,9,18,0.0,0.0,1,26,0.0,0.0,1,26,0.0,0.0,1,26,0.0,0.0,1,26,1.0,1.5,9,8,g9_18,0.0,1.0,9,18,corner,0.0,0.0
02QY9Q928Y8C,2831,141.6,0,x-bow,x_bow,building,15.5,19.5,,0.0,,0,0.0,0.0,26,0.0,0.0,1,26,0.0,0.0,1,26,0.5,0.5,11,16,0.0,0.0,1,26,0.0,0.0,1,26,0.0,0.0,1,26,0.0,0.0,1,26,0.0,0.0,1,26,0.9616,0.0,3,0,0.0,0.0,1,26,0.0,0.0,1,26,0.0,0.0,1,26,0.0,0.0,1,26,1.4616,0.5,3,0,bow_modal_R,0.9616,0.0,3,0,bow_modal_R,0.0,0.0,0.0,0.0,1,26,0.0,0.0,1,26,0.5,0.5,11,16,0.0,0.0,1,26,0.0,0.0,1,26,0.0,0.0,1,26,0.0,0.0,1,26,0.0,0.0,1,26,0.9616,1.0,9,0,0.0,0.0,1,26,0.0,0.0,1,26,0.0,0.0,1,26,0.0,0.0,1,26,1.4616,1.5,9,0,g9_18,0.9616,1.0,9,0,corner,0.0,0.0
02QY9Q928Y8C,2928,146.4,1,tesla,tesla,building,2.0,18.0,archers,12.3,archers,3,0.0,0.0,26,0.0,0.0,4,23,0.0,0.0,1,26,0.5,0.5,9,17,0.0,0.0,1,26,0.0,0.0,1,26,0.0,0.0,1,26,0.0,0.0,1,26,0.0,0.0,1,26,0.0,0.0,1,26,0.0,0.0,1,26,0.0,0.0,1,26,0.0,0.0,1,26,1.0,1.5,22,1,0.5,0.5,10,17,tesla_modal,0.0,0.0,4,23,tesla_modal,0.0,0.0,0.0,0.0,4,23,0.0,0.0,1,26,0.5,0.5,9,17,0.0,0.0,1,26,0.0,0.0,1,26,0.0,0.0,1,26,0.0,0.0,1,26,0.0,0.0,1,26,0.0,0.0,1,26,0.0,0.0,1,26,0.0,0.0,1,26,0.0,0.0,1,26,1.0,1.5,22,1,0.5,0.5,10,17,tesla_modal,0.0,0.0,4,23,tesla_modal,0.0,0.0
02QY9Q928Y8C,3378,168.9,1,tesla,tesla,building,6.0,18.0,archers,17.08,archers,2,0.0,0.0,26,0.0,0.0,4,23,0.0,0.0,1,26,0.5,0.5,9,17,0.0,0.0,1,26,0.0,0.0,1,26,0.0,0.0,1,26,0.0,0.0,1,26,0.0,0.0,1,26,0.0,0.0,1,26,0.0,0.0,1,26,0.0,0.0,1,26,0.0,0.0,1,26,8.0,12.5,9,0,0.5,0.5,10,17,tesla_modal,0.0,0.0,4,23,tesla_modal,0.0,0.0,0.0,0.0,4,23,0.0,0.0,1,26,0.5,0.5,9,17,0.0,0.0,1,26,0.0,0.0,1,26,0.0,0.0,1,26,0.0,0.0,1,26,0.0,0.0,1,26,0.0,0.0,1,26,0.0,0.0,1,26,0.0,0.0,1,26,0.0,0.0,1,26,8.0,12.5,9,0,0.5,0.5,10,17,tesla_modal,0.0,0.0,4,23,tesla_modal,0.0,0.0
02QY9Q928Y8C,3395,169.8,0,x-bow,x_bow,building,15.5,19.5,ice_wizard,0.45,ice_wizard,1,0.0,0.0,26,0.0,0.0,1,26,0.0,0.0,1,26,0.5,0.5,11,16,0.0,0.0,1,26,0.0,0.0,1,26,0.0,0.0,1,26,0.0,0.0,1,26,0.0,0.0,1,26,0.0,0.0,1,26,0.0,0.0,1,26,0.0,0.0,1,26,0.0,0.0,1,26,0.0,13.0676,25,2,0.5,0.5,11,16,centre,0.0,0.0,1,26,corner,0.0,0.0,0.0,0.0,1,26,0.0,0.0,1,26,0.5,0.5,11,16,0.0,0.0,1,26,0.0,0.0,1,26,0.0,0.0,1,26,0.0,0.0,1,26,0.0743,0.0743,1,26,0.9616,1.0,9,0,0.0,0.0,1,26,0.0,0.0,1,26,0.0,0.0,1,26,0.0,13.0676,25,2,1.5358,1.5743,9,0,g9_18,0.9616,1.0,9,0,corner,0.0743,0.0743
02QY9Q928Y8C,3716,185.8,1,x-bow,x_bow,building,9.5,21.5,archers,5.34,archers,5,0.0,0.0,26,0.0,0.0,4,23,0.0,0.0,1,26,1.0,0.5,1,8,0.0,0.0,1,26,0.0,0.0,1,26,0.0,0.0,1,26,0.0,0.0,1,26,0.435,0.435,1,26,0.0,1.0,9,18,0.0,0.0,1,26,0.6184,0.0,3,0,0.0,0.0,1,26,3.9538,11.597,19,0,1.435,1.935,11,6,g9_18,0.0,1.0,11,16,corner,0.435,0.435,1.0,0.0,1,3,0.0,0.0,1,26,1.0,0.5,1,8,0.0,0.0,1,26,0.0,0.0,1,26,0.0,0.0,1,26,0.0,0.0,1,26,1.0,1.0,1,26,0.0,1.0,9,18,0.0,0.0,1,26,1.0,0.0,1,3,0.0,0.0,1,26,3.9538,11.597,19,0,3.0,2.5,2,2,g9_18,1.0,1.0,1,10,corner,1.0,1.0
02QY9Q928Y8C,3949,197.5,1,tesla,tesla,building,6.0,18.0,archers,16.28,archers,2,0.0,0.0,26,0.0,0.0,4,23,0.0,0.0,1,26,0.5,0.5,9,17,0.0,0.0,1,26,0.0,0.0,1,26,0.0,0.0,1,26,0.0,0.0,1,26,0.0,0.0,1,26,0.0,0.0,1,26,0.0,0.0,1,26,0.0,0.0,1,26,0.0,0.0,1,26,8.0,12.5,9,0,0.5,0.5,10,17,tesla_modal,0.0,0.0,4,23,tesla_modal,0.0,0.0,0.0,0.0,4,23,0.0,0.0,1,26,0.5,0.5,9,17,0.0,0.0,1,26,0.0,0.0,1,26,0.0,0.0,1,26,0.0,0.0,1,26,0.0,0.0,1,26,0.0,0.0,1,26,0.0,0.0,1,26,0.0,0.0,1,26,0.0,0.0,1,26,8.0,12.5,9,0,0.5,0.5,10,17,tesla_modal,0.0,0.0,4,23,tesla_modal,0.0,0.0
02QY9Q928Y8C,4123,206.2,0,x-bow,x_bow,building,15.5,19.5,knight,4.89,knight,1,0.0,0.0,26,0.1,0.0,6,1,-0.8182,-0.0,22,1,0.5,0.5,11,16,0.0,0.0,1,26,0.0,0.0,1,26,0.0,0.0,1,26,0.0,0.0,1,26,1.0,1.0,1,26,0.0,0.0,1,26,0.0,0.0,1,26,1.0,0.0,1,3,-0.0,-0.0,1,26,0.4,12.0491,22,1,0.7818,1.5,22,1,tesla_modal,-0.225,0.0,22,1,tesla_modal,1.0,1.0,0.1167,0.0,6,1,-0.8154,-0.0,22,1,0.5,0.5,11,16,0.0,0.0,1,26,0.0,0.0,1,26,0.0,0.0,1,26,0.0,0.0,1,26,1.0,1.0,1,26,0.9616,1.0,9,0,0.0,0.0,1,26,1.0,0.0,1,3,-0.0,-0.0,1,26,0.4,12.0491,22,1,1.7629,2.5,15,0,g9_18,0.7,1.0,9,3,corner,1.0,1.0
02QY9Q928Y8C,4194,209.7,0,tesla,tesla,building,8.0,18.0,knight,5.5,knight,1,0.0,0.0,26,1.0,0.0,1,4,-0.0,-0.0,1,22,0.443,0.5,27,0,0.0,0.0,1,26,0.0,0.0,1,26,0.0,0.0,1,26,0.0,0.0,1,26,0.6153,0.6153,1,26,0.0,0.0,1,26,0.0,0.0,1,26,0.0611,0.0,7,0,-0.0,-0.0,1,26,4.9778,11.1081,16,0,2.0583,1.1153,5,0,tesla_modal,0.7215,0.0,5,0,tesla_modal,0.6153,0.6153,1.0,0.0,1,4,-0.0,-0.0,1,22,0.443,0.5,27,0,0.0,0.0,1,26,0.0,0.0,1,26,0.0,0.0,1,26,0.0,0.0,1,26,0.6153,0.6153,1,26,0.0,0.0,1,26,0.0,0.0,1,26,0.0,0.0,7,20,-0.0,-0.0,1,26,4.9778,11.1081,16,0,2.0583,1.1153,5,0,tesla_modal,0.7215,0.0,5,0,tesla_modal,0.6153,0.6153
02QY9Q928Y8C,4368,218.4,1,x-bow,x_bow,building,9.5,21.5,,0.0,,3,0.0,0.0,26,0.0,0.0,1,26,0.0,0.0,1,26,1.0,0.5,1,8,0.0,0.0,1,26,0.0,0.0,1,26,0.0,0.0,1,26,0.0,0.0,1,26,0.0,0.0,1,26,0.0,1.0,9,18,0.0,0.0,1,26,0.0,0.0,1,26,0.0,0.0,1,26,0.0,0.0,1,26,1.0,1.5,9,8,g9_18,0.0,1.0,9,18,corner,0.0,0.0,0.0,0.0,1,26,0.0,0.0,1,26,1.0,0.5,1,8,0.0,0.0,1,26,0.0,0.0,1,26,0.0,0.0,1,26,0.0,0.0,1,26,0.0,0.0,1,26,0.0,1.0,9,18,0.0,0.0,1,26,0.0,0.0,1,26,0.0,0.0,1,26,0.0,0.0,1,26,1.0,1.5,9,8,g9_18,0.0,1.0,9,18,corner,0.0,0.0
02QY9Q928Y8C,4829,241.5,0,tesla,tesla,building,12.0,18.0,ice_wizard,6.21,ice_wizard,1,0.0,0.0,26,0.0,0.0,4,23,0.0,0.0,1,26,0.5,0.5,9,17,0.0,0.0,1,26,0.0,0.0,1,26,0.0,0.0,1,26,0.0,0.0,1,26,0.0,0.0,1,26,0.0,0.0,1,26,0.0,0.0,1,26,0.0,0.0,3,24,0.0,0.0,1,26,1.7822,11.7036,26,0,0.5,0.5,10,16,tesla_modal,0.0,0.0,4,23,tesla_modal,0.0,0.0,0.0,0.0,6,21,0.0,0.0,1,26,0.5,0.5,9,17,0.0,0.0,1,26,0.0,0.0,1,26,0.0,0.0,1,26,0.0,0.0,1,26,0.0,0.0,1,26,0.0,0.0,1,26,0.0,0.0,1,26,0.1368,0.0,3,1,0.0,0.0,1,26,1.7822,11.7036,26,0,0.5,0.5,12,15,tesla_modal,0.0,0.0,6,21,tesla_modal,0.0,0.0
02QY9Q928Y8C,4867,243.4,0,x-bow,x_bow,building,15.5,19.5,ice_wizard,8.06,ice_wizard,1,0.0,0.0,26,0.0,0.0,5,22,0.0,0.0,1,26,0.5,0.5,11,16,0.0,0.0,1,26,0.0,0.0,1,26,0.0,0.0,1,26,0.0,0.0,1,26,0.0,0.0,1,26,0.0,0.0,1,26,0.0,0.0,1,26,0.0,0.0,3,24,0.0,0.0,1,26,4.4178,11.7832,24,0,0.5,0.5,13,14,tesla_modal,0.0,0.0,5,22,g15_22,0.0,0.0,0.5381,0.0,4,0,0.0,0.0,1,26,0.5,0.5,11,16,0.0,0.0,1,26,0.0,0.0,1,26,0.0,0.0,1,26,0.0,0.0,1,26,0.0,0.0,1,26,0.9616,1.0,9,0,0.0,0.0,1,26,0.0,0.0,4,23,0.0,0.0,1,26,4.4178,11.7832,24,0,1.9997,1.5,2,0,g9_18,1.0,1.0,1,8,corner,0.0,0.0
02QY9Q928Y8C,4919,246.0,1,tesla,tesla,building,2.0,18.0,knight,3.04,knight,4,0.0,0.0,26,0.4,0.65,6,1,-0.5455,-0.3182,22,1,0.5,0.5,9,17,0.0,0.0,1,26,0.0,0.0,1,26,0.0,0.0,1,26,0.0,0.0,1,26,0.0,0.0,1,26,0.0,0.0,1,26,0.0,0.0,1,26,1.0,1.0,1,4,-0.0,-0.0,1,26,1.0,1.5,22,1,0.3545,0.8318,22,1,tesla_modal,-0.0,0.1875,6,17,tesla_modal,0.0,0.0,0.4167,0.6667,6,1,-0.5385,-0.3077,22,1,0.5,0.5,9,17,0.0,0.0,1,26,0.0,0.0,1,26,0.0,0.0,1,26,0.0,0.0,1,26,0.0,0.0,1,26,0.0,0.0,1,26,0.0,0.0,1,26,1.0,1.0,1,4,-0.0,-0.0,1,26,1.0,1.5,22,1,0.3782,0.859,22,1,tesla_modal,0.0125,0.2,6,1,tesla_modal,0.0,0.0
02QY9Q928Y8C,5103,255.2,0,tesla,tesla,building,12.0,18.0,ice_wizard,7.52,ice_wizard,1,0.0,0.0,26,0.1354,0.0,5,0,0.0,0.0,1,26,0.5,0.5,9,17,0.0,0.0,1,26,0.0,0.0,1,26,0.0,0.0,1,26,0.0,0.0,1,26,1.0,1.0,1,26,0.0,0.0,1,26,0.0,0.0,1,26,0.0,0.0,1,26,0.0,0.0,1,26,4.7708,11.3818,26,0,1.6354,1.5,13,0,g9_18,0.1015,0.0,5,0,g9_18,1.0,1.0,0.7145,0.0,4,0,0.0,0.0,1,26,0.5,0.5,9,17,0.0,0.0,1,26,0.0,0.0,1,26,0.0,0.0,1,26,0.0,0.0,1,26,1.0,1.0,1,26,0.0,0.0,1,26,0.0,0.0,1,26,0.0,0.0,1,26,0.0,0.0,1,26,4.7708,11.3818,26,0,2.2145,1.5,4,0,bow_modal_R,0.5359,0.0,4,0,bow_modal_R,1.0,1.0
02QY9Q928Y8C,5191,259.6,1,x-bow,x_bow,building,9.5,21.5,,0.0,,0,0.0,0.0,26,0.0,0.0,1,26,0.0,0.0,1,26,1.0,0.5,1,8,0.0,0.0,1,26,0.0,0.0,1,26,0.0,0.0,1,26,0.0,0.0,1,26,0.0,0.0,1,26,0.0,0.0,4,23,0.0,0.0,1,26,0.0,0.0,1,26,0.0,0.0,1,26,0.0,0.0,1,26,1.0,0.5,4,8,bow_modal_R,0.0,0.0,4,23,bow_modal_R,0.0,0.0,0.0,0.0,1,26,0.0,0.0,1,26,1.0,0.5,1,8,0.0,0.0,1,26,0.0,0.0,1,26,0.0,0.0,1,26,0.0,0.0,1,26,0.0,0.0,1,26,0.0,1.0,9,18,0.0,0.0,1,26,0.0,0.0,1,26,0.0,0.0,1,26,0.0,0.0,1,26,1.0,1.5,9,8,g9_18,0.0,1.0,9,18,corner,0.0,0.0
02QY9Q928Y8C,5204,260.2,0,x-bow,x_bow,building,9.5,18.5,knight,8.7,knight,1,0.0,0.0,26,1.0,0.0,1,3,-0.0,-0.0,1,19,0.7927,0.5,9,0,0.0,0.0,1,26,0.0,0.0,1,26,0.0,0.0,1,26,0.0,0.0,1,26,0.134,0.134,1,26,0.0,0.0,1,26,0.0,0.0,1,26,0.0,0.0,4,23,-0.0,-0.0,1,26,4.4,12.4,18,0,1.9267,0.634,4,0,tesla_modal,0.8964,0.0,4,0,tesla_modal,0.134,0.134,1.0,0.0,1,3,-0.0,-0.0,1,19,0.7927,0.5,9,0,0.0,0.0,1,26,0.0,0.0,1,26,0.0,0.0,1,26,0.0,0.0,1,26,0.134,0.134,1,26,1.0,1.0,1,8,0.0,0.0,1,26,0.0,0.0,4,23,-0.0,-0.0,1,26,4.4,12.4,18,0,2.9267,1.634,1,0,g9_18,1.0,1.0,1,7,corner,0.134,0.134
02QY9Q928Y8C,5269,263.5,1,tesla,tesla,building,12.0,18.0,knight,3.31,knight,1,0.0,0.0,26,0.9,0.0,4,0,-0.0909,-0.0,21,0,0.5,0.5,9,17,0.0,0.0,1,26,0.0,0.0,1,26,0.0,0.0,1,26,0.0,0.0,1,26,0.0,0.0,1,26,0.0,0.0,1,26,0.0,0.0,1,26,0.2632,0.0,3,1,-0.0,-0.0,1,26,2.0,9.3489,21,0,1.3091,0.5,4,0,tesla_modal,0.5841,0.0,4,0,tesla_modal,0.0,0.0,0.9167,0.0,4,0,-0.0769,-0.0,21,0,0.5,0.5,9,17,0.0,0.0,1,26,0.0,0.0,1,26,0.0,0.0,1,26,0.0,0.0,1,26,0.0,0.0,1,26,0.0,0.0,1,26,0.0,0.0,1,26,0.2007,0.0,3,1,-0.0,-0.0,1,26,2.0,9.3489,21,0,1.3397,0.5,4,0,tesla_modal,0.6106,0.0,4,0,tesla_modal,0.0,0.0
02QY9Q928Y8C,5521,276.1,0,tesla,tesla,building,12.0,18.0,,0.0,,0,0.0,0.0,26,0.0,0.0,1,26,0.0,0.0,1,26,0.5,0.5,9,17,0.0,0.0,1,26,0.0,0.0,1,26,0.0,0.0,1,26,0.0,0.0,1,26,0.0,0.0,1,26,0.0,0.0,1,26,0.0,0.0,1,26,0.0,0.0,1,26,0.0,0.0,1,26,0.0,0.0,1,26,0.5,0.5,9,17,centre,0.0,0.0,1,26,corner,0.0,0.0,0.0,0.0,1,26,0.0,0.0,1,26,0.5,0.5,9,17,0.0,0.0,1,26,0.0,0.0,1,26,0.0,0.0,1,26,0.0,0.0,1,26,0.0,0.0,1,26,0.0,0.0,1,26,0.0,0.0,1,26,0.0,0.0,1,26,0.0,0.0,1,26,0.0,0.0,1,26,0.5,0.5,9,17,centre,0.0,0.0,1,26,corner,0.0,0.0
02QY9Q928Y8C,5594,279.7,1,x-bow,x_bow,building,9.5,21.5,,0.0,,3,0.0,0.0,26,0.0,0.0,1,26,0.0,0.0,1,26,1.0,0.5,1,8,0.0,0.0,1,26,0.0,0.0,1,26,0.0,0.0,1,26,0.0,0.0,1,26,0.0,0.0,1,26,0.0,0.8062,7,20,0.0,0.0,1,26,0.0,0.0,1,26,0.0,0.0,1,26,0.0,0.0,1,26,1.0,1.3062,6,8,bow_modal_L,0.0,0.8062,7,20,bow_modal_L,0.0,0.0,0.0,0.0,1,26,0.0,0.0,1,26,1.0,0.5,1,8,0.0,0.0,1,26,0.0,0.0,1,26,0.0,0.0,1,26,0.0,0.0,1,26,0.0,0.0,1,26,0.0,1.0,9,18,0.0,0.0,1,26,0.0,0.0,1,26,0.0,0.0,1,26,0.0,0.0,1,26,1.0,1.5,9,8,g9_18,0.0,1.0,9,18,corner,0.0,0.0
02QY9Q928Y8C,5595,279.8,0,x-bow,x_bow,building,15.5,19.5,knight,9.77,knight,1,0.0,0.0,26,0.1,0.0,6,1,-0.8182,-0.0,22,1,0.5,0.5,11,16,0.0,0.0,1,26,0.0,0.0,1,26,0.0,0.0,1,26,0.0,0.0,1,26,0.0,0.0,1,26,0.0,0.0,1,26,0.0,0.0,1,26,0.0,0.0,1,26,-0.0,-0.0,1,26,0.4,11.1953,22,1,-0.2182,0.5,22,1,tesla_modal,-0.225,0.0,22,1,tesla_modal,0.0,0.0,0.1167,0.0,6,1,-0.8154,-0.0,22,1,0.5,0.5,11,16,0.0,0.0,1,26,0.0,0.0,1,26,0.0,0.0,1,26,0.0,0.0,1,26,0.0,0.0,1,26,0.9616,1.0,9,0,0.0,0.0,1,26,0.0,0.0,1,26,-0.0,-0.0,1,26,0.4,11.1953,22,1,0.7629,1.5,15,0,g9_18,0.7,1.0,9,3,corner,0.0,0.0
02QY9Q92CGV0,425,21.3,1,x-bow,x_bow,building,9.5,22.5,bowler,11.85,bowler,1,0.0,0.0,26,0.0,0.0,4,23,0.0,0.0,1,26,1.0,0.5,1,8,0.0,0.0,1,26,0.0,0.0,1,26,0.0,0.0,1,26,0.0,0.0,1,26,0.0,0.0,1,26,0.0,1.0,9,18,0.0,0.0,1,26,0.0,0.0,2,25,0.0,0.0,1,26,5.4,1.4,13,0,1.0,1.5,11,6,g9_18,0.0,1.0,11,16,corner,0.0,0.0,0.0,0.0,4,23,0.0,0.0,1,26,1.0,0.5,1,8,0.0,0.0,1,26,0.0,0.0,1,26,0.0,0.0,1,26,0.0,0.0,1,26,0.0,0.0,1,26,0.0,1.0,9,18,0.0,0.0,1,26,0.0,0.0,3,24,0.0,0.0,1,26,5.4,1.4,13,0,1.0,1.5,11,6,g9_18,0.0,1.0,11,16,corner,0.0,0.0
02QY9Q92CGV0,921,46.1,1,tesla,tesla,building,9.0,21.0,inferno_dragon,4.36,inferno_dragon,2,0.0,0.0,26,0.0,0.0,6,21,0.0,0.0,1,26,0.5,0.5,1,16,0.0,0.0,1,26,0.0,0.0,1,26,0.0,0.0,1,26,0.0,0.0,1,26,1.0,1.0,1,26,0.0,0.0,1,26,0.0,0.0,1,26,0.9315,0.0,6,1,0.0,0.0,1,26,1.0791,8.4443,23,1,1.5,1.5,4,15,g15_26,0.0,0.0,6,21,g15_26,1.0,1.0,0.0,0.0,6,21,0.0,0.0,1,26,0.5,0.5,1,16,0.0,0.0,1,26,0.0,0.0,1,26,0.0,0.0,1,26,0.0,0.0,1,26,1.0,1.0,1,26,0.0,0.0,1,26,0.0,0.0,1,26,1.0,0.0,1,6,0.0,0.0,1,26,1.0791,8.4443,23,1,1.5,1.5,5,15,g9_18,0.0,0.0,6,21,g9_18,1.0,1.0
02QY9Q92CGV0,1381,70.1,1,tesla,tesla,building,12.0,18.0,electro_giant,0.0,electro_giant,2,0.0,0.0,26,0.0252,0.0,17,0,-0.8861,-0.0,26,0,0.0,0.5,18,9,0.0,0.0,1,26,0.0,0.0,1,26,0.0,0.0,1,26,0.0,0.0,1,26,1.0,1.0,1,26,0.0,0.0,1,26,0.0,0.0,1,26,0.0252,0.0,18,0,-0.8861,-0.0,27,0,0.2505,6.7801,26,0,0.1391,1.5,27,0,lane,-0.2874,0.0,26,0,lane,1.0,1.0,0.0,0.0,15,12,0.0,0.0,1,26,0.0,0.5,18,9,0.0,0.0,1,26,0.0,0.0,1,26,0.0,0.0,1,26,0.0,0.0,1,26,1.0,1.0,1,26,0.0,0.0,1,26,0.0,0.0,1,26,0.0,0.0,18,9,0.0,0.0,1,26,0.2505,6.7801,26,0,1.0,1.5,24,3,lane,0.0,0.0,15,12,lane,1.0,1.0
02QY9Q92QPGC,366,18.3,1,tesla,tesla,building,9.0,21.0,battle_ram,16.47,battle_ram,1,0.0,0.0,26,1.0,0.0,1,4,-0.0,-0.0,1,21,1.0,0.5,1,8,0.0,0.0,1,26,0.0,0.0,1,26,0.0,0.0,1,26,0.0,0.0,1,26,0.0,0.0,1,26,0.0,0.0,1,26,0.0,0.0,1,26,0.0,0.0,1,26,-0.0,-0.0,1,26,5.0,12.5,14,3,2.0,0.5,1,2,tesla_modal,1.0,0.0,1,2,tesla_modal,0.0,0.0,1.0,0.0,1,3,0.0,0.0,1,26,1.0,0.5,1,8,0.0,0.0,1,26,0.0,0.0,1,26,0.0,0.0,1,26,0.0,0.0,1,26,0.0,0.0,1,26,0.0,0.0,1,26,0.0,0.0,1,26,0.0,0.0,1,26,0.0,0.0,1,26,5.0,12.5,14,3,2.0,0.5,1,2,tesla_modal,1.0,0.0,1,2,tesla_modal,0.0,0.0
02QY9Q92QPGC,991,49.6,1,x-bow,x_bow,building,15.5,19.5,golden_knight,13.36,golden_knight,2,0.0,0.0,26,0.0,0.6,8,19,-0.0,-0.3636,1,19,0.5,0.5,11,16,0.0,0.0,1,26,0.0,0.0,1,26,0.0,0.0,1,26,0.0,0.0,1,26,1.0,1.0,1,26,0.9616,1.0,9,0,0.0,0.0,1,26,0.0,1.0,6,21,-0.0,-0.0,1,26,11.4,1.4,3,0,2.4616,2.7364,9,0,g9_18,0.9616,0.7,7,0,tesla_modal,1.0,1.0,0.0,0.0,4,23,0.0,0.0,1,26,0.5,0.5,11,16,0.0,0.0,1,26,0.0,0.0,1,26,0.0,0.0,1,26,0.0,0.0,1,26,1.0,1.0,1,26,0.9616,1.0,9,0,0.0,0.0,1,26,0.0,1.0,7,20,0.0,0.0,1,26,11.4,1.4,3,0,2.4616,2.5,11,0,g9_18,0.9616,1.0,11,0,corner,1.0,1.0
02QY9Q92QPGC,1331,66.6,1,tesla,tesla,building,9.0,22.0,battle_ram,7.74,battle_ram,2,0.0,0.0,26,1.0,1.0,1,5,-0.0,-0.0,1,21,1.0,0.5,1,8,0.0,0.0,1,26,0.0,0.0,1,26,0.0,0.0,1,26,0.0,0.0,1,26,1.0,1.0,1,26,0.0,0.0,1,26,0.0,0.0,1,26,0.0,1.0,9,18,-0.0,-0.0,1,26,5.0,1.5,15,3,3.0,2.5,1,2,tesla_modal,1.0,0.75,1,2,tesla_modal,1.0,1.0,1.0,0.0718,1,3,0.0,0.0,1,26,1.0,0.5,1,8,0.0,0.0,1,26,0.0,0.0,1,26,0.0,0.0,1,26,0.0,0.0,1,26,1.0,1.0,1,26,0.0,0.0,1,26,0.0,0.0,1,26,0.5863,0.8569,8,1,0.0,0.0,1,26,5.0,1.5,15,3,3.0,1.5718,1,2,tesla_modal,1.0,0.0538,1,2,tesla_modal,1.0,1.0
02QY9Q92QPGC,2021,101.1,1,x-bow,x_bow,building,15.5,19.5,,0.0,,0,0.0,0.0,26,0.0,0.0,1,26,0.0,0.0,1,26,0.5,0.5,11,16,0.0,0.0,1,26,0.0,0.0,1,26,0.0,0.0,1,26,0.0,0.0,1,26,0.0,0.0,1,26,0.9616,1.0,9,0,0.0,0.0,1,26,0.0,0.0,1,26,0.0,0.0,1,26,0.0,0.0,1,26,1.4616,1.5,9,0,g9_18,0.9616,1.0,9,0,corner,0.0,0.0,0.0,0.0,1,26,0.0,0.0,1,26,0.5,0.5,11,16,0.0,0.0,1,26,0.0,0.0,1,26,0.0,0.0,1,26,0.0,0.0,1,26,0.0,0.0,1,26,0.9616,1.0,9,0,0.0,0.0,1,26,0.0,0.0,1,26,0.0,0.0,1,26,0.0,0.0,1,26,1.4616,1.5,9,0,g9_18,0.9616,1.0,9,0,corner,0.0,0.0
02QY9Q92QPGC,2351,117.6,1,tesla,tesla,building,9.0,20.0,pekka,5.06,pekka,2,0.0,0.0,26,0.0,0.0,4,23,-0.0,-0.0,1,20,1.0,0.5,1,8,0.0,0.0,1,26,0.0,0.0,1,26,0.0,0.0,1,26,0.0,0.0,1,26,1.0,1.0,1,26,0.0,0.0,1,26,0.0,0.0,1,26,0.0,0.0,5,22,-0.0,-0.0,1,22,5.2189,12.7751,14,0,2.0,1.5,1,8,centre,0.0,0.0,2,20,corner_R,1.0,1.0,0.0,0.0,4,23,-0.0,-0.0,1,20,1.0,0.5,1,8,0.0,0.0,1,26,0.0,0.0,1,26,0.0,0.0,1,26,0.0,0.0,1,26,1.0,1.0,1,26,0.0,0.0,1,26,0.0,0.0,1,26,0.0,0.0,5,22,-0.0,-0.0,1,22,5.2189,12.7751,14,0,2.0,1.5,1,8,centre,0.0,0.0,2,20,corner_R,1.0,1.0
02QY9Q92QPGC,2884,144.2,1,tesla,tesla,building,11.0,21.0,royal_ghost,2.79,royal_ghost,4,0.0,0.0,26,0.0,0.0,3,24,-0.0,-0.0,1,22,0.9179,0.5,9,0,0.0,0.0,1,26,0.0,0.0,1,26,0.0,0.0,1,26,0.0,0.0,1,26,1.0,1.0,1,26,0.0,0.0,1,26,0.0,0.0,1,26,0.0,0.0,4,23,-0.0,-0.0,1,23,2.6557,11.4791,22,0,1.9179,1.5,9,0,centre,0.0,0.0,1,22,corner,1.0,1.0,0.0,0.0,1,26,0.0,0.0,1,26,0.9179,0.5,9,0,0.0,0.0,1,26,0.0,0.0,1,26,0.0,0.0,1,26,0.0,0.0,1,26,1.0,1.0,1,26,0.0,0.0,1,26,0.0,0.0,1,26,0.0,0.0,1,26,0.0,0.0,1,26,2.6557,11.4791,22,0,1.9179,1.5,9,0,centre,0.0,0.0,1,26,corner,1.0,1.0
02QY9Q92QPGC,3365,168.3,1,tesla,tesla,building,10.0,21.0,electro_wizard,9.98,electro_wizard,1,0.0,0.0,26,0.0,0.0,4,23,0.0,0.0,1,26,1.0,0.5,1,8,0.0,0.0,1,26,0.0,0.0,1,26,0.0,0.0,1,26,0.0,0.0,1,26,0.0,0.0,1,26,0.0,0.0,1,26,0.0,0.0,1,26,0.0,0.0,1,26,0.0,0.0,1,26,4.0,11.6347,20,0,1.0,0.5,3,6,tesla_modal,0.0,0.0,4,23,tesla_modal,0.0,0.0,1.0,0.0,1,3,0.0,0.0,1,26,1.0,0.5,1,8,0.0,0.0,1,26,0.0,0.0,1,26,0.0,0.0,1,26,0.0,0.0,1,26,0.0,0.0,1,26,0.0,0.0,1,26,0.0,0.0,1,26,0.0,0.0,1,26,0.0,0.0,1,26,4.0,11.6347,20,0,2.0,0.5,1,2,tesla_modal,1.0,0.0,1,2,tesla_modal,0.0,0.0
02QY9Q92QPGC,3778,188.9,1,tesla,tesla,building,9.0,21.0,royal_ghost,6.77,royal_ghost,3,0.0,0.0,26,0.0,0.0,5,22,-0.0,-0.0,1,21,1.0,0.5,1,8,0.0,0.0,1,26,0.0,0.0,1,26,0.0,0.0,1,26,0.0,0.0,1,26,1.0,1.0,1,26,0.0,0.0,1,26,0.0,0.0,1,26,0.0,0.0,5,22,-0.0,-0.0,1,23,6.5375,14.1144,19,1,2.0,1.5,2,8,lane_R,0.0,0.0,3,21,lane_R,1.0,1.0,0.0,0.0,1,26,0.0,0.0,1,26,1.0,0.5,1,8,0.0,0.0,1,26,0.0,0.0,1,26,0.0,0.0,1,26,0.0,0.0,1,26,1.0,1.0,1,26,0.0,0.0,1,26,0.0,0.0,1,26,0.0,0.0,1,26,0.0,0.0,1,26,6.5375,14.1144,19,1,2.0,1.5,1,8,centre,0.0,0.0,1,26,corner,1.0,1.0
02QY9Q980YV0,987,49.4,1,tesla,tesla,building,9.0,22.0,royal_ghost,4.36,royal_ghost,4,0.0,0.0,26,0.0,0.0,2,25,-0.0,-0.0,1,23,1.0,0.5,1,8,0.0,0.0,1,26,0.0,0.0,1,26,0.0,0.0,1,26,0.0,0.0,1,26,1.0,1.0,1,26,0.0,0.0,1,26,0.0,0.0,1,26,0.0,0.0,2,25,-0.0,-0.0,1,24,4.4603,4.65,20,1,2.0,1.5,1,8,centre,0.0,0.0,1,23,corner,1.0,1.0,0.0,0.0,1,26,0.0,0.0,1,26,1.0,0.5,1,8,0.0,0.0,1,26,0.0,0.0,1,26,0.0,0.0,1,26,0.0,0.0,1,26,1.0,1.0,1,26,0.0,0.0,1,26,0.0,0.0,1,26,0.0,0.0,1,26,0.0,0.0,1,26,4.4603,4.65,20,1,2.0,1.5,1,8,centre,0.0,0.0,1,26,corner,1.0,1.0
02QY9Q980YV0,2411,120.6,1,x-bow,x_bow,building,3.5,19.5,giant_skeleton,17.75,giant_skeleton,1,0.0,0.0,26,0.0,0.0,10,17,-0.0,-0.0,1,20,0.5,0.5,11,16,0.0,0.0,1,26,0.0,0.0,1,26,0.0,0.0,1,26,0.0,0.0,1,26,0.0,0.0,1,26,1.0,1.0,1,8,0.0,0.0,1,26,0.0,0.0,1,26,-0.0,-0.0,1,26,10.4,12.4,8,0,1.5,1.5,6,4,g9_18,1.0,1.0,1,8,corner,0.0,0.0,0.0,0.0,7,20,-0.0,-0.0,1,19,0.5,0.5,11,16,0.0,0.0,1,26,0.0,0.0,1,26,0.0,0.0,1,26,0.0,0.0,1,26,0.0,0.0,1,26,1.0,1.0,1,8,0.0,0.0,1,26,0.0,0.0,1,26,-0.0,-0.0,1,26,10.4,12.4,8,0,1.5,1.5,6,4,g9_18,1.0,1.0,1,7,corner,0.0,0.0
02QY9Q980YV0,2548,127.4,1,tesla,tesla,building,6.0,18.0,mother_witch,6.61,mother_witch,3,0.0,0.0,26,0.0,0.0,4,23,0.0,0.0,1,26,0.5,0.5,9,17,0.0,0.0,1,26,0.0,0.0,1,26,0.0,0.0,1,26,0.0,0.0,1,26,0.0,0.0,1,26,0.0,0.0,1,26,0.0,0.0,1,26,0.4467,0.4467,3,1,0.0,0.0,1,26,2.0,1.5,20,0,0.5,0.5,10,17,tesla_modal,0.0,0.0,4,23,tesla_modal,0.0,0.0,0.2267,0.0,4,0,0.0,0.0,1,26,0.5,0.5,9,17,0.0,0.0,1,26,0.0,0.0,1,26,0.0,0.0,1,26,0.0,0.0,1,26,0.0,0.0,1,26,0.0,0.0,1,26,0.0,0.0,1,26,0.5501,0.5501,3,1,0.0,0.0,1,26,2.0,1.5,20,0,0.7267,0.5,10,0,tesla_modal,0.17,0.0,4,0,tesla_modal,0.0,0.0
02QY9Q980YV0,3029,151.5,1,x-bow,x_bow,building,8.5,22.5,royal_ghost,2.84,royal_ghost,5,0.0,0.0,26,0.8405,0.0,3,0,-0.145,-0.0,22,0,1.0,0.5,1,8,0.0,0.0,1,26,0.0,0.0,1,26,0.0,0.0,1,26,0.0,0.0,1,26,0.0,0.0,1,26,0.0,1.0,9,18,0.0,0.0,1,26,1.0,0.0,1,4,-0.0,-0.0,1,23,1.8809,9.9173,22,0,1.6954,1.5,2,0,tesla_modal,0.6954,1.0,11,0,corner,0.0,0.0,0.0,0.0,1,26,0.0,0.0,1,26,1.0,0.5,1,8,0.0,0.0,1,26,0.0,0.0,1,26,0.0,0.0,1,26,0.0,0.0,1,26,0.0,0.0,1,26,0.0,1.0,9,18,0.0,0.0,1,26,0.0,0.0,1,26,0.0,0.0,1,26,1.8809,9.9173,22,0,1.0,1.5,9,8,g9_18,0.0,1.0,9,18,corner,0.0,0.0
02QY9Q980YV0,3196,159.8,1,tesla,tesla,building,9.0,20.0,zappies,10.82,zappies,4,0.0,0.0,26,0.75,0.0,1,3,0.0,0.0,1,26,1.0,0.5,1,8,0.0,0.0,1,26,0.0,0.0,1,26,0.0,0.0,1,26,0.0,0.0,1,26,0.0,0.0,1,26,0.0,0.0,1,26,0.0,0.0,1,26,0.0,0.0,1,26,0.0,0.0,1,26,5.0,12.5,14,3,1.75,0.5,1,2,tesla_modal,0.75,0.0,1,2,tesla_modal,0.0,0.0,1.0,0.0,1,3,0.0,0.0,1,26,1.0,0.5,1,8,0.0,0.0,1,26,0.0,0.0,1,26,0.0,0.0,1,26,0.0,0.0,1,26,0.0,0.0,1,26,0.0,0.0,1,26,0.0,0.0,1,26,0.0,0.0,1,26,0.0,0.0,1,26,5.0,12.5,14,3,2.0,0.5,1,2,tesla_modal,1.0,0.0,1,2,tesla_modal,0.0,0.0
02QY9Q980YV0,3713,185.7,1,x-bow,x_bow,building,8.5,22.5,giant_skeleton,6.8,giant_skeleton,4,0.0,0.0,26,0.0,0.0,7,20,-0.0,-0.0,1,21,1.0,0.5,1,8,0.0,0.0,1,26,0.0,0.0,1,26,0.0,0.0,1,26,0.0,0.0,1,26,0.0,0.0,1,26,0.0,1.0,9,18,0.0,0.0,1,26,0.0,0.0,7,20,-0.0,-0.0,1,23,7.1164,13.0137,16,0,1.0,1.5,9,8,g9_18,0.0,1.0,11,16,corner,0.0,0.0,0.0,0.0,5,22,-0.0,-0.0,1,21,1.0,0.5,1,8,0.0,0.0,1,26,0.0,0.0,1,26,0.0,0.0,1,26,0.0,0.0,1,26,0.0,0.0,1,26,0.0,1.0,9,18,0.0,0.0,1,26,0.0,0.0,5,22,-0.0,-0.0,1,22,7.1164,13.0137,16,0,1.0,1.5,8,8,g9_18,0.0,1.0,11,16,corner,0.0,0.0
02QY9Q980YV0,4041,202.1,1,tesla,tesla,building,11.0,21.0,battle_ram,7.2,battle_ram,7,0.0,0.0,26,0.0,0.0,2,25,-0.0,-0.0,1,24,0.9179,0.5,9,0,0.0,0.0,1,26,0.0,0.0,1,26,0.0,0.0,1,26,0.0,0.0,1,26,1.0,1.0,1,26,0.0,0.0,1,26,0.0,0.0,1,26,0.0,0.0,2,25,-0.0,-0.0,1,25,7.4522,3.6633,12,0,1.9179,1.5,9,0,centre,0.0,0.0,1,24,corner,1.0,1.0,0.0,0.0,1,26,0.0,0.0,1,26,0.9179,0.5,9,0,0.0,0.0,1,26,0.0,0.0,1,26,0.0,0.0,1,26,0.0,0.0,1,26,1.0,1.0,1,26,0.0,0.0,1,26,0.0,0.0,1,26,0.0,0.0,1,26,0.0,0.0,1,26,7.4522,3.6633,12,0,1.9179,1.5,9,0,centre,0.0,0.0,1,26,corner,1.0,1.0
02QY9Q980YV0,4465,223.3,1,x-bow,x_bow,building,8.5,22.5,mother_witch,5.29,mother_witch,4,0.0,0.0,26,0.0,0.0,2,25,0.0,0.0,1,26,1.0,0.5,1,8,0.0,0.0,1,26,0.0,0.0,1,26,0.0,0.0,1,26,0.0,0.0,1,26,0.0,0.0,1,26,0.0,1.0,9,18,0.0,0.0,1,26,0.3471,0.0,2,0,0.0,0.0,1,26,4.0585,2.1218,19,0,1.0,1.5,10,7,g9_18,0.0,1.0,10,17,corner,0.0,0.0,1.0,0.2876,1,3,0.0,0.0,1,26,1.0,0.5,1,8,0.0,0.0,1,26,0.0,0.0,1,26,0.0,0.0,1,26,0.0,0.0,1,26,1.0,1.0,1,26,0.0,1.0,9,18,0.0,0.0,1,26,1.0,0.2913,1,3,0.0,0.0,1,26,4.0585,2.1218,19,0,3.0,2.7876,2,2,g9_18,1.0,1.0,1,10,corner,1.0,1.0
02QY9Q980YV0,4644,232.2,1,tesla,tesla,building,11.0,22.0,giant_skeleton,9.92,giant_skeleton,2,0.0,0.0,26,0.0,0.0,3,24,-0.0,-0.0,1,26,1.0,0.5,1,8,0.0,0.0,1,26,0.0,0.0,1,26,0.0,0.0,1,26,0.0,0.0,1,26,1.0,1.0,1,26,0.0,0.0,1,26,0.0,0.0,1,26,0.0,0.0,1,26,-0.0,-0.0,1,26,9.4868,10.8373,20,0,2.0,1.5,1,8,centre,0.0,0.0,3,24,g9_18,1.0,1.0,0.0,0.0,4,23,-0.0,-0.0,1,26,1.0,0.5,1,8,0.0,0.0,1,26,0.0,0.0,1,26,0.0,0.0,1,26,0.0,0.0,1,26,1.0,1.0,1,26,0.0,0.0,1,26,0.0,0.0,1,26,0.0,0.0,1,26,-0.0,-0.0,1,26,9.4868,10.8373,20,0,2.0,1.5,3,8,g15_18,0.0,0.0,4,23,g9_18,1.0,1.0
02QY9Q980YV0,4944,247.2,1,tesla,tesla,building,2.0,18.0,barbarians,3.79,barbarians,4,0.0,0.0,26,0.0,0.0,3,24,-0.0,-0.0,1,24,0.5,0.5,9,17,0.0,0.0,1,26,0.0,0.0,1,26,0.0,0.0,1,26,0.0,0.0,1,26,1.0,1.0,1,26,0.0,0.0,1,26,0.0,0.0,1,26,0.0,0.0,3,24,-0.0,-0.0,1,24,3.79,3.4891,20,0,1.5,1.5,10,15,lane,0.0,0.0,2,24,lane,1.0,1.0,0.0,0.0,2,25,-0.0,-0.0,1,24,0.5,0.5,9,17,0.0,0.0,1,26,0.0,0.0,1,26,0.0,0.0,1,26,0.0,0.0,1,26,1.0,1.0,1,26,0.0,0.0,1,26,0.0,0.0,1,26,0.0,0.0,2,25,-0.0,-0.0,1,24,3.79,3.4891,20,0,1.5,1.5,10,15,lane,0.0,0.0,2,24,lane,1.0,1.0
02QY9Q980YV0,5001,250.1,1,x-bow,x_bow,building,8.5,22.5,wizard,9.99,wizard,4,0.0,0.0,26,0.0,0.0,4,23,0.0,0.0,1,26,1.0,0.5,1,8,0.0,0.0,1,26,0.0,0.0,1,26,0.0,0.0,1,26,0.0,0.0,1,26,0.8929,0.8929,1,26,0.0,1.0,9,18,0.0,0.0,1,26,0.0,0.0,5,22,0.0,0.0,1,26,5.4,12.2695,12,1,1.8929,2.3929,11,6,g9_18,0.0,1.0,11,16,corner,0.8929,0.8929,0.0,0.0,4,23,0.0,0.0,1,26,1.0,0.5,1,8,0.0,0.0,1,26,0.0,0.0,1,26,0.0,0.0,1,26,0.0,0.0,1,26,0.8929,0.8929,1,26,0.0,1.0,9,18,0.0,0.0,1,26,0.0,0.0,5,22,0.0,0.0,1,26,5.4,12.2695,12,1,1.8929,2.3929,11,6,g9_18,0.0,1.0,11,16,corner,0.8929,0.8929
02QY9Q980YV0,5233,261.7,1,tesla,tesla,building,9.0,20.0,giant_skeleton,3.35,giant_skeleton,4,0.0,0.0,26,1.0,1.0,1,7,-0.0,-0.0,1,24,1.0,0.5,1,8,0.0,0.0,1,26,0.0,0.0,1,26,0.0,0.0,1,26,0.0,0.0,1,26,1.0,1.0,1,26,0.0,0.0,1,26,0.0,0.0,1,26,1.0,1.0,1,7,-0.0,-0.0,1,24,3.0355,2.8393,20,1,3.0,2.5,1,2,tesla_modal,1.0,0.75,1,2,tesla_modal,1.0,1.0,1.0,1.0,1,7,-0.0,-0.0,1,24,1.0,0.5,1,8,0.0,0.0,1,26,0.0,0.0,1,26,0.0,0.0,1,26,0.0,0.0,1,26,1.0,1.0,1,26,0.0,0.0,1,26,0.0,0.0,1,26,1.0,1.0,1,7,-0.0,-0.0,1,24,3.0355,2.8393,20,1,3.0,2.5,1,2,tesla_modal,1.0,0.75,1,2,tesla_modal,1.0,1.0
02QY9Q980YV0,5621,281.1,1,tesla,tesla,building,9.0,20.0,zappies,5.48,zappies,5,0.0,0.0,26,0.4939,0.0,3,0,0.0,0.0,1,26,1.0,0.5,1,8,0.0,0.0,1,26,0.0,0.0,1,26,0.0,0.0,1,26,0.0,0.0,1,26,1.0,1.0,1,26,0.0,0.0,1,26,0.0,0.0,1,26,0.7095,0.0,2,0,0.0,0.0,1,26,4.4877,11.8241,17,0,2.4939,1.5,3,0,g9_22,0.4939,0.0,3,0,g9_22,1.0,1.0,1.0,0.0,1,3,0.0,0.0,1,26,1.0,0.5,1,8,0.0,0.0,1,26,0.0,0.0,1,26,0.0,0.0,1,26,0.0,0.0,1,26,1.0,1.0,1,26,0.0,0.0,1,26,0.0,0.0,1,26,1.0,0.0,1,3,0.0,0.0,1,26,4.4877,11.8241,17,0,3.0,1.5,1,2,tesla_modal,1.0,0.0,1,2,tesla_modal,1.0,1.0
02QY9Q980YV0,5875,293.8,1,tesla,tesla,building,6.0,18.0,battle_ram,7.92,battle_ram,5,0.0,0.0,26,0.0,0.0,6,21,-0.0,-0.0,1,23,0.5,0.5,9,17,0.0,0.0,1,26,0.0,0.0,1,26,0.0,0.0,1,26,0.0,0.0,1,26,1.0,1.0,1,26,0.0,0.0,1,26,0.0,0.0,1,26,0.0,0.0,6,21,-0.0,-0.0,1,24,8.166,12.3778,9,0,1.5,1.5,12,11,bow_modal_R,0.0,0.0,4,20,bow_modal_R,1.0,1.0,0.0,0.0,4,23,0.0,0.0,1,26,0.5,0.5,9,17,0.0,0.0,1,26,0.0,0.0,1,26,0.0,0.0,1,26,0.0,0.0,1,26,1.0,1.0,1,26,0.0,0.0,1,26,0.0,0.0,1,26,0.0,0.0,4,23,0.0,0.0,1,26,8.166,12.3778,9,0,1.5,1.5,12,14,corner_R,0.0,0.0,4,23,corner_R,1.0,1.0
02QY9Q98C0J8,629,31.5,1,tesla,tesla,building,9.0,21.0,knight,8.02,knight,2,0.0,0.0,26,1.0,0.0,1,3,-0.0,-0.0,1,20,1.0,0.5,1,8,0.0,0.0,1,26,0.0,0.0,1,26,0.0,0.0,1,26,0.0,0.0,1,26,0.0,0.0,1,26,0.0,0.0,1,26,0.0,0.0,1,26,0.0,0.0,5,22,-0.0,-0.0,1,26,5.0,12.0515,14,3,2.0,0.5,1,2,tesla_modal,1.0,0.0,1,2,tesla_modal,0.0,0.0,1.0,0.0,1,3,-0.0,-0.0,1,20,1.0,0.5,1,8,0.0,0.0,1,26,0.0,0.0,1,26,0.0,0.0,1,26,0.0,0.0,1,26,0.0,0.0,1,26,0.0,0.0,1,26,0.0,0.0,1,26,0.0,0.0,5,22,-0.0,-0.0,1,26,5.0,12.0515,14,3,2.0,0.5,1,2,tesla_modal,1.0,0.0,1,2,tesla_modal,0.0,0.0
02QY9Q9L9CLL,264,13.2,1,tesla,tesla,building,14.0,18.0,dart_goblin,0.53,dart_goblin,1,0.0,0.0,26,0.0,0.0,1,26,0.0,0.0,1,26,0.5,0.5,9,17,0.0,0.0,1,26,0.0,0.0,1,26,0.0,0.0,1,26,0.0,0.0,1,26,1.0,1.0,1,26,0.0,0.0,1,26,0.0,0.0,1,26,0.0,0.0,3,24,0.0,0.0,1,26,0.0,12.5,24,3,1.5,1.5,9,17,centre,0.0,0.0,1,26,corner,1.0,1.0,0.0,0.0,4,23,0.0,0.0,1,26,0.5,0.5,9,17,0.0,0.0,1,26,0.0,0.0,1,26,0.0,0.0,1,26,0.0,0.0,1,26,1.0,1.0,1,26,0.0,0.0,1,26,0.0,0.0,1,26,0.0,0.0,7,20,0.0,0.0,1,26,0.0,12.5,24,3,1.5,1.5,10,17,tesla_modal,0.0,0.0,4,23,tesla_modal,1.0,1.0
02QY9Q9L9CLL,462,23.1,1,x-bow,x_bow,building,11.5,18.5,,0.0,,1,0.0,0.0,26,0.0,0.0,1,26,0.0,0.0,1,26,0.5,0.5,11,16,0.0,0.0,1,26,0.0,0.0,1,26,0.0,0.0,1,26,0.0,0.0,1,26,0.0,0.0,1,26,1.0,1.0,1,8,0.0,0.0,1,26,0.0,0.0,1,26,0.0,0.0,1,26,0.0,0.0,1,26,1.5,1.5,2,7,g9_18,1.0,1.0,1,8,corner,0.0,0.0,0.0,0.0,1,26,0.0,0.0,1,26,0.5,0.5,11,16,0.0,0.0,1,26,0.0,0.0,1,26,0.0,0.0,1,26,0.0,0.0,1,26,0.0,0.0,1,26,1.0,1.0,1,8,0.0,0.0,1,26,0.0,0.0,1,26,0.0,0.0,1,26,0.0,0.0,1,26,1.5,1.5,2,7,g9_18,1.0,1.0,1,8,corner,0.0,0.0
02QY9Q9L9CLL,1191,59.6,1,tesla,tesla,building,9.0,18.0,princess,5.0,princess,1,0.0,0.0,26,0.0,0.0,1,26,0.0,0.0,1,26,0.4663,0.5,26,1,0.0,0.0,1,26,0.0,0.0,1,26,0.0,0.0,1,26,0.0,0.0,1,26,0.0,0.0,1,26,0.0,0.0,1,26,0.0,0.0,1,26,0.0,0.0,3,24,0.0,0.0,1,26,4.9972,11.8059,16,1,0.4663,0.5,26,1,centre,0.0,0.0,1,26,corner,0.0,0.0,0.8278,0.0,3,1,0.0,0.0,1,26,0.4663,0.5,26,1,0.0,0.0,1,26,0.0,0.0,1,26,0.0,0.0,1,26,0.0,0.0,1,26,0.0,0.0,1,26,0.0,0.0,1,26,0.0,0.0,1,26,0.1557,0.0,5,1,0.0,0.0,1,26,4.9972,11.8059,16,1,1.2941,0.5,3,1,tesla_modal,0.6069,0.0,3,1,tesla_modal,0.0,0.0
02QY9Q9L9CLL,1973,98.7,1,tesla,tesla,building,8.0,18.0,valkyrie,4.51,valkyrie,5,0.0,0.0,26,1.0,0.65,1,3,-0.0,-0.3182,1,19,0.443,0.5,27,0,0.0,0.0,1,26,0.0,0.0,1,26,0.0,0.0,1,26,0.0,0.0,1,26,1.0,1.0,1,26,0.0,0.0,1,26,0.0,0.0,1,26,1.0,1.0,1,4,-0.0,-0.0,1,25,4.0,1.5,20,0,2.443,1.8318,4,0,tesla_modal,0.7215,0.1875,4,0,tesla_modal,1.0,1.0,1.0,0.6667,1,3,-0.0,-0.3077,1,19,0.443,0.5,27,0,0.0,0.0,1,26,0.0,0.0,1,26,0.0,0.0,1,26,0.0,0.0,1,26,1.0,1.0,1,26,0.0,0.0,1,26,0.0,0.0,1,26,1.0,1.0,1,4,-0.0,-0.0,1,25,4.0,1.5,20,0,2.443,1.859,4,0,tesla_modal,0.7215,0.2,4,0,tesla_modal,1.0,1.0
02QY9Q9L9CLL,2812,140.6,1,x-bow,x_bow,building,9.5,22.5,skeleton_army,8.12,skeleton_army,17,0.0,0.0,26,0.0,0.95,10,17,-0.0,-0.0667,1,19,0.5,0.5,1,16,0.0,0.0,1,26,0.0,0.0,1,26,0.0,0.0,1,26,0.0,0.0,1,26,0.8795,0.8795,1,26,0.0,1.0,9,18,0.0,0.0,1,26,0.0,0.0636,4,23,-0.0,-0.0,1,26,5.4,1.4,13,0,1.3795,3.2628,11,7,corner,0.0,0.9333,12,13,bow_modal_R,0.8795,0.8795,0.0,0.675,8,19,-0.0,-0.3171,1,19,0.5,0.5,1,16,0.0,0.0,1,26,0.0,0.0,1,26,0.0,0.0,1,26,0.0,0.0,1,26,0.8795,0.8795,1,26,0.0,1.0,9,18,0.0,0.0,1,26,0.0,0.0636,4,23,-0.0,-0.0,1,26,5.4,1.4,13,0,1.3795,2.7374,10,8,g9_18,0.0,0.7,11,13,bow_modal_R,0.8795,0.8795
02QY9Q9L9CLL,2956,147.8,1,tesla,tesla,building,16.0,18.0,skeleton_army,6.81,skeleton_army,19,0.0,0.0,26,0.0,0.0,10,17,-0.0,-0.0,1,21,0.0,0.5,18,9,0.0,0.0,1,26,0.0,0.0,1,26,0.0,0.0,1,26,0.0,0.0,1,26,1.0,1.0,1,26,0.0,0.0,1,26,0.0,0.0,1,26,0.0,0.0,10,17,-0.0,-0.0,1,25,6.8133,8.4443,9,0,1.0,1.5,19,6,g9_26,0.0,0.0,8,17,g9_26,1.0,1.0,0.0,0.0,9,18,-0.0,-0.0,1,21,0.0,0.5,18,9,0.0,0.0,1,26,0.0,0.0,1,26,0.0,0.0,1,26,0.0,0.0,1,26,1.0,1.0,1,26,0.0,0.0,1,26,0.0,0.0,1,26,0.0,0.0,9,18,-0.0,-0.0,1,24,6.8133,8.4443,9,0,1.0,1.5,19,6,g9_26,0.0,0.0,8,17,g9_26,1.0,1.0
02QY9Q9LCCQQ,304,15.2,1,x-bow,x_bow,building,4.5,19.5,bowler,17.95,bowler,1,0.0,0.0,26,0.0,0.0,4,23,0.0,0.0,1,26,0.5,0.5,11,16,0.0,0.0,1,26,0.0,0.0,1,26,0.0,0.0,1,26,0.0,0.0,1,26,0.0,0.0,1,26,0.9616,1.0,9,0,0.0,0.0,1,26,0.0,0.0,1,26,0.0,0.0,1,26,9.4,12.4,8,1,1.4616,1.5,11,0,g9_18,0.9616,1.0,9,0,corner,0.0,0.0,0.0,0.0,4,23,0.0,0.0,1,26,0.5,0.5,11,16,0.0,0.0,1,26,0.0,0.0,1,26,0.0,0.0,1,26,0.0,0.0,1,26,0.0,0.0,1,26,0.9616,1.0,9,0,0.0,0.0,1,26,0.0,0.0,1,26,0.0,0.0,1,26,9.4,12.4,8,1,1.4616,1.5,11,0,g9_18,0.9616,1.0,9,0,corner,0.0,0.0
02QY9Q9LCCQQ,1201,60.1,1,x-bow,x_bow,building,2.5,19.5,royal_ghost,12.06,royal_ghost,3,0.0,0.0,26,0.0,0.0,4,23,-0.0,-0.0,1,20,0.5,0.5,11,16,0.0,0.0,1,26,0.0,0.0,1,26,0.0,0.0,1,26,0.0,0.0,1,26,1.0,1.0,1,26,0.9616,1.0,9,0,0.0,0.0,1,26,0.0,0.0,5,22,-0.0,-0.0,1,22,11.918,13.0088,4,0,2.4616,2.5,6,0,g9_18,0.9616,1.0,6,0,corner,1.0,1.0,0.0,0.0,1,26,0.0,0.0,1,26,0.5,0.5,11,16,0.0,0.0,1,26,0.0,0.0,1,26,0.0,0.0,1,26,0.0,0.0,1,26,0.0,0.0,1,26,0.9616,1.0,9,0,0.0,0.0,1,26,0.0,0.0,1,26,0.0,0.0,1,26,11.918,13.0088,4,0,1.4616,1.5,9,0,g9_18,0.9616,1.0,9,0,corner,0.0,0.0
02QY9Q9LCCQQ,1276,64.5,1,tesla,tesla,building,5.0,18.0,royal_ghost,9.59,royal_ghost,4,0.0,0.0,26,0.0,0.0,2,25,-0.0,-0.0,1,23,0.5,0.5,9,17,0.0,0.0,1,26,0.0,0.0,1,26,0.0,0.0,1,26,0.0,0.0,1,26,1.0,1.0,1,26,0.0,0.0,1,26,0.0,0.0,1,26,0.0,0.0,2,25,-0.0,-0.0,1,24,8.4562,11.362,9,0,1.5,1.5,8,15,centre,0.0,0.0,1,23,corner,1.0,1.0,0.0,0.0,1,26,0.0,0.0,1,26,0.5,0.5,9,17,0.0,0.0,1,26,0.0,0.0,1,26,0.0,0.0,1,26,0.0,0.0,1,26,1.0,1.0,1,26,0.0,0.0,1,26,0.0,0.0,1,26,0.0,0.0,1,26,0.0,0.0,1,26,8.4562,11.362,9,0,1.5,1.5,9,17,centre,0.0,0.0,1,26,corner,1.0,1.0
02QY9Q9LCCQQ,2316,115.8,1,tesla,tesla,building,7.0,18.0,baby_dragon,4.18,baby_dragon,1,0.0,0.0,26,0.7016,0.0,2,0,0.0,0.0,1,26,0.5,0.5,9,17,0.0,0.0,1,26,0.0,0.0,1,26,0.0,0.0,1,26,0.0,0.0,1,26,1.0,1.0,1,26,0.0,0.0,1,26,0.0,0.0,1,26,0.8389,0.0,2,0,0.0,0.0,1,26,3.9032,0.6163,20,0,2.2016,1.5,2,0,g9_18,0.5262,0.0,2,0,g9_18,1.0,1.0,0.9891,0.0,1,0,0.0,0.0,1,26,0.5,0.5,9,17,0.0,0.0,1,26,0.0,0.0,1,26,0.0,0.0,1,26,0.0,0.0,1,26,1.0,1.0,1,26,0.0,0.0,1,26,0.0,0.0,1,26,1.0,0.0,1,1,0.0,0.0,1,26,3.9032,0.6163,20,0,2.4891,1.5,1,0,g9_18,0.7418,0.0,1,0,g9_18,1.0,1.0
02QY9Q9LCCQQ,2644,132.2,1,x-bow,x_bow,building,12.5,21.5,royal_ghost,10.99,royal_ghost,2,0.0,0.0,26,0.0,0.6,8,19,-0.0,-0.3636,1,19,0.5837,0.5,9,0,0.0,0.0,1,26,0.0,0.0,1,26,0.0,0.0,1,26,0.0,0.0,1,26,1.0,1.0,1,26,0.0,1.0,9,18,0.0,0.0,1,26,0.0,1.0,8,19,-0.0,-0.0,1,26,8.4,1.4,10,0,1.5837,2.7364,16,0,g9_18,0.0,0.7,11,13,tesla_modal,1.0,1.0,0.0,0.0,4,23,0.0,0.0,1,26,0.5837,0.5,9,0,0.0,0.0,1,26,0.0,0.0,1,26,0.0,0.0,1,26,0.0,0.0,1,26,1.0,1.0,1,26,0.0,1.0,9,18,0.0,0.0,1,26,0.0,0.1519,7,20,0.0,0.0,1,26,8.4,1.4,10,0,1.5837,2.5,17,0,g9_18,0.0,1.0,11,16,corner,1.0,1.0
02QY9Q9LCCQQ,2943,147.2,1,tesla,tesla,building,9.0,18.0,bowler,4.71,bowler,7,0.0,0.0,26,0.9819,0.0,1,1,0.0,0.0,1,26,0.4663,0.5,26,1,0.0,0.0,1,26,0.0,0.0,1,26,0.0,0.0,1,26,0.0,0.0,1,26,0.4214,0.4214,1,26,0.0,0.0,1,26,0.0,0.0,1,26,0.5609,0.0,2,1,0.0,0.0,1,26,4.9637,12.1611,21,1,1.8696,0.9214,1,1,g9_18,0.7199,0.0,1,1,g9_18,0.4214,0.4214,0.811,0.0,1,1,0.0,0.0,1,26,0.4663,0.5,26,1,0.0,0.0,1,26,0.0,0.0,1,26,0.0,0.0,1,26,0.0,0.0,1,26,0.4214,0.4214,1,26,0.0,0.0,1,26,0.0,0.0,1,26,0.7588,0.0,2,1,0.0,0.0,1,26,4.9637,12.1611,21,1,1.6988,0.9214,2,1,tesla_modal,0.5946,0.0,1,1,g9_18,0.4214,0.4214
02QY9Q9LCCQQ,3246,162.3,1,x-bow,x_bow,building,11.5,20.5,electro_giant,6.77,electro_giant,2,0.0,0.0,26,0.0,1.0,13,14,-0.0,-0.0,1,21,0.5,0.0,1,17,0.0,0.0,1,26,0.0,0.0,1,26,0.0,0.0,1,26,0.0,0.0,1,26,1.0,1.0,1,26,0.0,1.0,9,18,0.0,0.0,1,26,0.0,1.0,13,14,-0.0,-0.0,1,24,6.5913,4.9395,6,0,1.5,3.0,16,7,corner,0.0,1.0,16,8,corner,1.0,1.0,0.0,1.0,11,16,0.0,0.0,1,26,0.5,0.0,1,17,0.0,0.0,1,26,0.0,0.0,1,26,0.0,0.0,1,26,0.0,0.0,1,26,1.0,1.0,1,26,0.0,1.0,9,18,0.0,0.0,1,26,0.0,1.0,12,15,0.0,0.0,1,26,6.5913,4.9395,6,0,1.5,3.0,13,10,corner,0.0,1.0,15,12,corner,1.0,1.0
02QY9Q9LCCQQ,3471,173.6,1,tesla,tesla,building,7.0,20.0,electro_giant,5.29,electro_giant,5,0.0,0.0,26,0.0,0.0,9,18,-0.0,-0.0,1,20,0.2332,0.0,18,1,0.0,0.0,1,26,0.0,0.0,1,26,0.0,0.0,1,26,0.0,0.0,1,26,1.0,1.0,1,26,0.0,0.0,1,26,0.0,0.0,1,26,0.0,0.0,10,17,-0.0,-0.0,1,23,5.5397,11.0501,12,0,1.2332,1.0,16,0,tesla_modal,0.0,0.0,8,16,tesla_modal,1.0,1.0,0.0,0.0,8,19,0.0,0.0,1,26,0.2332,0.0,18,1,0.0,0.0,1,26,0.0,0.0,1,26,0.0,0.0,1,26,0.0,0.0,1,26,1.0,1.0,1,26,0.0,0.0,1,26,0.0,0.0,1,26,0.0,0.0,9,18,0.0,0.0,1,26,5.5397,11.0501,12,0,1.2332,1.0,19,0,tesla_modal,0.0,0.0,8,19,tesla_modal,1.0,1.0
02QY9Q9P0CRP,727,36.4,1,x-bow,x_bow,building,2.5,19.5,valkyrie,15.59,valkyrie,1,0.0,0.0,26,0.0,0.0,7,20,-0.0,-0.0,1,19,0.5,0.5,11,16,0.0,0.0,1,26,0.0,0.0,1,26,0.0,0.0,1,26,0.0,0.0,1,26,0.0,0.0,1,26,0.9616,1.0,9,0,0.0,0.0,1,26,0.0,0.0,1,26,-0.0,-0.0,1,26,11.4,12.4,5,0,1.4616,1.5,10,0,g9_18,0.9616,1.0,8,0,corner,0.0,0.0,0.0,0.0,7,20,-0.0,-0.0,1,19,0.5,0.5,11,16,0.0,0.0,1,26,0.0,0.0,1,26,0.0,0.0,1,26,0.0,0.0,1,26,0.0,0.0,1,26,0.9616,1.0,9,0,0.0,0.0,1,26,0.0,0.0,1,26,-0.0,-0.0,1,26,11.4,12.4,5,0,1.4616,1.5,10,0,g9_18,0.9616,1.0,8,0,corner,0.0,0.0
02QY9Q9P0CRP,776,39.2,1,tesla,tesla,building,5.0,18.0,valkyrie,10.98,valkyrie,2,0.0,0.0,26,0.0,0.0,6,21,-0.0,-0.0,1,20,0.5,0.5,9,17,0.0,0.0,1,26,0.0,0.0,1,26,0.0,0.0,1,26,0.0,0.0,1,26,0.0,0.0,1,26,0.0,0.0,1,26,0.0,0.0,1,26,0.0,0.0,1,26,-0.0,-0.0,1,26,9.0,12.5,9,0,0.5,0.5,11,11,tesla_modal,0.0,0.0,5,17,tesla_modal,0.0,0.0,0.0,0.0,6,21,-0.0,-0.0,1,20,0.5,0.5,9,17,0.0,0.0,1,26,0.0,0.0,1,26,0.0,0.0,1,26,0.0,0.0,1,26,0.0,0.0,1,26,0.0,0.0,1,26,0.0,0.0,1,26,0.0,0.0,1,26,-0.0,-0.0,1,26,9.0,12.5,9,0,0.5,0.5,11,11,tesla_modal,0.0,0.0,5,17,tesla_modal,0.0,0.0
02QY9Q9P0CRP,1978,98.9,1,tesla,tesla,building,14.0,23.0,valkyrie,11.01,valkyrie,2,0.0,0.0,26,1.0,0.0,1,5,-0.0,-0.0,1,24,0.0,0.5,18,9,0.0,0.0,1,26,0.0,0.0,1,26,0.0,0.0,1,26,0.0,0.0,1,26,0.0,0.0,1,26,0.0,0.0,1,26,0.0,0.0,1,26,0.0,0.0,4,23,-0.0,-0.0,1,26,5.4185,11.5626,21,0,1.0,0.5,4,3,tesla_modal,0.5,0.0,4,3,tesla_modal,0.0,0.0,0.9782,0.0,5,0,-0.0,-0.0,1,24,0.0,0.5,18,9,0.0,0.0,1,26,0.0,0.0,1,26,0.0,0.0,1,26,0.0,0.0,1,26,0.0,0.0,1,26,0.0,0.0,1,26,0.0,0.0,1,26,0.0,0.0,3,24,-0.0,-0.0,1,26,5.4185,11.5626,21,0,0.9782,0.5,7,0,tesla_modal,0.4891,0.0,6,0,tesla_modal,0.0,0.0
02QY9Q9P0CRP,2466,123.3,1,x-bow,x_bow,building,15.5,19.5,,0.0,,4,0.0,0.0,26,0.0,0.0,1,26,0.0,0.0,1,26,0.0,0.5,19,8,0.0,0.0,1,26,0.0,0.0,1,26,0.0,0.0,1,26,0.0,0.0,1,26,0.0,0.0,1,26,0.9616,1.0,9,0,0.0,0.0,1,26,0.0,0.0,1,26,0.0,0.0,1,26,0.0,0.0,1,26,0.9616,1.5,9,0,corner,0.9616,1.0,9,0,corner,0.0,0.0,0.0,0.0,1,26,0.0,0.0,1,26,0.0,0.5,19,8,0.0,0.0,1,26,0.0,0.0,1,26,0.0,0.0,1,26,0.0,0.0,1,26,0.0,0.0,1,26,0.9616,1.0,9,0,0.0,0.0,1,26,0.0,0.0,1,26,0.0,0.0,1,26,0.0,0.0,1,26,0.9616,1.5,9,0,corner,0.9616,1.0,9,0,corner,0.0,0.0
02QY9Q9P0CRP,2713,135.7,1,tesla,tesla,building,13.0,18.0,valkyrie,4.4,valkyrie,8,0.0,0.0,26,1.0,0.0,1,5,-0.0,-0.0,1,26,0.0,0.5,18,9,0.0,0.0,1,26,0.0,0.0,1,26,0.0,0.0,1,26,0.0,0.0,1,26,1.0,1.0,1,26,0.0,0.0,1,26,0.0,0.0,1,26,0.9696,0.0,2,0,-0.0,-0.0,1,26,2.2589,11.5979,27,0,2.0,1.5,2,4,g9_18,0.5,0.0,2,4,g9_18,1.0,1.0,1.0,0.0,1,5,-0.0,-0.0,1,26,0.0,0.5,18,9,0.0,0.0,1,26,0.0,0.0,1,26,0.0,0.0,1,26,0.0,0.0,1,26,1.0,1.0,1,26,0.0,0.0,1,26,0.0,0.0,1,26,0.9071,0.0,2,0,-0.0,-0.0,1,26,2.2589,11.5979,27,0,2.0,1.5,2,4,g9_18,0.5,0.0,2,4,g9_18,1.0,1.0
02QY9Q9PCGCP,491,24.6,1,x-bow,x_bow,building,15.5,19.5,night_witch,13.28,night_witch,5,0.0,0.0,26,0.0,0.4,7,20,-0.0,-0.4615,1,19,0.5,0.5,11,16,0.0,0.0,1,26,0.0,0.0,1,26,0.0,0.0,1,26,0.0,0.0,1,26,0.0,0.0,1,26,0.9616,1.0,9,0,0.0,0.0,1,26,0.0,0.0,2,25,-0.0,-0.0,1,26,11.4,1.4,3,0,1.4616,1.4385,7,0,g9_18,0.9616,0.7,7,0,tesla_modal,0.0,0.0,0.0,0.0,4,23,0.0,0.0,1,26,0.5,0.5,11,16,0.0,0.0,1,26,0.0,0.0,1,26,0.0,0.0,1,26,0.0,0.0,1,26,0.0,0.0,1,26,0.9616,1.0,9,0,0.0,0.0,1,26,0.0,0.0,2,25,0.0,0.0,1,26,11.4,1.4,3,0,1.4616,1.5,11,0,g9_18,0.9616,1.0,11,0,corner,0.0,0.0
02QY9Q9PCGCP,1702,85.1,1,x-bow,x_bow,building,13.5,19.5,golem,18.2,golem,1,0.0,0.0,26,0.0,0.825,10,17,-0.0,-0.2,1,19,0.5,0.5,11,16,0.0,0.0,1,26,0.0,0.0,1,26,0.0,0.0,1,26,0.0,0.0,1,26,0.0,0.0,1,26,0.9616,1.0,9,0,0.0,0.0,1,26,0.0,0.0,1,26,-0.0,-0.0,1,26,9.4,1.4,9,1,1.4616,2.125,10,0,g9_18,0.9616,0.8,7,0,tesla_modal,0.0,0.0,0.0,0.0218,6,21,0.0,0.0,1,26,0.5,0.5,11,16,0.0,0.0,1,26,0.0,0.0,1,26,0.0,0.0,1,26,0.0,0.0,1,26,0.0,0.0,1,26,0.9616,1.0,9,0,0.0,0.0,1,26,0.0,0.0,1,26,0.0,0.0,1,26,9.4,1.4,9,1,1.4616,1.5218,11,0,g9_18,0.9616,1.0,11,0,corner,0.0,0.0
02QY9Q9PCGCP,2036,101.8,1,tesla,tesla,building,9.0,22.0,golem,7.65,golem,4,0.0,0.0,26,1.0,0.875,1,3,-0.0,-0.1429,1,19,1.0,0.5,1,8,0.0,0.0,1,26,0.0,0.0,1,26,0.0,0.0,1,26,0.0,0.0,1,26,0.2711,0.2711,1,26,0.0,0.0,1,26,0.0,0.0,1,26,0.0828,1.0,9,1,-0.0,-0.0,1,26,5.0,1.5,15,3,2.2711,1.5032,1,2,tesla_modal,1.0,0.5134,1,2,tesla_modal,0.2711,0.2711,1.0,0.0718,1,3,0.0,0.0,1,26,1.0,0.5,1,8,0.0,0.0,1,26,0.0,0.0,1,26,0.0,0.0,1,26,0.0,0.0,1,26,0.2711,0.2711,1,26,0.0,0.0,1,26,0.0,0.0,1,26,0.1731,1.0,9,1,0.0,0.0,1,26,5.0,1.5,15,3,2.2711,0.8428,1,2,tesla_modal,1.0,0.0538,1,2,tesla_modal,0.2711,0.2711
02QY9Q9PCGCP,2513,125.7,1,tesla,tesla,building,3.0,23.0,mega_minion,12.46,mega_minion,1,0.0,0.0,26,0.0,0.9925,10,17,-0.8499,-0.0058,25,0,0.5,0.5,9,17,0.0,0.0,1,26,0.0,0.0,1,26,0.0,0.0,1,26,0.0,0.0,1,26,0.0,0.0,1,26,0.0,0.0,1,26,0.0,0.0,1,26,0.0,0.0,1,26,-0.0,-0.0,1,26,0.3902,2.5849,25,0,-0.3499,1.4867,25,0,centre,-0.3,0.7386,24,3,centre,0.0,0.0,0.0,0.33,9,18,0.0,0.0,1,26,0.5,0.5,9,17,0.0,0.0,1,26,0.0,0.0,1,26,0.0,0.0,1,26,0.0,0.0,1,26,0.0,0.0,1,26,0.0,0.0,1,26,0.0,0.0,1,26,0.0,0.0,1,26,0.0,0.0,1,26,0.3902,2.5849,25,0,0.5,0.83,13,14,centre,0.0,0.2475,9,18,centre,0.0,0.0
02QY9Q9PCGCP,2741,137.1,1,x-bow,x_bow,building,9.5,21.5,mega_minion,7.23,mega_minion,5,0.0,0.0,26,0.1801,0.0,6,0,-0.0,-0.9613,1,20,1.0,0.5,1,8,0.0,0.0,1,26,0.0,0.0,1,26,0.0,0.0,1,26,0.0,0.0,1,26,0.0,0.0,1,26,0.0,1.0,9,18,0.0,0.0,1,26,0.1332,0.7147,9,0,-0.0,-0.2195,1,22,7.1399,0.1006,17,0,1.1801,0.5387,9,0,g9_18,0.1801,0.7,13,0,bow_modal_R,0.0,0.0,0.1957,0.0,5,0,0.0,0.0,1,26,1.0,0.5,1,8,0.0,0.0,1,26,0.0,0.0,1,26,0.0,0.0,1,26,0.0,0.0,1,26,0.0,0.0,1,26,0.0,1.0,9,18,0.0,0.0,1,26,0.1488,0.0522,6,0,0.0,0.0,1,26,7.1399,0.1006,17,0,1.1957,1.5,11,0,g9_18,0.1957,1.0,12,0,corner,0.0,0.0
02QY9Q9PCGCP,3037,151.9,1,tesla,tesla,building,7.0,22.0,baby_dragon,5.71,baby_dragon,10,0.0,0.0,26,0.4039,0.0,11,0,0.0,0.0,1,26,1.0,0.5,1,8,0.0,0.0,1,26,0.0,0.0,1,26,0.0,0.0,1,26,0.0,0.0,1,26,1.0,1.0,1,26,0.0,0.0,1,26,0.0,0.0,1,26,0.8944,0.0,4,0,0.0,0.0,1,26,3.3079,6.5,24,0,2.4039,1.5,7,0,centre,0.4039,0.0,11,0,centre,1.0,1.0,0.6914,0.0,10,0,0.0,0.0,1,26,1.0,0.5,1,8,0.0,0.0,1,26,0.0,0.0,1,26,0.0,0.0,1,26,0.0,0.0,1,26,1.0,1.0,1,26,0.0,0.0,1,26,0.0,0.0,1,26,0.91,0.0,7,0,0.0,0.0,1,26,3.3079,6.5,24,0,2.6914,1.5,4,0,centre,0.6914,0.0,10,0,centre,1.0,1.0
02QY9Q9PY29C,716,35.8,1,tesla,tesla,building,7.0,18.0,baby_dragon,14.09,baby_dragon,1,0.0,0.0,26,0.0,0.167,9,18,0.0,0.0,1,26,0.5,0.5,9,17,0.0,0.0,1,26,0.0,0.0,1,26,0.0,0.0,1,26,0.0,0.0,1,26,0.0,0.0,1,26,0.0,0.0,1,26,0.0,0.0,1,26,0.0,0.0,1,26,0.0,0.0,1,26,1.4612,2.834,23,1,0.5,0.667,12,15,skel_cell,0.0,0.1252,9,18,skel_cell,0.0,0.0,0.0,0.4545,10,17,0.0,0.0,1,26,0.5,0.5,9,17,0.0,0.0,1,26,0.0,0.0,1,26,0.0,0.0,1,26,0.0,0.0,1,26,0.0,0.0,1,26,0.0,0.0,1,26,0.0,0.0,1,26,0.0,0.0,1,26,0.0,0.0,1,26,1.4612,2.834,23,1,0.5,0.9545,13,14,centre,0.0,0.3409,10,17,centre,0.0,0.0
02QY9Q9PY29C,1295,64.8,1,x-bow,x_bow,building,15.5,19.5,,0.0,,0,0.0,0.0,26,0.0,0.0,1,26,0.0,0.0,1,26,0.5,0.5,11,16,0.0,0.0,1,26,0.0,0.0,1,26,0.0,0.0,1,26,0.0,0.0,1,26,0.0,0.0,1,26,0.9616,1.0,9,0,0.0,0.0,1,26,0.0,0.0,1,26,0.0,0.0,1,26,0.0,0.0,1,26,1.4616,1.5,9,0,g9_18,0.9616,1.0,9,0,corner,0.0,0.0,0.0,0.0,1,26,0.0,0.0,1,26,0.5,0.5,11,16,0.0,0.0,1,26,0.0,0.0,1,26,0.0,0.0,1,26,0.0,0.0,1,26,0.0,0.0,1,26,0.9616,1.0,9,0,0.0,0.0,1,26,0.0,0.0,1,26,0.0,0.0,1,26,0.0,0.0,1,26,1.4616,1.5,9,0,g9_18,0.9616,1.0,9,0,corner,0.0,0.0
02QY9Q9PY29C,1481,74.1,1,tesla,tesla,building,13.0,18.0,baby_dragon,4.08,baby_dragon,6,0.0,0.0,26,0.0,0.0,5,22,0.0,0.0,1,26,0.5,0.5,9,17,0.0,0.0,1,26,0.0,0.0,1,26,0.0,0.0,1,26,0.0,0.0,1,26,0.8628,0.8628,1,26,0.0,0.0,1,26,0.0,0.0,1,26,0.7911,0.0,2,0,0.0,0.0,1,26,2.2456,13.5357,22,0,1.3628,1.3628,10,17,knight_cell,0.0,0.0,5,22,knight_cell,0.8628,0.8628,0.1603,0.0,5,0,0.0,0.0,1,26,0.5,0.5,9,17,0.0,0.0,1,26,0.0,0.0,1,26,0.0,0.0,1,26,0.0,0.0,1,26,0.8628,0.8628,1,26,0.0,0.0,1,26,0.0,0.0,1,26,1.0,0.0,1,0,0.0,0.0,1,26,2.2456,13.5357,22,0,1.5231,1.3628,10,0,knight_cell,0.1202,0.0,5,0,knight_cell,0.8628,0.8628
02QY9Q9PY29C,2422,121.1,1,tesla,tesla,building,6.0,18.0,valkyrie,2.82,valkyrie,2,0.0,0.0,26,1.0,0.2781,1,0,-0.0,-0.6563,1,19,0.5,0.5,9,17,0.0,0.0,1,26,0.0,0.0,1,26,0.0,0.0,1,26,0.0,0.0,1,26,1.0,1.0,1,26,0.0,0.0,1,26,0.0,0.0,1,26,1.0,0.3422,1,2,-0.0,-0.598,1,22,2.7714,0.7562,20,0,2.5,1.1218,1,0,g9_18,0.75,-0.0914,1,0,g9_18,1.0,1.0,1.0,0.2948,1,0,-0.0,-0.651,1,19,0.5,0.5,9,17,0.0,0.0,1,26,0.0,0.0,1,26,0.0,0.0,1,26,0.0,0.0,1,26,1.0,1.0,1,26,0.0,0.0,1,26,0.0,0.0,1,26,1.0,0.3588,1,2,-0.0,-0.5919,1,22,2.7714,0.7562,20,0,2.5,1.1438,1,0,g9_18,0.75,-0.0789,1,0,g9_18,1.0,1.0
02QY9Q9PY29C,2741,137.1,1,x-bow,x_bow,building,15.5,19.5,lava_hound,11.86,lava_hound,2,0.0,0.0,26,0.0,0.0,1,26,0.0,0.0,1,26,0.5,0.5,11,16,0.0,0.0,1,26,0.0,0.0,1,26,0.0,0.0,1,26,0.0,0.0,1,26,0.0,0.0,1,26,0.9616,1.0,9,0,0.0,0.0,1,26,0.0,0.0,1,26,0.0,0.0,1,26,12.005,1.9168,2,0,1.4616,1.5,9,0,g9_18,0.9616,1.0,9,0,corner,0.0,0.0,0.0,0.2802,4,23,0.0,0.0,1,26,0.5,0.5,11,16,0.0,0.0,1,26,0.0,0.0,1,26,0.0,0.0,1,26,0.0,0.0,1,26,0.3183,0.3183,1,26,0.9616,1.0,9,0,0.0,0.0,1,26,0.0,0.2802,4,23,0.0,0.0,1,26,12.005,1.9168,2,0,1.7799,2.0985,9,0,tesla_true,0.9616,1.0,9,0,corner,0.3183,0.3183
02QY9Q9PY29C,3201,160.1,1,x-bow,x_bow,building,15.5,19.5,musketeer,12.36,musketeer,1,0.0,0.0,26,0.0,0.0,2,25,0.0,0.0,1,26,0.5,0.5,11,16,0.0,0.0,1,26,0.0,0.0,1,26,0.0,0.0,1,26,0.0,0.0,1,26,0.0,0.0,1,26,0.9616,1.0,9,0,0.0,0.0,1,26,0.0,0.0,2,25,0.0,0.0,1,26,11.9622,0.6562,2,0,1.4616,1.5,9,0,g9_18,0.9616,1.0,9,0,corner,0.0,0.0,0.0,0.0,2,25,0.0,0.0,1,26,0.5,0.5,11,16,0.0,0.0,1,26,0.0,0.0,1,26,0.0,0.0,1,26,0.0,0.0,1,26,1.0,1.0,1,26,0.9616,1.0,9,0,0.0,0.0,1,26,0.0,0.0,4,23,0.0,0.0,1,26,11.9622,0.6562,2,0,2.4616,2.5,9,0,g9_18,0.9616,1.0,9,0,corner,1.0,1.0
02QY9Q9PY29C,3719,186.0,1,x-bow,x_bow,building,15.5,19.5,baby_dragon,0.7,baby_dragon,7,0.0,0.0,26,0.0,0.0,1,26,0.0,0.0,1,26,0.5,0.5,11,16,0.0,0.0,1,26,0.0,0.0,1,26,0.0,0.0,1,26,0.0,0.0,1,26,0.0,0.0,1,26,0.9616,1.0,9,0,0.0,0.0,1,26,0.0,0.0,1,26,0.0,0.0,1,26,0.597,13.5501,25,0,1.4616,1.5,9,0,g9_18,0.9616,1.0,9,0,corner,0.0,0.0,0.0,0.0,2,25,0.0,0.0,1,26,0.5,0.5,11,16,0.0,0.0,1,26,0.0,0.0,1,26,0.0,0.0,1,26,0.0,0.0,1,26,0.0,0.0,1,26,0.9616,1.0,9,0,0.0,0.0,1,26,0.0,0.0,2,25,0.0,0.0,1,26,0.597,13.5501,25,0,1.4616,1.5,9,0,g15_18,0.9616,1.0,9,0,corner,0.0,0.0
02QY9Q9PY29C,3877,193.9,1,tesla,tesla,building,12.0,18.0,valkyrie,3.8,valkyrie,9,0.0,0.0,26,0.9,0.0,4,0,-0.0909,-0.0,21,0,0.5,0.5,9,17,0.0,0.0,1,26,0.0,0.0,1,26,0.0,0.0,1,26,0.0,0.0,1,26,0.3333,0.3333,1,26,0.0,0.0,1,26,0.0,0.0,1,26,1.0,0.0,1,3,-0.0,-0.0,1,26,2.0,12.5,21,0,1.6424,0.8333,4,0,tesla_modal,0.5841,0.0,4,0,tesla_modal,0.3333,0.3333,0.9167,0.0,4,0,-0.0769,-0.0,21,0,0.5,0.5,9,17,0.0,0.0,1,26,0.0,0.0,1,26,0.0,0.0,1,26,0.0,0.0,1,26,0.3333,0.3333,1,26,0.0,0.0,1,26,0.0,0.0,1,26,1.0,0.0,1,3,-0.0,-0.0,1,26,2.0,12.5,21,0,1.6731,0.8333,4,0,tesla_modal,0.6106,0.0,4,0,tesla_modal,0.3333,0.3333
02QY9Q9PY29C,4158,207.9,1,x-bow,x_bow,building,15.5,19.5,baby_dragon,0.16,baby_dragon,6,0.0,0.0,26,0.0,0.0,1,26,0.0,0.0,1,26,0.5,0.5,11,16,0.0,0.0,1,26,0.0,0.0,1,26,0.0,0.0,1,26,0.0,0.0,1,26,0.0,0.0,1,26,0.9616,1.0,9,0,0.0,0.0,1,26,0.0,0.0,2,25,0.0,0.0,1,26,0.0,13.2639,26,1,1.4616,1.5,9,0,g9_18,0.9616,1.0,9,0,corner,0.0,0.0,0.0,0.0,1,26,0.0,0.0,1,26,0.5,0.5,11,16,0.0,0.0,1,26,0.0,0.0,1,26,0.0,0.0,1,26,0.0,0.0,1,26,0.0,0.0,1,26,0.9616,1.0,9,0,0.0,0.0,1,26,0.0,0.0,3,24,0.0,0.0,1,26,0.0,13.2639,26,1,1.4616,1.5,9,0,g9_18,0.9616,1.0,9,0,corner,0.0,0.0
02QY9Q9PY29C,4324,216.2,1,tesla,tesla,building,13.0,18.0,baby_dragon,4.45,baby_dragon,3,0.0,0.0,26,0.0,0.0,8,19,0.0,0.0,1,26,0.5,0.5,9,17,0.0,0.0,1,26,0.0,0.0,1,26,0.0,0.0,1,26,0.0,0.0,1,26,0.6667,0.6667,1,26,0.0,0.0,1,26,0.0,0.0,1,26,0.9749,0.0,1,0,0.0,0.0,1,26,1.911,12.2109,27,0,1.1667,1.1667,14,13,g9_18,0.0,0.0,8,19,g9_18,0.6667,0.6667,0.0,0.0,9,18,0.0,0.0,1,26,0.5,0.5,9,17,0.0,0.0,1,26,0.0,0.0,1,26,0.0,0.0,1,26,0.0,0.0,1,26,0.6667,0.6667,1,26,0.0,0.0,1,26,0.0,0.0,1,26,1.0,0.0,1,1,0.0,0.0,1,26,1.911,12.2109,27,0,1.1667,1.1667,15,12,lane_R,0.0,0.0,9,18,lane_R,0.6667,0.6667
02QY9Q9PY29C,4696,234.8,1,x-bow,x_bow,building,15.5,19.5,musketeer,5.1,musketeer,5,0.0,0.0,26,0.0,0.0,1,26,0.0,0.0,1,26,0.5,0.5,11,16,0.0,0.0,1,26,0.0,0.0,1,26,0.0,0.0,1,26,0.0,0.0,1,26,1.0,1.0,1,26,0.9616,1.0,9,0,0.0,0.0,1,26,0.0322,0.0,4,0,0.0,0.0,1,26,0.4,12.0045,22,1,2.4616,2.5,9,0,g9_18,0.9616,1.0,9,0,corner,1.0,1.0,0.0,0.0,5,22,0.0,0.0,1,26,0.5,0.5,11,16,0.0,0.0,1,26,0.0,0.0,1,26,0.0,0.0,1,26,0.0,0.0,1,26,1.0,1.0,1,26,0.9616,1.0,9,0,0.0,0.0,1,26,1.0,0.0,1,2,0.0,0.0,1,26,0.4,12.0045,22,1,2.4616,2.5,11,0,g9_18,0.9616,1.0,11,0,corner,1.0,1.0
02QY9Q9PY29C,4953,247.7,1,tesla,tesla,building,12.0,18.0,valkyrie,5.17,valkyrie,9,0.0,0.0,26,0.0,0.0,2,25,-0.0,-0.0,1,24,0.5,0.5,9,17,0.0,0.0,1,26,0.0,0.0,1,26,0.0,0.0,1,26,0.0,0.0,1,26,1.0,1.0,1,26,0.0,0.0,1,26,0.0,0.0,1,26,0.0,0.0,2,25,-0.0,-0.0,1,25,5.171,13.4967,16,0,1.5,1.5,9,15,centre,0.0,0.0,1,24,corner,1.0,1.0,0.0,0.0,2,25,-0.0,-0.0,1,24,0.5,0.5,9,17,0.0,0.0,1,26,0.0,0.0,1,26,0.0,0.0,1,26,0.0,0.0,1,26,1.0,1.0,1,26,0.0,0.0,1,26,0.0,0.0,1,26,0.0,0.0,2,25,-0.0,-0.0,1,25,5.171,13.4967,16,0,1.5,1.5,9,15,centre,0.0,0.0,1,24,corner,1.0,1.0
02QY9Q9YY089,581,29.1,1,x-bow,x_bow,building,13.5,19.5,sparky,10.09,sparky,2,0.0,0.0,26,0.0,0.0,4,23,0.0,0.0,1,26,0.5,0.5,11,16,0.0,0.0,1,26,0.0,0.0,1,26,0.0,0.0,1,26,0.0,0.0,1,26,0.234,0.234,1,26,0.9616,1.0,9,0,0.0,0.0,1,26,0.0,0.8567,5,22,0.0,0.0,1,26,9.4,1.4,9,1,1.6956,1.734,9,0,g9_18,0.9616,1.0,9,0,corner,0.234,0.234,0.0,0.0,4,23,0.0,0.0,1,26,0.5,0.5,11,16,0.0,0.0,1,26,0.0,0.0,1,26,0.0,0.0,1,26,0.0,0.0,1,26,0.234,0.234,1,26,0.9616,1.0,9,0,0.0,0.0,1,26,0.0,1.0,6,21,0.0,0.0,1,26,9.4,1.4,9,1,1.6956,1.734,11,0,g9_18,0.9616,1.0,9,0,corner,0.234,0.234
02QY9Q9YY089,1794,89.7,1,tesla,tesla,building,9.0,21.0,minion_horde,1.94,minion_horde,6,0.0,0.0,26,0.222,0.0,6,1,0.0,0.0,1,26,0.5,0.0,1,17,0.0,0.0,1,26,0.0,0.0,1,26,0.0,0.0,1,26,0.0,0.0,1,26,1.0,1.0,1,26,0.0,0.0,1,26,0.0,0.0,1,26,0.222,0.0,8,1,0.0,0.0,1,26,1.944,6.1942,20,1,1.722,1.0,5,1,knight_cell,0.1665,0.0,6,1,knight_cell,1.0,1.0,0.947,0.0,6,1,-0.0517,-0.0,20,1,0.5,0.0,1,17,0.0,0.0,1,26,0.0,0.0,1,26,0.0,0.0,1,26,0.0,0.0,1,26,1.0,1.0,1,26,0.0,0.0,1,26,0.0,0.0,1,26,0.947,0.0,8,1,-0.0517,-0.0,24,1,1.944,6.1942,20,1,2.3953,1.0,2,1,knight_cell,0.6585,0.0,2,1,knight_cell,1.0,1.0
02QY9Q9YY089,2789,139.5,1,x-bow,x_bow,building,13.5,19.5,giant,18.33,giant,1,0.0,0.0,26,1.0,1.0,1,6,-0.0,-0.0,1,15,0.5,0.0,1,17,0.0,0.0,1,26,0.0,0.0,1,26,0.0,0.0,1,26,0.0,0.0,1,26,0.0,0.0,1,26,0.9616,1.0,9,0,0.0,0.0,1,26,0.0,0.0,1,26,-0.0,-0.0,1,26,7.2459,2.216,5,0,2.4616,2.0,1,0,g9_18,1.0,1.0,1,5,corner,0.0,0.0,0.9674,0.4298,5,0,0.0,0.0,1,26,0.5,0.0,1,17,0.0,0.0,1,26,0.0,0.0,1,26,0.0,0.0,1,26,0.0,0.0,1,26,0.0,0.0,1,26,0.9616,1.0,9,0,0.0,0.0,1,26,0.0,0.0,1,26,0.0,0.0,1,26,7.2459,2.216,5,0,2.429,1.4298,1,0,g9_18,1.0,1.0,1,8,corner,0.0,0.0
02QY9Q9YY089,3037,151.9,1,tesla,tesla,building,8.0,22.0,minion_horde,6.01,minion_horde,7,0.0,0.0,26,0.0,0.0,2,25,0.0,0.0,1,26,0.5,0.0,1,17,0.0,0.0,1,26,0.0,0.0,1,26,0.0,0.0,1,26,0.0,0.0,1,26,1.0,1.0,1,26,0.0,0.0,1,26,0.0,0.0,1,26,0.0,0.0,2,25,0.0,0.0,1,26,5.9969,12.8475,12,0,1.5,1.0,2,16,bow_modal_R,0.0,0.0,2,25,bow_modal_R,1.0,1.0,0.0,0.0,3,24,-0.0,-0.0,1,23,0.5,0.0,1,17,0.0,0.0,1,26,0.0,0.0,1,26,0.0,0.0,1,26,0.0,0.0,1,26,1.0,1.0,1,26,0.0,0.0,1,26,0.0,0.0,1,26,0.0,0.0,4,23,-0.0,-0.0,1,24,5.9969,12.8475,12,0,1.5,1.0,2,13,bow_modal_R,0.0,0.0,3,22,bow_modal_R,1.0,1.0
02QY9Q9YY089,3461,173.1,1,x-bow,x_bow,building,15.5,19.5,giant,8.01,giant,1,0.0,0.0,26,0.0,1.0,15,12,-0.0,-0.0,1,18,0.0,0.0,1,26,0.0,0.0,1,26,0.0,0.0,1,26,0.0,0.0,1,26,0.0,0.0,1,26,1.0,1.0,1,26,0.9616,1.0,9,0,0.0,0.0,1,26,0.0,1.0,16,11,-0.0,-0.0,1,24,7.9847,4.8152,2,0,1.9616,3.0,13,0,corner,0.9616,1.0,9,0,corner,1.0,1.0,0.0,1.0,11,16,0.0,0.0,1,26,0.0,0.0,1,26,0.0,0.0,1,26,0.0,0.0,1,26,0.0,0.0,1,26,0.0,0.0,1,26,1.0,1.0,1,26,0.9616,1.0,9,0,0.0,0.0,1,26,0.0,1.0,16,11,0.0,0.0,1,26,7.9847,4.8152,2,0,1.9616,3.0,13,0,corner,0.9616,1.0,9,0,corner,1.0,1.0
02QY9Q9YY089,3544,177.2,1,tesla,tesla,building,13.0,18.0,giant,6.38,giant,18,0.0,0.0,26,0.0,0.0,12,15,-0.0,-0.0,1,19,0.0,0.0,1,26,0.0,0.0,1,26,0.0,0.0,1,26,0.0,0.0,1,26,0.0,0.0,1,26,1.0,1.0,1,26,0.0,0.0,1,26,0.0,0.0,1,26,0.0,0.0,12,15,-0.0,-0.0,1,23,6.6253,6.0876,5,0,1.0,1.0,9,13,lane,0.0,0.0,8,13,lane,1.0,1.0,0.0,0.0,8,19,0.0,0.0,1,26,0.0,0.0,1,26,0.0,0.0,1,26,0.0,0.0,1,26,0.0,0.0,1,26,0.0,0.0,1,26,1.0,1.0,1,26,0.0,0.0,1,26,0.0,0.0,1,26,0.0,0.0,12,15,0.0,0.0,1,26,6.6253,6.0876,5,0,1.0,1.0,8,19,knight_cell,0.0,0.0,8,19,knight_cell,1.0,1.0
082Y8Q0CRU92,292,14.6,0,x-bow,x_bow,building,2.5,19.5,,0.0,,0,0.0,0.0,26,0.0,0.0,1,26,0.0,0.0,1,26,0.5,0.5,11,16,0.0,0.0,1,26,0.0,0.0,1,26,0.0,0.0,1,26,0.0,0.0,1,26,0.0,0.0,1,26,0.9616,1.0,9,0,0.0,0.0,1,26,0.0,0.0,1,26,0.0,0.0,1,26,0.0,0.0,1,26,1.4616,1.5,9,0,g9_18,0.9616,1.0,9,0,corner,0.0,0.0,0.0,0.0,1,26,0.0,0.0,1,26,0.5,0.5,11,16,0.0,0.0,1,26,0.0,0.0,1,26,0.0,0.0,1,26,0.0,0.0,1,26,0.0,0.0,1,26,0.9616,1.0,9,0,0.0,0.0,1,26,0.0,0.0,1,26,0.0,0.0,1,26,0.0,0.0,1,26,1.4616,1.5,9,0,g9_18,0.9616,1.0,9,0,corner,0.0,0.0
082Y8Q0CRU92,335,16.8,0,tesla,tesla,building,5.0,18.0,,0.0,,0,0.0,0.0,26,0.0,0.0,1,26,0.0,0.0,1,26,0.5,0.5,9,17,0.0,0.0,1,26,0.0,0.0,1,26,0.0,0.0,1,26,0.0,0.0,1,26,0.0,0.0,1,26,0.0,0.0,1,26,0.0,0.0,1,26,0.0,0.0,1,26,0.0,0.0,1,26,0.0,0.0,1,26,0.5,0.5,9,17,centre,0.0,0.0,1,26,corner,0.0,0.0,0.0,0.0,1,26,0.0,0.0,1,26,0.5,0.5,9,17,0.0,0.0,1,26,0.0,0.0,1,26,0.0,0.0,1,26,0.0,0.0,1,26,0.0,0.0,1,26,0.0,0.0,1,26,0.0,0.0,1,26,0.0,0.0,1,26,0.0,0.0,1,26,0.0,0.0,1,26,0.5,0.5,9,17,centre,0.0,0.0,1,26,corner,0.0,0.0
082Y8Q0CRU92,336,16.8,1,tesla,tesla,building,12.0,18.0,,0.0,,3,0.0,0.0,26,0.0,0.0,1,26,0.0,0.0,1,26,0.5,0.5,9,17,0.0,0.0,1,26,0.0,0.0,1,26,0.0,0.0,1,26,0.0,0.0,1,26,0.0,0.0,1,26,0.0,0.0,1,26,0.0,0.0,1,26,0.0,0.0,1,26,0.0,0.0,1,26,0.0,0.0,1,26,0.5,0.5,9,17,centre,0.0,0.0,1,26,corner,0.0,0.0,0.0,0.0,1,26,0.0,0.0,1,26,0.5,0.5,9,17,0.0,0.0,1,26,0.0,0.0,1,26,0.0,0.0,1,26,0.0,0.0,1,26,0.0,0.0,1,26,0.0,0.0,1,26,0.0,0.0,1,26,0.0,0.0,1,26,0.0,0.0,1,26,0.0,0.0,1,26,0.5,0.5,9,17,centre,0.0,0.0,1,26,corner,0.0,0.0
082Y8Q0CRU92,944,47.2,1,tesla,tesla,building,13.0,18.0,knight,0.92,knight,1,0.0,0.0,26,0.0033,0.0,9,0,-0.9061,-0.0,26,0,0.5,0.5,9,17,0.0,0.0,1,26,0.0,0.0,1,26,0.0,0.0,1,26,0.0,0.0,1,26,1.0,1.0,1,26,0.0,0.0,1,26,0.0,0.0,1,26,0.3622,0.0,9,0,-0.5799,-0.0,27,0,0.2066,11.6958,26,0,0.5972,1.5,25,0,tesla_modal,-0.2975,0.0,25,0,tesla_modal,1.0,1.0,0.02,0.0,9,0,-0.9046,-0.0,26,0,0.5,0.5,9,17,0.0,0.0,1,26,0.0,0.0,1,26,0.0,0.0,1,26,0.0,0.0,1,26,1.0,1.0,1,26,0.0,0.0,1,26,0.0,0.0,1,26,0.3788,0.0,9,0,-0.5734,-0.0,27,0,0.2066,11.6958,26,0,0.6153,1.5,25,0,tesla_modal,-0.285,0.0,25,0,tesla_modal,1.0,1.0
082Y8Q0CRU92,1177,58.9,1,x-bow,x_bow,building,15.5,19.5,knight,2.92,knight,2,0.0,0.0,26,0.0,0.0,2,25,-0.0,-0.0,1,22,0.5,0.5,11,16,0.0,0.0,1,26,0.0,0.0,1,26,0.0,0.0,1,26,0.0,0.0,1,26,0.0,0.0,1,26,0.9616,1.0,9,0,0.0,0.0,1,26,0.0,0.0,2,25,-0.0,-0.0,1,23,2.8194,12.7663,23,0,1.4616,1.5,9,0,g9_18,0.9616,1.0,9,0,corner,0.0,0.0,0.0,0.0,2,25,-0.0,-0.0,1,22,0.5,0.5,11,16,0.0,0.0,1,26,0.0,0.0,1,26,0.0,0.0,1,26,0.0,0.0,1,26,0.0,0.0,1,26,0.9616,1.0,9,0,0.0,0.0,1,26,0.0,0.0,2,25,-0.0,-0.0,1,24,2.8194,12.7663,23,0,1.4616,1.5,9,0,g9_18,0.9616,1.0,9,0,corner,0.0,0.0
082Y8Q0CRU92,1745,87.3,0,x-bow,x_bow,building,15.5,19.5,,0.0,,0,0.0,0.0,26,0.0,0.0,1,26,0.0,0.0,1,26,0.5,0.5,11,16,0.0,0.0,1,26,0.0,0.0,1,26,0.0,0.0,1,26,0.0,0.0,1,26,0.0,0.0,1,26,0.9616,0.0,4,0,0.0,0.0,1,26,0.0,0.0,1,26,0.0,0.0,1,26,0.0,0.0,1,26,1.4616,0.5,4,0,bow_modal_R,0.9616,0.0,4,0,bow_modal_R,0.0,0.0,0.0,0.0,1,26,0.0,0.0,1,26,0.5,0.5,11,16,0.0,0.0,1,26,0.0,0.0,1,26,0.0,0.0,1,26,0.0,0.0,1,26,0.0,0.0,1,26,0.9616,1.0,9,0,0.0,0.0,1,26,0.0,0.0,1,26,0.0,0.0,1,26,0.0,0.0,1,26,1.4616,1.5,9,0,g9_18,0.9616,1.0,9,0,corner,0.0,0.0
082Y8Q0CRU92,2417,120.9,1,x-bow,x_bow,building,8.5,21.5,ice_wizard,16.78,ice_wizard,1,0.0,0.0,26,0.45,0.0,1,0,0.0,0.0,1,26,1.0,0.5,1,8,0.0,0.0,1,26,0.0,0.0,1,26,0.0,0.0,1,26,0.0,0.0,1,26,0.0,0.0,1,26,0.0,1.0,9,18,0.0,0.0,1,26,0.0,0.0,1,26,0.0,0.0,1,26,5.4,12.4,12,1,1.45,1.5,9,0,g9_18,0.45,1.0,9,0,corner,0.0,0.0,1.0,0.0,1,0,0.0,0.0,1,26,1.0,0.5,1,8,0.0,0.0,1,26,0.0,0.0,1,26,0.0,0.0,1,26,0.0,0.0,1,26,0.0,0.0,1,26,0.0,1.0,9,18,0.0,0.0,1,26,0.0,0.0,1,26,0.0,0.0,1,26,5.4,12.4,12,1,2.0,1.5,2,0,g9_18,1.0,1.0,1,8,corner,0.0,0.0
082Y8Q0CRU92,2783,139.2,1,x-bow,x_bow,building,2.5,19.5,knight,16.08,knight,1,0.0,0.0,26,0.0,0.0,7,20,-0.0,-0.0,1,19,0.5,0.5,11,16,0.0,0.0,1,26,0.0,0.0,1,26,0.0,0.0,1,26,0.0,0.0,1,26,0.0,0.0,1,26,0.9616,1.0,9,0,0.0,0.0,1,26,0.0,0.0,1,26,-0.0,-0.0,1,26,11.4,12.4,5,0,1.4616,1.5,10,0,g9_18,0.9616,1.0,8,0,corner,0.0,0.0,0.0,0.0,7,20,-0.0,-0.0,1,19,0.5,0.5,11,16,0.0,0.0,1,26,0.0,0.0,1,26,0.0,0.0,1,26,0.0,0.0,1,26,0.0,0.0,1,26,0.9616,1.0,9,0,0.0,0.0,1,26,0.0,0.0,1,26,-0.0,-0.0,1,26,11.4,12.4,5,0,1.4616,1.5,10,0,g9_18,0.9616,1.0,8,0,corner,0.0,0.0
082Y8Q0CRU92,2841,142.1,0,tesla,tesla,building,15.0,19.0,knight,10.04,knight,5,0.0,0.0,26,0.0,1.0,8,19,-0.0,-0.0,1,22,0.5,0.5,9,17,0.0,0.0,1,26,0.0,0.0,1,26,0.0,0.0,1,26,0.0,0.0,1,26,1.0,1.0,1,26,0.0,0.0,1,26,0.0,0.0,1,26,0.0,1.0,9,18,-0.0,-0.0,1,23,9.8478,2.6979,5,1,1.5,2.5,15,11,tesla_modal,0.0,0.75,8,18,tesla_modal,1.0,1.0,0.0,1.0,8,19,-0.0,-0.0,1,22,0.5,0.5,9,17,0.0,0.0,1,26,0.0,0.0,1,26,0.0,0.0,1,26,0.0,0.0,1,26,1.0,1.0,1,26,0.0,0.0,1,26,0.0,0.0,1,26,0.0,1.0,9,18,-0.0,-0.0,1,23,9.8478,2.6979,5,1,1.5,2.5,15,11,tesla_modal,0.0,0.75,8,18,tesla_modal,1.0,1.0
082Y8Q0CRU92,3182,159.1,0,x-bow,x_bow,building,2.5,19.5,ice_wizard,9.52,ice_wizard,1,0.0,0.0,26,0.0,0.0,4,23,0.0,0.0,1,26,0.5,0.5,11,16,0.0,0.0,1,26,0.0,0.0,1,26,0.0,0.0,1,26,0.0,0.0,1,26,0.0,0.0,1,26,0.9616,1.0,5,0,0.0,0.0,1,26,0.0,0.0,1,26,0.0,0.0,1,26,0.4,1.4,23,1,1.4616,1.5,5,0,corner,0.9616,1.0,5,0,corner,0.0,0.0,0.0,0.0,4,23,0.0,0.0,1,26,0.5,0.5,11,16,0.0,0.0,1,26,0.0,0.0,1,26,0.0,0.0,1,26,0.0,0.0,1,26,0.0,0.0,1,26,0.9616,1.0,9,0,0.0,0.0,1,26,0.0,0.0,1,26,0.0,0.0,1,26,0.4,1.4,23,1,1.4616,1.5,11,0,g9_18,0.9616,1.0,9,0,corner,0.0,0.0
082Y8Q0CRU92,3241,162.1,1,tesla,tesla,building,16.0,18.0,knight,3.22,knight,2,0.0,0.0,26,1.0,0.0,1,8,-0.0,-0.0,1,23,0.5,0.5,9,17,0.0,0.0,1,26,0.0,0.0,1,26,0.0,0.0,1,26,0.0,0.0,1,26,1.0,1.0,1,26,0.0,0.0,1,26,0.0,0.0,1,26,1.0,0.0,1,8,-0.0,-0.0,1,26,3.2174,8.4524,19,0,2.5,1.5,4,5,centre,0.75,0.0,4,5,centre,1.0,1.0,1.0,0.0,1,8,-0.0,-0.0,1,23,0.5,0.5,9,17,0.0,0.0,1,26,0.0,0.0,1,26,0.0,0.0,1,26,0.0,0.0,1,26,1.0,1.0,1,26,0.0,0.0,1,26,0.0,0.0,1,26,1.0,0.0,1,8,-0.0,-0.0,1,26,3.2174,8.4524,19,0,2.5,1.5,4,5,centre,0.75,0.0,4,5,centre,1.0,1.0
082Y8Q0CRU92,3266,163.3,0,tesla,tesla,building,5.0,18.0,ice_wizard,6.82,ice_wizard,1,0.0,0.0,26,0.0,0.0267,7,20,0.0,0.0,1,26,0.5,0.5,9,17,0.0,0.0,1,26,0.0,0.0,1,26,0.0,0.0,1,26,0.0,0.0,1,26,1.0,1.0,1,26,0.0,0.0,1,26,0.0,0.0,1,26,0.0,0.0,1,26,0.0,0.0,1,26,2.7745,4.5535,27,0,1.5,1.5267,14,13,tesla_modal,0.0,0.0201,7,20,lane,1.0,1.0,0.0,0.6059,9,18,0.0,0.0,1,26,0.5,0.5,9,17,0.0,0.0,1,26,0.0,0.0,1,26,0.0,0.0,1,26,0.0,0.0,1,26,1.0,1.0,1,26,0.0,0.0,1,26,0.0,0.0,1,26,0.0,0.0,1,26,0.0,0.0,1,26,2.7745,4.5535,27,0,1.5,2.1059,15,12,lane,0.0,0.4544,9,18,lane,1.0,1.0
082Y8Q0CRU92,3592,179.6,1,tesla,tesla,building,9.0,21.0,knight,6.54,knight,2,0.0,0.0,26,1.0,0.65,1,3,-0.0,-0.3182,1,19,1.0,0.5,1,8,0.0,0.0,1,26,0.0,0.0,1,26,0.0,0.0,1,26,0.0,0.0,1,26,1.0,1.0,1,26,0.0,0.0,1,26,0.0,0.0,1,26,0.4783,1.0,7,1,-0.0,-0.0,1,24,5.0,1.5,15,3,3.0,1.8318,1,2,tesla_modal,1.0,0.1875,1,2,tesla_modal,1.0,1.0,1.0,0.6667,1,3,-0.0,-0.3077,1,19,1.0,0.5,1,8,0.0,0.0,1,26,0.0,0.0,1,26,0.0,0.0,1,26,0.0,0.0,1,26,1.0,1.0,1,26,0.0,0.0,1,26,0.0,0.0,1,26,0.4158,1.0,7,1,-0.0,-0.0,1,24,5.0,1.5,15,3,3.0,1.859,1,2,tesla_modal,1.0,0.2,1,2,tesla_modal,1.0,1.0
082Y8Q0CRU92,3774,188.7,0,tesla,tesla,building,13.0,18.0,,0.0,,0,0.0,0.0,26,0.0,0.0,1,26,0.0,0.0,1,26,0.5,0.5,9,17,0.0,0.0,1,26,0.0,0.0,1,26,0.0,0.0,1,26,0.0,0.0,1,26,0.0,0.0,1,26,0.0,0.0,1,26,0.0,0.0,1,26,0.0,0.0,1,26,0.0,0.0,1,26,0.0,0.0,1,26,0.5,0.5,9,17,centre,0.0,0.0,1,26,corner,0.0,0.0,0.0,0.0,1,26,0.0,0.0,1,26,0.5,0.5,9,17,0.0,0.0,1,26,0.0,0.0,1,26,0.0,0.0,1,26,0.0,0.0,1,26,0.0,0.0,1,26,0.0,0.0,1,26,0.0,0.0,1,26,0.0,0.0,1,26,0.0,0.0,1,26,0.0,0.0,1,26,0.5,0.5,9,17,centre,0.0,0.0,1,26,corner,0.0,0.0
082Y8Q0CRU92,3837,191.9,1,x-bow,x_bow,building,8.5,21.5,knight,3.63,knight,2,0.0,0.0,26,0.0,0.0,1,26,-0.0,-0.0,1,23,1.0,0.5,1,8,0.0,0.0,1,26,0.0,0.0,1,26,0.0,0.0,1,26,0.0,0.0,1,26,0.0,0.0,1,26,0.0,0.0,6,21,0.0,0.0,1,26,0.0,0.0,1,26,-0.0,-0.0,1,24,3.5338,4.9913,23,0,1.0,0.5,5,8,bow_modal_R,0.0,0.0,6,18,bow_modal_R,0.0,0.0,0.0,0.0,1,26,-0.0,-0.0,1,23,1.0,0.5,1,8,0.0,0.0,1,26,0.0,0.0,1,26,0.0,0.0,1,26,0.0,0.0,1,26,0.0,0.0,1,26,0.0,1.0,9,18,0.0,0.0,1,26,0.0,0.0,1,26,-0.0,-0.0,1,24,3.5338,4.9913,23,0,1.0,1.5,9,8,g9_18,0.0,1.0,9,15,corner,0.0,0.0
082Y8Q0CRU92,4257,212.9,1,x-bow,x_bow,building,2.5,19.5,knight,12.03,knight,2,0.0,0.0,26,0.1,0.6,7,1,-0.8182,-0.3636,23,1,0.5,0.5,11,16,0.0,0.0,1,26,0.0,0.0,1,26,0.0,0.0,1,26,0.0,0.0,1,26,0.0,0.0,1,26,0.9616,1.0,9,0,0.0,0.0,1,26,0.0,0.0,1,26,-0.0,-0.0,1,26,0.4,1.4,23,1,0.7434,1.7364,16,0,g9_18,0.7,0.7,7,4,tesla_modal,0.0,0.0,0.1167,0.6167,7,1,-0.8154,-0.3538,23,1,0.5,0.5,11,16,0.0,0.0,1,26,0.0,0.0,1,26,0.0,0.0,1,26,0.0,0.0,1,26,0.0,0.0,1,26,0.9616,1.0,9,0,0.0,0.0,1,26,0.0,0.0,1,26,-0.0,-0.0,1,26,0.4,1.4,23,1,0.7629,1.7628,16,0,g9_18,0.7,0.7,7,4,tesla_modal,0.0,0.0
082Y8Q0CRU92,4583,229.2,0,tesla,tesla,building,13.0,18.0,ice_wizard,7.78,ice_wizard,1,0.0,0.0,26,0.0,0.0,1,26,0.0,0.0,1,26,0.5,0.5,9,17,0.0,0.0,1,26,0.0,0.0,1,26,0.0,0.0,1,26,0.0,0.0,1,26,0.0,0.0,1,26,0.0,0.0,1,26,0.0,0.0,1,26,0.0,0.3508,5,22,0.0,0.0,1,26,7.7266,2.3113,14,0,0.5,0.5,9,17,centre,0.0,0.0,1,26,corner,0.0,0.0,0.0,0.0,4,23,0.0,0.0,1,26,0.5,0.5,9,17,0.0,0.0,1,26,0.0,0.0,1,26,0.0,0.0,1,26,0.0,0.0,1,26,0.0,0.0,1,26,0.0,0.0,1,26,0.0,0.0,1,26,0.0,0.9299,7,20,0.0,0.0,1,26,7.7266,2.3113,14,0,0.5,0.5,10,17,g9_22,0.0,0.0,4,23,g9_22,0.0,0.0
082Y8Q0CRU92,4676,233.8,0,x-bow,x_bow,building,2.5,19.5,ice_wizard,5.15,ice_wizard,1,0.0,0.0,26,0.0,0.0,3,24,0.0,0.0,1,26,0.5,0.5,11,16,0.0,0.0,1,26,0.0,0.0,1,26,0.0,0.0,1,26,0.0,0.0,1,26,1.0,1.0,1,26,0.9616,1.0,5,0,0.0,0.0,1,26,0.4169,0.1976,2,0,0.0,0.0,1,26,0.4,1.4,23,1,2.4616,2.5,5,0,corner,0.9616,1.0,5,0,corner,1.0,1.0,0.0,0.0,4,23,0.0,0.0,1,26,0.5,0.5,11,16,0.0,0.0,1,26,0.0,0.0,1,26,0.0,0.0,1,26,0.0,0.0,1,26,1.0,1.0,1,26,0.9616,1.0,9,0,0.0,0.0,1,26,0.996,0.7768,1,0,0.0,0.0,1,26,0.4,1.4,23,1,2.4616,2.5,11,0,g9_18,0.9616,1.0,9,0,corner,1.0,1.0
082Y8Q0CRU92,4727,236.4,1,tesla,tesla,building,16.0,18.0,knight,3.04,knight,1,0.0,0.0,26,0.4,0.0,5,0,-0.5455,-0.0,22,0,0.5,0.5,9,17,0.0,0.0,1,26,0.0,0.0,1,26,0.0,0.0,1,26,0.0,0.0,1,26,0.1315,0.1315,1,26,0.0,0.0,1,26,0.0,0.0,1,26,1.0,0.0,1,3,-0.0,-0.0,1,26,1.0,12.5,22,0,0.486,0.6315,22,0,tesla_modal,-0.0,0.0,5,17,tesla_modal,0.1315,0.1315,0.4167,0.0,5,0,-0.5385,-0.0,22,0,0.5,0.5,9,17,0.0,0.0,1,26,0.0,0.0,1,26,0.0,0.0,1,26,0.0,0.0,1,26,0.1315,0.1315,1,26,0.0,0.0,1,26,0.0,0.0,1,26,1.0,0.0,1,3,-0.0,-0.0,1,26,1.0,12.5,22,0,0.5097,0.6315,22,0,tesla_modal,0.0125,0.0,5,0,tesla_modal,0.1315,0.1315
082Y8Q0CRU92,4898,244.9,0,tesla,tesla,building,5.0,18.0,knight,2.04,knight,3,0.0,0.0,26,0.9182,0.15,4,0,-0.0744,-0.7727,23,0,0.5,0.5,9,17,0.0,0.0,1,26,0.0,0.0,1,26,0.0,0.0,1,26,0.0,0.0,1,26,1.0,1.0,1,26,0.0,0.0,1,26,0.0,0.0,1,26,0.9182,1.0,7,0,-0.0744,-0.0,26,0,2.0363,0.5,23,0,2.3438,0.8773,4,0,lane,0.6142,-0.1875,4,0,lane,1.0,1.0,0.9348,0.1667,3,0,-0.0602,-0.7692,23,0,0.5,0.5,9,17,0.0,0.0,1,26,0.0,0.0,1,26,0.0,0.0,1,26,0.0,0.0,1,26,1.0,1.0,1,26,0.0,0.0,1,26,0.0,0.0,1,26,0.9348,1.0,6,0,-0.0602,-0.0,26,0,2.0363,0.5,23,0,2.3747,0.8974,4,0,lane,0.641,-0.175,4,0,lane,1.0,1.0
082Y8Q0CRU92,5048,252.4,1,tesla,tesla,building,12.0,18.0,knight,5.2,knight,1,0.0,0.0,26,0.9,0.0,4,0,-0.0909,-0.0,21,0,0.5,0.5,9,17,0.0,0.0,1,26,0.0,0.0,1,26,0.0,0.0,1,26,0.0,0.0,1,26,0.0,0.0,1,26,0.0,0.0,1,26,0.0,0.0,1,26,1.0,0.0,1,3,-0.0,-0.0,1,26,2.0,12.5,21,0,1.3091,0.5,4,0,tesla_modal,0.5841,0.0,4,0,tesla_modal,0.0,0.0,0.9167,0.0,4,0,-0.0769,-0.0,21,0,0.5,0.5,9,17,0.0,0.0,1,26,0.0,0.0,1,26,0.0,0.0,1,26,0.0,0.0,1,26,0.0,0.0,1,26,0.0,0.0,1,26,0.0,0.0,1,26,1.0,0.0,1,3,-0.0,-0.0,1,26,2.0,12.5,21,0,1.3397,0.5,4,0,tesla_modal,0.6106,0.0,4,0,tesla_modal,0.0,0.0
082Y8Q0CRU92,5309,265.5,0,tesla,tesla,building,13.0,18.0,knight,10.06,knight,2,0.0,0.0,26,0.0,0.0,2,25,-0.0,-0.0,1,23,0.5,0.5,9,17,0.0,0.0,1,26,0.0,0.0,1,26,0.0,0.0,1,26,0.0,0.0,1,26,1.0,1.0,1,26,0.0,0.0,1,26,0.0,0.0,1,26,0.0,0.0,2,25,-0.0,-0.0,1,24,10.0585,3.6464,8,0,1.5,1.5,10,14,centre,0.0,0.0,2,23,lane,1.0,1.0,0.0,0.0,2,25,-0.0,-0.0,1,23,0.5,0.5,9,17,0.0,0.0,1,26,0.0,0.0,1,26,0.0,0.0,1,26,0.0,0.0,1,26,1.0,1.0,1,26,0.0,0.0,1,26,0.0,0.0,1,26,0.0,0.0,2,25,-0.0,-0.0,1,24,10.0585,3.6464,8,0,1.5,1.5,10,14,centre,0.0,0.0,2,23,lane,1.0,1.0
082Y8Q0CRU92,5398,269.9,1,tesla,tesla,building,12.0,18.0,ice_wizard,8.72,ice_wizard,1,0.0,0.0,26,0.0,0.0,1,26,0.0,0.0,1,26,0.5,0.5,9,17,0.0,0.0,1,26,0.0,0.0,1,26,0.0,0.0,1,26,0.0,0.0,1,26,1.0,1.0,1,26,0.0,0.0,1,26,0.0,0.0,1,26,0.0,0.0,1,26,0.0,0.0,1,26,8.7167,0.8045,10,0,1.5,1.5,9,17,centre,0.0,0.0,1,26,corner,1.0,1.0,0.0,0.0,1,26,0.0,0.0,1,26,0.5,0.5,9,17,0.0,0.0,1,26,0.0,0.0,1,26,0.0,0.0,1,26,0.0,0.0,1,26,1.0,1.0,1,26,0.0,0.0,1,26,0.0,0.0,1,26,0.0,0.0,1,26,0.0,0.0,1,26,8.7167,0.8045,10,0,1.5,1.5,9,17,centre,0.0,0.0,1,26,corner,1.0,1.0
082Y8Q0CRU92,5459,273.0,0,x-bow,x_bow,building,15.5,19.5,,0.0,,2,0.0,0.0,26,0.0,0.0,1,26,0.0,0.0,1,26,0.5,0.5,11,16,0.0,0.0,1,26,0.0,0.0,1,26,0.0,0.0,1,26,0.0,0.0,1,26,0.0,0.0,1,26,0.9616,0.8062,4,0,0.0,0.0,1,26,0.0,0.0,1,26,0.0,0.0,1,26,0.0,0.0,1,26,1.4616,1.3062,4,0,bow_modal_R,0.9616,0.8062,4,0,bow_modal_R,0.0,0.0,0.0,0.0,1,26,0.0,0.0,1,26,0.5,0.5,11,16,0.0,0.0,1,26,0.0,0.0,1,26,0.0,0.0,1,26,0.0,0.0,1,26,0.0,0.0,1,26,0.9616,1.0,9,0,0.0,0.0,1,26,0.0,0.0,1,26,0.0,0.0,1,26,0.0,0.0,1,26,1.4616,1.5,9,0,g9_18,0.9616,1.0,9,0,corner,0.0,0.0
082Y8Q0CRU92,5661,283.1,1,tesla,tesla,building,6.0,18.0,knight,7.15,knight,2,0.0,0.0,26,0.9,0.65,4,0,-0.0909,-0.3182,20,0,0.5,0.5,9,17,0.0,0.0,1,26,0.0,0.0,1,26,0.0,0.0,1,26,0.0,0.0,1,26,0.0,0.0,1,26,0.0,0.0,1,26,0.0,0.0,1,26,0.0,0.0,1,26,-0.0,-0.0,1,26,2.0,1.5,20,0,1.3091,0.8318,4,0,tesla_modal,0.5841,0.1875,4,0,tesla_modal,0.0,0.0,0.9167,0.6667,4,0,-0.0769,-0.3077,20,0,0.5,0.5,9,17,0.0,0.0,1,26,0.0,0.0,1,26,0.0,0.0,1,26,0.0,0.0,1,26,0.0,0.0,1,26,0.0,0.0,1,26,0.0,0.0,1,26,0.0,0.0,1,26,-0.0,-0.0,1,26,2.0,1.5,20,0,1.3397,0.859,4,0,tesla_modal,0.6106,0.2,4,0,tesla_modal,0.0,0.0
088Y88LLCJRY,1071,53.6,1,tesla,tesla,building,9.0,21.0,,0.0,,0,0.0,0.0,26,0.0,0.0,1,26,0.0,0.0,1,26,1.0,0.5,1,8,0.0,0.0,1,26,0.0,0.0,1,26,0.0,0.0,1,26,0.0,0.0,1,26,0.0,0.0,1,26,0.0,0.0,1,26,0.0,0.0,1,26,0.0,0.0,1,26,0.0,0.0,1,26,0.0,0.0,1,26,1.0,0.5,1,8,centre,0.0,0.0,1,26,corner,0.0,0.0,0.0,0.0,1,26,0.0,0.0,1,26,1.0,0.5,1,8,0.0,0.0,1,26,0.0,0.0,1,26,0.0,0.0,1,26,0.0,0.0,1,26,0.0,0.0,1,26,0.0,0.0,1,26,0.0,0.0,1,26,0.0,0.0,1,26,0.0,0.0,1,26,0.0,0.0,1,26,1.0,0.5,1,8,centre,0.0,0.0,1,26,corner,0.0,0.0
088Y88LLCJRY,1723,86.2,1,tesla,tesla,building,9.0,19.0,ice_golem,6.41,ice_golem,10,0.0,0.0,26,1.0,0.0,1,3,-0.0,-0.0,1,20,0.9902,0.5,9,0,0.0,0.0,1,26,0.0,0.0,1,26,0.0,0.0,1,26,0.0,0.0,1,26,0.0,0.0,1,26,0.0,0.0,1,26,0.0,0.0,1,26,0.8675,0.0,7,0,-0.0,-0.0,1,26,5.0,12.5,14,3,1.9902,0.5,3,0,tesla_modal,0.9951,0.0,3,0,tesla_modal,0.0,0.0,1.0,0.0,1,3,-0.0,-0.0,1,20,0.9902,0.5,9,0,0.0,0.0,1,26,0.0,0.0,1,26,0.0,0.0,1,26,0.0,0.0,1,26,0.0,0.0,1,26,0.0,0.0,1,26,0.0,0.0,1,26,0.5064,0.0,7,0,-0.0,-0.0,1,26,5.0,12.5,14,3,1.9902,0.5,3,0,tesla_modal,0.9951,0.0,3,0,tesla_modal,0.0,0.0
088Y88LLCJRY,2641,132.1,1,tesla,tesla,building,9.0,22.0,musketeer,11.43,musketeer,7,0.0,0.0,26,0.0,0.0,1,26,0.0,0.0,1,26,1.0,0.5,1,8,0.0,0.0,1,26,0.0,0.0,1,26,0.0,0.0,1,26,0.0,0.0,1,26,0.0,0.0,1,26,0.0,0.0,1,26,0.0,0.0,1,26,0.0,0.0,3,24,0.0,0.0,1,26,5.0,1.5,15,3,1.0,0.5,1,8,centre,0.0,0.0,1,26,corner,0.0,0.0,1.0,0.0,1,3,0.0,0.0,1,26,1.0,0.5,1,8,0.0,0.0,1,26,0.0,0.0,1,26,0.0,0.0,1,26,0.0,0.0,1,26,0.0,0.0,1,26,0.0,0.0,1,26,0.0,0.0,1,26,0.0,0.0,2,25,0.0,0.0,1,26,5.0,1.5,15,3,2.0,0.5,1,2,tesla_modal,1.0,0.0,1,2,tesla_modal,0.0,0.0
088Y88LLCJRY,3033,151.7,1,tesla,tesla,building,9.0,19.0,hog_rider,6.96,hog_rider,4,0.0,0.0,26,1.0,0.192,1,1,-0.0,-0.8978,1,19,0.9902,0.5,9,0,0.0,0.0,1,26,0.0,0.0,1,26,0.0,0.0,1,26,0.0,0.0,1,26,1.0,1.0,1,26,0.0,0.0,1,26,0.0,0.0,1,26,1.0,0.8248,1,4,-0.0,-0.1946,1,23,6.0976,0.184,14,0,2.9902,0.7942,1,0,g9_18,0.9951,-0.156,1,0,g9_18,1.0,1.0,1.0,0.0,1,1,0.0,0.0,1,26,0.9902,0.5,9,0,0.0,0.0,1,26,0.0,0.0,1,26,0.0,0.0,1,26,0.0,0.0,1,26,1.0,1.0,1,26,0.0,0.0,1,26,0.0,0.0,1,26,1.0,0.0466,1,3,0.0,0.0,1,26,6.0976,0.184,14,0,2.9902,1.5,1,0,g9_18,0.9951,0.0,1,0,g9_18,1.0,1.0
088Y88LLCJRY,3171,158.6,1,x-bow,x_bow,building,15.5,19.5,,0.0,,1,0.0,0.0,26,0.0,0.0,1,26,0.0,0.0,1,26,0.5,0.5,11,16,0.0,0.0,1,26,0.0,0.0,1,26,0.0,0.0,1,26,0.0,0.0,1,26,0.0,0.0,1,26,0.0,1.0,6,21,0.0,0.0,1,26,0.0,0.0,1,26,0.0,0.0,1,26,0.0,0.0,1,26,0.5,1.5,15,12,g9_18,0.0,1.0,6,21,corner,0.0,0.0,0.0,0.0,1,26,0.0,0.0,1,26,0.5,0.5,11,16,0.0,0.0,1,26,0.0,0.0,1,26,0.0,0.0,1,26,0.0,0.0,1,26,0.0,0.0,1,26,0.0,1.0,6,21,0.0,0.0,1,26,0.0,0.0,1,26,0.0,0.0,1,26,0.0,0.0,1,26,0.5,1.5,15,12,g9_18,0.0,1.0,6,21,corner,0.0,0.0
088Y88LLCJRY,3433,171.7,1,tesla,tesla,building,1.0,23.0,hog_rider,8.7,hog_rider,1,0.0,0.0,26,1.0,1.0,1,7,-0.0,-0.0,1,24,0.5,0.5,9,17,0.0,0.0,1,26,0.0,0.0,1,26,0.0,0.0,1,26,0.0,0.0,1,26,0.6689,0.6689,1,26,0.0,0.0,1,26,0.0,0.0,1,26,1.0,1.0,1,8,-0.0,-0.0,1,26,6.879,2.7016,12,0,2.1689,2.1689,3,5,tesla_modal,0.75,0.75,3,5,tesla_modal,0.6689,0.6689,1.0,0.6726,1,1,0.0,0.0,1,26,0.5,0.5,9,17,0.0,0.0,1,26,0.0,0.0,1,26,0.0,0.0,1,26,0.0,0.0,1,26,0.6689,0.6689,1,26,0.0,0.0,1,26,0.0,0.0,1,26,0.1272,1.0,8,1,0.0,0.0,1,26,6.879,2.7016,12,0,2.1689,1.8415,2,1,g9_22,0.75,0.5044,2,1,g9_22,0.6689,0.6689
088Y88LQYJ00,1197,59.9,1,tesla,tesla,building,9.0,19.0,,0.0,,0,0.0,0.0,26,0.0,0.0,1,26,0.0,0.0,1,26,0.9902,0.5,9,0,0.0,0.0,1,26,0.0,0.0,1,26,0.0,0.0,1,26,0.0,0.0,1,26,0.0,0.0,1,26,0.0,0.0,1,26,0.0,0.0,1,26,0.0,0.0,1,26,0.0,0.0,1,26,0.0,0.0,1,26,0.9902,0.5,9,0,centre,0.0,0.0,1,26,corner,0.0,0.0,0.0,0.0,1,26,0.0,0.0,1,26,0.9902,0.5,9,0,0.0,0.0,1,26,0.0,0.0,1,26,0.0,0.0,1,26,0.0,0.0,1,26,0.0,0.0,1,26,0.0,0.0,1,26,0.0,0.0,1,26,0.0,0.0,1,26,0.0,0.0,1,26,0.0,0.0,1,26,0.9902,0.5,9,0,centre,0.0,0.0,1,26,corner,0.0,0.0
088Y88LQYJ00,1314,65.7,1,x-bow,x_bow,building,13.5,19.5,bowler,18.4,bowler,1,0.0,0.0,26,0.0,0.0,4,23,0.0,0.0,1,26,0.5,0.5,11,16,0.0,0.0,1,26,0.0,0.0,1,26,0.0,0.0,1,26,0.0,0.0,1,26,0.0,0.0,1,26,0.9616,1.0,9,0,0.0,0.0,1,26,0.0,0.0,1,26,0.0,0.0,1,26,9.4,1.4,9,1,1.4616,1.5,11,0,g9_18,0.9616,1.0,9,0,corner,0.0,0.0,0.0,0.0,4,23,0.0,0.0,1,26,0.5,0.5,11,16,0.0,0.0,1,26,0.0,0.0,1,26,0.0,0.0,1,26,0.0,0.0,1,26,0.0,0.0,1,26,0.9616,1.0,9,0,0.0,0.0,1,26,0.0,0.0,1,26,0.0,0.0,1,26,9.4,1.4,9,1,1.4616,1.5,11,0,g9_18,0.9616,1.0,9,0,corner,0.0,0.0
088Y88LQYJ00,1862,93.1,1,tesla,tesla,building,8.0,21.0,lumberjack,5.91,lumberjack,2,0.0,0.0,26,0.0,0.15,7,20,-0.0,-1.0,1,22,1.0,0.5,1,8,0.0,0.0,1,26,0.0,0.0,1,26,0.0,0.0,1,26,0.0,0.0,1,26,1.0,1.0,1,26,0.0,0.0,1,26,0.0,0.0,1,26,0.0,0.2206,7,20,-0.0,-0.9169,1,22,5.9075,0.0,21,0,2.0,0.65,3,8,lane,0.0,-0.1875,3,20,lane,1.0,1.0,0.0,0.0,3,24,0.0,0.0,1,26,1.0,0.5,1,8,0.0,0.0,1,26,0.0,0.0,1,26,0.0,0.0,1,26,0.0,0.0,1,26,1.0,1.0,1,26,0.0,0.0,1,26,0.0,0.0,1,26,0.0,0.0,3,24,0.0,0.0,1,26,5.9075,0.0,21,0,2.0,1.5,3,8,g3_22,0.0,0.0,3,24,g3_22,1.0,1.0
08CPVR8P2JPV,897,44.9,1,tesla,tesla,building,9.0,18.0,valkyrie,6.29,valkyrie,2,0.0,0.0,26,1.0,0.65,1,3,-0.0,-0.3182,1,19,0.4663,0.5,26,1,0.0,0.0,1,26,0.0,0.0,1,26,0.0,0.0,1,26,0.0,0.0,1,26,0.0,0.0,1,26,0.0,0.0,1,26,0.0,0.0,1,26,0.0,0.5851,5,22,-0.0,-0.0,1,26,5.0,1.5,15,3,1.4663,0.8318,3,1,tesla_modal,0.7332,0.1875,3,1,tesla_modal,0.0,0.0,1.0,0.6667,1,3,-0.0,-0.3077,1,19,0.4663,0.5,26,1,0.0,0.0,1,26,0.0,0.0,1,26,0.0,0.0,1,26,0.0,0.0,1,26,0.0,0.0,1,26,0.0,0.0,1,26,0.0,0.0,1,26,0.0,0.5226,5,22,-0.0,-0.0,1,26,5.0,1.5,15,3,1.4663,0.859,3,1,tesla_modal,0.7332,0.2,3,1,tesla_modal,0.0,0.0
08CPVR8P2JPV,1691,84.6,1,tesla,tesla,building,9.0,19.0,valkyrie,6.33,valkyrie,1,0.0,0.0,26,1.0,1.0,1,7,-0.0,-0.0,1,25,0.4951,0.0,18,0,0.0,0.0,1,26,0.0,0.0,1,26,0.0,0.0,1,26,0.0,0.0,1,26,0.0,0.0,1,26,0.0,0.0,1,26,0.0,0.0,1,26,0.0,0.6605,5,22,-0.0,-0.0,1,26,3.8492,2.7016,21,0,1.4951,1.0,2,0,tesla_modal,0.7476,0.5,2,0,tesla_modal,0.0,0.0,1.0,1.0,1,7,-0.0,-0.0,1,25,0.4951,0.0,18,0,0.0,0.0,1,26,0.0,0.0,1,26,0.0,0.0,1,26,0.0,0.0,1,26,0.0,0.0,1,26,0.0,0.0,1,26,0.0,0.0,1,26,0.0,0.598,5,22,-0.0,-0.0,1,26,3.8492,2.7016,21,0,1.4951,1.0,2,0,tesla_modal,0.7476,0.5,2,0,tesla_modal,0.0,0.0
08CPVR8P2JPV,2491,124.6,1,tesla,tesla,building,9.0,19.0,valkyrie,5.36,valkyrie,1,0.0,0.0,26,1.0,0.6562,1,5,-0.0,-0.3125,1,15,0.4951,0.0,18,0,0.0,0.0,1,26,0.0,0.0,1,26,0.0,0.0,1,26,0.0,0.0,1,26,1.0,1.0,1,26,0.0,0.0,1,26,0.0,0.0,1,26,1.0,0.6562,1,3,-0.0,-0.3125,1,22,3.9721,1.5125,11,0,2.4951,1.3437,4,0,tesla_modal,0.7476,0.0281,4,0,tesla_modal,1.0,1.0,1.0,0.6729,1,5,-0.0,-0.3019,1,15,0.4951,0.0,18,0,0.0,0.0,1,26,0.0,0.0,1,26,0.0,0.0,1,26,0.0,0.0,1,26,1.0,1.0,1,26,0.0,0.0,1,26,0.0,0.0,1,26,1.0,0.6729,1,3,-0.0,-0.3019,1,22,3.9721,1.5125,11,0,2.4951,1.371,4,0,tesla_modal,0.7476,0.0365,4,0,tesla_modal,1.0,1.0
08CPVR8P2JPV,2596,129.8,1,x-bow,x_bow,building,15.5,19.5,valkyrie,8.8,valkyrie,1,0.0,0.0,26,0.5145,1.0,15,0,-0.0,-0.0,1,24,0.5,0.0,1,17,0.0,0.0,1,26,0.0,0.0,1,26,0.0,0.0,1,26,0.0,0.0,1,26,0.0,0.0,1,26,0.9616,1.0,9,0,0.0,0.0,1,26,0.0,1.0,13,14,-0.0,-0.0,1,25,6.4711,4.2161,12,0,1.9761,2.0,7,0,bow_modal_R,1.0,1.0,1,7,corner,0.0,0.0,0.452,1.0,15,0,-0.0,-0.0,1,24,0.5,0.0,1,17,0.0,0.0,1,26,0.0,0.0,1,26,0.0,0.0,1,26,0.0,0.0,1,26,0.0,0.0,1,26,0.9616,1.0,9,0,0.0,0.0,1,26,0.0,1.0,13,14,-0.0,-0.0,1,25,6.4711,4.2161,12,0,1.9136,2.0,7,0,bow_modal_R,1.0,1.0,1,7,corner,0.0,0.0
08CPVR8P2JPV,2651,132.6,0,tesla,tesla,building,2.0,18.0,knight,3.31,knight,2,0.0,0.0,26,0.4,0.65,6,1,-0.5455,-0.3182,22,1,0.5,0.5,9,17,0.0,0.0,1,26,0.0,0.0,1,26,0.0,0.0,1,26,0.0,0.0,1,26,0.3333,0.3333,1,26,0.0,0.0,1,26,0.0,0.0,1,26,1.0,1.0,1,4,-0.0,-0.0,1,26,1.0,1.5,22,1,0.6879,1.1652,22,1,tesla_modal,-0.0,0.1875,6,17,tesla_modal,0.3333,0.3333,0.4167,0.6667,6,1,-0.5385,-0.3077,22,1,0.5,0.5,9,17,0.0,0.0,1,26,0.0,0.0,1,26,0.0,0.0,1,26,0.0,0.0,1,26,0.3333,0.3333,1,26,0.0,0.0,1,26,0.0,0.0,1,26,1.0,1.0,1,4,-0.0,-0.0,1,26,1.0,1.5,22,1,0.7115,1.1923,22,1,tesla_modal,0.0125,0.2,6,1,tesla_modal,0.3333,0.3333
08CPVR8P2JPV,2981,149.1,1,tesla,tesla,building,9.0,19.0,hog_rider,5.62,hog_rider,2,0.0,0.0,26,0.52,1.0,15,0,-0.5333,-0.0,24,0,0.4951,0.0,18,0,0.0,0.0,1,26,0.0,0.0,1,26,0.0,0.0,1,26,0.0,0.0,1,26,1.0,1.0,1,26,0.0,0.0,1,26,0.0,0.0,1,26,1.0,1.0,1,10,-0.0,-0.0,1,26,0.84,2.7016,24,0,1.4818,2.0,22,0,centre,0.0887,0.5,15,0,centre,1.0,1.0,0.0,0.6726,13,14,0.0,0.0,1,26,0.4951,0.0,18,0,0.0,0.0,1,26,0.0,0.0,1,26,0.0,0.0,1,26,0.0,0.0,1,26,1.0,1.0,1,26,0.0,0.0,1,26,0.0,0.0,1,26,1.0,1.0,1,5,0.0,0.0,1,26,0.84,2.7016,24,0,1.4951,1.6726,22,0,centre,0.0,0.3363,13,14,centre,1.0,1.0
08CPVR8P2JPV,3403,170.2,1,tesla,tesla,building,9.0,19.0,valkyrie,4.62,valkyrie,2,0.0,0.0,26,1.0,1.0,1,7,-0.0,-0.0,1,24,0.4951,0.0,18,0,0.0,0.0,1,26,0.0,0.0,1,26,0.0,0.0,1,26,0.0,0.0,1,26,1.0,1.0,1,26,0.0,0.0,1,26,0.0,0.0,1,26,1.0,1.0,1,6,-0.0,-0.0,1,25,2.4155,2.6956,25,0,2.4951,2.0,3,0,tesla_modal,0.7476,0.5,3,0,tesla_modal,1.0,1.0,1.0,1.0,1,7,-0.0,-0.0,1,24,0.4951,0.0,18,0,0.0,0.0,1,26,0.0,0.0,1,26,0.0,0.0,1,26,0.0,0.0,1,26,1.0,1.0,1,26,0.0,0.0,1,26,0.0,0.0,1,26,1.0,1.0,1,6,-0.0,-0.0,1,25,2.4155,2.6956,25,0,2.4951,2.0,3,0,tesla_modal,0.7476,0.5,3,0,tesla_modal,1.0,1.0
08CPVRQ9JCLR,912,45.6,1,tesla,tesla,building,9.0,21.0,sparky,5.3,sparky,3,0.0,0.0,26,0.3867,0.0,2,1,0.0,0.0,1,26,1.0,0.5,1,8,0.0,0.0,1,26,0.0,0.0,1,26,0.0,0.0,1,26,0.0,0.0,1,26,1.0,1.0,1,26,0.0,0.0,1,26,0.0,0.0,1,26,0.9004,0.0,1,1,0.0,0.0,1,26,4.7733,1.84,16,1,2.3867,1.5,2,1,g9_22,0.3867,0.0,2,1,g9_22,1.0,1.0,0.7158,0.0,2,1,0.0,0.0,1,26,1.0,0.5,1,8,0.0,0.0,1,26,0.0,0.0,1,26,0.0,0.0,1,26,0.0,0.0,1,26,1.0,1.0,1,26,0.0,0.0,1,26,0.0,0.0,1,26,1.0,0.0,1,1,0.0,0.0,1,26,4.7733,1.84,16,1,2.7158,1.5,2,1,g9_22,0.7158,0.0,2,1,g9_22,1.0,1.0
08CPVRQ9JCLR,1397,69.9,1,x-bow,x_bow,building,2.5,19.5,minion_horde,7.02,minion_horde,6,0.0,0.0,26,0.0,0.0,3,24,0.0,0.0,1,26,0.0,0.0,19,8,0.0,0.0,1,26,0.0,0.0,1,26,0.0,0.0,1,26,0.0,0.0,1,26,0.0,0.0,1,26,0.9616,1.0,9,0,0.0,0.0,1,26,0.0,0.0,3,24,0.0,0.0,1,26,6.9209,8.3248,11,0,0.9616,1.0,9,0,bow_modal_R,0.9616,1.0,9,0,corner,0.0,0.0,0.0,0.0,4,23,-0.0,-0.0,1,21,0.0,0.0,19,8,0.0,0.0,1,26,0.0,0.0,1,26,0.0,0.0,1,26,0.0,0.0,1,26,0.0,0.0,1,26,0.9616,1.0,9,0,0.0,0.0,1,26,0.0,0.0,4,23,-0.0,-0.0,1,23,6.9209,8.3248,11,0,0.9616,1.0,11,0,bow_modal_R,0.9616,1.0,9,0,corner,0.0,0.0
08CPVRQ9RQUY,872,43.6,1,tesla,tesla,building,9.0,20.0,,0.0,,0,0.0,0.0,26,0.0,0.0,1,26,0.0,0.0,1,26,1.0,0.5,1,8,0.0,0.0,1,26,0.0,0.0,1,26,0.0,0.0,1,26,0.0,0.0,1,26,0.0,0.0,1,26,0.0,0.0,1,26,0.0,0.0,1,26,0.0,0.0,1,26,0.0,0.0,1,26,0.0,0.0,1,26,1.0,0.5,1,8,centre,0.0,0.0,1,26,corner,0.0,0.0,0.0,0.0,1,26,0.0,0.0,1,26,1.0,0.5,1,8,0.0,0.0,1,26,0.0,0.0,1,26,0.0,0.0,1,26,0.0,0.0,1,26,0.0,0.0,1,26,0.0,0.0,1,26,0.0,0.0,1,26,0.0,0.0,1,26,0.0,0.0,1,26,0.0,0.0,1,26,1.0,0.5,1,8,centre,0.0,0.0,1,26,corner,0.0,0.0
08CPVRQ9RQUY,1082,54.1,1,x-bow,x_bow,building,13.5,19.5,,0.0,,0,0.0,0.0,26,0.0,0.0,1,26,0.0,0.0,1,26,0.5,0.5,11,16,0.0,0.0,1,26,0.0,0.0,1,26,0.0,0.0,1,26,0.0,0.0,1,26,0.0,0.0,1,26,0.9616,1.0,9,0,0.0,0.0,1,26,0.0,0.0,1,26,0.0,0.0,1,26,0.0,0.0,1,26,1.4616,1.5,9,0,g9_18,0.9616,1.0,9,0,corner,0.0,0.0,0.0,0.0,1,26,0.0,0.0,1,26,0.5,0.5,11,16,0.0,0.0,1,26,0.0,0.0,1,26,0.0,0.0,1,26,0.0,0.0,1,26,0.0,0.0,1,26,0.9616,1.0,9,0,0.0,0.0,1,26,0.0,0.0,1,26,0.0,0.0,1,26,0.0,0.0,1,26,1.4616,1.5,9,0,g9_18,0.9616,1.0,9,0,corner,0.0,0.0
08CPVRQ9RQUY,1841,92.1,1,tesla,tesla,building,9.0,21.0,,0.0,,0,0.0,0.0,26,0.0,0.0,1,26,0.0,0.0,1,26,1.0,0.5,1,8,0.0,0.0,1,26,0.0,0.0,1,26,0.0,0.0,1,26,0.0,0.0,1,26,0.0,0.0,1,26,0.0,0.0,1,26,0.0,0.0,1,26,0.0,0.0,1,26,0.0,0.0,1,26,0.0,0.0,1,26,1.0,0.5,1,8,centre,0.0,0.0,1,26,corner,0.0,0.0,0.0,0.0,1,26,0.0,0.0,1,26,1.0,0.5,1,8,0.0,0.0,1,26,0.0,0.0,1,26,0.0,0.0,1,26,0.0,0.0,1,26,0.0,0.0,1,26,0.0,0.0,1,26,0.0,0.0,1,26,0.0,0.0,1,26,0.0,0.0,1,26,0.0,0.0,1,26,1.0,0.5,1,8,centre,0.0,0.0,1,26,corner,0.0,0.0
08CPVRQ9RQUY,2016,100.8,1,x-bow,x_bow,building,13.5,19.5,,0.0,,0,0.0,0.0,26,0.0,0.0,1,26,0.0,0.0,1,26,0.5,0.5,11,16,0.0,0.0,1,26,0.0,0.0,1,26,0.0,0.0,1,26,0.0,0.0,1,26,0.0,0.0,1,26,0.9616,1.0,9,0,0.0,0.0,1,26,0.0,0.0,1,26,0.0,0.0,1,26,0.0,0.0,1,26,1.4616,1.5,9,0,g9_18,0.9616,1.0,9,0,corner,0.0,0.0,0.0,0.0,1,26,0.0,0.0,1,26,0.5,0.5,11,16,0.0,0.0,1,26,0.0,0.0,1,26,0.0,0.0,1,26,0.0,0.0,1,26,0.0,0.0,1,26,0.9616,1.0,9,0,0.0,0.0,1,26,0.0,0.0,1,26,0.0,0.0,1,26,0.0,0.0,1,26,1.4616,1.5,9,0,g9_18,0.9616,1.0,9,0,corner,0.0,0.0
08CPVRQ9RQUY,2723,136.2,1,x-bow,x_bow,building,15.5,12.5,,0.0,,0,0.0,0.0,26,0.0,0.0,1,26,0.0,0.0,1,26,0.0,0.5,27,0,0.0,0.0,1,26,0.0,0.0,1,26,0.0,0.0,1,26,0.0,0.0,1,26,0.0,0.0,1,26,0.5836,1.0,6,0,0.0,0.0,1,26,0.0,0.0,1,26,0.0,0.0,1,26,0.0,0.0,1,26,0.5836,1.5,14,0,g9_18,0.5836,1.0,6,0,corner,0.0,0.0,0.0,0.0,1,26,0.0,0.0,1,26,0.0,0.5,27,0,0.0,0.0,1,26,0.0,0.0,1,26,0.0,0.0,1,26,0.0,0.0,1,26,0.0,0.0,1,26,0.5836,1.0,6,0,0.0,0.0,1,26,0.0,0.0,1,26,0.0,0.0,1,26,0.0,0.0,1,26,0.5836,1.5,14,0,g9_18,0.5836,1.0,6,0,corner,0.0,0.0
08CPVRQPJLPG,183,9.2,1,tesla,tesla,building,10.0,21.0,skeleton_barrel,6.54,skeleton_barrel,1,0.0,0.0,26,1.0,0.0,1,2,-0.0,-0.0,1,21,1.0,0.5,1,8,0.0,0.0,1,26,0.0,0.0,1,26,0.0,0.0,1,26,0.0,0.0,1,26,1.0,1.0,1,26,0.0,0.0,1,26,0.0,0.0,1,26,1.0,0.0,1,4,-0.0,-0.0,1,24,4.7324,13.5425,18,0,3.0,1.5,1,0,lane_R,1.0,0.0,1,0,lane_R,1.0,1.0,1.0,0.0,1,1,0.0,0.0,1,26,1.0,0.5,1,8,0.0,0.0,1,26,0.0,0.0,1,26,0.0,0.0,1,26,0.0,0.0,1,26,1.0,1.0,1,26,0.0,0.0,1,26,0.0,0.0,1,26,1.0,0.0,1,3,0.0,0.0,1,26,4.7324,13.5425,18,0,3.0,1.5,1,0,g9_18,1.0,0.0,1,0,g9_18,1.0,1.0
08CPVRQPJLPG,884,44.2,1,tesla,tesla,building,1.0,23.0,skeleton_king,6.08,skeleton_king,5,0.0,0.0,26,0.8325,0.4645,3,0,-0.1523,-0.4868,20,0,0.5,0.5,9,17,0.0,0.0,1,26,0.0,0.0,1,26,0.0,0.0,1,26,0.0,0.0,1,26,1.0,1.0,1,26,0.0,0.0,1,26,0.0,0.0,1,26,0.4592,1.0,8,0,-0.0,-0.0,1,24,1.865,1.1289,20,0,2.1802,1.4776,3,0,tesla_modal,0.4721,0.0483,3,0,tesla_modal,1.0,1.0,0.8492,0.4811,3,0,-0.1392,-0.479,20,0,0.5,0.5,9,17,0.0,0.0,1,26,0.0,0.0,1,26,0.0,0.0,1,26,0.0,0.0,1,26,1.0,1.0,1,26,0.0,0.0,1,26,0.0,0.0,1,26,0.3967,1.0,8,0,-0.0,-0.0,1,24,1.865,1.1289,20,0,2.2099,1.5022,3,0,tesla_modal,0.4976,0.0608,3,0,tesla_modal,1.0,1.0
08CPVRQPJLPG,1762,88.1,1,x-bow,x_bow,building,2.5,19.5,skeleton_king,18.6,skeleton_king,1,0.0,0.0,26,0.0,0.0,7,20,-0.0,-0.0,1,19,0.5,0.5,11,16,0.0,0.0,1,26,0.0,0.0,1,26,0.0,0.0,1,26,0.0,0.0,1,26,0.0,0.0,1,26,0.9616,1.0,9,0,0.0,0.0,1,26,0.0,0.0,1,26,-0.0,-0.0,1,26,11.4,12.4,5,0,1.4616,1.5,10,0,g9_18,0.9616,1.0,8,0,corner,0.0,0.0,0.0,0.0,7,20,-0.0,-0.0,1,19,0.5,0.5,11,16,0.0,0.0,1,26,0.0,0.0,1,26,0.0,0.0,1,26,0.0,0.0,1,26,0.0,0.0,1,26,0.9616,1.0,9,0,0.0,0.0,1,26,0.0,0.0,1,26,-0.0,-0.0,1,26,11.4,12.4,5,0,1.4616,1.5,10,0,g9_18,0.9616,1.0,8,0,corner,0.0,0.0
08CPVRQPJLPG,1829,91.5,1,tesla,tesla,building,5.0,18.0,skeleton_king,13.14,skeleton_king,1,0.0,0.0,26,0.0,0.0,6,21,-0.0,-0.0,1,20,0.5,0.5,9,17,0.0,0.0,1,26,0.0,0.0,1,26,0.0,0.0,1,26,0.0,0.0,1,26,0.0,0.0,1,26,0.0,0.0,1,26,0.0,0.0,1,26,0.0,0.0,1,26,-0.0,-0.0,1,26,9.0,12.5,9,0,0.5,0.5,11,11,tesla_modal,0.0,0.0,5,17,tesla_modal,0.0,0.0,0.0,0.0,6,21,-0.0,-0.0,1,20,0.5,0.5,9,17,0.0,0.0,1,26,0.0,0.0,1,26,0.0,0.0,1,26,0.0,0.0,1,26,0.0,0.0,1,26,0.0,0.0,1,26,0.0,0.0,1,26,0.0,0.0,1,26,-0.0,-0.0,1,26,9.0,12.5,9,0,0.5,0.5,11,11,tesla_modal,0.0,0.0,5,17,tesla_modal,0.0,0.0
08CPVRQPJLPG,3035,151.8,1,tesla,tesla,building,8.0,18.0,dart_goblin,4.87,dart_goblin,2,0.0,0.0,26,0.0,0.0,2,25,0.0,0.0,1,26,0.0251,0.0,19,0,0.0,0.0,1,26,0.0,0.0,1,26,0.0,0.0,1,26,0.0,0.0,1,26,1.0,1.0,1,26,0.0,0.0,1,26,0.0,0.0,1,26,0.0,0.0,7,20,0.0,0.0,1,26,3.4587,1.4772,16,0,1.0251,1.0,19,0,lane_R,0.0,0.0,2,25,lane_R,1.0,1.0,0.9571,0.0,4,0,0.0,0.0,1,26,0.0251,0.0,19,0,0.0,0.0,1,26,0.0,0.0,1,26,0.0,0.0,1,26,0.0,0.0,1,26,1.0,1.0,1,26,0.0,0.0,1,26,0.0,0.0,1,26,1.0,0.0709,1,2,0.0,0.0,1,26,3.4587,1.4772,16,0,1.9822,1.0,7,0,knight_cell,0.4906,0.0,6,0,knight_cell,1.0,1.0
08CPVRQPJLPG,3338,166.9,1,x-bow,x_bow,building,8.5,22.5,rascals,14.43,rascals,4,0.0,0.0,26,0.0,0.0,10,17,-0.0,-0.0,1,20,0.5,0.0,1,17,0.0,0.0,1,26,0.0,0.0,1,26,0.0,0.0,1,26,0.0,0.0,1,26,0.0,0.0,1,26,0.0,1.0,9,18,0.0,0.0,1,26,0.0,0.0,1,26,-0.0,-0.0,1,26,5.4,12.1113,12,1,0.5,1.0,12,8,g9_18,0.0,1.0,12,12,corner,0.0,0.0,0.0,0.0,5,22,0.0,0.0,1,26,0.5,0.0,1,17,0.0,0.0,1,26,0.0,0.0,1,26,0.0,0.0,1,26,0.0,0.0,1,26,0.0,0.0,1,26,0.0,1.0,9,18,0.0,0.0,1,26,0.0,0.0,1,26,0.0,0.0,1,26,5.4,12.1113,12,1,0.5,1.0,12,11,g9_18,0.0,1.0,12,15,corner,0.0,0.0
08CPVRRCJY0J,521,26.1,1,tesla,tesla,building,9.0,21.0,electro_dragon,14.75,electro_dragon,1,0.0,0.0,26,0.8583,0.0425,3,1,0.0,0.0,1,26,1.0,0.5,1,8,0.0,0.0,1,26,0.0,0.0,1,26,0.0,0.0,1,26,0.0,0.0,1,26,0.0,0.0,1,26,0.0,0.0,1,26,0.0,0.0,1,26,0.0,0.0,1,26,0.0,0.0,1,26,4.2166,2.5849,16,1,1.8583,0.5425,3,1,skel_cell,0.8583,0.0319,3,1,skel_cell,0.0,0.0,1.0,0.33,1,4,0.0,0.0,1,26,1.0,0.5,1,8,0.0,0.0,1,26,0.0,0.0,1,26,0.0,0.0,1,26,0.0,0.0,1,26,0.0,0.0,1,26,0.0,0.0,1,26,0.0,0.0,1,26,0.0,0.0,1,26,0.0,0.0,1,26,4.2166,2.5849,16,1,2.0,0.83,1,4,centre,1.0,0.2475,1,4,centre,0.0,0.0
08CPVRRCJY0J,1941,97.1,1,x-bow,x_bow,building,2.5,12.5,,0.0,,0,0.0,0.0,26,0.0,0.0,1,26,0.0,0.0,1,26,0.0,0.5,27,0,0.0,0.0,1,26,0.0,0.0,1,26,0.0,0.0,1,26,0.0,0.0,1,26,0.0,0.0,1,26,0.0,1.0,9,18,0.0,0.0,1,26,0.0,0.0,1,26,0.0,0.0,1,26,0.0,0.0,1,26,0.0,1.5,27,0,g9_18,0.0,1.0,9,18,corner,0.0,0.0,0.0,0.0,1,26,0.0,0.0,1,26,0.0,0.5,27,0,0.0,0.0,1,26,0.0,0.0,1,26,0.0,0.0,1,26,0.0,0.0,1,26,0.0,0.0,1,26,0.0,1.0,9,18,0.0,0.0,1,26,0.0,0.0,1,26,0.0,0.0,1,26,0.0,0.0,1,26,0.0,1.5,27,0,g9_18,0.0,1.0,9,18,corner,0.0,0.0
08CPVRRCV922,452,22.6,1,tesla,tesla,building,8.0,20.0,golden_knight,5.34,golden_knight,2,0.0,0.0,26,1.0,0.0,1,7,-0.0,-0.0,1,25,0.9951,0.5,9,0,0.0,0.0,1,26,0.0,0.0,1,26,0.0,0.0,1,26,0.0,0.0,1,26,1.0,1.0,1,26,0.0,0.0,1,26,0.0,0.0,1,26,0.9313,0.0,7,0,-0.0,-0.0,1,25,4.3552,9.6403,22,0,2.9951,1.5,3,0,tesla_modal,0.9976,0.0,3,0,tesla_modal,1.0,1.0,1.0,0.0,1,3,0.0,0.0,1,26,0.9951,0.5,9,0,0.0,0.0,1,26,0.0,0.0,1,26,0.0,0.0,1,26,0.0,0.0,1,26,1.0,1.0,1,26,0.0,0.0,1,26,0.0,0.0,1,26,1.0,0.0,1,3,0.0,0.0,1,26,4.3552,9.6403,22,0,2.9951,1.5,3,0,tesla_modal,0.9976,0.0,3,0,tesla_modal,1.0,1.0
08CPVRRCV922,1136,56.8,1,x-bow,x_bow,building,15.5,19.5,,0.0,,0,0.0,0.0,26,0.0,0.0,1,26,0.0,0.0,1,26,0.5,0.5,11,16,0.0,0.0,1,26,0.0,0.0,1,26,0.0,0.0,1,26,0.0,0.0,1,26,0.0,0.0,1,26,0.9616,1.0,9,0,0.0,0.0,1,26,0.0,0.0,1,26,0.0,0.0,1,26,0.0,0.0,1,26,1.4616,1.5,9,0,g9_18,0.9616,1.0,9,0,corner,0.0,0.0,0.0,0.0,1,26,0.0,0.0,1,26,0.5,0.5,11,16,0.0,0.0,1,26,0.0,0.0,1,26,0.0,0.0,1,26,0.0,0.0,1,26,0.0,0.0,1,26,0.9616,1.0,9,0,0.0,0.0,1,26,0.0,0.0,1,26,0.0,0.0,1,26,0.0,0.0,1,26,1.4616,1.5,9,0,g9_18,0.9616,1.0,9,0,corner,0.0,0.0
08CPVRRCV922,1255,62.8,1,tesla,tesla,building,13.0,18.0,dark_prince,7.83,dark_prince,1,0.0,0.0,26,0.8865,0.0,2,0,-0.0,-0.0,1,26,0.5,0.5,9,17,0.0,0.0,1,26,0.0,0.0,1,26,0.0,0.0,1,26,0.0,0.0,1,26,1.0,1.0,1,26,0.0,0.0,1,26,0.0,0.0,1,26,0.0,0.0,1,26,-0.0,-0.0,1,26,5.727,14.3886,26,0,2.3865,1.5,2,0,g15_18,0.6649,0.0,2,0,g15_18,1.0,1.0,1.0,0.0,1,1,0.0,0.0,1,26,0.5,0.5,9,17,0.0,0.0,1,26,0.0,0.0,1,26,0.0,0.0,1,26,0.0,0.0,1,26,1.0,1.0,1,26,0.0,0.0,1,26,0.0,0.0,1,26,0.0,0.0,2,25,0.0,0.0,1,26,5.727,14.3886,26,0,2.5,1.5,1,1,g15_18,0.75,0.0,1,1,g15_18,1.0,1.0
08CPVRRCV922,2317,115.9,1,tesla,tesla,building,9.0,20.0,pekka,5.99,pekka,2,0.0,0.0,26,1.0,0.5682,1,2,-0.0,-0.3925,1,20,1.0,0.5,1,8,0.0,0.0,1,26,0.0,0.0,1,26,0.0,0.0,1,26,0.0,0.0,1,26,1.0,1.0,1,26,0.0,0.0,1,26,0.0,0.0,1,26,0.3815,0.6171,7,0,-0.0,-0.3481,1,22,3.7743,1.3364,18,0,3.0,1.6757,1,1,tesla_modal,1.0,0.1262,1,1,tesla_modal,1.0,1.0,1.0,0.5849,1,2,-0.0,-0.3832,1,20,1.0,0.5,1,8,0.0,0.0,1,26,0.0,0.0,1,26,0.0,0.0,1,26,0.0,0.0,1,26,1.0,1.0,1,26,0.0,0.0,1,26,0.0,0.0,1,26,0.569,0.6338,6,0,-0.0,-0.338,1,22,3.7743,1.3364,18,0,3.0,1.7017,1,1,tesla_modal,1.0,0.1387,1,1,tesla_modal,1.0,1.0
08CPVRRCV922,2561,128.1,1,x-bow,x_bow,building,13.5,19.5,,0.0,,0,0.0,0.0,26,0.0,0.0,1,26,0.0,0.0,1,26,0.5,0.5,11,16,0.0,0.0,1,26,0.0,0.0,1,26,0.0,0.0,1,26,0.0,0.0,1,26,0.0,0.0,1,26,0.9616,1.0,9,0,0.0,0.0,1,26,0.0,0.0,1,26,0.0,0.0,1,26,0.0,0.0,1,26,1.4616,1.5,9,0,g9_18,0.9616,1.0,9,0,corner,0.0,0.0,0.0,0.0,1,26,0.0,0.0,1,26,0.5,0.5,11,16,0.0,0.0,1,26,0.0,0.0,1,26,0.0,0.0,1,26,0.0,0.0,1,26,0.0,0.0,1,26,0.9616,1.0,9,0,0.0,0.0,1,26,0.0,0.0,1,26,0.0,0.0,1,26,0.0,0.0,1,26,1.4616,1.5,9,0,g9_18,0.9616,1.0,9,0,corner,0.0,0.0
08CPVRRCV922,2909,145.5,1,tesla,tesla,building,9.0,21.0,executioner,6.46,executioner,2,0.0,0.0,26,0.4239,0.0,1,1,0.0,0.0,1,26,1.0,0.5,1,8,0.0,0.0,1,26,0.0,0.0,1,26,0.0,0.0,1,26,0.0,0.0,1,26,1.0,1.0,1,26,0.0,0.0,1,26,0.0,0.0,1,26,0.4716,0.0,2,1,0.0,0.0,1,26,4.3477,10.3506,20,1,2.4239,1.5,1,1,tesla_modal,0.4239,0.0,1,1,tesla_modal,1.0,1.0,1.0,0.0,1,2,0.0,0.0,1,26,1.0,0.5,1,8,0.0,0.0,1,26,0.0,0.0,1,26,0.0,0.0,1,26,0.0,0.0,1,26,1.0,1.0,1,26,0.0,0.0,1,26,0.0,0.0,1,26,0.575,0.0,4,1,0.0,0.0,1,26,4.3477,10.3506,20,1,3.0,1.5,1,1,tesla_modal,1.0,0.0,1,1,tesla_modal,1.0,1.0
08CPVRRCV922,3235,161.8,1,x-bow,x_bow,building,15.5,19.5,battle_ram,1.06,battle_ram,4,0.0,0.0,26,0.8541,0.0,4,0,-0.1945,-0.0,24,0,0.5,0.5,11,16,0.0,0.0,1,26,0.0,0.0,1,26,0.0,0.0,1,26,0.0,0.0,1,26,0.8715,0.8715,1,26,0.9616,1.0,9,0,0.0,0.0,1,26,0.8541,0.0,4,0,-0.1945,-0.0,25,0,1.2082,13.0939,24,0,2.9927,2.3715,4,0,bow_modal_R,0.8055,1.0,9,0,corner,0.8715,0.8715,0.0,0.0,4,23,0.0,0.0,1,26,0.5,0.5,11,16,0.0,0.0,1,26,0.0,0.0,1,26,0.0,0.0,1,26,0.0,0.0,1,26,0.0,0.0,1,26,0.9616,1.0,9,0,0.0,0.0,1,26,0.0,0.0,4,23,0.0,0.0,1,26,1.2082,13.0939,24,0,1.4616,1.5,9,0,g15_18,0.9616,1.0,9,0,corner,0.0,0.0
08CPVRRCV922,3348,167.4,1,tesla,tesla,building,9.0,19.0,barbarians,6.72,barbarians,6,0.0,0.0,26,0.0,0.0,6,21,-0.0,-0.0,1,22,0.9902,0.5,9,0,0.0,0.0,1,26,0.0,0.0,1,26,0.0,0.0,1,26,0.0,0.0,1,26,1.0,1.0,1,26,0.0,0.0,1,26,0.0,0.0,1,26,0.0,0.0,6,21,-0.0,-0.0,1,23,6.6951,14.0003,11,0,1.9902,1.5,13,0,lane_R,0.0,0.0,5,20,lane_R,1.0,1.0,0.0,0.0,6,21,-0.0,-0.0,1,21,0.9902,0.5,9,0,0.0,0.0,1,26,0.0,0.0,1,26,0.0,0.0,1,26,0.0,0.0,1,26,1.0,1.0,1,26,0.0,0.0,1,26,0.0,0.0,1,26,0.0,0.0,6,21,-0.0,-0.0,1,23,6.6951,14.0003,11,0,1.9902,1.5,12,0,g15_18,0.0,0.0,5,20,g15_18,1.0,1.0
08CPVRRJ9C2L,229,11.5,1,tesla,tesla,building,9.0,21.0,hog_rider,7.57,hog_rider,2,0.0,0.0,26,0.0,0.1278,8,19,-0.0,-0.9691,1,19,1.0,0.5,1,8,0.0,0.0,1,26,0.0,0.0,1,26,0.0,0.0,1,26,0.0,0.0,1,26,1.0,1.0,1,26,0.0,0.0,1,26,0.0,0.0,1,26,0.0,0.5413,8,19,-0.0,-0.5097,1,22,5.7907,0.0556,14,1,2.0,0.6587,3,8,g9_18,0.0,-0.2041,3,18,g9_18,1.0,1.0,0.0,0.0,3,24,0.0,0.0,1,26,1.0,0.5,1,8,0.0,0.0,1,26,0.0,0.0,1,26,0.0,0.0,1,26,0.0,0.0,1,26,1.0,1.0,1,26,0.0,0.0,1,26,0.0,0.0,1,26,0.0,0.0,5,22,0.0,0.0,1,26,5.7907,0.0556,14,1,2.0,1.5,2,8,g9_18,0.0,0.0,3,24,g9_18,1.0,1.0
08CPVRRJ9C2L,1311,65.6,1,tesla,tesla,building,9.0,19.0,hog_rider,6.88,hog_rider,4,0.0,0.0,26,1.0,0.0,1,1,-0.0,-0.0,1,20,0.4951,0.0,18,0,0.0,0.0,1,26,0.0,0.0,1,26,0.0,0.0,1,26,0.0,0.0,1,26,1.0,1.0,1,26,0.0,0.0,1,26,0.0,0.0,1,26,1.0,0.0,1,4,-0.0,-0.0,1,24,6.074,13.5425,12,0,2.4951,1.0,1,0,g9_18,0.7476,0.0,1,0,g9_18,1.0,1.0,1.0,0.0,1,1,0.0,0.0,1,26,0.4951,0.0,18,0,0.0,0.0,1,26,0.0,0.0,1,26,0.0,0.0,1,26,0.0,0.0,1,26,1.0,1.0,1,26,0.0,0.0,1,26,0.0,0.0,1,26,1.0,0.0,1,3,0.0,0.0,1,26,6.074,13.5425,12,0,2.4951,1.0,1,0,g9_18,0.7476,0.0,1,0,g9_18,1.0,1.0
08CPVRRJ9C2L,1738,86.9,1,x-bow,x_bow,building,15.5,19.5,,0.0,,0,0.0,0.0,26,0.0,0.0,1,26,0.0,0.0,1,26,0.5,0.0,1,17,0.0,0.0,1,26,0.0,0.0,1,26,0.0,0.0,1,26,0.0,0.0,1,26,0.0,0.0,1,26,0.9616,1.0,9,0,0.0,0.0,1,26,0.0,0.0,1,26,0.0,0.0,1,26,0.0,0.0,1,26,1.4616,1.0,4,0,bow_modal_R,0.9616,1.0,9,0,corner,0.0,0.0,0.0,0.0,1,26,0.0,0.0,1,26,0.5,0.0,1,17,0.0,0.0,1,26,0.0,0.0,1,26,0.0,0.0,1,26,0.0,0.0,1,26,0.0,0.0,1,26,0.9616,1.0,9,0,0.0,0.0,1,26,0.0,0.0,1,26,0.0,0.0,1,26,0.0,0.0,1,26,1.4616,1.0,4,0,bow_modal_R,0.9616,1.0,9,0,corner,0.0,0.0
08CPVRRJ9C2L,2777,138.9,1,tesla,tesla,building,9.0,19.0,firecracker,7.63,firecracker,3,0.0,0.0,26,0.0,0.0,10,17,0.0,0.0,1,26,0.4951,0.0,18,0,0.0,0.0,1,26,0.0,0.0,1,26,0.0,0.0,1,26,0.0,0.0,1,26,0.0,0.0,1,26,0.0,0.0,1,26,0.0,0.0,1,26,0.0847,0.8836,8,0,0.0,0.0,1,26,3.7883,2.4076,20,0,0.4951,0.0,19,0,g9_26,0.0,0.0,10,17,g9_26,0.0,0.0,1.0,0.4305,1,3,0.0,0.0,1,26,0.4951,0.0,18,0,0.0,0.0,1,26,0.0,0.0,1,26,0.0,0.0,1,26,0.0,0.0,1,26,0.0,0.0,1,26,0.0,0.0,1,26,0.0,0.0,1,26,0.0,0.4699,5,22,0.0,0.0,1,26,3.7883,2.4076,20,0,1.4951,0.4305,3,0,tesla_modal,0.7476,0.2153,3,0,tesla_modal,0.0,0.0
08CPVRRJ9C2L,3501,175.1,1,tesla,tesla,building,9.0,19.0,mighty_miner,7.3,mighty_miner,2,0.0,0.0,26,1.0,0.858,1,4,-0.0,-0.1092,1,14,0.4951,0.0,18,0,0.0,0.0,1,26,0.0,0.0,1,26,0.0,0.0,1,26,0.0,0.0,1,26,0.0,0.0,1,26,0.0,0.0,1,26,0.0,0.0,1,26,0.0,0.0,2,25,-0.0,-0.0,1,26,3.3964,2.316,13,0,1.4951,0.7488,3,0,tesla_modal,0.7476,0.3198,3,0,tesla_modal,0.0,0.0,0.926,0.3858,4,0,0.0,0.0,1,26,0.4951,0.0,18,0,0.0,0.0,1,26,0.0,0.0,1,26,0.0,0.0,1,26,0.0,0.0,1,26,0.0,0.0,1,26,0.0,0.0,1,26,0.0,0.0,1,26,0.0,0.0,2,25,0.0,0.0,1,26,3.3964,2.316,13,0,1.4211,0.3858,2,0,knight_cell,0.6922,0.1929,2,0,knight_cell,0.0,0.0
08CPVRRR8PYC,836,41.8,0,tesla,tesla,building,12.0,18.0,ice_wizard,4.71,ice_wizard,2,0.0,0.0,26,0.0,0.0,4,23,0.0,0.0,1,26,0.5,0.5,9,17,0.0,0.0,1,26,0.0,0.0,1,26,0.0,0.0,1,26,0.0,0.0,1,26,1.0,1.0,1,26,0.0,0.0,1,26,0.0,0.0,1,26,0.7778,0.0,1,1,0.0,0.0,1,26,3.6169,12.4242,26,0,1.5,1.5,12,15,g9_18,0.0,0.0,4,23,g9_18,1.0,1.0,0.1376,0.0,6,0,0.0,0.0,1,26,0.5,0.5,9,17,0.0,0.0,1,26,0.0,0.0,1,26,0.0,0.0,1,26,0.0,0.0,1,26,1.0,1.0,1,26,0.0,0.0,1,26,0.0,0.0,1,26,0.9201,0.0,2,1,0.0,0.0,1,26,3.6169,12.4242,26,0,1.6376,1.5,14,0,lane_R,0.1032,0.0,6,0,g9_18,1.0,1.0
08CPVRRR8PYC,908,45.4,1,x-bow,x_bow,building,15.5,19.5,knight,10.95,knight,2,0.0,0.0,26,0.0,0.9669,10,17,-0.0,-0.0301,1,21,0.5,0.5,11,16,0.0,0.0,1,26,0.0,0.0,1,26,0.0,0.0,1,26,0.0,0.0,1,26,0.0,0.0,1,26,0.9616,0.8062,5,0,0.0,0.0,1,26,0.0,0.9669,10,17,-0.0,-0.0301,1,21,9.0,2.1339,9,0,1.4616,2.2431,10,0,corner,0.9616,0.9699,7,0,tesla_modal,0.0,0.0,0.0,0.9836,10,17,-0.0,-0.0151,1,21,0.5,0.5,11,16,0.0,0.0,1,26,0.0,0.0,1,26,0.0,0.0,1,26,0.0,0.0,1,26,0.0,0.0,1,26,0.9616,1.0,9,0,0.0,0.0,1,26,0.0,0.9836,10,17,-0.0,-0.0151,1,21,9.0,2.1339,9,0,1.4616,2.4685,11,0,g9_18,0.9616,0.9849,8,0,tesla_modal,0.0,0.0
08CPVRRR8PYC,1782,89.1,0,tesla,tesla,building,6.0,18.0,knight,3.8,knight,2,0.0,0.0,26,0.9,0.65,4,0,-0.0909,-0.3182,20,0,0.5,0.5,9,17,0.0,0.0,1,26,0.0,0.0,1,26,0.0,0.0,1,26,0.0,0.0,1,26,0.3333,0.3333,1,26,0.0,0.0,1,26,0.0,0.0,1,26,1.0,1.0,1,4,-0.0,-0.0,1,26,2.0,1.5,20,0,1.6424,1.1652,4,0,tesla_modal,0.5841,0.1875,4,0,tesla_modal,0.3333,0.3333,0.9167,0.6667,4,0,-0.0769,-0.3077,20,0,0.5,0.5,9,17,0.0,0.0,1,26,0.0,0.0,1,26,0.0,0.0,1,26,0.0,0.0,1,26,0.3333,0.3333,1,26,0.0,0.0,1,26,0.0,0.0,1,26,1.0,1.0,1,4,-0.0,-0.0,1,26,2.0,1.5,20,0,1.6731,1.1923,4,0,tesla_modal,0.6106,0.2,4,0,tesla_modal,0.3333,0.3333
08CPVRRR8PYC,1841,92.1,1,x-bow,x_bow,building,15.5,19.5,ice_wizard,5.01,ice_wizard,1,0.0,0.0,26,0.0,0.0,5,22,0.0,0.0,1,26,0.5,0.5,11,16,0.0,0.0,1,26,0.0,0.0,1,26,0.0,0.0,1,26,0.0,0.0,1,26,0.0,0.0,1,26,0.9616,1.0,7,0,0.0,0.0,1,26,0.2379,0.0,2,0,0.0,0.0,1,26,2.6763,11.9872,24,0,1.4616,1.5,7,0,corner,0.9616,1.0,7,0,corner,0.0,0.0,0.0,0.0,7,20,0.0,0.0,1,26,0.5,0.5,11,16,0.0,0.0,1,26,0.0,0.0,1,26,0.0,0.0,1,26,0.0,0.0,1,26,0.0,0.0,1,26,0.9616,1.0,9,0,0.0,0.0,1,26,0.8171,0.0,2,0,0.0,0.0,1,26,2.6763,11.9872,24,0,1.4616,1.5,10,0,g9_18,0.9616,1.0,9,0,corner,0.0,0.0
08CPVRRR8PYC,2297,114.9,1,tesla,tesla,building,13.0,18.0,,0.0,,0,0.0,0.0,26,0.0,0.0,1,26,0.0,0.0,1,26,0.5,0.5,9,17,0.0,0.0,1,26,0.0,0.0,1,26,0.0,0.0,1,26,0.0,0.0,1,26,0.0,0.0,1,26,0.0,0.0,1,26,0.0,0.0,1,26,0.0,0.0,1,26,0.0,0.0,1,26,0.0,0.0,1,26,0.5,0.5,9,17,centre,0.0,0.0,1,26,corner,0.0,0.0,0.0,0.0,1,26,0.0,0.0,1,26,0.5,0.5,9,17,0.0,0.0,1,26,0.0,0.0,1,26,0.0,0.0,1,26,0.0,0.0,1,26,0.0,0.0,1,26,0.0,0.0,1,26,0.0,0.0,1,26,0.0,0.0,1,26,0.0,0.0,1,26,0.0,0.0,1,26,0.5,0.5,9,17,centre,0.0,0.0,1,26,corner,0.0,0.0
08CPVRRR8PYC,2354,117.7,0,x-bow,x_bow,building,15.5,19.5,,0.0,,0,0.0,0.0,26,0.0,0.0,1,26,0.0,0.0,1,26,0.5,0.5,11,16,0.0,0.0,1,26,0.0,0.0,1,26,0.0,0.0,1,26,0.0,0.0,1,26,0.0,0.0,1,26,0.9616,0.0,4,0,0.0,0.0,1,26,0.0,0.0,1,26,0.0,0.0,1,26,0.0,0.0,1,26,1.4616,0.5,4,0,bow_modal_R,0.9616,0.0,4,0,bow_modal_R,0.0,0.0,0.0,0.0,1,26,0.0,0.0,1,26,0.5,0.5,11,16,0.0,0.0,1,26,0.0,0.0,1,26,0.0,0.0,1,26,0.0,0.0,1,26,0.0,0.0,1,26,0.9616,1.0,9,0,0.0,0.0,1,26,0.0,0.0,1,26,0.0,0.0,1,26,0.0,0.0,1,26,1.4616,1.5,9,0,g9_18,0.9616,1.0,9,0,corner,0.0,0.0
08CPVRRR8PYC,2695,134.8,1,x-bow,x_bow,building,15.5,19.5,knight,15.59,knight,1,0.0,0.0,26,0.0,0.6,8,19,-0.0,-0.3636,1,19,0.5,0.5,11,16,0.0,0.0,1,26,0.0,0.0,1,26,0.0,0.0,1,26,0.0,0.0,1,26,0.0,0.0,1,26,0.9616,1.0,9,0,0.0,0.0,1,26,0.0,0.0,1,26,-0.0,-0.0,1,26,11.4,1.4,3,0,1.4616,1.7364,9,0,g9_18,0.9616,0.7,7,0,tesla_modal,0.0,0.0,0.0,0.6167,8,19,-0.0,-0.3538,1,19,0.5,0.5,11,16,0.0,0.0,1,26,0.0,0.0,1,26,0.0,0.0,1,26,0.0,0.0,1,26,0.0,0.0,1,26,0.9616,1.0,9,0,0.0,0.0,1,26,0.0,0.0,1,26,-0.0,-0.0,1,26,11.4,1.4,3,0,1.4616,1.7628,9,0,g9_18,0.9616,0.7,7,0,tesla_modal,0.0,0.0
08CPVRRR8PYC,2921,146.1,1,tesla,tesla,building,6.0,18.0,knight,1.01,knight,1,0.0,0.0,26,0.2966,1.0,9,0,-0.6395,-0.0,26,0,0.5,0.5,9,17,0.0,0.0,1,26,0.0,0.0,1,26,0.0,0.0,1,26,0.0,0.0,1,26,1.0,1.0,1,26,0.0,0.0,1,26,0.0,0.0,1,26,0.4063,1.0,10,0,-0.5397,-0.0,27,0,0.7931,2.7307,26,0,1.1571,2.5,26,0,tesla_modal,-0.0776,0.75,26,0,tesla_modal,1.0,1.0,0.3132,1.0,9,0,-0.6339,-0.0,26,0,0.5,0.5,9,17,0.0,0.0,1,26,0.0,0.0,1,26,0.0,0.0,1,26,0.0,0.0,1,26,1.0,1.0,1,26,0.0,0.0,1,26,0.0,0.0,1,26,0.423,1.0,10,0,-0.5326,-0.0,27,0,0.7931,2.7307,26,0,1.1793,2.5,26,0,tesla_modal,-0.0651,0.75,26,0,tesla_modal,1.0,1.0
08CPVRRR8PYC,2931,146.6,0,x-bow,x_bow,building,15.5,19.5,knight,12.31,knight,2,0.0,0.0,26,0.0,0.2242,5,22,-0.0,-0.7053,1,19,0.5,0.5,11,16,0.0,0.0,1,26,0.0,0.0,1,26,0.0,0.0,1,26,0.0,0.0,1,26,1.0,1.0,1,26,0.0,0.0,1,26,0.0,0.0,1,26,0.0,0.2242,6,21,-0.0,-0.7053,1,21,11.9674,0.6484,2,0,1.5,1.019,11,9,centre,0.0,-0.1318,1,19,centre,1.0,1.0,0.0,0.2409,5,22,-0.0,-0.7007,1,19,0.5,0.5,11,16,0.0,0.0,1,26,0.0,0.0,1,26,0.0,0.0,1,26,0.0,0.0,1,26,1.0,1.0,1,26,0.9616,1.0,9,0,0.0,0.0,1,26,0.0,0.2409,6,21,-0.0,-0.7007,1,21,11.9674,0.6484,2,0,2.4616,2.0402,5,0,g9_18,0.9616,0.7,5,0,bow_modal_R,1.0,1.0
08CPVRRR8PYC,3246,162.3,0,tesla,tesla,building,13.0,18.0,ice_wizard,1.81,ice_wizard,3,0.0,0.0,26,0.0,0.0,1,26,0.0,0.0,1,26,0.5,0.5,9,17,0.0,0.0,1,26,0.0,0.0,1,26,0.0,0.0,1,26,0.0,0.0,1,26,1.0,1.0,1,26,0.0,0.0,1,26,0.0,0.0,1,26,0.0,0.0,1,26,0.0,0.0,1,26,1.8111,13.1676,21,0,1.5,1.5,9,17,centre,0.0,0.0,1,26,corner,1.0,1.0,0.0,0.0,1,26,0.0,0.0,1,26,0.5,0.5,9,17,0.0,0.0,1,26,0.0,0.0,1,26,0.0,0.0,1,26,0.0,0.0,1,26,1.0,1.0,1,26,0.0,0.0,1,26,0.0,0.0,1,26,0.0,0.0,1,26,0.0,0.0,1,26,1.8111,13.1676,21,0,1.5,1.5,9,17,centre,0.0,0.0,1,26,corner,1.0,1.0
08CPVRRR8PYC,3401,170.1,1,x-bow,x_bow,building,15.5,19.5,,0.0,,0,0.0,0.0,26,0.0,0.0,1,26,0.0,0.0,1,26,0.5,0.5,11,16,0.0,0.0,1,26,0.0,0.0,1,26,0.0,0.0,1,26,0.0,0.0,1,26,0.0,0.0,1,26,0.9616,0.0,4,0,0.0,0.0,1,26,0.0,0.0,1,26,0.0,0.0,1,26,0.0,0.0,1,26,1.4616,0.5,4,0,bow_modal_R,0.9616,0.0,4,0,bow_modal_R,0.0,0.0,0.0,0.0,1,26,0.0,0.0,1,26,0.5,0.5,11,16,0.0,0.0,1,26,0.0,0.0,1,26,0.0,0.0,1,26,0.0,0.0,1,26,0.0,0.0,1,26,0.9616,1.0,9,0,0.0,0.0,1,26,0.0,0.0,1,26,0.0,0.0,1,26,0.0,0.0,1,26,1.4616,1.5,9,0,g9_18,0.9616,1.0,9,0,corner,0.0,0.0
08CPVRRR8PYC,3414,170.7,0,x-bow,x_bow,building,15.5,19.5,knight,3.27,knight,1,0.0,0.0,26,0.718,0.0,7,0,-0.2563,-0.0,24,0,0.5,0.5,11,16,0.0,0.0,1,26,0.0,0.0,1,26,0.0,0.0,1,26,0.0,0.0,1,26,0.0,0.0,1,26,0.9616,0.0,4,0,0.0,0.0,1,26,1.0,0.0,1,5,-0.0,-0.0,1,25,1.6361,11.4,24,0,1.9233,0.5,5,0,corner_R,0.7437,0.0,7,0,tesla_modal,0.0,0.0,0.7347,0.0,7,0,-0.2449,-0.0,24,0,0.5,0.5,11,16,0.0,0.0,1,26,0.0,0.0,1,26,0.0,0.0,1,26,0.0,0.0,1,26,0.0,0.0,1,26,0.9616,1.0,9,0,0.0,0.0,1,26,1.0,0.0,1,5,-0.0,-0.0,1,25,1.6361,11.4,24,0,1.9514,1.5,6,0,g9_18,0.7551,1.0,10,0,corner,0.0,0.0
08CPVRRR8PYC,3532,176.6,1,tesla,tesla,building,3.0,18.0,knight,9.42,knight,2,0.0,0.0,26,0.0,0.0,6,21,-0.0,-0.0,1,20,0.5,0.5,9,17,0.0,0.0,1,26,0.0,0.0,1,26,0.0,0.0,1,26,0.0,0.0,1,26,0.0,0.0,1,26,0.0,0.0,1,26,0.0,0.0,1,26,0.0,0.0,1,26,-0.0,-0.0,1,26,9.3547,10.8009,8,1,0.5,0.5,11,11,tesla_modal,0.0,0.0,5,17,tesla_modal,0.0,0.0,0.0,0.0,6,21,-0.0,-0.0,1,20,0.5,0.5,9,17,0.0,0.0,1,26,0.0,0.0,1,26,0.0,0.0,1,26,0.0,0.0,1,26,0.0,0.0,1,26,0.0,0.0,1,26,0.0,0.0,1,26,0.0,0.0,1,26,-0.0,-0.0,1,26,9.3547,10.8009,8,1,0.5,0.5,11,11,tesla_modal,0.0,0.0,5,17,tesla_modal,0.0,0.0
08CPVRRRC0P8,421,21.1,1,x-bow,x_bow,building,2.5,19.5,lava_hound,15.24,lava_hound,1,0.0,0.0,26,0.0,0.0,4,23,0.0,0.0,1,26,0.5,0.5,11,16,0.0,0.0,1,26,0.0,0.0,1,26,0.0,0.0,1,26,0.0,0.0,1,26,0.0,0.0,1,26,0.9616,1.0,9,0,0.0,0.0,1,26,0.0,0.0,1,26,0.0,0.0,1,26,0.0,0.5901,25,2,1.4616,1.5,11,0,g9_18,0.9616,1.0,11,0,corner,0.0,0.0,0.0,0.0,4,23,0.0,0.0,1,26,0.5,0.5,11,16,0.0,0.0,1,26,0.0,0.0,1,26,0.0,0.0,1,26,0.0,0.0,1,26,0.0,0.0,1,26,0.9616,1.0,9,0,0.0,0.0,1,26,0.0,0.0,1,26,0.0,0.0,1,26,0.0,0.5901,25,2,1.4616,1.5,11,0,g9_18,0.9616,1.0,11,0,corner,0.0,0.0
08CPVRRRC0P8,621,31.1,1,tesla,tesla,building,6.0,18.0,spirit_empress_air,5.16,spirit_empress_air,2,0.0,0.0,26,0.0,0.0,4,23,0.0,0.0,1,26,0.5,0.5,9,17,0.0,0.0,1,26,0.0,0.0,1,26,0.0,0.0,1,26,0.0,0.0,1,26,0.0,0.0,1,26,0.0,0.0,1,26,0.0,0.0,1,26,0.5782,0.3087,1,0,0.0,0.0,1,26,2.9806,0.5127,21,0,0.5,0.5,10,17,tesla_modal,0.0,0.0,4,23,g9_18,0.0,0.0,0.5278,0.0,4,0,0.0,0.0,1,26,0.5,0.5,9,17,0.0,0.0,1,26,0.0,0.0,1,26,0.0,0.0,1,26,0.0,0.0,1,26,0.0,0.0,1,26,0.0,0.0,1,26,0.0,0.0,1,26,1.0,1.0,1,4,0.0,0.0,1,26,2.9806,0.5127,21,0,1.0278,0.5,4,0,tesla_modal,0.3958,0.0,4,0,tesla_modal,0.0,0.0
08CPVRRRC0P8,1393,69.7,1,tesla,tesla,building,8.0,21.0,lava_hound,3.74,lava_hound,2,0.0,0.0,26,0.0,0.0,2,25,0.0,0.0,1,26,1.0,0.5,1,8,0.0,0.0,1,26,0.0,0.0,1,26,0.0,0.0,1,26,0.0,0.0,1,26,1.0,1.0,1,26,0.0,0.0,1,26,0.0,0.0,1,26,0.0,0.0,2,25,0.0,0.0,1,26,3.9697,2.3934,20,0,2.0,1.5,1,8,centre,0.0,0.0,2,25,tesla_true,1.0,1.0,0.0,0.5185,5,22,0.0,0.0,1,26,1.0,0.5,1,8,0.0,0.0,1,26,0.0,0.0,1,26,0.0,0.0,1,26,0.0,0.0,1,26,1.0,1.0,1,26,0.0,0.0,1,26,0.0,0.0,1,26,0.0,0.5185,5,22,0.0,0.0,1,26,3.9697,2.3934,20,0,2.0,2.0185,3,8,tesla_true,0.0,0.3889,5,22,tesla_true,1.0,1.0
08CPVRRRC0P8,1807,90.4,1,x-bow,x_bow,building,3.5,19.5,lava_hound,16.41,lava_hound,1,0.0,0.0,26,0.0,0.0,5,22,0.0,0.0,1,26,0.5,0.5,11,16,0.0,0.0,1,26,0.0,0.0,1,26,0.0,0.0,1,26,0.0,0.0,1,26,0.0,0.0,1,26,1.0,1.0,1,8,0.0,0.0,1,26,0.0,0.0,1,26,0.0,0.0,1,26,0.083,0.5901,25,0,1.5,1.5,5,7,g9_18,1.0,1.0,1,11,corner,0.0,0.0,0.0,0.0,5,22,0.0,0.0,1,26,0.5,0.5,11,16,0.0,0.0,1,26,0.0,0.0,1,26,0.0,0.0,1,26,0.0,0.0,1,26,0.0,0.0,1,26,1.0,1.0,1,8,0.0,0.0,1,26,0.0,0.0,1,26,0.0,0.0,1,26,0.083,0.5901,25,0,1.5,1.5,5,7,g9_18,1.0,1.0,1,11,corner,0.0,0.0
08CPVRRRC0P8,2493,124.7,1,tesla,tesla,building,7.0,21.0,lava_hound,2.96,lava_hound,2,0.0,0.0,26,0.3316,0.0,1,0,0.0,0.0,1,26,0.9179,0.5,9,0,0.0,0.0,1,26,0.0,0.0,1,26,0.0,0.0,1,26,0.0,0.0,1,26,1.0,1.0,1,26,0.0,0.0,1,26,0.0,0.0,1,26,0.3549,0.0,1,0,0.0,0.0,1,26,3.1632,2.2385,20,0,2.2494,1.5,1,0,centre,0.318,0.0,1,0,tesla_true,1.0,1.0,0.9034,0.441,1,0,0.0,0.0,1,26,0.9179,0.5,9,0,0.0,0.0,1,26,0.0,0.0,1,26,0.0,0.0,1,26,0.0,0.0,1,26,1.0,1.0,1,26,0.0,0.0,1,26,0.0,0.0,1,26,0.9267,0.441,1,0,0.0,0.0,1,26,3.1632,2.2385,20,0,2.8212,1.941,1,0,tesla_true,0.8663,0.3308,1,0,tesla_true,1.0,1.0
08CPVRRRC0P8,2994,149.7,1,tesla,tesla,building,1.0,19.0,lava_hound,10.13,lava_hound,1,0.0,0.0,26,0.0,0.0,4,23,0.0,0.0,1,26,0.5,0.5,9,17,0.0,0.0,1,26,0.0,0.0,1,26,0.0,0.0,1,26,0.0,0.0,1,26,0.0,0.0,1,26,0.0,0.0,1,26,0.0,0.0,1,26,0.0,0.0,1,26,0.0,0.0,1,26,1.2438,0.6901,20,0,0.5,0.5,10,17,tesla_modal,0.0,0.0,4,23,tesla_modal,0.0,0.0,0.0,0.0,4,23,0.0,0.0,1,26,0.5,0.5,9,17,0.0,0.0,1,26,0.0,0.0,1,26,0.0,0.0,1,26,0.0,0.0,1,26,0.0,0.0,1,26,0.0,0.0,1,26,0.0,0.0,1,26,0.0,0.0,1,26,0.0,0.0,1,26,1.2438,0.6901,20,0,0.5,0.5,10,17,tesla_modal,0.0,0.0,4,23,tesla_modal,0.0,0.0
08CPVRRRC0P8,3384,169.2,1,tesla,tesla,building,8.0,21.0,valkyrie,6.16,valkyrie,7,0.0,0.0,26,1.0,0.8785,1,3,-0.0,-0.1105,1,21,1.0,0.5,1,8,0.0,0.0,1,26,0.0,0.0,1,26,0.0,0.0,1,26,0.0,0.0,1,26,1.0,1.0,1,26,0.0,0.0,1,26,0.0,0.0,1,26,0.6676,0.8896,7,0,-0.0,-0.1004,1,22,3.7649,1.9569,21,0,3.0,2.268,1,1,tesla_modal,1.0,0.5483,1,1,tesla_modal,1.0,1.0,1.0,0.8951,1,3,-0.0,-0.0968,1,21,1.0,0.5,1,8,0.0,0.0,1,26,0.0,0.0,1,26,0.0,0.0,1,26,0.0,0.0,1,26,1.0,1.0,1,26,0.0,0.0,1,26,0.0,0.0,1,26,0.6051,0.9063,7,0,-0.0,-0.0865,1,22,3.7649,1.9569,21,0,3.0,2.2983,1,1,tesla_modal,1.0,0.5745,1,1,tesla_modal,1.0,1.0
08CPVRRU8VCQ,594,29.7,1,tesla,tesla,building,9.0,21.0,goblinstein,6.37,goblinstein,2,0.0,0.0,26,1.0,0.65,1,3,-0.0,-0.3182,1,19,1.0,0.5,1,8,0.0,0.0,1,26,0.0,0.0,1,26,0.0,0.0,1,26,0.0,0.0,1,26,0.7948,0.7948,1,26,0.0,0.0,1,26,0.0,0.0,1,26,0.0,1.0,8,19,-0.0,-0.0,1,26,5.0,1.5,15,2,2.7948,1.6266,1,2,tesla_modal,1.0,0.1875,1,2,tesla_modal,0.7948,0.7948,1.0,0.8361,1,3,-0.0,-0.1793,1,19,1.0,0.5,1,8,0.0,0.0,1,26,0.0,0.0,1,26,0.0,0.0,1,26,0.0,0.0,1,26,0.7948,0.7948,1,26,0.0,0.0,1,26,0.0,0.0,1,26,0.2685,1.0,8,1,-0.0,-0.0,1,26,5.0,1.5,15,2,2.7948,1.9516,1,2,tesla_modal,1.0,0.4478,1,2,tesla_modal,0.7948,0.7948
08CPVRRU8VCQ,701,35.1,1,x-bow,x_bow,building,2.5,19.5,goblinstein,3.78,goblinstein,2,0.0,0.0,26,1.0,1.0,1,8,-0.0,-0.0,1,23,0.5,0.5,11,16,0.0,0.0,1,26,0.0,0.0,1,26,0.0,0.0,1,26,0.0,0.0,1,26,0.0,0.0,1,26,0.9616,1.0,9,0,0.0,0.0,1,26,1.0,1.0,1,10,-0.0,-0.0,1,25,3.9273,4.8853,20,0,2.4616,2.5,5,0,corner,1.0,1.0,1,9,corner,0.0,0.0,1.0,1.0,1,8,-0.0,-0.0,1,23,0.5,0.5,11,16,0.0,0.0,1,26,0.0,0.0,1,26,0.0,0.0,1,26,0.0,0.0,1,26,0.0,0.0,1,26,0.9616,1.0,9,0,0.0,0.0,1,26,1.0,1.0,1,10,-0.0,-0.0,1,25,3.9273,4.8853,20,0,2.4616,2.5,5,0,corner,1.0,1.0,1,9,corner,0.0,0.0
08CPVRRU8VCQ,1434,71.7,1,tesla,tesla,building,9.0,22.0,goblinstein,6.16,goblinstein,2,0.0,0.0,26,0.0,0.0,5,22,-0.0,-0.0,1,20,1.0,0.5,1,8,0.0,0.0,1,26,0.0,0.0,1,26,0.0,0.0,1,26,0.0,0.0,1,26,1.0,1.0,1,26,0.0,0.0,1,26,0.0,0.0,1,26,0.0,0.0,7,20,-0.0,-0.0,1,23,5.0,12.5,14,3,2.0,1.5,3,7,tesla_modal,0.0,0.0,4,18,tesla_modal,1.0,1.0,0.0,0.0,8,19,-0.0,-0.0,1,20,1.0,0.5,1,8,0.0,0.0,1,26,0.0,0.0,1,26,0.0,0.0,1,26,0.0,0.0,1,26,1.0,1.0,1,26,0.0,0.0,1,26,0.0,0.0,1,26,0.0,0.0,8,19,-0.0,-0.0,1,23,5.0,12.5,14,3,2.0,1.5,4,7,tesla_modal,0.0,0.0,4,18,tesla_modal,1.0,1.0
08CPVRRU8VCQ,1874,93.7,1,x-bow,x_bow,building,2.5,19.5,archers,13.28,archers,2,0.0,0.0,26,0.0,0.0,4,23,0.0,0.0,1,26,0.5,0.5,11,16,0.0,0.0,1,26,0.0,0.0,1,26,0.0,0.0,1,26,0.0,0.0,1,26,0.0,0.0,1,26,0.9616,1.0,9,0,0.0,0.0,1,26,0.0,0.0,1,26,0.0,0.0,1,26,11.4,12.2467,5,0,1.4616,1.5,9,0,g9_18,0.9616,1.0,9,0,corner,0.0,0.0,0.0,0.0,5,22,0.0,0.0,1,26,0.5,0.5,11,16,0.0,0.0,1,26,0.0,0.0,1,26,0.0,0.0,1,26,0.0,0.0,1,26,0.0,0.0,1,26,0.9616,1.0,9,0,0.0,0.0,1,26,0.0,0.0,1,26,0.0,0.0,1,26,11.4,12.2467,5,0,1.4616,1.5,11,0,g9_18,0.9616,1.0,11,0,corner,0.0,0.0
08CPVRRU8VCQ,2531,126.6,1,x-bow,x_bow,building,2.5,19.5,,0.0,,0,0.0,0.0,26,0.0,0.0,1,26,0.0,0.0,1,26,0.5,0.5,11,16,0.0,0.0,1,26,0.0,0.0,1,26,0.0,0.0,1,26,0.0,0.0,1,26,0.0,0.0,1,26,0.0,0.0,5,22,0.0,0.0,1,26,0.0,0.0,1,26,0.0,0.0,1,26,0.0,0.0,1,26,0.5,0.5,14,13,g9_18,0.0,0.0,5,22,bow_modal_R,0.0,0.0,0.0,0.0,1,26,0.0,0.0,1,26,0.5,0.5,11,16,0.0,0.0,1,26,0.0,0.0,1,26,0.0,0.0,1,26,0.0,0.0,1,26,0.0,0.0,1,26,0.9616,1.0,9,0,0.0,0.0,1,26,0.0,0.0,1,26,0.0,0.0,1,26,0.0,0.0,1,26,1.4616,1.5,9,0,g9_18,0.9616,1.0,9,0,corner,0.0,0.0
08CPVRRU8VCQ,2827,141.4,1,tesla,tesla,building,13.0,23.0,goblinstein,3.59,goblinstein,4,0.0,0.0,26,0.4,0.0,2,0,-0.5455,-0.0,22,0,0.5589,0.5,9,0,0.0,0.0,1,26,0.0,0.0,1,26,0.0,0.0,1,26,0.0,0.0,1,26,1.0,1.0,1,26,0.0,0.0,1,26,0.0,0.0,1,26,1.0,0.0,1,1,-0.0,-0.0,1,22,1.0,12.5069,22,0,1.4134,1.5,22,0,centre,0.0118,0.0,2,0,corner_R,1.0,1.0,0.5861,0.0,2,0,-0.4529,-0.0,22,0,0.5589,0.5,9,0,0.0,0.0,1,26,0.0,0.0,1,26,0.0,0.0,1,26,0.0,0.0,1,26,1.0,1.0,1,26,0.0,0.0,1,26,0.0,0.0,1,26,1.0,0.0,1,1,-0.0,-0.0,1,22,1.0,12.5069,22,0,1.6921,1.5,10,0,corner_R,0.1568,0.0,2,0,corner_R,1.0,1.0
08CPVRRU8VCQ,2994,149.7,1,x-bow,x_bow,building,5.5,22.5,goblinstein,7.41,goblinstein,2,0.0,0.0,26,0.0,0.0,5,22,-0.0,-0.0,1,22,0.7044,0.5,9,0,0.0,0.0,1,26,0.0,0.0,1,26,0.0,0.0,1,26,0.0,0.0,1,26,0.2573,0.2573,1,26,0.0,1.0,9,18,0.0,0.0,1,26,0.0,0.0,5,22,-0.0,-0.0,1,24,7.556,11.8665,9,0,0.9617,1.7573,17,0,bow_modal_R,0.0,1.0,10,14,corner,0.2573,0.2573,0.0,0.0,5,22,-0.0,-0.0,1,22,0.7044,0.5,9,0,0.0,0.0,1,26,0.0,0.0,1,26,0.0,0.0,1,26,0.0,0.0,1,26,0.5054,0.5054,1,26,0.0,1.0,9,18,0.0,0.0,1,26,0.0,0.0,5,22,-0.0,-0.0,1,24,7.556,11.8665,9,0,1.2098,2.0054,17,0,bow_modal_R,0.0,1.0,11,14,corner,0.5054,0.5054
08CPVRRU8VCQ,3692,184.6,1,tesla,tesla,building,16.0,18.0,,0.0,,4,0.0,0.0,26,0.0,0.0,1,26,0.0,0.0,1,26,0.5,0.5,9,17,0.0,0.0,1,26,0.0,0.0,1,26,0.0,0.0,1,26,0.0,0.0,1,26,0.0,0.0,1,26,0.0,0.0,1,26,0.0,0.0,1,26,0.0,0.0,1,26,0.0,0.0,1,26,0.0,0.0,1,26,0.5,0.5,9,17,centre,0.0,0.0,1,26,corner,0.0,0.0,0.0,0.0,1,26,0.0,0.0,1,26,0.5,0.5,9,17,0.0,0.0,1,26,0.0,0.0,1,26,0.0,0.0,1,26,0.0,0.0,1,26,0.0,0.0,1,26,0.0,0.0,1,26,0.0,0.0,1,26,0.0,0.0,1,26,0.0,0.0,1,26,0.0,0.0,1,26,0.5,0.5,9,17,centre,0.0,0.0,1,26,corner,0.0,0.0
08CPVRRUR90G,616,30.8,1,tesla,tesla,building,9.0,19.0,mega_minion,11.18,mega_minion,1,0.0,0.0,26,1.0,0.9925,1,6,-0.0,-0.0058,1,20,0.9902,0.5,9,0,0.0,0.0,1,26,0.0,0.0,1,26,0.0,0.0,1,26,0.0,0.0,1,26,0.0,0.0,1,26,0.0,0.0,1,26,0.0,0.0,1,26,0.0,0.0,1,26,-0.0,-0.0,1,26,3.8994,2.5849,19,0,1.9902,1.4867,5,0,centre,0.9951,0.7386,5,0,centre,0.0,0.0,0.9872,0.33,5,0,0.0,0.0,1,26,0.9902,0.5,9,0,0.0,0.0,1,26,0.0,0.0,1,26,0.0,0.0,1,26,0.0,0.0,1,26,0.0,0.0,1,26,0.0,0.0,1,26,0.0,0.0,1,26,0.0,0.0,1,26,0.0,0.0,1,26,3.8994,2.5849,19,0,1.9774,0.83,5,0,centre,0.9824,0.2475,5,0,centre,0.0,0.0
08CPVRRUR90G,847,42.4,1,x-bow,x_bow,building,4.5,19.5,,0.0,,1,0.0,0.0,26,0.0,0.0,1,26,0.0,0.0,1,26,0.5,0.5,11,16,0.0,0.0,1,26,0.0,0.0,1,26,0.0,0.0,1,26,0.0,0.0,1,26,0.0,0.0,1,26,0.9616,1.0,9,0,0.0,0.0,1,26,0.0,0.0,1,26,0.0,0.0,1,26,0.0,0.0,1,26,1.4616,1.5,9,0,g9_18,0.9616,1.0,9,0,corner,0.0,0.0,0.0,0.0,1,26,0.0,0.0,1,26,0.5,0.5,11,16,0.0,0.0,1,26,0.0,0.0,1,26,0.0,0.0,1,26,0.0,0.0,1,26,0.0,0.0,1,26,0.9616,1.0,9,0,0.0,0.0,1,26,0.0,0.0,1,26,0.0,0.0,1,26,0.0,0.0,1,26,1.4616,1.5,9,0,g9_18,0.9616,1.0,9,0,corner,0.0,0.0
08CPVRRUR90G,1552,77.6,1,tesla,tesla,building,9.0,22.0,lava_hound,5.86,lava_hound,2,0.0,0.0,26,0.0,0.0,1,26,0.0,0.0,1,26,1.0,0.5,1,8,0.0,0.0,1,26,0.0,0.0,1,26,0.0,0.0,1,26,0.0,0.0,1,26,1.0,1.0,1,26,0.0,0.0,1,26,0.0,0.0,1,26,0.0,0.0,1,26,0.0,0.0,1,26,5.4446,1.4121,15,1,2.0,1.5,1,8,centre,0.0,0.0,1,26,corner,1.0,1.0,0.0,0.0278,4,23,0.0,0.0,1,26,1.0,0.5,1,8,0.0,0.0,1,26,0.0,0.0,1,26,0.0,0.0,1,26,0.0,0.0,1,26,1.0,1.0,1,26,0.0,0.0,1,26,0.0,0.0,1,26,0.0,0.0278,6,21,0.0,0.0,1,26,5.4446,1.4121,15,1,2.0,1.5278,1,8,centre,0.0,0.0209,4,23,tesla_true,1.0,1.0
08CPVRRUR90G,2514,125.7,1,x-bow,x_bow,building,2.5,19.5,skeleton_dragons,4.66,skeleton_dragons,4,0.0,0.0,26,0.0,0.0,6,21,0.0,0.0,1,26,0.0,0.0,19,8,0.0,0.0,1,26,0.0,0.0,1,26,0.0,0.0,1,26,0.0,0.0,1,26,0.0,0.0,1,26,0.9616,1.0,9,0,0.0,0.0,1,26,1.0,0.8697,1,1,0.0,0.0,1,26,1.6944,1.0265,23,0,0.9616,1.0,9,0,g9_18,0.9616,1.0,9,0,corner,0.0,0.0,0.0,0.0,6,21,0.0,0.0,1,26,0.0,0.0,19,8,0.0,0.0,1,26,0.0,0.0,1,26,0.0,0.0,1,26,0.0,0.0,1,26,0.0,0.0,1,26,0.9616,1.0,9,0,0.0,0.0,1,26,1.0,1.0,1,2,0.0,0.0,1,26,1.6944,1.0265,23,0,0.9616,1.0,10,0,g9_18,0.9616,1.0,9,0,corner,0.0,0.0
08CPVRRUR90G,2531,126.6,1,tesla,tesla,building,5.0,18.0,skeleton_dragons,3.46,skeleton_dragons,6,0.0,0.0,26,0.0101,0.0,4,0,0.0,0.0,1,26,0.0,0.0,19,8,0.0,0.0,1,26,0.0,0.0,1,26,0.0,0.0,1,26,0.0,0.0,1,26,0.4427,0.4427,1,26,0.0,0.0,1,26,0.0,0.0,1,26,0.6808,0.9197,5,0,0.0,0.0,1,26,2.5201,1.9108,23,0,0.4528,0.4427,21,0,g3_22,0.005,0.0,4,0,g3_22,0.4427,0.4427,0.2976,0.0,4,0,0.0,0.0,1,26,0.0,0.0,19,8,0.0,0.0,1,26,0.0,0.0,1,26,0.0,0.0,1,26,0.0,0.0,1,26,0.4427,0.4427,1,26,0.0,0.0,1,26,0.0,0.0,1,26,0.9683,1.0,4,0,0.0,0.0,1,26,2.5201,1.9108,23,0,0.7403,0.4427,21,0,lane,0.1488,0.0,4,0,lane,0.4427,0.4427
08CPVRRUR90G,3051,152.6,1,tesla,tesla,building,8.0,22.0,lava_hound,2.59,lava_hound,4,0.0,0.0,26,0.0,0.5191,9,18,0.0,0.0,1,26,0.5,0.0,1,17,0.0,0.0,1,26,0.0,0.0,1,26,0.0,0.0,1,26,0.0,0.0,1,26,1.0,1.0,1,26,0.0,0.0,1,26,0.0,0.0,1,26,0.1723,0.5191,11,0,0.0,0.0,1,26,1.4948,3.5382,23,0,1.5,1.5191,7,15,knight_cell,0.0,0.2595,9,18,knight_cell,1.0,1.0,0.0692,1.0,12,0,0.0,0.0,1,26,0.5,0.0,1,17,0.0,0.0,1,26,0.0,0.0,1,26,0.0,0.0,1,26,0.0,0.0,1,26,1.0,1.0,1,26,0.0,0.0,1,26,0.0,0.0,1,26,0.744,1.0,12,0,0.0,0.0,1,26,1.4948,3.5382,23,0,1.5692,2.0,11,0,knight_cell,0.0519,0.5,12,0,knight_cell,1.0,1.0
08CPVRRUYG00,271,13.6,1,tesla,tesla,building,16.0,19.0,,0.0,,1,0.0,0.0,26,0.0,0.0,1,26,0.0,0.0,1,26,0.5,0.5,9,17,0.0,0.0,1,26,0.0,0.0,1,26,0.0,0.0,1,26,0.0,0.0,1,26,0.0,0.0,1,26,0.0,0.0,1,26,0.0,0.0,1,26,0.0,0.0,1,26,0.0,0.0,1,26,0.0,0.0,1,26,0.5,0.5,9,17,centre,0.0,0.0,1,26,corner,0.0,0.0,0.0,0.0,1,26,0.0,0.0,1,26,0.5,0.5,9,17,0.0,0.0,1,26,0.0,0.0,1,26,0.0,0.0,1,26,0.0,0.0,1,26,0.0,0.0,1,26,0.0,0.0,1,26,0.0,0.0,1,26,0.0,0.0,1,26,0.0,0.0,1,26,0.0,0.0,1,26,0.5,0.5,9,17,centre,0.0,0.0,1,26,corner,0.0,0.0
08CPVRRUYG00,846,42.3,1,tesla,tesla,building,17.0,23.0,rascals,4.72,rascals,3,0.0,0.0,26,0.0,0.0,10,17,-0.0,-0.0,1,24,0.5,0.5,9,17,0.0,0.0,1,26,0.0,0.0,1,26,0.0,0.0,1,26,0.0,0.0,1,26,1.0,1.0,1,26,0.0,0.0,1,26,0.0,0.0,1,26,0.0,0.0,10,17,-0.0,-0.0,1,25,4.9695,9.5386,16,0,1.5,1.5,14,12,knight_cell,0.0,0.0,10,17,knight_cell,1.0,1.0,0.0,0.0,9,18,0.0,0.0,1,26,0.5,0.5,9,17,0.0,0.0,1,26,0.0,0.0,1,26,0.0,0.0,1,26,0.0,0.0,1,26,1.0,1.0,1,26,0.0,0.0,1,26,0.0,0.0,1,26,0.0,0.0,9,18,0.0,0.0,1,26,4.9695,9.5386,16,0,1.5,1.5,14,13,knight_cell,0.0,0.0,9,18,corner_R,1.0,1.0
08CPVRRUYG00,1707,85.4,1,x-bow,x_bow,building,15.5,19.5,skeleton_barrel,0.0,skeleton_barrel,1,0.0,0.0,26,0.325,0.0,5,1,-1.0,-0.0,26,1,0.5,0.5,11,16,0.0,0.0,1,26,0.0,0.0,1,26,0.0,0.0,1,26,0.0,0.0,1,26,1.0,1.0,1,26,0.9616,1.0,9,0,0.0,0.0,1,26,0.325,0.0,6,0,-1.0,-0.0,27,0,0.0,13.4425,26,1,1.7866,2.5,18,0,g15_18,0.7,1.0,8,1,corner,1.0,1.0,0.0,0.0,2,25,0.0,0.0,1,26,0.5,0.5,11,16,0.0,0.0,1,26,0.0,0.0,1,26,0.0,0.0,1,26,0.0,0.0,1,26,0.1217,0.1217,1,26,0.9616,1.0,9,0,0.0,0.0,1,26,0.0,0.0,4,23,0.0,0.0,1,26,0.0,13.4425,26,1,1.5833,1.6217,9,0,g15_18,0.9616,1.0,9,0,corner,0.1217,0.1217
08CPVRRUYG00,1738,86.9,1,tesla,tesla,building,13.0,18.0,,0.0,,12,0.0,0.0,26,0.0,0.0,1,26,0.0,0.0,1,26,0.5,0.5,9,17,0.0,0.0,1,26,0.0,0.0,1,26,0.0,0.0,1,26,0.0,0.0,1,26,0.0,0.0,1,26,0.0,0.0,1,26,0.0,0.0,1,26,0.0,0.0,1,26,0.0,0.0,1,26,0.0,0.0,1,26,0.5,0.5,9,17,centre,0.0,0.0,1,26,corner,0.0,0.0,0.0,0.0,1,26,0.0,0.0,1,26,0.5,0.5,9,17,0.0,0.0,1,26,0.0,0.0,1,26,0.0,0.0,1,26,0.0,0.0,1,26,0.0,0.0,1,26,0.0,0.0,1,26,0.0,0.0,1,26,0.0,0.0,1,26,0.0,0.0,1,26,0.0,0.0,1,26,0.5,0.5,9,17,centre,0.0,0.0,1,26,corner,0.0,0.0
08CPVRRUYG00,2526,126.3,1,tesla,tesla,building,17.0,23.0,skeleton_barrel,5.35,skeleton_barrel,4,0.0,0.0,26,1.0,0.0,1,9,-0.0,-0.0,1,20,0.0,0.5,18,9,0.0,0.0,1,26,0.0,0.0,1,26,0.0,0.0,1,26,0.0,0.0,1,26,1.0,1.0,1,26,0.0,0.0,1,26,0.0,0.0,1,26,1.0,0.0,1,7,-0.0,-0.0,1,24,4.0664,10.8395,11,0,2.0,1.5,7,3,lane,0.5,0.0,7,3,lane,1.0,1.0,1.0,0.0,1,2,0.0,0.0,1,26,0.0,0.5,18,9,0.0,0.0,1,26,0.0,0.0,1,26,0.0,0.0,1,26,0.0,0.0,1,26,1.0,1.0,1,26,0.0,0.0,1,26,0.0,0.0,1,26,1.0,0.0,1,5,0.0,0.0,1,26,4.0664,10.8395,11,0,2.0,1.5,6,1,lane,0.5,0.0,4,1,lane,1.0,1.0
08CPVRRUYG00,2917,145.9,1,tesla,tesla,building,15.0,19.0,cannon_cart,0.89,cannon_cart,3,0.0,0.0,26,0.0,0.0,2,25,0.0,0.0,1,26,0.0,0.5,18,9,0.0,0.0,1,26,0.0,0.0,1,26,0.0,0.0,1,26,0.0,0.0,1,26,1.0,1.0,1,26,0.0,0.0,1,26,0.0,0.0,1,26,0.0,0.0,8,19,0.0,0.0,1,26,0.9897,11.5179,22,1,1.0,1.5,18,9,g9_18,0.0,0.0,2,25,g9_18,1.0,1.0,0.0,0.0,9,18,0.0,0.0,1,26,0.0,0.5,18,9,0.0,0.0,1,26,0.0,0.0,1,26,0.0,0.0,1,26,0.0,0.0,1,26,1.0,1.0,1,26,0.0,0.0,1,26,0.0,0.0,1,26,0.0,0.0,11,16,0.0,0.0,1,26,0.9897,11.5179,22,1,1.0,1.5,21,6,tesla_modal,0.0,0.0,9,18,tesla_modal,1.0,1.0
08CPVRRUYG00,3183,159.2,1,x-bow,x_bow,building,15.5,19.5,minions,6.91,minions,3,0.0,0.0,26,0.0,0.0,2,25,0.0,0.0,1,26,0.0,0.5,19,8,0.0,0.0,1,26,0.0,0.0,1,26,0.0,0.0,1,26,0.0,0.0,1,26,0.0,0.0,1,26,0.0,1.0,5,22,0.0,0.0,1,26,0.0,0.0,2,25,0.0,0.0,1,26,6.815,10.2259,9,0,0.0,1.5,19,8,corner,0.0,1.0,6,21,corner,0.0,0.0,0.0,0.0,1,26,0.0,0.0,1,26,0.0,0.5,19,8,0.0,0.0,1,26,0.0,0.0,1,26,0.0,0.0,1,26,0.0,0.0,1,26,0.0,0.0,1,26,0.9616,1.0,9,0,0.0,0.0,1,26,0.0,0.0,1,26,0.0,0.0,1,26,6.815,10.2259,9,0,0.9616,1.5,9,0,corner,0.9616,1.0,9,0,corner,0.0,0.0
08CPVRRUYG00,3356,167.9,1,tesla,tesla,building,13.0,18.0,cannon_cart,2.36,cannon_cart,3,0.0,0.0,26,0.0,0.0,2,25,0.0,0.0,1,26,0.0,0.5,18,9,0.0,0.0,1,26,0.0,0.0,1,26,0.0,0.0,1,26,0.0,0.0,1,26,0.4848,0.4848,1,26,0.0,0.0,1,26,0.0,0.0,1,26,0.0,0.0,4,23,0.0,0.0,1,26,0.1022,10.4985,27,0,0.4848,0.9848,18,9,lane,0.0,0.0,2,25,lane,0.4848,0.4848,0.0,0.0,9,18,0.0,0.0,1,26,0.0,0.5,18,9,0.0,0.0,1,26,0.0,0.0,1,26,0.0,0.0,1,26,0.0,0.0,1,26,0.4848,0.4848,1,26,0.0,0.0,1,26,0.0,0.0,1,26,0.8642,0.0,4,0,0.0,0.0,1,26,0.1022,10.4985,27,0,0.4848,0.9848,21,6,g9_18,0.0,0.0,9,18,g9_18,0.4848,0.4848
08LY80VC29RV,1098,54.9,1,tesla,tesla,building,9.0,21.0,hog_rider,6.98,hog_rider,2,0.0,0.0,26,0.0,0.0,6,21,-0.0,-0.0,1,20,1.0,0.5,1,8,0.0,0.0,1,26,0.0,0.0,1,26,0.0,0.0,1,26,0.0,0.0,1,26,1.0,1.0,1,26,0.0,0.0,1,26,0.0,0.0,1,26,0.0,0.0,6,21,-0.0,-0.0,1,23,5.7163,13.5425,13,1,2.0,1.5,2,8,lane_R,0.0,0.0,2,20,lane_R,1.0,1.0,0.0,0.0,2,25,0.0,0.0,1,26,1.0,0.5,1,8,0.0,0.0,1,26,0.0,0.0,1,26,0.0,0.0,1,26,0.0,0.0,1,26,1.0,1.0,1,26,0.0,0.0,1,26,0.0,0.0,1,26,0.0,0.0,3,24,0.0,0.0,1,26,5.7163,13.5425,13,1,2.0,1.5,1,8,centre,0.0,0.0,2,25,lane_R,1.0,1.0
08LY80VC29RV,1781,89.1,1,x-bow,x_bow,building,2.5,19.5,,0.0,,1,0.0,0.0,26,0.0,0.0,1,26,0.0,0.0,1,26,0.5,0.5,11,16,0.0,0.0,1,26,0.0,0.0,1,26,0.0,0.0,1,26,0.0,0.0,1,26,0.0,0.0,1,26,0.9616,1.0,9,0,0.0,0.0,1,26,0.0,0.0,1,26,0.0,0.0,1,26,0.0,0.0,1,26,1.4616,1.5,9,0,g9_18,0.9616,1.0,9,0,corner,0.0,0.0,0.0,0.0,1,26,0.0,0.0,1,26,0.5,0.5,11,16,0.0,0.0,1,26,0.0,0.0,1,26,0.0,0.0,1,26,0.0,0.0,1,26,0.0,0.0,1,26,0.9616,1.0,9,0,0.0,0.0,1,26,0.0,0.0,1,26,0.0,0.0,1,26,0.0,0.0,1,26,1.4616,1.5,9,0,g9_18,0.9616,1.0,9,0,corner,0.0,0.0
08LY80VC29RV,2464,123.2,1,x-bow,x_bow,building,2.5,19.5,,0.0,,0,0.0,0.0,26,0.0,0.0,1,26,0.0,0.0,1,26,0.5,0.5,11,16,0.0,0.0,1,26,0.0,0.0,1,26,0.0,0.0,1,26,0.0,0.0,1,26,0.0,0.0,1,26,0.9616,1.0,9,0,0.0,0.0,1,26,0.0,0.0,1,26,0.0,0.0,1,26,0.0,0.0,1,26,1.4616,1.5,9,0,g9_18,0.9616,1.0,9,0,corner,0.0,0.0,0.0,0.0,1,26,0.0,0.0,1,26,0.5,0.5,11,16,0.0,0.0,1,26,0.0,0.0,1,26,0.0,0.0,1,26,0.0,0.0,1,26,0.0,0.0,1,26,0.9616,1.0,9,0,0.0,0.0,1,26,0.0,0.0,1,26,0.0,0.0,1,26,0.0,0.0,1,26,1.4616,1.5,9,0,g9_18,0.9616,1.0,9,0,corner,0.0,0.0
08LY80VC29RV,2683,134.3,1,tesla,tesla,building,5.0,18.0,hog_rider,3.47,hog_rider,1,0.0,0.0,26,0.8459,0.4681,6,0,-0.1713,-0.591,23,0,0.5,0.5,9,17,0.0,0.0,1,26,0.0,0.0,1,26,0.0,0.0,1,26,0.0,0.0,1,26,0.725,0.725,1,26,0.0,0.0,1,26,0.0,0.0,1,26,1.0,1.0,1,9,-0.0,-0.0,1,26,1.4917,0.7362,23,0,1.8996,1.1021,6,0,tesla_modal,0.4631,0.0511,6,0,tesla_modal,0.725,0.725,0.0676,0.0,6,0,0.0,0.0,1,26,0.5,0.5,9,17,0.0,0.0,1,26,0.0,0.0,1,26,0.0,0.0,1,26,0.0,0.0,1,26,0.725,0.725,1,26,0.0,0.0,1,26,0.0,0.0,1,26,1.0,1.0,1,6,0.0,0.0,1,26,1.4917,0.7362,23,0,1.2926,1.225,12,0,tesla_modal,0.0507,0.0,6,0,tesla_modal,0.725,0.725
08LY80VC29RV,2911,145.6,1,x-bow,x_bow,building,2.5,19.5,,0.0,,0,0.0,0.0,26,0.0,0.0,1,26,0.0,0.0,1,26,0.5,0.5,11,16,0.0,0.0,1,26,0.0,0.0,1,26,0.0,0.0,1,26,0.0,0.0,1,26,0.0,0.0,1,26,0.9616,1.0,9,0,0.0,0.0,1,26,0.0,0.0,1,26,0.0,0.0,1,26,0.0,0.0,1,26,1.4616,1.5,9,0,g9_18,0.9616,1.0,9,0,corner,0.0,0.0,0.0,0.0,1,26,0.0,0.0,1,26,0.5,0.5,11,16,0.0,0.0,1,26,0.0,0.0,1,26,0.0,0.0,1,26,0.0,0.0,1,26,0.0,0.0,1,26,0.9616,1.0,9,0,0.0,0.0,1,26,0.0,0.0,1,26,0.0,0.0,1,26,0.0,0.0,1,26,1.4616,1.5,9,0,g9_18,0.9616,1.0,9,0,corner,0.0,0.0
08LY80VC29RV,3271,163.6,1,tesla,tesla,building,8.0,18.0,archer_queen,6.49,archer_queen,1,0.0,0.0,26,0.0,0.0,4,23,0.0,0.0,1,26,0.443,0.5,27,0,0.0,0.0,1,26,0.0,0.0,1,26,0.0,0.0,1,26,0.0,0.0,1,26,0.0,0.0,1,26,0.0,0.0,1,26,0.0,0.0,1,26,0.0,0.0,1,26,0.0,0.0,1,26,4.0,1.5,20,0,0.443,0.5,27,0,tesla_modal,0.0,0.0,4,23,tesla_modal,0.0,0.0,1.0,0.0,1,3,0.0,0.0,1,26,0.443,0.5,27,0,0.0,0.0,1,26,0.0,0.0,1,26,0.0,0.0,1,26,0.0,0.0,1,26,0.0,0.0,1,26,0.0,0.0,1,26,0.0,0.0,1,26,0.0,0.0,1,26,0.0,0.0,1,26,4.0,1.5,20,0,1.443,0.5,4,0,tesla_modal,0.7215,0.0,4,0,tesla_modal,0.0,0.0
08LY80VC29RV,3378,168.9,1,x-bow,x_bow,building,2.5,19.5,hog_rider,5.71,hog_rider,1,0.0,0.0,26,1.0,1.0,1,14,-0.0,-0.0,1,22,0.5,0.5,11,16,0.0,0.0,1,26,0.0,0.0,1,26,0.0,0.0,1,26,0.0,0.0,1,26,1.0,1.0,1,26,0.9616,1.0,9,0,0.0,0.0,1,26,1.0,1.0,1,16,-0.0,-0.0,1,25,2.8621,4.1929,22,0,3.4616,3.5,8,0,corner,1.0,1.0,1,12,corner,1.0,1.0,0.7528,1.0,12,0,0.0,0.0,1,26,0.5,0.5,11,16,0.0,0.0,1,26,0.0,0.0,1,26,0.0,0.0,1,26,0.0,0.0,1,26,1.0,1.0,1,26,0.9616,1.0,9,0,0.0,0.0,1,26,1.0,1.0,1,12,0.0,0.0,1,26,2.8621,4.1929,22,0,3.2144,3.5,7,0,corner,1.0,1.0,1,10,corner,1.0,1.0
08LY80VC29RV,3687,184.4,1,tesla,tesla,building,9.0,18.0,hog_rider,6.78,hog_rider,1,0.0,0.0,26,1.0,0.0,1,1,-0.0,-0.0,1,20,0.4663,0.5,26,1,0.0,0.0,1,26,0.0,0.0,1,26,0.0,0.0,1,26,0.0,0.0,1,26,1.0,1.0,1,26,0.0,0.0,1,26,0.0,0.0,1,26,1.0,0.0,1,4,-0.0,-0.0,1,24,6.2529,13.5425,11,1,2.4663,1.5,1,1,g9_18,0.7332,0.0,1,1,g9_18,1.0,1.0,1.0,0.0,1,1,0.0,0.0,1,26,0.4663,0.5,26,1,0.0,0.0,1,26,0.0,0.0,1,26,0.0,0.0,1,26,0.0,0.0,1,26,1.0,1.0,1,26,0.0,0.0,1,26,0.0,0.0,1,26,1.0,0.0,1,3,0.0,0.0,1,26,6.2529,13.5425,11,1,2.4663,1.5,1,1,g9_18,0.7332,0.0,1,1,g9_18,1.0,1.0
08LY80VC29RV,3799,190.3,1,x-bow,x_bow,building,2.5,19.5,hog_rider,7.48,hog_rider,1,0.0,0.0,26,1.0,0.0,1,12,-0.0,-0.0,1,25,0.5,0.5,11,16,0.0,0.0,1,26,0.0,0.0,1,26,0.0,0.0,1,26,0.0,0.0,1,26,0.0,0.0,1,26,0.9616,1.0,9,0,0.0,0.0,1,26,1.0,0.0,1,12,-0.0,-0.0,1,25,5.7246,6.4711,18,0,2.4616,1.5,5,0,bow_modal_R,1.0,1.0,1,12,corner,0.0,0.0,1.0,0.0,1,11,0.0,0.0,1,26,0.5,0.5,11,16,0.0,0.0,1,26,0.0,0.0,1,26,0.0,0.0,1,26,0.0,0.0,1,26,0.0,0.0,1,26,0.9616,1.0,9,0,0.0,0.0,1,26,0.8494,0.0,13,0,0.0,0.0,1,26,5.7246,6.4711,18,0,2.4616,1.5,5,0,bow_modal_R,1.0,1.0,1,12,corner,0.0,0.0
08LY80VC29RV,4291,214.6,1,tesla,tesla,building,9.0,19.0,,0.0,,0,0.0,0.0,26,0.0,0.0,1,26,0.0,0.0,1,26,0.9902,0.5,9,0,0.0,0.0,1,26,0.0,0.0,1,26,0.0,0.0,1,26,0.0,0.0,1,26,0.0,0.0,1,26,0.0,0.0,1,26,0.0,0.0,1,26,0.0,0.0,1,26,0.0,0.0,1,26,0.0,0.0,1,26,0.9902,0.5,9,0,centre,0.0,0.0,1,26,corner,0.0,0.0,0.0,0.0,1,26,0.0,0.0,1,26,0.9902,0.5,9,0,0.0,0.0,1,26,0.0,0.0,1,26,0.0,0.0,1,26,0.0,0.0,1,26,0.0,0.0,1,26,0.0,0.0,1,26,0.0,0.0,1,26,0.0,0.0,1,26,0.0,0.0,1,26,0.0,0.0,1,26,0.9902,0.5,9,0,centre,0.0,0.0,1,26,corner,0.0,0.0
08PY88PC88QV,546,27.3,1,x-bow,x_bow,building,2.5,19.5,archers,11.24,archers,3,0.0,0.0,26,0.0,0.0,4,23,0.0,0.0,1,26,0.5,0.5,11,16,0.0,0.0,1,26,0.0,0.0,1,26,0.0,0.0,1,26,0.0,0.0,1,26,1.0,1.0,1,26,0.9616,1.0,9,0,0.0,0.0,1,26,0.0,0.0,4,23,0.0,0.0,1,26,11.1393,11.794,5,0,2.4616,2.5,9,0,g9_18,0.9616,1.0,9,0,corner,1.0,1.0,0.0,0.0,5,22,0.0,0.0,1,26,0.5,0.5,11,16,0.0,0.0,1,26,0.0,0.0,1,26,0.0,0.0,1,26,0.0,0.0,1,26,1.0,1.0,1,26,0.9616,1.0,9,0,0.0,0.0,1,26,0.0,0.0,7,20,0.0,0.0,1,26,11.1393,11.794,5,0,2.4616,2.5,11,0,g9_18,0.9616,1.0,11,0,corner,1.0,1.0
08PY88PC88QV,634,31.7,0,tesla,tesla,building,12.0,18.0,ice_wizard,4.89,ice_wizard,4,0.0,0.0,26,0.0,0.0,4,23,0.0,0.0,1,26,0.5,0.5,9,17,0.0,0.0,1,26,0.0,0.0,1,26,0.0,0.0,1,26,0.0,0.0,1,26,0.0,0.0,1,26,0.0,0.0,1,26,0.0,0.0,1,26,0.8749,0.0,1,1,0.0,0.0,1,26,2.0,12.4553,21,0,0.5,0.5,10,17,tesla_modal,0.0,0.0,4,23,tesla_modal,0.0,0.0,0.0,0.0,4,23,0.0,0.0,1,26,0.5,0.5,9,17,0.0,0.0,1,26,0.0,0.0,1,26,0.0,0.0,1,26,0.0,0.0,1,26,0.0,0.0,1,26,0.0,0.0,1,26,0.0,0.0,1,26,0.823,0.0,3,1,0.0,0.0,1,26,2.0,12.4553,21,0,0.5,0.5,10,17,tesla_modal,0.0,0.0,4,23,tesla_modal,0.0,0.0
08PY88PC88QV,1581,79.1,1,x-bow,x_bow,building,2.5,19.5,,0.0,,3,0.0,0.0,26,0.0,0.0,1,26,0.0,0.0,1,26,0.5,0.5,11,16,0.0,0.0,1,26,0.0,0.0,1,26,0.0,0.0,1,26,0.0,0.0,1,26,0.0,0.0,1,26,0.9616,1.0,9,0,0.0,0.0,1,26,0.0,0.0,1,26,0.0,0.0,1,26,0.0,0.0,1,26,1.4616,1.5,9,0,g9_18,0.9616,1.0,9,0,corner,0.0,0.0,0.0,0.0,1,26,0.0,0.0,1,26,0.5,0.5,11,16,0.0,0.0,1,26,0.0,0.0,1,26,0.0,0.0,1,26,0.0,0.0,1,26,0.0,0.0,1,26,0.9616,1.0,9,0,0.0,0.0,1,26,0.0,0.0,1,26,0.0,0.0,1,26,0.0,0.0,1,26,1.4616,1.5,9,0,g9_18,0.9616,1.0,9,0,corner,0.0,0.0
08PY88PC88QV,1631,81.6,0,tesla,tesla,building,12.0,18.0,,0.0,,0,0.0,0.0,26,0.0,0.0,1,26,0.0,0.0,1,26,0.5,0.5,9,17,0.0,0.0,1,26,0.0,0.0,1,26,0.0,0.0,1,26,0.0,0.0,1,26,0.0,0.0,1,26,0.0,0.0,1,26,0.0,0.0,1,26,0.0,0.0,1,26,0.0,0.0,1,26,0.0,0.0,1,26,0.5,0.5,9,17,centre,0.0,0.0,1,26,corner,0.0,0.0,0.0,0.0,1,26,0.0,0.0,1,26,0.5,0.5,9,17,0.0,0.0,1,26,0.0,0.0,1,26,0.0,0.0,1,26,0.0,0.0,1,26,0.0,0.0,1,26,0.0,0.0,1,26,0.0,0.0,1,26,0.0,0.0,1,26,0.0,0.0,1,26,0.0,0.0,1,26,0.5,0.5,9,17,centre,0.0,0.0,1,26,corner,0.0,0.0
08PY88PC88QV,2452,122.6,1,x-bow,x_bow,building,2.5,19.5,,0.0,,0,0.0,0.0,26,0.0,0.0,1,26,0.0,0.0,1,26,0.5,0.5,11,16,0.0,0.0,1,26,0.0,0.0,1,26,0.0,0.0,1,26,0.0,0.0,1,26,0.0,0.0,1,26,0.9616,1.0,9,0,0.0,0.0,1,26,0.0,0.0,1,26,0.0,0.0,1,26,0.0,0.0,1,26,1.4616,1.5,9,0,g9_18,0.9616,1.0,9,0,corner,0.0,0.0,0.0,0.0,1,26,0.0,0.0,1,26,0.5,0.5,11,16,0.0,0.0,1,26,0.0,0.0,1,26,0.0,0.0,1,26,0.0,0.0,1,26,0.0,0.0,1,26,0.9616,1.0,9,0,0.0,0.0,1,26,0.0,0.0,1,26,0.0,0.0,1,26,0.0,0.0,1,26,1.4616,1.5,9,0,g9_18,0.9616,1.0,9,0,corner,0.0,0.0
08PY88PC88QV,2658,132.9,0,tesla,tesla,building,12.0,18.0,knight,2.27,knight,4,0.0,0.0,26,1.0,0.0,1,2,-0.0,-0.0,1,22,0.5,0.5,9,17,0.0,0.0,1,26,0.0,0.0,1,26,0.0,0.0,1,26,0.0,0.0,1,26,1.0,1.0,1,26,0.0,0.0,1,26,0.0,0.0,1,26,1.0,0.0,1,3,-0.0,-0.0,1,23,2.2668,12.7716,23,0,2.5,1.5,1,1,g15_22,0.75,0.0,1,1,g15_22,1.0,1.0,1.0,0.0,1,2,-0.0,-0.0,1,22,0.5,0.5,9,17,0.0,0.0,1,26,0.0,0.0,1,26,0.0,0.0,1,26,0.0,0.0,1,26,1.0,1.0,1,26,0.0,0.0,1,26,0.0,0.0,1,26,1.0,0.0,1,3,-0.0,-0.0,1,23,2.2668,12.7716,23,0,2.5,1.5,1,1,g15_22,0.75,0.0,1,1,g15_22,1.0,1.0
08PY88PC88QV,2791,139.6,0,x-bow,x_bow,building,14.5,19.5,,0.0,,0,0.0,0.0,26,0.0,0.0,1,26,0.0,0.0,1,26,0.5,0.5,11,16,0.0,0.0,1,26,0.0,0.0,1,26,0.0,0.0,1,26,0.0,0.0,1,26,0.0,0.0,1,26,0.0,1.0,5,22,0.0,0.0,1,26,0.0,0.0,1,26,0.0,0.0,1,26,0.0,0.0,1,26,0.5,1.5,15,12,corner,0.0,1.0,5,22,corner,0.0,0.0,0.0,0.0,1,26,0.0,0.0,1,26,0.5,0.5,11,16,0.0,0.0,1,26,0.0,0.0,1,26,0.0,0.0,1,26,0.0,0.0,1,26,0.0,0.0,1,26,1.0,1.0,1,8,0.0,0.0,1,26,0.0,0.0,1,26,0.0,0.0,1,26,0.0,0.0,1,26,1.5,1.5,2,7,g9_18,1.0,1.0,1,8,corner,0.0,0.0
08PY88PC88QV,3181,159.1,0,x-bow,x_bow,building,15.5,19.5,knight,14.03,knight,1,0.0,0.0,26,0.0,0.6,8,19,-0.0,-0.3636,1,19,0.5,0.5,11,16,0.0,0.0,1,26,0.0,0.0,1,26,0.0,0.0,1,26,0.0,0.0,1,26,0.0,0.0,1,26,0.9616,1.0,9,0,0.0,0.0,1,26,0.0,0.0,1,26,-0.0,-0.0,1,26,11.4,1.4,3,0,1.4616,1.7364,9,0,g9_18,0.9616,0.7,7,0,tesla_modal,0.0,0.0,0.0,0.6167,8,19,-0.0,-0.3538,1,19,0.5,0.5,11,16,0.0,0.0,1,26,0.0,0.0,1,26,0.0,0.0,1,26,0.0,0.0,1,26,0.0,0.0,1,26,0.9616,1.0,9,0,0.0,0.0,1,26,0.0,0.0,1,26,-0.0,-0.0,1,26,11.4,1.4,3,0,1.4616,1.7628,9,0,g9_18,0.9616,0.7,7,0,tesla_modal,0.0,0.0
08PY88PC88QV,3531,176.6,0,x-bow,x_bow,building,15.5,19.5,knight,8.34,knight,1,0.0,0.0,26,0.0,1.0,12,15,-0.0,-0.0,1,22,0.5,0.5,11,16,0.0,0.0,1,26,0.0,0.0,1,26,0.0,0.0,1,26,0.0,0.0,1,26,0.0,0.0,1,26,0.9616,1.0,9,0,0.0,0.0,1,26,0.0,1.0,12,15,-0.0,-0.0,1,23,7.0312,4.6578,9,0,1.4616,2.5,12,0,corner,0.9616,1.0,10,0,corner,0.0,0.0,0.0,1.0,12,15,-0.0,-0.0,1,22,0.5,0.5,11,16,0.0,0.0,1,26,0.0,0.0,1,26,0.0,0.0,1,26,0.0,0.0,1,26,0.0,0.0,1,26,0.9616,1.0,9,0,0.0,0.0,1,26,0.0,1.0,12,15,-0.0,-0.0,1,25,7.0312,4.6578,9,0,1.4616,2.5,12,0,corner,0.9616,1.0,10,0,corner,0.0,0.0
08PY88PC88QV,3571,178.6,1,tesla,tesla,building,2.0,18.0,knight,3.04,knight,1,0.0,0.0,26,0.4,0.65,6,1,-0.5455,-0.3182,22,1,0.5,0.5,9,17,0.0,0.0,1,26,0.0,0.0,1,26,0.0,0.0,1,26,0.0,0.0,1,26,0.1315,0.1315,1,26,0.0,0.0,1,26,0.0,0.0,1,26,1.0,1.0,1,4,-0.0,-0.0,1,26,1.0,1.5,22,1,0.486,0.9633,22,1,tesla_modal,-0.0,0.1875,6,17,tesla_modal,0.1315,0.1315,0.4167,0.6667,6,1,-0.5385,-0.3077,22,1,0.5,0.5,9,17,0.0,0.0,1,26,0.0,0.0,1,26,0.0,0.0,1,26,0.0,0.0,1,26,0.1315,0.1315,1,26,0.0,0.0,1,26,0.0,0.0,1,26,1.0,1.0,1,4,-0.0,-0.0,1,26,1.0,1.5,22,1,0.5097,0.9905,22,1,tesla_modal,0.0125,0.2,6,1,tesla_modal,0.1315,0.1315
08PY88PCQ9C2,823,41.2,1,x-bow,x_bow,building,15.5,19.5,bowler,19.16,bowler,1,0.0,0.0,26,0.0,0.0,4,23,0.0,0.0,1,26,0.5,0.5,11,16,0.0,0.0,1,26,0.0,0.0,1,26,0.0,0.0,1,26,0.0,0.0,1,26,0.0,0.0,1,26,0.9616,1.0,9,0,0.0,0.0,1,26,0.0,0.0,1,26,0.0,0.0,1,26,11.4,1.4,3,0,1.4616,1.5,11,0,g9_18,0.9616,1.0,9,0,corner,0.0,0.0,0.0,0.0,4,23,0.0,0.0,1,26,0.5,0.5,11,16,0.0,0.0,1,26,0.0,0.0,1,26,0.0,0.0,1,26,0.0,0.0,1,26,0.0,0.0,1,26,0.9616,1.0,9,0,0.0,0.0,1,26,0.0,0.0,1,26,0.0,0.0,1,26,11.4,1.4,3,0,1.4616,1.5,11,0,g9_18,0.9616,1.0,9,0,corner,0.0,0.0
08PY88PCQ9C2,1183,59.2,1,tesla,tesla,building,9.0,21.0,royal_giant,6.25,royal_giant,2,0.0,0.0,26,0.0,0.0,2,25,0.0,0.0,1,26,1.0,0.5,1,8,0.0,0.0,1,26,0.0,0.0,1,26,0.0,0.0,1,26,0.0,0.0,1,26,1.0,1.0,1,26,0.0,0.0,1,26,0.0,0.0,1,26,0.0,0.0,2,25,0.0,0.0,1,26,5.3388,13.0131,14,1,2.0,1.5,2,8,g9_18,0.0,0.0,2,25,g9_18,1.0,1.0,0.0,0.0,2,25,0.0,0.0,1,26,1.0,0.5,1,8,0.0,0.0,1,26,0.0,0.0,1,26,0.0,0.0,1,26,0.0,0.0,1,26,1.0,1.0,1,26,0.0,0.0,1,26,0.0,0.0,1,26,0.0,0.0,4,23,0.0,0.0,1,26,5.3388,13.0131,14,1,2.0,1.5,2,8,g9_18,0.0,0.0,2,25,g9_18,1.0,1.0
08PY88PCQ9C2,2434,121.7,1,x-bow,x_bow,building,9.5,22.5,bowler,10.98,bowler,1,0.0,0.0,26,0.0,0.0,5,22,0.0,0.0,1,26,1.0,0.5,1,8,0.0,0.0,1,26,0.0,0.0,1,26,0.0,0.0,1,26,0.0,0.0,1,26,0.0,0.0,1,26,0.0,1.0,9,18,0.0,0.0,1,26,0.0,0.6617,5,22,0.0,0.0,1,26,6.833,2.582,18,0,1.0,1.5,12,6,g9_18,0.0,1.0,12,15,corner,0.0,0.0,0.0,0.0,5,22,0.0,0.0,1,26,1.0,0.5,1,8,0.0,0.0,1,26,0.0,0.0,1,26,0.0,0.0,1,26,0.0,0.0,1,26,0.0,0.0,1,26,0.0,1.0,9,18,0.0,0.0,1,26,0.0,0.8596,6,21,0.0,0.0,1,26,6.833,2.582,18,0,1.0,1.5,12,6,tesla_modal,0.0,1.0,12,15,corner,0.0,0.0
08PY88PCQ9C2,2652,132.6,1,tesla,tesla,building,9.0,19.0,barbarians,3.96,barbarians,5,0.0,0.0,26,1.0,0.0,1,4,-0.0,-0.0,1,19,0.9902,0.5,9,0,0.0,0.0,1,26,0.0,0.0,1,26,0.0,0.0,1,26,0.0,0.0,1,26,1.0,1.0,1,26,0.0,0.0,1,26,0.0,0.0,1,26,1.0,0.0,1,6,-0.0,-0.0,1,23,2.3007,8.4443,19,0,2.9902,1.5,2,0,knight_cell,0.9951,0.0,2,0,knight_cell,1.0,1.0,1.0,0.0,1,4,-0.0,-0.0,1,19,0.9902,0.5,9,0,0.0,0.0,1,26,0.0,0.0,1,26,0.0,0.0,1,26,0.0,0.0,1,26,1.0,1.0,1,26,0.0,0.0,1,26,0.0,0.0,1,26,1.0,0.0,1,6,-0.0,-0.0,1,23,2.3007,8.4443,19,0,2.9902,1.5,2,0,knight_cell,0.9951,0.0,2,0,knight_cell,1.0,1.0
08PY88PCQ9C2,3057,152.9,1,x-bow,x_bow,building,12.5,22.5,skeleton_dragons,1.77,skeleton_dragons,7,0.0,0.0,26,0.0,0.0,5,22,0.0,0.0,1,26,0.7044,0.5,9,0,0.0,0.0,1,26,0.0,0.0,1,26,0.0,0.0,1,26,0.0,0.0,1,26,0.0,0.0,1,26,0.0,1.0,9,18,0.0,0.0,1,26,0.0,0.0,6,21,0.0,0.0,1,26,0.4461,10.7714,25,0,0.7044,1.5,17,0,g9_18,0.0,1.0,11,16,corner,0.0,0.0,0.0,0.0,6,21,0.0,0.0,1,26,0.7044,0.5,9,0,0.0,0.0,1,26,0.0,0.0,1,26,0.0,0.0,1,26,0.0,0.0,1,26,0.0,0.0,1,26,0.0,1.0,9,18,0.0,0.0,1,26,0.0713,0.0,8,0,0.0,0.0,1,26,0.4461,10.7714,25,0,0.7044,1.5,17,0,g9_18,0.0,1.0,11,16,corner,0.0,0.0
08PY88PCQ9C2,3536,176.8,1,x-bow,x_bow,building,13.5,22.5,bowler,13.46,bowler,2,0.0,0.0,26,0.0,0.0,4,23,0.0,0.0,1,26,0.5,0.5,11,16,0.0,0.0,1,26,0.0,0.0,1,26,0.0,0.0,1,26,0.0,0.0,1,26,0.6066,0.6066,1,26,0.0,1.0,9,18,0.0,0.0,1,26,0.0,1.0,6,21,0.0,0.0,1,26,9.4,1.4,9,1,1.1066,2.1066,18,9,g9_18,0.0,1.0,11,16,corner,0.6066,0.6066,0.0,0.0,4,23,0.0,0.0,1,26,0.5,0.5,11,16,0.0,0.0,1,26,0.0,0.0,1,26,0.0,0.0,1,26,0.0,0.0,1,26,0.6066,0.6066,1,26,0.0,1.0,9,18,0.0,0.0,1,26,0.0,0.9762,6,21,0.0,0.0,1,26,9.4,1.4,9,1,1.1066,2.1066,18,9,g9_18,0.0,1.0,11,16,corner,0.6066,0.6066
08PY88PCQ9C2,3737,186.9,1,tesla,tesla,building,9.0,19.0,barbarians,5.26,barbarians,7,0.0,0.0,26,1.0,0.0,1,4,-0.0,-0.0,1,22,0.9902,0.5,9,0,0.0,0.0,1,26,0.0,0.0,1,26,0.0,0.0,1,26,0.0,0.0,1,26,1.0,1.0,1,26,0.0,0.0,1,26,0.0,0.0,1,26,1.0,0.0,1,4,-0.0,-0.0,1,24,4.4883,11.9751,17,0,2.9902,1.5,3,0,tesla_modal,0.9951,0.0,3,0,tesla_modal,1.0,1.0,1.0,0.0,1,3,-0.0,-0.0,1,20,0.9902,0.5,9,0,0.0,0.0,1,26,0.0,0.0,1,26,0.0,0.0,1,26,0.0,0.0,1,26,1.0,1.0,1,26,0.0,0.0,1,26,0.0,0.0,1,26,1.0,0.0,1,4,-0.0,-0.0,1,24,4.4883,11.9751,17,0,2.9902,1.5,3,0,tesla_modal,0.9951,0.0,3,0,tesla_modal,1.0,1.0
08PY88PCV0JQ,267,13.4,1,tesla,tesla,building,9.0,21.0,,0.0,,1,0.0,0.0,26,0.0,0.0,1,26,0.0,0.0,1,26,1.0,0.5,1,8,0.0,0.0,1,26,0.0,0.0,1,26,0.0,0.0,1,26,0.0,0.0,1,26,0.0,0.0,1,26,0.0,0.0,1,26,0.0,0.0,1,26,0.0,0.0,1,26,0.0,0.0,1,26,0.0,0.0,1,26,1.0,0.5,1,8,centre,0.0,0.0,1,26,corner,0.0,0.0,0.0,0.0,1,26,0.0,0.0,1,26,1.0,0.5,1,8,0.0,0.0,1,26,0.0,0.0,1,26,0.0,0.0,1,26,0.0,0.0,1,26,0.0,0.0,1,26,0.0,0.0,1,26,0.0,0.0,1,26,0.0,0.0,1,26,0.0,0.0,1,26,0.0,0.0,1,26,1.0,0.5,1,8,centre,0.0,0.0,1,26,corner,0.0,0.0
08PY88PCV0JQ,721,36.1,1,x-bow,x_bow,building,4.5,19.5,mega_minion,2.11,mega_minion,2,0.0,0.0,26,0.755,1.0,10,0,-0.1885,-0.0,24,0,0.5,0.5,11,16,0.0,0.0,1,26,0.0,0.0,1,26,0.0,0.0,1,26,0.0,0.0,1,26,0.0,0.0,1,26,0.9616,1.0,9,0,0.0,0.0,1,26,0.7553,1.0,10,0,-0.1882,-0.0,26,0,2.11,4.6247,24,0,2.0281,2.5,5,0,corner,0.8115,1.0,10,0,corner,0.0,0.0,0.0925,1.0,10,0,0.0,0.0,1,26,0.5,0.5,11,16,0.0,0.0,1,26,0.0,0.0,1,26,0.0,0.0,1,26,0.0,0.0,1,26,0.0,0.0,1,26,0.9616,1.0,9,0,0.0,0.0,1,26,0.0928,1.0,12,0,0.0,0.0,1,26,2.11,4.6247,24,0,1.5541,2.5,6,0,corner,1.0,1.0,1,8,corner,0.0,0.0
08PY88PCV0JQ,1502,75.1,1,tesla,tesla,building,9.0,22.0,golem,9.9,golem,1,0.0,0.0,26,1.0,0.0,1,3,-0.0,-0.0,1,20,1.0,0.5,1,8,0.0,0.0,1,26,0.0,0.0,1,26,0.0,0.0,1,26,0.0,0.0,1,26,0.0,0.0,1,26,0.0,0.0,1,26,0.0,0.0,1,26,0.0,0.0,5,22,-0.0,-0.0,1,26,5.0,12.5,14,3,2.0,0.5,1,2,tesla_modal,1.0,0.0,1,2,tesla_modal,0.0,0.0,1.0,0.0,1,3,0.0,0.0,1,26,1.0,0.5,1,8,0.0,0.0,1,26,0.0,0.0,1,26,0.0,0.0,1,26,0.0,0.0,1,26,0.0,0.0,1,26,0.0,0.0,1,26,0.0,0.0,1,26,0.0,0.0,5,22,0.0,0.0,1,26,5.0,12.5,14,3,2.0,0.5,1,2,tesla_modal,1.0,0.0,1,2,tesla_modal,0.0,0.0
08PY88PCV0JQ,2501,125.1,1,tesla,tesla,building,10.0,18.0,golem,5.87,golem,1,0.0,0.0,26,1.0,0.0,1,8,-0.0,-0.0,1,19,0.0251,0.5,18,0,0.0,0.0,1,26,0.0,0.0,1,26,0.0,0.0,1,26,0.0,0.0,1,26,0.0,0.0,1,26,0.0,0.0,1,26,0.0,0.0,1,26,0.0,0.0,4,23,-0.0,-0.0,1,26,2.8651,10.4985,14,0,1.0251,0.5,6,0,lane,0.5125,0.0,6,0,lane,0.0,0.0,0.7543,0.0,4,0,0.0,0.0,1,26,0.0251,0.5,18,0,0.0,0.0,1,26,0.0,0.0,1,26,0.0,0.0,1,26,0.0,0.0,1,26,0.0,0.0,1,26,0.0,0.0,1,26,0.0,0.0,1,26,0.0,0.0,4,23,0.0,0.0,1,26,2.8651,10.4985,14,0,0.7794,0.5,7,0,lane,0.3866,0.0,5,0,lane,0.0,0.0
08PY88PCV0JQ,2903,145.2,1,x-bow,x_bow,building,15.5,19.5,golem,4.92,golem,2,0.0,0.0,26,0.0,0.0,10,17,-0.0,-0.0,1,19,0.0,0.5,19,8,0.0,0.0,1,26,0.0,0.0,1,26,0.0,0.0,1,26,0.0,0.0,1,26,1.0,1.0,1,26,0.9616,1.0,9,0,0.0,0.0,1,26,0.0,0.0,10,17,-0.0,-0.0,1,22,5.0743,9.3645,12,0,1.9616,2.5,12,0,g9_18,0.9616,1.0,9,0,corner,1.0,1.0,0.0,0.0,5,22,0.0,0.0,1,26,0.0,0.5,19,8,0.0,0.0,1,26,0.0,0.0,1,26,0.0,0.0,1,26,0.0,0.0,1,26,1.0,1.0,1,26,0.9616,1.0,9,0,0.0,0.0,1,26,0.0,0.0,9,18,0.0,0.0,1,26,5.0743,9.3645,12,0,1.9616,2.5,10,0,g9_18,0.9616,1.0,9,0,corner,1.0,1.0
08PY88PJYJUR,196,9.8,1,tesla,tesla,building,9.0,22.0,wall_breakers,7.3,wall_breakers,2,0.0,0.0,26,1.0,0.0,1,4,-0.0,-0.0,1,21,1.0,0.5,1,8,0.0,0.0,1,26,0.0,0.0,1,26,0.0,0.0,1,26,0.0,0.0,1,26,1.0,1.0,1,26,0.0,0.0,1,26,0.0,0.0,1,26,0.185,0.0,8,1,-0.0,-0.0,1,26,5.0,11.8396,14,2,3.0,1.5,1,2,tesla_modal,1.0,0.0,1,2,tesla_modal,1.0,1.0,1.0,0.0,1,3,0.0,0.0,1,26,1.0,0.5,1,8,0.0,0.0,1,26,0.0,0.0,1,26,0.0,0.0,1,26,0.0,0.0,1,26,1.0,1.0,1,26,0.0,0.0,1,26,0.0,0.0,1,26,0.2753,0.0,8,1,0.0,0.0,1,26,5.0,11.8396,14,2,3.0,1.5,1,2,tesla_modal,1.0,0.0,1,2,tesla_modal,1.0,1.0
08PY88PJYJUR,933,46.7,1,tesla,tesla,building,9.0,21.0,prince,11.55,prince,1,0.0,0.0,26,0.0,0.3487,6,21,-0.0,-0.0,1,26,1.0,0.5,1,8,0.0,0.0,1,26,0.0,0.0,1,26,0.0,0.0,1,26,0.0,0.0,1,26,1.0,1.0,1,26,0.0,0.0,1,26,0.0,0.0,1,26,0.0,0.0,1,26,-0.0,-0.0,1,26,9.6861,6.8026,20,1,2.0,1.8487,3,8,g3_18,0.0,0.2615,6,21,g3_18,1.0,1.0,0.0,0.4528,6,21,0.0,0.0,1,26,1.0,0.5,1,8,0.0,0.0,1,26,0.0,0.0,1,26,0.0,0.0,1,26,0.0,0.0,1,26,1.0,1.0,1,26,0.0,0.0,1,26,0.0,0.0,1,26,0.0,0.0,1,26,0.0,0.0,1,26,9.6861,6.8026,20,1,2.0,1.9528,3,8,g3_18,0.0,0.3396,6,21,g3_18,1.0,1.0
08PY88PJYJUR,1601,80.1,1,tesla,tesla,building,9.0,19.0,archer_queen,6.28,archer_queen,1,0.0,0.0,26,0.8251,0.0,2,0,0.0,0.0,1,26,0.9902,0.5,9,0,0.0,0.0,1,26,0.0,0.0,1,26,0.0,0.0,1,26,0.0,0.0,1,26,1.0,1.0,1,26,0.0,0.0,1,26,0.0,0.0,1,26,0.6078,0.0,2,0,0.0,0.0,1,26,5.6502,0.7562,14,0,2.8153,1.5,1,0,tesla_modal,0.8211,0.0,1,0,tesla_modal,1.0,1.0,1.0,0.0,1,1,0.0,0.0,1,26,0.9902,0.5,9,0,0.0,0.0,1,26,0.0,0.0,1,26,0.0,0.0,1,26,0.0,0.0,1,26,1.0,1.0,1,26,0.0,0.0,1,26,0.0,0.0,1,26,0.7113,0.0,4,0,0.0,0.0,1,26,5.6502,0.7562,14,0,2.9902,1.5,2,0,tesla_modal,0.9951,0.0,2,0,tesla_modal,1.0,1.0
08PY88PJYJUR,1724,86.9,1,x-bow,x_bow,building,15.5,19.5,,0.0,,0,0.0,0.0,26,0.0,0.0,1,26,0.0,0.0,1,26,0.5,0.5,11,16,0.0,0.0,1,26,0.0,0.0,1,26,0.0,0.0,1,26,0.0,0.0,1,26,0.0,0.0,1,26,0.9616,1.0,9,0,0.0,0.0,1,26,0.0,0.0,1,26,0.0,0.0,1,26,0.0,0.0,1,26,1.4616,1.5,9,0,g9_18,0.9616,1.0,9,0,corner,0.0,0.0,0.0,0.0,1,26,0.0,0.0,1,26,0.5,0.5,11,16,0.0,0.0,1,26,0.0,0.0,1,26,0.0,0.0,1,26,0.0,0.0,1,26,0.0,0.0,1,26,0.9616,1.0,9,0,0.0,0.0,1,26,0.0,0.0,1,26,0.0,0.0,1,26,0.0,0.0,1,26,1.4616,1.5,9,0,g9_18,0.9616,1.0,9,0,corner,0.0,0.0
08PY88PJYJUR,2507,125.4,1,tesla,tesla,building,9.0,21.0,,0.0,,0,0.0,0.0,26,0.0,0.0,1,26,0.0,0.0,1,26,1.0,0.5,1,8,0.0,0.0,1,26,0.0,0.0,1,26,0.0,0.0,1,26,0.0,0.0,1,26,0.0,0.0,1,26,0.0,0.0,1,26,0.0,0.0,1,26,0.0,0.0,1,26,0.0,0.0,1,26,0.0,0.0,1,26,1.0,0.5,1,8,centre,0.0,0.0,1,26,corner,0.0,0.0,0.0,0.0,1,26,0.0,0.0,1,26,1.0,0.5,1,8,0.0,0.0,1,26,0.0,0.0,1,26,0.0,0.0,1,26,0.0,0.0,1,26,0.0,0.0,1,26,0.0,0.0,1,26,0.0,0.0,1,26,0.0,0.0,1,26,0.0,0.0,1,26,0.0,0.0,1,26,1.0,0.5,1,8,centre,0.0,0.0,1,26,corner,0.0,0.0
08PY88PJYJUR,2618,130.9,1,x-bow,x_bow,building,11.5,22.5,archer_queen,8.93,archer_queen,2,0.0,0.0,26,0.0,0.0,4,23,0.0,0.0,1,26,1.0,0.5,1,8,0.0,0.0,1,26,0.0,0.0,1,26,0.0,0.0,1,26,0.0,0.0,1,26,1.0,1.0,1,26,0.0,1.0,9,18,0.0,0.0,1,26,0.0,0.0,4,23,0.0,0.0,1,26,2.4,12.4,20,0,2.0,2.5,11,6,g9_18,0.0,1.0,11,16,corner,1.0,1.0,0.4267,0.0,4,0,0.0,0.0,1,26,1.0,0.5,1,8,0.0,0.0,1,26,0.0,0.0,1,26,0.0,0.0,1,26,0.0,0.0,1,26,1.0,1.0,1,26,0.0,1.0,9,18,0.0,0.0,1,26,0.0,0.0,5,22,0.0,0.0,1,26,2.4,12.4,20,0,2.4267,2.5,11,0,g9_18,0.4267,1.0,11,0,corner,1.0,1.0
08PY88PJYJUR,2909,145.5,1,tesla,tesla,building,11.0,20.0,mega_knight,3.78,mega_knight,2,0.0,0.0,26,1.0,1.0,1,10,-0.0,-0.0,1,25,0.7332,0.5,9,0,0.0,0.0,1,26,0.0,0.0,1,26,0.0,0.0,1,26,0.0,0.0,1,26,1.0,1.0,1,26,0.0,0.0,1,26,0.0,0.0,1,26,1.0,1.0,1,7,-0.0,-0.0,1,25,2.4155,5.3052,26,0,2.7332,2.5,4,0,centre,0.8666,0.75,4,0,centre,1.0,1.0,1.0,1.0,1,9,-0.0,-0.0,1,25,0.7332,0.5,9,0,0.0,0.0,1,26,0.0,0.0,1,26,0.0,0.0,1,26,0.0,0.0,1,26,1.0,1.0,1,26,0.0,0.0,1,26,0.0,0.0,1,26,1.0,1.0,1,7,-0.0,-0.0,1,25,2.4155,5.3052,26,0,2.7332,2.5,4,0,tesla_modal,0.8666,0.75,4,0,tesla_modal,1.0,1.0
08PY88PJYJUR,3511,175.6,1,tesla,tesla,building,9.0,22.0,mega_knight,12.44,mega_knight,2,0.0,0.0,26,1.0,0.0,1,3,-0.0,-0.0,1,20,1.0,0.5,1,8,0.0,0.0,1,26,0.0,0.0,1,26,0.0,0.0,1,26,0.0,0.0,1,26,0.0,0.0,1,26,0.0,0.0,1,26,0.0,0.0,1,26,0.0,0.0,1,26,-0.0,-0.0,1,26,5.0,12.5,14,3,2.0,0.5,1,2,tesla_modal,1.0,0.0,1,2,tesla_modal,0.0,0.0,1.0,0.0,1,3,-0.0,-0.0,1,20,1.0,0.5,1,8,0.0,0.0,1,26,0.0,0.0,1,26,0.0,0.0,1,26,0.0,0.0,1,26,0.0,0.0,1,26,0.0,0.0,1,26,0.0,0.0,1,26,0.0,0.0,1,26,-0.0,-0.0,1,26,5.0,12.5,14,3,2.0,0.5,1,2,tesla_modal,1.0,0.0,1,2,tesla_modal,0.0,0.0
08PY88PJYJUR,3801,190.1,1,tesla,tesla,building,7.0,22.0,mega_knight,1.84,mega_knight,6,0.0,0.0,26,0.0,0.0,13,14,-1.0,-0.0,26,1,1.0,0.5,1,8,0.0,0.0,1,26,0.0,0.0,1,26,0.0,0.0,1,26,0.0,0.0,1,26,1.0,1.0,1,26,0.0,0.0,1,26,0.0,0.0,1,26,0.9466,0.0,7,0,-0.0485,-0.0,24,0,0.0,6.0245,26,1,1.0,1.5,26,1,skel_cell,-0.3,0.0,26,1,skel_cell,1.0,1.0,0.0,0.0,13,14,-1.0,-0.0,26,1,1.0,0.5,1,8,0.0,0.0,1,26,0.0,0.0,1,26,0.0,0.0,1,26,0.0,0.0,1,26,1.0,1.0,1,26,0.0,0.0,1,26,0.0,0.0,1,26,0.9633,0.0,7,0,-0.0339,-0.0,24,0,0.0,6.0245,26,1,1.0,1.5,26,1,skel_cell,-0.3,0.0,26,1,skel_cell,1.0,1.0
08PY88PQV2YV,632,31.6,1,x-bow,x_bow,building,13.5,19.5,giant_skeleton,18.35,giant_skeleton,1,0.0,0.0,26,0.0,0.8,10,17,-0.0,-0.2222,1,19,0.5,0.5,11,16,0.0,0.0,1,26,0.0,0.0,1,26,0.0,0.0,1,26,0.0,0.0,1,26,0.0,0.0,1,26,0.9616,1.0,9,0,0.0,0.0,1,26,0.0,0.0,1,26,-0.0,-0.0,1,26,9.4,1.4,9,1,1.4616,2.0778,10,0,g9_18,0.9616,0.7778,7,0,tesla_modal,0.0,0.0,0.0,0.6167,8,19,-0.0,-0.3538,1,19,0.5,0.5,11,16,0.0,0.0,1,26,0.0,0.0,1,26,0.0,0.0,1,26,0.0,0.0,1,26,0.0,0.0,1,26,0.9616,1.0,9,0,0.0,0.0,1,26,0.0,0.0,1,26,-0.0,-0.0,1,26,9.4,1.4,9,1,1.4616,1.7628,9,0,g9_18,0.9616,0.7,7,0,tesla_modal,0.0,0.0
08PY88PQV2YV,733,36.7,1,tesla,tesla,building,9.0,19.0,zappies,5.95,zappies,4,0.0,0.0,26,0.2638,0.0,4,0,0.0,0.0,1,26,0.9902,0.5,9,0,0.0,0.0,1,26,0.0,0.0,1,26,0.0,0.0,1,26,0.0,0.0,1,26,0.0,0.0,1,26,0.0,0.0,1,26,0.0,0.0,1,26,0.0,0.0,5,22,0.0,0.0,1,26,4.0277,11.5416,22,0,1.2541,0.5,3,0,g9_22,0.2626,0.0,4,0,g9_22,0.0,0.0,1.0,0.0,1,3,0.0,0.0,1,26,0.9902,0.5,9,0,0.0,0.0,1,26,0.0,0.0,1,26,0.0,0.0,1,26,0.0,0.0,1,26,0.0,0.0,1,26,0.0,0.0,1,26,0.0,0.0,1,26,0.0,0.0,5,22,0.0,0.0,1,26,4.0277,11.5416,22,0,1.9902,0.5,3,0,tesla_modal,0.9951,0.0,3,0,tesla_modal,0.0,0.0
08PY88PQV2YV,1791,89.6,1,tesla,tesla,building,9.0,21.0,mother_witch,8.32,mother_witch,1,0.0,0.0,26,0.1359,0.0,2,1,0.0,0.0,1,26,1.0,0.5,1,8,0.0,0.0,1,26,0.0,0.0,1,26,0.0,0.0,1,26,0.0,0.0,1,26,0.0667,0.0667,1,26,0.0,0.0,1,26,0.0,0.0,1,26,0.0,0.0,5,22,0.0,0.0,1,26,4.7718,11.3268,20,1,1.2026,0.5667,2,1,g9_22,0.1359,0.0,2,1,g9_22,0.0667,0.0667,1.0,0.0,1,4,0.0,0.0,1,26,1.0,0.5,1,8,0.0,0.0,1,26,0.0,0.0,1,26,0.0,0.0,1,26,0.0,0.0,1,26,0.0667,0.0667,1,26,0.0,0.0,1,26,0.0,0.0,1,26,0.0,0.0,7,20,0.0,0.0,1,26,4.7718,11.3268,20,1,2.0667,0.5667,1,2,tesla_modal,1.0,0.0,1,2,tesla_modal,0.0667,0.0667
08PY88PQV2YV,2531,126.6,1,x-bow,x_bow,building,7.5,22.5,giant_skeleton,16.39,giant_skeleton,1,0.0,0.0,26,0.0,0.0,10,17,-0.0,-0.0,1,20,1.0,0.5,1,8,0.0,0.0,1,26,0.0,0.0,1,26,0.0,0.0,1,26,0.0,0.0,1,26,0.0,0.0,1,26,0.0,1.0,9,18,0.0,0.0,1,26,0.0,0.0,1,26,-0.0,-0.0,1,26,6.4,12.4,11,0,1.0,1.5,10,5,g9_18,0.0,1.0,12,12,corner,0.0,0.0,0.0,0.0,7,20,-0.0,-0.0,1,19,1.0,0.5,1,8,0.0,0.0,1,26,0.0,0.0,1,26,0.0,0.0,1,26,0.0,0.0,1,26,0.0,0.0,1,26,0.0,1.0,9,18,0.0,0.0,1,26,0.0,0.0,1,26,-0.0,-0.0,1,26,6.4,12.4,11,0,1.0,1.5,10,5,g9_18,0.0,1.0,12,12,corner,0.0,0.0
08PY88PQV2YV,2721,136.1,1,tesla,tesla,building,10.0,22.0,giant_skeleton,7.11,giant_skeleton,6,0.0,0.0,26,1.0,0.0,1,5,-0.0,-0.0,1,23,1.0,0.5,1,8,0.0,0.0,1,26,0.0,0.0,1,26,0.0,0.0,1,26,0.0,0.0,1,26,0.5424,0.5424,1,26,0.0,0.0,1,26,0.0,0.0,1,26,0.0,0.0,7,20,-0.0,-0.0,1,26,3.2783,11.116,22,0,2.5424,1.0424,1,2,tesla_modal,1.0,0.0,1,2,tesla_modal,0.5424,0.5424,1.0,0.0,1,5,-0.0,-0.0,1,23,1.0,0.5,1,8,0.0,0.0,1,26,0.0,0.0,1,26,0.0,0.0,1,26,0.0,0.0,1,26,0.5424,0.5424,1,26,0.0,0.0,1,26,0.0,0.0,1,26,0.0,0.0,7,20,-0.0,-0.0,1,26,3.2783,11.116,22,0,2.5424,1.0424,1,2,tesla_modal,1.0,0.0,1,2,tesla_modal,0.5424,0.5424
08PY88PQV2YV,3117,155.9,1,x-bow,x_bow,building,7.5,22.5,zappies,9.78,zappies,3,0.0,0.0,26,0.0,0.0,4,23,0.0,0.0,1,26,1.0,0.5,1,8,0.0,0.0,1,26,0.0,0.0,1,26,0.0,0.0,1,26,0.0,0.0,1,26,0.8289,0.8289,1,26,0.0,1.0,9,18,0.0,0.0,1,26,0.0,0.0,4,23,0.0,0.0,1,26,6.4,11.5385,11,0,1.8289,2.3289,11,6,g9_18,0.0,1.0,11,16,corner,0.8289,0.8289,0.0,0.0,5,22,0.0,0.0,1,26,1.0,0.5,1,8,0.0,0.0,1,26,0.0,0.0,1,26,0.0,0.0,1,26,0.0,0.0,1,26,0.8289,0.8289,1,26,0.0,1.0,9,18,0.0,0.0,1,26,0.0,0.0,5,22,0.0,0.0,1,26,6.4,11.5385,11,0,1.8289,2.3289,12,5,g9_18,0.0,1.0,12,15,corner,0.8289,0.8289
08PY88PQV2YV,3261,163.1,1,tesla,tesla,building,10.0,22.0,royal_ghost,4.43,royal_ghost,7,0.0,0.0,26,0.0,0.0,2,25,-0.0,-0.0,1,24,1.0,0.5,1,8,0.0,0.0,1,26,0.0,0.0,1,26,0.0,0.0,1,26,0.0,0.0,1,26,1.0,1.0,1,26,0.0,0.0,1,26,0.0,0.0,1,26,0.0,0.0,2,25,-0.0,-0.0,1,25,4.5308,13.678,19,0,2.0,1.5,1,8,centre,0.0,0.0,1,24,corner,1.0,1.0,0.0,0.0,1,26,0.0,0.0,1,26,1.0,0.5,1,8,0.0,0.0,1,26,0.0,0.0,1,26,0.0,0.0,1,26,0.0,0.0,1,26,1.0,1.0,1,26,0.0,0.0,1,26,0.0,0.0,1,26,0.0,0.0,1,26,0.0,0.0,1,26,4.5308,13.678,19,0,2.0,1.5,1,8,centre,0.0,0.0,1,26,corner,1.0,1.0
08PY88PQV2YV,3886,194.3,1,tesla,tesla,building,10.0,18.0,giant_skeleton,6.6,giant_skeleton,6,0.0,0.0,26,0.0,0.4152,7,20,-0.0,-0.6498,1,20,0.443,0.5,27,0,0.0,0.0,1,26,0.0,0.0,1,26,0.0,0.0,1,26,0.0,0.0,1,26,1.0,1.0,1,26,0.0,0.0,1,26,0.0,0.0,1,26,0.0,1.0,7,20,-0.0,-0.0,1,23,6.8558,0.6303,15,0,1.443,1.2654,22,0,centre,0.0,0.0114,3,20,lane,1.0,1.0,0.0,0.2318,6,21,-0.0,-0.7091,1,20,0.443,0.5,27,0,0.0,0.0,1,26,0.0,0.0,1,26,0.0,0.0,1,26,0.0,0.0,1,26,1.0,1.0,1,26,0.0,0.0,1,26,0.0,0.0,1,26,0.0,1.0,7,20,-0.0,-0.0,1,23,6.8558,0.6303,15,0,1.443,1.0228,21,0,centre,0.0,-0.1261,2,20,lane,1.0,1.0
08PY88PQV2YV,4171,208.6,1,x-bow,x_bow,building,10.5,22.5,royal_ghost,4.89,royal_ghost,2,0.0,0.0,26,0.0,0.0,3,24,-0.0,-0.0,1,20,1.0,0.5,1,8,0.0,0.0,1,26,0.0,0.0,1,26,0.0,0.0,1,26,0.0,0.0,1,26,0.0,0.0,1,26,0.0,1.0,9,18,0.0,0.0,1,26,0.0,0.0,3,24,-0.0,-0.0,1,24,2.4565,4.3627,21,0,1.0,1.5,9,4,g9_18,0.0,1.0,10,12,corner,0.0,0.0,0.0,0.0,1,26,0.0,0.0,1,26,1.0,0.5,1,8,0.0,0.0,1,26,0.0,0.0,1,26,0.0,0.0,1,26,0.0,0.0,1,26,0.0,0.0,1,26,0.0,1.0,9,18,0.0,0.0,1,26,0.0,0.0,1,26,0.0,0.0,1,26,2.4565,4.3627,21,0,1.0,1.5,9,8,g9_18,0.0,1.0,9,18,corner,0.0,0.0
08PY88PQV2YV,4445,222.3,1,tesla,tesla,building,8.0,21.0,royal_ghost,5.08,royal_ghost,6,0.0,0.0,26,0.0,1.0,5,22,-0.0,-0.0,1,23,1.0,0.5,1,8,0.0,0.0,1,26,0.0,0.0,1,26,0.0,0.0,1,26,0.0,0.0,1,26,1.0,1.0,1,26,0.0,0.0,1,26,0.0,0.0,1,26,0.0,1.0,5,22,-0.0,-0.0,1,23,5.1766,2.6084,20,0,2.0,2.5,4,8,corner,0.0,0.75,4,22,corner,1.0,1.0,0.0,0.0,1,26,0.0,0.0,1,26,1.0,0.5,1,8,0.0,0.0,1,26,0.0,0.0,1,26,0.0,0.0,1,26,0.0,0.0,1,26,1.0,1.0,1,26,0.0,0.0,1,26,0.0,0.0,1,26,0.0,0.0,1,26,0.0,0.0,1,26,5.1766,2.6084,20,0,2.0,1.5,1,8,centre,0.0,0.0,1,26,corner,1.0,1.0
08PY88PR0LJY,957,47.9,1,x-bow,x_bow,building,15.5,19.5,knight,12.18,knight,2,0.0,0.0,26,0.0,1.0,10,17,-0.0,-0.0,1,25,0.5,0.5,11,16,0.0,0.0,1,26,0.0,0.0,1,26,0.0,0.0,1,26,0.0,0.0,1,26,0.0,0.0,1,26,0.9616,1.0,9,0,0.0,0.0,1,26,0.0,0.5828,5,22,-0.0,-0.0,1,26,11.2228,3.1701,10,0,1.4616,2.5,11,0,g9_18,0.9616,1.0,8,0,corner,0.0,0.0,0.0,1.0,10,17,-0.0,-0.0,1,25,0.5,0.5,11,16,0.0,0.0,1,26,0.0,0.0,1,26,0.0,0.0,1,26,0.0,0.0,1,26,0.0,0.0,1,26,0.9616,1.0,9,0,0.0,0.0,1,26,0.0,0.5203,5,22,-0.0,-0.0,1,26,11.2228,3.1701,10,0,1.4616,2.5,11,0,g9_18,0.9616,1.0,8,0,corner,0.0,0.0
08PY88PR0LJY,1008,50.4,1,tesla,tesla,building,13.0,18.0,knight,9.09,knight,2,0.0,0.0,26,0.0,1.0,9,18,-0.0,-0.0,1,26,0.5,0.5,9,17,0.0,0.0,1,26,0.0,0.0,1,26,0.0,0.0,1,26,0.0,0.0,1,26,1.0,1.0,1,26,0.0,0.0,1,26,0.0,0.0,1,26,0.0,0.7727,6,21,-0.0,-0.0,1,26,8.5648,3.8597,18,0,1.5,2.5,16,11,corner,0.0,0.75,9,18,corner,1.0,1.0,0.0,1.0,9,18,-0.0,-0.0,1,26,0.5,0.5,9,17,0.0,0.0,1,26,0.0,0.0,1,26,0.0,0.0,1,26,0.0,0.0,1,26,1.0,1.0,1,26,0.0,0.0,1,26,0.0,0.0,1,26,0.0,0.7102,6,21,-0.0,-0.0,1,26,8.5648,3.8597,18,0,1.5,2.5,16,11,corner,0.0,0.75,9,18,corner,1.0,1.0
08PY88PR0LJY,1012,50.6,0,tesla,tesla,building,2.0,18.0,knight,11.19,knight,2,0.0,0.0,26,0.0,0.0,10,17,-0.0,-0.0,1,23,0.5,0.5,9,17,0.0,0.0,1,26,0.0,0.0,1,26,0.0,0.0,1,26,0.0,0.0,1,26,1.0,1.0,1,26,0.0,0.0,1,26,0.0,0.0,1,26,0.0,0.0,10,17,-0.0,-0.0,1,24,10.7368,11.2038,8,0,1.5,1.5,13,12,tesla_modal,0.0,0.0,10,17,tesla_modal,1.0,1.0,0.0,0.0,10,17,-0.0,-0.0,1,23,0.5,0.5,9,17,0.0,0.0,1,26,0.0,0.0,1,26,0.0,0.0,1,26,0.0,0.0,1,26,1.0,1.0,1,26,0.0,0.0,1,26,0.0,0.0,1,26,0.0,0.0,10,17,-0.0,-0.0,1,24,10.7368,11.2038,8,0,1.5,1.5,13,12,tesla_modal,0.0,0.0,10,17,tesla_modal,1.0,1.0
08PY88PR0LJY,2235,111.8,1,x-bow,x_bow,building,2.5,19.5,,0.0,,0,0.0,0.0,26,0.0,0.0,1,26,0.0,0.0,1,26,0.5,0.5,11,16,0.0,0.0,1,26,0.0,0.0,1,26,0.0,0.0,1,26,0.0,0.0,1,26,0.0,0.0,1,26,0.9616,1.0,9,0,0.0,0.0,1,26,0.0,0.0,1,26,0.0,0.0,1,26,0.0,0.0,1,26,1.4616,1.5,9,0,g9_18,0.9616,1.0,9,0,corner,0.0,0.0,0.0,0.0,1,26,0.0,0.0,1,26,0.5,0.5,11,16,0.0,0.0,1,26,0.0,0.0,1,26,0.0,0.0,1,26,0.0,0.0,1,26,0.0,0.0,1,26,0.9616,1.0,9,0,0.0,0.0,1,26,0.0,0.0,1,26,0.0,0.0,1,26,0.0,0.0,1,26,1.4616,1.5,9,0,g9_18,0.9616,1.0,9,0,corner,0.0,0.0
08PY88PR0LJY,2721,136.1,1,tesla,tesla,building,5.0,18.0,goblin_demolisher,2.16,goblin_demolisher,1,0.0,0.0,26,1.0,0.8699,1,1,-0.0,-0.1735,1,20,0.5,0.5,9,17,0.0,0.0,1,26,0.0,0.0,1,26,0.0,0.0,1,26,0.0,0.0,1,26,1.0,1.0,1,26,0.0,0.0,1,26,0.0,0.0,1,26,1.0,0.8699,1,2,-0.0,-0.1735,1,22,2.1576,1.2397,20,0,2.5,2.1963,1,1,tesla_true,0.75,0.4789,1,1,tesla_true,1.0,1.0,0.0,0.0,1,26,0.0,0.0,1,26,0.5,0.5,9,17,0.0,0.0,1,26,0.0,0.0,1,26,0.0,0.0,1,26,0.0,0.0,1,26,1.0,1.0,1,26,0.0,0.0,1,26,0.0,0.0,1,26,0.0,0.0,1,26,0.0,0.0,1,26,2.1576,1.2397,20,0,1.5,1.5,9,17,centre,0.0,0.0,1,26,corner,1.0,1.0
08PY88PR0LJY,2731,136.6,0,tesla,tesla,building,12.0,18.0,knight,3.13,knight,2,0.0,0.0,26,1.0,0.0,1,3,-0.0,-0.0,1,23,0.5,0.5,9,17,0.0,0.0,1,26,0.0,0.0,1,26,0.0,0.0,1,26,0.0,0.0,1,26,0.3442,0.3442,1,26,0.0,0.0,1,26,0.0,0.0,1,26,1.0,0.0,1,2,-0.0,-0.0,1,23,2.7016,12.7382,24,0,1.8442,0.8442,1,2,lane_R,0.75,0.0,1,2,lane_R,0.3442,0.3442,1.0,0.0,1,3,-0.0,-0.0,1,23,0.5,0.5,9,17,0.0,0.0,1,26,0.0,0.0,1,26,0.0,0.0,1,26,0.0,0.0,1,26,0.3442,0.3442,1,26,0.0,0.0,1,26,0.0,0.0,1,26,1.0,0.0,1,2,-0.0,-0.0,1,23,2.7016,12.7382,24,0,1.8442,0.8442,1,2,lane_R,0.75,0.0,1,2,lane_R,0.3442,0.3442
08PY88PR0LJY,2781,139.1,1,x-bow,x_bow,building,2.5,19.5,,0.0,,0,0.0,0.0,26,0.0,0.0,1,26,0.0,0.0,1,26,0.5,0.5,11,16,0.0,0.0,1,26,0.0,0.0,1,26,0.0,0.0,1,26,0.0,0.0,1,26,0.0,0.0,1,26,0.9616,0.8062,5,0,0.0,0.0,1,26,0.0,0.0,1,26,0.0,0.0,1,26,0.0,0.0,1,26,1.4616,1.3062,5,0,bow_modal_L,0.9616,0.8062,5,0,bow_modal_L,0.0,0.0,0.0,0.0,1,26,0.0,0.0,1,26,0.5,0.5,11,16,0.0,0.0,1,26,0.0,0.0,1,26,0.0,0.0,1,26,0.0,0.0,1,26,0.0,0.0,1,26,0.9616,1.0,9,0,0.0,0.0,1,26,0.0,0.0,1,26,0.0,0.0,1,26,0.0,0.0,1,26,1.4616,1.5,9,0,g9_18,0.9616,1.0,9,0,corner,0.0,0.0
08PY88PR0LJY,2996,149.8,0,tesla,tesla,building,13.0,18.0,ice_wizard,9.82,ice_wizard,1,0.0,0.0,26,0.0,0.0,1,26,0.0,0.0,1,26,0.5,0.5,9,17,0.0,0.0,1,26,0.0,0.0,1,26,0.0,0.0,1,26,0.0,0.0,1,26,1.0,1.0,1,26,0.0,0.0,1,26,0.0,0.0,1,26,0.0,0.0,2,25,0.0,0.0,1,26,7.7813,0.8768,12,0,1.5,1.5,9,17,centre,0.0,0.0,1,26,corner,1.0,1.0,0.0,0.0,2,25,0.0,0.0,1,26,0.5,0.5,9,17,0.0,0.0,1,26,0.0,0.0,1,26,0.0,0.0,1,26,0.0,0.0,1,26,1.0,1.0,1,26,0.0,0.0,1,26,0.0,0.0,1,26,0.0,0.0,3,24,0.0,0.0,1,26,7.7813,0.8768,12,0,1.5,1.5,10,17,g9_18,0.0,0.0,2,25,g9_18,1.0,1.0
08PY88PR0LJY,3447,172.4,1,x-bow,x_bow,building,2.5,19.5,,0.0,,0,0.0,0.0,26,0.0,0.0,1,26,0.0,0.0,1,26,0.5,0.5,11,16,0.0,0.0,1,26,0.0,0.0,1,26,0.0,0.0,1,26,0.0,0.0,1,26,0.0,0.0,1,26,0.9616,1.0,9,0,0.0,0.0,1,26,0.0,0.0,1,26,0.0,0.0,1,26,0.0,0.0,1,26,1.4616,1.5,9,0,g9_18,0.9616,1.0,9,0,corner,0.0,0.0,0.0,0.0,1,26,0.0,0.0,1,26,0.5,0.5,11,16,0.0,0.0,1,26,0.0,0.0,1,26,0.0,0.0,1,26,0.0,0.0,1,26,0.0,0.0,1,26,0.9616,1.0,9,0,0.0,0.0,1,26,0.0,0.0,1,26,0.0,0.0,1,26,0.0,0.0,1,26,1.4616,1.5,9,0,g9_18,0.9616,1.0,9,0,corner,0.0,0.0
08PY88PR0LJY,3643,182.2,0,tesla,tesla,building,16.0,18.0,knight,0.59,knight,2,0.0,0.0,26,0.0,0.0,5,22,-1.0,-0.0,25,2,0.5,0.5,9,17,0.0,0.0,1,26,0.0,0.0,1,26,0.0,0.0,1,26,0.0,0.0,1,26,1.0,1.0,1,26,0.0,0.0,1,26,0.0,0.0,1,26,0.1968,0.0,6,0,-0.7302,-0.0,26,0,0.0,12.9508,25,2,0.5,1.5,25,2,lane_R,-0.3,0.0,25,2,lane_R,1.0,1.0,0.0,0.0,5,22,-1.0,-0.0,25,2,0.5,0.5,9,17,0.0,0.0,1,26,0.0,0.0,1,26,0.0,0.0,1,26,0.0,0.0,1,26,1.0,1.0,1,26,0.0,0.0,1,26,0.0,0.0,1,26,0.2135,0.0,6,0,-0.726,-0.0,26,0,0.0,12.9508,25,2,0.5,1.5,25,2,lane_R,-0.3,0.0,25,2,lane_R,1.0,1.0
08PY88PR0LJY,3796,189.8,1,tesla,tesla,building,5.0,18.0,goblin_demolisher,4.1,goblin_demolisher,2,0.0,0.0,26,0.0,0.0,5,22,0.0,0.0,1,26,0.5,0.5,9,17,0.0,0.0,1,26,0.0,0.0,1,26,0.0,0.0,1,26,0.0,0.0,1,26,0.0,0.0,1,26,0.0,0.0,1,26,0.0,0.0,1,26,0.6375,0.9883,4,0,0.0,0.0,1,26,0.7728,2.4529,27,0,0.5,0.5,11,16,tesla_modal,0.0,0.0,5,22,tesla_modal,0.0,0.0,0.0,0.0,5,22,0.0,0.0,1,26,0.5,0.5,9,17,0.0,0.0,1,26,0.0,0.0,1,26,0.0,0.0,1,26,0.0,0.0,1,26,0.0,0.0,1,26,0.0,0.0,1,26,0.0,0.0,1,26,0.9667,0.9596,2,0,0.0,0.0,1,26,0.7728,2.4529,27,0,0.5,0.5,11,16,tesla_modal,0.0,0.0,5,22,tesla_modal,0.0,0.0
08PY88PR0LJY,4081,204.1,1,x-bow,x_bow,building,2.5,19.5,goblin_demolisher,1.96,goblin_demolisher,4,0.0,0.0,26,1.0,0.0,1,0,-0.0,-0.0,1,23,0.5,0.5,11,16,0.0,0.0,1,26,0.0,0.0,1,26,0.0,0.0,1,26,0.0,0.0,1,26,0.0062,0.0062,1,26,0.9616,1.0,9,0,0.0,0.0,1,26,1.0,0.0,1,0,-0.0,-0.0,1,24,1.8574,3.259,24,0,2.4678,1.5062,1,0,g9_18,1.0,1.0,1,8,corner,0.0062,0.0062,0.0,0.0,1,26,0.0,0.0,1,26,0.5,0.5,11,16,0.0,0.0,1,26,0.0,0.0,1,26,0.0,0.0,1,26,0.0,0.0,1,26,0.0,0.0,1,26,0.9616,1.0,9,0,0.0,0.0,1,26,0.0,0.0,1,26,0.0,0.0,1,26,1.8574,3.259,24,0,1.4616,1.5,9,0,g9_18,0.9616,1.0,9,0,corner,0.0,0.0
08PY88PR0LJY,4327,216.4,1,tesla,tesla,building,5.0,18.0,goblin_demolisher,6.65,goblin_demolisher,8,0.0,0.0,26,0.0,0.0,5,22,0.0,0.0,1,26,0.5,0.5,9,17,0.0,0.0,1,26,0.0,0.0,1,26,0.0,0.0,1,26,0.0,0.0,1,26,0.0,0.0,1,26,0.0,0.0,1,26,0.0,0.0,1,26,0.4138,0.0631,2,0,0.0,0.0,1,26,1.3601,2.0612,26,0,0.5,0.5,11,16,tesla_modal,0.0,0.0,5,22,tesla_modal,0.0,0.0,0.0,0.0,5,22,0.0,0.0,1,26,0.5,0.5,9,17,0.0,0.0,1,26,0.0,0.0,1,26,0.0,0.0,1,26,0.0,0.0,1,26,0.0,0.0,1,26,0.0,0.0,1,26,0.0,0.0,1,26,0.6118,0.261,2,0,0.0,0.0,1,26,1.3601,2.0612,26,0,0.5,0.5,11,16,tesla_modal,0.0,0.0,5,22,tesla_modal,0.0,0.0
08PY88PR0LJY,4495,224.8,1,x-bow,x_bow,building,8.5,18.5,knight,5.64,knight,2,0.0,0.0,26,1.0,1.0,1,6,-0.0,-0.0,1,24,0.7927,0.5,9,0,0.0,0.0,1,26,0.0,0.0,1,26,0.0,0.0,1,26,0.0,0.0,1,26,0.6552,0.6552,1,26,1.0,1.0,1,8,0.0,0.0,1,26,0.0,0.6906,5,22,-0.0,-0.0,1,26,3.5231,2.4509,22,0,3.4479,3.1552,1,0,g9_18,1.0,1.0,1,7,corner,0.6552,0.6552,1.0,1.0,1,7,-0.0,-0.0,1,25,0.7927,0.5,9,0,0.0,0.0,1,26,0.0,0.0,1,26,0.0,0.0,1,26,0.0,0.0,1,26,0.6552,0.6552,1,26,1.0,1.0,1,8,0.0,0.0,1,26,0.0,0.6281,5,22,-0.0,-0.0,1,26,3.5231,2.4509,22,0,3.4479,3.1552,1,0,g9_18,1.0,1.0,1,8,corner,0.6552,0.6552
08PY88PR0LJY,4538,226.9,0,tesla,tesla,building,6.0,18.0,,0.0,,0,0.0,0.0,26,0.0,0.0,1,26,0.0,0.0,1,26,0.5,0.5,9,17,0.0,0.0,1,26,0.0,0.0,1,26,0.0,0.0,1,26,0.0,0.0,1,26,0.0,0.0,1,26,0.0,0.0,1,26,0.0,0.0,1,26,0.0,0.0,1,26,0.0,0.0,1,26,0.0,0.0,1,26,0.5,0.5,9,17,centre,0.0,0.0,1,26,corner,0.0,0.0,0.0,0.0,1,26,0.0,0.0,1,26,0.5,0.5,9,17,0.0,0.0,1,26,0.0,0.0,1,26,0.0,0.0,1,26,0.0,0.0,1,26,0.0,0.0,1,26,0.0,0.0,1,26,0.0,0.0,1,26,0.0,0.0,1,26,0.0,0.0,1,26,0.0,0.0,1,26,0.5,0.5,9,17,centre,0.0,0.0,1,26,corner,0.0,0.0
08PY88PR0LJY,4865,243.3,1,tesla,tesla,building,6.0,18.0,goblin_demolisher,7.17,goblin_demolisher,2,0.0,0.0,26,0.0,0.0,4,23,0.0,0.0,1,26,0.5,0.5,9,17,0.0,0.0,1,26,0.0,0.0,1,26,0.0,0.0,1,26,0.0,0.0,1,26,1.0,1.0,1,26,0.0,0.0,1,26,0.0,0.0,1,26,0.0,0.0,6,21,0.0,0.0,1,26,7.1682,11.6958,10,0,1.5,1.5,10,17,g9_22,0.0,0.0,4,23,g9_22,1.0,1.0,0.0,0.0,4,23,0.0,0.0,1,26,0.5,0.5,9,17,0.0,0.0,1,26,0.0,0.0,1,26,0.0,0.0,1,26,0.0,0.0,1,26,1.0,1.0,1,26,0.0,0.0,1,26,0.0,0.0,1,26,0.0,0.0,6,21,0.0,0.0,1,26,7.1682,11.6958,10,0,1.5,1.5,10,17,g9_22,0.0,0.0,4,23,g9_22,1.0,1.0
08PY88PR0LJY,4952,247.6,1,x-bow,x_bow,building,3.5,19.5,goblin_demolisher,11.06,goblin_demolisher,2,0.0,0.0,26,0.0,0.0,2,25,-0.0,-0.0,1,24,0.5,0.5,11,16,0.0,0.0,1,26,0.0,0.0,1,26,0.0,0.0,1,26,0.0,0.0,1,26,0.0,0.0,1,26,1.0,1.0,1,8,0.0,0.0,1,26,0.0,0.0,2,25,-0.0,-0.0,1,25,10.9555,13.1581,7,0,1.5,1.5,2,7,g9_18,1.0,1.0,1,8,corner,0.0,0.0,0.0,0.0,1,26,0.0,0.0,1,26,0.5,0.5,11,16,0.0,0.0,1,26,0.0,0.0,1,26,0.0,0.0,1,26,0.0,0.0,1,26,0.0,0.0,1,26,1.0,1.0,1,8,0.0,0.0,1,26,0.0,0.0,1,26,0.0,0.0,1,26,10.9555,13.1581,7,0,1.5,1.5,2,7,g9_18,1.0,1.0,1,8,corner,0.0,0.0
08PY88PR0LJY,5124,256.2,0,tesla,tesla,building,16.0,18.0,knight,17.21,knight,1,0.0,0.0,26,0.0,0.0,1,26,-0.0,-0.0,1,26,0.5,0.5,9,17,0.0,0.0,1,26,0.0,0.0,1,26,0.0,0.0,1,26,0.0,0.0,1,26,1.0,1.0,1,26,0.0,0.0,1,26,0.0,0.0,1,26,0.0,0.0,1,26,-0.0,-0.0,1,26,14.9972,9.1688,14,0,1.5,1.5,9,17,centre,0.0,0.0,1,26,corner,1.0,1.0,0.0,0.0,1,26,-0.0,-0.0,1,26,0.5,0.5,9,17,0.0,0.0,1,26,0.0,0.0,1,26,0.0,0.0,1,26,0.0,0.0,1,26,1.0,1.0,1,26,0.0,0.0,1,26,0.0,0.0,1,26,0.0,0.0,1,26,-0.0,-0.0,1,26,14.9972,9.1688,14,0,1.5,1.5,9,17,centre,0.0,0.0,1,26,corner,1.0,1.0
08PY88PR0LJY,5186,259.3,1,tesla,tesla,building,6.0,18.0,goblin_demolisher,4.13,goblin_demolisher,1,0.0,0.0,26,0.0,0.0,4,23,0.0,0.0,1,26,0.5,0.5,9,17,0.0,0.0,1,26,0.0,0.0,1,26,0.0,0.0,1,26,0.0,0.0,1,26,0.0,0.0,1,26,0.0,0.0,1,26,0.0,0.0,1,26,0.6968,0.6968,2,1,0.0,0.0,1,26,2.0,1.5,20,0,0.5,0.5,10,17,tesla_modal,0.0,0.0,4,23,tesla_modal,0.0,0.0,0.0,0.0,4,23,0.0,0.0,1,26,0.5,0.5,9,17,0.0,0.0,1,26,0.0,0.0,1,26,0.0,0.0,1,26,0.0,0.0,1,26,0.0,0.0,1,26,0.0,0.0,1,26,0.0,0.0,1,26,0.8947,0.8947,2,1,0.0,0.0,1,26,2.0,1.5,20,0,0.5,0.5,10,17,tesla_modal,0.0,0.0,4,23,tesla_modal,0.0,0.0
08PY88PR0LJY,5346,267.3,1,x-bow,x_bow,building,3.5,19.5,,0.0,,3,0.0,0.0,26,0.0,0.0,1,26,0.0,0.0,1,26,0.5,0.5,11,16,0.0,0.0,1,26,0.0,0.0,1,26,0.0,0.0,1,26,0.0,0.0,1,26,0.0,0.0,1,26,0.6491,0.0,5,0,0.0,0.0,1,26,0.0,0.0,1,26,0.0,0.0,1,26,0.0,0.0,1,26,1.1491,0.5,5,0,g9_18,0.6491,0.0,5,0,bow_modal_R,0.0,0.0,0.0,0.0,1,26,0.0,0.0,1,26,0.5,0.5,11,16,0.0,0.0,1,26,0.0,0.0,1,26,0.0,0.0,1,26,0.0,0.0,1,26,0.0,0.0,1,26,1.0,1.0,1,8,0.0,0.0,1,26,0.0,0.0,1,26,0.0,0.0,1,26,0.0,0.0,1,26,1.5,1.5,2,7,g9_18,1.0,1.0,1,8,corner,0.0,0.0
08PY88PR0LJY,5561,278.1,1,tesla,tesla,building,6.0,18.0,knight,2.16,knight,2,0.0,0.0,26,0.9,0.65,5,0,-0.0909,-0.3182,22,0,0.5,0.5,9,17,0.0,0.0,1,26,0.0,0.0,1,26,0.0,0.0,1,26,0.0,0.0,1,26,1.0,1.0,1,26,0.0,0.0,1,26,0.0,0.0,1,26,0.9785,0.8707,4,0,-0.0195,-0.1176,23,0,2.0,1.5,22,0,2.3091,1.8318,5,0,tesla_modal,0.5841,0.1875,5,0,tesla_modal,1.0,1.0,0.9167,0.6667,5,0,-0.0769,-0.3077,22,0,0.5,0.5,9,17,0.0,0.0,1,26,0.0,0.0,1,26,0.0,0.0,1,26,0.0,0.0,1,26,1.0,1.0,1,26,0.0,0.0,1,26,0.0,0.0,1,26,0.9952,0.8873,4,0,-0.0044,-0.104,23,0,2.0,1.5,22,0,2.3397,1.859,5,0,tesla_modal,0.6106,0.2,5,0,tesla_modal,1.0,1.0
08PY88PR0LJY,5688,284.4,1,x-bow,x_bow,building,3.5,19.5,,0.0,,4,0.0,0.0,26,0.0,0.0,1,26,0.0,0.0,1,26,0.5,0.5,11,16,0.0,0.0,1,26,0.0,0.0,1,26,0.0,0.0,1,26,0.0,0.0,1,26,0.0,0.0,1,26,1.0,1.0,1,8,0.0,0.0,1,26,0.0,0.0,1,26,0.0,0.0,1,26,0.0,0.0,1,26,1.5,1.5,2,7,g9_18,1.0,1.0,1,8,corner,0.0,0.0,0.0,0.0,1,26,0.0,0.0,1,26,0.5,0.5,11,16,0.0,0.0,1,26,0.0,0.0,1,26,0.0,0.0,1,26,0.0,0.0,1,26,0.0,0.0,1,26,1.0,1.0,1,8,0.0,0.0,1,26,0.0,0.0,1,26,0.0,0.0,1,26,0.0,0.0,1,26,1.5,1.5,2,7,g9_18,1.0,1.0,1,8,corner,0.0,0.0
08PY88PRLJCQ,356,17.8,1,tesla,tesla,building,8.0,22.0,hog_rider,7.51,hog_rider,4,0.0,0.0,26,0.0,0.2078,8,19,-0.0,-0.8803,1,19,1.0,0.5,1,8,0.0,0.0,1,26,0.0,0.0,1,26,0.0,0.0,1,26,0.0,0.0,1,26,1.0,1.0,1,26,0.0,0.0,1,26,0.0,0.0,1,26,0.0,0.7886,8,19,-0.0,-0.2349,1,23,4.5535,0.2155,19,0,2.0,0.8275,3,8,g9_18,0.0,-0.1442,3,18,g9_18,1.0,1.0,0.0,0.0,3,24,0.0,0.0,1,26,1.0,0.5,1,8,0.0,0.0,1,26,0.0,0.0,1,26,0.0,0.0,1,26,0.0,0.0,1,26,1.0,1.0,1,26,0.0,0.0,1,26,0.0,0.0,1,26,0.0,0.0104,6,21,0.0,0.0,1,26,4.5535,0.2155,19,0,2.0,1.5,2,8,g9_18,0.0,0.0,3,24,g9_18,1.0,1.0
08PY88PRLJCQ,1082,54.1,1,tesla,tesla,building,9.0,23.0,lumberjack,8.56,lumberjack,7,0.0,0.0,26,0.0,1.0,10,17,-0.0,-0.0,1,25,1.0,0.5,1,8,0.0,0.0,1,26,0.0,0.0,1,26,0.0,0.0,1,26,0.0,0.0,1,26,0.8937,0.8937,1,26,0.0,0.0,1,26,0.0,0.0,1,26,0.0,1.0,8,19,-0.0,-0.0,1,26,7.0802,2.6962,18,0,1.8937,2.3937,10,6,tesla_modal,0.0,0.75,10,17,tesla_modal,0.8937,0.8937,0.0,0.5748,9,18,0.0,0.0,1,26,1.0,0.5,1,8,0.0,0.0,1,26,0.0,0.0,1,26,0.0,0.0,1,26,0.0,0.0,1,26,0.8937,0.8937,1,26,0.0,0.0,1,26,0.0,0.0,1,26,0.0,1.0,8,19,0.0,0.0,1,26,7.0802,2.6962,18,0,1.8937,1.9685,8,6,tesla_modal,0.0,0.4311,9,18,tesla_modal,0.8937,0.8937
08PY88PRLJCQ,1712,85.6,1,tesla,tesla,building,8.0,18.0,hog_rider,6.65,hog_rider,3,0.0,0.0,26,0.0,0.0,1,26,-0.0,-0.0,1,24,0.443,0.5,27,0,0.0,0.0,1,26,0.0,0.0,1,26,0.0,0.0,1,26,0.0,0.0,1,26,1.0,1.0,1,26,0.0,0.0,1,26,0.0,0.0,1,26,0.0,0.0,1,26,-0.0,-0.0,1,25,6.7517,4.6148,13,0,1.443,1.5,25,0,centre,0.0,0.0,1,24,corner,1.0,1.0,0.0,0.0,1,26,0.0,0.0,1,26,0.443,0.5,27,0,0.0,0.0,1,26,0.0,0.0,1,26,0.0,0.0,1,26,0.0,0.0,1,26,1.0,1.0,1,26,0.0,0.0,1,26,0.0,0.0,1,26,0.0,0.0,1,26,0.0,0.0,1,26,6.7517,4.6148,13,0,1.443,1.5,27,0,centre,0.0,0.0,1,26,corner,1.0,1.0
08PY88PRLJCQ,1914,95.7,1,x-bow,x_bow,building,4.5,19.5,balloon,0.61,balloon,1,0.0,0.0,26,0.6976,1.0,10,0,-0.5497,-0.0,25,0,0.5,0.5,11,16,0.0,0.0,1,26,0.0,0.0,1,26,0.0,0.0,1,26,0.0,0.0,1,26,1.0,1.0,1,26,0.9616,1.0,9,0,0.0,0.0,1,26,0.707,1.0,11,0,-0.5327,-0.0,27,0,0.4953,3.6566,25,0,2.6095,3.5,9,0,g9_18,0.7,1.0,12,0,corner,1.0,1.0,0.0,1.0,9,18,0.0,0.0,1,26,0.5,0.5,11,16,0.0,0.0,1,26,0.0,0.0,1,26,0.0,0.0,1,26,0.0,0.0,1,26,0.887,0.887,1,26,0.9616,1.0,9,0,0.0,0.0,1,26,0.0,1.0,10,17,0.0,0.0,1,26,0.4953,3.6566,25,0,2.3486,3.387,12,0,corner,0.9616,1.0,11,0,corner,0.887,0.887
08PY88PRLJCQ,2601,130.1,1,tesla,tesla,building,9.0,21.0,hog_rider,8.04,hog_rider,1,0.0,0.0,26,1.0,1.0,1,12,-0.0,-0.0,1,20,0.5,0.0,1,17,0.0,0.0,1,26,0.0,0.0,1,26,0.0,0.0,1,26,0.0,0.0,1,26,0.8731,0.8731,1,26,0.0,0.0,1,26,0.0,0.0,1,26,1.0,1.0,1,9,-0.0,-0.0,1,26,2.6171,2.316,14,1,2.3731,1.8731,1,6,tesla_modal,0.75,0.5,1,6,tesla_modal,0.8731,0.8731,0.6303,0.4798,5,1,0.0,0.0,1,26,0.5,0.0,1,17,0.0,0.0,1,26,0.0,0.0,1,26,0.0,0.0,1,26,0.0,0.0,1,26,0.8731,0.8731,1,26,0.0,0.0,1,26,0.0,0.0,1,26,0.4334,1.0,8,1,0.0,0.0,1,26,2.6171,2.316,14,1,2.0034,1.3528,4,1,knight_cell,0.4728,0.2399,5,1,knight_cell,0.8731,0.8731
08PY88PRLJCQ,3082,154.1,1,tesla,tesla,building,9.0,21.0,balloon,2.54,balloon,10,0.0,0.0,26,1.0,0.0,1,5,-0.0,-0.0,1,23,0.5,0.0,1,17,0.0,0.0,1,26,0.0,0.0,1,26,0.0,0.0,1,26,0.0,0.0,1,26,1.0,1.0,1,26,0.0,0.0,1,26,0.0,0.0,1,26,1.0,0.0,1,6,-0.0,-0.0,1,25,2.539,6.9143,20,1,2.5,1.0,1,3,tesla_modal,0.75,0.0,1,3,tesla_modal,1.0,1.0,0.5913,0.0,3,1,0.0,0.0,1,26,0.5,0.0,1,17,0.0,0.0,1,26,0.0,0.0,1,26,0.0,0.0,1,26,0.0,0.0,1,26,1.0,1.0,1,26,0.0,0.0,1,26,0.0,0.0,1,26,0.5913,0.0,4,1,0.0,0.0,1,26,2.539,6.9143,20,1,2.0913,1.0,1,1,tesla_modal,0.4435,0.0,3,1,lane,1.0,1.0
08PY88PRRPY2,487,24.4,1,tesla,tesla,building,7.0,18.0,baby_dragon,3.53,baby_dragon,1,0.0,0.0,26,0.087,0.0,2,0,0.0,0.0,1,26,0.5,0.5,9,17,0.0,0.0,1,26,0.0,0.0,1,26,0.0,0.0,1,26,0.0,0.0,1,26,1.0,1.0,1,26,0.0,0.0,1,26,0.0,0.0,1,26,0.5174,0.0,2,0,0.0,0.0,1,26,2.674,0.9992,21,0,1.587,1.5,10,0,g9_18,0.0653,0.0,2,0,g9_18,1.0,1.0,0.3745,0.0,2,0,0.0,0.0,1,26,0.5,0.5,9,17,0.0,0.0,1,26,0.0,0.0,1,26,0.0,0.0,1,26,0.0,0.0,1,26,1.0,1.0,1,26,0.0,0.0,1,26,0.0,0.0,1,26,0.8049,0.0,2,0,0.0,0.0,1,26,2.674,0.9992,21,0,1.8745,1.5,10,0,g9_18,0.2809,0.0,2,0,g9_18,1.0,1.0
08PY88PRRPY2,1036,53.2,1,x-bow,x_bow,building,15.5,19.5,witch,13.24,witch,3,0.0,0.0,26,0.0,0.0,5,22,0.0,0.0,1,26,0.5,0.5,11,16,0.0,0.0,1,26,0.0,0.0,1,26,0.0,0.0,1,26,0.0,0.0,1,26,0.1692,0.1692,1,26,0.9616,1.0,9,0,0.0,0.0,1,26,0.0,0.3261,5,22,0.0,0.0,1,26,11.7223,2.0907,10,0,1.6308,1.6692,10,0,tesla_modal,0.9616,1.0,9,0,corner,0.1692,0.1692,0.0,0.0,5,22,0.0,0.0,1,26,0.5,0.5,11,16,0.0,0.0,1,26,0.0,0.0,1,26,0.0,0.0,1,26,0.0,0.0,1,26,0.1692,0.1692,1,26,0.9616,1.0,9,0,0.0,0.0,1,26,0.0,0.5241,5,22,0.0,0.0,1,26,11.7223,2.0907,10,0,1.6308,1.6692,10,0,g9_18,0.9616,1.0,9,0,corner,0.1692,0.1692
08PY88PUQVCU,229,11.5,1,x-bow,x_bow,building,15.5,19.5,bowler,19.1,bowler,1,0.0,0.0,26,0.0,0.0,4,23,0.0,0.0,1,26,0.5,0.5,11,16,0.0,0.0,1,26,0.0,0.0,1,26,0.0,0.0,1,26,0.0,0.0,1,26,0.0,0.0,1,26,0.9616,1.0,9,0,0.0,0.0,1,26,0.0,0.0,1,26,0.0,0.0,1,26,11.4,1.4,3,0,1.4616,1.5,11,0,g9_18,0.9616,1.0,9,0,corner,0.0,0.0,0.0,0.0,4,23,0.0,0.0,1,26,0.5,0.5,11,16,0.0,0.0,1,26,0.0,0.0,1,26,0.0,0.0,1,26,0.0,0.0,1,26,0.0,0.0,1,26,0.9616,1.0,9,0,0.0,0.0,1,26,0.0,0.0,1,26,0.0,0.0,1,26,11.4,1.4,3,0,1.4616,1.5,11,0,g9_18,0.9616,1.0,9,0,corner,0.0,0.0
08PY88PUQVCU,699,36.4,1,tesla,tesla,building,9.0,21.0,bowler,6.06,bowler,1,0.0,0.0,26,0.5946,0.0,2,1,0.0,0.0,1,26,1.0,0.5,1,8,0.0,0.0,1,26,0.0,0.0,1,26,0.0,0.0,1,26,0.0,0.0,1,26,1.0,1.0,1,26,0.0,0.0,1,26,0.0,0.0,1,26,0.5946,0.0646,3,1,0.0,0.0,1,26,6.3108,0.0311,19,1,2.5946,1.5,1,1,tesla_modal,0.5946,0.0,1,1,tesla_modal,1.0,1.0,0.7925,0.0,1,1,0.0,0.0,1,26,1.0,0.5,1,8,0.0,0.0,1,26,0.0,0.0,1,26,0.0,0.0,1,26,0.0,0.0,1,26,1.0,1.0,1,26,0.0,0.0,1,26,0.0,0.0,1,26,0.7925,0.0,2,1,0.0,0.0,1,26,6.3108,0.0311,19,1,2.7925,1.5,1,1,tesla_modal,0.7925,0.0,1,1,tesla_modal,1.0,1.0
08PY88PUQVCU,1774,88.7,1,x-bow,x_bow,building,8.5,22.5,bowler,6.22,bowler,5,0.0,0.0,26,0.0,0.0,8,19,0.0,0.0,1,26,0.5,0.0,1,17,0.0,0.0,1,26,0.0,0.0,1,26,0.0,0.0,1,26,0.0,0.0,1,26,0.0,0.0,1,26,0.0,1.0,9,18,0.0,0.0,1,26,0.563,0.0,3,0,0.0,0.0,1,26,2.276,1.7588,20,0,0.5,1.0,15,9,bow_modal_R,0.0,1.0,16,11,corner,0.0,0.0,0.0,0.0,6,21,0.0,0.0,1,26,0.5,0.0,1,17,0.0,0.0,1,26,0.0,0.0,1,26,0.0,0.0,1,26,0.0,0.0,1,26,0.0,0.0,1,26,0.0,1.0,9,18,0.0,0.0,1,26,0.7609,0.0,2,0,0.0,0.0,1,26,2.276,1.7588,20,0,0.5,1.0,14,10,bow_modal_R,0.0,1.0,14,13,corner,0.0,0.0
08PY88PUQVCU,2473,123.7,1,tesla,tesla,building,9.0,21.0,zappies,16.71,zappies,3,0.0,0.0,26,0.75,0.0,1,3,0.0,0.0,1,26,0.5,0.0,1,17,0.0,0.0,1,26,0.0,0.0,1,26,0.0,0.0,1,26,0.0,0.0,1,26,0.0,0.0,1,26,0.0,0.0,1,26,0.0,0.0,1,26,0.0,0.0,1,26,0.0,0.0,1,26,5.0,12.5,14,3,1.25,0.0,1,2,tesla_modal,0.5625,0.0,1,2,tesla_modal,0.0,0.0,1.0,0.0,1,3,0.0,0.0,1,26,0.5,0.0,1,17,0.0,0.0,1,26,0.0,0.0,1,26,0.0,0.0,1,26,0.0,0.0,1,26,0.0,0.0,1,26,0.0,0.0,1,26,0.0,0.0,1,26,0.0,0.0,1,26,0.0,0.0,1,26,5.0,12.5,14,3,1.5,0.0,1,2,tesla_modal,0.75,0.0,1,2,tesla_modal,0.0,0.0
08PY88PUQVCU,2808,140.4,1,x-bow,x_bow,building,9.5,21.5,zappies,4.47,zappies,8,0.0,0.0,26,0.0,0.0,1,26,0.0,0.0,1,26,0.5,0.0,1,17,0.0,0.0,1,26,0.0,0.0,1,26,0.0,0.0,1,26,0.0,0.0,1,26,0.0,0.0,1,26,0.0,1.0,9,18,0.0,0.0,1,26,0.4837,0.0,4,0,0.0,0.0,1,26,0.0735,8.3985,27,0,0.5,1.0,9,14,bow_modal_R,0.0,1.0,9,18,corner,0.0,0.0,0.0,0.0,5,22,0.0,0.0,1,26,0.5,0.0,1,17,0.0,0.0,1,26,0.0,0.0,1,26,0.0,0.0,1,26,0.0,0.0,1,26,0.2431,0.2431,1,26,0.0,1.0,9,18,0.0,0.0,1,26,1.0,0.0,1,4,0.0,0.0,1,26,0.0735,8.3985,27,0,0.7431,1.2431,11,12,g9_18,0.0,1.0,11,16,corner,0.2431,0.2431
08PY88PUQVCU,3193,159.7,1,tesla,tesla,building,7.0,18.0,royal_recruits,7.59,royal_recruits,9,0.0,0.0,26,0.0,0.0,3,24,-0.0,-0.0,1,22,0.0,0.0,19,8,0.0,0.0,1,26,0.0,0.0,1,26,0.0,0.0,1,26,0.0,0.0,1,26,1.0,1.0,1,26,0.0,0.0,1,26,0.0,0.0,1,26,0.0,0.0,3,24,-0.0,-0.0,1,23,7.5868,12.3452,9,0,1.0,1.0,18,8,lane_R,0.0,0.0,2,22,lane_R,1.0,1.0,0.0,0.0,2,25,0.0,0.0,1,26,0.0,0.0,19,8,0.0,0.0,1,26,0.0,0.0,1,26,0.0,0.0,1,26,0.0,0.0,1,26,1.0,1.0,1,26,0.0,0.0,1,26,0.0,0.0,1,26,0.0,0.0,2,25,0.0,0.0,1,26,7.5868,12.3452,9,0,1.0,1.0,19,8,lane_R,0.0,0.0,2,25,lane_R,1.0,1.0
08PY88PUQVCU,3224,161.2,1,x-bow,x_bow,building,9.5,21.5,royal_recruits,2.32,royal_recruits,8,0.0,0.0,26,0.8108,1.0,11,0,-0.1455,-0.0,23,0,0.5,0.0,1,17,0.0,0.0,1,26,0.0,0.0,1,26,0.0,0.0,1,26,0.0,0.0,1,26,0.0,0.0,1,26,0.0,1.0,9,18,0.0,0.0,1,26,0.8108,1.0,11,0,-0.1455,-0.0,23,0,2.2216,4.499,23,0,1.1652,2.0,14,0,corner,0.4625,1.0,15,0,corner,0.0,0.0,0.3386,1.0,12,0,0.0,0.0,1,26,0.5,0.0,1,17,0.0,0.0,1,26,0.0,0.0,1,26,0.0,0.0,1,26,0.0,0.0,1,26,0.0,0.0,1,26,0.0,1.0,9,18,0.0,0.0,1,26,0.3386,1.0,12,0,0.0,0.0,1,26,2.2216,4.499,23,0,0.8386,2.0,15,0,corner,0.2539,1.0,16,0,corner,0.0,0.0
08PY88PUY9YP,258,12.9,1,x-bow,x_bow,building,4.5,19.5,giant,18.06,giant,1,0.0,0.0,26,0.0,0.0,7,20,-0.0,-0.0,1,19,0.5,0.5,11,16,0.0,0.0,1,26,0.0,0.0,1,26,0.0,0.0,1,26,0.0,0.0,1,26,0.0,0.0,1,26,0.9616,1.0,9,0,0.0,0.0,1,26,0.0,0.0,1,26,-0.0,-0.0,1,26,9.4,12.4,8,1,1.4616,1.5,10,0,g9_18,0.9616,1.0,8,0,corner,0.0,0.0,0.0,0.0,6,21,0.0,0.0,1,26,0.5,0.5,11,16,0.0,0.0,1,26,0.0,0.0,1,26,0.0,0.0,1,26,0.0,0.0,1,26,0.0,0.0,1,26,0.9616,1.0,9,0,0.0,0.0,1,26,0.0,0.0,1,26,0.0,0.0,1,26,9.4,12.4,8,1,1.4616,1.5,11,0,g9_18,0.9616,1.0,11,0,corner,0.0,0.0
08PY88PUY9YP,572,28.6,1,tesla,tesla,building,9.0,22.0,giant,8.75,giant,2,0.0,0.0,26,1.0,0.0,1,3,-0.0,-0.0,1,20,1.0,0.5,1,8,0.0,0.0,1,26,0.0,0.0,1,26,0.0,0.0,1,26,0.0,0.0,1,26,0.0,0.0,1,26,0.0,0.0,1,26,0.0,0.0,1,26,0.0,0.0,8,19,-0.0,-0.0,1,26,5.0,12.4501,14,3,2.0,0.5,1,2,tesla_modal,1.0,0.0,1,2,tesla_modal,0.0,0.0,1.0,0.0,1,3,0.0,0.0,1,26,1.0,0.5,1,8,0.0,0.0,1,26,0.0,0.0,1,26,0.0,0.0,1,26,0.0,0.0,1,26,0.0,0.0,1,26,0.0,0.0,1,26,0.0,0.0,1,26,0.0,0.0,7,20,0.0,0.0,1,26,5.0,12.4501,14,3,2.0,0.5,1,2,tesla_modal,1.0,0.0,1,2,tesla_modal,0.0,0.0
08PY88PUY9YP,1471,73.6,1,x-bow,x_bow,building,13.5,19.5,dark_prince,18.74,dark_prince,1,0.0,0.0,26,0.0,0.6,8,19,-0.0,-0.3636,1,19,0.5,0.5,11,16,0.0,0.0,1,26,0.0,0.0,1,26,0.0,0.0,1,26,0.0,0.0,1,26,0.0,0.0,1,26,0.9616,1.0,9,0,0.0,0.0,1,26,0.0,0.0,1,26,-0.0,-0.0,1,26,9.4,1.4,9,1,1.4616,1.7364,9,0,g9_18,0.9616,0.7,7,0,tesla_modal,0.0,0.0,0.0,0.0,4,23,0.0,0.0,1,26,0.5,0.5,11,16,0.0,0.0,1,26,0.0,0.0,1,26,0.0,0.0,1,26,0.0,0.0,1,26,0.0,0.0,1,26,0.9616,1.0,9,0,0.0,0.0,1,26,0.0,0.0,1,26,0.0,0.0,1,26,9.4,1.4,9,1,1.4616,1.5,11,0,g9_18,0.9616,1.0,9,0,corner,0.0,0.0
08PY88PUY9YP,1613,80.7,1,tesla,tesla,building,9.0,22.0,giant,6.75,giant,3,0.0,0.0,26,1.0,0.9238,1,3,-0.0,-0.0693,1,19,1.0,0.5,1,8,0.0,0.0,1,26,0.0,0.0,1,26,0.0,0.0,1,26,0.0,0.0,1,26,1.0,1.0,1,26,0.0,0.0,1,26,0.0,0.0,1,26,1.0,1.0,1,8,-0.0,-0.0,1,25,4.7059,2.0475,15,1,3.0,2.3545,1,2,tesla_modal,1.0,0.6235,1,2,tesla_modal,1.0,1.0,1.0,0.3455,1,3,0.0,0.0,1,26,1.0,0.5,1,8,0.0,0.0,1,26,0.0,0.0,1,26,0.0,0.0,1,26,0.0,0.0,1,26,1.0,1.0,1,26,0.0,0.0,1,26,0.0,0.0,1,26,1.0,0.8599,1,5,0.0,0.0,1,26,4.7059,2.0475,15,1,3.0,1.8455,1,2,tesla_modal,1.0,0.2592,1,2,tesla_modal,1.0,1.0
08PY88PUY9YP,2694,134.7,1,tesla,tesla,building,9.0,22.0,dark_prince,6.67,dark_prince,3,0.0,0.0,26,0.0,0.0607,7,20,-0.0,-0.8539,1,22,1.0,0.5,1,8,0.0,0.0,1,26,0.0,0.0,1,26,0.0,0.0,1,26,0.0,0.0,1,26,1.0,1.0,1,26,0.0,0.0,1,26,0.0,0.0,1,26,0.0,0.6221,8,19,-0.0,-0.3435,1,22,6.7734,0.3213,17,1,2.0,0.7067,5,7,tesla_modal,0.0,-0.2545,5,18,lane,1.0,1.0,0.0,0.0,3,24,0.0,0.0,1,26,1.0,0.5,1,8,0.0,0.0,1,26,0.0,0.0,1,26,0.0,0.0,1,26,0.0,0.0,1,26,1.0,1.0,1,26,0.0,0.0,1,26,0.0,0.0,1,26,0.0,0.0,4,23,0.0,0.0,1,26,6.7734,0.3213,17,1,2.0,1.5,3,7,tesla_modal,0.0,0.0,3,24,tesla_modal,1.0,1.0
08QPVCPC2VCU,475,23.8,1,tesla,tesla,building,9.0,18.0,,0.0,,1,0.0,0.0,26,0.0,0.0,1,26,0.0,0.0,1,26,0.4663,0.5,26,1,0.0,0.0,1,26,0.0,0.0,1,26,0.0,0.0,1,26,0.0,0.0,1,26,0.0,0.0,1,26,0.0,0.0,1,26,0.0,0.0,1,26,0.0,0.0,1,26,0.0,0.0,1,26,0.0,0.0,1,26,0.4663,0.5,26,1,centre,0.0,0.0,1,26,corner,0.0,0.0,0.0,0.0,1,26,0.0,0.0,1,26,0.4663,0.5,26,1,0.0,0.0,1,26,0.0,0.0,1,26,0.0,0.0,1,26,0.0,0.0,1,26,0.0,0.0,1,26,0.0,0.0,1,26,0.0,0.0,1,26,0.0,0.0,1,26,0.0,0.0,1,26,0.0,0.0,1,26,0.4663,0.5,26,1,centre,0.0,0.0,1,26,corner,0.0,0.0
08QPVCPC2VCU,785,39.3,1,x-bow,x_bow,building,4.5,19.5,,0.0,,0,0.0,0.0,26,0.0,0.0,1,26,0.0,0.0,1,26,0.5,0.5,11,16,0.0,0.0,1,26,0.0,0.0,1,26,0.0,0.0,1,26,0.0,0.0,1,26,0.0,0.0,1,26,0.9616,1.0,9,0,0.0,0.0,1,26,0.0,0.0,1,26,0.0,0.0,1,26,0.0,0.0,1,26,1.4616,1.5,9,0,g9_18,0.9616,1.0,9,0,corner,0.0,0.0,0.0,0.0,1,26,0.0,0.0,1,26,0.5,0.5,11,16,0.0,0.0,1,26,0.0,0.0,1,26,0.0,0.0,1,26,0.0,0.0,1,26,0.0,0.0,1,26,0.9616,1.0,9,0,0.0,0.0,1,26,0.0,0.0,1,26,0.0,0.0,1,26,0.0,0.0,1,26,1.4616,1.5,9,0,g9_18,0.9616,1.0,9,0,corner,0.0,0.0
08QPVCPC2VCU,2051,102.6,1,x-bow,x_bow,building,4.5,19.5,,0.0,,0,0.0,0.0,26,0.0,0.0,1,26,0.0,0.0,1,26,0.5,0.5,11,16,0.0,0.0,1,26,0.0,0.0,1,26,0.0,0.0,1,26,0.0,0.0,1,26,0.0,0.0,1,26,0.9616,1.0,9,0,0.0,0.0,1,26,0.0,0.0,1,26,0.0,0.0,1,26,0.0,0.0,1,26,1.4616,1.5,9,0,g9_18,0.9616,1.0,9,0,corner,0.0,0.0,0.0,0.0,1,26,0.0,0.0,1,26,0.5,0.5,11,16,0.0,0.0,1,26,0.0,0.0,1,26,0.0,0.0,1,26,0.0,0.0,1,26,0.0,0.0,1,26,0.9616,1.0,9,0,0.0,0.0,1,26,0.0,0.0,1,26,0.0,0.0,1,26,0.0,0.0,1,26,1.4616,1.5,9,0,g9_18,0.9616,1.0,9,0,corner,0.0,0.0
08QPVCPC2VCU,2096,104.8,1,tesla,tesla,building,7.0,18.0,,0.0,,0,0.0,0.0,26,0.0,0.0,1,26,0.0,0.0,1,26,0.5,0.5,9,17,0.0,0.0,1,26,0.0,0.0,1,26,0.0,0.0,1,26,0.0,0.0,1,26,0.0,0.0,1,26,0.0,0.0,1,26,0.0,0.0,1,26,0.0,0.0,1,26,0.0,0.0,1,26,0.0,0.0,1,26,0.5,0.5,9,17,centre,0.0,0.0,1,26,corner,0.0,0.0,0.0,0.0,1,26,0.0,0.0,1,26,0.5,0.5,9,17,0.0,0.0,1,26,0.0,0.0,1,26,0.0,0.0,1,26,0.0,0.0,1,26,0.0,0.0,1,26,0.0,0.0,1,26,0.0,0.0,1,26,0.0,0.0,1,26,0.0,0.0,1,26,0.0,0.0,1,26,0.5,0.5,9,17,centre,0.0,0.0,1,26,corner,0.0,0.0
08QPVCPC2VCU,2756,137.8,1,tesla,tesla,building,8.0,22.0,miner,7.21,miner,3,0.0,0.0,26,0.0,0.0,1,26,-0.0,-0.0,1,25,1.0,0.5,1,8,0.0,0.0,1,26,0.0,0.0,1,26,0.0,0.0,1,26,0.0,0.0,1,26,1.0,1.0,1,26,0.0,0.0,1,26,0.0,0.0,1,26,0.0,0.0,1,26,-0.0,-0.0,1,25,7.2135,6.7724,19,0,2.0,1.5,1,8,centre,0.0,0.0,1,25,corner,1.0,1.0,0.0,0.0,1,26,0.0,0.0,1,26,1.0,0.5,1,8,0.0,0.0,1,26,0.0,0.0,1,26,0.0,0.0,1,26,0.0,0.0,1,26,1.0,1.0,1,26,0.0,0.0,1,26,0.0,0.0,1,26,0.0,0.0,1,26,0.0,0.0,1,26,7.2135,6.7724,19,0,2.0,1.5,1,8,centre,0.0,0.0,1,26,corner,1.0,1.0
08QPVCPC2VCU,3115,155.8,1,tesla,tesla,building,8.0,18.0,ice_golem,4.05,ice_golem,3,0.0,0.0,26,1.0,0.875,1,3,-0.0,-0.1429,1,19,0.443,0.5,27,0,0.0,0.0,1,26,0.0,0.0,1,26,0.0,0.0,1,26,0.0,0.0,1,26,0.0,0.0,1,26,0.0,0.0,1,26,0.0,0.0,1,26,1.0,1.0,1,5,-0.0,-0.0,1,26,4.0,1.5,20,0,1.443,1.2321,4,0,tesla_modal,0.7215,0.5134,4,0,tesla_modal,0.0,0.0,1.0,0.8361,1,3,-0.0,-0.1793,1,19,0.443,0.5,27,0,0.0,0.0,1,26,0.0,0.0,1,26,0.0,0.0,1,26,0.0,0.0,1,26,0.0,0.0,1,26,0.0,0.0,1,26,0.0,0.0,1,26,1.0,1.0,1,5,-0.0,-0.0,1,26,4.0,1.5,20,0,1.443,1.1568,4,0,tesla_modal,0.7215,0.4478,4,0,tesla_modal,0.0,0.0
08QPVCPC2VCU,3431,171.6,1,x-bow,x_bow,building,2.5,19.5,ice_golem,12.64,ice_golem,1,0.0,0.0,26,0.325,0.825,7,1,-0.7714,-0.2,23,1,0.5,0.5,11,16,0.0,0.0,1,26,0.0,0.0,1,26,0.0,0.0,1,26,0.0,0.0,1,26,0.0,0.0,1,26,0.9616,1.0,9,0,0.0,0.0,1,26,0.0,0.0,1,26,-0.0,-0.0,1,26,0.4,1.4,23,1,1.0152,2.125,10,0,g9_18,0.7,0.8,9,2,tesla_modal,0.0,0.0,0.2861,0.7861,7,1,-0.7812,-0.234,23,1,0.5,0.5,11,16,0.0,0.0,1,26,0.0,0.0,1,26,0.0,0.0,1,26,0.0,0.0,1,26,0.0,0.0,1,26,0.9616,1.0,9,0,0.0,0.0,1,26,0.0,0.0,1,26,-0.0,-0.0,1,26,0.4,1.4,23,1,0.9666,2.0521,16,0,g9_18,0.7,0.766,9,2,tesla_modal,0.0,0.0
08QPVCPC2VCU,3572,178.6,1,tesla,tesla,building,7.0,21.0,miner,6.46,miner,4,0.0,0.0,26,1.0,1.0,1,6,-0.0,-0.0,1,21,0.4179,0.0,18,0,0.0,0.0,1,26,0.0,0.0,1,26,0.0,0.0,1,26,0.0,0.0,1,26,1.0,1.0,1,26,0.0,0.0,1,26,0.0,0.0,1,26,0.5179,1.0,8,1,-0.0,-0.0,1,26,5.1301,4.599,13,0,2.4179,2.0,2,0,centre,0.7089,0.5,2,0,centre,1.0,1.0,1.0,1.0,1,7,0.0,0.0,1,26,0.4179,0.0,18,0,0.0,0.0,1,26,0.0,0.0,1,26,0.0,0.0,1,26,0.0,0.0,1,26,1.0,1.0,1,26,0.0,0.0,1,26,0.0,0.0,1,26,1.0,1.0,1,6,0.0,0.0,1,26,5.1301,4.599,13,0,2.4179,2.0,2,0,centre,0.7089,0.5,2,0,centre,1.0,1.0
08QPVCPCG8L9,511,25.6,1,tesla,tesla,building,6.0,18.0,,0.0,,0,0.0,0.0,26,0.0,0.0,1,26,0.0,0.0,1,26,0.5,0.5,9,17,0.0,0.0,1,26,0.0,0.0,1,26,0.0,0.0,1,26,0.0,0.0,1,26,0.0,0.0,1,26,0.0,0.0,1,26,0.0,0.0,1,26,0.0,0.0,1,26,0.0,0.0,1,26,0.0,0.0,1,26,0.5,0.5,9,17,centre,0.0,0.0,1,26,corner,0.0,0.0,0.0,0.0,1,26,0.0,0.0,1,26,0.5,0.5,9,17,0.0,0.0,1,26,0.0,0.0,1,26,0.0,0.0,1,26,0.0,0.0,1,26,0.0,0.0,1,26,0.0,0.0,1,26,0.0,0.0,1,26,0.0,0.0,1,26,0.0,0.0,1,26,0.0,0.0,1,26,0.5,0.5,9,17,centre,0.0,0.0,1,26,corner,0.0,0.0
08QPVCPCG8L9,969,48.5,1,x-bow,x_bow,building,2.5,19.5,,0.0,,0,0.0,0.0,26,0.0,0.0,1,26,0.0,0.0,1,26,0.5,0.5,11,16,0.0,0.0,1,26,0.0,0.0,1,26,0.0,0.0,1,26,0.0,0.0,1,26,0.0,0.0,1,26,0.9616,1.0,9,0,0.0,0.0,1,26,0.0,0.0,1,26,0.0,0.0,1,26,0.0,0.0,1,26,1.4616,1.5,9,0,g9_18,0.9616,1.0,9,0,corner,0.0,0.0,0.0,0.0,1,26,0.0,0.0,1,26,0.5,0.5,11,16,0.0,0.0,1,26,0.0,0.0,1,26,0.0,0.0,1,26,0.0,0.0,1,26,0.0,0.0,1,26,0.9616,1.0,9,0,0.0,0.0,1,26,0.0,0.0,1,26,0.0,0.0,1,26,0.0,0.0,1,26,1.4616,1.5,9,0,g9_18,0.9616,1.0,9,0,corner,0.0,0.0
08QPVCPCG8L9,1486,74.3,1,tesla,tesla,building,6.0,18.0,,0.0,,0,0.0,0.0,26,0.0,0.0,1,26,0.0,0.0,1,26,0.5,0.5,9,17,0.0,0.0,1,26,0.0,0.0,1,26,0.0,0.0,1,26,0.0,0.0,1,26,0.0,0.0,1,26,0.0,0.0,1,26,0.0,0.0,1,26,0.0,0.0,1,26,0.0,0.0,1,26,0.0,0.0,1,26,0.5,0.5,9,17,centre,0.0,0.0,1,26,corner,0.0,0.0,0.0,0.0,1,26,0.0,0.0,1,26,0.5,0.5,9,17,0.0,0.0,1,26,0.0,0.0,1,26,0.0,0.0,1,26,0.0,0.0,1,26,0.0,0.0,1,26,0.0,0.0,1,26,0.0,0.0,1,26,0.0,0.0,1,26,0.0,0.0,1,26,0.0,0.0,1,26,0.5,0.5,9,17,centre,0.0,0.0,1,26,corner,0.0,0.0
08QPVCPCG8L9,2375,118.8,1,x-bow,x_bow,building,15.5,19.5,pekka,10.68,pekka,4,0.0,0.0,26,0.0,0.0,1,26,-0.0,-0.0,1,23,0.5,0.0,1,17,0.0,0.0,1,26,0.0,0.0,1,26,0.0,0.0,1,26,0.0,0.0,1,26,0.0,0.0,1,26,0.9616,1.0,9,0,0.0,0.0,1,26,0.0,0.0,1,26,-0.0,-0.0,1,25,10.7682,9.3655,4,0,1.4616,1.0,4,0,bow_modal_R,0.9616,1.0,9,0,corner,0.0,0.0,0.0,0.0,1,26,-0.0,-0.0,1,23,0.5,0.0,1,17,0.0,0.0,1,26,0.0,0.0,1,26,0.0,0.0,1,26,0.0,0.0,1,26,0.0,0.0,1,26,0.9616,1.0,9,0,0.0,0.0,1,26,0.0,0.0,1,26,-0.0,-0.0,1,25,10.7682,9.3655,4,0,1.4616,1.0,4,0,bow_modal_R,0.9616,1.0,9,0,corner,0.0,0.0
08QPVCPCVGVJ,328,16.4,1,x-bow,x_bow,building,15.5,19.5,electro_giant,18.97,electro_giant,1,0.0,0.0,26,0.0,0.6,8,19,-0.0,-0.3636,1,19,0.5,0.5,11,16,0.0,0.0,1,26,0.0,0.0,1,26,0.0,0.0,1,26,0.0,0.0,1,26,0.0,0.0,1,26,0.9616,1.0,9,0,0.0,0.0,1,26,0.0,0.0,1,26,-0.0,-0.0,1,26,11.4,1.4,3,0,1.4616,1.7364,9,0,g9_18,0.9616,0.7,7,0,tesla_modal,0.0,0.0,0.0,0.0218,6,21,0.0,0.0,1,26,0.5,0.5,11,16,0.0,0.0,1,26,0.0,0.0,1,26,0.0,0.0,1,26,0.0,0.0,1,26,0.0,0.0,1,26,0.9616,1.0,9,0,0.0,0.0,1,26,0.0,0.0,1,26,0.0,0.0,1,26,11.4,1.4,3,0,1.4616,1.5218,11,0,g9_18,0.9616,1.0,11,0,corner,0.0,0.0
08QPVCPCVGVJ,651,32.6,1,tesla,tesla,building,10.0,19.0,baby_dragon,5.12,baby_dragon,2,0.0,0.0,26,0.0,0.0,1,26,0.0,0.0,1,26,0.7692,0.5,9,0,0.0,0.0,1,26,0.0,0.0,1,26,0.0,0.0,1,26,0.0,0.0,1,26,1.0,1.0,1,26,0.0,0.0,1,26,0.0,0.0,1,26,0.0,0.0,1,26,0.0,0.0,1,26,5.123,13.5381,16,0,1.7692,1.5,9,0,centre,0.0,0.0,1,26,corner,1.0,1.0,0.0,0.0,2,25,0.0,0.0,1,26,0.7692,0.5,9,0,0.0,0.0,1,26,0.0,0.0,1,26,0.0,0.0,1,26,0.0,0.0,1,26,1.0,1.0,1,26,0.0,0.0,1,26,0.0,0.0,1,26,0.0,0.0,2,25,0.0,0.0,1,26,5.123,13.5381,16,0,1.7692,1.5,9,0,centre,0.0,0.0,2,25,g15_18,1.0,1.0
08QPVCPCVGVJ,1658,82.9,1,tesla,tesla,building,9.0,22.0,electro_giant,7.79,electro_giant,1,0.0,0.0,26,1.0,0.65,1,3,-0.0,-0.3182,1,19,1.0,0.5,1,8,0.0,0.0,1,26,0.0,0.0,1,26,0.0,0.0,1,26,0.0,0.0,1,26,0.8493,0.8493,1,26,0.0,0.0,1,26,0.0,0.0,1,26,0.658,1.0,9,1,-0.0,-0.0,1,25,5.0,1.5,15,3,2.8493,1.6811,1,2,tesla_modal,1.0,0.1875,1,2,tesla_modal,0.8493,0.8493,1.0,0.0718,1,3,0.0,0.0,1,26,1.0,0.5,1,8,0.0,0.0,1,26,0.0,0.0,1,26,0.0,0.0,1,26,0.0,0.0,1,26,0.8493,0.8493,1,26,0.0,0.0,1,26,0.0,0.0,1,26,0.4983,0.9448,8,1,0.0,0.0,1,26,5.0,1.5,15,3,2.8493,1.421,1,2,tesla_modal,1.0,0.0538,1,2,tesla_modal,0.8493,0.8493
08QPVCPCVGVJ,2126,106.3,1,x-bow,x_bow,building,15.5,19.5,baby_dragon,16.39,baby_dragon,1,0.0,0.0,26,0.0,0.0,7,20,0.0,0.0,1,26,0.5,0.5,11,16,0.0,0.0,1,26,0.0,0.0,1,26,0.0,0.0,1,26,0.0,0.0,1,26,0.0,0.0,1,26,0.9616,1.0,9,0,0.0,0.0,1,26,0.0,0.0,1,26,0.0,0.0,1,26,10.4309,2.3698,4,0,1.4616,1.5,13,0,g9_18,0.9616,1.0,10,0,corner,0.0,0.0,0.0,0.2224,9,18,0.0,0.0,1,26,0.5,0.5,11,16,0.0,0.0,1,26,0.0,0.0,1,26,0.0,0.0,1,26,0.0,0.0,1,26,0.0,0.0,1,26,0.9616,1.0,9,0,0.0,0.0,1,26,0.0,0.0,1,26,0.0,0.0,1,26,10.4309,2.3698,4,0,1.4616,1.7224,13,0,g9_18,0.9616,1.0,13,0,corner,0.0,0.0
08QPVCPCVGVJ,2817,140.9,1,x-bow,x_bow,building,12.5,21.5,electro_giant,16.26,electro_giant,2,0.0,0.0,26,0.0,0.6,8,19,-0.0,-0.3636,1,19,0.5837,0.5,9,0,0.0,0.0,1,26,0.0,0.0,1,26,0.0,0.0,1,26,0.0,0.0,1,26,0.0,0.0,1,26,0.0,1.0,9,18,0.0,0.0,1,26,0.0,0.0,1,26,-0.0,-0.0,1,26,8.4,1.4,10,0,0.5837,1.7364,16,0,g9_18,0.0,0.7,11,13,tesla_modal,0.0,0.0,0.0,0.0218,6,21,0.0,0.0,1,26,0.5837,0.5,9,0,0.0,0.0,1,26,0.0,0.0,1,26,0.0,0.0,1,26,0.0,0.0,1,26,0.0,0.0,1,26,0.0,1.0,9,18,0.0,0.0,1,26,0.0,0.0,1,26,0.0,0.0,1,26,8.4,1.4,10,0,0.5837,1.5218,17,0,g9_18,0.0,1.0,11,16,corner,0.0,0.0
08QPVCPCVGVJ,3041,152.1,1,tesla,tesla,building,9.0,18.0,baby_dragon,2.64,baby_dragon,3,0.0,0.0,26,0.0331,0.0,6,1,0.0,0.0,1,26,0.4663,0.5,26,1,0.0,0.0,1,26,0.0,0.0,1,26,0.0,0.0,1,26,0.0,0.0,1,26,1.0,1.0,1,26,0.0,0.0,1,26,0.0,0.0,1,26,0.0683,0.0,11,1,0.0,0.0,1,26,2.5662,10.0731,21,1,1.4994,1.5,26,1,centre,0.0243,0.0,6,1,centre,1.0,1.0,0.3206,0.0,6,1,0.0,0.0,1,26,0.4663,0.5,26,1,0.0,0.0,1,26,0.0,0.0,1,26,0.0,0.0,1,26,0.0,0.0,1,26,1.0,1.0,1,26,0.0,0.0,1,26,0.0,0.0,1,26,0.3558,0.0,9,1,0.0,0.0,1,26,2.5662,10.0731,21,1,1.7869,1.5,10,1,centre,0.235,0.0,6,1,centre,1.0,1.0
08QPVCPCVGVJ,3535,176.8,1,x-bow,x_bow,building,15.5,19.5,electro_giant,10.89,electro_giant,2,0.0,0.0,26,0.0,1.0,5,22,-0.0,-0.0,1,21,0.5,0.5,11,16,0.0,0.0,1,26,0.0,0.0,1,26,0.0,0.0,1,26,0.0,0.0,1,26,1.0,1.0,1,26,0.9616,1.0,9,0,0.0,0.0,1,26,0.0,1.0,6,21,-0.0,-0.0,1,22,11.0435,2.6035,3,0,2.4616,3.5,9,0,corner,0.9616,1.0,8,0,corner,1.0,1.0,0.0,0.6235,5,22,0.0,0.0,1,26,0.5,0.5,11,16,0.0,0.0,1,26,0.0,0.0,1,26,0.0,0.0,1,26,0.0,0.0,1,26,0.2665,0.2665,1,26,0.9616,1.0,9,0,0.0,0.0,1,26,0.0,0.6235,5,22,0.0,0.0,1,26,11.0435,2.6035,3,0,1.7281,2.39,9,0,tesla_true,0.9616,1.0,9,0,corner,0.2665,0.2665
08QPVCPCYU2U,779,39.0,1,tesla,tesla,building,9.0,21.0,witch,5.97,witch,8,0.0,0.0,26,0.0,0.0,2,25,0.0,0.0,1,26,1.0,0.5,1,8,0.0,0.0,1,26,0.0,0.0,1,26,0.0,0.0,1,26,0.0,0.0,1,26,1.0,1.0,1,26,0.0,0.0,1,26,0.0,0.0,1,26,0.733,0.0,1,1,0.0,0.0,1,26,4.1702,1.6837,20,1,2.0,1.5,1,8,centre,0.0,0.0,2,25,g9_18,1.0,1.0,0.4143,0.0,2,1,0.0,0.0,1,26,1.0,0.5,1,8,0.0,0.0,1,26,0.0,0.0,1,26,0.0,0.0,1,26,0.0,0.0,1,26,1.0,1.0,1,26,0.0,0.0,1,26,0.0,0.0,1,26,0.9649,0.0,1,1,0.0,0.0,1,26,4.1702,1.6837,20,1,2.4143,1.5,1,1,tesla_modal,0.4143,0.0,2,1,g9_18,1.0,1.0
08QPVCPCYU2U,1243,62.2,1,tesla,tesla,building,9.0,22.0,royal_giant,6.75,royal_giant,2,0.0,0.0,26,0.5,0.0,1,3,0.0,0.0,1,26,1.0,0.5,1,8,0.0,0.0,1,26,0.0,0.0,1,26,0.0,0.0,1,26,0.0,0.0,1,26,1.0,1.0,1,26,0.0,0.0,1,26,0.0,0.0,1,26,1.0,0.0,1,2,0.0,0.0,1,26,5.0,12.5,14,3,2.5,1.5,1,2,tesla_modal,0.5,0.0,1,2,tesla_modal,1.0,1.0,1.0,0.0,1,3,0.0,0.0,1,26,1.0,0.5,1,8,0.0,0.0,1,26,0.0,0.0,1,26,0.0,0.0,1,26,0.0,0.0,1,26,1.0,1.0,1,26,0.0,0.0,1,26,0.0,0.0,1,26,1.0,0.0,1,4,0.0,0.0,1,26,5.0,12.5,14,3,3.0,1.5,1,2,tesla_modal,1.0,0.0,1,2,tesla_modal,1.0,1.0
08QPVCPCYU2U,1588,79.4,1,x-bow,x_bow,building,2.5,19.5,fisherman,11.1,fisherman,2,0.0,0.0,26,0.0,0.0,10,17,-0.0,-0.0,1,23,0.5,0.5,11,16,0.0,0.0,1,26,0.0,0.0,1,26,0.0,0.0,1,26,0.0,0.0,1,26,0.0,0.0,1,26,0.9616,1.0,9,0,0.0,0.0,1,26,0.0,0.0,4,23,-0.0,-0.0,1,26,10.9028,11.0432,11,0,1.4616,1.5,13,0,g9_18,0.9616,1.0,8,0,corner,0.0,0.0,0.0,0.0,8,19,0.0,0.0,1,26,0.5,0.5,11,16,0.0,0.0,1,26,0.0,0.0,1,26,0.0,0.0,1,26,0.0,0.0,1,26,0.0,0.0,1,26,0.9616,1.0,9,0,0.0,0.0,1,26,0.0,0.0,1,26,0.0,0.0,1,26,10.9028,11.0432,11,0,1.4616,1.5,11,0,g9_18,0.9616,1.0,9,0,corner,0.0,0.0
08QPVCPCYU2U,2739,137.0,1,x-bow,x_bow,building,9.5,22.5,skeleton_king,14.0,skeleton_king,4,0.0,0.0,26,1.0,0.0,1,3,-0.0,-0.0,1,19,1.0,0.5,1,8,0.0,0.0,1,26,0.0,0.0,1,26,0.0,0.0,1,26,0.0,0.0,1,26,0.0,0.0,1,26,0.0,1.0,9,18,0.0,0.0,1,26,0.0,0.0,1,26,-0.0,-0.0,1,26,4.4,12.4,18,0,2.0,1.5,2,2,g9_18,1.0,1.0,1,7,corner,0.0,0.0,1.0,0.0,1,3,-0.0,-0.0,1,19,1.0,0.5,1,8,0.0,0.0,1,26,0.0,0.0,1,26,0.0,0.0,1,26,0.0,0.0,1,26,0.0,0.0,1,26,0.0,1.0,9,18,0.0,0.0,1,26,0.0,0.0,1,26,-0.0,-0.0,1,26,4.4,12.4,18,0,2.0,1.5,2,2,g9_18,1.0,1.0,1,7,corner,0.0,0.0
08QPVCPCYU2U,3139,157.0,1,x-bow,x_bow,building,9.5,25.5,royal_giant,13.03,royal_giant,3,0.0,0.0,26,0.0,0.0,1,26,0.0,0.0,1,26,1.0,0.5,1,8,0.0,0.0,1,26,0.0,0.0,1,26,0.0,0.0,1,26,0.0,0.0,1,26,0.0,0.0,1,26,0.0,1.0,9,18,0.0,0.0,1,26,0.0,0.0,7,20,0.0,0.0,1,26,2.4,8.3443,19,0,1.0,1.5,9,8,g9_18,0.0,1.0,9,18,corner,0.0,0.0,0.0,0.0,6,21,0.0,0.0,1,26,1.0,0.5,1,8,0.0,0.0,1,26,0.0,0.0,1,26,0.0,0.0,1,26,0.0,0.0,1,26,0.0,0.0,1,26,0.0,1.0,9,18,0.0,0.0,1,26,0.0,0.0,5,22,0.0,0.0,1,26,2.4,8.3443,19,0,1.0,1.5,11,7,g9_18,0.0,1.0,11,16,corner,0.0,0.0
08QPVCPU28C0,431,21.6,1,tesla,tesla,building,9.0,21.0,guards,6.55,guards,4,0.0,0.0,26,1.0,0.0,1,3,-0.0,-0.0,1,19,1.0,0.5,1,8,0.0,0.0,1,26,0.0,0.0,1,26,0.0,0.0,1,26,0.0,0.0,1,26,0.8927,0.8927,1,26,0.0,0.0,1,26,0.0,0.0,1,26,0.0,0.0,7,20,-0.0,-0.0,1,25,5.0,11.913,14,2,2.8927,1.3927,1,2,tesla_modal,1.0,0.0,1,2,tesla_modal,0.8927,0.8927,1.0,0.0,1,3,0.0,0.0,1,26,1.0,0.5,1,8,0.0,0.0,1,26,0.0,0.0,1,26,0.0,0.0,1,26,0.0,0.0,1,26,0.8927,0.8927,1,26,0.0,0.0,1,26,0.0,0.0,1,26,0.0,0.0,7,20,0.0,0.0,1,26,5.0,11.913,14,2,2.8927,1.3927,1,2,tesla_modal,1.0,0.0,1,2,tesla_modal,0.8927,0.8927
08QPVCPU28C0,1168,58.4,1,tesla,tesla,building,6.0,18.0,cannon_cart,1.35,cannon_cart,1,0.0,0.0,26,0.0,0.0,3,24,0.0,0.0,1,26,0.5,0.5,9,17,0.0,0.0,1,26,0.0,0.0,1,26,0.0,0.0,1,26,0.0,0.0,1,26,1.0,1.0,1,26,0.0,0.0,1,26,0.0,0.0,1,26,0.0,0.0,3,24,0.0,0.0,1,26,1.4455,2.1547,23,0,1.5,1.5,9,17,g9_22,0.0,0.0,3,24,g9_22,1.0,1.0,0.0,0.3051,7,20,0.0,0.0,1,26,0.5,0.5,9,17,0.0,0.0,1,26,0.0,0.0,1,26,0.0,0.0,1,26,0.0,0.0,1,26,1.0,1.0,1,26,0.0,0.0,1,26,0.0,0.0,1,26,0.0,0.3068,8,19,0.0,0.0,1,26,1.4455,2.1547,23,0,1.5,1.8051,13,14,tesla_modal,0.0,0.2288,7,20,tesla_modal,1.0,1.0
08QPVCPU28C0,1283,64.2,1,x-bow,x_bow,building,15.5,19.5,furnace,11.4,furnace,2,0.0,0.0,26,0.0,0.0,4,23,0.0,0.0,1,26,0.5,0.5,11,16,0.0,0.0,1,26,0.0,0.0,1,26,0.0,0.0,1,26,0.0,0.0,1,26,0.0,0.0,1,26,0.9616,1.0,9,0,0.0,0.0,1,26,0.0,0.0,1,26,0.0,0.0,1,26,11.3446,1.4,3,0,1.4616,1.5,9,0,g9_18,0.9616,1.0,9,0,corner,0.0,0.0,0.0,0.0,4,23,0.0,0.0,1,26,0.5,0.5,11,16,0.0,0.0,1,26,0.0,0.0,1,26,0.0,0.0,1,26,0.0,0.0,1,26,0.0,0.0,1,26,0.9616,1.0,9,0,0.0,0.0,1,26,0.0,0.0,1,26,0.0,0.0,1,26,11.3446,1.4,3,0,1.4616,1.5,11,0,g9_18,0.9616,1.0,11,0,corner,0.0,0.0
08QPVCPU28C0,2471,123.6,1,x-bow,x_bow,building,8.5,22.5,furnace,19.91,furnace,2,0.0,0.0,26,0.0,0.0,2,25,0.0,0.0,1,26,0.5,0.0,1,17,0.0,0.0,1,26,0.0,0.0,1,26,0.0,0.0,1,26,0.0,0.0,1,26,0.0,0.0,1,26,0.0,1.0,9,18,0.0,0.0,1,26,0.0,0.0,1,26,0.0,0.0,1,26,1.4722,2.216,22,0,0.5,1.0,10,13,bow_modal_R,0.0,1.0,10,17,corner,0.0,0.0,0.0,0.3358,12,15,0.0,0.0,1,26,0.5,0.0,1,17,0.0,0.0,1,26,0.0,0.0,1,26,0.0,0.0,1,26,0.0,0.0,1,26,0.0,0.0,1,26,0.0,1.0,9,18,0.0,0.0,1,26,0.0,0.0,1,26,0.0,0.0,1,26,1.4722,2.216,22,0,0.5,1.3358,15,9,g9_18,0.0,1.0,16,11,corner,0.0,0.0
08QPVCPU28C0,2791,139.6,1,tesla,tesla,building,9.0,20.0,furnace,3.79,furnace,4,0.0,0.0,26,0.0,0.0,3,24,0.0,0.0,1,26,0.5,0.0,1,17,0.0,0.0,1,26,0.0,0.0,1,26,0.0,0.0,1,26,0.0,0.0,1,26,1.0,1.0,1,26,0.0,0.0,1,26,0.0,0.0,1,26,0.0,0.0,5,22,0.0,0.0,1,26,1.5184,2.6569,21,0,1.5,1.0,3,16,g3_26,0.0,0.0,3,24,g3_26,1.0,1.0,0.0,0.5562,10,17,0.0,0.0,1,26,0.5,0.0,1,17,0.0,0.0,1,26,0.0,0.0,1,26,0.0,0.0,1,26,0.0,0.0,1,26,1.0,1.0,1,26,0.0,0.0,1,26,0.0,0.0,1,26,1.0,0.5562,1,4,0.0,0.0,1,26,1.5184,2.6569,21,0,1.5,1.5562,9,14,lane_R,0.0,0.2781,10,17,lane_R,1.0,1.0
08QPVCPULY0V,392,19.6,1,tesla,tesla,building,11.0,18.0,,0.0,,5,0.0,0.0,26,0.0,0.0,1,26,0.0,0.0,1,26,0.5,0.5,9,17,0.0,0.0,1,26,0.0,0.0,1,26,0.0,0.0,1,26,0.0,0.0,1,26,0.0,0.0,1,26,0.0,0.0,1,26,0.0,0.0,1,26,0.0,0.0,1,26,0.0,0.0,1,26,0.0,0.0,1,26,0.5,0.5,9,17,centre,0.0,0.0,1,26,corner,0.0,0.0,0.0,0.0,1,26,0.0,0.0,1,26,0.5,0.5,9,17,0.0,0.0,1,26,0.0,0.0,1,26,0.0,0.0,1,26,0.0,0.0,1,26,0.0,0.0,1,26,0.0,0.0,1,26,0.0,0.0,1,26,0.0,0.0,1,26,0.0,0.0,1,26,0.0,0.0,1,26,0.5,0.5,9,17,centre,0.0,0.0,1,26,corner,0.0,0.0
08QPVCPULY0V,1331,66.6,1,x-bow,x_bow,building,15.5,19.5,mighty_miner,3.06,mighty_miner,5,0.0,0.0,26,1.0,0.0,1,4,-0.0,-0.0,1,20,0.5,0.5,11,16,0.0,0.0,1,26,0.0,0.0,1,26,0.0,0.0,1,26,0.0,0.0,1,26,0.0,0.0,1,26,0.9616,1.0,9,0,0.0,0.0,1,26,1.0,0.0,1,5,-0.0,-0.0,1,23,2.9614,9.0138,21,0,2.4616,1.5,2,0,corner_R,1.0,1.0,1,7,corner,0.0,0.0,0.7085,0.0,5,0,0.0,0.0,1,26,0.5,0.5,11,16,0.0,0.0,1,26,0.0,0.0,1,26,0.0,0.0,1,26,0.0,0.0,1,26,0.0,0.0,1,26,0.9616,1.0,9,0,0.0,0.0,1,26,0.7085,0.0,6,0,0.0,0.0,1,26,2.9614,9.0138,21,0,2.1701,1.5,2,0,corner_R,1.0,1.0,1,10,corner,0.0,0.0
08QPVCPULY0V,1486,74.3,1,tesla,tesla,building,10.0,18.0,mighty_miner,6.23,mighty_miner,3,0.0,0.0,26,1.0,0.0,1,3,-0.0,-0.0,1,24,0.443,0.5,27,0,0.0,0.0,1,26,0.0,0.0,1,26,0.0,0.0,1,26,0.0,0.0,1,26,0.0,0.0,1,26,0.0,0.0,1,26,0.0,0.0,1,26,0.0,0.0,2,25,-0.0,-0.0,1,26,3.4825,11.7376,24,0,1.443,0.5,7,0,tesla_modal,0.7215,0.0,5,0,corner_R,0.0,0.0,0.969,0.0,4,0,0.0,0.0,1,26,0.443,0.5,27,0,0.0,0.0,1,26,0.0,0.0,1,26,0.0,0.0,1,26,0.0,0.0,1,26,0.0,0.0,1,26,0.0,0.0,1,26,0.0,0.0,1,26,0.0,0.0,3,24,0.0,0.0,1,26,3.4825,11.7376,24,0,1.412,0.5,5,0,tesla_modal,0.6991,0.0,5,0,tesla_modal,0.0,0.0
08QPVCPULY0V,2417,120.9,1,x-bow,x_bow,building,2.5,19.5,,0.0,,1,0.0,0.0,26,0.0,0.0,1,26,0.0,0.0,1,26,0.5,0.5,11,16,0.0,0.0,1,26,0.0,0.0,1,26,0.0,0.0,1,26,0.0,0.0,1,26,0.0,0.0,1,26,0.9616,1.0,9,0,0.0,0.0,1,26,0.0,0.0,1,26,0.0,0.0,1,26,0.0,0.0,1,26,1.4616,1.5,9,0,g9_18,0.9616,1.0,9,0,corner,0.0,0.0,0.0,0.0,1,26,0.0,0.0,1,26,0.5,0.5,11,16,0.0,0.0,1,26,0.0,0.0,1,26,0.0,0.0,1,26,0.0,0.0,1,26,0.0,0.0,1,26,0.9616,1.0,9,0,0.0,0.0,1,26,0.0,0.0,1,26,0.0,0.0,1,26,0.0,0.0,1,26,1.4616,1.5,9,0,g9_18,0.9616,1.0,9,0,corner,0.0,0.0
08QPVCPULY0V,2473,123.7,0,tesla,tesla,building,15.0,19.0,knight,13.88,knight,4,0.0,0.0,26,0.0,0.65,8,19,-0.0,-0.3182,1,19,0.5,0.5,9,17,0.0,0.0,1,26,0.0,0.0,1,26,0.0,0.0,1,26,0.0,0.0,1,26,0.0,0.0,1,26,0.0,0.0,1,26,0.0,0.0,1,26,0.0,0.5137,5,22,-0.0,-0.0,1,26,11.0,1.5,4,3,0.5,0.8318,12,10,tesla_modal,0.0,0.1875,6,17,tesla_modal,0.0,0.0,0.0,0.6667,8,19,-0.0,-0.3077,1,19,0.5,0.5,9,17,0.0,0.0,1,26,0.0,0.0,1,26,0.0,0.0,1,26,0.0,0.0,1,26,0.0,0.0,1,26,0.0,0.0,1,26,0.0,0.0,1,26,0.0,0.4512,5,22,-0.0,-0.0,1,26,11.0,1.5,4,3,0.5,0.859,12,10,tesla_modal,0.0,0.2,7,16,tesla_modal,0.0,0.0
08QPVCPULY0V,2501,125.1,1,tesla,tesla,building,6.0,18.0,mighty_miner,4.24,mighty_miner,5,0.0,0.0,26,1.0,0.1679,1,3,-0.0,-0.6401,1,22,0.5,0.5,9,17,0.0,0.0,1,26,0.0,0.0,1,26,0.0,0.0,1,26,0.0,0.0,1,26,0.292,0.292,1,26,0.0,0.0,1,26,0.0,0.0,1,26,1.0,1.0,1,4,-0.0,-0.0,1,26,2.7016,0.9357,23,0,1.792,0.3197,1,2,lane,0.75,-0.1741,1,2,lane,0.292,0.292,0.5786,0.0,4,0,0.0,0.0,1,26,0.5,0.5,9,17,0.0,0.0,1,26,0.0,0.0,1,26,0.0,0.0,1,26,0.0,0.0,1,26,0.292,0.292,1,26,0.0,0.0,1,26,0.0,0.0,1,26,1.0,1.0,1,4,0.0,0.0,1,26,2.7016,0.9357,23,0,1.3705,0.792,5,0,lane,0.4339,0.0,4,0,lane,0.292,0.292
08QPVCPULY0V,3001,150.1,1,x-bow,x_bow,building,2.5,19.5,mighty_miner,0.72,mighty_miner,2,0.0,0.0,26,0.0118,0.0,4,0,-0.7601,-0.7695,23,0,0.5,0.5,11,16,0.0,0.0,1,26,0.0,0.0,1,26,0.0,0.0,1,26,0.0,0.0,1,26,0.0,0.0,1,26,0.9616,1.0,9,0,0.0,0.0,1,26,0.0118,0.0,4,0,-0.7601,-0.7695,23,0,0.6236,0.5992,23,0,0.7133,0.7305,17,0,g9_18,0.6705,0.7,10,0,bow_modal_R,0.0,0.0,0.0,0.0,4,23,0.0,0.0,1,26,0.5,0.5,11,16,0.0,0.0,1,26,0.0,0.0,1,26,0.0,0.0,1,26,0.0,0.0,1,26,0.0,0.0,1,26,0.9616,1.0,9,0,0.0,0.0,1,26,0.0,0.0,4,23,0.0,0.0,1,26,0.6236,0.5992,23,0,1.4616,1.5,9,0,g9_18,0.9616,1.0,9,0,corner,0.0,0.0
08QPVCPULY0V,3035,151.8,0,tesla,tesla,building,12.0,18.0,ice_wizard,11.98,ice_wizard,3,0.0,0.0,26,0.0,0.0,4,23,0.0,0.0,1,26,0.5,0.5,9,17,0.0,0.0,1,26,0.0,0.0,1,26,0.0,0.0,1,26,0.0,0.0,1,26,0.0,0.0,1,26,0.0,0.0,1,26,0.0,0.0,1,26,0.0,0.0,1,26,0.0,0.0,1,26,2.0,12.5,21,0,0.5,0.5,10,17,tesla_modal,0.0,0.0,4,23,tesla_modal,0.0,0.0,0.0,0.0,4,23,0.0,0.0,1,26,0.5,0.5,9,17,0.0,0.0,1,26,0.0,0.0,1,26,0.0,0.0,1,26,0.0,0.0,1,26,0.0,0.0,1,26,0.0,0.0,1,26,0.0,0.0,1,26,0.0,0.0,1,26,0.0,0.0,1,26,2.0,12.5,21,0,0.5,0.5,10,17,tesla_modal,0.0,0.0,4,23,tesla_modal,0.0,0.0
08QPVCPULY0V,3273,163.7,1,tesla,tesla,building,9.0,18.0,mighty_miner,5.15,mighty_miner,1,0.0,0.0,26,1.0,1.0,1,6,-0.0,-0.0,1,26,0.4663,0.5,26,1,0.0,0.0,1,26,0.0,0.0,1,26,0.0,0.0,1,26,0.0,0.0,1,26,1.0,1.0,1,26,0.0,0.0,1,26,0.0,0.0,1,26,0.1846,1.0,6,1,-0.0,-0.0,1,26,5.1514,4.478,22,1,2.4663,2.5,6,1,corner,0.7332,0.75,6,1,corner,1.0,1.0,1.0,1.0,1,5,0.0,0.0,1,26,0.4663,0.5,26,1,0.0,0.0,1,26,0.0,0.0,1,26,0.0,0.0,1,26,0.0,0.0,1,26,1.0,1.0,1,26,0.0,0.0,1,26,0.0,0.0,1,26,0.2887,1.0,6,1,0.0,0.0,1,26,5.1514,4.478,22,1,2.4663,2.5,5,1,corner,0.7332,0.75,5,1,corner,1.0,1.0
08QPVCPULY0V,3615,180.8,1,tesla,tesla,building,7.0,18.0,,0.0,,1,0.0,0.0,26,0.0,0.0,1,26,0.0,0.0,1,26,0.5,0.5,9,17,0.0,0.0,1,26,0.0,0.0,1,26,0.0,0.0,1,26,0.0,0.0,1,26,0.0,0.0,1,26,0.0,0.0,1,26,0.0,0.0,1,26,0.0,0.0,1,26,0.0,0.0,1,26,0.0,0.0,1,26,0.5,0.5,9,17,centre,0.0,0.0,1,26,corner,0.0,0.0,0.0,0.0,1,26,0.0,0.0,1,26,0.5,0.5,9,17,0.0,0.0,1,26,0.0,0.0,1,26,0.0,0.0,1,26,0.0,0.0,1,26,0.0,0.0,1,26,0.0,0.0,1,26,0.0,0.0,1,26,0.0,0.0,1,26,0.0,0.0,1,26,0.0,0.0,1,26,0.5,0.5,9,17,centre,0.0,0.0,1,26,corner,0.0,0.0
08QPVCPULY0V,3731,186.6,1,x-bow,x_bow,building,2.5,19.5,mighty_miner,8.55,mighty_miner,4,0.0,0.0,26,1.0,1.0,1,4,-0.0,-0.0,1,26,0.5,0.5,11,16,0.0,0.0,1,26,0.0,0.0,1,26,0.0,0.0,1,26,0.0,0.0,1,26,0.0,0.0,1,26,0.9616,1.0,9,0,0.0,0.0,1,26,0.0,0.0,1,26,-0.0,-0.0,1,26,5.4003,4.6868,23,0,2.4616,2.5,5,0,corner,1.0,1.0,1,8,corner,0.0,0.0,1.0,1.0,1,4,0.0,0.0,1,26,0.5,0.5,11,16,0.0,0.0,1,26,0.0,0.0,1,26,0.0,0.0,1,26,0.0,0.0,1,26,0.0,0.0,1,26,0.9616,1.0,9,0,0.0,0.0,1,26,0.0,0.0,2,25,0.0,0.0,1,26,5.4003,4.6868,23,0,2.4616,2.5,5,0,corner,1.0,1.0,1,8,corner,0.0,0.0
08QPVCPULY0V,3851,192.6,0,tesla,tesla,building,12.0,18.0,ice_wizard,7.16,ice_wizard,1,0.0,0.0,26,0.0,0.0,3,24,0.0,0.0,1,26,0.5,0.5,9,17,0.0,0.0,1,26,0.0,0.0,1,26,0.0,0.0,1,26,0.0,0.0,1,26,1.0,1.0,1,26,0.0,0.0,1,26,0.0,0.0,1,26,0.0,0.0,4,23,0.0,0.0,1,26,7.1589,0.9424,16,0,1.5,1.5,9,17,g9_22,0.0,0.0,3,24,g9_22,1.0,1.0,0.0,0.0,4,23,0.0,0.0,1,26,0.5,0.5,9,17,0.0,0.0,1,26,0.0,0.0,1,26,0.0,0.0,1,26,0.0,0.0,1,26,1.0,1.0,1,26,0.0,0.0,1,26,0.0,0.0,1,26,0.0,0.0,5,22,0.0,0.0,1,26,7.1589,0.9424,16,0,1.5,1.5,10,17,tesla_modal,0.0,0.0,4,23,tesla_modal,1.0,1.0
08QPVCPULY0V,4036,201.8,1,tesla,tesla,building,8.0,18.0,mighty_miner,3.82,mighty_miner,5,0.0,0.0,26,0.4869,0.8504,9,0,-0.3947,-0.1151,26,0,0.443,0.5,27,0,0.0,0.0,1,26,0.0,0.0,1,26,0.0,0.0,1,26,0.0,0.0,1,26,1.0,1.0,1,26,0.0,0.0,1,26,0.0,0.0,1,26,1.0,0.8504,1,3,-0.0,-0.1151,1,22,1.5737,2.3007,26,0,1.5351,2.2353,15,0,tesla_modal,0.0513,0.5227,9,0,tesla_modal,1.0,1.0,0.0146,0.3782,9,0,0.0,0.0,1,26,0.443,0.5,27,0,0.0,0.0,1,26,0.0,0.0,1,26,0.0,0.0,1,26,0.0,0.0,1,26,1.0,1.0,1,26,0.0,0.0,1,26,0.0,0.0,1,26,1.0,0.3782,1,2,0.0,0.0,1,26,1.5737,2.3007,26,0,1.4576,1.8782,27,0,tesla_modal,0.0106,0.2836,9,0,tesla_modal,1.0,1.0
08QPVCPULY0V,4068,203.4,0,tesla,tesla,building,15.0,19.0,,0.0,,0,0.0,0.0,26,0.0,0.0,1,26,0.0,0.0,1,26,0.5,0.5,9,17,0.0,0.0,1,26,0.0,0.0,1,26,0.0,0.0,1,26,0.0,0.0,1,26,0.0,0.0,1,26,0.0,0.0,1,26,0.0,0.0,1,26,0.0,0.0,1,26,0.0,0.0,1,26,0.0,0.0,1,26,0.5,0.5,9,17,centre,0.0,0.0,1,26,corner,0.0,0.0,0.0,0.0,1,26,0.0,0.0,1,26,0.5,0.5,9,17,0.0,0.0,1,26,0.0,0.0,1,26,0.0,0.0,1,26,0.0,0.0,1,26,0.0,0.0,1,26,0.0,0.0,1,26,0.0,0.0,1,26,0.0,0.0,1,26,0.0,0.0,1,26,0.0,0.0,1,26,0.5,0.5,9,17,centre,0.0,0.0,1,26,corner,0.0,0.0
08YY892LJCG9,268,13.4,1,tesla,tesla,building,9.0,22.0,baby_dragon,17.22,baby_dragon,1,0.0,0.0,26,0.8534,0.0,3,1,0.0,0.0,1,26,1.0,0.5,1,8,0.0,0.0,1,26,0.0,0.0,1,26,0.0,0.0,1,26,0.0,0.0,1,26,0.0,0.0,1,26,0.0,0.0,1,26,0.0,0.0,1,26,0.0,0.0,1,26,0.0,0.0,1,26,4.2068,10.8747,16,1,1.8534,0.5,3,1,centre,0.8534,0.0,3,1,centre,0.0,0.0,1.0,0.0,1,4,0.0,0.0,1,26,1.0,0.5,1,8,0.0,0.0,1,26,0.0,0.0,1,26,0.0,0.0,1,26,0.0,0.0,1,26,0.0,0.0,1,26,0.0,0.0,1,26,0.0,0.0,1,26,0.0,0.0,1,26,0.0,0.0,1,26,4.2068,10.8747,16,1,2.0,0.5,1,4,centre,1.0,0.0,1,4,centre,0.0,0.0
08YY892LJCG9,1061,53.1,1,x-bow,x_bow,building,15.5,19.5,,0.0,,0,0.0,0.0,26,0.0,0.0,1,26,0.0,0.0,1,26,0.5,0.5,11,16,0.0,0.0,1,26,0.0,0.0,1,26,0.0,0.0,1,26,0.0,0.0,1,26,0.0,0.0,1,26,0.9616,1.0,9,0,0.0,0.0,1,26,0.0,0.0,1,26,0.0,0.0,1,26,0.0,0.0,1,26,1.4616,1.5,9,0,g9_18,0.9616,1.0,9,0,corner,0.0,0.0,0.0,0.0,1,26,0.0,0.0,1,26,0.5,0.5,11,16,0.0,0.0,1,26,0.0,0.0,1,26,0.0,0.0,1,26,0.0,0.0,1,26,0.0,0.0,1,26,0.9616,1.0,9,0,0.0,0.0,1,26,0.0,0.0,1,26,0.0,0.0,1,26,0.0,0.0,1,26,1.4616,1.5,9,0,g9_18,0.9616,1.0,9,0,corner,0.0,0.0
08YY892LJCG9,1946,97.3,1,tesla,tesla,building,9.0,20.0,,0.0,,0,0.0,0.0,26,0.0,0.0,1,26,0.0,0.0,1,26,1.0,0.5,1,8,0.0,0.0,1,26,0.0,0.0,1,26,0.0,0.0,1,26,0.0,0.0,1,26,0.0,0.0,1,26,0.0,0.0,1,26,0.0,0.0,1,26,0.0,0.0,1,26,0.0,0.0,1,26,0.0,0.0,1,26,1.0,0.5,1,8,centre,0.0,0.0,1,26,corner,0.0,0.0,0.0,0.0,1,26,0.0,0.0,1,26,1.0,0.5,1,8,0.0,0.0,1,26,0.0,0.0,1,26,0.0,0.0,1,26,0.0,0.0,1,26,0.0,0.0,1,26,0.0,0.0,1,26,0.0,0.0,1,26,0.0,0.0,1,26,0.0,0.0,1,26,0.0,0.0,1,26,1.0,0.5,1,8,centre,0.0,0.0,1,26,corner,0.0,0.0
08YY892LJCG9,2151,107.6,1,x-bow,x_bow,building,5.5,21.5,,0.0,,5,0.0,0.0,26,0.0,0.0,1,26,0.0,0.0,1,26,0.5837,0.5,9,0,0.0,0.0,1,26,0.0,0.0,1,26,0.0,0.0,1,26,0.0,0.0,1,26,0.0,0.0,1,26,0.0,1.0,9,18,0.0,0.0,1,26,0.0,0.0,1,26,0.0,0.0,1,26,0.0,0.0,1,26,0.5837,1.5,17,0,g9_18,0.0,1.0,9,18,corner,0.0,0.0,0.0,0.0,1,26,0.0,0.0,1,26,0.5837,0.5,9,0,0.0,0.0,1,26,0.0,0.0,1,26,0.0,0.0,1,26,0.0,0.0,1,26,0.0,0.0,1,26,0.0,1.0,9,18,0.0,0.0,1,26,0.0,0.0,1,26,0.0,0.0,1,26,0.0,0.0,1,26,0.5837,1.5,17,0,g9_18,0.0,1.0,9,18,corner,0.0,0.0
08YY892LJCG9,2758,137.9,1,x-bow,x_bow,building,5.5,22.5,,0.0,,3,0.0,0.0,26,0.0,0.0,1,26,0.0,0.0,1,26,0.7044,0.5,9,0,0.0,0.0,1,26,0.0,0.0,1,26,0.0,0.0,1,26,0.0,0.0,1,26,0.0,0.0,1,26,0.0,1.0,9,18,0.0,0.0,1,26,0.0,0.0,1,26,0.0,0.0,1,26,0.0,0.0,1,26,0.7044,1.5,17,0,g9_18,0.0,1.0,9,18,corner,0.0,0.0,0.0,0.0,1,26,0.0,0.0,1,26,0.7044,0.5,9,0,0.0,0.0,1,26,0.0,0.0,1,26,0.0,0.0,1,26,0.0,0.0,1,26,0.0,0.0,1,26,0.0,1.0,9,18,0.0,0.0,1,26,0.0,0.0,1,26,0.0,0.0,1,26,0.0,0.0,1,26,0.7044,1.5,17,0,g9_18,0.0,1.0,9,18,corner,0.0,0.0
08YY892LJCG9,3061,153.1,1,tesla,tesla,building,9.0,18.0,,0.0,,8,0.0,0.0,26,0.0,0.0,1,26,0.0,0.0,1,26,0.4663,0.5,26,1,0.0,0.0,1,26,0.0,0.0,1,26,0.0,0.0,1,26,0.0,0.0,1,26,0.0,0.0,1,26,0.0,0.0,1,26,0.0,0.0,1,26,0.0,0.0,1,26,0.0,0.0,1,26,0.0,0.0,1,26,0.4663,0.5,26,1,centre,0.0,0.0,1,26,corner,0.0,0.0,0.0,0.0,1,26,0.0,0.0,1,26,0.4663,0.5,26,1,0.0,0.0,1,26,0.0,0.0,1,26,0.0,0.0,1,26,0.0,0.0,1,26,0.0,0.0,1,26,0.0,0.0,1,26,0.0,0.0,1,26,0.0,0.0,1,26,0.0,0.0,1,26,0.0,0.0,1,26,0.4663,0.5,26,1,centre,0.0,0.0,1,26,corner,0.0,0.0
08YY892LJCG9,3267,163.4,1,x-bow,x_bow,building,8.5,21.5,,0.0,,3,0.0,0.0,26,0.0,0.0,1,26,0.0,0.0,1,26,1.0,0.5,1,8,0.0,0.0,1,26,0.0,0.0,1,26,0.0,0.0,1,26,0.0,0.0,1,26,0.0,0.0,1,26,0.0,1.0,9,18,0.0,0.0,1,26,0.0,0.0,1,26,0.0,0.0,1,26,0.0,0.0,1,26,1.0,1.5,9,8,g9_18,0.0,1.0,9,18,corner,0.0,0.0,0.0,0.0,1,26,0.0,0.0,1,26,1.0,0.5,1,8,0.0,0.0,1,26,0.0,0.0,1,26,0.0,0.0,1,26,0.0,0.0,1,26,0.0,0.0,1,26,0.0,1.0,9,18,0.0,0.0,1,26,0.0,0.0,1,26,0.0,0.0,1,26,0.0,0.0,1,26,1.0,1.5,9,8,g9_18,0.0,1.0,9,18,corner,0.0,0.0
08YY892P8Q98,594,29.7,1,tesla,tesla,building,9.0,19.0,royal_ghost,6.31,royal_ghost,9,0.0,0.0,26,1.0,1.0,1,5,-0.0,-0.0,1,22,0.9902,0.5,9,0,0.0,0.0,1,26,0.0,0.0,1,26,0.0,0.0,1,26,0.0,0.0,1,26,0.1821,0.1821,1,26,0.0,0.0,1,26,0.0,0.0,1,26,0.0,1.0,6,21,-0.0,-0.0,1,26,3.6475,2.3215,21,0,2.1723,1.6821,3,0,tesla_modal,0.9951,0.75,3,0,tesla_modal,0.1821,0.1821,0.1529,0.0,4,0,0.0,0.0,1,26,0.9902,0.5,9,0,0.0,0.0,1,26,0.0,0.0,1,26,0.0,0.0,1,26,0.0,0.0,1,26,0.1821,0.1821,1,26,0.0,0.0,1,26,0.0,0.0,1,26,0.0,0.9751,6,21,0.0,0.0,1,26,3.6475,2.3215,21,0,1.3252,0.6821,3,0,g9_22,0.1521,0.0,4,0,g9_22,0.1821,0.1821
08YY892P8Q98,691,34.6,1,x-bow,x_bow,building,2.5,19.5,royal_ghost,4.1,royal_ghost,9,0.0,0.0,26,1.0,1.0,1,6,-0.0,-0.0,1,24,0.5,0.5,11,16,0.0,0.0,1,26,0.0,0.0,1,26,0.0,0.0,1,26,0.0,0.0,1,26,0.0,0.0,1,26,0.9616,1.0,9,0,0.0,0.0,1,26,1.0,1.0,1,5,-0.0,-0.0,1,26,2.2893,2.4854,25,0,2.4616,2.5,5,0,g9_18,1.0,1.0,1,7,corner,0.0,0.0,0.0,0.0,5,22,0.0,0.0,1,26,0.5,0.5,11,16,0.0,0.0,1,26,0.0,0.0,1,26,0.0,0.0,1,26,0.0,0.0,1,26,0.0,0.0,1,26,0.9616,1.0,9,0,0.0,0.0,1,26,0.4503,0.2311,4,0,0.0,0.0,1,26,2.2893,2.4854,25,0,1.4616,1.5,11,0,g9_22,0.9616,1.0,10,0,corner,0.0,0.0
08YY892P8Q98,1666,83.3,1,tesla,tesla,building,9.0,19.0,,0.0,,0,0.0,0.0,26,0.0,0.0,1,26,0.0,0.0,1,26,0.9902,0.5,9,0,0.0,0.0,1,26,0.0,0.0,1,26,0.0,0.0,1,26,0.0,0.0,1,26,0.0,0.0,1,26,0.0,0.0,1,26,0.0,0.0,1,26,0.0,0.0,1,26,0.0,0.0,1,26,0.0,0.0,1,26,0.9902,0.5,9,0,centre,0.0,0.0,1,26,corner,0.0,0.0,0.0,0.0,1,26,0.0,0.0,1,26,0.9902,0.5,9,0,0.0,0.0,1,26,0.0,0.0,1,26,0.0,0.0,1,26,0.0,0.0,1,26,0.0,0.0,1,26,0.0,0.0,1,26,0.0,0.0,1,26,0.0,0.0,1,26,0.0,0.0,1,26,0.0,0.0,1,26,0.9902,0.5,9,0,centre,0.0,0.0,1,26,corner,0.0,0.0
08YY892P8Q98,1888,94.4,1,x-bow,x_bow,building,4.5,19.5,,0.0,,2,0.0,0.0,26,0.0,0.0,1,26,0.0,0.0,1,26,0.5,0.5,11,16,0.0,0.0,1,26,0.0,0.0,1,26,0.0,0.0,1,26,0.0,0.0,1,26,0.0,0.0,1,26,0.9616,1.0,9,0,0.0,0.0,1,26,0.0,0.0,1,26,0.0,0.0,1,26,0.0,0.0,1,26,1.4616,1.5,9,0,g9_18,0.9616,1.0,9,0,corner,0.0,0.0,0.0,0.0,1,26,0.0,0.0,1,26,0.5,0.5,11,16,0.0,0.0,1,26,0.0,0.0,1,26,0.0,0.0,1,26,0.0,0.0,1,26,0.0,0.0,1,26,0.9616,1.0,9,0,0.0,0.0,1,26,0.0,0.0,1,26,0.0,0.0,1,26,0.0,0.0,1,26,1.4616,1.5,9,0,g9_18,0.9616,1.0,9,0,corner,0.0,0.0
08YY892P8Q98,2721,136.1,1,x-bow,x_bow,building,5.5,21.5,,0.0,,2,0.0,0.0,26,0.0,0.0,1,26,0.0,0.0,1,26,0.5,0.5,1,16,0.0,0.0,1,26,0.0,0.0,1,26,0.0,0.0,1,26,0.0,0.0,1,26,0.0,0.0,1,26,0.0,1.0,9,18,0.0,0.0,1,26,0.0,0.0,1,26,0.0,0.0,1,26,0.0,0.0,1,26,0.5,1.5,9,12,corner,0.0,1.0,9,18,corner,0.0,0.0,0.0,0.0,1,26,0.0,0.0,1,26,0.5,0.5,1,16,0.0,0.0,1,26,0.0,0.0,1,26,0.0,0.0,1,26,0.0,0.0,1,26,0.0,0.0,1,26,0.0,1.0,9,18,0.0,0.0,1,26,0.0,0.0,1,26,0.0,0.0,1,26,0.0,0.0,1,26,0.5,1.5,9,12,corner,0.0,1.0,9,18,corner,0.0,0.0
08YY892P8Q98,2852,142.6,1,tesla,tesla,building,9.0,20.0,inferno_dragon,4.48,inferno_dragon,4,0.0,0.0,26,0.0,0.6526,6,21,0.0,0.0,1,26,0.5,0.5,1,16,0.0,0.0,1,26,0.0,0.0,1,26,0.0,0.0,1,26,0.0,0.0,1,26,1.0,1.0,1,26,0.0,0.0,1,26,0.0,0.0,1,26,0.9891,0.6674,3,0,0.0,0.0,1,26,1.7551,3.8052,25,0,1.5,2.1526,6,11,corner,0.0,0.4895,6,21,corner,1.0,1.0,0.0,0.9401,9,18,0.0,0.0,1,26,0.5,0.5,1,16,0.0,0.0,1,26,0.0,0.0,1,26,0.0,0.0,1,26,0.0,0.0,1,26,1.0,1.0,1,26,0.0,0.0,1,26,0.0,0.0,1,26,1.0,0.9549,1,2,0.0,0.0,1,26,1.7551,3.8052,25,0,1.5,2.4401,8,9,corner,0.0,0.7051,9,18,corner,1.0,1.0
08YY892P8Q98,3148,157.4,1,x-bow,x_bow,building,4.5,19.5,zappies,13.58,zappies,7,0.0,0.0,26,0.0,0.0,4,23,0.0,0.0,1,26,0.5,0.5,1,16,0.0,0.0,1,26,0.0,0.0,1,26,0.0,0.0,1,26,0.0,0.0,1,26,0.0,0.0,1,26,0.9616,1.0,9,0,0.0,0.0,1,26,0.0,0.0,1,26,0.0,0.0,1,26,0.4,1.4,23,1,1.4616,1.5,6,0,g9_18,0.9616,1.0,9,0,corner,0.0,0.0,0.0,0.0,4,23,0.0,0.0,1,26,0.5,0.5,1,16,0.0,0.0,1,26,0.0,0.0,1,26,0.0,0.0,1,26,0.0,0.0,1,26,0.0,0.0,1,26,0.9616,1.0,9,0,0.0,0.0,1,26,0.0,0.0,1,26,0.0,0.0,1,26,0.4,1.4,23,1,1.4616,1.5,8,0,g9_18,0.9616,1.0,9,0,corner,0.0,0.0
08YY892P8Q98,3364,168.2,1,tesla,tesla,building,10.0,22.0,royal_recruits,7.63,royal_recruits,14,0.0,0.0,26,0.0,0.8593,10,17,-0.0,-0.1082,1,21,0.5,0.5,1,16,0.0,0.0,1,26,0.0,0.0,1,26,0.0,0.0,1,26,0.0,0.0,1,26,1.0,1.0,1,26,0.0,0.0,1,26,0.0,0.0,1,26,0.0,0.8593,10,17,-0.0,-0.1082,1,22,5.4318,2.3186,18,0,1.5,2.251,9,8,tesla_modal,0.0,0.5362,9,17,tesla_modal,1.0,1.0,0.0,0.3871,9,18,0.0,0.0,1,26,0.5,0.5,1,16,0.0,0.0,1,26,0.0,0.0,1,26,0.0,0.0,1,26,0.0,0.0,1,26,1.0,1.0,1,26,0.0,0.0,1,26,0.0,0.0,1,26,0.0,0.3871,9,18,0.0,0.0,1,26,5.4318,2.3186,18,0,1.5,1.8871,9,9,tesla_modal,0.0,0.2903,9,18,tesla_modal,1.0,1.0
08YY892P8Q98,3582,179.1,1,x-bow,x_bow,building,15.5,19.5,inferno_dragon,12.66,inferno_dragon,4,0.0,0.0,26,0.0,0.0,3,24,0.0,0.0,1,26,0.0,0.5,19,8,0.0,0.0,1,26,0.0,0.0,1,26,0.0,0.0,1,26,0.0,0.0,1,26,0.0,0.0,1,26,0.9616,1.0,9,0,0.0,0.0,1,26,0.0,0.0,5,22,0.0,0.0,1,26,9.3592,1.7467,9,0,0.9616,1.5,9,0,g9_18,0.9616,1.0,9,0,corner,0.0,0.0,0.0,0.0,4,23,0.0,0.0,1,26,0.0,0.5,19,8,0.0,0.0,1,26,0.0,0.0,1,26,0.0,0.0,1,26,0.0,0.0,1,26,0.0,0.0,1,26,0.9616,1.0,9,0,0.0,0.0,1,26,0.0,0.0609,7,20,0.0,0.0,1,26,9.3592,1.7467,9,0,0.9616,1.5,10,0,g9_18,0.9616,1.0,9,0,corner,0.0,0.0
08YY892V8QUU,541,27.1,1,tesla,tesla,building,9.0,21.0,goblin_brawler,8.09,goblin_brawler,2,0.0,0.0,26,1.0,0.0,1,3,-0.0,-0.0,1,20,1.0,0.5,1,8,0.0,0.0,1,26,0.0,0.0,1,26,0.0,0.0,1,26,0.0,0.0,1,26,0.0,0.0,1,26,0.0,0.0,1,26,0.0,0.0,1,26,0.0,0.0,4,23,-0.0,-0.0,1,26,5.0,11.1308,14,2,2.0,0.5,1,2,tesla_modal,1.0,0.0,1,2,tesla_modal,0.0,0.0,1.0,0.0,1,3,0.0,0.0,1,26,1.0,0.5,1,8,0.0,0.0,1,26,0.0,0.0,1,26,0.0,0.0,1,26,0.0,0.0,1,26,0.0,0.0,1,26,0.0,0.0,1,26,0.0,0.0,1,26,0.0,0.0,4,23,0.0,0.0,1,26,5.0,11.1308,14,2,2.0,0.5,1,2,tesla_modal,1.0,0.0,1,2,tesla_modal,0.0,0.0
08YY892V8QUU,1079,54.0,1,x-bow,x_bow,building,15.5,19.5,baby_dragon,17.64,baby_dragon,1,0.0,0.0,26,0.0,0.117,9,18,0.0,0.0,1,26,0.5,0.5,11,16,0.0,0.0,1,26,0.0,0.0,1,26,0.0,0.0,1,26,0.0,0.0,1,26,0.0,0.0,1,26,0.9616,1.0,9,0,0.0,0.0,1,26,0.0,0.0,1,26,0.0,0.0,1,26,9.9903,2.734,5,1,1.4616,1.617,13,0,skel_cell,0.9616,1.0,10,0,corner,0.0,0.0,0.0,0.4045,10,17,0.0,0.0,1,26,0.5,0.5,11,16,0.0,0.0,1,26,0.0,0.0,1,26,0.0,0.0,1,26,0.0,0.0,1,26,0.0,0.0,1,26,0.9616,1.0,9,0,0.0,0.0,1,26,0.0,0.0,1,26,0.0,0.0,1,26,9.9903,2.734,5,1,1.4616,1.9045,13,0,g9_18,0.9616,1.0,13,0,corner,0.0,0.0
08YY892V8QUU,1204,60.2,1,tesla,tesla,building,10.0,21.0,electro_giant,6.26,electro_giant,2,0.0,0.0,26,1.0,0.0,1,3,-0.0,-0.0,1,21,1.0,0.5,1,8,0.0,0.0,1,26,0.0,0.0,1,26,0.0,0.0,1,26,0.0,0.0,1,26,1.0,1.0,1,26,0.0,0.0,1,26,0.0,0.0,1,26,1.0,0.0,1,6,-0.0,-0.0,1,25,5.2005,12.7382,22,0,3.0,1.5,1,2,tesla_modal,1.0,0.0,1,2,tesla_modal,1.0,1.0,1.0,0.0,1,3,0.0,0.0,1,26,1.0,0.5,1,8,0.0,0.0,1,26,0.0,0.0,1,26,0.0,0.0,1,26,0.0,0.0,1,26,1.0,1.0,1,26,0.0,0.0,1,26,0.0,0.0,1,26,1.0,0.0,1,3,0.0,0.0,1,26,5.2005,12.7382,22,0,3.0,1.5,1,2,tesla_modal,1.0,0.0,1,2,tesla_modal,1.0,1.0
08YY892V8QUU,2183,109.2,1,tesla,tesla,building,9.0,21.0,goblin_brawler,6.11,goblin_brawler,3,0.0,0.0,26,0.6941,0.0,4,1,-0.0,-0.0,1,23,1.0,0.5,1,8,0.0,0.0,1,26,0.0,0.0,1,26,0.0,0.0,1,26,0.0,0.0,1,26,1.0,1.0,1,26,0.0,0.0,1,26,0.0,0.0,1,26,0.6941,0.0,6,1,-0.0,-0.0,1,24,6.1117,12.4949,19,1,2.6941,1.5,1,1,tesla_modal,0.6941,0.0,4,1,lane_R,1.0,1.0,0.7983,0.0,2,1,0.0,0.0,1,26,1.0,0.5,1,8,0.0,0.0,1,26,0.0,0.0,1,26,0.0,0.0,1,26,0.0,0.0,1,26,1.0,1.0,1,26,0.0,0.0,1,26,0.0,0.0,1,26,0.7983,0.0,3,1,0.0,0.0,1,26,6.1117,12.4949,19,1,2.7983,1.5,1,1,tesla_modal,0.7983,0.0,1,1,tesla_modal,1.0,1.0
08YY892V8QUU,2636,131.8,1,x-bow,x_bow,building,5.5,21.5,electro_giant,15.02,electro_giant,1,0.0,0.0,26,0.0,0.0,7,20,-0.0,-0.0,1,19,0.5837,0.5,9,0,0.0,0.0,1,26,0.0,0.0,1,26,0.0,0.0,1,26,0.0,0.0,1,26,0.0,0.0,1,26,0.0,1.0,9,18,0.0,0.0,1,26,0.0,0.0,1,26,-0.0,-0.0,1,26,8.4,12.4,9,0,0.5837,1.5,15,0,g9_18,0.0,1.0,12,12,corner,0.0,0.0,0.0,0.0,6,21,0.0,0.0,1,26,0.5837,0.5,9,0,0.0,0.0,1,26,0.0,0.0,1,26,0.0,0.0,1,26,0.0,0.0,1,26,0.0,0.0,1,26,0.0,1.0,9,18,0.0,0.0,1,26,0.0,0.0,1,26,0.0,0.0,1,26,8.4,12.4,9,0,0.5837,1.5,17,0,g9_18,0.0,1.0,12,15,corner,0.0,0.0
08YY892V8QUU,2861,143.1,1,tesla,tesla,building,9.0,21.0,dark_prince,5.42,dark_prince,5,0.0,0.0,26,1.0,1.0,1,7,-0.0,-0.0,1,23,1.0,0.5,1,8,0.0,0.0,1,26,0.0,0.0,1,26,0.0,0.0,1,26,0.0,0.0,1,26,1.0,1.0,1,26,0.0,0.0,1,26,0.0,0.0,1,26,0.9899,1.0,7,1,-0.0,-0.0,1,26,3.0,3.4998,22,1,3.0,2.5,1,3,centre,1.0,0.75,1,3,centre,1.0,1.0,0.0,0.0791,3,24,0.0,0.0,1,26,1.0,0.5,1,8,0.0,0.0,1,26,0.0,0.0,1,26,0.0,0.0,1,26,0.0,0.0,1,26,1.0,1.0,1,26,0.0,0.0,1,26,0.0,0.0,1,26,1.0,0.4109,1,1,0.0,0.0,1,26,3.0,3.4998,22,1,2.0,1.5791,1,8,centre,0.0,0.0593,3,24,corner,1.0,1.0
08YY892V8QUU,3261,163.1,1,x-bow,x_bow,building,5.5,22.5,dark_prince,21.86,dark_prince,1,0.0,0.0,26,0.0,0.0,7,20,-0.0,-0.0,1,19,0.7044,0.5,9,0,0.0,0.0,1,26,0.0,0.0,1,26,0.0,0.0,1,26,0.0,0.0,1,26,0.0,0.0,1,26,0.0,1.0,9,18,0.0,0.0,1,26,0.0,0.0,1,26,-0.0,-0.0,1,26,8.4,12.4,9,0,0.7044,1.5,15,0,g9_18,0.0,1.0,12,12,corner,0.0,0.0,0.0,0.0,4,23,0.0,0.0,1,26,0.7044,0.5,9,0,0.0,0.0,1,26,0.0,0.0,1,26,0.0,0.0,1,26,0.0,0.0,1,26,0.0,0.0,1,26,0.0,1.0,9,18,0.0,0.0,1,26,0.0,0.0,1,26,0.0,0.0,1,26,8.4,12.4,9,0,0.7044,1.5,17,0,g9_18,0.0,1.0,11,16,corner,0.0,0.0
08YY892V8QUU,3516,175.8,1,tesla,tesla,building,9.0,21.0,baby_dragon,3.57,baby_dragon,3,0.0,0.0,26,0.5372,0.0,6,1,0.0,0.0,1,26,1.0,0.5,1,8,0.0,0.0,1,26,0.0,0.0,1,26,0.0,0.0,1,26,0.0,0.0,1,26,1.0,1.0,1,26,0.0,0.0,1,26,0.0,0.0,1,26,0.5372,0.0,10,1,0.0,0.0,1,26,3.5744,8.8632,21,1,2.5372,1.5,5,1,g9_22,0.5372,0.0,6,1,g9_22,1.0,1.0,0.8247,0.0,3,1,0.0,0.0,1,26,1.0,0.5,1,8,0.0,0.0,1,26,0.0,0.0,1,26,0.0,0.0,1,26,0.0,0.0,1,26,1.0,1.0,1,26,0.0,0.0,1,26,0.0,0.0,1,26,0.8247,0.0,7,1,0.0,0.0,1,26,3.5744,8.8632,21,1,2.8247,1.5,2,1,g9_22,0.8247,0.0,2,1,g9_22,1.0,1.0
08YY892V8QUU,4037,201.9,1,x-bow,x_bow,building,5.5,22.5,dark_prince,8.59,dark_prince,1,0.0,0.0,26,0.0,0.0,5,22,-0.0,-0.0,1,21,0.7044,0.5,9,0,0.0,0.0,1,26,0.0,0.0,1,26,0.0,0.0,1,26,0.0,0.0,1,26,0.0,0.0,1,26,0.0,1.0,9,18,0.0,0.0,1,26,0.0,0.0,6,21,-0.0,-0.0,1,21,6.6944,10.7699,14,0,0.7044,1.5,18,0,corner_R,0.0,1.0,10,16,corner,0.0,0.0,0.0,0.0,1,26,0.0,0.0,1,26,0.7044,0.5,9,0,0.0,0.0,1,26,0.0,0.0,1,26,0.0,0.0,1,26,0.0,0.0,1,26,0.0,0.0,1,26,0.0,1.0,9,18,0.0,0.0,1,26,0.0,0.0,1,26,0.0,0.0,1,26,6.6944,10.7699,14,0,0.7044,1.5,17,0,g9_18,0.0,1.0,9,18,corner,0.0,0.0
08YY892V8QUU,4351,217.6,1,tesla,tesla,building,9.0,21.0,goblin_brawler,8.74,goblin_brawler,3,0.0,0.0,26,1.0,0.0,1,3,-0.0,-0.0,1,20,1.0,0.5,1,8,0.0,0.0,1,26,0.0,0.0,1,26,0.0,0.0,1,26,0.0,0.0,1,26,0.0,0.0,1,26,0.0,0.0,1,26,0.0,0.0,1,26,0.0,0.0,2,25,-0.0,-0.0,1,26,5.0,11.0935,14,2,2.0,0.5,1,2,tesla_modal,1.0,0.0,1,2,tesla_modal,0.0,0.0,1.0,0.0,1,3,0.0,0.0,1,26,1.0,0.5,1,8,0.0,0.0,1,26,0.0,0.0,1,26,0.0,0.0,1,26,0.0,0.0,1,26,0.0,0.0,1,26,0.0,0.0,1,26,0.0,0.0,1,26,0.0,0.0,2,25,0.0,0.0,1,26,5.0,11.0935,14,2,2.0,0.5,1,2,tesla_modal,1.0,0.0,1,2,tesla_modal,0.0,0.0
08YY892V8QUU,4642,232.1,1,tesla,tesla,building,10.0,20.0,baby_dragon,4.66,baby_dragon,3,0.0,0.0,26,0.0,0.0,1,26,0.0,0.0,1,26,0.9951,0.5,9,0,0.0,0.0,1,26,0.0,0.0,1,26,0.0,0.0,1,26,0.0,0.0,1,26,1.0,1.0,1,26,0.0,0.0,1,26,0.0,0.0,1,26,0.0,0.0,1,26,0.0,0.0,1,26,4.6609,13.268,21,0,1.9951,1.5,9,0,centre,0.0,0.0,1,26,corner,1.0,1.0,0.0,0.0,1,26,0.0,0.0,1,26,0.9951,0.5,9,0,0.0,0.0,1,26,0.0,0.0,1,26,0.0,0.0,1,26,0.0,0.0,1,26,1.0,1.0,1,26,0.0,0.0,1,26,0.0,0.0,1,26,0.0,0.0,1,26,0.0,0.0,1,26,4.6609,13.268,21,0,1.9951,1.5,9,0,centre,0.0,0.0,1,26,corner,1.0,1.0
08YY89822YRQ,672,33.6,1,x-bow,x_bow,building,8.5,22.5,cannon_cart,12.1,cannon_cart,1,0.0,0.0,26,0.0,0.0,4,23,0.0,0.0,1,26,1.0,0.5,1,8,0.0,0.0,1,26,0.0,0.0,1,26,0.0,0.0,1,26,0.0,0.0,1,26,0.0,0.0,1,26,0.0,1.0,9,18,0.0,0.0,1,26,0.0,0.0,2,25,0.0,0.0,1,26,5.4,12.4,12,1,1.0,1.5,11,6,g9_18,0.0,1.0,11,16,corner,0.0,0.0,0.0,0.0,5,22,0.0,0.0,1,26,1.0,0.5,1,8,0.0,0.0,1,26,0.0,0.0,1,26,0.0,0.0,1,26,0.0,0.0,1,26,0.0,0.0,1,26,0.0,1.0,9,18,0.0,0.0,1,26,0.0,0.0,2,25,0.0,0.0,1,26,5.4,12.4,12,1,1.0,1.5,12,5,g9_18,0.0,1.0,12,15,corner,0.0,0.0
08YY89822YRQ,2428,121.4,1,tesla,tesla,building,15.0,19.0,,0.0,,1,0.0,0.0,26,0.0,0.0,1,26,0.0,0.0,1,26,0.5,0.5,9,17,0.0,0.0,1,26,0.0,0.0,1,26,0.0,0.0,1,26,0.0,0.0,1,26,0.0,0.0,1,26,0.0,0.0,1,26,0.0,0.0,1,26,0.0,0.0,1,26,0.0,0.0,1,26,0.0,0.0,1,26,0.5,0.5,9,17,centre,0.0,0.0,1,26,corner,0.0,0.0,0.0,0.0,1,26,0.0,0.0,1,26,0.5,0.5,9,17,0.0,0.0,1,26,0.0,0.0,1,26,0.0,0.0,1,26,0.0,0.0,1,26,0.0,0.0,1,26,0.0,0.0,1,26,0.0,0.0,1,26,0.0,0.0,1,26,0.0,0.0,1,26,0.0,0.0,1,26,0.5,0.5,9,17,centre,0.0,0.0,1,26,corner,0.0,0.0
08YY89822YRQ,2753,137.7,1,x-bow,x_bow,building,8.5,21.5,guards,3.46,guards,2,0.0,0.0,26,1.0,1.0,1,7,-0.0,-0.0,1,22,1.0,0.5,1,8,0.0,0.0,1,26,0.0,0.0,1,26,0.0,0.0,1,26,0.0,0.0,1,26,1.0,1.0,1,26,0.0,1.0,9,18,0.0,0.0,1,26,1.0,1.0,1,8,-0.0,-0.0,1,24,2.8676,3.5232,22,0,3.0,3.5,6,3,g9_18,1.0,1.0,1,10,corner,1.0,1.0,0.6605,0.9883,7,0,0.0,0.0,1,26,1.0,0.5,1,8,0.0,0.0,1,26,0.0,0.0,1,26,0.0,0.0,1,26,0.0,0.0,1,26,0.7727,0.7727,1,26,0.0,1.0,9,18,0.0,0.0,1,26,0.9043,1.0,7,0,0.0,0.0,1,26,2.8676,3.5232,22,0,2.4333,3.2611,9,0,tesla_true,0.6605,1.0,12,0,corner,0.7727,0.7727
08YY89822YRQ,3232,161.6,1,x-bow,x_bow,building,8.5,22.5,cannon_cart,7.12,cannon_cart,4,0.0,0.0,26,0.0,0.0,1,26,0.0,0.0,1,26,1.0,0.5,1,8,0.0,0.0,1,26,0.0,0.0,1,26,0.0,0.0,1,26,0.0,0.0,1,26,0.0,0.0,1,26,0.0,1.0,5,22,0.0,0.0,1,26,0.0,0.0,1,26,0.0,0.0,1,26,5.6562,13.0023,11,0,1.0,1.5,5,8,corner,0.0,1.0,5,22,corner,0.0,0.0,0.0,0.0,1,26,0.0,0.0,1,26,1.0,0.5,1,8,0.0,0.0,1,26,0.0,0.0,1,26,0.0,0.0,1,26,0.0,0.0,1,26,1.0,1.0,1,26,0.0,1.0,9,18,0.0,0.0,1,26,0.0,0.0,3,24,0.0,0.0,1,26,5.6562,13.0023,11,0,2.0,2.5,9,8,g9_18,0.0,1.0,9,18,corner,1.0,1.0
08YY8988C0QC,476,23.8,1,tesla,tesla,building,9.0,21.0,battle_ram,17.98,battle_ram,1,0.0,0.0,26,1.0,0.0,1,4,-0.0,-0.0,1,21,1.0,0.5,1,8,0.0,0.0,1,26,0.0,0.0,1,26,0.0,0.0,1,26,0.0,0.0,1,26,0.0,0.0,1,26,0.0,0.0,1,26,0.0,0.0,1,26,0.0,0.0,1,26,-0.0,-0.0,1,26,5.0,12.5,14,3,2.0,0.5,1,2,tesla_modal,1.0,0.0,1,2,tesla_modal,0.0,0.0,1.0,0.0,1,3,0.0,0.0,1,26,1.0,0.5,1,8,0.0,0.0,1,26,0.0,0.0,1,26,0.0,0.0,1,26,0.0,0.0,1,26,0.0,0.0,1,26,0.0,0.0,1,26,0.0,0.0,1,26,0.0,0.0,1,26,0.0,0.0,1,26,5.0,12.5,14,3,2.0,0.5,1,2,tesla_modal,1.0,0.0,1,2,tesla_modal,0.0,0.0
08YY8988C0QC,722,36.1,1,x-bow,x_bow,building,8.5,22.5,barbarians,5.66,barbarians,3,0.0,0.0,26,0.0,0.0,3,24,-0.0,-0.0,1,23,1.0,0.5,1,8,0.0,0.0,1,26,0.0,0.0,1,26,0.0,0.0,1,26,0.0,0.0,1,26,0.1974,0.1974,1,26,0.0,1.0,9,18,0.0,0.0,1,26,0.0,0.0,3,24,-0.0,-0.0,1,24,5.5133,12.9974,13,0,1.1974,1.6974,10,8,g9_18,0.0,1.0,10,15,corner,0.1974,0.1974,0.0,0.0,2,25,-0.0,-0.0,1,23,1.0,0.5,1,8,0.0,0.0,1,26,0.0,0.0,1,26,0.0,0.0,1,26,0.0,0.0,1,26,0.0,0.0,1,26,0.0,1.0,9,18,0.0,0.0,1,26,0.0,0.0,2,25,-0.0,-0.0,1,24,5.5133,12.9974,13,0,1.0,1.5,9,8,g9_18,0.0,1.0,10,15,corner,0.0,0.0
08YY8988C0QC,1496,74.8,1,x-bow,x_bow,building,2.5,19.5,pekka,2.1,pekka,5,0.0,0.0,26,0.0,0.5093,9,18,-0.9405,-0.4461,26,0,0.5,0.5,11,16,0.0,0.0,1,26,0.0,0.0,1,26,0.0,0.0,1,26,0.0,0.0,1,26,0.0,0.0,1,26,0.9616,1.0,9,0,0.0,0.0,1,26,1.0,1.0,1,4,-0.0,-0.0,1,23,0.131,1.2186,26,0,0.5211,1.5632,18,0,g9_18,0.6616,0.7,11,0,bow_modal_R,0.0,0.0,0.0,0.526,9,18,-0.9396,-0.4376,26,0,0.5,0.5,11,16,0.0,0.0,1,26,0.0,0.0,1,26,0.0,0.0,1,26,0.0,0.0,1,26,0.0,0.0,1,26,0.9616,1.0,9,0,0.0,0.0,1,26,1.0,1.0,1,5,-0.0,-0.0,1,24,0.131,1.2186,26,0,0.522,1.5884,18,0,g9_18,0.6616,0.7,12,0,bow_modal_R,0.0,0.0
08YY8988C0QC,2335,116.8,1,x-bow,x_bow,building,2.5,19.5,battle_ram,19.71,battle_ram,1,0.0,0.0,26,0.0,0.0,15,12,-0.0,-0.0,1,19,0.5,0.5,1,16,0.0,0.0,1,26,0.0,0.0,1,26,0.0,0.0,1,26,0.0,0.0,1,26,0.0,0.0,1,26,0.9616,1.0,9,0,0.0,0.0,1,26,0.0,0.0,1,26,-0.0,-0.0,1,26,9.0879,10.3985,5,0,1.4616,1.5,10,0,g9_18,0.9616,1.0,7,0,corner,0.0,0.0,0.0464,0.0,9,0,0.0,0.0,1,26,0.5,0.5,1,16,0.0,0.0,1,26,0.0,0.0,1,26,0.0,0.0,1,26,0.0,0.0,1,26,0.0,0.0,1,26,0.9616,1.0,9,0,0.0,0.0,1,26,0.0,0.0,1,26,0.0,0.0,1,26,9.0879,10.3985,5,0,1.508,1.5,2,0,g9_18,0.9964,1.0,9,0,corner,0.0,0.0
08YY8988C0QC,2444,122.2,1,tesla,tesla,building,9.0,22.0,pekka,12.3,pekka,2,0.0,0.0,26,1.0,0.65,1,3,-0.0,-0.3182,1,19,0.5,0.5,1,16,0.0,0.0,1,26,0.0,0.0,1,26,0.0,0.0,1,26,0.0,0.0,1,26,0.0,0.0,1,26,0.0,0.0,1,26,0.0,0.0,1,26,0.0,0.0,2,25,-0.0,-0.0,1,26,5.0,1.5,15,3,1.5,0.8318,1,2,tesla_modal,0.75,0.1875,1,2,tesla_modal,0.0,0.0,1.0,0.6667,1,3,-0.0,-0.3077,1,19,0.5,0.5,1,16,0.0,0.0,1,26,0.0,0.0,1,26,0.0,0.0,1,26,0.0,0.0,1,26,0.0,0.0,1,26,0.0,0.0,1,26,0.0,0.0,1,26,0.0,0.0,3,24,-0.0,-0.0,1,26,5.0,1.5,15,3,1.5,0.859,1,2,tesla_modal,0.75,0.2,1,2,tesla_modal,0.0,0.0
08YY8988V9JL,745,37.3,1,tesla,tesla,building,15.0,21.0,goblin_demolisher,4.92,goblin_demolisher,5,0.0,0.0,26,0.0,0.0,4,23,0.0,0.0,1,26,0.5,0.5,9,17,0.0,0.0,1,26,0.0,0.0,1,26,0.0,0.0,1,26,0.0,0.0,1,26,1.0,1.0,1,26,0.0,0.0,1,26,0.0,0.0,1,26,0.4625,0.0,3,0,0.0,0.0,1,26,0.0,12.5,24,3,1.5,1.5,10,17,tesla_modal,0.0,0.0,4,23,tesla_modal,1.0,1.0,0.0,0.0,4,23,0.0,0.0,1,26,0.5,0.5,9,17,0.0,0.0,1,26,0.0,0.0,1,26,0.0,0.0,1,26,0.0,0.0,1,26,1.0,1.0,1,26,0.0,0.0,1,26,0.0,0.0,1,26,0.7916,0.0,3,0,0.0,0.0,1,26,0.0,12.5,24,3,1.5,1.5,10,17,tesla_modal,0.0,0.0,4,23,tesla_modal,1.0,1.0
08YY8988V9JL,1524,76.2,1,x-bow,x_bow,building,15.5,19.5,,0.0,,0,0.0,0.0,26,0.0,0.0,1,26,0.0,0.0,1,26,0.5,0.5,11,16,0.0,0.0,1,26,0.0,0.0,1,26,0.0,0.0,1,26,0.0,0.0,1,26,0.0,0.0,1,26,0.9616,1.0,9,0,0.0,0.0,1,26,0.0,0.0,1,26,0.0,0.0,1,26,0.0,0.0,1,26,1.4616,1.5,9,0,g9_18,0.9616,1.0,9,0,corner,0.0,0.0,0.0,0.0,1,26,0.0,0.0,1,26,0.5,0.5,11,16,0.0,0.0,1,26,0.0,0.0,1,26,0.0,0.0,1,26,0.0,0.0,1,26,0.0,0.0,1,26,0.9616,1.0,9,0,0.0,0.0,1,26,0.0,0.0,1,26,0.0,0.0,1,26,0.0,0.0,1,26,1.4616,1.5,9,0,g9_18,0.9616,1.0,9,0,corner,0.0,0.0
08YY8988V9JL,1681,84.1,1,tesla,tesla,building,13.0,18.0,goblin_demolisher,5.86,goblin_demolisher,2,0.0,0.0,26,0.0,0.0,4,23,0.0,0.0,1,26,0.5,0.5,9,17,0.0,0.0,1,26,0.0,0.0,1,26,0.0,0.0,1,26,0.0,0.0,1,26,1.0,1.0,1,26,0.0,0.0,1,26,0.0,0.0,1,26,0.9526,0.0,1,0,0.0,0.0,1,26,3.6827,14.1994,25,0,1.5,1.5,12,15,lane_R,0.0,0.0,4,23,lane_R,1.0,1.0,0.1705,0.0,5,0,0.0,0.0,1,26,0.5,0.5,9,17,0.0,0.0,1,26,0.0,0.0,1,26,0.0,0.0,1,26,0.0,0.0,1,26,1.0,1.0,1,26,0.0,0.0,1,26,0.0,0.0,1,26,0.9954,0.0,2,0,0.0,0.0,1,26,3.6827,14.1994,25,0,1.6705,1.5,13,0,lane_R,0.1279,0.0,5,0,lane_R,1.0,1.0
08YY8988V9JL,2536,126.8,1,x-bow,x_bow,building,3.5,19.5,,0.0,,0,0.0,0.0,26,0.0,0.0,1,26,0.0,0.0,1,26,0.5,0.5,11,16,0.0,0.0,1,26,0.0,0.0,1,26,0.0,0.0,1,26,0.0,0.0,1,26,0.0,0.0,1,26,1.0,1.0,1,8,0.0,0.0,1,26,0.0,0.0,1,26,0.0,0.0,1,26,0.0,0.0,1,26,1.5,1.5,2,7,g9_18,1.0,1.0,1,8,corner,0.0,0.0,0.0,0.0,1,26,0.0,0.0,1,26,0.5,0.5,11,16,0.0,0.0,1,26,0.0,0.0,1,26,0.0,0.0,1,26,0.0,0.0,1,26,0.0,0.0,1,26,1.0,1.0,1,8,0.0,0.0,1,26,0.0,0.0,1,26,0.0,0.0,1,26,0.0,0.0,1,26,1.5,1.5,2,7,g9_18,1.0,1.0,1,8,corner,0.0,0.0
08YY8988V9JL,2576,128.8,1,tesla,tesla,building,6.0,18.0,goblin_demolisher,5.2,goblin_demolisher,1,0.0,0.0,26,0.0,0.0,4,23,0.0,0.0,1,26,0.5,0.5,9,17,0.0,0.0,1,26,0.0,0.0,1,26,0.0,0.0,1,26,0.0,0.0,1,26,0.0,0.0,1,26,0.0,0.0,1,26,0.0,0.0,1,26,0.6008,0.6008,2,1,0.0,0.0,1,26,2.0,1.5,20,0,0.5,0.5,10,17,tesla_modal,0.0,0.0,4,23,tesla_modal,0.0,0.0,0.0,0.0,4,23,0.0,0.0,1,26,0.5,0.5,9,17,0.0,0.0,1,26,0.0,0.0,1,26,0.0,0.0,1,26,0.0,0.0,1,26,0.0,0.0,1,26,0.0,0.0,1,26,0.0,0.0,1,26,0.9299,0.9299,2,1,0.0,0.0,1,26,2.0,1.5,20,0,0.5,0.5,10,17,tesla_modal,0.0,0.0,4,23,tesla_modal,0.0,0.0
08YY8988V9JL,2588,129.4,0,tesla,tesla,building,14.0,18.0,knight,9.27,knight,1,0.0,0.0,26,0.0,0.65,8,19,-0.0,-0.3182,1,19,0.5,0.5,9,17,0.0,0.0,1,26,0.0,0.0,1,26,0.0,0.0,1,26,0.0,0.0,1,26,0.6373,0.6373,1,26,0.0,0.0,1,26,0.0,0.0,1,26,0.0,1.0,8,19,-0.0,-0.0,1,26,9.2745,1.5,10,0,1.1373,1.4691,12,10,tesla_modal,0.0,0.1875,6,17,tesla_modal,0.6373,0.6373,0.0,0.6667,8,19,-0.0,-0.3077,1,19,0.5,0.5,9,17,0.0,0.0,1,26,0.0,0.0,1,26,0.0,0.0,1,26,0.0,0.0,1,26,0.6373,0.6373,1,26,0.0,0.0,1,26,0.0,0.0,1,26,0.0,1.0,8,19,-0.0,-0.0,1,26,9.2745,1.5,10,0,1.1373,1.4963,12,10,tesla_modal,0.0,0.2,7,16,tesla_modal,0.6373,0.6373
08YY8988V9JL,3091,154.6,1,x-bow,x_bow,building,2.5,19.5,goblin_demolisher,12.39,goblin_demolisher,1,0.0,0.0,26,0.0,0.0,5,22,0.0,0.0,1,26,0.5,0.5,11,16,0.0,0.0,1,26,0.0,0.0,1,26,0.0,0.0,1,26,0.0,0.0,1,26,0.0,0.0,1,26,0.9616,1.0,9,0,0.0,0.0,1,26,0.0,0.0,4,23,0.0,0.0,1,26,11.4613,12.443,7,0,1.4616,1.5,11,0,g9_18,0.9616,1.0,9,0,corner,0.0,0.0,0.0,0.0,5,22,0.0,0.0,1,26,0.5,0.5,11,16,0.0,0.0,1,26,0.0,0.0,1,26,0.0,0.0,1,26,0.0,0.0,1,26,0.0,0.0,1,26,0.9616,1.0,9,0,0.0,0.0,1,26,0.0,0.0,6,21,0.0,0.0,1,26,11.4613,12.443,7,0,1.4616,1.5,12,0,g9_18,0.9616,1.0,10,0,corner,0.0,0.0
08YY8988V9JL,3231,161.6,0,tesla,tesla,building,16.0,18.0,knight,12.98,knight,2,0.0,0.0,26,0.0,1.0,8,19,-0.0,-0.0,1,26,0.5,0.5,9,17,0.0,0.0,1,26,0.0,0.0,1,26,0.0,0.0,1,26,0.0,0.0,1,26,1.0,1.0,1,26,0.0,0.0,1,26,0.0,0.0,1,26,0.0,1.0,8,19,-0.0,-0.0,1,26,12.6058,3.9882,12,0,1.5,2.5,16,11,corner,0.0,0.75,8,19,corner,1.0,1.0,0.0,1.0,8,19,-0.0,-0.0,1,26,0.5,0.5,9,17,0.0,0.0,1,26,0.0,0.0,1,26,0.0,0.0,1,26,0.0,0.0,1,26,1.0,1.0,1,26,0.0,0.0,1,26,0.0,0.0,1,26,0.0,1.0,8,19,-0.0,-0.0,1,26,12.6058,3.9882,12,0,1.5,2.5,16,11,corner,0.0,0.75,8,19,corner,1.0,1.0
08YY8988V9JL,3235,161.8,1,tesla,tesla,building,5.0,18.0,goblin_demolisher,8.69,goblin_demolisher,2,0.0,0.0,26,0.0,0.0,6,21,-0.0,-0.0,1,21,0.5,0.5,9,17,0.0,0.0,1,26,0.0,0.0,1,26,0.0,0.0,1,26,0.0,0.0,1,26,1.0,1.0,1,26,0.0,0.0,1,26,0.0,0.0,1,26,0.0,0.0,6,21,-0.0,-0.0,1,23,8.6851,12.1081,9,0,1.5,1.5,11,11,corner_R,0.0,0.0,4,20,corner_R,1.0,1.0,0.0,0.0,1,26,0.0,0.0,1,26,0.5,0.5,9,17,0.0,0.0,1,26,0.0,0.0,1,26,0.0,0.0,1,26,0.0,0.0,1,26,1.0,1.0,1,26,0.0,0.0,1,26,0.0,0.0,1,26,0.0,0.0,1,26,0.0,0.0,1,26,8.6851,12.1081,9,0,1.5,1.5,9,17,centre,0.0,0.0,1,26,corner,1.0,1.0
08YY8988V9JL,3582,179.1,1,x-bow,x_bow,building,2.5,19.5,,0.0,,0,0.0,0.0,26,0.0,0.0,1,26,0.0,0.0,1,26,0.5,0.5,11,16,0.0,0.0,1,26,0.0,0.0,1,26,0.0,0.0,1,26,0.0,0.0,1,26,0.0,0.0,1,26,0.9616,1.0,9,0,0.0,0.0,1,26,0.0,0.0,1,26,0.0,0.0,1,26,0.0,0.0,1,26,1.4616,1.5,9,0,g9_18,0.9616,1.0,9,0,corner,0.0,0.0,0.0,0.0,1,26,0.0,0.0,1,26,0.5,0.5,11,16,0.0,0.0,1,26,0.0,0.0,1,26,0.0,0.0,1,26,0.0,0.0,1,26,0.0,0.0,1,26,0.9616,1.0,9,0,0.0,0.0,1,26,0.0,0.0,1,26,0.0,0.0,1,26,0.0,0.0,1,26,1.4616,1.5,9,0,g9_18,0.9616,1.0,9,0,corner,0.0,0.0
08YY8988V9JL,3831,191.6,1,tesla,tesla,building,12.0,21.0,goblin_demolisher,10.33,goblin_demolisher,1,0.0,0.0,26,0.0,0.0,4,23,0.0,0.0,1,26,0.6274,0.5,9,0,0.0,0.0,1,26,0.0,0.0,1,26,0.0,0.0,1,26,0.0,0.0,1,26,0.6535,0.6535,1,26,0.0,0.0,1,26,0.0,0.0,1,26,0.0,0.0,4,23,0.0,0.0,1,26,8.0,1.5,10,0,1.2809,1.1535,10,0,tesla_modal,0.0,0.0,4,23,tesla_modal,0.6535,0.6535,0.0,0.0,4,23,0.0,0.0,1,26,0.6274,0.5,9,0,0.0,0.0,1,26,0.0,0.0,1,26,0.0,0.0,1,26,0.0,0.0,1,26,0.6535,0.6535,1,26,0.0,0.0,1,26,0.0,0.0,1,26,0.0,0.1898,7,20,0.0,0.0,1,26,8.0,1.5,10,0,1.2809,1.1535,10,0,tesla_modal,0.0,0.0,4,23,tesla_modal,0.6535,0.6535
08YY8988V9JL,4225,211.3,1,tesla,tesla,building,5.0,18.0,knight,16.07,knight,2,0.0,0.0,26,0.0,0.0,6,21,-0.0,-0.0,1,20,0.5,0.5,9,17,0.0,0.0,1,26,0.0,0.0,1,26,0.0,0.0,1,26,0.0,0.0,1,26,0.0,0.0,1,26,0.0,0.0,1,26,0.0,0.0,1,26,0.0,0.0,1,26,-0.0,-0.0,1,26,9.0,12.5,9,0,0.5,0.5,11,11,tesla_modal,0.0,0.0,5,17,tesla_modal,0.0,0.0,0.0,0.0,6,21,-0.0,-0.0,1,20,0.5,0.5,9,17,0.0,0.0,1,26,0.0,0.0,1,26,0.0,0.0,1,26,0.0,0.0,1,26,0.0,0.0,1,26,0.0,0.0,1,26,0.0,0.0,1,26,0.0,0.0,1,26,-0.0,-0.0,1,26,9.0,12.5,9,0,0.5,0.5,11,11,tesla_modal,0.0,0.0,5,17,tesla_modal,0.0,0.0
08YY8988V9JL,4252,212.6,1,x-bow,x_bow,building,2.5,19.5,knight,17.49,knight,2,0.0,0.0,26,0.0,0.0,7,20,-0.0,-0.0,1,19,0.5,0.5,11,16,0.0,0.0,1,26,0.0,0.0,1,26,0.0,0.0,1,26,0.0,0.0,1,26,0.0,0.0,1,26,0.9616,1.0,9,0,0.0,0.0,1,26,0.0,0.0,1,26,-0.0,-0.0,1,26,11.4,12.4,5,0,1.4616,1.5,10,0,g9_18,0.9616,1.0,8,0,corner,0.0,0.0,0.0,0.0,7,20,-0.0,-0.0,1,19,0.5,0.5,11,16,0.0,0.0,1,26,0.0,0.0,1,26,0.0,0.0,1,26,0.0,0.0,1,26,0.0,0.0,1,26,0.9616,1.0,9,0,0.0,0.0,1,26,0.0,0.0,1,26,-0.0,-0.0,1,26,11.4,12.4,5,0,1.4616,1.5,10,0,g9_18,0.9616,1.0,8,0,corner,0.0,0.0
08YY8988V9JL,4441,222.1,0,tesla,tesla,building,16.0,18.0,knight,11.29,knight,2,0.0,0.0,26,0.0,0.0,3,24,-0.0,-0.0,1,23,0.5,0.5,9,17,0.0,0.0,1,26,0.0,0.0,1,26,0.0,0.0,1,26,0.0,0.0,1,26,1.0,1.0,1,26,0.0,0.0,1,26,0.0,0.0,1,26,0.0,0.0,3,24,-0.0,-0.0,1,24,10.9562,4.4444,2,0,1.5,1.5,10,15,tesla_modal,0.0,0.0,3,23,g3_22,1.0,1.0,0.0,0.0,3,24,-0.0,-0.0,1,23,0.5,0.5,9,17,0.0,0.0,1,26,0.0,0.0,1,26,0.0,0.0,1,26,0.0,0.0,1,26,1.0,1.0,1,26,0.0,0.0,1,26,0.0,0.0,1,26,0.0,0.0,3,24,-0.0,-0.0,1,24,10.9562,4.4444,2,0,1.5,1.5,10,15,tesla_modal,0.0,0.0,3,23,g3_22,1.0,1.0
08YY8988V9JL,4756,237.8,1,x-bow,x_bow,building,15.5,19.5,goblin_demolisher,3.98,goblin_demolisher,2,0.0,0.0,26,0.0,0.0,1,26,0.0,0.0,1,26,0.5,0.5,11,16,0.0,0.0,1,26,0.0,0.0,1,26,0.0,0.0,1,26,0.0,0.0,1,26,0.0,0.0,1,26,0.9616,1.0,9,0,0.0,0.0,1,26,0.0813,0.0,4,0,0.0,0.0,1,26,2.3465,8.9177,22,0,1.4616,1.5,9,0,g9_18,0.9616,1.0,9,0,corner,0.0,0.0,0.0,0.0,2,25,0.0,0.0,1,26,0.5,0.5,11,16,0.0,0.0,1,26,0.0,0.0,1,26,0.0,0.0,1,26,0.0,0.0,1,26,0.255,0.255,1,26,0.9616,1.0,9,0,0.0,0.0,1,26,0.4105,0.0,4,0,0.0,0.0,1,26,2.3465,8.9177,22,0,1.7166,1.755,9,0,g9_18,0.9616,1.0,9,0,corner,0.255,0.255
08YY8988V9JL,4792,239.6,0,tesla,tesla,building,2.0,18.0,ice_wizard,8.1,ice_wizard,1,0.0,0.0,26,0.0,0.0,4,23,0.0,0.0,1,26,0.5,0.5,9,17,0.0,0.0,1,26,0.0,0.0,1,26,0.0,0.0,1,26,0.0,0.0,1,26,0.0,0.0,1,26,0.0,0.0,1,26,0.0,0.0,1,26,0.0,0.0,1,26,0.0,0.0,1,26,2.0,2.7016,26,0,0.5,0.5,10,16,tesla_modal,0.0,0.0,4,23,tesla_modal,0.0,0.0,0.0,0.0,6,21,0.0,0.0,1,26,0.5,0.5,9,17,0.0,0.0,1,26,0.0,0.0,1,26,0.0,0.0,1,26,0.0,0.0,1,26,0.0,0.0,1,26,0.0,0.0,1,26,0.0,0.0,1,26,0.0,0.0,2,25,0.0,0.0,1,26,2.0,2.7016,26,0,0.5,0.5,12,15,tesla_modal,0.0,0.0,6,21,tesla_modal,0.0,0.0
08YY8989P8J2,494,24.7,1,x-bow,x_bow,building,2.5,19.5,baby_dragon,3.28,baby_dragon,2,0.0,0.0,26,0.1294,0.5061,5,0,0.0,0.0,1,26,0.5,0.5,11,16,0.0,0.0,1,26,0.0,0.0,1,26,0.0,0.0,1,26,0.0,0.0,1,26,0.0,0.0,1,26,0.9616,1.0,9,0,0.0,0.0,1,26,0.3401,0.5236,8,0,0.0,0.0,1,26,2.7588,3.5122,21,0,1.591,2.0061,5,0,corner,1.0,1.0,1,8,corner,0.0,0.0,0.4169,0.7936,5,0,0.0,0.0,1,26,0.5,0.5,11,16,0.0,0.0,1,26,0.0,0.0,1,26,0.0,0.0,1,26,0.0,0.0,1,26,0.0,0.0,1,26,0.9616,1.0,9,0,0.0,0.0,1,26,0.6276,0.8111,7,0,0.0,0.0,1,26,2.7588,3.5122,21,0,1.8785,2.2936,5,0,corner,1.0,1.0,1,8,corner,0.0,0.0
08YY8989P8J2,686,34.3,1,tesla,tesla,building,8.0,20.0,guards,5.63,guards,5,0.0,0.0,26,1.0,0.0,1,3,-0.0,-0.0,1,19,0.9951,0.5,9,0,0.0,0.0,1,26,0.0,0.0,1,26,0.0,0.0,1,26,0.0,0.0,1,26,1.0,1.0,1,26,0.0,0.0,1,26,0.0,0.0,1,26,0.9372,0.0,4,0,-0.0,-0.0,1,22,5.3851,11.7005,12,0,2.9951,1.5,3,0,tesla_modal,0.9976,0.0,3,0,tesla_modal,1.0,1.0,1.0,0.0,1,3,0.0,0.0,1,26,0.9951,0.5,9,0,0.0,0.0,1,26,0.0,0.0,1,26,0.0,0.0,1,26,0.0,0.0,1,26,1.0,1.0,1,26,0.0,0.0,1,26,0.0,0.0,1,26,1.0,0.0,1,3,0.0,0.0,1,26,5.3851,11.7005,12,0,2.9951,1.5,3,0,tesla_modal,0.9976,0.0,3,0,tesla_modal,1.0,1.0
08YY8989P8J2,1992,99.6,1,tesla,tesla,building,8.0,21.0,phoenix,9.19,phoenix,2,0.0,0.0,26,0.3404,1.0,13,0,-0.5074,-0.0,23,0,0.5,0.0,1,17,0.0,0.0,1,26,0.0,0.0,1,26,0.0,0.0,1,26,0.0,0.0,1,26,0.0,0.0,1,26,0.0,0.0,1,26,0.0,0.0,1,26,0.0,0.968,7,20,-0.0,-0.0,1,26,1.2807,2.9814,23,0,0.3329,1.0,20,0,knight_cell,-0.0447,0.5,21,0,knight_cell,0.0,0.0,0.0,0.5282,11,16,0.0,0.0,1,26,0.5,0.0,1,17,0.0,0.0,1,26,0.0,0.0,1,26,0.0,0.0,1,26,0.0,0.0,1,26,0.0,0.0,1,26,0.0,0.0,1,26,0.0,0.0,1,26,0.0,0.9836,7,20,0.0,0.0,1,26,1.2807,2.9814,23,0,0.5,0.5282,8,13,knight_cell,0.0,0.2641,11,16,knight_cell,0.0,0.0
08YY8989P8J2,2117,105.9,1,x-bow,x_bow,building,8.5,18.5,phoenix,2.08,phoenix,2,0.0,0.0,26,0.376,1.0,15,0,-0.48,-0.0,26,0,0.2935,0.0,18,0,0.0,0.0,1,26,0.0,0.0,1,26,0.0,0.0,1,26,0.0,0.0,1,26,0.0,0.0,1,26,1.0,1.0,1,8,0.0,0.0,1,26,0.6884,1.0,11,0,-0.2397,-0.0,27,0,1.352,3.8495,26,0,1.1894,2.0,14,0,corner,0.7,1.0,14,0,corner,0.0,0.0,0.0,0.9622,15,12,0.0,0.0,1,26,0.2935,0.0,18,0,0.0,0.0,1,26,0.0,0.0,1,26,0.0,0.0,1,26,0.0,0.0,1,26,0.0,0.0,1,26,1.0,1.0,1,8,0.0,0.0,1,26,0.0259,0.9622,13,0,0.0,0.0,1,26,1.352,3.8495,26,0,1.2935,1.9622,11,0,corner,1.0,1.0,1,8,corner,0.0,0.0
08YY8989P8J2,2713,135.7,1,x-bow,x_bow,building,7.5,22.5,phoenix,21.52,phoenix,1,0.0,0.0,26,0.9967,0.0,9,0,-0.0,-0.0,1,20,0.5,0.0,1,17,0.0,0.0,1,26,0.0,0.0,1,26,0.0,0.0,1,26,0.0,0.0,1,26,0.0,0.0,1,26,0.0,1.0,9,18,0.0,0.0,1,26,0.0,0.0,1,26,-0.0,-0.0,1,26,5.5066,10.4074,12,0,1.4967,1.0,10,0,corner_R,0.7475,1.0,13,0,corner,0.0,0.0,1.0,0.0,1,5,0.0,0.0,1,26,0.5,0.0,1,17,0.0,0.0,1,26,0.0,0.0,1,26,0.0,0.0,1,26,0.0,0.0,1,26,0.0,0.0,1,26,0.0,1.0,9,18,0.0,0.0,1,26,0.0,0.0,1,26,0.0,0.0,1,26,5.5066,10.4074,12,0,1.5,1.0,3,7,corner_R,0.75,1.0,9,5,corner,0.0,0.0
08YY8989P8J2,2875,143.8,1,tesla,tesla,building,10.0,21.0,goblin_brawler,7.29,goblin_brawler,5,0.0,0.0,26,1.0,0.0,1,3,-0.0,-0.0,1,20,0.5,0.0,1,17,0.0,0.0,1,26,0.0,0.0,1,26,0.0,0.0,1,26,0.0,0.0,1,26,0.0,0.0,1,26,0.0,0.0,1,26,0.0,0.0,1,26,0.0,0.0,4,23,-0.0,-0.0,1,26,4.0,10.886,20,0,1.5,0.0,1,2,tesla_modal,0.75,0.0,1,2,tesla_modal,0.0,0.0,1.0,0.0,1,3,0.0,0.0,1,26,0.5,0.0,1,17,0.0,0.0,1,26,0.0,0.0,1,26,0.0,0.0,1,26,0.0,0.0,1,26,0.0,0.0,1,26,0.0,0.0,1,26,0.0,0.0,1,26,0.0,0.0,4,23,0.0,0.0,1,26,4.0,10.886,20,0,1.5,0.0,1,2,tesla_modal,0.75,0.0,1,2,tesla_modal,0.0,0.0
08YY8989P8J2,3248,162.4,1,tesla,tesla,building,7.0,19.0,baby_dragon,5.47,baby_dragon,1,0.0,0.0,26,0.9029,0.0,1,0,0.0,0.0,1,26,0.0251,0.0,19,0,0.0,0.0,1,26,0.0,0.0,1,26,0.0,0.0,1,26,0.0,0.0,1,26,0.4895,0.4895,1,26,0.0,0.0,1,26,0.0,0.0,1,26,1.0,0.9353,1,1,0.0,0.0,1,26,4.3057,0.1294,21,0,1.4174,0.4895,2,0,g9_18,0.4628,0.0,2,0,g9_18,0.4895,0.4895,1.0,0.0,1,0,0.0,0.0,1,26,0.0251,0.0,19,0,0.0,0.0,1,26,0.0,0.0,1,26,0.0,0.0,1,26,0.0,0.0,1,26,0.4895,0.4895,1,26,0.0,0.0,1,26,0.0,0.0,1,26,1.0,1.0,1,2,0.0,0.0,1,26,4.3057,0.1294,21,0,1.5145,0.4895,2,0,g9_18,0.5125,0.0,1,0,g9_18,0.4895,0.4895
08YY8989P8J2,3423,171.2,1,x-bow,x_bow,building,7.5,22.5,phoenix,15.89,phoenix,1,0.0,0.0,26,0.0,1.0,16,11,-1.0,-0.0,27,0,0.5,0.0,1,17,0.0,0.0,1,26,0.0,0.0,1,26,0.0,0.0,1,26,0.0,0.0,1,26,0.0,0.0,1,26,0.0,1.0,9,18,0.0,0.0,1,26,0.0,0.0,1,26,-0.0,-0.0,1,26,0.0,3.3346,27,0,-0.5,2.0,27,0,g9_18,-0.3,1.0,24,3,corner,0.0,0.0,0.0,0.7048,10,17,0.0,0.0,1,26,0.5,0.0,1,17,0.0,0.0,1,26,0.0,0.0,1,26,0.0,0.0,1,26,0.0,0.0,1,26,0.0,0.0,1,26,0.0,1.0,9,18,0.0,0.0,1,26,0.0,0.0,1,26,0.0,0.0,1,26,0.0,3.3346,27,0,0.5,1.7048,14,11,corner,0.0,1.0,14,13,corner,0.0,0.0
08YY8989P8J2,3594,179.7,1,tesla,tesla,building,10.0,22.0,lumberjack,5.0,lumberjack,3,0.0,0.0,26,1.0,0.0,1,8,-0.0,-0.0,1,22,0.5,0.0,1,17,0.0,0.0,1,26,0.0,0.0,1,26,0.0,0.0,1,26,0.0,0.0,1,26,1.0,1.0,1,26,0.0,0.0,1,26,0.0,0.0,1,26,1.0,0.0,1,8,-0.0,-0.0,1,26,2.9661,10.3753,20,0,2.5,1.0,1,7,centre,0.75,0.0,1,7,centre,1.0,1.0,0.7098,0.0,6,0,0.0,0.0,1,26,0.5,0.0,1,17,0.0,0.0,1,26,0.0,0.0,1,26,0.0,0.0,1,26,0.0,0.0,1,26,1.0,1.0,1,26,0.0,0.0,1,26,0.0,0.0,1,26,1.0,0.0,1,4,0.0,0.0,1,26,2.9661,10.3753,20,0,2.2098,1.0,6,0,centre,0.5323,0.0,6,0,centre,1.0,1.0
08YY898L28JL,721,36.1,1,x-bow,x_bow,building,8.5,22.5,archer_queen,15.8,archer_queen,1,0.0,0.0,26,0.2,0.0,4,0,0.0,0.0,1,26,1.0,0.5,1,8,0.0,0.0,1,26,0.0,0.0,1,26,0.0,0.0,1,26,0.0,0.0,1,26,0.0,0.0,1,26,0.0,1.0,9,18,0.0,0.0,1,26,0.0,0.0,1,26,0.0,0.0,1,26,4.4,1.4,18,1,1.2,1.5,11,0,g9_18,0.2,1.0,11,0,corner,0.0,0.0,1.0,0.0,1,3,0.0,0.0,1,26,1.0,0.5,1,8,0.0,0.0,1,26,0.0,0.0,1,26,0.0,0.0,1,26,0.0,0.0,1,26,0.0,0.0,1,26,0.0,1.0,9,18,0.0,0.0,1,26,0.0,0.0,1,26,0.0,0.0,1,26,4.4,1.4,18,1,2.0,1.5,2,2,g9_18,1.0,1.0,1,10,corner,0.0,0.0
08YY898L28JL,1112,55.6,1,tesla,tesla,building,9.0,20.0,,0.0,,0,0.0,0.0,26,0.0,0.0,1,26,0.0,0.0,1,26,1.0,0.5,1,8,0.0,0.0,1,26,0.0,0.0,1,26,0.0,0.0,1,26,0.0,0.0,1,26,0.0,0.0,1,26,0.0,0.0,1,26,0.0,0.0,1,26,0.0,0.0,1,26,0.0,0.0,1,26,0.0,0.0,1,26,1.0,0.5,1,8,centre,0.0,0.0,1,26,corner,0.0,0.0,0.0,0.0,1,26,0.0,0.0,1,26,1.0,0.5,1,8,0.0,0.0,1,26,0.0,0.0,1,26,0.0,0.0,1,26,0.0,0.0,1,26,0.0,0.0,1,26,0.0,0.0,1,26,0.0,0.0,1,26,0.0,0.0,1,26,0.0,0.0,1,26,0.0,0.0,1,26,1.0,0.5,1,8,centre,0.0,0.0,1,26,corner,0.0,0.0
08YY898L28JL,2478,123.9,1,x-bow,x_bow,building,8.5,22.5,,0.0,,0,0.0,0.0,26,0.0,0.0,1,26,0.0,0.0,1,26,1.0,0.5,1,8,0.0,0.0,1,26,0.0,0.0,1,26,0.0,0.0,1,26,0.0,0.0,1,26,0.0,0.0,1,26,0.0,1.0,9,18,0.0,0.0,1,26,0.0,0.0,1,26,0.0,0.0,1,26,0.0,0.0,1,26,1.0,1.5,9,8,g9_18,0.0,1.0,9,18,corner,0.0,0.0,0.0,0.0,1,26,0.0,0.0,1,26,1.0,0.5,1,8,0.0,0.0,1,26,0.0,0.0,1,26,0.0,0.0,1,26,0.0,0.0,1,26,0.0,0.0,1,26,0.0,1.0,9,18,0.0,0.0,1,26,0.0,0.0,1,26,0.0,0.0,1,26,0.0,0.0,1,26,1.0,1.5,9,8,g9_18,0.0,1.0,9,18,corner,0.0,0.0
08YY898L28JL,2627,131.4,1,tesla,tesla,building,9.0,20.0,mega_knight,6.36,mega_knight,2,0.0,0.0,26,1.0,0.0,1,3,-0.0,-0.0,1,20,1.0,0.5,1,8,0.0,0.0,1,26,0.0,0.0,1,26,0.0,0.0,1,26,0.0,0.0,1,26,0.1315,0.1315,1,26,0.0,0.0,1,26,0.0,0.0,1,26,0.0,0.0,7,20,-0.0,-0.0,1,26,5.0,12.1491,14,3,2.1315,0.6315,1,2,tesla_modal,1.0,0.0,1,2,tesla_modal,0.1315,0.1315,1.0,0.0,1,3,-0.0,-0.0,1,20,1.0,0.5,1,8,0.0,0.0,1,26,0.0,0.0,1,26,0.0,0.0,1,26,0.0,0.0,1,26,0.1315,0.1315,1,26,0.0,0.0,1,26,0.0,0.0,1,26,0.0,0.0,7,20,-0.0,-0.0,1,26,5.0,12.1491,14,3,2.1315,0.6315,1,2,tesla_modal,1.0,0.0,1,2,tesla_modal,0.1315,0.1315
08YY898L28JL,2952,147.6,1,x-bow,x_bow,building,9.5,22.5,,0.0,,0,0.0,0.0,26,0.0,0.0,1,26,0.0,0.0,1,26,1.0,0.5,1,8,0.0,0.0,1,26,0.0,0.0,1,26,0.0,0.0,1,26,0.0,0.0,1,26,0.0,0.0,1,26,0.0,1.0,9,18,0.0,0.0,1,26,0.0,0.0,1,26,0.0,0.0,1,26,0.0,0.0,1,26,1.0,1.5,9,8,g9_18,0.0,1.0,9,18,corner,0.0,0.0,0.0,0.0,1,26,0.0,0.0,1,26,1.0,0.5,1,8,0.0,0.0,1,26,0.0,0.0,1,26,0.0,0.0,1,26,0.0,0.0,1,26,0.0,0.0,1,26,0.0,1.0,9,18,0.0,0.0,1,26,0.0,0.0,1,26,0.0,0.0,1,26,0.0,0.0,1,26,1.0,1.5,9,8,g9_18,0.0,1.0,9,18,corner,0.0,0.0
08YY898L28JL,3368,168.4,1,tesla,tesla,building,12.0,22.0,archer_queen,13.58,archer_queen,2,0.0,0.0,26,0.0,0.0,4,23,0.0,0.0,1,26,0.7692,0.5,9,0,0.0,0.0,1,26,0.0,0.0,1,26,0.0,0.0,1,26,0.0,0.0,1,26,0.0,0.0,1,26,0.0,0.0,1,26,0.0,0.0,1,26,0.0,0.0,1,26,0.0,0.0,1,26,8.0,1.5,10,0,0.7692,0.5,10,0,tesla_modal,0.0,0.0,4,23,tesla_modal,0.0,0.0,0.0,0.0,4,23,0.0,0.0,1,26,0.7692,0.5,9,0,0.0,0.0,1,26,0.0,0.0,1,26,0.0,0.0,1,26,0.0,0.0,1,26,0.0,0.0,1,26,0.0,0.0,1,26,0.0,0.0,1,26,0.0,0.0,1,26,0.0,0.0,1,26,8.0,1.5,10,0,0.7692,0.5,10,0,tesla_modal,0.0,0.0,4,23,tesla_modal,0.0,0.0
08YY898L28JL,3773,188.7,1,tesla,tesla,building,9.0,21.0,mega_knight,4.12,mega_knight,3,0.0,0.0,26,0.0,0.0,2,25,-0.0,-0.0,1,24,1.0,0.5,1,8,0.0,0.0,1,26,0.0,0.0,1,26,0.0,0.0,1,26,0.0,0.0,1,26,1.0,1.0,1,26,0.0,0.0,1,26,0.0,0.0,1,26,0.0,0.0,2,25,-0.0,-0.0,1,25,4.3666,12.0317,16,1,2.0,1.5,1,7,centre,0.0,0.0,1,24,corner,1.0,1.0,0.0,0.0,2,25,-0.0,-0.0,1,24,1.0,0.5,1,8,0.0,0.0,1,26,0.0,0.0,1,26,0.0,0.0,1,26,0.0,0.0,1,26,1.0,1.0,1,26,0.0,0.0,1,26,0.0,0.0,1,26,0.0,0.0,2,25,-0.0,-0.0,1,25,4.3666,12.0317,16,1,2.0,1.5,1,7,centre,0.0,0.0,1,24,corner,1.0,1.0
08YY898L28JL,4002,200.1,1,x-bow,x_bow,building,9.5,22.5,archer_queen,10.01,archer_queen,1,0.0,0.0,26,0.2339,0.0,4,0,0.0,0.0,1,26,1.0,0.5,1,8,0.0,0.0,1,26,0.0,0.0,1,26,0.0,0.0,1,26,0.0,0.0,1,26,0.0,0.0,1,26,0.0,1.0,9,18,0.0,0.0,1,26,0.0,0.0,3,24,0.0,0.0,1,26,7.0322,11.1859,19,0,1.2339,1.5,11,0,g9_18,0.2339,1.0,12,0,corner,0.0,0.0,0.3374,0.0,8,0,0.0,0.0,1,26,1.0,0.5,1,8,0.0,0.0,1,26,0.0,0.0,1,26,0.0,0.0,1,26,0.0,0.0,1,26,0.0,0.0,1,26,0.0,1.0,9,18,0.0,0.0,1,26,0.0,0.0,4,23,0.0,0.0,1,26,7.0322,11.1859,19,0,1.3374,1.5,13,0,g9_18,0.3374,1.0,13,0,corner,0.0,0.0
08YY898L28JL,4339,217.0,1,tesla,tesla,building,11.0,21.0,bandit,6.1,bandit,1,0.0,0.0,26,0.6352,0.0,7,0,-0.4169,-0.0,25,0,0.9179,0.5,9,0,0.0,0.0,1,26,0.0,0.0,1,26,0.0,0.0,1,26,0.0,0.0,1,26,0.4596,0.4596,1,26,0.0,0.0,1,26,0.0,0.0,1,26,0.2154,0.0,7,0,-0.0,-0.0,1,26,1.0204,10.7547,25,0,1.5957,0.9596,6,0,tesla_modal,0.3091,0.0,6,0,tesla_modal,0.4596,0.4596,0.0,0.0,6,21,0.0,0.0,1,26,0.9179,0.5,9,0,0.0,0.0,1,26,0.0,0.0,1,26,0.0,0.0,1,26,0.0,0.0,1,26,0.4596,0.4596,1,26,0.0,0.0,1,26,0.0,0.0,1,26,0.0689,0.0,7,0,0.0,0.0,1,26,1.0204,10.7547,25,0,1.3775,0.9596,10,0,g9_22,0.0,0.0,6,21,g9_22,0.4596,0.4596
08YY898L28JL,4529,226.5,1,x-bow,x_bow,building,8.5,22.5,prince,12.11,prince,1,0.0,0.0,26,0.0,0.0,7,20,-0.0,-0.0,1,26,1.0,0.5,1,8,0.0,0.0,1,26,0.0,0.0,1,26,0.0,0.0,1,26,0.0,0.0,1,26,0.8871,0.8871,1,26,0.0,1.0,9,18,0.0,0.0,1,26,0.0,0.0,1,26,-0.0,-0.0,1,26,9.1842,11.461,19,0,1.8871,2.3871,10,8,g9_18,0.0,1.0,11,16,corner,0.8871,0.8871,0.0,0.0,8,19,0.0,0.0,1,26,1.0,0.5,1,8,0.0,0.0,1,26,0.0,0.0,1,26,0.0,0.0,1,26,0.0,0.0,1,26,0.2575,0.2575,1,26,0.0,1.0,9,18,0.0,0.0,1,26,0.0,0.0,1,26,0.0,0.0,1,26,9.1842,11.461,19,0,1.2575,1.7575,11,7,g9_18,0.0,1.0,12,15,corner,0.2575,0.2575
08YY898L28JL,4831,241.6,1,tesla,tesla,building,8.0,18.0,mega_knight,1.44,mega_knight,3,0.0,0.0,26,0.7439,0.0,6,0,-0.2328,-0.0,21,0,0.443,0.5,27,0,0.0,0.0,1,26,0.0,0.0,1,26,0.0,0.0,1,26,0.0,0.0,1,26,1.0,1.0,1,26,0.0,0.0,1,26,0.0,0.0,1,26,0.7439,0.0,9,0,-0.2328,-0.0,24,0,1.6879,6.7358,21,0,1.9541,1.5,10,0,knight_cell,0.3039,0.0,7,0,knight_cell,1.0,1.0,0.7606,0.0,6,0,-0.221,-0.0,21,0,0.443,0.5,27,0,0.0,0.0,1,26,0.0,0.0,1,26,0.0,0.0,1,26,0.0,0.0,1,26,1.0,1.0,1,26,0.0,0.0,1,26,0.0,0.0,1,26,0.7606,0.0,9,0,-0.221,-0.0,24,0,1.6879,6.7358,21,0,1.9826,1.5,10,0,knight_cell,0.3278,0.0,7,0,knight_cell,1.0,1.0
08YY898L28JL,5066,253.3,1,x-bow,x_bow,building,8.5,22.5,archer_queen,8.93,archer_queen,2,0.0,0.0,26,0.2,0.0,4,0,0.0,0.0,1,26,1.0,0.5,1,8,0.0,0.0,1,26,0.0,0.0,1,26,0.0,0.0,1,26,0.0,0.0,1,26,1.0,1.0,1,26,0.0,1.0,9,18,0.0,0.0,1,26,0.0,0.0508,6,21,0.0,0.0,1,26,4.4,1.4,18,1,2.2,2.5,11,0,g9_18,0.2,1.0,11,0,corner,1.0,1.0,1.0,0.0,1,3,0.0,0.0,1,26,1.0,0.5,1,8,0.0,0.0,1,26,0.0,0.0,1,26,0.0,0.0,1,26,0.0,0.0,1,26,1.0,1.0,1,26,0.0,1.0,9,18,0.0,0.0,1,26,0.0,1.0,8,19,0.0,0.0,1,26,4.4,1.4,18,1,3.0,2.5,2,2,g9_18,1.0,1.0,1,10,corner,1.0,1.0
08YY898L28JL,5411,270.6,1,tesla,tesla,building,9.0,20.0,bandit,6.15,bandit,2,0.0,0.0,26,0.0,0.0,1,26,-0.0,-0.0,1,24,1.0,0.5,1,8,0.0,0.0,1,26,0.0,0.0,1,26,0.0,0.0,1,26,0.0,0.0,1,26,1.0,1.0,1,26,0.0,0.0,1,26,0.0,0.0,1,26,0.0,0.0,1,26,-0.0,-0.0,1,25,6.2521,4.7033,14,0,2.0,1.5,1,8,centre,0.0,0.0,1,24,corner,1.0,1.0,0.0,0.0,1,26,0.0,0.0,1,26,1.0,0.5,1,8,0.0,0.0,1,26,0.0,0.0,1,26,0.0,0.0,1,26,0.0,0.0,1,26,1.0,1.0,1,26,0.0,0.0,1,26,0.0,0.0,1,26,0.0,0.0,1,26,0.0,0.0,1,26,6.2521,4.7033,14,0,2.0,1.5,1,8,centre,0.0,0.0,1,26,corner,1.0,1.0
08YY898L28JL,5498,274.9,1,x-bow,x_bow,building,8.5,22.5,prince,15.94,prince,1,0.0,0.0,26,1.0,0.4,1,3,-0.0,-0.4615,1,19,1.0,0.5,1,8,0.0,0.0,1,26,0.0,0.0,1,26,0.0,0.0,1,26,0.0,0.0,1,26,0.0,0.0,1,26,0.0,1.0,9,18,0.0,0.0,1,26,0.0,0.0,1,26,-0.0,-0.0,1,26,4.4,1.4,18,1,2.0,1.4385,2,2,g9_18,1.0,0.7,1,6,tesla_modal,0.0,0.0,1.0,0.0,1,3,0.0,0.0,1,26,1.0,0.5,1,8,0.0,0.0,1,26,0.0,0.0,1,26,0.0,0.0,1,26,0.0,0.0,1,26,0.0,0.0,1,26,0.0,1.0,9,18,0.0,0.0,1,26,0.0,0.0,1,26,0.0,0.0,1,26,4.4,1.4,18,1,2.0,1.5,2,2,g9_18,1.0,1.0,1,10,corner,0.0,0.0
08YY898L28JL,5742,287.1,1,tesla,tesla,building,9.0,18.0,wall_breakers,6.31,wall_breakers,8,0.0,0.0,26,0.0,1.0,6,21,-0.0,-0.0,1,23,0.4663,0.5,26,1,0.0,0.0,1,26,0.0,0.0,1,26,0.0,0.0,1,26,0.0,0.0,1,26,1.0,1.0,1,26,0.0,0.0,1,26,0.0,0.0,1,26,0.0,1.0,6,21,-0.0,-0.0,1,24,6.2117,2.5851,13,1,1.4663,2.5,24,1,corner,0.0,0.75,5,20,corner,1.0,1.0,0.0,0.6143,4,23,0.0,0.0,1,26,0.4663,0.5,26,1,0.0,0.0,1,26,0.0,0.0,1,26,0.0,0.0,1,26,0.0,0.0,1,26,1.0,1.0,1,26,0.0,0.0,1,26,0.0,0.0,1,26,0.0,0.6143,4,23,0.0,0.0,1,26,6.2117,2.5851,13,1,1.4663,2.1143,26,1,g3_18,0.0,0.4607,4,23,g3_18,1.0,1.0
08YY898L9JLC,702,35.1,1,tesla,tesla,building,9.0,21.0,night_witch,18.89,night_witch,3,0.0,0.0,26,1.0,0.45,1,3,-0.0,-0.4231,1,19,1.0,0.5,1,8,0.0,0.0,1,26,0.0,0.0,1,26,0.0,0.0,1,26,0.0,0.0,1,26,0.0,0.0,1,26,0.0,0.0,1,26,0.0,0.0,1,26,0.0,0.0,1,26,-0.0,-0.0,1,26,5.0,1.5,15,3,2.0,0.5269,1,2,tesla_modal,1.0,0.0375,1,2,tesla_modal,0.0,0.0,1.0,0.0,1,3,0.0,0.0,1,26,1.0,0.5,1,8,0.0,0.0,1,26,0.0,0.0,1,26,0.0,0.0,1,26,0.0,0.0,1,26,0.0,0.0,1,26,0.0,0.0,1,26,0.0,0.0,1,26,0.0,0.0,1,26,0.0,0.0,1,26,5.0,1.5,15,3,2.0,0.5,1,2,tesla_modal,1.0,0.0,1,2,tesla_modal,0.0,0.0
08YY898L9JLC,1756,87.8,1,tesla,tesla,building,9.0,19.0,,0.0,,0,0.0,0.0,26,0.0,0.0,1,26,0.0,0.0,1,26,0.9902,0.5,9,0,0.0,0.0,1,26,0.0,0.0,1,26,0.0,0.0,1,26,0.0,0.0,1,26,0.0,0.0,1,26,0.0,0.0,1,26,0.0,0.0,1,26,0.0,0.0,1,26,0.0,0.0,1,26,0.0,0.0,1,26,0.9902,0.5,9,0,centre,0.0,0.0,1,26,corner,0.0,0.0,0.0,0.0,1,26,0.0,0.0,1,26,0.9902,0.5,9,0,0.0,0.0,1,26,0.0,0.0,1,26,0.0,0.0,1,26,0.0,0.0,1,26,0.0,0.0,1,26,0.0,0.0,1,26,0.0,0.0,1,26,0.0,0.0,1,26,0.0,0.0,1,26,0.0,0.0,1,26,0.9902,0.5,9,0,centre,0.0,0.0,1,26,corner,0.0,0.0
08YY898L9JLC,1842,92.1,1,x-bow,x_bow,building,15.5,19.5,,0.0,,1,0.0,0.0,26,0.0,0.0,1,26,0.0,0.0,1,26,0.5,0.5,11,16,0.0,0.0,1,26,0.0,0.0,1,26,0.0,0.0,1,26,0.0,0.0,1,26,0.0,0.0,1,26,0.9616,1.0,9,0,0.0,0.0,1,26,0.0,0.0,1,26,0.0,0.0,1,26,0.0,0.0,1,26,1.4616,1.5,9,0,g9_18,0.9616,1.0,9,0,corner,0.0,0.0,0.0,0.0,1,26,0.0,0.0,1,26,0.5,0.5,11,16,0.0,0.0,1,26,0.0,0.0,1,26,0.0,0.0,1,26,0.0,0.0,1,26,0.0,0.0,1,26,0.9616,1.0,9,0,0.0,0.0,1,26,0.0,0.0,1,26,0.0,0.0,1,26,0.0,0.0,1,26,1.4616,1.5,9,0,g9_18,0.9616,1.0,9,0,corner,0.0,0.0
08YY898L9JLC,2551,127.6,1,tesla,tesla,building,9.0,21.0,golem,8.87,golem,1,0.0,0.0,26,1.0,0.0,1,3,-0.0,-0.0,1,20,1.0,0.5,1,8,0.0,0.0,1,26,0.0,0.0,1,26,0.0,0.0,1,26,0.0,0.0,1,26,0.0,0.0,1,26,0.0,0.0,1,26,0.0,0.0,1,26,0.0,0.0,5,22,-0.0,-0.0,1,26,5.0,12.0594,14,3,2.0,0.5,1,2,tesla_modal,1.0,0.0,1,2,tesla_modal,0.0,0.0,1.0,0.0,1,3,0.0,0.0,1,26,1.0,0.5,1,8,0.0,0.0,1,26,0.0,0.0,1,26,0.0,0.0,1,26,0.0,0.0,1,26,0.0,0.0,1,26,0.0,0.0,1,26,0.0,0.0,1,26,0.0,0.0,5,22,0.0,0.0,1,26,5.0,12.0594,14,3,2.0,0.5,1,2,tesla_modal,1.0,0.0,1,2,tesla_modal,0.0,0.0
08YY898L9JLC,2601,130.1,1,x-bow,x_bow,building,2.5,19.5,golem,11.34,golem,2,0.0,0.0,26,0.0,0.0,10,17,-0.0,-0.0,1,20,0.5,0.5,11,16,0.0,0.0,1,26,0.0,0.0,1,26,0.0,0.0,1,26,0.0,0.0,1,26,0.5181,0.5181,1,26,0.9616,1.0,9,0,0.0,0.0,1,26,0.0,0.0,7,20,-0.0,-0.0,1,26,11.4,11.9472,5,0,1.9797,2.0181,10,0,g9_18,0.9616,1.0,9,0,corner,0.5181,0.5181,0.0,0.0,6,21,0.0,0.0,1,26,0.5,0.5,11,16,0.0,0.0,1,26,0.0,0.0,1,26,0.0,0.0,1,26,0.0,0.0,1,26,0.5181,0.5181,1,26,0.9616,1.0,9,0,0.0,0.0,1,26,0.0,0.0,7,20,0.0,0.0,1,26,11.4,11.9472,5,0,1.9797,2.0181,11,0,g9_18,0.9616,1.0,11,0,corner,0.5181,0.5181
08YY898LQL9V,307,15.4,1,tesla,tesla,building,9.0,20.0,royal_hogs,6.69,royal_hogs,7,0.0,0.0,26,0.0,0.0,7,20,-0.0,-0.0,1,20,1.0,0.5,1,8,0.0,0.0,1,26,0.0,0.0,1,26,0.0,0.0,1,26,0.0,0.0,1,26,1.0,1.0,1,26,0.0,0.0,1,26,0.0,0.0,1,26,0.0,0.0,7,20,-0.0,-0.0,1,23,5.876,13.5227,12,0,2.0,1.5,3,8,g9_18,0.0,0.0,3,19,g9_18,1.0,1.0,0.0,0.0,3,24,0.0,0.0,1,26,1.0,0.5,1,8,0.0,0.0,1,26,0.0,0.0,1,26,0.0,0.0,1,26,0.0,0.0,1,26,1.0,1.0,1,26,0.0,0.0,1,26,0.0,0.0,1,26,0.0,0.0,4,23,0.0,0.0,1,26,5.876,13.5227,12,0,2.0,1.5,2,8,g9_18,0.0,0.0,3,24,g9_18,1.0,1.0
08YY898LQL9V,1151,57.6,1,tesla,tesla,building,9.0,19.0,royal_hogs,6.66,royal_hogs,7,0.0,0.0,26,1.0,0.0,1,1,-0.0,-0.0,1,20,0.9902,0.5,9,0,0.0,0.0,1,26,0.0,0.0,1,26,0.0,0.0,1,26,0.0,0.0,1,26,1.0,1.0,1,26,0.0,0.0,1,26,0.0,0.0,1,26,1.0,0.0,1,4,-0.0,-0.0,1,24,5.9864,13.4675,12,0,2.9902,1.5,1,0,g9_18,0.9951,0.0,1,0,g9_18,1.0,1.0,1.0,0.0,1,1,0.0,0.0,1,26,0.9902,0.5,9,0,0.0,0.0,1,26,0.0,0.0,1,26,0.0,0.0,1,26,0.0,0.0,1,26,1.0,1.0,1,26,0.0,0.0,1,26,0.0,0.0,1,26,1.0,0.0,1,3,0.0,0.0,1,26,5.9864,13.4675,12,0,2.9902,1.5,1,0,g9_18,0.9951,0.0,1,0,g9_18,1.0,1.0
08YY898LQL9V,1871,93.6,1,x-bow,x_bow,building,2.5,19.5,,0.0,,0,0.0,0.0,26,0.0,0.0,1,26,0.0,0.0,1,26,0.5,0.5,11,16,0.0,0.0,1,26,0.0,0.0,1,26,0.0,0.0,1,26,0.0,0.0,1,26,0.0,0.0,1,26,0.9616,1.0,9,0,0.0,0.0,1,26,0.0,0.0,1,26,0.0,0.0,1,26,0.0,0.0,1,26,1.4616,1.5,9,0,g9_18,0.9616,1.0,9,0,corner,0.0,0.0,0.0,0.0,1,26,0.0,0.0,1,26,0.5,0.5,11,16,0.0,0.0,1,26,0.0,0.0,1,26,0.0,0.0,1,26,0.0,0.0,1,26,0.0,0.0,1,26,0.9616,1.0,9,0,0.0,0.0,1,26,0.0,0.0,1,26,0.0,0.0,1,26,0.0,0.0,1,26,1.4616,1.5,9,0,g9_18,0.9616,1.0,9,0,corner,0.0,0.0
08YY898LQL9V,2021,101.1,1,tesla,tesla,building,7.0,18.0,royal_hogs,5.29,royal_hogs,7,0.0,0.0,26,1.0,0.15,1,1,-0.0,-1.0,1,20,0.5,0.5,9,17,0.0,0.0,1,26,0.0,0.0,1,26,0.0,0.0,1,26,0.0,0.0,1,26,1.0,1.0,1,26,0.0,0.0,1,26,0.0,0.0,1,26,1.0,0.15,1,2,-0.0,-1.0,1,22,5.2103,0.0,17,0,2.5,0.65,1,1,lane,0.75,-0.1875,1,1,lane,1.0,1.0,1.0,0.0,1,0,0.0,0.0,1,26,0.5,0.5,9,17,0.0,0.0,1,26,0.0,0.0,1,26,0.0,0.0,1,26,0.0,0.0,1,26,1.0,1.0,1,26,0.0,0.0,1,26,0.0,0.0,1,26,1.0,0.0,1,2,0.0,0.0,1,26,5.2103,0.0,17,0,2.5,1.5,1,0,centre,0.75,0.0,1,0,lane,1.0,1.0
08YY898LQL9V,2641,132.1,1,tesla,tesla,building,9.0,18.0,archer_queen,4.86,archer_queen,1,0.0,0.0,26,0.0,0.0,1,26,0.0,0.0,1,26,0.4663,0.5,26,1,0.0,0.0,1,26,0.0,0.0,1,26,0.0,0.0,1,26,0.0,0.0,1,26,0.0,0.0,1,26,0.0,0.0,1,26,0.0,0.0,1,26,0.0567,0.3679,5,1,0.0,0.0,1,26,2.8084,2.5826,20,1,0.4663,0.5,26,1,centre,0.0,0.0,1,26,corner,0.0,0.0,0.6309,0.518,3,1,0.0,0.0,1,26,0.4663,0.5,26,1,0.0,0.0,1,26,0.0,0.0,1,26,0.0,0.0,1,26,0.0,0.0,1,26,0.0,0.0,1,26,0.0,0.0,1,26,0.0,0.0,1,26,0.1601,1.0,6,1,0.0,0.0,1,26,2.8084,2.5826,20,1,1.0973,1.018,4,1,g9_22,0.4626,0.3885,4,1,g9_22,0.0,0.0
08YY898LQL9V,3061,153.1,1,x-bow,x_bow,building,2.5,19.5,,0.0,,0,0.0,0.0,26,0.0,0.0,1,26,0.0,0.0,1,26,0.5,0.5,11,16,0.0,0.0,1,26,0.0,0.0,1,26,0.0,0.0,1,26,0.0,0.0,1,26,0.0,0.0,1,26,0.9616,1.0,9,0,0.0,0.0,1,26,0.0,0.0,1,26,0.0,0.0,1,26,0.0,0.0,1,26,1.4616,1.5,9,0,g9_18,0.9616,1.0,9,0,corner,0.0,0.0,0.0,0.0,1,26,0.0,0.0,1,26,0.5,0.5,11,16,0.0,0.0,1,26,0.0,0.0,1,26,0.0,0.0,1,26,0.0,0.0,1,26,0.0,0.0,1,26,0.9616,1.0,9,0,0.0,0.0,1,26,0.0,0.0,1,26,0.0,0.0,1,26,0.0,0.0,1,26,1.4616,1.5,9,0,g9_18,0.9616,1.0,9,0,corner,0.0,0.0
08YY898LQL9V,3311,165.6,1,tesla,tesla,building,9.0,22.0,royal_hogs,5.64,royal_hogs,4,0.0,0.0,26,1.0,0.0,1,5,-0.0,-0.0,1,21,1.0,0.5,1,8,0.0,0.0,1,26,0.0,0.0,1,26,0.0,0.0,1,26,0.0,0.0,1,26,1.0,1.0,1,26,0.0,0.0,1,26,0.0,0.0,1,26,1.0,0.0,1,8,-0.0,-0.0,1,25,4.3807,11.2599,16,1,3.0,1.5,1,3,tesla_modal,1.0,0.0,1,3,tesla_modal,1.0,1.0,1.0,0.0,1,3,0.0,0.0,1,26,1.0,0.5,1,8,0.0,0.0,1,26,0.0,0.0,1,26,0.0,0.0,1,26,0.0,0.0,1,26,1.0,1.0,1,26,0.0,0.0,1,26,0.0,0.0,1,26,1.0,0.0,1,5,0.0,0.0,1,26,4.3807,11.2599,16,1,3.0,1.5,1,2,tesla_modal,1.0,0.0,1,2,tesla_modal,1.0,1.0
08YY898LQL9V,3641,182.1,1,tesla,tesla,building,9.0,19.0,archer_queen,8.25,archer_queen,4,0.0,0.0,26,0.032,0.0,4,0,0.0,0.0,1,26,0.9902,0.5,9,0,0.0,0.0,1,26,0.0,0.0,1,26,0.0,0.0,1,26,0.0,0.0,1,26,0.0,0.0,1,26,0.0,0.0,1,26,0.0,0.0,1,26,0.0,0.6008,6,21,0.0,0.0,1,26,4.0639,2.6492,21,0,1.0222,0.5,3,0,g9_22,0.0318,0.0,4,0,g9_22,0.0,0.0,1.0,0.5513,1,3,0.0,0.0,1,26,0.9902,0.5,9,0,0.0,0.0,1,26,0.0,0.0,1,26,0.0,0.0,1,26,0.0,0.0,1,26,0.0,0.0,1,26,0.0,0.0,1,26,0.0,0.0,1,26,0.0,1.0,6,21,0.0,0.0,1,26,4.0639,2.6492,21,0,1.9902,1.0513,2,0,tesla_modal,0.9951,0.4135,2,0,tesla_modal,0.0,0.0
08YY898LQL9V,4227,211.4,1,tesla,tesla,building,9.0,19.0,,0.0,,0,0.0,0.0,26,0.0,0.0,1,26,0.0,0.0,1,26,0.9902,0.5,9,0,0.0,0.0,1,26,0.0,0.0,1,26,0.0,0.0,1,26,0.0,0.0,1,26,0.0,0.0,1,26,0.0,0.0,1,26,0.0,0.0,1,26,0.0,0.0,1,26,0.0,0.0,1,26,0.0,0.0,1,26,0.9902,0.5,9,0,centre,0.0,0.0,1,26,corner,0.0,0.0,0.0,0.0,1,26,0.0,0.0,1,26,0.9902,0.5,9,0,0.0,0.0,1,26,0.0,0.0,1,26,0.0,0.0,1,26,0.0,0.0,1,26,0.0,0.0,1,26,0.0,0.0,1,26,0.0,0.0,1,26,0.0,0.0,1,26,0.0,0.0,1,26,0.0,0.0,1,26,0.9902,0.5,9,0,centre,0.0,0.0,1,26,corner,0.0,0.0
08YY898LQL9V,4838,241.9,1,tesla,tesla,building,9.0,19.0,royal_hogs,6.66,royal_hogs,4,0.0,0.0,26,1.0,0.0,1,1,-0.0,-0.0,1,20,0.9902,0.5,9,0,0.0,0.0,1,26,0.0,0.0,1,26,0.0,0.0,1,26,0.0,0.0,1,26,1.0,1.0,1,26,0.0,0.0,1,26,0.0,0.0,1,26,1.0,0.0,1,4,-0.0,-0.0,1,24,5.9864,13.4675,12,0,2.9902,1.5,1,0,g9_18,0.9951,0.0,1,0,g9_18,1.0,1.0,1.0,0.0,1,1,0.0,0.0,1,26,0.9902,0.5,9,0,0.0,0.0,1,26,0.0,0.0,1,26,0.0,0.0,1,26,0.0,0.0,1,26,1.0,1.0,1,26,0.0,0.0,1,26,0.0,0.0,1,26,1.0,0.0,1,3,0.0,0.0,1,26,5.9864,13.4675,12,0,2.9902,1.5,1,0,g9_18,0.9951,0.0,1,0,g9_18,1.0,1.0
08YY898LU88C,757,37.9,1,tesla,tesla,building,9.0,19.0,mighty_miner,7.38,mighty_miner,2,0.0,0.0,26,1.0,1.0,1,5,-0.0,-0.0,1,24,0.9902,0.5,9,0,0.0,0.0,1,26,0.0,0.0,1,26,0.0,0.0,1,26,0.0,0.0,1,26,0.0,0.0,1,26,0.0,0.0,1,26,0.0,0.0,1,26,0.0,0.3811,5,22,-0.0,-0.0,1,26,4.5334,2.7016,21,0,1.9902,1.5,1,0,tesla_modal,0.9951,0.75,1,0,tesla_modal,0.0,0.0,1.0,0.5786,1,3,0.0,0.0,1,26,0.9902,0.5,9,0,0.0,0.0,1,26,0.0,0.0,1,26,0.0,0.0,1,26,0.0,0.0,1,26,0.0,0.0,1,26,0.0,0.0,1,26,0.0,0.0,1,26,0.0,0.4852,5,22,0.0,0.0,1,26,4.5334,2.7016,21,0,1.9902,1.0786,2,0,tesla_modal,0.9951,0.4339,2,0,tesla_modal,0.0,0.0
08YY898LU88C,1502,75.1,1,tesla,tesla,building,9.0,19.0,firecracker,7.41,firecracker,3,0.0,0.0,26,0.0,0.0,3,24,0.0,0.0,1,26,0.4951,0.5,17,0,0.0,0.0,1,26,0.0,0.0,1,26,0.0,0.0,1,26,0.0,0.0,1,26,0.5321,0.5321,1,26,0.0,0.0,1,26,0.0,0.0,1,26,1.0,0.0,1,2,0.0,0.0,1,26,3.3964,10.4985,13,0,1.0272,1.0321,17,0,lane,0.0,0.0,3,24,lane,0.5321,0.5321,0.9249,0.0,3,0,0.0,0.0,1,26,0.4951,0.5,17,0,0.0,0.0,1,26,0.0,0.0,1,26,0.0,0.0,1,26,0.0,0.0,1,26,0.5321,0.5321,1,26,0.0,0.0,1,26,0.0,0.0,1,26,0.0696,0.0,7,0,0.0,0.0,1,26,3.3964,10.4985,13,0,1.9521,1.0321,1,0,g9_18,0.6914,0.0,1,0,g9_18,0.5321,0.5321
08YY898LU88C,2268,113.4,1,x-bow,x_bow,building,2.5,19.5,mighty_miner,9.23,mighty_miner,1,0.0,0.0,26,0.0,0.0,2,25,-0.0,-0.0,1,20,0.5,0.5,1,16,0.0,0.0,1,26,0.0,0.0,1,26,0.0,0.0,1,26,0.0,0.0,1,26,0.0,0.0,1,26,0.9616,1.0,9,0,0.0,0.0,1,26,0.0,0.0,2,25,-0.0,-0.0,1,22,9.1325,10.5402,5,0,1.4616,1.5,5,0,corner,0.9616,1.0,9,0,corner,0.0,0.0,0.0,0.0,1,26,0.0,0.0,1,26,0.5,0.5,1,16,0.0,0.0,1,26,0.0,0.0,1,26,0.0,0.0,1,26,0.0,0.0,1,26,0.0,0.0,1,26,0.9616,1.0,9,0,0.0,0.0,1,26,0.0,0.0,1,26,0.0,0.0,1,26,9.1325,10.5402,5,0,1.4616,1.5,5,0,corner,0.9616,1.0,9,0,corner,0.0,0.0
08YY898LU88C,2395,119.8,1,tesla,tesla,building,5.0,18.0,hog_rider,3.7,hog_rider,4,0.0,0.0,26,0.6,0.85,6,1,-0.4444,-0.1667,22,1,0.5,0.5,1,16,0.0,0.0,1,26,0.0,0.0,1,26,0.0,0.0,1,26,0.0,0.0,1,26,0.7324,0.7324,1,26,0.0,0.0,1,26,0.0,0.0,1,26,1.0,1.0,1,9,-0.0,-0.0,1,26,1.0,1.5,22,1,1.388,1.9157,6,1,tesla_modal,0.15,0.4708,6,1,tesla_modal,0.7324,0.7324,0.0,0.0718,6,21,0.0,0.0,1,26,0.5,0.5,1,16,0.0,0.0,1,26,0.0,0.0,1,26,0.0,0.0,1,26,0.0,0.0,1,26,0.7324,0.7324,1,26,0.0,0.0,1,26,0.0,0.0,1,26,1.0,1.0,1,6,0.0,0.0,1,26,1.0,1.5,22,1,1.2324,1.3042,6,12,tesla_modal,0.0,0.0538,6,21,tesla_modal,0.7324,0.7324
08YY898LU88C,2912,145.6,1,x-bow,x_bow,building,2.5,19.5,mighty_miner,8.63,mighty_miner,1,0.0,0.0,26,0.5424,0.808,10,0,-0.352,-0.1477,21,0,0.0,0.0,1,26,0.0,0.0,1,26,0.0,0.0,1,26,0.0,0.0,1,26,0.0,0.0,1,26,0.0,0.0,1,26,0.9616,1.0,9,0,0.0,0.0,1,26,0.0,0.0,2,25,-0.0,-0.0,1,26,1.6847,2.216,21,0,1.1519,1.6603,5,0,g9_18,0.7,0.8523,8,1,bow_modal_R,0.0,0.0,0.0701,0.3358,11,0,0.0,0.0,1,26,0.0,0.0,1,26,0.0,0.0,1,26,0.0,0.0,1,26,0.0,0.0,1,26,0.0,0.0,1,26,0.0,0.0,1,26,0.9616,1.0,9,0,0.0,0.0,1,26,0.0,0.0,2,25,0.0,0.0,1,26,1.6847,2.216,21,0,1.0317,1.3358,5,0,g9_18,0.9967,1.0,9,0,corner,0.0,0.0
08YY898LU88C,3027,151.4,1,tesla,tesla,building,9.0,21.0,mighty_miner,6.19,mighty_miner,6,0.0,0.0,26,0.8121,0.1333,2,1,-0.0,-0.6667,1,20,0.0,0.0,1,26,0.0,0.0,1,26,0.0,0.0,1,26,0.0,0.0,1,26,0.0,0.0,1,26,1.0,1.0,1,26,0.0,0.0,1,26,0.0,0.0,1,26,0.6551,1.0,8,1,-0.0,-0.0,1,25,5.8757,0.8667,19,1,1.8121,0.4667,2,1,g9_18,0.4061,-0.2333,2,1,g9_18,1.0,1.0,0.9163,0.0,2,1,0.0,0.0,1,26,0.0,0.0,1,26,0.0,0.0,1,26,0.0,0.0,1,26,0.0,0.0,1,26,0.0,0.0,1,26,1.0,1.0,1,26,0.0,0.0,1,26,0.0,0.0,1,26,0.7593,0.9144,7,1,0.0,0.0,1,26,5.8757,0.8667,19,1,1.9163,1.0,2,1,g9_18,0.4582,0.0,2,1,g9_18,1.0,1.0
08YY898LU88C,3055,152.8,0,tesla,tesla,building,16.0,18.0,ice_wizard,6.46,ice_wizard,1,0.0,0.0,26,0.0,0.0,5,22,0.0,0.0,1,26,0.5,0.5,9,17,0.0,0.0,1,26,0.0,0.0,1,26,0.0,0.0,1,26,0.0,0.0,1,26,1.0,1.0,1,26,0.0,0.0,1,26,0.0,0.0,1,26,0.4866,0.0,2,0,0.0,0.0,1,26,2.9418,12.2969,26,0,1.5,1.5,12,15,g15_22,0.0,0.0,5,22,g15_22,1.0,1.0,0.0,0.0,8,19,0.0,0.0,1,26,0.5,0.5,9,17,0.0,0.0,1,26,0.0,0.0,1,26,0.0,0.0,1,26,0.0,0.0,1,26,1.0,1.0,1,26,0.0,0.0,1,26,0.0,0.0,1,26,0.6845,0.0,2,0,0.0,0.0,1,26,2.9418,12.2969,26,0,1.5,1.5,14,13,tesla_modal,0.0,0.0,8,19,g9_18,1.0,1.0
08YY898LU88C,3536,176.8,1,tesla,tesla,building,9.0,18.0,mighty_miner,5.8,mighty_miner,1,0.0,0.0,26,1.0,1.0,1,5,-0.0,-0.0,1,26,0.0,0.0,1,26,0.0,0.0,1,26,0.0,0.0,1,26,0.0,0.0,1,26,0.0,0.0,1,26,1.0,1.0,1,26,0.0,0.0,1,26,0.0,0.0,1,26,0.0,0.1871,5,22,-0.0,-0.0,1,26,4.7325,4.965,24,1,2.0,2.0,1,5,corner,0.5,0.5,1,5,corner,1.0,1.0,1.0,1.0,1,6,0.0,0.0,1,26,0.0,0.0,1,26,0.0,0.0,1,26,0.0,0.0,1,26,0.0,0.0,1,26,0.0,0.0,1,26,1.0,1.0,1,26,0.0,0.0,1,26,0.0,0.0,1,26,0.0,0.2913,5,22,0.0,0.0,1,26,4.7325,4.965,24,1,2.0,2.0,1,6,corner,0.5,0.5,1,6,corner,1.0,1.0
08YY898LU88C,3584,179.2,0,tesla,tesla,building,11.0,18.0,ice_wizard,6.29,ice_wizard,2,0.0,0.0,26,0.0,0.0,2,25,0.0,0.0,1,26,0.5,0.5,9,17,0.0,0.0,1,26,0.0,0.0,1,26,0.0,0.0,1,26,0.0,0.0,1,26,1.0,1.0,1,26,0.0,0.0,1,26,0.0,0.0,1,26,0.0,0.0,3,24,0.0,0.0,1,26,6.2898,2.2293,13,0,1.5,1.5,9,17,g9_22,0.0,0.0,2,25,g9_22,1.0,1.0,0.0,0.0,4,23,0.0,0.0,1,26,0.5,0.5,9,17,0.0,0.0,1,26,0.0,0.0,1,26,0.0,0.0,1,26,0.0,0.0,1,26,1.0,1.0,1,26,0.0,0.0,1,26,0.0,0.0,1,26,0.0,0.0,4,23,0.0,0.0,1,26,6.2898,2.2293,13,0,1.5,1.5,10,17,g9_22,0.0,0.0,4,23,g9_22,1.0,1.0
08YY898LY8G8,651,32.6,1,tesla,tesla,building,11.0,20.0,skeleton_army,6.26,skeleton_army,11,0.0,0.0,26,0.0,0.0,5,22,-0.0,-0.0,1,24,0.7332,0.5,9,0,0.0,0.0,1,26,0.0,0.0,1,26,0.0,0.0,1,26,0.0,0.0,1,26,1.0,1.0,1,26,0.0,0.0,1,26,0.0,0.0,1,26,0.0,0.0,5,22,-0.0,-0.0,1,24,6.2078,3.186,13,0,1.7332,1.5,12,0,bow_modal_L,0.0,0.0,4,22,bow_modal_L,1.0,1.0,0.0,0.0,4,23,-0.0,-0.0,1,24,0.7332,0.5,9,0,0.0,0.0,1,26,0.0,0.0,1,26,0.0,0.0,1,26,0.0,0.0,1,26,1.0,1.0,1,26,0.0,0.0,1,26,0.0,0.0,1,26,0.0,0.0,4,23,-0.0,-0.0,1,24,6.2078,3.186,13,0,1.7332,1.5,11,0,bow_modal_L,0.0,0.0,4,22,bow_modal_L,1.0,1.0
08YY898LY8G8,1632,81.6,1,tesla,tesla,building,12.0,19.0,princess,8.96,princess,1,0.0,0.0,26,0.0,0.0,4,23,0.0,0.0,1,26,0.5,0.5,9,17,0.0,0.0,1,26,0.0,0.0,1,26,0.0,0.0,1,26,0.0,0.0,1,26,1.0,1.0,1,26,0.0,0.0,1,26,0.0,0.0,1,26,0.3963,0.0,4,0,0.0,0.0,1,26,6.1015,12.0951,26,0,1.5,1.5,10,16,g9_22,0.0,0.0,4,23,g9_22,1.0,1.0,0.8972,0.0,2,0,0.0,0.0,1,26,0.5,0.5,9,17,0.0,0.0,1,26,0.0,0.0,1,26,0.0,0.0,1,26,0.0,0.0,1,26,1.0,1.0,1,26,0.0,0.0,1,26,0.0,0.0,1,26,0.0,0.0,1,26,0.0,0.0,1,26,6.1015,12.0951,26,0,2.3972,1.5,2,0,g15_18,0.6729,0.0,2,0,g15_18,1.0,1.0
08YY898LY8G8,2207,110.4,1,x-bow,x_bow,building,2.5,19.5,,0.0,,0,0.0,0.0,26,0.0,0.0,1,26,0.0,0.0,1,26,0.5,0.5,11,16,0.0,0.0,1,26,0.0,0.0,1,26,0.0,0.0,1,26,0.0,0.0,1,26,0.0,0.0,1,26,0.9616,1.0,9,0,0.0,0.0,1,26,0.0,0.0,1,26,0.0,0.0,1,26,0.0,0.0,1,26,1.4616,1.5,9,0,g9_18,0.9616,1.0,9,0,corner,0.0,0.0,0.0,0.0,1,26,0.0,0.0,1,26,0.5,0.5,11,16,0.0,0.0,1,26,0.0,0.0,1,26,0.0,0.0,1,26,0.0,0.0,1,26,0.0,0.0,1,26,0.9616,1.0,9,0,0.0,0.0,1,26,0.0,0.0,1,26,0.0,0.0,1,26,0.0,0.0,1,26,1.4616,1.5,9,0,g9_18,0.9616,1.0,9,0,corner,0.0,0.0
08YY898LY8G8,2331,116.6,1,tesla,tesla,building,5.0,18.0,wall_breakers,4.25,wall_breakers,3,0.0,0.0,26,0.75,1.0,6,1,-0.3333,-0.0,22,1,0.5,0.5,9,17,0.0,0.0,1,26,0.0,0.0,1,26,0.0,0.0,1,26,0.0,0.0,1,26,0.6119,0.6119,1,26,0.0,0.0,1,26,0.0,0.0,1,26,1.0,1.0,1,5,-0.0,-0.0,1,26,1.0,1.5,22,1,1.5286,2.1119,12,1,tesla_modal,0.2625,0.75,6,1,tesla_modal,0.6119,0.6119,0.0,0.0718,6,21,0.0,0.0,1,26,0.5,0.5,9,17,0.0,0.0,1,26,0.0,0.0,1,26,0.0,0.0,1,26,0.0,0.0,1,26,0.6119,0.6119,1,26,0.0,0.0,1,26,0.0,0.0,1,26,1.0,1.0,1,5,0.0,0.0,1,26,1.0,1.5,22,1,1.1119,1.1837,12,15,tesla_modal,0.0,0.0538,6,21,tesla_modal,0.6119,0.6119
08YY898LY8G8,2854,142.7,1,x-bow,x_bow,building,8.5,22.5,,0.0,,0,0.0,0.0,26,0.0,0.0,1,26,0.0,0.0,1,26,1.0,0.5,1,8,0.0,0.0,1,26,0.0,0.0,1,26,0.0,0.0,1,26,0.0,0.0,1,26,0.0,0.0,1,26,0.0,1.0,9,18,0.0,0.0,1,26,0.0,0.0,1,26,0.0,0.0,1,26,0.0,0.0,1,26,1.0,1.5,9,8,g9_18,0.0,1.0,9,18,corner,0.0,0.0,0.0,0.0,1,26,0.0,0.0,1,26,1.0,0.5,1,8,0.0,0.0,1,26,0.0,0.0,1,26,0.0,0.0,1,26,0.0,0.0,1,26,0.0,0.0,1,26,0.0,1.0,9,18,0.0,0.0,1,26,0.0,0.0,1,26,0.0,0.0,1,26,0.0,0.0,1,26,1.0,1.5,9,8,g9_18,0.0,1.0,9,18,corner,0.0,0.0
08YY898LY8G8,3227,161.4,1,tesla,tesla,building,6.0,18.0,wall_breakers,2.34,wall_breakers,4,0.0,0.0,26,1.0,0.0,1,4,-0.0,-0.0,1,22,0.5,0.5,9,17,0.0,0.0,1,26,0.0,0.0,1,26,0.0,0.0,1,26,0.0,0.0,1,26,1.0,1.0,1,26,0.0,0.0,1,26,0.0,0.0,1,26,1.0,0.0,1,7,-0.0,-0.0,1,25,2.2434,5.5548,22,0,2.5,1.5,2,3,skel_cell,0.75,0.0,2,3,skel_cell,1.0,1.0,0.4435,0.0,4,0,0.0,0.0,1,26,0.5,0.5,9,17,0.0,0.0,1,26,0.0,0.0,1,26,0.0,0.0,1,26,0.0,0.0,1,26,1.0,1.0,1,26,0.0,0.0,1,26,0.0,0.0,1,26,0.4435,0.0,6,0,0.0,0.0,1,26,2.2434,5.5548,22,0,1.9435,1.5,12,0,g3_18,0.3326,0.0,4,0,g3_18,1.0,1.0
08YY898LY8G8,3271,163.6,1,x-bow,x_bow,building,3.5,19.5,dart_goblin,9.94,dart_goblin,2,0.0,0.0,26,0.0,0.0,1,26,0.0,0.0,1,26,0.5,0.5,11,16,0.0,0.0,1,26,0.0,0.0,1,26,0.0,0.0,1,26,0.0,0.0,1,26,0.6137,0.6137,1,26,1.0,1.0,1,8,0.0,0.0,1,26,0.0,0.0,3,24,0.0,0.0,1,26,0.0,1.4,25,2,2.1137,2.1137,2,7,g9_18,1.0,1.0,1,8,corner,0.6137,0.6137,0.0,0.0,4,23,0.0,0.0,1,26,0.5,0.5,11,16,0.0,0.0,1,26,0.0,0.0,1,26,0.0,0.0,1,26,0.0,0.0,1,26,0.6137,0.6137,1,26,1.0,1.0,1,8,0.0,0.0,1,26,0.0,0.0,1,26,0.0,0.0,1,26,0.0,1.4,25,2,2.1137,2.1137,4,7,g9_18,1.0,1.0,1,10,corner,0.6137,0.6137
08YY898PPLJ9,261,13.1,1,tesla,tesla,building,9.0,21.0,musketeer,18.81,musketeer,1,0.0,0.0,26,0.0,0.0,1,26,0.0,0.0,1,26,1.0,0.5,1,8,0.0,0.0,1,26,0.0,0.0,1,26,0.0,0.0,1,26,0.0,0.0,1,26,0.0,0.0,1,26,0.0,0.0,1,26,0.0,0.0,1,26,0.0,0.0,1,26,0.0,0.0,1,26,5.0,1.5,15,3,1.0,0.5,1,8,centre,0.0,0.0,1,26,corner,0.0,0.0,1.0,0.0,1,3,0.0,0.0,1,26,1.0,0.5,1,8,0.0,0.0,1,26,0.0,0.0,1,26,0.0,0.0,1,26,0.0,0.0,1,26,0.0,0.0,1,26,0.0,0.0,1,26,0.0,0.0,1,26,0.0,0.0,1,26,0.0,0.0,1,26,5.0,1.5,15,3,2.0,0.5,1,2,tesla_modal,1.0,0.0,1,2,tesla_modal,0.0,0.0
08YY898PPLJ9,1827,91.4,1,tesla,tesla,building,9.0,21.0,ice_golem,7.52,ice_golem,3,0.0,0.0,26,1.0,0.875,1,3,-0.0,-0.1429,1,19,1.0,0.5,1,8,0.0,0.0,1,26,0.0,0.0,1,26,0.0,0.0,1,26,0.0,0.0,1,26,0.6015,0.6015,1,26,0.0,0.0,1,26,0.0,0.0,1,26,0.6218,1.0,8,1,-0.0,-0.0,1,26,5.0,1.5,15,3,2.6015,1.8336,1,2,tesla_modal,1.0,0.5134,1,2,tesla_modal,0.6015,0.6015,1.0,0.8361,1,3,-0.0,-0.1793,1,19,1.0,0.5,1,8,0.0,0.0,1,26,0.0,0.0,1,26,0.0,0.0,1,26,0.0,0.0,1,26,0.6015,0.6015,1,26,0.0,0.0,1,26,0.0,0.0,1,26,0.2607,1.0,8,1,-0.0,-0.0,1,26,5.0,1.5,15,3,2.6015,1.7582,1,2,tesla_modal,1.0,0.4478,1,2,tesla_modal,0.6015,0.6015
08YY898PPLJ9,2502,125.1,1,tesla,tesla,building,9.0,22.0,ice_golem,7.48,ice_golem,2,0.0,0.0,26,1.0,0.9504,1,7,-0.0,-0.0566,1,18,0.5,0.0,1,17,0.0,0.0,1,26,0.0,0.0,1,26,0.0,0.0,1,26,0.0,0.0,1,26,1.0,1.0,1,26,0.0,0.0,1,26,0.0,0.0,1,26,0.6617,1.0,8,1,-0.0,-0.0,1,24,2.5623,1.6509,15,1,2.5,1.8938,1,4,tesla_modal,0.75,0.4186,1,4,tesla_modal,1.0,1.0,1.0,0.9115,1,7,-0.0,-0.0968,1,18,0.5,0.0,1,17,0.0,0.0,1,26,0.0,0.0,1,26,0.0,0.0,1,26,0.0,0.0,1,26,1.0,1.0,1,26,0.0,0.0,1,26,0.0,0.0,1,26,0.3006,1.0,9,1,-0.0,-0.0,1,24,2.5623,1.6509,15,1,2.5,1.8148,1,4,tesla_modal,0.75,0.359,1,4,tesla_modal,1.0,1.0
08YY898PPLJ9,2698,134.9,1,x-bow,x_bow,building,2.5,19.5,hog_rider,8.41,hog_rider,6,0.0,0.0,26,0.0,0.0,2,25,-0.0,-0.0,1,23,0.0,0.0,19,8,0.0,0.0,1,26,0.0,0.0,1,26,0.0,0.0,1,26,0.0,0.0,1,26,0.0,0.0,1,26,0.9616,1.0,9,0,0.0,0.0,1,26,0.0,0.0,2,25,-0.0,-0.0,1,25,8.4113,9.8195,8,0,0.9616,1.0,9,0,bow_modal_R,0.9616,1.0,9,0,corner,0.0,0.0,0.0,0.0,1,26,0.0,0.0,1,26,0.0,0.0,19,8,0.0,0.0,1,26,0.0,0.0,1,26,0.0,0.0,1,26,0.0,0.0,1,26,0.0,0.0,1,26,0.9616,1.0,9,0,0.0,0.0,1,26,0.0,0.0,1,26,0.0,0.0,1,26,8.4113,9.8195,8,0,0.9616,1.0,9,0,bow_modal_R,0.9616,1.0,9,0,corner,0.0,0.0
08YY898PPLJ9,2831,141.6,1,tesla,tesla,building,12.0,21.0,ice_golem,2.17,ice_golem,4,0.0,0.0,26,0.0,0.0,3,24,-0.0,-0.0,1,23,0.5,0.0,1,17,0.0,0.0,1,26,0.0,0.0,1,26,0.0,0.0,1,26,0.0,0.0,1,26,1.0,1.0,1,26,0.0,0.0,1,26,0.0,0.0,1,26,0.0,0.0,3,24,-0.0,-0.0,1,24,2.3739,13.1636,22,0,1.5,1.0,2,14,lane_R,0.0,0.0,2,23,lane_R,1.0,1.0,0.0,0.0,3,24,-0.0,-0.0,1,23,0.5,0.0,1,17,0.0,0.0,1,26,0.0,0.0,1,26,0.0,0.0,1,26,0.0,0.0,1,26,1.0,1.0,1,26,0.0,0.0,1,26,0.0,0.0,1,26,0.0,0.0,3,24,-0.0,-0.0,1,24,2.3739,13.1636,22,0,1.5,1.0,2,14,lane_R,0.0,0.0,2,23,lane_R,1.0,1.0
08YY898PPLJ9,3331,166.6,1,tesla,tesla,building,9.0,21.0,musketeer,7.73,musketeer,5,0.0,0.0,26,0.0,0.0,7,20,0.0,0.0,1,26,0.5,0.0,1,17,0.0,0.0,1,26,0.0,0.0,1,26,0.0,0.0,1,26,0.0,0.0,1,26,0.0,0.0,1,26,0.0,0.0,1,26,0.0,0.0,1,26,0.0,0.1407,5,22,0.0,0.0,1,26,1.906,2.6953,24,1,0.5,0.0,6,12,g9_26,0.0,0.0,7,20,g9_26,0.0,0.0,0.1808,0.5754,13,1,0.0,0.0,1,26,0.5,0.0,1,17,0.0,0.0,1,26,0.0,0.0,1,26,0.0,0.0,1,26,0.0,0.0,1,26,0.0,0.0,1,26,0.0,0.0,1,26,0.0,0.0,1,26,0.0,1.0,6,21,0.0,0.0,1,26,1.906,2.6953,24,1,0.6808,0.5754,9,1,centre,0.1356,0.2877,13,1,centre,0.0,0.0
08YY898Q09RY,751,37.6,1,tesla,tesla,building,9.0,20.0,baby_dragon,8.51,baby_dragon,2,0.0,0.0,26,0.6573,0.0,5,0,0.0,0.0,1,26,1.0,0.5,1,8,0.0,0.0,1,26,0.0,0.0,1,26,0.0,0.0,1,26,0.0,0.0,1,26,0.0,0.0,1,26,0.0,0.0,1,26,0.0,0.0,1,26,0.0,0.0,3,24,0.0,0.0,1,26,3.8146,10.8747,19,0,1.6573,0.5,5,0,centre,0.6573,0.0,5,0,centre,0.0,0.0,0.9448,0.0,5,0,0.0,0.0,1,26,1.0,0.5,1,8,0.0,0.0,1,26,0.0,0.0,1,26,0.0,0.0,1,26,0.0,0.0,1,26,0.0,0.0,1,26,0.0,0.0,1,26,0.0,0.0,1,26,0.0,0.0,3,24,0.0,0.0,1,26,3.8146,10.8747,19,0,1.9448,0.5,5,0,centre,0.9448,0.0,5,0,centre,0.0,0.0
08YY898Q09RY,876,43.8,1,x-bow,x_bow,building,3.5,19.5,baby_dragon,9.37,baby_dragon,1,0.0,0.0,26,0.0,0.0,8,19,0.0,0.0,1,26,0.5,0.5,11,16,0.0,0.0,1,26,0.0,0.0,1,26,0.0,0.0,1,26,0.0,0.0,1,26,0.0,0.0,1,26,1.0,1.0,1,8,0.0,0.0,1,26,0.0,0.0,9,18,0.0,0.0,1,26,9.2655,10.708,13,0,1.5,1.5,5,7,g9_18,1.0,1.0,1,8,corner,0.0,0.0,0.0,0.0,9,18,0.0,0.0,1,26,0.5,0.5,11,16,0.0,0.0,1,26,0.0,0.0,1,26,0.0,0.0,1,26,0.0,0.0,1,26,0.0,0.0,1,26,1.0,1.0,1,8,0.0,0.0,1,26,0.0,0.0,9,18,0.0,0.0,1,26,9.2655,10.708,13,0,1.5,1.5,6,6,g9_18,1.0,1.0,1,8,corner,0.0,0.0
08YY898Q09RY,1731,86.6,1,x-bow,x_bow,building,2.5,19.5,baby_dragon,19.13,baby_dragon,2,0.0,0.0,26,0.0,0.0,6,21,0.0,0.0,1,26,0.5,0.5,11,16,0.0,0.0,1,26,0.0,0.0,1,26,0.0,0.0,1,26,0.0,0.0,1,26,0.0,0.0,1,26,0.9616,1.0,9,0,0.0,0.0,1,26,0.0,0.0,1,26,0.0,0.0,1,26,10.3013,11.1308,6,0,1.4616,1.5,13,0,g9_18,0.9616,1.0,10,0,corner,0.0,0.0,0.0,0.0,7,20,0.0,0.0,1,26,0.5,0.5,11,16,0.0,0.0,1,26,0.0,0.0,1,26,0.0,0.0,1,26,0.0,0.0,1,26,0.0,0.0,1,26,0.9616,1.0,9,0,0.0,0.0,1,26,0.0,0.0,1,26,0.0,0.0,1,26,10.3013,11.1308,6,0,1.4616,1.5,13,0,g9_18,0.9616,1.0,13,0,corner,0.0,0.0
08YY898Q09RY,1872,93.6,1,tesla,tesla,building,9.0,21.0,electro_giant,6.94,electro_giant,3,0.0,0.0,26,1.0,0.1848,1,2,-0.0,-0.7411,1,20,1.0,0.5,1,8,0.0,0.0,1,26,0.0,0.0,1,26,0.0,0.0,1,26,0.0,0.0,1,26,1.0,1.0,1,26,0.0,0.0,1,26,0.0,0.0,1,26,1.0,0.788,1,4,-0.0,-0.1927,1,22,6.1708,0.5697,18,1,3.0,0.9438,1,1,tesla_modal,1.0,-0.1614,1,1,tesla_modal,1.0,1.0,1.0,0.0,1,2,0.0,0.0,1,26,1.0,0.5,1,8,0.0,0.0,1,26,0.0,0.0,1,26,0.0,0.0,1,26,0.0,0.0,1,26,1.0,1.0,1,26,0.0,0.0,1,26,0.0,0.0,1,26,0.9955,0.2098,4,1,0.0,0.0,1,26,6.1708,0.5697,18,1,3.0,1.5,1,1,tesla_modal,1.0,0.0,1,1,tesla_modal,1.0,1.0
08YY898Q09RY,2571,128.6,1,x-bow,x_bow,building,5.5,21.5,,0.0,,1,0.0,0.0,26,0.0,0.0,1,26,0.0,0.0,1,26,0.5837,0.5,9,0,0.0,0.0,1,26,0.0,0.0,1,26,0.0,0.0,1,26,0.0,0.0,1,26,0.0,0.0,1,26,0.0,1.0,9,18,0.0,0.0,1,26,0.0,0.0,1,26,0.0,0.0,1,26,0.0,0.0,1,26,0.5837,1.5,17,0,g9_18,0.0,1.0,9,18,corner,0.0,0.0,0.0,0.0,1,26,0.0,0.0,1,26,0.5837,0.5,9,0,0.0,0.0,1,26,0.0,0.0,1,26,0.0,0.0,1,26,0.0,0.0,1,26,0.0,0.0,1,26,0.0,1.0,9,18,0.0,0.0,1,26,0.0,0.0,1,26,0.0,0.0,1,26,0.0,0.0,1,26,0.5837,1.5,17,0,g9_18,0.0,1.0,9,18,corner,0.0,0.0
08YY898Q09RY,3071,153.6,1,tesla,tesla,building,9.0,18.0,baby_dragon,4.0,baby_dragon,2,0.0,0.0,26,0.0,0.0435,6,21,0.0,0.0,1,26,0.4663,0.5,26,1,0.0,0.0,1,26,0.0,0.0,1,26,0.0,0.0,1,26,0.0,0.0,1,26,1.0,1.0,1,26,0.0,0.0,1,26,0.0,0.0,1,26,0.7486,0.0435,3,1,0.0,0.0,1,26,1.0524,2.5871,26,1,1.4663,1.5435,26,1,g9_22,0.0,0.0327,6,21,g9_22,1.0,1.0,0.0,0.331,7,20,0.0,0.0,1,26,0.4663,0.5,26,1,0.0,0.0,1,26,0.0,0.0,1,26,0.0,0.0,1,26,0.0,0.0,1,26,1.0,1.0,1,26,0.0,0.0,1,26,0.0,0.0,1,26,1.0,0.331,1,3,0.0,0.0,1,26,1.0524,2.5871,26,1,1.4663,1.831,26,1,g9_22,0.0,0.2483,7,20,g9_22,1.0,1.0
08YY898Q09RY,3374,168.7,1,x-bow,x_bow,building,10.5,21.5,electro_giant,8.79,electro_giant,1,0.0,0.0,26,0.0,0.6,8,19,-0.0,-0.3636,1,19,1.0,0.5,1,8,0.0,0.0,1,26,0.0,0.0,1,26,0.0,0.0,1,26,0.0,0.0,1,26,0.9683,0.9683,1,26,0.0,1.0,8,19,0.0,0.0,1,26,0.0,1.0,9,18,-0.0,-0.0,1,26,6.4,1.4,13,0,1.9683,2.7047,10,6,tesla_modal,0.0,0.7,11,13,tesla_modal,0.9683,0.9683,0.0,0.0218,6,21,0.0,0.0,1,26,1.0,0.5,1,8,0.0,0.0,1,26,0.0,0.0,1,26,0.0,0.0,1,26,0.0,0.0,1,26,0.9683,0.9683,1,26,0.0,1.0,9,18,0.0,0.0,1,26,0.0,1.0,9,18,0.0,0.0,1,26,6.4,1.4,13,0,1.9683,2.4901,11,6,g9_18,0.0,1.0,11,16,corner,0.9683,0.9683
08YY898Q09RY,3861,193.1,1,tesla,tesla,building,9.0,19.0,baby_dragon,4.08,baby_dragon,3,0.0,0.0,26,0.7923,0.0678,3,0,0.0,0.0,1,26,0.9902,0.5,9,0,0.0,0.0,1,26,0.0,0.0,1,26,0.0,0.0,1,26,0.0,0.0,1,26,1.0,1.0,1,26,0.0,0.0,1,26,0.0,0.0,1,26,0.7923,0.0678,3,0,0.0,0.0,1,26,4.0846,2.6355,19,0,2.7825,1.5678,2,0,tesla_modal,0.7884,0.0508,2,0,tesla_modal,1.0,1.0,1.0,0.3553,1,2,0.0,0.0,1,26,0.9902,0.5,9,0,0.0,0.0,1,26,0.0,0.0,1,26,0.0,0.0,1,26,0.0,0.0,1,26,1.0,1.0,1,26,0.0,0.0,1,26,0.0,0.0,1,26,1.0,0.3553,1,2,0.0,0.0,1,26,4.0846,2.6355,19,0,2.9902,1.8553,2,0,tesla_modal,0.9951,0.2664,2,0,tesla_modal,1.0,1.0
08YY898Q09RY,4111,205.6,1,x-bow,x_bow,building,10.5,22.5,bowler,9.88,bowler,2,0.0,0.0,26,0.0,0.0,4,23,0.0,0.0,1,26,1.0,0.5,1,8,0.0,0.0,1,26,0.0,0.0,1,26,0.0,0.0,1,26,0.0,0.0,1,26,0.0,0.0,1,26,0.0,1.0,8,19,0.0,0.0,1,26,0.0,0.34,7,20,0.0,0.0,1,26,8.7135,0.0,15,0,1.0,1.5,11,6,g9_18,0.0,1.0,11,16,corner,0.0,0.0,0.0,0.0,4,23,0.0,0.0,1,26,1.0,0.5,1,8,0.0,0.0,1,26,0.0,0.0,1,26,0.0,0.0,1,26,0.0,0.0,1,26,0.0,0.0,1,26,0.0,1.0,9,18,0.0,0.0,1,26,0.0,0.1692,6,21,0.0,0.0,1,26,8.7135,0.0,15,0,1.0,1.5,11,6,g9_18,0.0,1.0,11,16,corner,0.0,0.0
08YY898Q09RY,4558,227.9,1,tesla,tesla,building,9.0,18.0,baby_dragon,4.74,baby_dragon,1,0.0,0.0,26,0.7213,0.1776,3,1,0.0,0.0,1,26,0.4663,0.5,26,1,0.0,0.0,1,26,0.0,0.0,1,26,0.0,0.0,1,26,0.0,0.0,1,26,0.2073,0.2073,1,26,0.0,0.0,1,26,0.0,0.0,1,26,1.0,0.497,1,2,0.0,0.0,1,26,3.9426,2.8552,21,1,1.3949,0.8849,4,1,tesla_modal,0.5288,0.1332,4,1,tesla_modal,0.2073,0.2073,1.0,0.4651,1,3,0.0,0.0,1,26,0.4663,0.5,26,1,0.0,0.0,1,26,0.0,0.0,1,26,0.0,0.0,1,26,0.0,0.0,1,26,0.2073,0.2073,1,26,0.0,0.0,1,26,0.0,0.0,1,26,1.0,0.5126,1,2,0.0,0.0,1,26,3.9426,2.8552,21,1,1.6736,1.1724,4,1,tesla_modal,0.7332,0.3488,3,1,tesla_modal,0.2073,0.2073
08YY898Q09RY,4915,245.8,1,x-bow,x_bow,building,12.5,22.5,bowler,11.15,bowler,3,0.0,0.0,26,0.0,0.0,4,23,0.0,0.0,1,26,0.7044,0.5,9,0,0.0,0.0,1,26,0.0,0.0,1,26,0.0,0.0,1,26,0.0,0.0,1,26,1.0,1.0,1,26,0.0,1.0,9,18,0.0,0.0,1,26,0.0,0.2095,7,20,0.0,0.0,1,26,8.4,1.4,10,0,1.7044,2.5,17,0,g9_18,0.0,1.0,11,16,corner,1.0,1.0,0.0,0.0,4,23,0.0,0.0,1,26,0.7044,0.5,9,0,0.0,0.0,1,26,0.0,0.0,1,26,0.0,0.0,1,26,0.0,0.0,1,26,1.0,1.0,1,26,0.0,1.0,9,18,0.0,0.0,1,26,0.0,0.0386,7,20,0.0,0.0,1,26,8.4,1.4,10,0,1.7044,2.5,17,0,g9_18,0.0,1.0,11,16,corner,1.0,1.0
08YY898Q09RY,5072,253.6,1,tesla,tesla,building,9.0,18.0,electro_giant,6.91,electro_giant,2,0.0,0.0,26,0.0,0.3727,6,21,-0.0,-0.5703,1,19,0.4663,0.5,26,1,0.0,0.0,1,26,0.0,0.0,1,26,0.0,0.0,1,26,0.0,0.0,1,26,1.0,1.0,1,26,0.0,0.0,1,26,0.0,0.0,1,26,0.0,0.3727,7,20,-0.0,-0.5703,1,21,7.1367,0.9454,12,1,1.4663,1.3025,22,1,lane,0.0,-0.0205,4,19,lane,1.0,1.0,0.0,0.0,4,23,0.0,0.0,1,26,0.4663,0.5,26,1,0.0,0.0,1,26,0.0,0.0,1,26,0.0,0.0,1,26,0.0,0.0,1,26,1.0,1.0,1,26,0.0,0.0,1,26,0.0,0.0,1,26,0.0,0.0,5,22,0.0,0.0,1,26,7.1367,0.9454,12,1,1.4663,1.5,26,1,centre,0.0,0.0,4,23,lane,1.0,1.0
08YY898QYRPP,631,31.6,1,x-bow,x_bow,building,8.5,22.5,wizard,18.18,wizard,1,0.0,0.0,26,0.0,0.0,4,23,0.0,0.0,1,26,0.5,0.5,1,16,0.0,0.0,1,26,0.0,0.0,1,26,0.0,0.0,1,26,0.0,0.0,1,26,0.0,0.0,1,26,0.0,1.0,9,18,0.0,0.0,1,26,0.0,0.0,1,26,0.0,0.0,1,26,4.4,1.4,18,1,0.5,1.5,11,10,corner,0.0,1.0,11,16,corner,0.0,0.0,0.5292,0.0,4,0,0.0,0.0,1,26,0.5,0.5,1,16,0.0,0.0,1,26,0.0,0.0,1,26,0.0,0.0,1,26,0.0,0.0,1,26,0.0,0.0,1,26,0.0,1.0,9,18,0.0,0.0,1,26,0.0,0.0,1,26,0.0,0.0,1,26,4.4,1.4,18,1,1.0292,1.5,8,0,g9_18,0.3969,1.0,11,0,corner,0.0,0.0
08YY898QYRPP,1393,69.7,1,tesla,tesla,building,9.0,22.0,skeleton_king,10.22,skeleton_king,7,0.0,0.0,26,1.0,0.65,1,3,-0.0,-0.3182,1,19,0.5,0.5,1,16,0.0,0.0,1,26,0.0,0.0,1,26,0.0,0.0,1,26,0.0,0.0,1,26,0.0,0.0,1,26,0.0,0.0,1,26,0.0,0.0,1,26,0.0,0.0,2,25,-0.0,-0.0,1,26,5.0,1.5,15,3,1.5,0.8318,1,2,tesla_modal,0.75,0.1875,1,2,tesla_modal,0.0,0.0,1.0,0.6667,1,3,-0.0,-0.3077,1,19,0.5,0.5,1,16,0.0,0.0,1,26,0.0,0.0,1,26,0.0,0.0,1,26,0.0,0.0,1,26,0.0,0.0,1,26,0.0,0.0,1,26,0.0,0.0,1,26,0.0,0.0,2,25,-0.0,-0.0,1,26,5.0,1.5,15,3,1.5,0.859,1,2,tesla_modal,0.75,0.2,1,2,tesla_modal,0.0,0.0
08YY898QYRPP,1896,94.8,1,x-bow,x_bow,building,15.5,19.5,,0.0,,0,0.0,0.0,26,0.0,0.0,1,26,0.0,0.0,1,26,0.0,0.5,19,8,0.0,0.0,1,26,0.0,0.0,1,26,0.0,0.0,1,26,0.0,0.0,1,26,0.0,0.0,1,26,0.9616,1.0,9,0,0.0,0.0,1,26,0.0,0.0,1,26,0.0,0.0,1,26,0.0,0.0,1,26,0.9616,1.5,9,0,corner,0.9616,1.0,9,0,corner,0.0,0.0,0.0,0.0,1,26,0.0,0.0,1,26,0.0,0.5,19,8,0.0,0.0,1,26,0.0,0.0,1,26,0.0,0.0,1,26,0.0,0.0,1,26,0.0,0.0,1,26,0.9616,1.0,9,0,0.0,0.0,1,26,0.0,0.0,1,26,0.0,0.0,1,26,0.0,0.0,1,26,0.9616,1.5,9,0,corner,0.9616,1.0,9,0,corner,0.0,0.0
08YY898QYRPP,2535,126.8,1,tesla,tesla,building,9.0,21.0,skeleton_king,12.12,skeleton_king,2,0.0,0.0,26,0.0,0.0,1,26,-0.0,-0.0,1,26,0.5,0.5,1,16,0.0,0.0,1,26,0.0,0.0,1,26,0.0,0.0,1,26,0.0,0.0,1,26,1.0,1.0,1,26,0.0,0.0,1,26,0.0,0.0,1,26,0.0,0.0,1,26,-0.0,-0.0,1,26,11.8219,14.3979,20,1,1.5,1.5,1,16,corner,0.0,0.0,1,26,corner,1.0,1.0,0.0,0.0,1,26,-0.0,-0.0,1,26,0.5,0.5,1,16,0.0,0.0,1,26,0.0,0.0,1,26,0.0,0.0,1,26,0.0,0.0,1,26,1.0,1.0,1,26,0.0,0.0,1,26,0.0,0.0,1,26,0.0,0.0,1,26,-0.0,-0.0,1,26,11.8219,14.3979,20,1,1.5,1.5,1,16,corner,0.0,0.0,1,26,corner,1.0,1.0
08YY898QYRPP,2879,144.0,1,tesla,tesla,building,9.0,20.0,elixir_golem,5.09,elixir_golem,7,0.0,0.0,26,0.2033,1.0,11,0,-0.8853,-0.0,27,0,0.5,0.5,1,16,0.0,0.0,1,26,0.0,0.0,1,26,0.0,0.0,1,26,0.0,0.0,1,26,1.0,1.0,1,26,0.0,0.0,1,26,0.0,0.0,1,26,1.0,1.0,1,9,-0.0,-0.0,1,26,0.2065,3.3309,27,0,0.818,2.5,27,0,corner,-0.1476,0.75,27,0,corner,1.0,1.0,0.0,0.9872,9,18,0.0,0.0,1,26,0.5,0.5,1,16,0.0,0.0,1,26,0.0,0.0,1,26,0.0,0.0,1,26,0.0,0.0,1,26,1.0,1.0,1,26,0.0,0.0,1,26,0.0,0.0,1,26,1.0,0.9872,1,5,0.0,0.0,1,26,0.2065,3.3309,27,0,1.5,2.4872,8,9,g3_22,0.0,0.7404,9,18,g3_22,1.0,1.0
08YY898QYRPP,3112,156.0,1,x-bow,x_bow,building,8.5,21.5,elixir_blob,3.72,elixir_blob,4,0.0,0.0,26,0.0,0.0,1,26,-0.0,-0.0,1,25,0.5,0.5,1,16,0.0,0.0,1,26,0.0,0.0,1,26,0.0,0.0,1,26,0.0,0.0,1,26,0.0,0.0,1,26,0.0,1.0,9,18,0.0,0.0,1,26,0.0,0.0,1,26,-0.0,-0.0,1,26,3.6223,5.9319,23,0,0.5,1.5,9,11,corner,0.0,1.0,9,17,corner,0.0,0.0,0.0,0.0,1,26,-0.0,-0.0,1,25,0.5,0.5,1,16,0.0,0.0,1,26,0.0,0.0,1,26,0.0,0.0,1,26,0.0,0.0,1,26,0.0,0.0,1,26,0.0,1.0,9,18,0.0,0.0,1,26,0.0,0.0,1,26,-0.0,-0.0,1,26,3.6223,5.9319,23,0,0.5,1.5,9,11,corner,0.0,1.0,9,17,corner,0.0,0.0
08YY898QYRPP,3583,179.2,1,tesla,tesla,building,9.0,18.0,skeleton_army,5.0,skeleton_army,24,0.0,0.0,26,0.0,1.0,6,21,-0.0,-0.0,1,23,0.2332,0.5,17,1,0.0,0.0,1,26,0.0,0.0,1,26,0.0,0.0,1,26,0.0,0.0,1,26,1.0,1.0,1,26,0.0,0.0,1,26,0.0,0.0,1,26,0.0,1.0,6,21,-0.0,-0.0,1,24,4.9989,3.1692,14,1,1.2332,2.5,15,1,corner,0.0,0.75,5,20,corner,1.0,1.0,0.0,1.0,5,22,-0.0,-0.0,1,23,0.2332,0.5,17,1,0.0,0.0,1,26,0.0,0.0,1,26,0.0,0.0,1,26,0.0,0.0,1,26,1.0,1.0,1,26,0.0,0.0,1,26,0.0,0.0,1,26,0.0,1.0,5,22,-0.0,-0.0,1,24,4.9989,3.1692,14,1,1.2332,2.5,14,1,corner,0.0,0.75,4,20,corner,1.0,1.0
08YY898YJ8LY,191,9.6,1,tesla,tesla,building,9.0,21.0,wall_breakers,6.85,wall_breakers,2,0.0,0.0,26,1.0,1.0,1,5,-0.0,-0.0,1,21,1.0,0.5,1,8,0.0,0.0,1,26,0.0,0.0,1,26,0.0,0.0,1,26,0.0,0.0,1,26,0.9371,0.9371,1,26,0.0,0.0,1,26,0.0,0.0,1,26,0.4391,1.0,8,1,-0.0,-0.0,1,26,5.0,1.5,15,2,2.9371,2.4371,1,2,tesla_modal,1.0,0.75,1,2,tesla_modal,0.9371,0.9371,1.0,0.0718,1,3,0.0,0.0,1,26,1.0,0.5,1,8,0.0,0.0,1,26,0.0,0.0,1,26,0.0,0.0,1,26,0.0,0.0,1,26,0.9371,0.9371,1,26,0.0,0.0,1,26,0.0,0.0,1,26,0.5295,1.0,8,1,0.0,0.0,1,26,5.0,1.5,15,2,2.9371,1.5089,1,2,tesla_modal,1.0,0.0538,1,2,tesla_modal,0.9371,0.9371
08YY898YJ8LY,1261,63.1,1,tesla,tesla,building,12.0,18.0,dart_goblin,1.2,dart_goblin,1,0.0,0.0,26,0.0,0.0,1,26,0.0,0.0,1,26,0.5,0.5,9,17,0.0,0.0,1,26,0.0,0.0,1,26,0.0,0.0,1,26,0.0,0.0,1,26,1.0,1.0,1,26,0.0,0.0,1,26,0.0,0.0,1,26,0.0,0.0,3,24,0.0,0.0,1,26,1.1838,11.6836,22,0,1.5,1.5,9,17,centre,0.0,0.0,1,26,corner,1.0,1.0,0.0,0.0,6,21,0.0,0.0,1,26,0.5,0.5,9,17,0.0,0.0,1,26,0.0,0.0,1,26,0.0,0.0,1,26,0.0,0.0,1,26,1.0,1.0,1,26,0.0,0.0,1,26,0.0,0.0,1,26,0.0,0.0,8,19,0.0,0.0,1,26,1.1838,11.6836,22,0,1.5,1.5,11,16,tesla_modal,0.0,0.0,6,21,tesla_modal,1.0,1.0
08YY898YJ8LY,1452,72.6,1,x-bow,x_bow,building,14.5,19.5,,0.0,,0,0.0,0.0,26,0.0,0.0,1,26,0.0,0.0,1,26,0.5,0.5,11,16,0.0,0.0,1,26,0.0,0.0,1,26,0.0,0.0,1,26,0.0,0.0,1,26,0.0,0.0,1,26,1.0,1.0,1,8,0.0,0.0,1,26,0.0,0.0,1,26,0.0,0.0,1,26,0.0,0.0,1,26,1.5,1.5,2,7,g9_18,1.0,1.0,1,8,corner,0.0,0.0,0.0,0.0,1,26,0.0,0.0,1,26,0.5,0.5,11,16,0.0,0.0,1,26,0.0,0.0,1,26,0.0,0.0,1,26,0.0,0.0,1,26,0.0,0.0,1,26,1.0,1.0,1,8,0.0,0.0,1,26,0.0,0.0,1,26,0.0,0.0,1,26,0.0,0.0,1,26,1.5,1.5,2,7,g9_18,1.0,1.0,1,8,corner,0.0,0.0
08YY898YJ8LY,2137,106.9,1,tesla,tesla,building,9.0,21.0,skeleton_army,4.78,skeleton_army,18,0.0,0.0,26,0.0,0.0,3,24,-0.0,-0.0,1,23,1.0,0.5,1,8,0.0,0.0,1,26,0.0,0.0,1,26,0.0,0.0,1,26,0.0,0.0,1,26,1.0,1.0,1,26,0.0,0.0,1,26,0.0,0.0,1,26,0.0,0.0,3,24,-0.0,-0.0,1,24,4.7799,3.535,16,1,2.0,1.5,1,8,centre,0.0,0.0,2,23,lane,1.0,1.0,0.0,0.0,3,24,-0.0,-0.0,1,23,1.0,0.5,1,8,0.0,0.0,1,26,0.0,0.0,1,26,0.0,0.0,1,26,0.0,0.0,1,26,1.0,1.0,1,26,0.0,0.0,1,26,0.0,0.0,1,26,0.0,0.0,3,24,-0.0,-0.0,1,24,4.7799,3.535,16,1,2.0,1.5,1,8,centre,0.0,0.0,2,23,lane,1.0,1.0
08YY898YJ8LY,2804,140.2,1,tesla,tesla,building,9.0,21.0,skeleton_army,6.66,skeleton_army,18,0.0,0.0,26,1.0,1.0,1,5,-0.0,-0.0,1,21,1.0,0.5,1,8,0.0,0.0,1,26,0.0,0.0,1,26,0.0,0.0,1,26,0.0,0.0,1,26,1.0,1.0,1,26,0.0,0.0,1,26,0.0,0.0,1,26,0.0899,1.0,8,1,-0.0,-0.0,1,26,5.0,1.5,15,2,3.0,2.5,1,2,tesla_modal,1.0,0.75,1,2,tesla_modal,1.0,1.0,1.0,0.725,1,3,-0.0,-0.2683,1,19,1.0,0.5,1,8,0.0,0.0,1,26,0.0,0.0,1,26,0.0,0.0,1,26,0.0,0.0,1,26,1.0,1.0,1,26,0.0,0.0,1,26,0.0,0.0,1,26,0.0899,1.0,8,1,-0.0,-0.0,1,25,5.0,1.5,15,2,3.0,1.9567,1,2,tesla_modal,1.0,0.2755,1,2,tesla_modal,1.0,1.0
08YY898YJ8LY,3403,170.2,1,x-bow,x_bow,building,2.5,19.5,dart_goblin,2.68,dart_goblin,2,0.0,0.0,26,0.0,0.0,3,24,0.0,0.0,1,26,0.0,0.0,19,8,0.0,0.0,1,26,0.0,0.0,1,26,0.0,0.0,1,26,0.0,0.0,1,26,0.0,0.0,1,26,0.9616,1.0,9,0,0.0,0.0,1,26,0.0,0.0,6,21,0.0,0.0,1,26,2.5795,3.4952,19,0,0.9616,1.0,10,0,bow_modal_R,0.9616,1.0,9,0,corner,0.0,0.0,0.5175,0.9754,9,0,0.0,0.0,1,26,0.0,0.0,19,8,0.0,0.0,1,26,0.0,0.0,1,26,0.0,0.0,1,26,0.0,0.0,1,26,0.3032,0.3032,1,26,0.9616,1.0,9,0,0.0,0.0,1,26,0.5175,0.9754,10,0,0.0,0.0,1,26,2.5795,3.4952,19,0,1.7823,2.2786,10,0,tesla_true,1.0,1.0,1,8,corner,0.3032,0.3032
08YY898YJ8LY,3591,179.6,1,tesla,tesla,building,9.0,21.0,skeleton_army,5.8,skeleton_army,18,0.0,0.0,26,0.0,0.0,2,25,-0.0,-0.0,1,24,0.5,0.0,1,17,0.0,0.0,1,26,0.0,0.0,1,26,0.0,0.0,1,26,0.0,0.0,1,26,1.0,1.0,1,26,0.0,0.0,1,26,0.0,0.0,1,26,0.0,0.0,2,25,-0.0,-0.0,1,25,5.8012,13.7064,12,1,1.5,1.0,1,15,centre,0.0,0.0,2,24,g15_22,1.0,1.0,0.0,0.0,2,25,-0.0,-0.0,1,24,0.5,0.0,1,17,0.0,0.0,1,26,0.0,0.0,1,26,0.0,0.0,1,26,0.0,0.0,1,26,1.0,1.0,1,26,0.0,0.0,1,26,0.0,0.0,1,26,0.0,0.0,2,25,-0.0,-0.0,1,25,5.8012,13.7064,12,1,1.5,1.0,1,15,centre,0.0,0.0,1,24,corner,1.0,1.0
092PPVPCRCPC,428,21.4,1,tesla,tesla,building,9.0,21.0,archers,8.89,archers,2,0.0,0.0,26,0.4257,0.0,2,1,0.0,0.0,1,26,1.0,0.5,1,8,0.0,0.0,1,26,0.0,0.0,1,26,0.0,0.0,1,26,0.0,0.0,1,26,0.0,0.0,1,26,0.0,0.0,1,26,0.0,0.0,1,26,0.0,0.0,4,23,0.0,0.0,1,26,4.8514,11.3719,20,1,1.4257,0.5,2,1,g9_22,0.4257,0.0,2,1,g9_22,0.0,0.0,1.0,0.0,1,4,0.0,0.0,1,26,1.0,0.5,1,8,0.0,0.0,1,26,0.0,0.0,1,26,0.0,0.0,1,26,0.0,0.0,1,26,0.0,0.0,1,26,0.0,0.0,1,26,0.0,0.0,1,26,0.0,0.0,4,23,0.0,0.0,1,26,4.8514,11.3719,20,1,2.0,0.5,1,2,tesla_modal,1.0,0.0,1,2,tesla_modal,0.0,0.0
092PPVPCRCPC,999,50.0,1,x-bow,x_bow,building,2.5,19.5,goblinstein,18.34,goblinstein,2,0.0,0.0,26,0.0,0.0,7,20,-0.0,-0.0,1,19,0.5,0.5,11,16,0.0,0.0,1,26,0.0,0.0,1,26,0.0,0.0,1,26,0.0,0.0,1,26,0.0,0.0,1,26,0.9616,1.0,9,0,0.0,0.0,1,26,0.0,0.0,1,26,-0.0,-0.0,1,26,11.4,12.4,5,0,1.4616,1.5,10,0,g9_18,0.9616,1.0,8,0,corner,0.0,0.0,0.0,0.0,10,17,-0.0,-0.0,1,20,0.5,0.5,11,16,0.0,0.0,1,26,0.0,0.0,1,26,0.0,0.0,1,26,0.0,0.0,1,26,0.0,0.0,1,26,0.9616,1.0,9,0,0.0,0.0,1,26,0.0,0.0,1,26,-0.0,-0.0,1,26,11.4,12.4,5,0,1.4616,1.5,10,0,g9_18,0.9616,1.0,9,0,corner,0.0,0.0
092PPVPCRCPC,1671,83.6,1,tesla,tesla,building,5.0,18.0,,0.0,,0,0.0,0.0,26,0.0,0.0,1,26,0.0,0.0,1,26,0.5,0.5,9,17,0.0,0.0,1,26,0.0,0.0,1,26,0.0,0.0,1,26,0.0,0.0,1,26,0.0,0.0,1,26,0.0,0.0,1,26,0.0,0.0,1,26,0.0,0.0,1,26,0.0,0.0,1,26,0.0,0.0,1,26,0.5,0.5,9,17,centre,0.0,0.0,1,26,corner,0.0,0.0,0.0,0.0,1,26,0.0,0.0,1,26,0.5,0.5,9,17,0.0,0.0,1,26,0.0,0.0,1,26,0.0,0.0,1,26,0.0,0.0,1,26,0.0,0.0,1,26,0.0,0.0,1,26,0.0,0.0,1,26,0.0,0.0,1,26,0.0,0.0,1,26,0.0,0.0,1,26,0.5,0.5,9,17,centre,0.0,0.0,1,26,corner,0.0,0.0
092PPVPCRCPC,1704,85.2,1,x-bow,x_bow,building,2.5,18.5,,0.0,,0,0.0,0.0,26,0.0,0.0,1,26,0.0,0.0,1,26,0.5,0.5,11,16,0.0,0.0,1,26,0.0,0.0,1,26,0.0,0.0,1,26,0.0,0.0,1,26,0.0,0.0,1,26,1.0,1.0,1,8,0.0,0.0,1,26,0.0,0.0,1,26,0.0,0.0,1,26,0.0,0.0,1,26,1.5,1.5,2,7,g9_18,1.0,1.0,1,8,corner,0.0,0.0,0.0,0.0,1,26,0.0,0.0,1,26,0.5,0.5,11,16,0.0,0.0,1,26,0.0,0.0,1,26,0.0,0.0,1,26,0.0,0.0,1,26,0.0,0.0,1,26,1.0,1.0,1,8,0.0,0.0,1,26,0.0,0.0,1,26,0.0,0.0,1,26,0.0,0.0,1,26,1.5,1.5,2,7,g9_18,1.0,1.0,1,8,corner,0.0,0.0
092PPVPCRCPC,2555,127.8,1,tesla,tesla,building,10.0,22.0,,0.0,,2,0.0,0.0,26,0.0,0.0,1,26,0.0,0.0,1,26,1.0,0.5,1,8,0.0,0.0,1,26,0.0,0.0,1,26,0.0,0.0,1,26,0.0,0.0,1,26,0.0,0.0,1,26,0.0,0.0,1,26,0.0,0.0,1,26,0.0,0.0,1,26,0.0,0.0,1,26,0.0,0.0,1,26,1.0,0.5,1,8,centre,0.0,0.0,1,26,corner,0.0,0.0,0.0,0.0,1,26,0.0,0.0,1,26,1.0,0.5,1,8,0.0,0.0,1,26,0.0,0.0,1,26,0.0,0.0,1,26,0.0,0.0,1,26,0.0,0.0,1,26,0.0,0.0,1,26,0.0,0.0,1,26,0.0,0.0,1,26,0.0,0.0,1,26,0.0,0.0,1,26,1.0,0.5,1,8,centre,0.0,0.0,1,26,corner,0.0,0.0
092PPVPCRCPC,2668,133.4,1,x-bow,x_bow,building,15.5,19.5,,0.0,,1,0.0,0.0,26,0.0,0.0,1,26,0.0,0.0,1,26,0.5,0.5,11,16,0.0,0.0,1,26,0.0,0.0,1,26,0.0,0.0,1,26,0.0,0.0,1,26,0.0,0.0,1,26,0.9616,1.0,9,0,0.0,0.0,1,26,0.0,0.0,1,26,0.0,0.0,1,26,0.0,0.0,1,26,1.4616,1.5,9,0,g9_18,0.9616,1.0,9,0,corner,0.0,0.0,0.0,0.0,1,26,0.0,0.0,1,26,0.5,0.5,11,16,0.0,0.0,1,26,0.0,0.0,1,26,0.0,0.0,1,26,0.0,0.0,1,26,0.0,0.0,1,26,0.9616,1.0,9,0,0.0,0.0,1,26,0.0,0.0,1,26,0.0,0.0,1,26,0.0,0.0,1,26,1.4616,1.5,9,0,g9_18,0.9616,1.0,9,0,corner,0.0,0.0
092PPVPCRCPC,3081,154.1,1,x-bow,x_bow,building,2.5,19.5,goblinstein,13.67,goblinstein,4,0.0,0.0,26,0.0,0.0,4,23,0.0,0.0,1,26,0.5,0.5,11,16,0.0,0.0,1,26,0.0,0.0,1,26,0.0,0.0,1,26,0.0,0.0,1,26,0.0,0.0,1,26,0.9616,1.0,9,0,0.0,0.0,1,26,0.0,0.0,4,23,0.0,0.0,1,26,10.8839,11.8601,9,0,1.4616,1.5,9,0,g9_18,0.9616,1.0,9,0,corner,0.0,0.0,0.0,0.0,10,17,-0.0,-0.0,1,23,0.5,0.5,11,16,0.0,0.0,1,26,0.0,0.0,1,26,0.0,0.0,1,26,0.0,0.0,1,26,1.0,1.0,1,26,0.9616,1.0,9,0,0.0,0.0,1,26,0.0,0.0,7,20,-0.0,-0.0,1,26,10.8839,11.8601,9,0,2.4616,2.5,11,0,g9_18,0.9616,1.0,10,0,corner,1.0,1.0
092PPVPCRCPC,3501,175.1,1,x-bow,x_bow,building,2.5,19.5,archers,18.18,archers,2,0.0,0.0,26,0.0,0.0,4,23,0.0,0.0,1,26,0.5,0.5,11,16,0.0,0.0,1,26,0.0,0.0,1,26,0.0,0.0,1,26,0.0,0.0,1,26,0.0,0.0,1,26,0.9616,1.0,9,0,0.0,0.0,1,26,0.0,0.0,1,26,0.0,0.0,1,26,11.4,12.4,5,0,1.4616,1.5,9,0,g9_18,0.9616,1.0,9,0,corner,0.0,0.0,0.0,0.0,5,22,0.0,0.0,1,26,0.5,0.5,11,16,0.0,0.0,1,26,0.0,0.0,1,26,0.0,0.0,1,26,0.0,0.0,1,26,0.0,0.0,1,26,0.9616,1.0,9,0,0.0,0.0,1,26,0.0,0.0,1,26,0.0,0.0,1,26,11.4,12.4,5,0,1.4616,1.5,11,0,g9_18,0.9616,1.0,11,0,corner,0.0,0.0
092PPVPCRCPC,3539,177.0,1,tesla,tesla,building,5.0,18.0,archers,14.16,archers,2,0.0,0.0,26,0.0,0.0,4,23,0.0,0.0,1,26,0.5,0.5,9,17,0.0,0.0,1,26,0.0,0.0,1,26,0.0,0.0,1,26,0.0,0.0,1,26,0.0,0.0,1,26,0.0,0.0,1,26,0.0,0.0,1,26,0.0,0.0,1,26,0.0,0.0,1,26,9.0,12.5,9,0,0.5,0.5,10,17,tesla_modal,0.0,0.0,4,23,tesla_modal,0.0,0.0,0.0,0.0,4,23,0.0,0.0,1,26,0.5,0.5,9,17,0.0,0.0,1,26,0.0,0.0,1,26,0.0,0.0,1,26,0.0,0.0,1,26,0.0,0.0,1,26,0.0,0.0,1,26,0.0,0.0,1,26,0.0,0.0,1,26,0.0,0.0,1,26,9.0,12.5,9,0,0.5,0.5,10,17,tesla_modal,0.0,0.0,4,23,tesla_modal,0.0,0.0
092PPVPCU9LL,897,44.9,1,tesla,tesla,building,9.0,21.0,royal_hogs,5.17,royal_hogs,4,0.0,0.0,26,0.0,0.0,1,26,-0.0,-0.0,1,24,1.0,0.5,1,8,0.0,0.0,1,26,0.0,0.0,1,26,0.0,0.0,1,26,0.0,0.0,1,26,1.0,1.0,1,26,0.0,0.0,1,26,0.0,0.0,1,26,0.0,0.0,1,26,-0.0,-0.0,1,25,5.2667,13.1584,14,1,2.0,1.5,1,8,centre,0.0,0.0,1,24,corner,1.0,1.0,0.0,0.0,1,26,0.0,0.0,1,26,1.0,0.5,1,8,0.0,0.0,1,26,0.0,0.0,1,26,0.0,0.0,1,26,0.0,0.0,1,26,1.0,1.0,1,26,0.0,0.0,1,26,0.0,0.0,1,26,0.0,0.0,1,26,0.0,0.0,1,26,5.2667,13.1584,14,1,2.0,1.5,1,8,centre,0.0,0.0,1,26,corner,1.0,1.0
092PPVPCU9LL,2131,106.6,1,tesla,tesla,building,9.0,21.0,archers,8.29,archers,3,0.0,0.0,26,0.5,0.0,1,3,0.0,0.0,1,26,0.5,0.5,1,16,0.0,0.0,1,26,0.0,0.0,1,26,0.0,0.0,1,26,0.0,0.0,1,26,0.0,0.0,1,26,0.0,0.0,1,26,0.0,0.0,1,26,0.0,0.3115,5,22,0.0,0.0,1,26,5.0,1.5,15,3,1.0,0.5,1,2,tesla_modal,0.375,0.0,1,2,tesla_modal,0.0,0.0,1.0,0.0,1,3,0.0,0.0,1,26,0.5,0.5,1,16,0.0,0.0,1,26,0.0,0.0,1,26,0.0,0.0,1,26,0.0,0.0,1,26,0.0,0.0,1,26,0.0,0.0,1,26,0.0,0.0,1,26,0.0,0.4156,5,22,0.0,0.0,1,26,5.0,1.5,15,3,1.5,0.5,1,2,tesla_modal,0.75,0.0,1,2,tesla_modal,0.0,0.0
092PPVPCU9LL,2845,142.3,1,x-bow,x_bow,building,2.5,19.5,goblinstein,17.57,goblinstein,4,0.0,0.0,26,0.0,0.0,14,13,-0.0,-0.0,1,15,0.5,0.5,1,16,0.0,0.0,1,26,0.0,0.0,1,26,0.0,0.0,1,26,0.0,0.0,1,26,0.0,0.0,1,26,0.9616,1.0,9,0,0.0,0.0,1,26,0.0,0.0,1,26,-0.0,-0.0,1,26,9.0879,10.3985,5,0,1.4616,1.5,8,0,g9_18,0.9616,1.0,7,0,corner,0.0,0.0,0.0,0.0,15,12,-0.0,-0.0,1,18,0.5,0.5,1,16,0.0,0.0,1,26,0.0,0.0,1,26,0.0,0.0,1,26,0.0,0.0,1,26,0.0,0.0,1,26,0.9616,1.0,9,0,0.0,0.0,1,26,0.0,0.0,1,26,-0.0,-0.0,1,26,9.0879,10.3985,5,0,1.4616,1.5,10,0,g9_18,0.9616,1.0,7,0,corner,0.0,0.0
092PPVPCU9LL,2895,144.8,1,tesla,tesla,building,5.0,18.0,goblinstein,13.04,goblinstein,6,0.0,0.0,26,0.02,0.0,13,0,-0.8909,-0.5844,25,0,0.5,0.5,1,16,0.0,0.0,1,26,0.0,0.0,1,26,0.0,0.0,1,26,0.0,0.0,1,26,0.0,0.0,1,26,0.0,0.0,1,26,0.0,0.0,1,26,0.0,0.0,1,26,-0.0,-0.0,1,26,0.24,0.9142,25,0,-0.3709,-0.0844,25,0,centre,-0.285,-0.3,23,0,centre,0.0,0.0,0.2061,0.0,14,0,-0.8687,-0.4998,25,0,0.5,0.5,1,16,0.0,0.0,1,26,0.0,0.0,1,26,0.0,0.0,1,26,0.0,0.0,1,26,0.0,0.0,1,26,0.0,0.0,1,26,0.0,0.0,1,26,0.0,0.0,1,26,-0.0,-0.0,1,26,0.24,0.9142,25,0,-0.1626,0.0002,25,0,centre,-0.1454,-0.3,23,0,centre,0.0,0.0
092PPVPCU9LL,3341,167.1,1,tesla,tesla,building,9.0,20.0,goblinstein,5.43,goblinstein,8,0.0,0.0,26,0.0,0.0,2,25,-0.0,-0.0,1,23,0.5,0.5,1,16,0.0,0.0,1,26,0.0,0.0,1,26,0.0,0.0,1,26,0.0,0.0,1,26,1.0,1.0,1,26,0.0,0.0,1,26,0.0,0.0,1,26,0.0,0.0,2,25,-0.0,-0.0,1,24,5.6796,4.3002,14,0,1.5,1.5,1,13,corner,0.0,0.0,1,23,corner,1.0,1.0,0.0,0.0,2,25,-0.0,-0.0,1,24,0.5,0.5,1,16,0.0,0.0,1,26,0.0,0.0,1,26,0.0,0.0,1,26,0.0,0.0,1,26,1.0,1.0,1,26,0.0,0.0,1,26,0.0,0.0,1,26,0.0,0.0,2,25,-0.0,-0.0,1,25,5.6796,4.3002,14,0,1.5,1.5,1,14,corner,0.0,0.0,1,24,corner,1.0,1.0
092PPVPCU9LL,3983,199.2,1,tesla,tesla,building,9.0,21.0,archers,11.13,archers,4,0.0,0.0,26,0.0,0.0,2,25,0.0,0.0,1,26,0.5,0.5,1,16,0.0,0.0,1,26,0.0,0.0,1,26,0.0,0.0,1,26,0.0,0.0,1,26,0.0,0.0,1,26,0.0,0.0,1,26,0.0,0.0,1,26,0.0,0.0,1,26,0.0,0.0,1,26,2.6171,10.4985,14,1,0.5,0.5,2,15,lane,0.0,0.0,2,25,lane,0.0,0.0,0.5363,0.0,3,1,0.0,0.0,1,26,0.5,0.5,1,16,0.0,0.0,1,26,0.0,0.0,1,26,0.0,0.0,1,26,0.0,0.0,1,26,0.0,0.0,1,26,0.0,0.0,1,26,0.0,0.0,1,26,0.0,0.0,1,26,0.0,0.0,1,26,2.6171,10.4985,14,1,1.0363,0.5,2,1,g9_18,0.4023,0.0,3,1,g9_18,0.0,0.0
092PPVPU00LV,361,18.1,1,tesla,tesla,building,9.0,21.0,wall_breakers,6.74,wall_breakers,3,0.0,0.0,26,1.0,0.0,1,4,-0.0,-0.0,1,21,1.0,0.5,1,8,0.0,0.0,1,26,0.0,0.0,1,26,0.0,0.0,1,26,0.0,0.0,1,26,0.6334,0.6334,1,26,0.0,0.0,1,26,0.0,0.0,1,26,0.0,0.0,7,20,-0.0,-0.0,1,26,5.0,11.2749,14,2,2.6334,1.1334,1,2,tesla_modal,1.0,0.0,1,2,tesla_modal,0.6334,0.6334,1.0,0.0,1,3,0.0,0.0,1,26,1.0,0.5,1,8,0.0,0.0,1,26,0.0,0.0,1,26,0.0,0.0,1,26,0.0,0.0,1,26,0.6334,0.6334,1,26,0.0,0.0,1,26,0.0,0.0,1,26,0.074,0.0,7,1,0.0,0.0,1,26,5.0,11.2749,14,2,2.6334,1.1334,1,2,tesla_modal,1.0,0.0,1,2,tesla_modal,0.6334,0.6334
092PPVPU00LV,1035,51.8,1,x-bow,x_bow,building,15.5,19.5,,0.0,,0,0.0,0.0,26,0.0,0.0,1,26,0.0,0.0,1,26,0.5,0.5,11,16,0.0,0.0,1,26,0.0,0.0,1,26,0.0,0.0,1,26,0.0,0.0,1,26,0.0,0.0,1,26,0.9616,1.0,9,0,0.0,0.0,1,26,0.0,0.0,1,26,0.0,0.0,1,26,0.0,0.0,1,26,1.4616,1.5,9,0,g9_18,0.9616,1.0,9,0,corner,0.0,0.0,0.0,0.0,1,26,0.0,0.0,1,26,0.5,0.5,11,16,0.0,0.0,1,26,0.0,0.0,1,26,0.0,0.0,1,26,0.0,0.0,1,26,0.0,0.0,1,26,0.9616,1.0,9,0,0.0,0.0,1,26,0.0,0.0,1,26,0.0,0.0,1,26,0.0,0.0,1,26,1.4616,1.5,9,0,g9_18,0.9616,1.0,9,0,corner,0.0,0.0
092PPVPU00LV,2231,111.6,1,tesla,tesla,building,13.0,18.0,princess,14.02,princess,1,0.0,0.0,26,0.0,0.0,1,26,0.0,0.0,1,26,0.5,0.5,9,17,0.0,0.0,1,26,0.0,0.0,1,26,0.0,0.0,1,26,0.0,0.0,1,26,0.0,0.0,1,26,0.0,0.0,1,26,0.0,0.0,1,26,0.0,0.0,1,26,0.0,0.0,1,26,9.0,1.5,10,0,0.5,0.5,9,17,centre,0.0,0.0,1,26,corner,0.0,0.0,0.0,0.0,4,23,0.0,0.0,1,26,0.5,0.5,9,17,0.0,0.0,1,26,0.0,0.0,1,26,0.0,0.0,1,26,0.0,0.0,1,26,0.0,0.0,1,26,0.0,0.0,1,26,0.0,0.0,1,26,0.0,0.0,1,26,0.0,0.0,1,26,9.0,1.5,10,0,0.5,0.5,10,17,tesla_modal,0.0,0.0,4,23,tesla_modal,0.0,0.0
092PPVPU00LV,2612,130.6,1,tesla,tesla,building,9.0,18.0,wall_breakers,7.3,wall_breakers,2,0.0,0.0,26,0.0,0.0,10,17,-0.0,-0.0,1,24,0.2332,0.5,17,1,0.0,0.0,1,26,0.0,0.0,1,26,0.0,0.0,1,26,0.0,0.0,1,26,1.0,1.0,1,26,0.0,0.0,1,26,0.0,0.0,1,26,0.0,0.0,10,17,-0.0,-0.0,1,26,7.1989,12.1939,7,1,1.2332,1.5,20,1,centre,0.0,0.0,10,16,centre,1.0,1.0,0.0,0.0,9,18,0.0,0.0,1,26,0.2332,0.5,17,1,0.0,0.0,1,26,0.0,0.0,1,26,0.0,0.0,1,26,0.0,0.0,1,26,1.0,1.0,1,26,0.0,0.0,1,26,0.0,0.0,1,26,0.0,0.0,10,17,0.0,0.0,1,26,7.1989,12.1939,7,1,1.2332,1.5,19,1,centre,0.0,0.0,9,18,centre,1.0,1.0
092PPVPU00LV,2988,149.4,1,x-bow,x_bow,building,15.5,19.5,wall_breakers,14.88,wall_breakers,4,0.0,0.0,26,0.0,0.95,10,17,-0.0,-0.0667,1,19,0.0,0.5,19,8,0.0,0.0,1,26,0.0,0.0,1,26,0.0,0.0,1,26,0.0,0.0,1,26,1.0,1.0,1,26,0.9616,1.0,9,0,0.0,0.0,1,26,0.0,1.0,6,21,-0.0,-0.0,1,26,11.4,1.4,3,0,1.9616,3.3833,10,0,corner,0.9616,0.9333,5,0,bow_modal_R,1.0,1.0,0.0,0.0218,6,21,0.0,0.0,1,26,0.0,0.5,19,8,0.0,0.0,1,26,0.0,0.0,1,26,0.0,0.0,1,26,0.0,0.0,1,26,1.0,1.0,1,26,0.9616,1.0,9,0,0.0,0.0,1,26,0.0,1.0,7,20,0.0,0.0,1,26,11.4,1.4,3,0,1.9616,2.5218,11,0,g9_18,0.9616,1.0,9,0,corner,1.0,1.0
092PPVPUY8PG,451,22.6,1,tesla,tesla,building,9.0,19.0,valkyrie,8.42,valkyrie,2,0.0,0.0,26,1.0,0.0,1,3,-0.0,-0.0,1,20,0.9902,0.5,9,0,0.0,0.0,1,26,0.0,0.0,1,26,0.0,0.0,1,26,0.0,0.0,1,26,0.0,0.0,1,26,0.0,0.0,1,26,0.0,0.0,1,26,0.0,0.0,2,25,-0.0,-0.0,1,26,5.0,12.5,14,3,1.9902,0.5,3,0,tesla_modal,0.9951,0.0,3,0,tesla_modal,0.0,0.0,1.0,0.0,1,3,-0.0,-0.0,1,20,0.9902,0.5,9,0,0.0,0.0,1,26,0.0,0.0,1,26,0.0,0.0,1,26,0.0,0.0,1,26,0.0,0.0,1,26,0.0,0.0,1,26,0.0,0.0,1,26,0.0,0.0,2,25,-0.0,-0.0,1,26,5.0,12.5,14,3,1.9902,0.5,3,0,tesla_modal,0.9951,0.0,3,0,tesla_modal,0.0,0.0
092PPVPUY8PG,1051,53.2,1,tesla,tesla,building,9.0,21.0,phoenix,7.11,phoenix,1,0.0,0.0,26,0.1932,0.0,7,1,-0.0,-0.0,1,25,1.0,0.5,1,8,0.0,0.0,1,26,0.0,0.0,1,26,0.0,0.0,1,26,0.0,0.0,1,26,1.0,1.0,1,26,0.0,0.0,1,26,0.0,0.0,1,26,0.1932,0.0,7,1,-0.0,-0.0,1,25,7.1135,12.4328,20,1,2.1932,1.5,6,1,bow_modal_R,0.1932,0.0,7,1,bow_modal_R,1.0,1.0,0.2089,0.0,6,1,0.0,0.0,1,26,1.0,0.5,1,8,0.0,0.0,1,26,0.0,0.0,1,26,0.0,0.0,1,26,0.0,0.0,1,26,1.0,1.0,1,26,0.0,0.0,1,26,0.0,0.0,1,26,0.2089,0.0,6,1,0.0,0.0,1,26,7.1135,12.4328,20,1,2.2089,1.5,4,1,lane_R,0.2089,0.0,6,1,lane_R,1.0,1.0
092PPVPUY8PG,2341,117.1,1,x-bow,x_bow,building,2.5,19.5,lumberjack,10.93,lumberjack,2,0.0,0.0,26,0.0,0.0,9,18,-0.0,-0.0,1,21,0.5,0.5,11,16,0.0,0.0,1,26,0.0,0.0,1,26,0.0,0.0,1,26,0.0,0.0,1,26,0.8131,0.8131,1,26,0.9616,1.0,9,0,0.0,0.0,1,26,0.0,0.0,9,18,-0.0,-0.0,1,23,10.8293,11.8189,6,0,2.2747,2.3131,10,0,g9_18,0.9616,1.0,9,0,corner,0.8131,0.8131,0.0,0.0,5,22,0.0,0.0,1,26,0.5,0.5,11,16,0.0,0.0,1,26,0.0,0.0,1,26,0.0,0.0,1,26,0.0,0.0,1,26,0.1976,0.1976,1,26,0.9616,1.0,9,0,0.0,0.0,1,26,0.0,0.0,6,21,0.0,0.0,1,26,10.8293,11.8189,6,0,1.6591,1.6976,10,0,g9_18,0.9616,1.0,10,0,corner,0.1976,0.1976
092PPVPUY8PG,2524,126.2,1,tesla,tesla,building,9.0,22.0,electro_dragon,9.68,electro_dragon,2,0.0,0.0,26,0.5179,0.0,3,1,0.0,0.0,1,26,1.0,0.5,1,8,0.0,0.0,1,26,0.0,0.0,1,26,0.0,0.0,1,26,0.0,0.0,1,26,0.5948,0.5948,1,26,0.0,0.0,1,26,0.0,0.0,1,26,0.0,0.3043,7,20,0.0,0.0,1,26,6.4642,0.2845,17,1,2.1127,1.0948,2,1,tesla_modal,0.5179,0.0,2,1,tesla_modal,0.5948,0.5948,0.5335,0.0,3,1,0.0,0.0,1,26,1.0,0.5,1,8,0.0,0.0,1,26,0.0,0.0,1,26,0.0,0.0,1,26,0.0,0.0,1,26,0.5948,0.5948,1,26,0.0,0.0,1,26,0.0,0.0,1,26,0.0,0.5918,7,20,0.0,0.0,1,26,6.4642,0.2845,17,1,2.1283,1.0948,2,1,tesla_modal,0.5335,0.0,2,1,tesla_modal,0.5948,0.5948
092PPVPUY8PG,2865,143.3,1,tesla,tesla,building,7.0,21.0,electro_dragon,3.81,electro_dragon,4,0.0,0.0,26,0.0,0.0,1,26,0.0,0.0,1,26,0.9179,0.5,9,0,0.0,0.0,1,26,0.0,0.0,1,26,0.0,0.0,1,26,0.0,0.0,1,26,1.0,1.0,1,26,0.0,0.0,1,26,0.0,0.0,1,26,0.0,0.0,1,26,0.0,0.0,1,26,3.7461,1.8758,20,0,1.9179,1.5,9,0,centre,0.0,0.0,1,26,corner,1.0,1.0,0.0,0.0,3,24,0.0,0.0,1,26,0.9179,0.5,9,0,0.0,0.0,1,26,0.0,0.0,1,26,0.0,0.0,1,26,0.0,0.0,1,26,1.0,1.0,1,26,0.0,0.0,1,26,0.0,0.0,1,26,0.0,0.0,3,24,0.0,0.0,1,26,3.7461,1.8758,20,0,1.9179,1.5,9,0,centre,0.0,0.0,3,24,tesla_true,1.0,1.0
092PPVPUY8PG,3454,172.7,1,x-bow,x_bow,building,15.5,19.5,lumberjack,11.31,lumberjack,2,0.0,0.0,26,0.0,0.85,10,17,-0.0,-0.1765,1,19,0.0,0.5,19,8,0.0,0.0,1,26,0.0,0.0,1,26,0.0,0.0,1,26,0.0,0.0,1,26,1.0,1.0,1,26,0.9616,1.0,9,0,0.0,0.0,1,26,0.0,1.0,8,19,-0.0,-0.0,1,26,11.2106,1.4,3,0,1.9616,3.1735,10,0,g9_18,0.9616,0.8235,5,0,bow_modal_R,1.0,1.0,0.0,0.0,4,23,0.0,0.0,1,26,0.0,0.5,19,8,0.0,0.0,1,26,0.0,0.0,1,26,0.0,0.0,1,26,0.0,0.0,1,26,1.0,1.0,1,26,0.9616,1.0,9,0,0.0,0.0,1,26,0.0,1.0,8,19,0.0,0.0,1,26,11.2106,1.4,3,0,1.9616,2.5,11,0,g9_18,0.9616,1.0,9,0,corner,1.0,1.0
092PPVPUY8PG,3583,179.2,1,tesla,tesla,building,9.0,18.0,lumberjack,7.02,lumberjack,3,0.0,0.0,26,0.0,0.0,1,26,-0.0,-0.0,1,24,0.2332,0.5,17,1,0.0,0.0,1,26,0.0,0.0,1,26,0.0,0.0,1,26,0.0,0.0,1,26,1.0,1.0,1,26,0.0,0.0,1,26,0.0,0.0,1,26,0.0,0.0,1,26,-0.0,-0.0,1,25,7.0157,4.8461,12,1,1.2332,1.5,15,1,corner,0.0,0.0,1,24,corner,1.0,1.0,0.0,0.0,1,26,0.0,0.0,1,26,0.2332,0.5,17,1,0.0,0.0,1,26,0.0,0.0,1,26,0.0,0.0,1,26,0.0,0.0,1,26,1.0,1.0,1,26,0.0,0.0,1,26,0.0,0.0,1,26,0.0,0.0,1,26,0.0,0.0,1,26,7.0157,4.8461,12,1,1.2332,1.5,17,1,corner,0.0,0.0,1,26,corner,1.0,1.0
092PPVPV8PRJ,787,39.4,1,x-bow,x_bow,building,15.5,19.5,hog_rider,3.3,hog_rider,4,0.0,0.0,26,0.0,0.0,1,26,-0.0,-0.0,1,24,0.5,0.5,11,16,0.0,0.0,1,26,0.0,0.0,1,26,0.0,0.0,1,26,0.0,0.0,1,26,0.0,0.0,1,26,0.9616,1.0,9,0,0.0,0.0,1,26,0.0,0.0,1,26,-0.0,-0.0,1,25,3.3028,13.643,23,0,1.4616,1.5,9,0,g9_18,0.9616,1.0,9,0,corner,0.0,0.0,0.0,0.0,1,26,0.0,0.0,1,26,0.5,0.5,11,16,0.0,0.0,1,26,0.0,0.0,1,26,0.0,0.0,1,26,0.0,0.0,1,26,0.0,0.0,1,26,0.9616,1.0,9,0,0.0,0.0,1,26,0.0,0.0,1,26,0.0,0.0,1,26,3.3028,13.643,23,0,1.4616,1.5,9,0,g9_18,0.9616,1.0,9,0,corner,0.0,0.0
092PPVPV8PRJ,1771,88.6,1,tesla,tesla,building,9.0,21.0,ice_golem,7.44,ice_golem,3,0.0,0.0,26,1.0,0.875,1,3,-0.0,-0.1429,1,19,0.5,0.5,1,16,0.0,0.0,1,26,0.0,0.0,1,26,0.0,0.0,1,26,0.0,0.0,1,26,0.7038,0.7038,1,26,0.0,0.0,1,26,0.0,0.0,1,26,0.6794,1.0,8,1,-0.0,-0.0,1,26,5.0,1.5,15,3,2.2038,1.936,1,2,tesla_modal,0.75,0.5134,1,2,tesla_modal,0.7038,0.7038,1.0,0.8361,1,3,-0.0,-0.1793,1,19,0.5,0.5,1,16,0.0,0.0,1,26,0.0,0.0,1,26,0.0,0.0,1,26,0.0,0.0,1,26,0.7038,0.7038,1,26,0.0,0.0,1,26,0.0,0.0,1,26,0.3183,1.0,8,1,-0.0,-0.0,1,26,5.0,1.5,15,3,2.2038,1.8606,1,2,tesla_modal,0.75,0.4478,1,2,tesla_modal,0.7038,0.7038
092PPVPV8PRJ,2477,123.9,1,tesla,tesla,building,9.0,21.0,ice_golem,4.55,ice_golem,3,0.0,0.0,26,0.0,1.0,7,20,-0.0,-0.0,1,22,0.5,0.5,1,16,0.0,0.0,1,26,0.0,0.0,1,26,0.0,0.0,1,26,0.0,0.0,1,26,1.0,1.0,1,26,0.0,0.0,1,26,0.0,0.0,1,26,0.0,1.0,7,20,-0.0,-0.0,1,23,4.7401,2.4398,17,1,1.5,2.5,5,9,corner,0.0,0.75,5,19,corner,1.0,1.0,0.0,1.0,7,20,-0.0,-0.0,1,22,0.5,0.5,1,16,0.0,0.0,1,26,0.0,0.0,1,26,0.0,0.0,1,26,0.0,0.0,1,26,1.0,1.0,1,26,0.0,0.0,1,26,0.0,0.0,1,26,0.0,1.0,7,20,-0.0,-0.0,1,23,4.7401,2.4398,17,1,1.5,2.5,5,9,corner,0.0,0.75,5,19,corner,1.0,1.0
092PPVPV8PRJ,3023,151.2,1,tesla,tesla,building,6.0,25.0,ice_golem,2.46,ice_golem,9,0.0,0.0,26,0.0,0.0,2,25,-0.0,-0.0,1,23,0.0,0.0,1,26,0.0,0.0,1,26,0.0,0.0,1,26,0.0,0.0,1,26,0.0,0.0,1,26,1.0,1.0,1,26,0.0,0.0,1,26,0.0,0.0,1,26,0.0,0.0,2,25,-0.0,-0.0,1,24,2.6613,10.2402,22,0,1.0,1.0,1,23,corner,0.0,0.0,1,23,corner,1.0,1.0,0.0,0.0,2,25,-0.0,-0.0,1,23,0.0,0.0,1,26,0.0,0.0,1,26,0.0,0.0,1,26,0.0,0.0,1,26,0.0,0.0,1,26,1.0,1.0,1,26,0.0,0.0,1,26,0.0,0.0,1,26,0.0,0.0,2,25,-0.0,-0.0,1,24,2.6613,10.2402,22,0,1.0,1.0,1,23,corner,0.0,0.0,1,23,corner,1.0,1.0
092PPVPVRCYP,925,46.3,1,tesla,tesla,building,9.0,21.0,ice_golem,6.2,ice_golem,4,0.0,0.0,26,0.0,0.0,7,20,-0.0,-0.0,1,20,1.0,0.5,1,8,0.0,0.0,1,26,0.0,0.0,1,26,0.0,0.0,1,26,0.0,0.0,1,26,1.0,1.0,1,26,0.0,0.0,1,26,0.0,0.0,1,26,0.0,0.0,7,20,-0.0,-0.0,1,23,5.3889,13.0863,14,1,2.0,1.5,2,8,g9_18,0.0,0.0,4,19,g9_18,1.0,1.0,0.0,0.0,7,20,-0.0,-0.0,1,20,1.0,0.5,1,8,0.0,0.0,1,26,0.0,0.0,1,26,0.0,0.0,1,26,0.0,0.0,1,26,1.0,1.0,1,26,0.0,0.0,1,26,0.0,0.0,1,26,0.0,0.0,7,20,-0.0,-0.0,1,23,5.3889,13.0863,14,1,2.0,1.5,2,8,g9_18,0.0,0.0,4,19,g9_18,1.0,1.0
092PPVPVRCYP,1776,88.8,1,tesla,tesla,building,10.0,22.0,mini_pekka,6.24,mini_pekka,7,0.0,0.0,26,0.0,0.0,1,26,-0.0,-0.0,1,24,0.5,0.5,1,16,0.0,0.0,1,26,0.0,0.0,1,26,0.0,0.0,1,26,0.0,0.0,1,26,1.0,1.0,1,26,0.0,0.0,1,26,0.0,0.0,1,26,0.0,0.0,1,26,-0.0,-0.0,1,25,6.1871,4.6319,14,0,1.5,1.5,1,14,corner,0.0,0.0,1,24,corner,1.0,1.0,0.0,0.0,1,26,0.0,0.0,1,26,0.5,0.5,1,16,0.0,0.0,1,26,0.0,0.0,1,26,0.0,0.0,1,26,0.0,0.0,1,26,1.0,1.0,1,26,0.0,0.0,1,26,0.0,0.0,1,26,0.0,0.0,1,26,0.0,0.0,1,26,6.1871,4.6319,14,0,1.5,1.5,1,16,corner,0.0,0.0,1,26,corner,1.0,1.0
092PPVPVRCYP,2711,135.6,1,tesla,tesla,building,8.0,18.0,ice_golem,7.08,ice_golem,7,0.0,0.0,26,1.0,0.0,1,8,-0.0,-0.0,1,19,0.4179,0.5,17,0,0.0,0.0,1,26,0.0,0.0,1,26,0.0,0.0,1,26,0.0,0.0,1,26,0.3884,0.3884,1,26,0.0,0.0,1,26,0.0,0.0,1,26,0.8181,0.0,7,0,-0.0,-0.0,1,26,4.707,10.4985,10,0,1.8063,0.8884,5,0,lane,0.7089,0.0,5,0,lane,0.3884,0.3884,1.0,0.0,1,7,-0.0,-0.0,1,19,0.4179,0.5,17,0,0.0,0.0,1,26,0.0,0.0,1,26,0.0,0.0,1,26,0.0,0.0,1,26,0.3884,0.3884,1,26,0.0,0.0,1,26,0.0,0.0,1,26,0.457,0.0,7,0,-0.0,-0.0,1,26,4.707,10.4985,10,0,1.8063,0.8884,4,0,centre,0.7089,0.0,4,0,centre,0.3884,0.3884
092PPVPVULCU,847,42.4,1,tesla,tesla,building,9.0,18.0,knight,9.35,knight,1,0.0,0.0,26,1.0,0.65,1,3,-0.0,-0.3182,1,19,0.4663,0.5,26,1,0.0,0.0,1,26,0.0,0.0,1,26,0.0,0.0,1,26,0.0,0.0,1,26,0.0,0.0,1,26,0.0,0.0,1,26,0.0,0.0,1,26,0.0,0.0,1,26,-0.0,-0.0,1,26,5.0,1.5,15,3,1.4663,0.8318,3,1,tesla_modal,0.7332,0.1875,3,1,tesla_modal,0.0,0.0,1.0,0.6667,1,3,-0.0,-0.3077,1,19,0.4663,0.5,26,1,0.0,0.0,1,26,0.0,0.0,1,26,0.0,0.0,1,26,0.0,0.0,1,26,0.0,0.0,1,26,0.0,0.0,1,26,0.0,0.0,1,26,0.0,0.0,1,26,-0.0,-0.0,1,26,5.0,1.5,15,3,1.4663,0.859,3,1,tesla_modal,0.7332,0.2,3,1,tesla_modal,0.0,0.0
092PPVPVULCU,2045,102.3,1,tesla,tesla,building,9.0,19.0,knight,4.91,knight,7,0.0,0.0,26,1.0,1.0,1,7,-0.0,-0.0,1,24,0.9902,0.5,9,0,0.0,0.0,1,26,0.0,0.0,1,26,0.0,0.0,1,26,0.0,0.0,1,26,0.6664,0.6664,1,26,0.0,0.0,1,26,0.0,0.0,1,26,0.3673,1.0,8,0,-0.0,-0.0,1,26,2.9607,2.4865,22,0,2.6566,2.1664,3,0,tesla_modal,0.9951,0.75,3,0,tesla_modal,0.6664,0.6664,1.0,1.0,1,7,-0.0,-0.0,1,24,0.9902,0.5,9,0,0.0,0.0,1,26,0.0,0.0,1,26,0.0,0.0,1,26,0.0,0.0,1,26,0.6664,0.6664,1,26,0.0,0.0,1,26,0.0,0.0,1,26,0.3048,1.0,8,0,-0.0,-0.0,1,26,2.9607,2.4865,22,0,2.6566,2.1664,3,0,tesla_modal,0.9951,0.75,3,0,tesla_modal,0.6664,0.6664
092PPVPVULCU,2607,130.4,1,x-bow,x_bow,building,15.5,19.5,executioner,17.28,executioner,1,0.0,0.0,26,0.0,0.0,1,26,0.0,0.0,1,26,0.5,0.0,1,17,0.0,0.0,1,26,0.0,0.0,1,26,0.0,0.0,1,26,0.0,0.0,1,26,0.0,0.0,1,26,0.9616,1.0,9,0,0.0,0.0,1,26,0.0,0.0,1,26,0.0,0.0,1,26,13.8647,8.9901,14,0,1.4616,1.0,4,0,bow_modal_R,0.9616,1.0,9,0,corner,0.0,0.0,0.0,0.0,1,26,0.0,0.0,1,26,0.5,0.0,1,17,0.0,0.0,1,26,0.0,0.0,1,26,0.0,0.0,1,26,0.0,0.0,1,26,0.0,0.0,1,26,0.9616,1.0,9,0,0.0,0.0,1,26,0.0,0.0,1,26,0.0,0.0,1,26,13.8647,8.9901,14,0,1.4616,1.0,4,0,bow_modal_R,0.9616,1.0,9,0,corner,0.0,0.0
092PPVPVULCU,2858,142.9,1,tesla,tesla,building,8.0,18.0,knight,2.15,knight,11,0.0,0.0,26,0.977,1.0,9,0,-0.0209,-0.0,19,0,0.0251,0.0,19,0,0.0,0.0,1,26,0.0,0.0,1,26,0.0,0.0,1,26,0.0,0.0,1,26,1.0,1.0,1,26,0.0,0.0,1,26,0.0,0.0,1,26,0.977,1.0,10,0,-0.0209,-0.0,26,0,2.154,3.537,19,0,1.9812,2.0,12,0,knight_cell,0.4799,0.5,10,0,knight_cell,1.0,1.0,0.9937,1.0,9,0,-0.0058,-0.0,19,0,0.0251,0.0,19,0,0.0,0.0,1,26,0.0,0.0,1,26,0.0,0.0,1,26,0.0,0.0,1,26,1.0,1.0,1,26,0.0,0.0,1,26,0.0,0.0,1,26,0.9937,1.0,10,0,-0.0058,-0.0,26,0,2.154,3.537,19,0,2.0129,2.0,5,0,knight_cell,0.5035,0.5,4,0,knight_cell,1.0,1.0
092PPVY0J0J8,522,26.1,1,x-bow,x_bow,building,8.5,18.5,,0.0,,4,0.0,0.0,26,0.0,0.0,1,26,0.0,0.0,1,26,0.7927,0.5,9,0,0.0,0.0,1,26,0.0,0.0,1,26,0.0,0.0,1,26,0.0,0.0,1,26,0.0,0.0,1,26,1.0,1.0,1,8,0.0,0.0,1,26,0.0,0.0,1,26,0.0,0.0,1,26,0.0,0.0,1,26,1.7927,1.5,1,0,g9_18,1.0,1.0,1,8,corner,0.0,0.0,0.0,0.0,1,26,0.0,0.0,1,26,0.7927,0.5,9,0,0.0,0.0,1,26,0.0,0.0,1,26,0.0,0.0,1,26,0.0,0.0,1,26,0.0,0.0,1,26,1.0,1.0,1,8,0.0,0.0,1,26,0.0,0.0,1,26,0.0,0.0,1,26,0.0,0.0,1,26,1.7927,1.5,1,0,g9_18,1.0,1.0,1,8,corner,0.0,0.0
092PPVY0J0J8,1323,66.2,1,tesla,tesla,building,6.0,24.0,lava_hound,8.85,lava_hound,3,0.0,0.0,26,0.0,0.0,4,23,0.0,0.0,1,26,0.9562,0.5,9,0,0.0,0.0,1,26,0.0,0.0,1,26,0.0,0.0,1,26,0.0,0.0,1,26,0.6081,0.6081,1,26,0.0,0.0,1,26,0.0,0.0,1,26,0.0,0.1956,6,21,0.0,0.0,1,26,2.1667,0.6163,20,0,1.5643,1.1081,10,0,g9_22,0.0,0.0,4,23,g9_22,0.6081,0.6081,0.4051,0.0,4,0,0.0,0.0,1,26,0.9562,0.5,9,0,0.0,0.0,1,26,0.0,0.0,1,26,0.0,0.0,1,26,0.0,0.0,1,26,0.6081,0.6081,1,26,0.0,0.0,1,26,0.0,0.0,1,26,0.0424,0.7674,9,0,0.0,0.0,1,26,2.1667,0.6163,20,0,1.9694,1.1081,4,0,tesla_modal,0.3963,0.0,4,0,tesla_modal,0.6081,0.6081
092PPVY0J0J8,2243,112.2,1,tesla,tesla,building,11.0,22.0,lava_hound,5.98,lava_hound,8,0.0,0.0,26,0.5348,0.0,2,0,0.0,0.0,1,26,1.0,0.5,1,8,0.0,0.0,1,26,0.0,0.0,1,26,0.0,0.0,1,26,0.0,0.0,1,26,1.0,1.0,1,26,0.0,0.0,1,26,0.0,0.0,1,26,0.6339,0.0,2,0,0.0,0.0,1,26,3.5696,13.5425,20,0,2.5348,1.5,1,0,g9_18,0.5348,0.0,1,0,g9_18,1.0,1.0,1.0,0.0,1,1,0.0,0.0,1,26,1.0,0.5,1,8,0.0,0.0,1,26,0.0,0.0,1,26,0.0,0.0,1,26,0.0,0.0,1,26,1.0,1.0,1,26,0.0,0.0,1,26,0.0,0.0,1,26,1.0,0.0,1,3,0.0,0.0,1,26,3.5696,13.5425,20,0,3.0,1.5,1,0,g9_18,1.0,0.0,1,0,g9_18,1.0,1.0
092PPVY0J0J8,2686,134.3,1,x-bow,x_bow,building,2.5,19.5,barbarians,3.53,barbarians,7,0.0,0.0,26,0.0,0.0,1,26,-0.0,-0.0,1,24,0.5,0.5,11,16,0.0,0.0,1,26,0.0,0.0,1,26,0.0,0.0,1,26,0.0,0.0,1,26,0.0,0.0,1,26,0.9616,1.0,9,0,0.0,0.0,1,26,0.0,0.0,1,26,-0.0,-0.0,1,25,3.428,4.559,24,0,1.4616,1.5,9,0,g9_18,0.9616,1.0,9,0,corner,0.0,0.0,0.0,0.0,1,26,-0.0,-0.0,1,24,0.5,0.5,11,16,0.0,0.0,1,26,0.0,0.0,1,26,0.0,0.0,1,26,0.0,0.0,1,26,0.0,0.0,1,26,0.9616,1.0,9,0,0.0,0.0,1,26,0.0,0.0,1,26,-0.0,-0.0,1,24,3.428,4.559,24,0,1.4616,1.5,9,0,g9_18,0.9616,1.0,9,0,corner,0.0,0.0
092PPVY0J0J8,2736,137.1,1,tesla,tesla,building,5.0,18.0,barbarians,2.96,barbarians,7,0.0,0.0,26,1.0,0.6071,1,4,-0.0,-0.4622,1,20,0.0,0.0,19,8,0.0,0.0,1,26,0.0,0.0,1,26,0.0,0.0,1,26,0.0,0.0,1,26,1.0,1.0,1,26,0.0,0.0,1,26,0.0,0.0,1,26,1.0,1.0,1,8,-0.0,-0.0,1,24,2.4154,0.9142,21,0,2.0,1.1449,6,1,centre,0.5,0.0036,6,1,centre,1.0,1.0,1.0,0.4321,1,4,-0.0,-0.554,1,20,0.0,0.0,19,8,0.0,0.0,1,26,0.0,0.0,1,26,0.0,0.0,1,26,0.0,0.0,1,26,1.0,1.0,1,26,0.0,0.0,1,26,0.0,0.0,1,26,1.0,1.0,1,8,-0.0,-0.0,1,24,2.4154,0.9142,21,0,2.0,0.8781,6,1,centre,0.5,-0.0839,6,1,centre,1.0,1.0
092PPVY0J0J8,3417,170.9,1,x-bow,x_bow,building,15.5,19.5,mega_minion,9.76,mega_minion,6,0.0,0.0,26,0.0,1.0,11,16,-0.0,-0.0,1,25,0.5,0.0,1,17,0.0,0.0,1,26,0.0,0.0,1,26,0.0,0.0,1,26,0.0,0.0,1,26,0.0,0.0,1,26,0.9616,1.0,9,0,0.0,0.0,1,26,0.0,1.0,11,16,-0.0,-0.0,1,25,9.7634,4.0754,10,0,1.4616,2.0,10,0,g9_18,0.9616,1.0,9,0,corner,0.0,0.0,0.0,1.0,11,16,0.0,0.0,1,26,0.5,0.0,1,17,0.0,0.0,1,26,0.0,0.0,1,26,0.0,0.0,1,26,0.0,0.0,1,26,0.0,0.0,1,26,0.9616,1.0,9,0,0.0,0.0,1,26,0.0,1.0,11,16,0.0,0.0,1,26,9.7634,4.0754,10,0,1.4616,2.0,9,0,corner,0.9616,1.0,9,0,corner,0.0,0.0
092PPVY0Q0CR,651,32.6,1,tesla,tesla,building,8.0,19.0,baby_dragon,7.78,baby_dragon,2,0.0,0.0,26,1.0,1.0,1,4,0.0,0.0,1,26,0.7692,0.5,9,0,0.0,0.0,1,26,0.0,0.0,1,26,0.0,0.0,1,26,0.0,0.0,1,26,0.0,0.0,1,26,0.0,0.0,1,26,0.0,0.0,1,26,0.0,1.0,6,21,0.0,0.0,1,26,5.3114,5.0298,23,0,1.7692,1.5,1,0,corner,0.8846,0.75,1,0,corner,0.0,0.0,1.0,1.0,1,5,0.0,0.0,1,26,0.7692,0.5,9,0,0.0,0.0,1,26,0.0,0.0,1,26,0.0,0.0,1,26,0.0,0.0,1,26,0.0,0.0,1,26,0.0,0.0,1,26,0.0,0.0,1,26,0.0,1.0,6,21,0.0,0.0,1,26,5.3114,5.0298,23,0,1.7692,1.5,1,0,corner,0.8846,0.75,1,0,corner,0.0,0.0
092PPVY0Q0CR,1042,52.1,1,x-bow,x_bow,building,15.5,19.5,inferno_dragon,9.56,inferno_dragon,2,0.0,0.0,26,0.0,0.0,5,22,0.0,0.0,1,26,0.5,0.5,11,16,0.0,0.0,1,26,0.0,0.0,1,26,0.0,0.0,1,26,0.0,0.0,1,26,0.0,0.0,1,26,0.9616,1.0,9,0,0.0,0.0,1,26,0.0,0.0,5,22,0.0,0.0,1,26,9.4591,4.1724,6,0,1.4616,1.5,9,0,g3_18,0.9616,1.0,9,0,corner,0.0,0.0,0.0,0.0,5,22,0.0,0.0,1,26,0.5,0.5,11,16,0.0,0.0,1,26,0.0,0.0,1,26,0.0,0.0,1,26,0.0,0.0,1,26,0.0,0.0,1,26,0.9616,1.0,9,0,0.0,0.0,1,26,0.0,0.0,6,21,0.0,0.0,1,26,9.4591,4.1724,6,0,1.4616,1.5,11,0,g3_18,0.9616,1.0,9,0,corner,0.0,0.0
092PPVY0Q0CR,1611,80.6,1,tesla,tesla,building,9.0,21.0,bowler,4.37,bowler,2,0.0,0.0,26,0.0,0.0049,6,21,0.0,0.0,1,26,0.5,0.0,1,17,0.0,0.0,1,26,0.0,0.0,1,26,0.0,0.0,1,26,0.0,0.0,1,26,1.0,1.0,1,26,0.0,0.0,1,26,0.0,0.0,1,26,0.8117,0.0049,2,1,0.0,0.0,1,26,2.2328,3.0099,18,1,1.5,1.0049,4,15,lane_R,0.0,0.0025,6,21,lane_R,1.0,1.0,0.0,0.0,4,23,0.0,0.0,1,26,0.5,0.0,1,17,0.0,0.0,1,26,0.0,0.0,1,26,0.0,0.0,1,26,0.0,0.0,1,26,1.0,1.0,1,26,0.0,0.0,1,26,0.0,0.0,1,26,0.6409,0.0,3,1,0.0,0.0,1,26,2.2328,3.0099,18,1,1.5,1.0,3,15,lane_R,0.0,0.0,4,23,lane_R,1.0,1.0
092PPVY0Q0CR,2508,125.4,1,tesla,tesla,building,9.0,21.0,knight,6.84,knight,3,0.0,0.0,26,1.0,0.0,1,6,-0.0,-0.0,1,17,0.0,0.0,1,26,0.0,0.0,1,26,0.0,0.0,1,26,0.0,0.0,1,26,0.0,0.0,1,26,0.4796,0.4796,1,26,0.0,0.0,1,26,0.0,0.0,1,26,0.0,0.0,7,20,-0.0,-0.0,1,26,2.6171,10.4985,14,1,1.4796,0.4796,1,6,tesla_modal,0.5,0.0,1,6,tesla_modal,0.4796,0.4796,1.0,0.0,1,6,-0.0,-0.0,1,17,0.0,0.0,1,26,0.0,0.0,1,26,0.0,0.0,1,26,0.0,0.0,1,26,0.0,0.0,1,26,0.4796,0.4796,1,26,0.0,0.0,1,26,0.0,0.0,1,26,0.0,0.0,7,20,-0.0,-0.0,1,26,2.6171,10.4985,14,1,1.4796,0.4796,1,6,tesla_modal,0.5,0.0,1,6,tesla_modal,0.4796,0.4796
092PPVY29Q2V,308,15.4,1,x-bow,x_bow,building,15.5,19.5,electro_giant,21.61,electro_giant,2,0.0,0.0,26,0.0,0.6,8,19,-0.0,-0.3636,1,19,0.5,0.5,11,16,0.0,0.0,1,26,0.0,0.0,1,26,0.0,0.0,1,26,0.0,0.0,1,26,0.0,0.0,1,26,0.9616,1.0,9,0,0.0,0.0,1,26,0.0,0.0,1,26,-0.0,-0.0,1,26,11.4,1.4,3,0,1.4616,1.7364,9,0,g9_18,0.9616,0.7,7,0,tesla_modal,0.0,0.0,0.0,0.0218,6,21,0.0,0.0,1,26,0.5,0.5,11,16,0.0,0.0,1,26,0.0,0.0,1,26,0.0,0.0,1,26,0.0,0.0,1,26,0.0,0.0,1,26,0.9616,1.0,9,0,0.0,0.0,1,26,0.0,0.0,1,26,0.0,0.0,1,26,11.4,1.4,3,0,1.4616,1.5218,11,0,g9_18,0.9616,1.0,11,0,corner,0.0,0.0
092PPVY29Q2V,584,29.2,1,tesla,tesla,building,10.0,21.0,inferno_dragon,6.0,inferno_dragon,2,0.0,0.0,26,0.0,0.0,1,26,0.0,0.0,1,26,1.0,0.5,1,8,0.0,0.0,1,26,0.0,0.0,1,26,0.0,0.0,1,26,0.0,0.0,1,26,1.0,1.0,1,26,0.0,0.0,1,26,0.0,0.0,1,26,0.0,0.0,3,24,0.0,0.0,1,26,4.73,13.5395,18,0,2.0,1.5,1,8,centre,0.0,0.0,1,26,corner,1.0,1.0,0.0,0.0,1,26,0.0,0.0,1,26,1.0,0.5,1,8,0.0,0.0,1,26,0.0,0.0,1,26,0.0,0.0,1,26,0.0,0.0,1,26,1.0,1.0,1,26,0.0,0.0,1,26,0.0,0.0,1,26,0.0,0.0,3,24,0.0,0.0,1,26,4.73,13.5395,18,0,2.0,1.5,1,8,centre,0.0,0.0,1,26,corner,1.0,1.0
092PPVY29Q2V,1575,78.8,1,tesla,tesla,building,9.0,19.0,inferno_dragon,7.41,inferno_dragon,2,0.0,0.0,26,0.9926,0.0,3,0,0.0,0.0,1,26,0.9902,0.5,9,0,0.0,0.0,1,26,0.0,0.0,1,26,0.0,0.0,1,26,0.0,0.0,1,26,0.0,0.0,1,26,0.0,0.0,1,26,0.0,0.0,1,26,0.0472,0.6459,6,0,0.0,0.0,1,26,4.4853,2.031,17,0,1.9828,0.5,3,0,tesla_modal,0.9878,0.0,3,0,tesla_modal,0.0,0.0,1.0,0.053,1,4,0.0,0.0,1,26,0.9902,0.5,9,0,0.0,0.0,1,26,0.0,0.0,1,26,0.0,0.0,1,26,0.0,0.0,1,26,0.0,0.0,1,26,0.0,0.0,1,26,0.0,0.0,1,26,0.0628,0.6615,6,0,0.0,0.0,1,26,4.4853,2.031,17,0,1.9902,0.553,4,0,centre,0.9951,0.0397,4,0,centre,0.0,0.0
092PPVY29Q2V,1902,95.1,1,x-bow,x_bow,building,9.5,22.5,inferno_dragon,4.99,inferno_dragon,2,0.0,0.0,26,0.0,0.2289,3,24,0.0,0.0,1,26,1.0,0.5,1,8,0.0,0.0,1,26,0.0,0.0,1,26,0.0,0.0,1,26,0.0,0.0,1,26,0.0,0.0,1,26,0.0,1.0,8,19,0.0,0.0,1,26,0.0,0.2289,3,24,0.0,0.0,1,26,4.8058,2.9579,15,0,1.0,1.7289,8,8,tesla_true,0.0,1.0,8,19,corner,0.0,0.0,0.0,0.5164,5,22,0.0,0.0,1,26,1.0,0.5,1,8,0.0,0.0,1,26,0.0,0.0,1,26,0.0,0.0,1,26,0.0,0.0,1,26,0.0,0.0,1,26,0.0,1.0,9,18,0.0,0.0,1,26,0.0,0.5164,5,22,0.0,0.0,1,26,4.8058,2.9579,15,0,1.0,2.0164,9,8,tesla_true,0.0,1.0,9,18,corner,0.0,0.0
092PPVY29Q2V,2501,125.1,1,tesla,tesla,building,9.0,19.0,golden_knight,16.05,golden_knight,1,0.0,0.0,26,1.0,1.0,1,7,-0.0,-0.0,1,17,0.4951,0.0,18,0,0.0,0.0,1,26,0.0,0.0,1,26,0.0,0.0,1,26,0.0,0.0,1,26,0.0,0.0,1,26,0.0,0.0,1,26,0.0,0.0,1,26,0.0,0.0,1,26,-0.0,-0.0,1,26,3.3964,2.316,13,0,1.4951,1.0,4,0,tesla_modal,0.7476,0.5,4,0,tesla_modal,0.0,0.0,0.9249,0.3847,4,0,0.0,0.0,1,26,0.4951,0.0,18,0,0.0,0.0,1,26,0.0,0.0,1,26,0.0,0.0,1,26,0.0,0.0,1,26,0.0,0.0,1,26,0.0,0.0,1,26,0.0,0.0,1,26,0.0,0.0,1,26,0.0,0.0,1,26,3.3964,2.316,13,0,1.42,0.3847,2,0,knight_cell,0.6914,0.1924,2,0,knight_cell,0.0,0.0
092PPVY29Q2V,2837,141.9,1,x-bow,x_bow,building,15.5,19.5,golden_knight,11.37,golden_knight,3,0.0,0.0,26,0.0,1.0,11,16,-0.0,-0.0,1,25,0.5,0.0,1,17,0.0,0.0,1,26,0.0,0.0,1,26,0.0,0.0,1,26,0.0,0.0,1,26,0.0,0.0,1,26,0.9616,1.0,9,0,0.0,0.0,1,26,0.0,1.0,8,19,-0.0,-0.0,1,26,10.6016,2.5488,10,0,1.4616,2.0,9,0,g9_18,0.9616,1.0,8,0,corner,0.0,0.0,0.0,0.5011,10,17,0.0,0.0,1,26,0.5,0.0,1,17,0.0,0.0,1,26,0.0,0.0,1,26,0.0,0.0,1,26,0.0,0.0,1,26,0.0,0.0,1,26,0.9616,1.0,9,0,0.0,0.0,1,26,0.0,1.0,8,19,0.0,0.0,1,26,10.6016,2.5488,10,0,1.4616,1.5011,8,0,g9_18,0.9616,1.0,9,0,corner,0.0,0.0
092PPVY29Q2V,3258,162.9,1,tesla,tesla,building,9.0,19.0,inferno_dragon,6.08,inferno_dragon,4,0.0,0.0,26,0.0,0.0,1,26,0.0,0.0,1,26,0.4951,0.0,18,0,0.0,0.0,1,26,0.0,0.0,1,26,0.0,0.0,1,26,0.0,0.0,1,26,1.0,1.0,1,26,0.0,0.0,1,26,0.0,0.0,1,26,0.0,0.0,1,26,0.0,0.0,1,26,6.0791,13.5395,12,0,1.4951,1.0,18,0,centre,0.0,0.0,1,26,corner,1.0,1.0,0.0,0.0,2,25,0.0,0.0,1,26,0.4951,0.0,18,0,0.0,0.0,1,26,0.0,0.0,1,26,0.0,0.0,1,26,0.0,0.0,1,26,1.0,1.0,1,26,0.0,0.0,1,26,0.0,0.0,1,26,0.0,0.0,2,25,0.0,0.0,1,26,6.0791,13.5395,12,0,1.4951,1.0,18,0,g15_18,0.0,0.0,2,25,g15_18,1.0,1.0
092PPVY2CGG8,751,37.6,1,x-bow,x_bow,building,15.5,19.5,,0.0,,1,0.0,0.0,26,0.0,0.0,1,26,0.0,0.0,1,26,0.0,0.5,19,8,0.0,0.0,1,26,0.0,0.0,1,26,0.0,0.0,1,26,0.0,0.0,1,26,0.0,0.0,1,26,0.9616,1.0,9,0,0.0,0.0,1,26,0.0,0.0,1,26,0.0,0.0,1,26,0.0,0.0,1,26,0.9616,1.5,9,0,corner,0.9616,1.0,9,0,corner,0.0,0.0,0.0,0.0,1,26,0.0,0.0,1,26,0.0,0.5,19,8,0.0,0.0,1,26,0.0,0.0,1,26,0.0,0.0,1,26,0.0,0.0,1,26,0.0,0.0,1,26,0.9616,1.0,9,0,0.0,0.0,1,26,0.0,0.0,1,26,0.0,0.0,1,26,0.0,0.0,1,26,0.9616,1.5,9,0,corner,0.9616,1.0,9,0,corner,0.0,0.0
092PPVY2CGG8,827,41.4,1,tesla,tesla,building,13.0,18.0,,0.0,,1,0.0,0.0,26,0.0,0.0,1,26,0.0,0.0,1,26,0.0,0.5,18,9,0.0,0.0,1,26,0.0,0.0,1,26,0.0,0.0,1,26,0.0,0.0,1,26,0.0,0.0,1,26,0.0,0.0,1,26,0.0,0.0,1,26,0.0,0.0,1,26,0.0,0.0,1,26,0.0,0.0,1,26,0.0,0.5,18,9,corner,0.0,0.0,1,26,corner,0.0,0.0,0.0,0.0,1,26,0.0,0.0,1,26,0.0,0.5,18,9,0.0,0.0,1,26,0.0,0.0,1,26,0.0,0.0,1,26,0.0,0.0,1,26,0.0,0.0,1,26,0.0,0.0,1,26,0.0,0.0,1,26,0.0,0.0,1,26,0.0,0.0,1,26,0.0,0.0,1,26,0.0,0.5,18,9,corner,0.0,0.0,1,26,corner,0.0,0.0
092PPVY2RCUL,864,43.2,1,tesla,tesla,building,9.0,21.0,electro_giant,6.66,electro_giant,2,0.0,0.0,26,1.0,0.4079,1,2,-0.0,-0.5383,1,19,1.0,0.5,1,8,0.0,0.0,1,26,0.0,0.0,1,26,0.0,0.0,1,26,0.0,0.0,1,26,1.0,1.0,1,26,0.0,0.0,1,26,0.0,0.0,1,26,1.0,0.7572,1,4,-0.0,-0.2208,1,22,5.2953,1.0158,15,1,3.0,1.3696,1,1,tesla_modal,1.0,0.0059,1,1,tesla_modal,1.0,1.0,1.0,0.0,1,2,0.0,0.0,1,26,1.0,0.5,1,8,0.0,0.0,1,26,0.0,0.0,1,26,0.0,0.0,1,26,0.0,0.0,1,26,1.0,1.0,1,26,0.0,0.0,1,26,0.0,0.0,1,26,1.0,0.1789,1,4,0.0,0.0,1,26,5.2953,1.0158,15,1,3.0,1.5,1,1,tesla_modal,1.0,0.0,1,1,tesla_modal,1.0,1.0
092PPVY2RCUL,1443,72.2,1,x-bow,x_bow,building,2.5,19.5,,0.0,,1,0.0,0.0,26,0.0,0.0,1,26,0.0,0.0,1,26,0.5,0.5,11,16,0.0,0.0,1,26,0.0,0.0,1,26,0.0,0.0,1,26,0.0,0.0,1,26,0.0,0.0,1,26,0.9616,1.0,9,0,0.0,0.0,1,26,0.0,0.0,1,26,0.0,0.0,1,26,0.0,0.0,1,26,1.4616,1.5,9,0,g9_18,0.9616,1.0,9,0,corner,0.0,0.0,0.0,0.0,1,26,0.0,0.0,1,26,0.5,0.5,11,16,0.0,0.0,1,26,0.0,0.0,1,26,0.0,0.0,1,26,0.0,0.0,1,26,0.0,0.0,1,26,0.9616,1.0,9,0,0.0,0.0,1,26,0.0,0.0,1,26,0.0,0.0,1,26,0.0,0.0,1,26,1.4616,1.5,9,0,g9_18,0.9616,1.0,9,0,corner,0.0,0.0
092PPVY2RCUL,2331,116.6,1,tesla,tesla,building,8.0,21.0,baby_dragon,12.15,baby_dragon,1,0.0,0.0,26,1.0,0.0,1,1,0.0,0.0,1,26,1.0,0.5,1,8,0.0,0.0,1,26,0.0,0.0,1,26,0.0,0.0,1,26,0.0,0.0,1,26,0.0,0.0,1,26,0.0,0.0,1,26,0.0,0.0,1,26,0.0,0.0,3,24,0.0,0.0,1,26,4.6177,0.4395,19,0,2.0,0.5,1,1,g9_22,1.0,0.0,1,1,g9_22,0.0,0.0,1.0,0.0,1,1,0.0,0.0,1,26,1.0,0.5,1,8,0.0,0.0,1,26,0.0,0.0,1,26,0.0,0.0,1,26,0.0,0.0,1,26,0.0,0.0,1,26,0.0,0.0,1,26,0.0,0.0,1,26,0.0,0.0,3,24,0.0,0.0,1,26,4.6177,0.4395,19,0,2.0,0.5,1,1,g9_22,1.0,0.0,1,1,g9_22,0.0,0.0
092PPVY2RCUL,2751,137.6,1,tesla,tesla,building,9.0,21.0,electro_giant,9.9,electro_giant,1,0.0,0.0,26,1.0,0.0,1,3,-0.0,-0.0,1,20,1.0,0.5,1,8,0.0,0.0,1,26,0.0,0.0,1,26,0.0,0.0,1,26,0.0,0.0,1,26,0.0,0.0,1,26,0.0,0.0,1,26,0.0,0.0,1,26,0.0,0.0,7,20,-0.0,-0.0,1,26,5.0,12.5,14,3,2.0,0.5,1,2,tesla_modal,1.0,0.0,1,2,tesla_modal,0.0,0.0,1.0,0.0,1,3,0.0,0.0,1,26,1.0,0.5,1,8,0.0,0.0,1,26,0.0,0.0,1,26,0.0,0.0,1,26,0.0,0.0,1,26,0.0,0.0,1,26,0.0,0.0,1,26,0.0,0.0,1,26,0.0,0.0,7,20,0.0,0.0,1,26,5.0,12.5,14,3,2.0,0.5,1,2,tesla_modal,1.0,0.0,1,2,tesla_modal,0.0,0.0
092PPVY2RCUL,3138,156.9,1,tesla,tesla,building,9.0,19.0,bowler,9.58,bowler,2,0.0,0.0,26,1.0,0.0,1,3,0.0,0.0,1,26,0.9902,0.5,9,0,0.0,0.0,1,26,0.0,0.0,1,26,0.0,0.0,1,26,0.0,0.0,1,26,0.0,0.0,1,26,0.0,0.0,1,26,0.0,0.0,1,26,0.0,0.0,4,23,0.0,0.0,1,26,5.0,12.5,14,3,1.9902,0.5,3,0,tesla_modal,0.9951,0.0,3,0,tesla_modal,0.0,0.0,0.8292,0.0,1,3,0.0,0.0,1,26,0.9902,0.5,9,0,0.0,0.0,1,26,0.0,0.0,1,26,0.0,0.0,1,26,0.0,0.0,1,26,0.0,0.0,1,26,0.0,0.0,1,26,0.0,0.0,1,26,0.0,0.0,4,23,0.0,0.0,1,26,5.0,12.5,14,3,1.8194,0.5,3,0,tesla_modal,0.8251,0.0,3,0,tesla_modal,0.0,0.0
092PPVY8298U,491,24.6,1,x-bow,x_bow,building,15.5,19.5,bowler,18.87,bowler,1,0.0,0.0,26,0.0,0.0,4,23,0.0,0.0,1,26,0.5,0.5,11,16,0.0,0.0,1,26,0.0,0.0,1,26,0.0,0.0,1,26,0.0,0.0,1,26,0.0,0.0,1,26,0.9616,1.0,9,0,0.0,0.0,1,26,0.0,0.0,1,26,0.0,0.0,1,26,11.4,1.4,3,0,1.4616,1.5,11,0,g9_18,0.9616,1.0,9,0,corner,0.0,0.0,0.0,0.0,4,23,0.0,0.0,1,26,0.5,0.5,11,16,0.0,0.0,1,26,0.0,0.0,1,26,0.0,0.0,1,26,0.0,0.0,1,26,0.0,0.0,1,26,0.9616,1.0,9,0,0.0,0.0,1,26,0.0,0.0,1,26,0.0,0.0,1,26,11.4,1.4,3,0,1.4616,1.5,11,0,g9_18,0.9616,1.0,9,0,corner,0.0,0.0
092PPVY8298U,953,47.7,1,tesla,tesla,building,6.0,24.0,inferno_dragon,9.26,inferno_dragon,4,0.0,0.0,26,0.0,0.0,1,26,0.0,0.0,1,26,0.9562,0.5,9,0,0.0,0.0,1,26,0.0,0.0,1,26,0.0,0.0,1,26,0.0,0.0,1,26,1.0,1.0,1,26,0.0,0.0,1,26,0.0,0.0,1,26,0.0,0.0,1,26,0.0,0.0,1,26,8.124,13.319,9,0,1.9562,1.5,9,0,centre,0.0,0.0,1,26,corner,1.0,1.0,0.0,0.0,3,24,0.0,0.0,1,26,0.9562,0.5,9,0,0.0,0.0,1,26,0.0,0.0,1,26,0.0,0.0,1,26,0.0,0.0,1,26,1.0,1.0,1,26,0.0,0.0,1,26,0.0,0.0,1,26,0.0,0.0,3,24,0.0,0.0,1,26,8.124,13.319,9,0,1.9562,1.5,9,0,centre,0.0,0.0,3,24,g15_18,1.0,1.0
092PPVY8298U,1918,95.9,1,tesla,tesla,building,13.0,18.0,zappies,8.34,zappies,3,0.0,0.0,26,0.0,0.0,5,22,0.0,0.0,1,26,0.0,0.0,1,26,0.0,0.0,1,26,0.0,0.0,1,26,0.0,0.0,1,26,0.0,0.0,1,26,0.0,0.0,1,26,0.0,0.0,1,26,0.0,0.0,1,26,0.0,0.0,2,25,0.0,0.0,1,26,7.4699,2.316,5,0,0.0,0.0,5,22,knight_cell,0.0,0.0,5,22,knight_cell,0.0,0.0,0.1185,0.3847,11,0,0.0,0.0,1,26,0.0,0.0,1,26,0.0,0.0,1,26,0.0,0.0,1,26,0.0,0.0,1,26,0.0,0.0,1,26,0.0,0.0,1,26,0.0,0.0,1,26,0.0,0.0,1,26,0.0,0.0,3,24,0.0,0.0,1,26,7.4699,2.316,5,0,0.1185,0.3847,11,0,knight_cell,0.0592,0.1924,11,0,knight_cell,0.0,0.0
092PPVY8298U,2091,104.6,1,x-bow,x_bow,building,15.5,19.5,zappies,11.12,zappies,2,0.0,0.0,26,0.0,0.6152,7,20,0.0,0.0,1,26,0.0,0.0,1,26,0.0,0.0,1,26,0.0,0.0,1,26,0.0,0.0,1,26,0.0,0.0,1,26,0.0,0.0,1,26,0.9616,1.0,9,0,0.0,0.0,1,26,0.0,0.0,3,24,0.0,0.0,1,26,11.1241,4.7305,13,0,0.9616,1.6152,9,0,g9_18,0.9616,1.0,9,0,corner,0.0,0.0,0.0,1.0,9,18,0.0,0.0,1,26,0.0,0.0,1,26,0.0,0.0,1,26,0.0,0.0,1,26,0.0,0.0,1,26,0.0,0.0,1,26,0.0,0.0,1,26,0.9616,1.0,9,0,0.0,0.0,1,26,0.0,0.3252,5,22,0.0,0.0,1,26,11.1241,4.7305,13,0,0.9616,2.0,10,0,corner,0.9616,1.0,9,0,corner,0.0,0.0
092PPVY8298U,2811,140.6,1,x-bow,x_bow,building,15.5,19.5,inferno_dragon,14.69,inferno_dragon,2,0.0,0.0,26,0.0,0.4824,10,17,0.0,0.0,1,26,0.0,0.0,1,26,0.0,0.0,1,26,0.0,0.0,1,26,0.0,0.0,1,26,0.0,0.0,1,26,0.0,0.0,1,26,0.9616,1.0,9,0,0.0,0.0,1,26,0.0,0.0,3,24,0.0,0.0,1,26,8.4155,3.4648,2,0,0.9616,1.4824,9,0,corner,0.9616,1.0,9,0,corner,0.0,0.0,0.0,0.7699,10,17,0.0,0.0,1,26,0.0,0.0,1,26,0.0,0.0,1,26,0.0,0.0,1,26,0.0,0.0,1,26,0.0,0.0,1,26,0.0,0.0,1,26,0.9616,1.0,9,0,0.0,0.0,1,26,0.0,0.0,3,24,0.0,0.0,1,26,8.4155,3.4648,2,0,0.9616,1.7699,10,0,corner,0.9616,1.0,9,0,corner,0.0,0.0
092PPVY8298U,2861,143.1,1,tesla,tesla,building,13.0,18.0,inferno_dragon,9.85,inferno_dragon,5,0.0,0.0,26,0.465,0.5324,5,0,0.0,0.0,1,26,0.0,0.0,1,26,0.0,0.0,1,26,0.0,0.0,1,26,0.0,0.0,1,26,0.0,0.0,1,26,0.0,0.0,1,26,0.0,0.0,1,26,0.0,0.0,1,26,0.0,0.9167,7,20,0.0,0.0,1,26,6.57,3.5648,5,0,0.465,0.5324,5,0,g3_26,0.2325,0.2662,5,0,g3_26,0.0,0.0,0.4806,0.8199,8,0,0.0,0.0,1,26,0.0,0.0,1,26,0.0,0.0,1,26,0.0,0.0,1,26,0.0,0.0,1,26,0.0,0.0,1,26,0.0,0.0,1,26,0.0,0.0,1,26,0.0,0.0,1,26,0.0,0.9324,7,20,0.0,0.0,1,26,6.57,3.5648,5,0,0.4806,0.8199,8,0,g3_26,0.2403,0.41,8,0,g3_26,0.0,0.0
092PPVY8298U,3344,167.2,1,tesla,tesla,building,8.0,21.0,zappies,1.5,zappies,5,0.0,0.0,26,0.0,0.0,2,25,0.0,0.0,1,26,0.0,0.0,1,26,0.0,0.0,1,26,0.0,0.0,1,26,0.0,0.0,1,26,0.0,0.0,1,26,1.0,1.0,1,26,0.0,0.0,1,26,0.0,0.0,1,26,0.0,0.0,2,25,0.0,0.0,1,26,1.6037,6.4789,23,0,1.0,1.0,2,25,g3_22,0.0,0.0,2,25,g3_22,1.0,1.0,0.0286,0.0,5,0,0.0,0.0,1,26,0.0,0.0,1,26,0.0,0.0,1,26,0.0,0.0,1,26,0.0,0.0,1,26,0.0,0.0,1,26,1.0,1.0,1,26,0.0,0.0,1,26,0.0,0.0,1,26,0.0286,0.0,7,0,0.0,0.0,1,26,1.6037,6.4789,23,0,1.0286,1.0,5,0,g3_22,0.0143,0.0,5,0,g3_22,1.0,1.0
092PPVY8298U,3453,172.7,1,x-bow,x_bow,building,15.5,19.5,inferno_dragon,9.77,inferno_dragon,4,0.0,0.0,26,0.0,0.0,6,21,0.0,0.0,1,26,0.0,0.0,1,26,0.0,0.0,1,26,0.0,0.0,1,26,0.0,0.0,1,26,0.0,0.0,1,26,0.0,0.0,1,26,0.9616,1.0,9,0,0.0,0.0,1,26,0.0,0.0,8,19,0.0,0.0,1,26,9.6226,6.1344,3,0,0.9616,1.0,9,0,corner,0.9616,1.0,9,0,corner,0.0,0.0,0.0,0.0,7,20,0.0,0.0,1,26,0.0,0.0,1,26,0.0,0.0,1,26,0.0,0.0,1,26,0.0,0.0,1,26,0.0,0.0,1,26,0.2278,0.2278,1,26,0.9616,1.0,9,0,0.0,0.0,1,26,0.0,0.0,8,19,0.0,0.0,1,26,9.6226,6.1344,3,0,1.1894,1.2278,9,0,corner,0.9616,1.0,9,0,corner,0.2278,0.2278
092PPVY899LL,791,39.6,1,tesla,tesla,building,8.0,22.0,miner,6.94,miner,5,0.0,0.0,26,0.0,0.0,1,26,-0.0,-0.0,1,24,1.0,0.5,1,8,0.0,0.0,1,26,0.0,0.0,1,26,0.0,0.0,1,26,0.0,0.0,1,26,1.0,1.0,1,26,0.0,0.0,1,26,0.0,0.0,1,26,0.0,0.0,1,26,-0.0,-0.0,1,26,5.2009,4.7206,19,0,2.0,1.5,1,8,centre,0.0,0.0,1,24,corner,1.0,1.0,0.0,0.0,1,26,0.0,0.0,1,26,1.0,0.5,1,8,0.0,0.0,1,26,0.0,0.0,1,26,0.0,0.0,1,26,0.0,0.0,1,26,1.0,1.0,1,26,0.0,0.0,1,26,0.0,0.0,1,26,0.0,0.0,1,26,0.0,0.0,1,26,5.2009,4.7206,19,0,2.0,1.5,1,8,centre,0.0,0.0,1,26,corner,1.0,1.0
092PPVY899LL,1665,83.3,1,tesla,tesla,building,10.0,22.0,ice_golem,5.92,ice_golem,3,0.0,0.0,26,1.0,0.0,1,1,-0.0,-0.0,1,20,0.5,0.0,1,17,0.0,0.0,1,26,0.0,0.0,1,26,0.0,0.0,1,26,0.0,0.0,1,26,1.0,1.0,1,26,0.0,0.0,1,26,0.0,0.0,1,26,1.0,0.0,1,3,-0.0,-0.0,1,23,4.2792,13.0441,19,0,2.5,1.0,1,0,g9_18,0.75,0.0,1,0,g9_18,1.0,1.0,1.0,0.0,1,1,-0.0,-0.0,1,20,0.5,0.0,1,17,0.0,0.0,1,26,0.0,0.0,1,26,0.0,0.0,1,26,0.0,0.0,1,26,1.0,1.0,1,26,0.0,0.0,1,26,0.0,0.0,1,26,1.0,0.0,1,3,-0.0,-0.0,1,23,4.2792,13.0441,19,0,2.5,1.0,1,0,g9_18,0.75,0.0,1,0,g9_18,1.0,1.0
092PPVY899LL,2636,131.8,1,x-bow,x_bow,building,2.5,19.5,ice_golem,10.94,ice_golem,2,0.0,0.0,26,0.0,0.0,10,17,-0.0,-0.0,1,20,0.0,0.0,19,8,0.0,0.0,1,26,0.0,0.0,1,26,0.0,0.0,1,26,0.0,0.0,1,26,0.0,0.0,1,26,0.9616,1.0,9,0,0.0,0.0,1,26,0.0,0.0,5,22,-0.0,-0.0,1,26,11.0433,11.3725,5,0,0.9616,1.0,10,0,g9_18,0.9616,1.0,6,0,corner,0.0,0.0,0.0,0.0,10,17,-0.0,-0.0,1,20,0.0,0.0,19,8,0.0,0.0,1,26,0.0,0.0,1,26,0.0,0.0,1,26,0.0,0.0,1,26,0.0,0.0,1,26,0.9616,1.0,9,0,0.0,0.0,1,26,0.0,0.0,5,22,-0.0,-0.0,1,26,11.0433,11.3725,5,0,0.9616,1.0,10,0,g9_18,0.9616,1.0,6,0,corner,0.0,0.0
092PPVY899LL,2756,137.8,1,tesla,tesla,building,10.0,22.0,ice_golem,5.92,ice_golem,4,0.0,0.0,26,1.0,0.0,1,5,-0.0,-0.0,1,21,0.5,0.0,1,17,0.0,0.0,1,26,0.0,0.0,1,26,0.0,0.0,1,26,0.0,0.0,1,26,1.0,1.0,1,26,0.0,0.0,1,26,0.0,0.0,1,26,1.0,0.0,1,7,-0.0,-0.0,1,25,3.7336,11.9567,20,0,2.5,1.0,1,4,tesla_modal,0.75,0.0,1,4,tesla_modal,1.0,1.0,1.0,0.0,1,5,-0.0,-0.0,1,21,0.5,0.0,1,17,0.0,0.0,1,26,0.0,0.0,1,26,0.0,0.0,1,26,0.0,0.0,1,26,1.0,1.0,1,26,0.0,0.0,1,26,0.0,0.0,1,26,1.0,0.0,1,6,-0.0,-0.0,1,25,3.7336,11.9567,20,0,2.5,1.0,1,4,tesla_modal,0.75,0.0,1,4,tesla_modal,1.0,1.0
092PPVY8PV90,774,38.7,1,tesla,tesla,building,9.0,21.0,knight,5.99,knight,3,0.0,0.0,26,1.0,1.0,1,7,-0.0,-0.0,1,24,1.0,0.5,1,8,0.0,0.0,1,26,0.0,0.0,1,26,0.0,0.0,1,26,0.0,0.0,1,26,1.0,1.0,1,26,0.0,0.0,1,26,0.0,0.0,1,26,0.7528,1.0,8,1,-0.0,-0.0,1,25,4.3734,2.7422,19,1,3.0,2.5,1,2,tesla_modal,1.0,0.75,1,2,tesla_modal,1.0,1.0,1.0,1.0,1,7,-0.0,-0.0,1,24,1.0,0.5,1,8,0.0,0.0,1,26,0.0,0.0,1,26,0.0,0.0,1,26,0.0,0.0,1,26,1.0,1.0,1,26,0.0,0.0,1,26,0.0,0.0,1,26,0.6903,1.0,8,1,-0.0,-0.0,1,25,4.3734,2.7422,19,1,3.0,2.5,1,2,tesla_modal,1.0,0.75,1,2,tesla_modal,1.0,1.0
092PPVY8PV90,1466,73.3,1,tesla,tesla,building,6.0,23.0,baby_dragon,5.11,baby_dragon,3,0.0,0.0,26,0.0,0.0,1,26,0.0,0.0,1,26,0.88,0.5,9,0,0.0,0.0,1,26,0.0,0.0,1,26,0.0,0.0,1,26,0.0,0.0,1,26,1.0,1.0,1,26,0.0,0.0,1,26,0.0,0.0,1,26,1.0,0.0,1,0,0.0,0.0,1,26,2.2538,0.7391,20,0,1.88,1.5,9,0,centre,0.0,0.0,1,26,corner,1.0,1.0,0.1644,0.0,1,0,0.0,0.0,1,26,0.88,0.5,9,0,0.0,0.0,1,26,0.0,0.0,1,26,0.0,0.0,1,26,0.0,0.0,1,26,1.0,1.0,1,26,0.0,0.0,1,26,0.0,0.0,1,26,1.0,0.0,1,0,0.0,0.0,1,26,2.2538,0.7391,20,0,2.0444,1.5,1,0,centre,0.1545,0.0,1,0,corner,1.0,1.0
092PPVY8PV90,1921,96.1,1,x-bow,x_bow,building,15.5,19.5,,0.0,,3,0.0,0.0,26,0.0,0.0,1,26,0.0,0.0,1,26,0.5,0.5,11,16,0.0,0.0,1,26,0.0,0.0,1,26,0.0,0.0,1,26,0.0,0.0,1,26,0.0,0.0,1,26,0.9616,1.0,9,0,0.0,0.0,1,26,0.0,0.0,1,26,0.0,0.0,1,26,0.0,0.0,1,26,1.4616,1.5,9,0,g9_18,0.9616,1.0,9,0,corner,0.0,0.0,0.0,0.0,1,26,0.0,0.0,1,26,0.5,0.5,11,16,0.0,0.0,1,26,0.0,0.0,1,26,0.0,0.0,1,26,0.0,0.0,1,26,0.0,0.0,1,26,0.9616,1.0,9,0,0.0,0.0,1,26,0.0,0.0,1,26,0.0,0.0,1,26,0.0,0.0,1,26,1.4616,1.5,9,0,g9_18,0.9616,1.0,9,0,corner,0.0,0.0
092PPVY8PV90,2473,123.7,1,tesla,tesla,building,9.0,21.0,knight,6.4,knight,1,0.0,0.0,26,1.0,0.0,1,3,-0.0,-0.0,1,20,1.0,0.5,1,8,0.0,0.0,1,26,0.0,0.0,1,26,0.0,0.0,1,26,0.0,0.0,1,26,0.6479,0.6479,1,26,0.0,0.0,1,26,0.0,0.0,1,26,0.0,0.0,7,20,-0.0,-0.0,1,26,5.0,11.8075,14,2,2.6479,1.1479,1,2,tesla_modal,1.0,0.0,1,2,tesla_modal,0.6479,0.6479,1.0,0.0,1,3,-0.0,-0.0,1,20,1.0,0.5,1,8,0.0,0.0,1,26,0.0,0.0,1,26,0.0,0.0,1,26,0.0,0.0,1,26,0.6479,0.6479,1,26,0.0,0.0,1,26,0.0,0.0,1,26,0.0,0.0,7,20,-0.0,-0.0,1,26,5.0,11.8075,14,2,2.6479,1.1479,1,2,tesla_modal,1.0,0.0,1,2,tesla_modal,0.6479,0.6479
092PPVY8PV90,2861,143.1,1,tesla,tesla,building,11.0,22.0,ice_wizard,10.48,ice_wizard,6,0.0,0.0,26,0.0,0.0,4,23,0.0,0.0,1,26,1.0,0.5,1,8,0.0,0.0,1,26,0.0,0.0,1,26,0.0,0.0,1,26,0.0,0.0,1,26,0.0,0.0,1,26,0.0,0.0,1,26,0.0,0.0,1,26,0.0,0.0,4,23,0.0,0.0,1,26,3.0,12.5,20,0,1.0,0.5,3,6,tesla_modal,0.0,0.0,4,23,tesla_modal,0.0,0.0,0.0,0.0,4,23,0.0,0.0,1,26,1.0,0.5,1,8,0.0,0.0,1,26,0.0,0.0,1,26,0.0,0.0,1,26,0.0,0.0,1,26,0.0,0.0,1,26,0.0,0.0,1,26,0.0,0.0,1,26,0.0,0.0,4,23,0.0,0.0,1,26,3.0,12.5,20,0,1.0,0.5,4,6,tesla_modal,0.0,0.0,4,23,tesla_modal,0.0,0.0
